layer,feature,id,ctx_idx,token,activation,frac_external_raw,node_influence,cumulative_influence
-1,0,2,0,<bos>,,1.0,0.038380201905965805,0.08156979084014893
-1,1,18143,1,Fact,,1.0,0.03542611747980118,0.1169959083199501
-1,2,235292,2,:,,1.0,0.017630919814109802,0.21358463168144226
-1,3,714,3, The,,1.0,0.026142790913581848,0.17301921546459198
-1,4,6037,4, capital,,1.0,0.04318958893418312,0.04318958893418312
-1,5,576,5, of,,1.0,0.010171234607696533,0.26836737990379333
-1,6,573,6, the,,1.0,0.007089704275131226,0.28302353620529175
-1,7,2329,7, state,,1.0,0.01756073534488678,0.23114536702632904
-1,8,10751,8, containing,,1.0,0.02293449640274048,0.19595371186733246
-1,9,75989,9, Tucson,,1.0,0.029880516231060028,0.14687642455101013
-1,10,603,10, is,,1.0,0.01664423942565918,0.24778960645198822
0,-1,0,1,Fact,,1.0,0.0018301606178283691,0.3502984046936035
0,-1,0,2,:,,1.0,0.0007238984107971191,0.45561936497688293
0,-1,0,3, The,,1.0,0.0004984140396118164,0.5105897784233093
0,-1,0,4, capital,,1.0,0.0013433396816253662,0.38200345635414124
0,-1,0,5, of,,1.0,0.0003020763397216797,0.6108032464981079
0,-1,0,7, state,,1.0,0.0005309581756591797,0.49883246421813965
0,-1,0,8, containing,,1.0,0.0009307265281677246,0.4280500113964081
0,-1,0,9, Tucson,,1.0,0.0007526278495788574,0.4511990547180176
0,-1,0,10, is,,1.0,0.00028121471405029297,0.6241953372955322
0,1274,49,7, state,4.469497203826904,1.0,0.00024759769439697266,0.6522347331047058
0,1430,52,5, of,2.026129722595215,1.0,0.0001271963119506836,0.7799245119094849
0,2210,65,8, containing,4.890505790710449,1.0,0.0002338886260986328,0.6654431819915771
0,3002,76,8, containing,3.8544089794158936,1.0,0.0002295374870300293,0.6682139039039612
0,4752,96,3, The,4.516541481018066,1.0,0.00019359588623046875,0.7008640766143799
0,8255,127,9, Tucson,4.132175922393799,1.0,0.00031006336212158203,0.6059138774871826
0,13040,160,4, capital,1.2090411186218262,1.0,0.00012558698654174805,0.7815654277801514
0,31374,249,8, containing,3.72662353515625,1.0,0.0001780986785888672,0.7181674242019653
0,36314,268,2,:,2.5549702644348145,1.0,0.0002645254135131836,0.6364554166793823
0,46055,302,4, capital,3.32346248626709,1.0,0.00027954578399658203,0.6250340938568115
0,46970,305,4, capital,2.3759379386901855,1.0,0.00022917985916137695,0.6684430837631226
0,63545,355,1,Fact,1.8563108444213867,1.0,0.00013512372970581055,0.768915057182312
0,63545,355,4, capital,2.010589361190796,1.0,0.0001220703125,0.7886158227920532
0,76244,389,7, state,4.427918910980225,1.0,0.0002071857452392578,0.69106125831604
0,78209,394,4, capital,6.6453094482421875,1.0,0.0006135404109954834,0.478880375623703
0,81809,403,8, containing,5.660445690155029,1.0,0.0002830624580383301,0.6225023865699768
0,90099,423,4, capital,2.311923027038574,1.0,0.00021988153457641602,0.6814828515052795
0,96140,437,1,Fact,2.300577402114868,1.0,0.00022655725479125977,0.6736836433410645
0,114959,478,1,Fact,3.156907796859741,1.0,0.0002523660659790039,0.6457381844520569
0,118340,485,3, The,3.5978288650512695,1.0,0.00026547908782958984,0.6359263062477112
0,145529,538,9, Tucson,2.4308533668518066,1.0,0.00013911724090576172,0.7627406120300293
0,176120,592,8, containing,8.270624160766602,1.0,0.0003509521484375,0.5782831311225891
0,303809,778,9, Tucson,4.669301509857178,1.0,0.00014358758926391602,0.7573604583740234
0,321200,800,9, Tucson,2.4514713287353516,1.0,0.00012087821960449219,0.7911660075187683
0,365939,854,8, containing,4.336056709289551,1.0,0.0002238154411315918,0.676609456539154
0,498500,997,1,Fact,6.236116409301758,1.0,0.000709235668182373,0.45775848627090454
0,526850,1025,8, containing,2.1325135231018066,1.0,0.00011593103408813477,0.799196720123291
0,575127,1071,4, capital,3.151749610900879,1.0,0.0003407597541809082,0.5841677188873291
0,592415,1087,1,Fact,1.708437442779541,1.0,0.00019150972366333008,0.7031744718551636
0,625520,1117,3, The,5.124606609344482,1.0,0.0002459883689880371,0.6532211899757385
0,649229,1138,4, capital,1.8897980451583862,1.0,0.00018531084060668945,0.7110815048217773
0,743589,1218,4, capital,1.721142292022705,1.0,0.00016039609909057617,0.7379158139228821
0,833985,1290,8, containing,9.914241790771484,1.0,0.0005762875080108643,0.4877804219722748
0,1050524,1448,10, is,4.057980537414551,1.0,0.0001906752586364746,0.7043208479881287
0,1118259,1494,9, Tucson,2.325833797454834,1.0,0.0001443624496459961,0.7562088370323181
0,1131759,1503,4, capital,1.06581449508667,1.0,0.00012069940567016602,0.7915281057357788
0,1178879,1534,1,Fact,1.4306721687316895,1.0,0.00014340877532958984,0.7577908635139465
0,1242675,1575,7, state,6.373180389404297,1.0,0.0003848075866699219,0.5602879524230957
0,1376969,1658,9, Tucson,2.926527261734009,1.0,0.00027817487716674805,0.6261491775512695
0,1439055,1695,3, The,3.5861077308654785,1.0,0.00020867586135864258,0.6893994212150574
0,1447550,1700,4, capital,3.9576854705810547,1.0,0.0002962350845336914,0.6152756214141846
0,1449252,1701,9, Tucson,4.148743629455566,1.0,0.00033473968505859375,0.5885488390922546
0,1708475,1847,1,Fact,3.794651508331299,1.0,0.0003027915954589844,0.6105011701583862
0,1708475,1847,4, capital,5.480682373046875,1.0,0.000401914119720459,0.5544004440307617
0,1708475,1847,8, containing,4.096615791320801,1.0,0.0001863241195678711,0.7097809910774231
0,1708475,1847,9, Tucson,5.938074111938477,1.0,0.00036537647247314453,0.5714846849441528
0,1813559,1903,1,Fact,5.34158992767334,1.0,0.0006038248538970947,0.48008936643600464
0,1925702,1961,4, capital,13.853837966918945,1.0,0.0011504888534545898,0.40310683846473694
0,1935527,1966,8, containing,3.841714382171631,1.0,0.00016385316848754883,0.7338656783103943
0,1998999,1998,10, is,7.332915306091309,1.0,0.00032961368560791016,0.5918728113174438
0,2106377,2051,1,Fact,1.365659236907959,1.0,0.00013637542724609375,0.7671518325805664
0,2239785,2115,1,Fact,5.4611101150512695,1.0,0.0003408193588256836,0.5845085382461548
0,2239785,2115,4, capital,10.859954833984375,1.0,0.0006269216537475586,0.475798636674881
0,2239785,2115,7, state,4.313248157501221,1.0,0.00014281272888183594,0.758792519569397
0,2239785,2115,8, containing,2.582052230834961,1.0,0.00012177228927612305,0.7892254590988159
0,2399144,2189,1,Fact,3.522055149078369,1.0,0.0001595616340637207,0.7391954660415649
0,2399144,2189,4, capital,5.466213226318359,1.0,0.00022161006927490234,0.6792792677879333
0,2399144,2189,7, state,4.9510178565979,1.0,0.00011855363845825195,0.7942808866500854
0,2399144,2189,9, Tucson,4.3625383377075195,1.0,0.00012385845184326172,0.7846809029579163
0,2432114,2204,4, capital,5.324213981628418,1.0,0.00047069787979125977,0.5241251587867737
0,2536877,2251,4, capital,2.399319648742676,1.0,0.00026541948318481445,0.6356608271598816
0,2710955,2327,4, capital,3.4263253211975098,1.0,0.000250399112701416,0.6477475762367249
0,2807264,2368,9, Tucson,2.7238667011260986,1.0,0.00012135505676269531,0.7899549603462219
0,2900435,2407,1,Fact,2.128221035003662,1.0,0.0001817941665649414,0.7147535681724548
0,2919735,2415,4, capital,2.4649415016174316,1.0,0.00020068883895874023,0.6955437660217285
0,3017195,2455,1,Fact,1.5897736549377441,1.0,0.0001379251480102539,0.7646803259849548
0,3151304,2509,8, containing,4.2427520751953125,1.0,0.00022274255752563477,0.677725613117218
0,3347577,2586,1,Fact,1.614184021949768,1.0,0.00013500452041625977,0.7694553732872009
0,3347577,2586,9, Tucson,2.3725714683532715,1.0,0.00012189149856567383,0.7891036868095398
0,3425652,2616,1,Fact,2.3043525218963623,1.0,0.000244140625,0.6546904444694519
0,3507275,2647,1,Fact,1.5792505741119385,1.0,0.00019288063049316406,0.7018300294876099
0,3714174,2724,1,Fact,3.2072646617889404,1.0,0.0002492070198059082,0.6504950523376465
0,4039902,2841,10, is,4.984551429748535,1.0,0.0003330111503601074,0.5902172327041626
0,4059824,2848,5, of,35.20903778076172,1.0,0.0019812285900115967,0.34472623467445374
0,4065525,2850,4, capital,6.157759189605713,1.0,0.0005030632019042969,0.5070852041244507
0,4088369,2858,2,:,2.7381038665771484,1.0,0.0003167390823364258,0.5996503233909607
0,4244240,2912,3, The,5.304627418518066,1.0,0.00027555227279663086,0.6278084516525269
0,4302710,2932,8, containing,5.7334794998168945,1.0,0.0003286004066467285,0.5925306081771851
0,4513509,3003,7, state,4.0176849365234375,1.0,0.00019758939743041992,0.6979339122772217
0,4558689,3018,3, The,5.989956378936768,1.0,0.0003083348274230957,0.606841504573822
0,4701710,3065,4, capital,2.024775981903076,1.0,0.00019174814224243164,0.7029829621315002
0,4934510,3140,1,Fact,1.4692068099975586,1.0,0.00011724233627319336,0.7964003682136536
0,4988060,3157,7, state,2.8582239151000977,1.0,0.00015532970428466797,0.7451840043067932
0,5115200,3197,7, state,3.7827138900756836,1.0,0.00015538930892944336,0.7450286746025085
0,5305652,3256,9, Tucson,5.479794502258301,1.0,0.00032258033752441406,0.5964484810829163
0,5397254,3284,4, capital,5.291519641876221,1.0,0.00041419267654418945,0.548293948173523
0,5416985,3290,8, containing,7.553137302398682,1.0,0.0004621744155883789,0.5269215703010559
0,5426864,3293,1,Fact,1.6301031112670898,1.0,0.00021374225616455078,0.686022162437439
0,5546114,3329,3, The,4.373269081115723,1.0,0.00022834539413452148,0.6702738404273987
0,5552777,3331,4, capital,6.316155433654785,1.0,0.0005299150943756104,0.4998927712440491
0,5643119,3358,6, the,4.725994110107422,1.0,0.00014263391494750977,0.7589351534843445
0,5825990,3412,4, capital,3.7463364601135254,1.0,0.00030308961868286133,0.6101983785629272
0,5908202,3436,3, The,6.861283779144287,1.0,0.00038617849349975586,0.5595174431800842
0,5994452,3461,1,Fact,3.231147527694702,1.0,0.00021976232528686523,0.681922435760498
0,6074354,3484,4, capital,5.465743064880371,1.0,0.00042700767517089844,0.5411573052406311
0,6112755,3495,7, state,2.3617191314697266,1.0,0.00012350082397460938,0.7852993011474609
0,6189920,3517,5, of,2.1581811904907227,1.0,0.00014317035675048828,0.7582204937934875
0,6211049,3523,3, The,4.096311092376709,1.0,0.00024366378784179688,0.6549341082572937
0,6317234,3553,4, capital,3.332332134246826,1.0,0.00025403499603271484,0.6442188024520874
0,6478199,3598,8, containing,16.707168579101562,1.0,0.0009461045265197754,0.4252368211746216
0,6499814,3604,1,Fact,1.489027976989746,1.0,0.00013571977615356445,0.7681031227111816
0,6499814,3604,9, Tucson,4.067314624786377,1.0,0.00023561716079711914,0.6635679006576538
0,6615702,3636,1,Fact,2.7071421146392822,1.0,0.00019359588623046875,0.7010576725006104
0,6615702,3636,4, capital,3.3982996940612793,1.0,0.00019991397857666016,0.6963446140289307
0,6917339,3718,5, of,2.5996603965759277,1.0,0.00019299983978271484,0.7014442086219788
0,6958314,3729,4, capital,5.0248260498046875,1.0,0.0004910826683044434,0.5150455832481384
0,7063160,3757,9, Tucson,2.339352607727051,1.0,0.00013405084609985352,0.7703974843025208
0,7153652,3781,1,Fact,1.7907795906066895,1.0,0.00013321638107299805,0.771731972694397
0,7301930,3820,6, the,27.57501792907715,1.0,0.0006716251373291016,0.466092586517334
0,7918209,3978,4, capital,7.311453342437744,1.0,0.0005426108837127686,0.4961578845977783
0,8078189,4018,3, The,3.181893825531006,1.0,0.00018274784088134766,0.7138426303863525
0,8337485,4082,1,Fact,1.6319499015808105,1.0,0.00017940998077392578,0.7170966863632202
0,8366094,4089,4, capital,2.6785945892333984,1.0,0.0002346038818359375,0.6642727851867676
0,8721575,4175,1,Fact,2.6825108528137207,1.0,0.0002573728561401367,0.6416619420051575
0,9054639,4254,1,Fact,3.091362953186035,1.0,0.0003082752227783203,0.6071497797966003
0,9139949,4274,8, containing,7.141358852386475,1.0,0.00040608644485473633,0.5523833632469177
0,9350649,4323,4, capital,12.545083045959473,1.0,0.0011894702911376953,0.40078529715538025
0,9359300,4325,2,:,3.15156888961792,1.0,0.00022900104522705078,0.6691303849220276
0,9585630,4377,8, containing,2.1888184547424316,1.0,0.00012880563735961914,0.7776241898536682
0,9774830,4420,8, containing,3.4597201347351074,1.0,0.00023245811462402344,0.6661421060562134
0,9841265,4435,7, state,5.6718316078186035,1.0,0.00026702880859375,0.6343294382095337
0,10271777,4531,2,:,1.1701292991638184,1.0,0.00013566017150878906,0.7679674029350281
0,10326239,4543,3, The,2.774142265319824,1.0,0.0001220703125,0.7887378931045532
0,10822877,4651,4, capital,8.640799522399902,1.0,0.0006770789623260498,0.4654209613800049
0,10991015,4687,9, Tucson,11.116948127746582,1.0,0.0006354749202728271,0.47390836477279663
0,11103827,4711,4, capital,1.9013285636901855,1.0,0.00016582012176513672,0.7317222356796265
0,11108540,4712,1,Fact,0.981182336807251,1.0,0.00013339519500732422,0.7709322571754456
0,11236169,4739,10, is,4.324968338012695,1.0,0.0002416372299194336,0.6580865383148193
0,11604152,4816,7, state,3.712648868560791,1.0,0.0001704096794128418,0.7263501882553101
0,11637899,4823,1,Fact,8.601868629455566,1.0,0.00045615434646606445,0.5301426649093628
0,11637899,4823,3, The,5.400101661682129,1.0,0.00015884637832641602,0.7409455180168152
0,11637899,4823,4, capital,5.183389663696289,1.0,0.0002186894416809082,0.6823599338531494
0,11637899,4823,10, is,2.659937858581543,1.0,0.00016945600509643555,0.7277093529701233
0,11647550,4825,2,:,2.516765594482422,1.0,0.0003883242607116699,0.5587450265884399
0,11909639,4879,3, The,3.3364648818969727,1.0,0.00017821788787841797,0.7179893255233765
0,12258675,4950,3, The,2.6892101764678955,1.0,0.00017851591110229492,0.7176328301429749
0,12288402,4956,1,Fact,3.0128417015075684,1.0,0.00022858381271362305,0.6700454950332642
0,12333060,4965,2,:,3.5360045433044434,1.0,0.00030547380447387695,0.6083745360374451
0,12417635,4982,2,:,7.521145343780518,1.0,0.0006928741931915283,0.464055597782135
0,12472514,4993,1,Fact,2.5238540172576904,1.0,0.00018984079360961914,0.7050817608833313
0,12880349,5074,3, The,5.253841876983643,1.0,0.00032776594161987305,0.5938432216644287
0,13079054,5113,8, containing,3.334904193878174,1.0,0.0001723170280456543,0.7241219282150269
0,13496609,5194,8, containing,2.705101728439331,1.0,0.0001531839370727539,0.7468779683113098
0,13496609,5194,9, Tucson,3.3911938667297363,1.0,0.00025516748428344727,0.6437098383903503
0,13605935,5215,1,Fact,2.4678726196289062,1.0,0.0002428889274597168,0.6561498641967773
0,14010570,5292,4, capital,3.7775354385375977,1.0,0.0003770589828491211,0.5644739866256714
0,14037050,5297,1,Fact,2.864867925643921,1.0,0.00018280744552612305,0.7136598825454712
0,14037050,5297,4, capital,2.9010469913482666,1.0,0.00017756223678588867,0.7192341089248657
0,14037050,5297,7, state,3.787882089614868,1.0,0.00012868642807006836,0.7778816223144531
0,14037050,5297,9, Tucson,2.821014165878296,1.0,0.00013071298599243164,0.7751646637916565
0,14153859,5319,4, capital,3.1558573246002197,1.0,0.00012797117233276367,0.77865070104599
0,14153859,5319,9, Tucson,3.0308268070220947,1.0,0.00011640787124633789,0.7978028059005737
0,14233779,5334,4, capital,1.874544620513916,1.0,0.00018101930618286133,0.7152971625328064
0,14324627,5351,3, The,5.170761585235596,1.0,0.0002390742301940918,0.6602482795715332
0,14421134,5369,1,Fact,1.8036623001098633,1.0,0.00019890069961547852,0.6971417665481567
0,14658404,5413,3, The,3.1234891414642334,1.0,0.0001652836799621582,0.7325493693351746
0,15023420,5480,4, capital,3.3140013217926025,1.0,0.0002579689025878906,0.6403729915618896
0,15632435,5590,1,Fact,1.9783587455749512,1.0,0.0002365708351135254,0.6626240015029907
0,15834377,5626,9, Tucson,12.780550956726074,1.0,0.0012165307998657227,0.39480382204055786
0,15913260,5640,4, capital,6.393066883087158,1.0,0.0005439221858978271,0.4950720965862274
0,16026290,5660,4, capital,16.259593963623047,1.0,0.0014198124408721924,0.375103235244751
0,16344902,5716,3, The,7.243289947509766,1.0,0.0004464387893676758,0.5332899689674377
0,16505384,5744,7, state,4.955761432647705,1.0,0.0002549290657043457,0.6439647674560547
0,16603202,5761,3, The,3.6309707164764404,1.0,0.00021517276763916016,0.6847363114356995
0,17290139,5879,7, state,1.9948673248291016,1.0,0.00013583898544311523,0.7676960229873657
0,18298224,6048,1,Fact,1.8296408653259277,1.0,0.00018852949142456055,0.7071607112884521
0,18346652,6056,4, capital,5.740799427032471,1.0,0.0005872845649719238,0.48487240076065063
0,18455849,6074,8, containing,4.801333904266357,1.0,0.00033855438232421875,0.5851873755455017
0,18480159,6078,1,Fact,2.1709160804748535,1.0,0.0002499222755432129,0.6487482190132141
0,18711902,6116,1,Fact,3.45638370513916,1.0,0.0003204941749572754,0.598056435585022
0,18711902,6116,4, capital,3.325528621673584,1.0,0.00022810697555541992,0.6707301735877991
0,18711902,6116,7, state,2.8853745460510254,1.0,0.00011974573135375977,0.7930910587310791
0,18711902,6116,8, containing,4.784172058105469,1.0,0.0001952648162841797,0.6995020508766174
0,18711902,6116,9, Tucson,3.4255685806274414,1.0,0.00015729665756225586,0.7425264120101929
0,18816044,6133,1,Fact,3.9597012996673584,1.0,0.00035697221755981445,0.5754600763320923
0,18957402,6156,1,Fact,1.8577756881713867,1.0,0.00018447637557983398,0.7123759388923645
0,19334870,6217,4, capital,3.386155128479004,1.0,0.00024956464767456055,0.6497474312782288
0,19334870,6217,7, state,5.289334297180176,1.0,0.0002484917640686035,0.6514902710914612
0,19678400,6272,9, Tucson,2.33950138092041,1.0,0.00016701221466064453,0.7298933267593384
0,20240702,6361,4, capital,2.160310983657837,1.0,0.00029098987579345703,0.6182096004486084
0,20624252,6421,1,Fact,4.402102947235107,1.0,0.00033354759216308594,0.5895507335662842
0,20624252,6421,4, capital,3.224996566772461,1.0,0.0001571178436279297,0.7429977655410767
0,20746460,6440,4, capital,5.422195911407471,1.0,0.0005023479461669922,0.5075875520706177
0,20746460,6440,7, state,5.9845290184021,1.0,0.00037932395935058594,0.5633400082588196
0,21037340,6485,7, state,5.394222736358643,1.0,0.0003383159637451172,0.5855256915092468
0,21493845,6555,9, Tucson,4.053866863250732,1.0,0.00018197298049926758,0.7143897414207458
0,21796502,6601,7, state,8.21324634552002,1.0,0.0004475712776184082,0.5328435301780701
0,21902270,6617,4, capital,1.3923492431640625,1.0,0.0001347661018371582,0.769994854927063
0,21915509,6619,7, state,4.776836395263672,1.0,0.0002384185791015625,0.6607255935668945
0,22368015,6687,3, The,5.2287726402282715,1.0,0.0003160238265991211,0.6005990505218506
0,22730652,6741,4, capital,8.51573371887207,1.0,0.0006589293479919434,0.4687596559524536
0,23035077,6786,8, containing,5.6627020835876465,1.0,0.00030690431594848633,0.6074566841125488
0,23416745,6842,4, capital,2.3399176597595215,1.0,0.0001856088638305664,0.7107107043266296
0,23553815,6862,8, containing,3.3271656036376953,1.0,0.00017130374908447266,0.7253249287605286
0,23691285,6882,4, capital,2.0114455223083496,1.0,0.00022035837173461914,0.680382490158081
0,24015914,6929,8, containing,7.053256988525391,1.0,0.0004189014434814453,0.5457960963249207
0,24650730,7020,3, The,5.535068035125732,1.0,0.0001913905143737793,0.7035573124885559
0,25343639,7118,4, capital,16.584789276123047,1.0,0.001228421926498413,0.39358729124069214
0,26502839,7279,1,Fact,1.1799421310424805,1.0,0.00012671947479248047,0.7803051471710205
0,26663252,7301,8, containing,2.7361316680908203,1.0,0.00019741058349609375,0.6981313228607178
0,26978184,7344,1,Fact,8.42626953125,1.0,0.0007067024707794189,0.45846518874168396
0,27213752,7376,1,Fact,2.667067527770996,1.0,0.000347137451171875,0.5807235240936279
0,27413309,7403,9, Tucson,3.4600257873535156,1.0,0.00019603967666625977,0.698523759841919
0,27769877,7451,3, The,6.4648332595825195,1.0,0.00025177001953125,0.6464940905570984
0,27874310,7465,1,Fact,2.747718095779419,1.0,0.00029206275939941406,0.6176269054412842
0,28068777,7491,1,Fact,1.1150059700012207,1.0,0.0001297593116760254,0.7758150696754456
0,28618394,7564,4, capital,4.818515777587891,1.0,0.00037229061126708984,0.5659683346748352
0,29142794,7633,4, capital,3.3386552333831787,1.0,0.0003057718276977539,0.6080690622329712
0,29257424,7648,2,:,3.4090490341186523,1.0,0.0003132820129394531,0.603114128112793
0,29594970,7692,1,Fact,3.748141288757324,1.0,0.0003962516784667969,0.556391716003418
0,29764469,7714,8, containing,6.123883247375488,1.0,0.0002796649932861328,0.6244750022888184
0,30011877,7746,4, capital,2.413227081298828,1.0,0.00017946958541870117,0.7169172763824463
0,30042875,7750,7, state,1.8120763301849365,1.0,0.00016033649444580078,0.7377554178237915
0,30167027,7766,7, state,5.967782020568848,1.0,0.00032442808151245117,0.5961259007453918
0,30525390,7812,1,Fact,2.418498992919922,1.0,0.0002276897430419922,0.6716417074203491
0,31059020,7880,4, capital,1.9423589706420898,1.0,0.00022649765014648438,0.6734570860862732
0,31756464,7968,7, state,5.521754741668701,1.0,0.0002677440643310547,0.6340624094009399
0,32028005,8002,8, containing,7.100665092468262,1.0,0.0005151629447937012,0.5025036931037903
0,32076044,8008,1,Fact,1.6268310546875,1.0,0.00018417835235595703,0.7125601172447205
0,32076044,8008,3, The,2.082937240600586,1.0,0.0001431107521057129,0.7583636045455933
0,32469710,8057,7, state,3.777068614959717,1.0,0.00020557641983032227,0.692090630531311
0,32800949,8098,1,Fact,3.759613275527954,1.0,0.0003255605697631836,0.5954763293266296
0,33264245,8155,4, capital,2.7918777465820312,1.0,0.0003066062927246094,0.6077632904052734
0,33329529,8163,1,Fact,2.965630531311035,1.0,0.00026416778564453125,0.6367195844650269
0,33329529,8163,4, capital,2.238710880279541,1.0,0.0001468658447265625,0.7530131340026855
0,33329529,8163,8, containing,4.632303237915039,1.0,0.00022011995315551758,0.6810430288314819
0,33329529,8163,9, Tucson,2.9545321464538574,1.0,0.00012236833572387695,0.7880046367645264
0,33870564,8229,7, state,3.2536473274230957,1.0,0.00014764070510864258,0.7518355846405029
0,34590402,8316,4, capital,4.8907341957092285,1.0,0.00041794776916503906,0.547051191329956
0,34640325,8322,7, state,5.606225967407227,1.0,0.00025779008865356445,0.6414045691490173
0,35368254,8409,9, Tucson,4.537695407867432,1.0,0.0001825094223022461,0.7142077684402466
0,35680127,8446,8, containing,2.5804319381713867,1.0,0.00012433528900146484,0.7836889624595642
0,36035804,8488,4, capital,2.364503860473633,1.0,0.00022357702255249023,0.6770567893981934
0,36044294,8489,1,Fact,4.876344203948975,1.0,0.0005400776863098145,0.49669796228408813
0,36044294,8489,4, capital,1.706070899963379,1.0,0.00012958049774169922,0.776203989982605
0,36299459,8519,8, containing,8.84633731842041,1.0,0.0004436969757080078,0.5350703597068787
0,36478610,8540,1,Fact,2.1209640502929688,1.0,0.0002269148826599121,0.6725502014160156
0,37113419,8614,4, capital,2.767078399658203,1.0,0.00021135807037353516,0.6877220273017883
0,37355045,8642,1,Fact,2.7217326164245605,1.0,0.00028389692306518555,0.6213690042495728
0,38049725,8722,3, The,21.2574462890625,1.0,0.0010572075843811035,0.41300079226493835
0,38452064,8768,3, The,5.302452087402344,1.0,0.00031495094299316406,0.6009140014648438
0,38495924,8773,9, Tucson,4.607087135314941,1.0,0.00029474496841430664,0.6161606907844543
0,38882970,8817,7, state,3.733865261077881,1.0,0.0002321004867553711,0.6663742065429688
0,39369500,8872,7, state,8.09967041015625,1.0,0.0004749298095703125,0.5212918519973755
0,39484940,8885,4, capital,16.146286010742188,1.0,0.0011710524559020996,0.40195634961128235
0,39966269,8939,4, capital,14.478906631469727,1.0,0.0011490881443023682,0.4042559266090393
0,40711775,9022,4, capital,3.141700267791748,1.0,0.0001767277717590332,0.7202953100204468
0,40711775,9022,8, containing,3.51318359375,1.0,0.00017905235290527344,0.7172757387161255
0,40711775,9022,9, Tucson,3.8982553482055664,1.0,0.00017327070236206055,0.7223945260047913
0,40738850,9025,7, state,4.611112594604492,1.0,0.00024694204330444336,0.6527289152145386
0,40747877,9026,1,Fact,8.946651458740234,1.0,0.00046938657760620117,0.5245945453643799
0,40747877,9026,4, capital,8.392426490783691,1.0,0.000436246395111084,0.537704348564148
0,40747877,9026,8, containing,7.2449421882629395,1.0,0.0002776980400085449,0.6267045736312866
0,40747877,9026,9, Tucson,11.825272560119629,1.0,0.0004935264587402344,0.514554500579834
0,40910534,9044,4, capital,3.6981568336486816,1.0,0.00024437904357910156,0.6542021632194519
0,41737815,9135,7, state,4.611429214477539,1.0,0.00022023916244506836,0.6806027293205261
0,42269414,9193,8, containing,2.228267192840576,1.0,0.0001214742660522461,0.7898336052894592
0,42601064,9229,4, capital,1.9906079769134521,1.0,0.00012385845184326172,0.784557044506073
0,42601064,9229,7, state,2.7983639240264893,1.0,0.00012940168380737305,0.7763333916664124
0,43706574,9348,3, The,5.687213897705078,1.0,0.00022989511489868164,0.6675249934196472
0,43996889,9379,5, of,4.33148717880249,1.0,0.000240325927734375,0.6590502262115479
0,44165900,9397,9, Tucson,3.3310623168945312,1.0,0.0001990199089050293,0.6969428658485413
0,44420024,9424,4, capital,4.473423957824707,1.0,0.00047516822814941406,0.5208169221878052
0,44788379,9463,1,Fact,1.2657279968261719,1.0,0.0001424551010131836,0.7592201828956604
0,45110750,9497,7, state,5.230938911437988,1.0,0.0002523064613342285,0.6459904909133911
0,45692019,9558,8, containing,3.7775697708129883,1.0,0.00017726421356201172,0.7194113731384277
0,45825950,9572,2,:,1.8102591037750244,1.0,0.00016158819198608398,0.7364671230316162
0,46075199,9598,9, Tucson,3.6286139488220215,1.0,0.00015622377395629883,0.744093656539917
0,46431065,9635,3, The,5.356620788574219,1.0,0.00030922889709472656,0.6065331697463989
0,46450340,9637,1,Fact,3.5475428104400635,1.0,0.0002713203430175781,0.6319051384925842
0,46952894,9689,1,Fact,5.160281181335449,1.0,0.00039899349212646484,0.5552010536193848
0,47030450,9697,4, capital,5.290339469909668,1.0,0.00031006336212158203,0.6062239408493042
0,47030450,9697,8, containing,3.3807361125946045,1.0,0.00014221668243408203,0.7595046758651733
0,47438669,9739,2,:,3.2420921325683594,1.0,0.00023764371871948242,0.6614395380020142
0,47516625,9747,4, capital,1.879332184791565,1.0,0.00011974573135375977,0.7933304905891418
0,47966114,9793,1,Fact,1.6532132625579834,1.0,0.00013786554336547852,0.7649561762809753
0,48624590,9860,4, capital,3.565408229827881,1.0,0.0002739429473876953,0.6291805505752563
0,48851669,9883,10, is,3.0455784797668457,1.0,0.00014406442642211914,0.756497323513031
0,49885065,9987,7, state,5.373556613922119,1.0,0.00035512447357177734,0.5761706829071045
0,50767925,10075,4, capital,2.2132070064544678,1.0,0.00020450353622436523,0.693114697933197
0,50838485,10082,7, state,4.40755558013916,1.0,0.00022166967391967773,0.6788359880447388
0,51404729,10138,1,Fact,2.770021915435791,1.0,0.00029838085174560547,0.6131996512413025
0,52086320,10205,8, containing,4.015495777130127,1.0,0.0002339482307434082,0.6652092933654785
0,52536374,10249,2,:,3.2364501953125,1.0,0.000335693359375,0.587208092212677
0,53235720,10317,1,Fact,6.440731525421143,1.0,0.0006034672260284424,0.4806928336620331
0,53525030,10345,1,Fact,2.615093469619751,1.0,0.00024878978729248047,0.6512417793273926
0,53867009,10378,8, containing,3.556032180786133,1.0,0.0001677870750427246,0.7292237877845764
0,54178844,10408,8, containing,4.836792945861816,1.0,0.00026661157608032227,0.6351295709609985
0,54669195,10455,10, is,2.931499481201172,1.0,0.00015920400619506836,0.7401508092880249
0,54826155,10470,7, state,4.715034008026123,1.0,0.00026345252990722656,0.6369830369949341
0,56344419,10614,3, The,5.429696559906006,1.0,0.0003198981285095215,0.5986965894699097
0,56652689,10643,3, The,5.874704837799072,1.0,0.0003598928451538086,0.5743861794471741
0,56727225,10650,1,Fact,1.5014760494232178,1.0,0.00014698505401611328,0.7527192831039429
0,56737877,10651,3, The,3.1142706871032715,1.0,0.00015050172805786133,0.7491540312767029
0,57432402,10716,8, containing,2.726698875427246,1.0,0.0001450181007385254,0.7550510168075562
0,57593277,10731,5, of,2.6295318603515625,1.0,0.00014919042587280273,0.7505025863647461
0,57689910,10740,7, state,6.380982875823975,1.0,0.00031262636184692383,0.6034267544746399
0,57840389,10754,7, state,10.46286392211914,1.0,0.0005629658699035645,0.4917666018009186
0,59803515,10935,2,:,8.722393035888672,1.0,0.0006985962390899658,0.461974173784256
0,60329619,10983,7, state,4.1464667320251465,1.0,0.00028705596923828125,0.6199418902397156
0,61888374,11124,4, capital,14.911069869995117,1.0,0.0009400248527526855,0.42711928486824036
0,62972252,11221,4, capital,3.8670547008514404,1.0,0.0003033280372619629,0.6098952889442444
0,64712375,11375,10, is,35.531070709228516,1.0,0.0016482174396514893,0.35886457562446594
0,64826190,11385,5, of,4.131603240966797,1.0,0.000260770320892334,0.6382932662963867
0,65935385,11482,8, containing,10.26512336730957,1.0,0.0005864202976226807,0.4854588210582733
0,66868829,11563,8, containing,7.108356475830078,1.0,0.00036019086837768555,0.5740262866020203
0,66926664,11568,7, state,8.443960189819336,1.0,0.00040161609649658203,0.5548020601272583
0,67030830,11577,1,Fact,4.201845169067383,1.0,0.0004969239234924316,0.5120825171470642
0,67436690,11612,9, Tucson,3.4636800289154053,1.0,0.00019472837448120117,0.699891984462738
0,67820480,11645,9, Tucson,4.6970534324646,1.0,0.00022453069686889648,0.675713300704956
0,67960310,11657,4, capital,1.6024951934814453,1.0,0.00015693902969360352,0.7433115839958191
0,68111955,11670,1,Fact,2.728177070617676,1.0,0.00024235248565673828,0.656877338886261
0,70051365,11835,2,:,3.062260150909424,1.0,0.0002073049545288086,0.6906468272209167
0,70051365,11835,5, of,3.4608354568481445,1.0,0.00015223026275634766,0.74794602394104
0,70051365,11835,8, containing,3.9584927558898926,1.0,0.0001882314682006836,0.7075372934341431
0,70051365,11835,9, Tucson,7.079585552215576,1.0,0.0003306269645690918,0.5915431976318359
0,70181627,11846,9, Tucson,6.767509460449219,1.0,0.0005105733871459961,0.5050671100616455
0,70229025,11850,8, containing,2.846303939819336,1.0,0.00015270709991455078,0.7473365068435669
0,70680104,11888,1,Fact,3.070678234100342,1.0,0.00036537647247314453,0.5711193084716797
0,71275829,11938,1,Fact,5.356130599975586,1.0,0.0005002617835998535,0.5100913643836975
0,71730252,11976,4, capital,2.6872034072875977,1.0,0.00023937225341796875,0.6597700119018555
0,72078020,12005,4, capital,4.640841960906982,1.0,0.00048488378524780273,0.517473042011261
0,73005485,12082,8, containing,14.502767562866211,1.0,0.0007637441158294678,0.44968339800834656
0,74438300,12200,1,Fact,6.132960796356201,1.0,0.00041919946670532227,0.5445389747619629
0,74438300,12200,4, capital,3.8798298835754395,1.0,0.00018078088760375977,0.7156589031219482
0,74438300,12200,7, state,4.512021064758301,1.0,0.000152587890625,0.7474890947341919
0,74621435,12215,10, is,2.525453567504883,1.0,0.0001291036605834961,0.7771087288856506
0,75552777,12291,1,Fact,1.336904525756836,1.0,0.00015503168106079102,0.745339035987854
0,75811140,12312,9, Tucson,2.3064968585968018,1.0,0.00012880563735961914,0.7774953842163086
0,76168652,12341,8, containing,5.1038594245910645,1.0,0.00027930736541748047,0.625313401222229
0,76353902,12356,7, state,2.8882498741149902,1.0,0.00014221668243408203,0.7596468925476074
0,76539377,12371,4, capital,2.9461183547973633,1.0,0.0002560615539550781,0.6426873803138733
0,76935809,12403,2,:,1.818934440612793,1.0,0.0001767277717590332,0.7199417948722839
0,77308394,12433,1,Fact,1.4156255722045898,1.0,0.00013327598571777344,0.771465539932251
0,79411502,12601,1,Fact,1.6435132026672363,1.0,0.00018966197967529297,0.7052714228630066
0,79461920,12605,1,Fact,2.480203628540039,1.0,0.00023752450942993164,0.6616770625114441
0,79524965,12610,1,Fact,1.893078327178955,1.0,0.0001717209815979004,0.7249820828437805
0,79562804,12613,4, capital,12.790654182434082,1.0,0.001041024923324585,0.41718587279319763
0,80410220,12680,7, state,9.226781845092773,1.0,0.00037211179733276367,0.566340446472168
0,80638649,12698,1,Fact,8.650779724121094,1.0,0.000737309455871582,0.4541699290275574
0,81020084,12728,7, state,3.2457284927368164,1.0,0.00018513202667236328,0.7114518284797668
0,81262125,12747,10, is,2.7868518829345703,1.0,0.00012010335922241211,0.7924917340278625
0,81964805,12802,4, capital,2.1163296699523926,1.0,0.00021439790725708008,0.6853800415992737
0,83405069,12914,1,Fact,4.502346992492676,1.0,0.000372469425201416,0.5655960440635681
0,83482580,12920,5, of,4.853429794311523,1.0,0.0003110170364379883,0.604361355304718
0,83818877,12946,7, state,3.248112678527832,1.0,0.00017440319061279297,0.7215254306793213
0,83935445,12955,4, capital,1.5878210067749023,1.0,0.0001417994499206543,0.7602143287658691
0,83974319,12958,2,:,9.176626205444336,1.0,0.0007912814617156982,0.4434756636619568
0,84545505,13002,1,Fact,1.4663760662078857,1.0,0.00016266107559204102,0.735008716583252
0,84571514,13004,2,:,8.836345672607422,1.0,0.0005295872688293457,0.5004223585128784
0,84571514,13004,10, is,4.433318138122559,1.0,0.0005483329296112061,0.49398067593574524
0,84636554,13009,8, containing,4.918821811676025,1.0,0.0002776980400085449,0.6264268755912781
0,84727652,13016,1,Fact,1.9432682991027832,1.0,0.00011712312698364258,0.796751856803894
0,85772252,13096,6, the,19.076797485351562,1.0,0.00031453371047973633,0.6015434861183167
0,86349510,13140,3, The,7.4165239334106445,1.0,0.0004229545593261719,0.5428540706634521
0,86415230,13145,1,Fact,9.013720512390137,1.0,0.0007846355438232422,0.4458393156528473
0,88225685,13282,5, of,4.645511150360107,1.0,0.00020968914031982422,0.6883530020713806
0,88944452,13336,4, capital,2.396517276763916,1.0,0.00023406744003295898,0.6647412180900574
0,89051184,13344,1,Fact,2.360320568084717,1.0,0.0002835392951965332,0.6216525435447693
0,89077877,13346,8, containing,2.5134263038635254,1.0,0.00016009807586669922,0.738396406173706
0,90283202,13436,9, Tucson,2.8520426750183105,1.0,0.00018036365509033203,0.7158392667770386
0,90323519,13439,4, capital,2.5182671546936035,1.0,0.0002511143684387207,0.6467452049255371
0,91118249,13498,4, capital,3.50423526763916,1.0,0.00032204389572143555,0.5970928072929382
0,91456049,13523,10, is,3.950997829437256,1.0,0.00027239322662353516,0.6308180689811707
0,91713195,13542,3, The,4.384210109710693,1.0,0.00020444393157958984,0.6929101943969727
0,93236339,13654,4, capital,4.659286975860596,1.0,0.0004190206527709961,0.5453771948814392
0,94235855,13727,7, state,9.575389862060547,1.0,0.0005474984645843506,0.4945281744003296
0,94758260,13765,8, containing,6.653834819793701,1.0,0.00038951635360717773,0.5583567023277283
0,95171705,13795,2,:,6.639275550842285,1.0,0.0007890164852142334,0.44505468010902405
0,97224539,13943,4, capital,1.8029236793518066,1.0,0.0001291036605834961,0.7768505215644836
0,97685252,13976,3, The,5.179001808166504,1.0,0.00024247169494628906,0.6566349864006042
0,97853054,13988,9, Tucson,6.15948486328125,1.0,0.00035840272903442383,0.5747445821762085
0,100614204,14184,8, containing,5.074507236480713,1.0,0.00016808509826660156,0.7287200689315796
0,101467134,14244,1,Fact,1.8318915367126465,1.0,0.0002154707908630371,0.6845211386680603
0,101609639,14254,8, containing,8.536608695983887,1.0,0.0004673004150390625,0.5255309343338013
0,102266450,14300,5, of,3.7849674224853516,1.0,0.0002568364143371582,0.6419187784194946
0,102380894,14308,8, containing,6.989297866821289,1.0,0.00033348798751831055,0.5898842215538025
0,102581325,14322,3, The,6.5422210693359375,1.0,0.0004451274871826172,0.5346266627311707
0,102882339,14343,3, The,3.1029911041259766,1.0,0.00016009807586669922,0.7385565042495728
0,103011480,14352,1,Fact,1.2906019687652588,1.0,0.0001221299171447754,0.7884937524795532
0,104524110,14457,3, The,6.2213897705078125,1.0,0.0003444552421569824,0.5827977657318115
0,105669452,14536,3, The,4.696286201477051,1.0,0.00027185678482055664,0.6313620805740356
0,106091460,14565,1,Fact,1.706881046295166,1.0,0.0001723170280456543,0.7239496111869812
0,107201402,14641,7, state,5.810667991638184,1.0,0.0002930164337158203,0.6173348426818848
0,107934777,14691,3, The,7.983318328857422,1.0,0.00031495094299316406,0.6012289524078369
0,108434900,14725,1,Fact,2.3490846157073975,1.0,0.00022608041763305664,0.674362301826477
0,108434900,14725,9, Tucson,2.5736277103424072,1.0,0.0001398921012878418,0.7621833682060242
0,108685395,14742,7, state,6.041275501251221,1.0,0.0002938508987426758,0.6167485117912292
0,109394235,14790,7, state,5.01639461517334,1.0,0.0003108382225036621,0.6046721935272217
0,109527399,14799,4, capital,1.8825273513793945,1.0,0.00016224384307861328,0.735495924949646
0,110625374,14873,4, capital,1.4718434810638428,1.0,0.0001633167266845703,0.734519898891449
0,110937959,14894,4, capital,1.7542195320129395,1.0,0.00012934207916259766,0.7765921950340271
0,110967752,14896,5, of,2.6221399307250977,1.0,0.0001537799835205078,0.7461109757423401
0,111968129,14963,4, capital,2.9307570457458496,1.0,0.00015866756439208984,0.741421639919281
0,111983094,14964,6, the,9.099349021911621,1.0,0.00019478797912597656,0.7004762291908264
0,113093279,15038,4, capital,2.8903446197509766,1.0,0.00016307830810546875,0.7346829771995544
0,113093279,15038,9, Tucson,3.492177963256836,1.0,0.00017952919006347656,0.7167378067970276
0,113755985,15082,1,Fact,0.840327262878418,1.0,0.0001259446144104004,0.7811885476112366
0,113861594,15089,9, Tucson,4.5176777839660645,1.0,0.0003350973129272461,0.588214099407196
0,113921964,15093,3, The,5.976428031921387,1.0,0.0003821849822998047,0.5610545873641968
0,114027650,15100,4, capital,2.18155574798584,1.0,0.0001729130744934082,0.7232597470283508
0,114254285,15115,9, Tucson,2.5996413230895996,1.0,0.00011712312698364258,0.7968689799308777
0,114738525,15147,4, capital,4.271289825439453,1.0,0.00043976306915283203,0.5363913178443909
0,114738525,15147,7, state,4.102435111999512,1.0,0.00023889541625976562,0.660487174987793
0,115664444,15208,3, The,1.878906488418579,1.0,0.00011754035949707031,0.7956960201263428
0,117726839,15343,4, capital,3.192223072052002,1.0,0.00020307302474975586,0.6937254071235657
0,117803574,15348,8, containing,2.30747652053833,1.0,0.00016796588897705078,0.7290560007095337
0,117803574,15348,9, Tucson,1.9917021989822388,1.0,0.00014227628707885742,0.7593624591827393
0,118834235,15415,4, capital,1.2895026206970215,1.0,0.0001405477523803711,0.7612016797065735
0,119451695,15455,1,Fact,1.8563170433044434,1.0,0.00017786026000976562,0.718523383140564
0,120117249,15498,9, Tucson,2.6681463718414307,1.0,0.00012087821960449219,0.7910451292991638
0,121235805,15570,1,Fact,1.4135446548461914,1.0,0.0001226663589477539,0.7873923778533936
0,121251377,15571,4, capital,2.0278234481811523,1.0,0.00012058019638061523,0.792010486125946
0,122046875,15622,3, The,2.306154727935791,1.0,0.00012111663818359375,0.7906821966171265
0,123802979,15734,4, capital,9.982763290405273,1.0,0.0010360777378082275,0.41822195053100586
0,123991877,15746,8, containing,4.171261310577393,1.0,0.0002295970916748047,0.6679843664169312
0,124338564,15768,9, Tucson,2.17756724357605,1.0,0.00016891956329345703,0.7280471324920654
0,126269885,15890,3, The,7.921454906463623,1.0,0.0005931258201599121,0.4842851161956787
0,126667485,15915,1,Fact,1.8771436214447021,1.0,0.00015991926193237305,0.7387164235115051
0,127097595,15942,3, The,7.934026718139648,1.0,0.0004462003707885742,0.5337361693382263
0,127129484,15944,10, is,2.715322494506836,1.0,0.00017374753952026367,0.7220478057861328
0,127864035,15990,7, state,3.0056819915771484,1.0,0.00016450881958007812,0.7335374355316162
0,130080384,16128,7, state,3.760746955871582,1.0,0.0002225041389465332,0.6779481172561646
0,130758705,16170,1,Fact,3.796727180480957,1.0,0.00027954578399658203,0.6247545480728149
0,131033765,16187,1,Fact,2.904383659362793,1.0,0.0002949237823486328,0.61586594581604
0,131244300,16200,2,:,27.617027282714844,1.0,0.0023034214973449707,0.33422014117240906
0,132332045,16267,3, The,3.5732474327087402,1.0,0.0002346038818359375,0.6640381813049316
0,133228325,16322,4, capital,1.827538013458252,1.0,0.00014460086822509766,0.7559200525283813
0,133277300,16325,7, state,1.9637224674224854,1.0,0.00011551380157470703,0.8000066876411438
0,133375277,16331,8, containing,2.289301872253418,1.0,0.0001348257064819336,0.7698600888252258
0,133407944,16333,8, containing,4.257960319519043,1.0,0.00028759241104125977,0.6196548342704773
0,133522310,16340,7, state,3.3194189071655273,1.0,0.0002072453498840332,0.6908540725708008
1,-1,1,1,Fact,,1.0,0.001114577054977417,0.40761658549308777
1,-1,1,2,:,,1.0,0.0005708038806915283,0.49006909132003784
1,-1,1,3, The,,1.0,0.00025069713592529297,0.6469959020614624
1,-1,1,4, capital,,1.0,0.0012069940567016602,0.3960108160972595
1,-1,1,5, of,,1.0,0.00042444467544555664,0.5420073866844177
1,-1,1,6, the,,1.0,0.0001723170280456543,0.7237772941589355
1,-1,1,7, state,,1.0,0.0005003809928894043,0.5095911026000977
1,-1,1,8, containing,,1.0,0.0007899999618530273,0.4442656636238098
1,-1,1,9, Tucson,,1.0,0.0014293193817138672,0.3736834228038788
1,-1,1,10, is,,1.0,0.00027889013290405273,0.6255922913551331
1,463,28,7, state,2.4783201217651367,1.0,0.00013190507888793945,0.7738516330718994
1,17576,185,9, Tucson,2.943382740020752,1.0,0.00013327598571777344,0.7713322639465332
1,54613,328,8, containing,10.221229553222656,1.0,0.0005224943161010742,0.5014709830284119
1,265354,726,4, capital,2.800783634185791,1.0,0.00014007091522216797,0.7619035840034485
1,464164,961,2,:,4.840928077697754,1.0,0.0003115534782409668,0.60405033826828
1,502501,1000,4, capital,24.303709030151367,1.0,0.0014129579067230225,0.376516193151474
1,785629,1251,3, The,4.374817848205566,1.0,0.0001391768455505371,0.7626014947891235
1,875824,1321,10, is,8.889405250549316,1.0,0.0004184842109680176,0.5462145805358887
1,1000403,1412,2,:,2.3093514442443848,1.0,0.0001367330551147461,0.7668789625167847
1,1298464,1609,1,Fact,3.0479350090026855,1.0,0.00020962953567504883,0.6885626316070557
1,1507714,1734,2,:,7.566125869750977,1.0,0.0004513859748840332,0.5310479402542114
1,1736314,1861,1,Fact,2.3663253784179688,1.0,0.00013941526412963867,0.762462317943573
1,1736314,1861,10, is,1.7088567018508911,1.0,0.0001170039176940918,0.7969859838485718
1,2717944,2329,1,Fact,2.118640661239624,1.0,0.00013816356658935547,0.7642660140991211
1,2890808,2402,1,Fact,4.452589988708496,1.0,0.00029331445693969727,0.617041826248169
1,4426798,2973,4, capital,3.635532855987549,1.0,0.0002453327178955078,0.6539577841758728
1,4567751,3020,1,Fact,2.505411148071289,1.0,0.0001666545867919922,0.7302265763282776
1,4750901,3080,1,Fact,10.838167190551758,1.0,0.0007055401802062988,0.45917072892189026
1,4921951,3135,1,Fact,3.8256540298461914,1.0,0.0002155900001525879,0.6840901374816895
1,4921951,3135,4, capital,6.158315658569336,1.0,0.00028693675994873047,0.6202288269996643
1,4921951,3135,7, state,3.8756155967712402,1.0,0.00012922286987304688,0.7767214179039001
1,4975433,3152,8, containing,5.022448539733887,1.0,0.00024193525314331055,0.6571192741394043
1,4978588,3153,1,Fact,3.251070022583008,1.0,0.00022327899932861328,0.677280068397522
1,5802119,3404,8, containing,6.012022972106934,1.0,0.00031065940856933594,0.6052935123443604
1,5894459,3431,5, of,2.5773186683654785,1.0,0.00012344121932983398,0.7856696248054504
1,6503419,3604,8, containing,6.044355392456055,1.0,0.00025790929794311523,0.6411467790603638
1,7482644,3866,5, of,2.9143919944763184,1.0,0.00012832880020141602,0.7782667279243469
1,7978013,3992,10, is,3.156214714050293,1.0,0.00011873245239257812,0.7938064336776733
1,8826299,4199,1,Fact,2.9639742374420166,1.0,0.00019818544387817383,0.6975387334823608
1,9139948,4273,8, containing,2.1347105503082275,1.0,0.00013178586959838867,0.7741152048110962
1,11374063,4767,9, Tucson,4.821239948272705,1.0,0.00027102231979370117,0.6327186226844788
1,11992751,4895,7, state,4.014509677886963,1.0,0.00016134977340698242,0.7369513511657715
1,12110579,4919,8, containing,3.6748006343841553,1.0,0.00019049644470214844,0.7045113444328308
1,13202089,5136,8, containing,2.6214652061462402,1.0,0.0001232624053955078,0.7860397100448608
1,13202089,5136,10, is,3.101106643676758,1.0,0.00014543533325195312,0.754325270652771
1,14132584,5314,10, is,2.1613729000091553,1.0,0.00012534856796264648,0.7820670008659363
1,14281838,5342,1,Fact,7.19988489151001,1.0,0.0005366504192352295,0.49723461270332336
1,14426504,5369,10, is,3.881007194519043,1.0,0.00018095970153808594,0.7154781222343445
1,15947126,5645,8, containing,9.095949172973633,1.0,0.00044083595275878906,0.5355111956596375
1,16933288,5817,8, containing,3.7073283195495605,1.0,0.0001952052116394043,0.6996972560882568
1,17567626,5925,10, is,3.1568350791931152,1.0,0.00013691186904907227,0.7666054368019104
1,17901134,5981,4, capital,5.6821818351745605,1.0,0.00033164024353027344,0.5908814072608948
1,18207593,6032,4, capital,3.2381601333618164,1.0,0.00014084577560424805,0.7607797980308533
1,18207593,6032,9, Tucson,2.97421932220459,1.0,0.00012737512588500977,0.779288113117218
1,18207593,6032,10, is,2.5856761932373047,1.0,0.0001239180564880371,0.7844331860542297
1,19860751,6300,7, state,17.29588508605957,1.0,0.0007696449756622314,0.4473823606967926
1,20662804,6426,4, capital,2.5937466621398926,1.0,0.00014322996139526367,0.7579340934753418
1,21552893,6563,1,Fact,4.916584491729736,1.0,0.00032025575637817383,0.5983766913414001
1,21598876,6570,1,Fact,1.6070799827575684,1.0,0.00012570619583129883,0.7813142538070679
1,23608754,6869,1,Fact,2.0289175510406494,1.0,0.00012874603271484375,0.7777529358863831
1,25457678,7133,4, capital,4.139374732971191,1.0,0.00019973516464233398,0.696544349193573
1,27420713,7403,10, is,4.949546813964844,1.0,0.00020951032638549805,0.6887721419334412
1,28053793,7488,8, containing,2.8183653354644775,1.0,0.00014781951904296875,0.7513923645019531
1,29911243,7732,1,Fact,3.770083427429199,1.0,0.00018668174743652344,0.7090350985527039
1,29911243,7732,9, Tucson,3.31540584564209,1.0,0.0001404285430908203,0.761623203754425
1,32236433,8027,8, containing,7.468101501464844,1.0,0.00036770105361938477,0.569287896156311
1,32971258,8118,2,:,2.2112669944763184,1.0,0.0001557469367980957,0.7448732852935791
1,33812974,8221,8, containing,13.096689224243164,1.0,0.0005579888820648193,0.4923245906829834
1,35275798,8397,1,Fact,6.387016296386719,1.0,0.00021660327911376953,0.6830099821090698
1,40073626,8950,8, containing,2.128282070159912,1.0,0.0001437067985534668,0.7572168707847595
1,41994028,9162,1,Fact,7.157174110412598,1.0,0.0004622340202331543,0.5264593958854675
1,43445179,9319,1,Fact,2.859816551208496,1.0,0.0001709461212158203,0.7256671190261841
1,45510568,9538,8, containing,7.365327835083008,1.0,0.0003491044044494629,0.5793325304985046
1,47536123,9748,9, Tucson,3.036634922027588,1.0,0.00013625621795654297,0.767288088798523
1,49805188,9978,4, capital,2.4687745571136475,1.0,0.0001621246337890625,0.7356580495834351
1,50939369,10091,1,Fact,2.6131668090820312,1.0,0.00014209747314453125,0.759788990020752
1,54522901,10440,4, capital,2.0986692905426025,1.0,0.00013953447341918945,0.7623229026794434
1,56663333,10643,3, The,4.123605728149414,1.0,0.00015980005264282227,0.738876223564148
1,57453838,10717,4, capital,8.852967262268066,1.0,0.0005072355270385742,0.5055743455886841
1,57786623,10748,10, is,4.799057483673096,1.0,0.00025284290313720703,0.645233154296875
1,58034149,10771,4, capital,2.2930753231048584,1.0,0.0001652836799621582,0.7322187423706055
1,58660694,10829,4, capital,5.893059730529785,1.0,0.0002822279930114746,0.62363201379776
1,64133473,11323,4, capital,1.8530194759368896,1.0,0.00011688470840454102,0.7971028685569763
1,64575928,11362,9, Tucson,3.1951651573181152,1.0,0.0002167224884033203,0.6825766563415527
1,64860353,11387,10, is,3.3661818504333496,1.0,0.00011563301086425781,0.7997755408287048
1,65912419,11479,1,Fact,4.225752830505371,1.0,0.0002757906913757324,0.6275328993797302
1,72066013,12003,7, state,3.0097482204437256,1.0,0.0001563429832458496,0.7437810897827148
1,73501748,12122,2,:,4.396687984466553,1.0,0.00022280216217041016,0.6775028705596924
1,73829474,12149,5, of,8.468263626098633,1.0,0.0002823472023010254,0.6233497858047485
1,73938878,12158,4, capital,5.893033981323242,1.0,0.0003311634063720703,0.5912125706672668
1,74976133,12243,1,Fact,3.9975013732910156,1.0,0.0002745389938354492,0.6283578872680664
1,75012874,12246,7, state,7.4878950119018555,1.0,0.0003452301025390625,0.5821086168289185
1,75503614,12286,10, is,3.2641046047210693,1.0,0.00018328428268432617,0.7132940292358398
1,81364144,12754,8, containing,3.482771396636963,1.0,0.00015658140182495117,0.743624746799469
1,84506498,12998,1,Fact,2.652115821838379,1.0,0.00017189979553222656,0.7248103618621826
1,84649564,13009,8, containing,7.548224449157715,1.0,0.0004343986511230469,0.5390107035636902
1,85014278,13037,4, capital,7.658194541931152,1.0,0.00048488378524780273,0.5169881582260132
1,85053401,13040,5, of,3.25634765625,1.0,0.00017076730728149414,0.7261797785758972
1,85785349,13096,9, Tucson,3.5047359466552734,1.0,0.00013083219528198242,0.7749032378196716
1,89465374,13374,8, containing,4.059154987335205,1.0,0.00016582012176513672,0.7318880558013916
1,89639353,13387,4, capital,2.19309663772583,1.0,0.00020235776901245117,0.6947388648986816
1,91185758,13502,8, containing,6.218593597412109,1.0,0.00032806396484375,0.5935154557228088
1,92092804,13569,1,Fact,2.4596214294433594,1.0,0.0001647472381591797,0.7328791618347168
1,94744493,13763,4, capital,3.730613946914673,1.0,0.00021350383758544922,0.6864494681358337
1,97182709,13939,4, capital,3.48085618019104,1.0,0.00020051002502441406,0.6957442760467529
1,99962728,14137,1,Fact,8.222915649414062,1.0,0.00021219253540039062,0.6870867013931274
1,99962728,14137,9, Tucson,7.728607654571533,1.0,0.00019472837448120117,0.7000867128372192
1,101068651,14215,5, of,2.426459312438965,1.0,0.00012749433517456055,0.779033362865448
1,101809313,14267,3, The,9.675806045532227,1.0,0.00029540061950683594,0.6155710220336914
1,104466283,14452,10, is,5.787027835845947,1.0,0.0002600550651550293,0.6398561596870422
1,104784524,14474,8, containing,4.344073295593262,1.0,0.00020247697830200195,0.6945365071296692
1,108862388,14753,4, capital,3.405578136444092,1.0,0.0001830458641052246,0.7134770750999451
1,109912549,14824,9, Tucson,3.2114830017089844,1.0,0.0002155303955078125,0.6843056678771973
1,113937058,15093,9, Tucson,4.616224765777588,1.0,0.00021213293075561523,0.6872988343238831
1,115406026,15190,4, capital,2.679813861846924,1.0,0.0001958012580871582,0.6991114616394043
1,116060228,15233,2,:,1.559499740600586,1.0,0.00011742115020751953,0.7961658239364624
1,118818818,15413,2,:,1.5824143886566162,1.0,0.0001163482666015625,0.7979191541671753
1,120738028,15537,8, containing,4.759160995483398,1.0,0.0002498626708984375,0.6492480039596558
1,122562994,15654,2,:,6.345754623413086,1.0,0.0004290938377380371,0.5398737788200378
1,125112469,15816,9, Tucson,3.026831865310669,1.0,0.00013303756713867188,0.7719981074333191
1,127145429,15944,4, capital,14.544127464294434,1.0,0.0009270608425140381,0.42990753054618835
1,127704169,15979,1,Fact,5.523865222930908,1.0,0.0003522038459777832,0.5775809288024902
1,130161043,16132,7, state,3.8635668754577637,1.0,0.00022411346435546875,0.6761616468429565
2,-1,2,1,Fact,,1.0,0.0013181567192077637,0.383321613073349
2,-1,2,2,:,,1.0,0.0009424388408660889,0.42617926001548767
2,-1,2,3, The,,1.0,0.0002365708351135254,0.6623874306678772
2,-1,2,4, capital,,1.0,0.001300126314163208,0.3885321021080017
2,-1,2,5, of,,1.0,0.0005966126918792725,0.4836919903755188
2,-1,2,6, the,,1.0,0.00011748075485229492,0.7959309816360474
2,-1,2,7, state,,1.0,0.00043576955795288086,0.5385763049125671
2,-1,2,8, containing,,1.0,0.0006989538669586182,0.461275577545166
2,-1,2,9, Tucson,,1.0,0.0006715953350067139,0.4667641818523407
2,-1,2,10, is,,1.0,0.00046622753143310547,0.5259971618652344
2,4848,95,9, Tucson,3.0483851432800293,1.0,0.0001456737518310547,0.7538886666297913
2,14362,166,4, capital,4.609593391418457,1.0,0.00027233362197875977,0.6305456757545471
2,92232,426,4, capital,5.388667106628418,1.0,0.00025069713592529297,0.6472465991973877
2,409962,902,1,Fact,3.4320573806762695,1.0,0.00020802021026611328,0.689815878868103
2,630000,1119,1,Fact,9.700166702270508,1.0,0.0005345344543457031,0.49776914715766907
2,1189650,1539,9, Tucson,2.1511189937591553,1.0,0.00012058019638061523,0.7916486859321594
2,1539132,1751,3, The,5.529090404510498,1.0,0.00013071298599243164,0.7750339508056641
2,1708473,1845,2,:,1.8180286884307861,1.0,0.00012415647506713867,0.7840614318847656
2,2110482,2051,2,:,4.774892807006836,1.0,0.00013583898544311523,0.7675601840019226
2,2110482,2051,9, Tucson,7.40230655670166,1.0,0.00021409988403320312,0.6858084201812744
2,2630068,2290,5, of,3.622793197631836,1.0,0.00016456842422485352,0.7333729267120361
2,3681538,2710,1,Fact,2.2303876876831055,1.0,0.00015461444854736328,0.7456485033035278
2,4352722,2947,9, Tucson,3.0491247177124023,1.0,0.00019180774688720703,0.7027912139892578
2,4465563,2985,9, Tucson,3.1241776943206787,1.0,0.0002047419548034668,0.6927057504653931
2,5221293,3228,7, state,13.539462089538574,1.0,0.0005984902381896973,0.4830953776836395
2,5361172,3271,1,Fact,2.976267099380493,1.0,0.00012701749801635742,0.7800515294075012
2,6063900,3479,10, is,4.132774829864502,1.0,0.00022870302200317383,0.6698169112205505
2,6105762,3491,8, containing,14.54322624206543,1.0,0.0006008744239807129,0.48249688744544983
2,6449433,3588,7, state,5.705994129180908,1.0,0.00017577409744262695,0.7211760878562927
2,6703288,3658,4, capital,2.0735483169555664,1.0,0.00012415647506713867,0.7838131189346313
2,8223537,4052,7, state,6.671359539031982,1.0,0.0003046393394470215,0.6092885732650757
2,8505747,4121,8, containing,2.7075328826904297,1.0,0.00015115737915039062,0.7485516667366028
2,9303138,4310,4, capital,10.096338272094727,1.0,0.0004976391792297363,0.5115855932235718
2,9796948,4423,7, state,10.03395938873291,1.0,0.0004936456680297852,0.5140609741210938
2,10330782,4542,1,Fact,4.185500144958496,1.0,0.0001448988914489746,0.7554857730865479
2,13186677,5132,1,Fact,16.206024169921875,1.0,0.0008867383003234863,0.4335499703884125
2,14207112,5327,4, capital,2.778311252593994,1.0,0.00017970800399780273,0.7161991000175476
2,14908527,5457,10, is,3.512307643890381,1.0,0.00015878677368164062,0.7411043047904968
2,16683973,5773,2,:,1.3768730163574219,1.0,0.00011664628982543945,0.7975698113441467
2,17573553,5925,8, containing,5.007365703582764,1.0,0.00022524595260620117,0.6748135685920715
2,19037532,6167,4, capital,4.133391857147217,1.0,0.00026220083236694336,0.63777095079422
2,19703500,6274,10, is,3.8579907417297363,1.0,0.00013899803161621094,0.7631577253341675
2,19816657,6292,5, of,5.942764759063721,1.0,0.00021064281463623047,0.6881433129310608
2,23014717,6781,4, capital,2.445272445678711,1.0,0.00018203258514404297,0.7145717740058899
2,25059657,7076,7, state,4.4251275062561035,1.0,0.0002588629722595215,0.6401150226593018
2,25493367,7137,4, capital,2.6052703857421875,1.0,0.0001316666603088379,0.7745102643966675
2,25751073,7173,4, capital,24.8383731842041,1.0,0.0013953745365142822,0.3793105185031891
2,27457752,7407,4, capital,5.8912458419799805,1.0,0.0005710721015930176,0.4894982874393463
2,30619222,7822,10, is,5.095849514007568,1.0,0.00018519163131713867,0.7112666964530945
2,32332858,8038,4, capital,2.341824531555176,1.0,0.0001455545425415039,0.754179835319519
2,34823682,8342,1,Fact,3.4557347297668457,1.0,0.00017023086547851562,0.7266908288002014
2,36222813,8508,6, the,8.2515869140625,1.0,0.00013250112533569336,0.7727940082550049
2,36265383,8513,1,Fact,3.9629406929016113,1.0,0.0001698136329650879,0.7272008657455444
2,38171950,8734,4, capital,9.63050365447998,1.0,0.0008569955825805664,0.43529102206230164
2,38601288,8783,2,:,1.7393581867218018,1.0,0.00012451410293579102,0.7834402322769165
2,39254227,8857,8, containing,4.030636787414551,1.0,0.00013697147369384766,0.7664685249328613
2,40136317,8956,4, capital,1.8310112953186035,1.0,0.00011992454528808594,0.7927317023277283
2,40892443,9040,2,:,2.1161060333251953,1.0,0.00013530254364013672,0.768509566783905
2,44750527,9457,9, Tucson,9.77840805053711,1.0,0.000747382640838623,0.4519464373588562
2,45358047,9521,2,:,3.157261848449707,1.0,0.00019598007202148438,0.6987197399139404
2,53029548,10295,5, of,7.588536262512207,1.0,0.0003460049629211426,0.5817633867263794
2,54533343,10440,4, capital,5.575414657592773,1.0,0.00047260522842407227,0.523183286190033
2,54533343,10440,7, state,4.278624534606934,1.0,0.0002090930938720703,0.6891907453536987
2,54648282,10451,9, Tucson,3.4340670108795166,1.0,0.00020599365234375,0.6912672519683838
2,55698732,10551,4, capital,3.0188698768615723,1.0,0.00012892484664916992,0.7772376537322998
2,60099163,10960,7, state,12.854108810424805,1.0,0.0004729032516479492,0.5222379565238953
2,60417525,10989,8, containing,6.298433303833008,1.0,0.0002962350845336914,0.6149793863296509
2,61421983,11080,8, containing,8.679146766662598,1.0,0.0002250075340270996,0.6752637028694153
2,61421983,11080,10, is,5.088479995727539,1.0,0.0002537965774536133,0.6449803113937378
2,64167453,11325,1,Fact,6.95767879486084,1.0,0.0004584789276123047,0.5296865105628967
2,66487743,11528,8, containing,18.89789581298828,1.0,0.0007255375385284424,0.4548954665660858
2,68943150,11739,2,:,2.734889507293701,1.0,0.00022423267364501953,0.6759375333786011
2,70110558,11838,4, capital,8.310941696166992,1.0,0.0006941556930541992,0.4633627235889435
2,70110558,11838,5, of,2.6328511238098145,1.0,0.00016760826110839844,0.7295589447021484
2,79600650,12614,8, containing,6.8528852462768555,1.0,0.0003527402877807617,0.5765234231948853
2,81351387,12752,2,:,2.287533760070801,1.0,0.00013816356658935547,0.7645424008369446
2,81977607,12801,4, capital,8.12318229675293,1.0,0.00037926435470581055,0.5637192726135254
2,82992283,12880,8, containing,18.098880767822266,1.0,0.0007098019123077393,0.45704925060272217
2,84662575,13009,8, containing,7.812815189361572,1.0,0.000364840030670166,0.571849524974823
2,85027317,13037,1,Fact,1.1093297004699707,1.0,0.00012046098709106445,0.7921309471130371
2,86533587,13152,8, containing,3.505403995513916,1.0,0.00018739700317382812,0.70847487449646
2,87298288,13210,8, containing,3.4048290252685547,1.0,0.00014442205429077148,0.7563532590866089
2,89438622,13371,3, The,2.8070850372314453,1.0,0.00011563301086425781,0.7998911738395691
2,93906657,13701,2,:,2.5482711791992188,1.0,0.00015610456466674805,0.7444058656692505
2,96890157,13917,10, is,3.6262102127075195,1.0,0.0001500844955444336,0.7497550249099731
2,105117747,14496,2,:,5.361523628234863,1.0,0.0002987384796142578,0.6129012703895569
2,106266328,14575,1,Fact,4.428650856018066,1.0,0.00023293495178222656,0.6659096479415894
2,109542198,14798,10, is,4.071487903594971,1.0,0.00019031763076782227,0.7048919200897217
2,111878358,14955,5, of,2.9894323348999023,1.0,0.0001227259635925293,0.7872697114944458
2,112102848,14970,10, is,8.939851760864258,1.0,0.00038623809814453125,0.5591312646865845
2,113499708,15063,7, state,12.077674865722656,1.0,0.0007009208202362061,0.4605766236782074
2,118326033,15380,4, capital,6.7038350105285645,1.0,0.00039398670196533203,0.557576060295105
2,118942173,15420,10, is,9.38903522491455,1.0,0.00036782026290893555,0.5689201951026917
2,119328073,15445,8, containing,10.550101280212402,1.0,0.0005145668983459473,0.5035330653190613
2,120536098,15523,7, state,3.4772491455078125,1.0,0.0002167224884033203,0.682793378829956
2,121859463,15608,1,Fact,4.242397308349609,1.0,0.00021582841873168945,0.6836588978767395
2,123001767,15681,1,Fact,2.618264675140381,1.0,0.00012367963790893555,0.7850521802902222
2,123551337,15716,1,Fact,1.9422569274902344,1.0,0.00012505054473876953,0.78256756067276
2,125239048,15823,9, Tucson,2.8837943077087402,1.0,0.00014579296112060547,0.7537429928779602
2,129468183,16088,9, Tucson,6.007462501525879,1.0,0.0003358125686645508,0.586872398853302
2,131519868,16215,1,Fact,2.586216926574707,1.0,0.0001246333122253418,0.7833157181739807
2,132364582,16267,3, The,10.495025634765625,1.0,0.00026041269302368164,0.6393356919288635
2,134242302,16382,4, capital,4.775577068328857,1.0,0.0003623366355895996,0.5736660957336426
3,-1,3,1,Fact,,1.0,0.00042760372161865234,0.5407302975654602
3,-1,3,2,:,,1.0,0.0013495981693267822,0.38066011667251587
3,-1,3,3, The,,1.0,0.00028336048126220703,0.6222193241119385
3,-1,3,4, capital,,1.0,0.00031065940856933594,0.604982852935791
3,-1,3,5, of,,1.0,0.0007630288600921631,0.4504464268684387
3,-1,3,6, the,,1.0,0.00025027990341186523,0.6482483148574829
3,-1,3,7, state,,1.0,0.0004392266273498535,0.5368305444717407
3,-1,3,8, containing,,1.0,0.0008287727832794189,0.4386537969112396
3,-1,3,9, Tucson,,1.0,0.0014360547065734863,0.3708241879940033
3,-1,3,10, is,,1.0,0.0006437301635742188,0.471352219581604
3,58649,338,8, containing,2.283607006072998,1.0,0.0001252293586730957,0.7823173999786377
3,64616,355,8, containing,4.638035297393799,1.0,0.00023823976516723633,0.6609638333320618
3,64616,355,10, is,3.0560178756713867,1.0,0.0001888275146484375,0.7064061760902405
3,71249,373,1,Fact,11.007408142089844,1.0,0.00039643049240112305,0.5559954643249512
3,94391,430,2,:,5.730823516845703,1.0,0.00034308433532714844,0.5834851264953613
3,280122,744,2,:,8.69931411743164,1.0,0.0004608631134033203,0.528767466545105
3,446036,940,5, of,8.225996017456055,1.0,0.0003355741500854492,0.5875436663627625
3,703887,1182,10, is,5.977764129638672,1.0,0.00028526782989501953,0.6210851073265076
3,878471,1321,2,:,5.088181495666504,1.0,0.0003336668014526367,0.5892171859741211
3,1326002,1624,10, is,2.9051573276519775,1.0,0.00012302398681640625,0.7866554260253906
3,1594001,1781,2,:,6.312417984008789,1.0,0.00044792890548706055,0.5323959589004517
3,1873076,1931,10, is,6.264724254608154,1.0,0.0003660917282104492,0.5703880190849304
3,3790877,2749,2,:,2.0097298622131348,1.0,0.0001304149627685547,0.7754255533218384
3,4056972,2844,2,:,2.513361930847168,1.0,0.00013768672943115234,0.7656451463699341
3,5150441,3205,1,Fact,14.135562896728516,1.0,0.0001729726791381836,0.7230868339538574
3,5150441,3205,4, capital,18.16114044189453,1.0,0.00019282102584838867,0.7020228505134583
3,5150441,3205,5, of,8.772899627685547,1.0,0.00012737512588500977,0.779160737991333
3,5150441,3205,7, state,14.337152481079102,1.0,0.0001710057258605957,0.7258381247520447
3,5150441,3205,9, Tucson,19.421749114990234,1.0,0.00040417909622192383,0.553192675113678
3,6098774,3488,5, of,2.918832778930664,1.0,0.00011795759201049805,0.7951079607009888
3,7172574,3783,10, is,2.622833251953125,1.0,0.00018638372421264648,0.7095946669578552
3,7661651,3910,2,:,3.807572364807129,1.0,0.00016885995864868164,0.727878212928772
3,7930149,3978,8, containing,1.9815607070922852,1.0,0.00011622905731201172,0.7983841896057129
3,8086227,4017,8, containing,2.938046932220459,1.0,0.00011628866195678711,0.7980354428291321
3,8227592,4052,7, state,9.615549087524414,1.0,0.0003815889358520508,0.5618181824684143
3,8522252,4124,5, of,4.6148295402526855,1.0,0.00014978647232055664,0.7499048113822937
3,9472124,4348,2,:,3.4199471473693848,1.0,0.00017750263214111328,0.7190565466880798
3,10285376,4531,5, of,4.120787143707275,1.0,0.00017780065536499023,0.7188790440559387
3,11992749,4893,2,:,2.950277805328369,1.0,0.00018835067749023438,0.7073490619659424
3,12577616,5011,8, containing,13.138896942138672,1.0,0.0008391737937927246,0.4378250241279602
3,13460262,5184,5, of,2.759223461151123,1.0,0.00012415647506713867,0.7839372754096985
3,13460262,5184,8, containing,5.009676456451416,1.0,0.0002484321594238281,0.6519871354103088
3,14388926,5360,2,:,3.085233688354492,1.0,0.00017279386520385742,0.7234325408935547
3,16875141,5805,8, containing,2.791444778442383,1.0,0.00012117624282836914,0.7905610799789429
3,17384352,5892,9, Tucson,5.283479690551758,1.0,0.00027114152908325195,0.6324476003646851
3,18014999,5998,2,:,3.82405424118042,1.0,0.00020420551300048828,0.6933189034461975
3,18480156,6075,1,Fact,2.754120349884033,1.0,0.00012946128845214844,0.7764628529548645
3,19590666,6255,2,:,4.54163932800293,1.0,0.00022602081298828125,0.6745883226394653
3,20978999,6473,2,:,8.122583389282227,1.0,0.00041919946670532227,0.5449581742286682
3,23396216,6836,2,:,3.4351115226745605,1.0,0.00015920400619506836,0.7398324012756348
3,25493366,7136,2,:,3.203718662261963,1.0,0.00019592046737670898,0.6989156603813171
3,25794149,7178,10, is,3.798703193664551,1.0,0.00015354156494140625,0.7462645173072815
3,28331624,7523,8, containing,2.865683078765869,1.0,0.0001176595687866211,0.7953433394432068
3,28497471,7545,8, containing,3.293421745300293,1.0,0.00013309717178344727,0.7718650698661804
3,28610826,7560,2,:,2.8377273082733154,1.0,0.0001246929168701172,0.7828170657157898
3,29173337,7634,5, of,9.638633728027344,1.0,0.00036281347274780273,0.573303759098053
3,30283649,7778,3, The,4.127526760101318,1.0,0.00013822317123413086,0.7644042372703552
3,30494141,7805,5, of,5.292129039764404,1.0,0.0002205967903137207,0.6801621317863464
3,33093176,8131,8, containing,2.450916290283203,1.0,0.00015884637832641602,0.7407866716384888
3,33093176,8131,10, is,2.458495616912842,1.0,0.0001322031021118164,0.7734556794166565
3,37329116,8636,7, state,8.774477005004883,1.0,0.00034743547439575195,0.580376386642456
3,39618347,8897,2,:,2.1752233505249023,1.0,0.00012797117233276367,0.7785227298736572
3,39993092,8939,2,:,4.208101272583008,1.0,0.0001862645149230957,0.7099672555923462
3,41856671,9145,2,:,3.383063316345215,1.0,0.00013893842697143555,0.7632966637611389
3,45730262,9559,5, of,21.053272247314453,1.0,0.0009152591228485107,0.432663232088089
3,45730262,9559,6, the,12.814995765686035,1.0,0.00018656253814697266,0.7094082832336426
3,45979251,9585,8, containing,3.143632411956787,1.0,0.00017303228378295898,0.7229138612747192
3,51750047,10169,1,Fact,3.4665725231170654,1.0,0.00012546777725219727,0.7818163633346558
3,52035297,10197,3, The,7.26987361907959,1.0,0.00017088651657104492,0.7260090112686157
3,52086317,10202,5, of,3.0056920051574707,1.0,0.00012755393981933594,0.7789058685302734
3,53669976,10356,5, of,12.603188514709473,1.0,0.00047272443771362305,0.5227106809616089
3,54868046,10471,2,:,3.9133472442626953,1.0,0.00021880865097045898,0.6821412444114685
3,54920436,10476,2,:,2.73793363571167,1.0,0.0001558065414428711,0.744717538356781
3,58282202,10792,7, state,6.2727952003479,1.0,0.00017434358596801758,0.7218740582466125
3,58682357,10829,10, is,2.2140953540802,1.0,0.00012236833572387695,0.7881270051002502
3,60736727,11017,8, containing,5.430872440338135,1.0,0.00024193525314331055,0.6573612093925476
3,61832756,11116,10, is,3.311199188232422,1.0,0.00017243623733520508,0.7236049771308899
3,63163176,11235,10, is,2.4179506301879883,1.0,0.00012344121932983398,0.7854227423667908
3,63174416,11236,8, containing,6.0723981857299805,1.0,0.0003145933151245117,0.6018580794334412
3,63174416,11236,10, is,2.433582305908203,1.0,0.0001157522201538086,0.7995442152023315
3,63816749,11293,2,:,4.849055290222168,1.0,0.0002879500389099121,0.619367241859436
3,65637149,11453,8, containing,4.110071182250977,1.0,0.00018912553787231445,0.7058393359184265
3,68638182,11712,5, of,4.050771713256836,1.0,0.00015425682067871094,0.7459571957588196
3,68896187,11734,8, containing,4.233063220977783,1.0,0.00021255016326904297,0.686874508857727
3,68896187,11734,10, is,6.104597091674805,1.0,0.00041866302490234375,0.546633243560791
3,71886041,11986,10, is,2.2472410202026367,1.0,0.00011968612670898438,0.7932107448577881
3,73041737,12082,8, containing,2.3466787338256836,1.0,0.0001327991485595703,0.7722637057304382
3,73041737,12082,10, is,3.5649118423461914,1.0,0.0001544356346130371,0.7458029389381409
3,73319991,12105,5, of,10.609907150268555,1.0,0.00046056509017944336,0.5292280316352844
3,75049622,12247,2,:,5.265462398529053,1.0,0.0002498626708984375,0.6494978666305542
3,75946646,12320,2,:,2.174851179122925,1.0,0.0001417398452758789,0.7600725293159485
3,77271092,12427,1,Fact,8.273616790771484,1.0,0.0003222823143005371,0.5967707633972168
3,81211136,12740,2,:,9.696281433105469,1.0,0.0007448494434356689,0.45269128680229187
3,82529124,12843,2,:,4.450171947479248,1.0,0.0002759099006652832,0.6272571086883545
3,82914999,12873,5, of,5.60001802444458,1.0,0.00025790929794311523,0.6408888697624207
3,83366324,12908,3, The,3.4878649711608887,1.0,0.00011712312698364258,0.7966347336769104
3,87192611,13201,8, containing,3.4272916316986084,1.0,0.00018912553787231445,0.7056502103805542
3,96056726,13856,8, containing,3.3107619285583496,1.0,0.0001430511474609375,0.7586497068405151
3,97210592,13939,2,:,4.910437107086182,1.0,0.0003178119659423828,0.5993335843086243
3,97601402,13967,5, of,6.170195579528809,1.0,0.00034427642822265625,0.5831420421600342
3,97601402,13967,8, containing,2.6094865798950195,1.0,0.00016838312149047852,0.7282155156135559
3,97839062,13984,4, capital,11.155441284179688,1.0,0.0005303919315338135,0.49936285614967346
3,98511662,14032,10, is,5.788082599639893,1.0,0.00023567676544189453,0.6633322834968567
3,98680172,14044,2,:,9.616742134094238,1.0,0.0006351172924041748,0.4745434820652008
3,100557467,14177,2,:,3.9786720275878906,1.0,0.00027489662170410156,0.628083348274231
3,104683211,14465,5, of,4.463266849517822,1.0,0.00016754865646362305,0.72939133644104
3,107641124,14668,5, of,3.7269973754882812,1.0,0.0001265406608581543,0.7805582880973816
3,110105376,14835,8, containing,2.1115481853485107,1.0,0.00011676549911499023,0.7973365187644958
3,110105376,14835,10, is,4.459450721740723,1.0,0.0003120303153991699,0.6037387847900391
3,114602226,15135,5, of,2.2801170349121094,1.0,0.00012040138244628906,0.7922513484954834
3,116899691,15286,10, is,10.047916412353516,1.0,0.00046122074127197266,0.5283066034317017
3,118356801,15381,10, is,3.6128554344177246,1.0,0.00016182661056518555,0.7361438274383545
3,119081024,15428,5, of,3.176500082015991,1.0,0.00013196468353271484,0.7737197279930115
3,119915837,15482,8, containing,9.26407241821289,1.0,0.00032764673233032227,0.594170868396759
3,123409901,15706,2,:,4.064924240112305,1.0,0.00019353628158569336,0.701251208782196
3,123850187,15734,8, containing,8.38904094696045,1.0,0.0003727078437805176,0.5652235746383667
3,124906911,15801,10, is,4.932358264923096,1.0,0.00023436546325683594,0.6645071506500244
3,125049201,15810,10, is,4.409879207611084,1.0,0.00021064281463623047,0.6879326701164246
3,127033826,15935,5, of,3.4366214275360107,1.0,0.0001512765884399414,0.748249351978302
3,128584662,16032,2,:,6.300176620483398,1.0,0.0003628730773925781,0.5729409456253052
4,-1,4,1,Fact,,1.0,0.0004711747169494629,0.5236544609069824
4,-1,4,2,:,,1.0,0.0009803175926208496,0.4233136773109436
4,-1,4,3, The,,1.0,0.0002963542938232422,0.6146831512451172
4,-1,4,4, capital,,1.0,0.0005735158920288086,0.4883539378643036
4,-1,4,5, of,,1.0,0.0008428692817687988,0.4369858503341675
4,-1,4,6, the,,1.0,0.0001785755157470703,0.7174543142318726
4,-1,4,7, state,,1.0,0.0005041360855102539,0.5060784816741943
4,-1,4,8, containing,,1.0,0.0013041794300079346,0.38462579250335693
4,-1,4,9, Tucson,,1.0,0.0017065703868865967,0.355510413646698
4,-1,4,10, is,,1.0,0.0005781352519989014,0.4872041344642639
4,2623,67,9, Tucson,4.901859760284424,1.0,0.0008191168308258057,0.43947291374206543
4,4846,93,8, containing,3.230347156524658,1.0,0.0001430511474609375,0.7585066556930542
4,181498,597,2,:,3.8547115325927734,1.0,0.00015848875045776367,0.7415801286697388
4,212221,646,2,:,5.818872928619385,1.0,0.00022804737091064453,0.6709582209587097
4,250273,702,2,:,6.566435813903809,1.0,0.00024318695068359375,0.6554207801818848
4,251690,704,8, containing,3.1810128688812256,1.0,0.00014734268188476562,0.7522779703140259
4,359123,842,2,:,7.096892833709717,1.0,0.0002607107162475586,0.6385539770126343
4,365935,850,5, of,4.0998854637146,1.0,0.00014346837997436523,0.7576474547386169
4,403646,893,2,:,10.280736923217773,1.0,0.0004375576972961426,0.5372681021690369
4,636751,1123,9, Tucson,4.591795444488525,1.0,0.00022977590560913086,0.6677547693252563
4,736286,1208,1,Fact,4.7907514572143555,1.0,0.00015300512313842773,0.7470309734344482
4,736286,1208,2,:,9.48695182800293,1.0,0.000526130199432373,0.5009484887123108
4,867898,1312,10, is,3.5704145431518555,1.0,0.00015056133270263672,0.7488529682159424
4,930925,1359,9, Tucson,2.882258415222168,1.0,0.0001571178436279297,0.7426835298538208
4,1811651,1898,2,:,4.438467502593994,1.0,0.00020802021026611328,0.6900238990783691
4,2102270,2045,9, Tucson,4.12132453918457,1.0,0.00017124414443969727,0.7254961729049683
4,2548148,2252,2,:,4.023473262786865,1.0,0.0001233816146850586,0.7857930064201355
4,2783615,2354,5, of,4.445161819458008,1.0,0.0001563429832458496,0.7439374327659607
4,3515221,2646,8, containing,2.904186725616455,1.0,0.00013250112533569336,0.7726615071296692
4,4122751,2866,10, is,4.915441513061523,1.0,0.00012099742889404297,0.7909242510795593
4,4649720,3044,10, is,5.323494911193848,1.0,0.00013321638107299805,0.771598756313324
4,5410400,3284,8, containing,2.5765180587768555,1.0,0.0001323223114013672,0.7733234763145447
4,7332530,3824,4, capital,18.67442512512207,1.0,0.0005012750625610352,0.5080888271331787
4,7974016,3988,9, Tucson,2.6401500701904297,1.0,0.00017786026000976562,0.7187012434005737
4,8935873,4222,2,:,2.768186092376709,1.0,0.00011587142944335938,0.7993125915527344
4,9363623,4322,8, containing,10.393952369689941,1.0,0.0004220008850097656,0.5436980128288269
4,9559373,4367,7, state,3.426051378250122,1.0,0.0001507401466369629,0.7487024068832397
4,9633850,4384,7, state,6.718836784362793,1.0,0.0002745985984802246,0.6286324858665466
4,9633850,4384,8, containing,4.328697204589844,1.0,0.00021642446517944336,0.6834430694580078
4,12522505,4999,7, state,14.053550720214844,1.0,0.00036591291427612305,0.5707539319992065
4,12987151,5091,8, containing,2.72883939743042,1.0,0.00012320280075073242,0.7861629128456116
4,13726175,5234,5, of,4.242794513702393,1.0,0.00012284517288208008,0.787024199962616
4,13820648,5252,2,:,3.5438618659973145,1.0,0.00013083219528198242,0.7747724056243896
4,14026451,5291,1,Fact,6.217991828918457,1.0,0.00017309188842773438,0.7227408289909363
4,14026451,5291,2,:,10.576278686523438,1.0,0.0005431771278381348,0.49561527371406555
4,14555705,5390,10, is,1.7502398490905762,1.0,0.00012236833572387695,0.7878822684288025
4,15215881,5511,2,:,6.108468532562256,1.0,0.0002963542938232422,0.614386796951294
4,16442240,5729,2,:,5.217816352844238,1.0,0.00022071599960327148,0.679720938205719
4,17455181,5903,9, Tucson,3.9013583660125732,1.0,0.0001665353775024414,0.73039311170578
4,17467000,5905,8, containing,5.3744707107543945,1.0,0.00024896860122680664,0.6507440209388733
4,18201556,6028,1,Fact,10.605276107788086,1.0,0.0003045797348022461,0.6089839339256287
4,18201556,6028,2,:,20.580307006835938,1.0,0.0010465681552886963,0.4150991141796112
4,18559273,6087,7, state,9.254573822021484,1.0,0.0004690885543823242,0.5250636339187622
4,18559273,6087,8, containing,5.404459476470947,1.0,0.00027173757553100586,0.6316338181495667
4,19697221,6271,8, containing,6.0917158126831055,1.0,0.00024139881134033203,0.6583279371261597
4,22569116,6713,4, capital,4.315762519836426,1.0,0.00011593103408813477,0.7990807890892029
4,23048650,6784,10, is,6.203788757324219,1.0,0.00016540288925170898,0.7320534586906433
4,23423585,6839,10, is,3.524613857269287,1.0,0.00014257431030273438,0.7590777277946472
4,23787748,6892,3, The,5.110766410827637,1.0,0.00011730194091796875,0.7962831258773804
4,24974773,7062,10, is,3.3842053413391113,1.0,0.00017023086547851562,0.7268610596656799
4,26714390,7304,5, of,4.237262725830078,1.0,0.00012987852096557617,0.7756853103637695
4,27836986,7456,5, of,6.085480690002441,1.0,0.00016808509826660156,0.728551983833313
4,29464321,7671,4, capital,11.09623908996582,1.0,0.00043398141860961914,0.5394446849822998
4,29464321,7671,5, of,23.38473892211914,1.0,0.0010345280170440674,0.4202924966812134
4,29464321,7671,10, is,7.84424352645874,1.0,0.00042194128036499023,0.5432760119438171
4,31011745,7870,5, of,6.902928352355957,1.0,0.0002886652946472168,0.6190792918205261
4,31011745,7870,8, containing,3.230269432067871,1.0,0.00012296438217163086,0.7867783904075623
4,31011745,7870,10, is,7.4472551345825195,1.0,0.0005012154579162598,0.508590042591095
4,32421373,8047,8, containing,7.377528190612793,1.0,0.00026875734329223633,0.6335265636444092
4,33207170,8144,1,Fact,6.470183849334717,1.0,0.0001246929168701172,0.7829417586326599
4,33574910,8189,8, containing,3.7065200805664062,1.0,0.00016582012176513672,0.7315564155578613
4,35024260,8364,10, is,5.046665191650391,1.0,0.0002917051315307617,0.6179186105728149
4,35368250,8405,8, containing,3.959806442260742,1.0,0.0001609325408935547,0.7374345660209656
4,36606841,8551,2,:,3.0561070442199707,1.0,0.00012058019638061523,0.7914074063301086
4,37692898,8677,10, is,6.012767314910889,1.0,0.0001665353775024414,0.7307261824607849
4,40118398,8952,1,Fact,5.548642158508301,1.0,0.00012689828872680664,0.780178427696228
4,40136315,8954,2,:,4.022383689880371,1.0,0.00016373395919799805,0.7341932058334351
4,40919576,9041,9, Tucson,3.3406119346618652,1.0,0.00026667118072509766,0.6348629593849182
4,43035998,9272,8, containing,3.7776424884796143,1.0,0.00015056133270263672,0.7493045926094055
4,43781398,9352,10, is,2.5154006481170654,1.0,0.0001462101936340332,0.7531593441963196
4,44637071,9443,2,:,3.4419775009155273,1.0,0.0001589655876159668,0.7406278252601624
4,47088655,9699,5, of,6.6995954513549805,1.0,0.00024014711380004883,0.6595306396484375
4,47088655,9699,8, containing,5.271954536437988,1.0,0.00023412704467773438,0.6649753451347351
4,47653198,9757,1,Fact,20.541349411010742,1.0,0.0005831718444824219,0.486625999212265
4,47653198,9757,2,:,8.497971534729004,1.0,0.00028246641159057617,0.6230674386024475
4,51212255,10115,5, of,3.230332136154175,1.0,0.0001232624053955078,0.7862861752510071
4,51212255,10115,8, containing,3.6641170978546143,1.0,0.00015920400619506836,0.7399916052818298
4,52988360,10289,5, of,3.338560104370117,1.0,0.0001246929168701172,0.78306645154953
4,54564676,10441,2,:,6.935643196105957,1.0,0.00032848119735717773,0.5928590893745422
4,55561606,10536,2,:,4.678757667541504,1.0,0.0002142786979675293,0.6855943202972412
4,56578198,10632,7, state,4.5445051193237305,1.0,0.00016134977340698242,0.7367900013923645
4,56705920,10644,2,:,5.2412261962890625,1.0,0.0002027750015258789,0.6941312551498413
4,57143390,10685,7, state,4.3168745040893555,1.0,0.00014764070510864258,0.7519832253456116
4,59672345,10919,5, of,4.3654985427856445,1.0,0.00012063980102539062,0.7917693257331848
4,59672345,10919,10, is,3.7283077239990234,1.0,0.0001417994499206543,0.7599307894706726
4,63286870,11245,9, Tucson,3.575644016265869,1.0,0.00018739700317382812,0.7082874774932861
4,64473685,11350,4, capital,10.893294334411621,1.0,0.0003402829170227051,0.5848488211631775
4,67320601,11598,4, capital,5.87233829498291,1.0,0.00015920400619506836,0.7395139336585999
4,67645891,11626,9, Tucson,2.2881174087524414,1.0,0.00018471479415893555,0.7121914625167847
4,67645891,11626,10, is,1.8374252319335938,1.0,0.0001341104507446289,0.7702634334564209
4,71455030,11949,2,:,3.117483139038086,1.0,0.00013512372970581055,0.7690501809120178
4,73429016,12113,8, containing,3.2599692344665527,1.0,0.00011587142944335938,0.7994284629821777
4,74560361,12206,2,:,5.719020843505859,1.0,0.000225067138671875,0.6754887700080872
4,74694748,12217,8, containing,7.534529685974121,1.0,0.000264585018157959,0.6361908912658691
4,79613266,12613,2,:,3.8980464935302734,1.0,0.0001405477523803711,0.7614827752113342
4,84013198,12957,5, of,5.810307502746582,1.0,0.00020599365234375,0.6914732456207275
4,84441505,12990,8, containing,2.7088828086853027,1.0,0.00011628866195678711,0.7981517314910889
4,88438345,13294,10, is,5.708224773406982,1.0,0.00024628639221191406,0.6529752016067505
4,89518885,13375,10, is,3.961610794067383,1.0,0.00014925003051757812,0.7503533959388733
4,90969811,13483,8, containing,5.757873058319092,1.0,0.0001812577247619629,0.7149348258972168
4,92147095,13570,7, state,7.023094177246094,1.0,0.00018662214279174805,0.7092217206954956
4,92445998,13592,9, Tucson,5.122657775878906,1.0,0.0001450181007385254,0.7549059987068176
4,94400665,13735,3, The,9.455437660217285,1.0,0.0001659393310546875,0.7313905954360962
4,96806650,13909,1,Fact,8.62550163269043,1.0,0.0002021193504333496,0.694940984249115
4,97196648,13937,2,:,5.193876266479492,1.0,0.00028258562088012695,0.6227849721908569
4,97336123,13947,2,:,2.9444522857666016,1.0,0.00015348196029663086,0.7464179992675781
4,98329271,14018,7, state,9.483640670776367,1.0,0.00028210878372192383,0.6239141225814819
4,99750745,14119,8, containing,11.53220272064209,1.0,0.00036787986755371094,0.5685523748397827
4,106806415,14610,10, is,3.583223819732666,1.0,0.00012308359146118164,0.7865324020385742
4,110446948,14857,1,Fact,21.756210327148438,1.0,0.00021564960479736328,0.6838745474815369
4,110446948,14857,4, capital,20.828426361083984,1.0,0.0002148151397705078,0.68495112657547
4,110446948,14857,5, of,10.039482116699219,1.0,0.00014322996139526367,0.7580773234367371
4,110446948,14857,7, state,10.092870712280273,1.0,0.00012439489364624023,0.7835646271705627
4,110446948,14857,9, Tucson,16.349853515625,1.0,0.000406801700592041,0.5515711307525635
4,117588775,15330,4, capital,5.108450889587402,1.0,0.00017321109771728516,0.7225677371025085
4,117588775,15330,5, of,5.9562578201293945,1.0,0.00020486116409301758,0.6925010085105896
4,121157956,15561,2,:,8.773792266845703,1.0,0.000344693660736084,0.5824533104896545
4,124922716,15801,8, containing,5.002529621124268,1.0,0.00025385618209838867,0.6447265148162842
4,125841175,15859,9, Tucson,7.767721652984619,1.0,0.00033611059188842773,0.5865365862846375
4,128056001,15998,8, containing,6.200930595397949,1.0,0.00023615360260009766,0.6630966067314148
4,129452090,16085,4, capital,3.9123597145080566,1.0,0.00012117624282836914,0.7903187274932861
4,130451623,16147,5, of,4.613772392272949,1.0,0.00011873245239257812,0.7939251661300659
5,-1,5,1,Fact,,1.0,0.0002505779266357422,0.6474971771240234
5,-1,5,2,:,,1.0,0.0008840560913085938,0.43443402647972107
5,-1,5,3, The,,1.0,0.00022643804550170898,0.6739100813865662
5,-1,5,4, capital,,1.0,0.00038057565689086914,0.5625802874565125
5,-1,5,5, of,,1.0,0.0006418228149414062,0.4719940423965454
5,-1,5,7, state,,1.0,0.000573277473449707,0.4889272153377533
5,-1,5,8, containing,,1.0,0.0013032257556915283,0.38592901825904846
5,-1,5,9, Tucson,,1.0,0.0007200837135314941,0.45633944869041443
5,-1,5,10, is,,1.0,0.0010517537593841553,0.4140525460243225
5,16830,177,2,:,6.952724456787109,1.0,0.0002499222755432129,0.6489981412887573
5,133897,511,2,:,3.214621067047119,1.0,0.00012254714965820312,0.7875149250030518
5,208329,639,7, state,4.231072425842285,1.0,0.00012892484664916992,0.777366578578949
5,779370,1242,8, containing,5.6929097175598145,1.0,0.00015658140182495117,0.743468165397644
5,1433965,1687,2,:,7.592066764831543,1.0,0.00023567676544189453,0.6638035774230957
5,2584395,2267,10, is,6.31145715713501,1.0,0.00029921531677246094,0.6120044589042664
5,3971965,2812,9, Tucson,4.290410995483398,1.0,0.00014072656631469727,0.760920524597168
5,4165935,2880,8, containing,5.267963886260986,1.0,0.0001862049102783203,0.7101534605026245
5,4361575,2947,8, containing,4.281468868255615,1.0,0.00012731552124023438,0.7796701192855835
5,5479699,3304,9, Tucson,5.548051357269287,1.0,0.00018548965454101562,0.7108961939811707
5,5532795,3320,10, is,3.3839802742004395,1.0,0.00012153387069702148,0.789712131023407
5,5576124,3333,4, capital,13.390371322631836,1.0,0.0004954934120178223,0.512578010559082
5,5576124,3333,5, of,6.0549397468566895,1.0,0.0001919865608215332,0.7025994062423706
5,5576124,3333,10, is,2.5615487098693848,1.0,0.00012511014938354492,0.7824425101280212
5,7259949,3804,10, is,3.619845151901245,1.0,0.00014495849609375,0.7551959753036499
5,7894345,3967,10, is,4.088672637939453,1.0,0.00011801719665527344,0.794871985912323
5,7993995,3992,1,Fact,23.233030319213867,1.0,0.0006461441516876221,0.470063716173172
5,9024870,4242,2,:,4.993316650390625,1.0,0.00014352798461914062,0.7575039863586426
5,9058890,4250,10, is,4.428280830383301,1.0,0.00012606382369995117,0.780936598777771
5,9823522,4426,9, Tucson,4.562473773956299,1.0,0.00018966197967529297,0.7054610848426819
5,10911450,4665,8, containing,2.81630277633667,1.0,0.00011831521987915039,0.7945176362991333
5,10911450,4665,10, is,3.0398688316345215,1.0,0.00012832880020141602,0.7781383991241455
5,14249785,5332,9, Tucson,3.2668843269348145,1.0,0.00012201070785522461,0.7888599038124084
5,23988195,6920,4, capital,3.7284977436065674,1.0,0.0001156926155090332,0.7996599078178406
5,25173054,7089,9, Tucson,5.108741283416748,1.0,0.00022727251052856445,0.6718689799308777
5,26118372,7221,5, of,7.906457901000977,1.0,0.00016266107559204102,0.735171377658844
5,27169500,7365,2,:,5.223889350891113,1.0,0.00011616945266723633,0.7986165881156921
5,28091254,7489,1,Fact,9.18868637084961,1.0,0.000244140625,0.6544463038444519
5,33747214,8209,8, containing,5.6050615310668945,1.0,0.0002078413963317871,0.6902317404747009
5,33952914,8234,2,:,6.1147661209106445,1.0,0.00015485286712646484,0.7454938888549805
5,40783990,9025,8, containing,4.61583137512207,1.0,0.00015234947204589844,0.7476414442062378
5,41001034,9049,2,:,5.499032974243164,1.0,0.00014972686767578125,0.7500545382499695
5,45625122,9546,8, containing,3.8548362255096436,1.0,0.00011664628982543945,0.7974531650543213
5,48280045,9820,8, containing,3.455385208129883,1.0,0.00012761354446411133,0.7787783145904541
5,49625697,9956,8, containing,3.0464017391204834,1.0,0.00014775991439819336,0.7516879439353943
5,55277349,10508,9, Tucson,6.972835063934326,1.0,0.00027042627334594727,0.6329890489578247
5,58649859,10824,4, capital,4.419875621795654,1.0,0.00011849403381347656,0.7941623330116272
5,58649859,10824,9, Tucson,4.869078159332275,1.0,0.00016999244689941406,0.7270310521125793
5,58682355,10827,2,:,6.720763683319092,1.0,0.00025266408920288086,0.6454858183860779
5,63828045,11292,9, Tucson,4.425478935241699,1.0,0.0001767873764038086,0.7197650671005249
5,66996094,11569,2,:,6.098654747009277,1.0,0.00024300813674926758,0.6559069752693176
5,71694319,11968,4, capital,2.919323444366455,1.0,0.00011724233627319336,0.7965176105499268
5,76873794,12393,7, state,10.986194610595703,1.0,0.00041431188583374023,0.5474655032157898
5,77383014,12434,9, Tucson,14.211071014404297,1.0,0.002048403024673462,0.340752512216568
5,77445229,12439,8, containing,5.711871147155762,1.0,0.00019425153732299805,0.7006704807281494
5,82272372,12821,9, Tucson,3.9414148330688477,1.0,0.0001327991485595703,0.7723965048789978
5,82272372,12821,10, is,5.743461608886719,1.0,0.0001963973045349121,0.6983277201652527
5,83043822,12881,5, of,6.243866443634033,1.0,0.00018477439880371094,0.7120067477226257
5,91320849,13508,9, Tucson,3.516228675842285,1.0,0.00041162967681884766,0.5495310425758362
5,94331974,13729,7, state,7.0388054847717285,1.0,0.00013130903244018555,0.7746415734291077
5,96931920,13917,10, is,5.33561897277832,1.0,0.0001767873764038086,0.7201185822486877
5,102366580,14302,2,:,8.435171127319336,1.0,0.0002307891845703125,0.6666049957275391
5,102853647,14336,10, is,3.7657320499420166,1.0,0.00013822317123413086,0.7639896869659424
5,105960397,14551,4, capital,3.5445284843444824,1.0,0.00012314319610595703,0.786409318447113
5,105960397,14551,5, of,5.988275527954102,1.0,0.00018578767776489258,0.7105250954627991
5,111683979,14939,10, is,2.795600652694702,1.0,0.00011622905731201172,0.7982679605484009
5,114390369,15119,9, Tucson,3.9971394538879395,1.0,0.00014841556549072266,0.7507998943328857
5,118110759,15363,8, containing,5.881474018096924,1.0,0.0001335740089416504,0.7707988619804382
5,123472749,15708,5, of,4.233659267425537,1.0,0.00011813640594482422,0.7947539687156677
5,125207394,15818,7, state,3.8608016967773438,1.0,0.00016123056411743164,0.7371125817298889
6,-1,6,1,Fact,,1.0,0.0002741217613220215,0.6289066076278687
6,-1,6,2,:,,1.0,0.0006012916564941406,0.4818960130214691
6,-1,6,3, The,,1.0,0.0002766251564025879,0.6269811987876892
6,-1,6,4, capital,,1.0,0.00047320127487182617,0.5217650532722473
6,-1,6,5, of,,1.0,0.0006447732448577881,0.4707084894180298
6,-1,6,6, the,,1.0,0.00014698505401611328,0.752866268157959
6,-1,6,7, state,,1.0,0.0004763603210449219,0.5198659896850586
6,-1,6,8, containing,,1.0,0.0005036592483520508,0.5065821409225464
6,-1,6,9, Tucson,,1.0,0.0005121231079101562,0.5040451884269714
6,-1,6,10, is,,1.0,0.0008078217506408691,0.4402807354927063
6,17384,179,10, is,2.2686548233032227,1.0,0.00015866756439208984,0.7412629723548889
6,132348,507,4, capital,7.663576602935791,1.0,0.00014591217041015625,0.7535971999168396
6,207039,636,4, capital,8.390569686889648,1.0,0.00022995471954345703,0.6670652031898499
6,255963,708,10, is,2.8166465759277344,1.0,0.00014525651931762695,0.7546159029006958
6,576194,1066,2,:,3.3810393810272217,1.0,0.00015926361083984375,0.7393547296524048
6,810894,1266,9, Tucson,5.829925060272217,1.0,0.0002402663230895996,0.6592904925346375
6,1087068,1467,10, is,5.8116044998168945,1.0,0.00018900632858276367,0.7060283422470093
6,1857621,1920,4, capital,7.929851531982422,1.0,0.00016307830810546875,0.7348460555076599
6,1857621,1920,5, of,7.46436882019043,1.0,0.00017648935317993164,0.7206484079360962
6,1857621,1920,10, is,4.359231948852539,1.0,0.00012344121932983398,0.7855461835861206
6,2392571,2180,9, Tucson,5.872134685516357,1.0,0.0006579160690307617,0.4694175720214844
6,2586668,2267,2,:,19.678316116333008,1.0,0.00019758939743041992,0.6977363228797913
6,2586668,2267,4, capital,21.371322631835938,1.0,0.00013816356658935547,0.7641278505325317
6,2586668,2267,5, of,20.813705444335938,1.0,0.00013905763626098633,0.7630187273025513
6,2586668,2267,7, state,19.34756088256836,1.0,0.00016504526138305664,0.7327144145965576
6,2586668,2267,8, containing,15.311482429504395,1.0,0.00014406442642211914,0.7566413879394531
6,2586668,2267,9, Tucson,19.666601181030273,1.0,0.00026810169219970703,0.6337946653366089
6,2586668,2267,10, is,15.24884033203125,1.0,0.0004127621650695801,0.5487067103385925
6,2727273,2328,10, is,3.4603476524353027,1.0,0.0001327991485595703,0.7721309065818787
6,2939093,2417,10, is,4.136127471923828,1.0,0.00012296438217163086,0.7869013547897339
6,3441369,2616,9, Tucson,3.217423915863037,1.0,0.00012189149856567383,0.7889817953109741
6,4145753,2872,7, state,3.6739416122436523,1.0,0.00013387203216552734,0.7706652879714966
6,6077834,3479,8, containing,5.147219657897949,1.0,0.00012004375457763672,0.7926117777824402
6,6593889,3624,8, containing,6.557819843292236,1.0,0.0001590251922607422,0.7404688596725464
6,7533014,3874,4, capital,6.325732707977295,1.0,0.00011622905731201172,0.7985004186630249
6,8078183,4012,7, state,14.263773918151855,1.0,0.00044035911560058594,0.535951554775238
6,8817893,4192,2,:,5.741747856140137,1.0,0.0001722574234008789,0.7242941856384277
6,9607529,4376,2,:,5.764809608459473,1.0,0.0001405477523803711,0.7613422274589539
6,10231019,4516,1,Fact,11.584635734558105,1.0,0.00020009279251098633,0.696144700050354
6,10902108,4662,4, capital,15.058185577392578,1.0,0.0004858970642089844,0.5160182118415833
6,10902108,4662,5, of,14.100217819213867,1.0,0.00032830238342285156,0.5931873917579651
6,10902108,4662,10, is,5.432240962982178,1.0,0.000363767147064209,0.5725780725479126
6,11817084,4854,5, of,7.643853187561035,1.0,0.0001914501190185547,0.7033659219741821
6,11817084,4854,8, containing,5.411931037902832,1.0,0.00016194581985473633,0.7358199954032898
6,12713396,5035,2,:,6.165718078613281,1.0,0.00014030933380126953,0.7617635130882263
6,13699988,5227,10, is,3.117429733276367,1.0,0.00017219781875610352,0.7244663834571838
6,14837621,5440,7, state,4.485515594482422,1.0,0.00016617774963378906,0.7310587763786316
6,18261939,6036,10, is,3.0648882389068604,1.0,0.00011980533599853516,0.7929713129997253
6,18589746,6090,2,:,5.545151710510254,1.0,0.00014716386795043945,0.7525722980499268
6,20278889,6361,9, Tucson,12.978767395019531,1.0,0.0006414651870727539,0.47263550758361816
6,22575833,6712,9, Tucson,7.3251495361328125,1.0,0.00013047456741333008,0.7752951383590698
6,27494813,7408,5, of,6.113818645477295,1.0,0.00015014410018920898,0.7496049404144287
6,27561593,7417,4, capital,6.617158889770508,1.0,0.00014060735702514648,0.7610611319541931
6,27784778,7447,7, state,6.110217571258545,1.0,0.00019878149032592773,0.6973405480384827
6,29926709,7729,2,:,9.707892417907715,1.0,0.00019532442092895508,0.6993067860603333
6,31201043,7892,2,:,2.332585573196411,1.0,0.00011658668518066406,0.7976863980293274
6,34051871,8245,2,:,4.45762825012207,1.0,0.00013786554336547852,0.7652318477630615
6,36555518,8543,10, is,2.478794574737549,1.0,0.0001291036605834961,0.7769796252250671
6,37588778,8663,10, is,3.8042454719543457,1.0,0.00014740228652954102,0.7521306276321411
6,38180684,8731,9, Tucson,4.448054790496826,1.0,0.00011742115020751953,0.7960484027862549
6,41537048,9107,7, state,7.218607425689697,1.0,0.00015056133270263672,0.749003529548645
6,42573371,9220,10, is,4.675843238830566,1.0,0.0003142356872558594,0.6024867296218872
6,43809473,9353,9, Tucson,2.995481014251709,1.0,0.00013524293899536133,0.7686448097229004
6,46885079,9676,7, state,5.285919189453125,1.0,0.00013840198516845703,0.7638514637947083
6,48329189,9824,9, Tucson,7.9836931228637695,1.0,0.00025576353073120117,0.6431990265846252
6,48733121,9865,9, Tucson,8.833481788635254,1.0,0.00016438961029052734,0.7337018251419067
6,51252743,10117,2,:,3.7854056358337402,1.0,0.00014889240264892578,0.750651478767395
6,55004309,10481,9, Tucson,3.910116672515869,1.0,0.00017958879470825195,0.7163786888122559
6,56185293,10593,9, Tucson,4.5884222984313965,1.0,0.00011801719665527344,0.7949900031089783
6,58282199,10789,10, is,6.966916084289551,1.0,0.0003374814987182617,0.5858631730079651
6,59247048,10878,5, of,4.110676288604736,1.0,0.00012159347534179688,0.78959059715271
6,60186899,10964,10, is,1.931833028793335,1.0,0.0001188516616821289,0.7936877012252808
6,64496396,11350,2,:,4.6155524253845215,1.0,0.00013774633407592773,0.7655074596405029
6,64928703,11388,9, Tucson,5.757543087005615,1.0,0.0005515813827514648,0.49343234300613403
6,69225254,11759,9, Tucson,5.584327697753906,1.0,0.0001907944679260254,0.7041301727294922
6,73683723,12132,8, containing,12.050365447998047,1.0,0.0006152093410491943,0.4776524603366852
6,74438294,12194,9, Tucson,8.268762588500977,1.0,0.00021249055862426758,0.686661958694458
6,75405333,12273,9, Tucson,2.6563239097595215,1.0,0.00029903650283813477,0.6126025319099426
6,77644484,12454,8, containing,5.618625640869141,1.0,0.00023919343948364258,0.6600092053413391
6,79764758,12623,2,:,3.068727493286133,1.0,0.00012242794036865234,0.7877599000930786
6,81683364,12774,7, state,5.655013084411621,1.0,0.00012373924255371094,0.7849285006523132
6,84857871,13020,2,:,5.84635591506958,1.0,0.00012230873107910156,0.7883716225624084
6,86717858,13162,8, containing,2.7797465324401855,1.0,0.00011688470840454102,0.7972197532653809
6,93236333,13648,2,:,8.24593448638916,1.0,0.00022661685943603516,0.6732305884361267
6,96834479,13909,9, Tucson,5.654307842254639,1.0,0.00022685527801513672,0.6727770566940308
6,98413428,14022,2,:,7.6082048416137695,1.0,0.0001850724220275879,0.7116369009017944
6,100033433,14137,10, is,2.9934558868408203,1.0,0.00014162063598632812,0.7603559494018555
6,111758718,14943,9, Tucson,2.1699719429016113,1.0,0.00016838312149047852,0.7283838987350464
6,117037343,15292,7, state,7.869970321655273,1.0,0.00022906064987182617,0.6689013838768005
6,122954714,15674,4, capital,4.518448352813721,1.0,0.00012731552124023438,0.7794154286384583
6,122954714,15674,5, of,6.770615100860596,1.0,0.0001850724220275879,0.711821973323822
6,123064509,15681,9, Tucson,3.8228020668029785,1.0,0.00011819601058959961,0.7946358323097229
6,125096646,15810,9, Tucson,3.970067024230957,1.0,0.0001284480094909668,0.7780100703239441
6,126397043,15892,9, Tucson,2.6582608222961426,1.0,0.0001456141471862793,0.7540342807769775
6,129757988,16102,9, Tucson,5.7115797996521,1.0,0.00018262863159179688,0.7140252590179443
7,-1,7,2,:,,1.0,0.0004981756210327148,0.511087954044342
7,-1,7,3, The,,1.0,0.00014382600784301758,0.757073163986206
7,-1,7,4, capital,,1.0,0.0003662705421447754,0.57002192735672
7,-1,7,5, of,,1.0,0.000316619873046875,0.5999669432640076
7,-1,7,7, state,,1.0,0.0003269314765930176,0.5948249101638794
7,-1,7,8, containing,,1.0,0.0007413327693939209,0.4534326195716858
7,-1,7,9, Tucson,,1.0,0.000806659460067749,0.44108739495277405
7,-1,7,10, is,,1.0,0.0011900067329406738,0.39959582686424255
7,110677,462,1,Fact,24.655515670776367,1.0,0.00042372941970825195,0.542431116104126
7,244642,691,4, capital,18.203643798828125,1.0,0.0002491474151611328,0.6502458453178406
7,244642,691,5, of,21.865022659301758,1.0,0.0003979802131652832,0.55559903383255
7,244642,691,8, containing,5.734262943267822,1.0,0.0001875162124633789,0.7079126238822937
7,244642,691,10, is,16.66020393371582,1.0,0.0005561709403991699,0.49288076162338257
7,434770,924,5, of,5.51258659362793,1.0,0.00011605024337768555,0.7989648580551147
7,554923,1045,10, is,6.490616321563721,1.0,0.0003160834312438965,0.6002830266952515
7,652645,1134,9, Tucson,4.980862617492676,1.0,0.0001398921012878418,0.7620434761047363
7,1078238,1460,10, is,5.809226036071777,1.0,0.00032711029052734375,0.5944979786872864
7,1422133,1678,7, state,9.998819351196289,1.0,0.0001704096794128418,0.7265205979347229
7,2706293,2318,10, is,4.667370319366455,1.0,0.0002237558364868164,0.6768332123756409
7,4828270,3099,4, capital,37.213531494140625,1.0,0.00013494491577148438,0.7697252631187439
7,4828270,3099,9, Tucson,17.009937286376953,1.0,0.00019949674606323242,0.6967438459396362
7,4828270,3099,10, is,10.443800926208496,1.0,0.00020551681518554688,0.6922961473464966
7,5029198,3163,10, is,4.209448337554932,1.0,0.00012230873107910156,0.7882493138313293
7,8239762,4051,8, containing,5.445855140686035,1.0,0.00013250112533569336,0.7725290060043335
7,8239762,4051,10, is,7.385867118835449,1.0,0.00032514333724975586,0.5958014726638794
7,11943820,4879,9, Tucson,2.3059048652648926,1.0,0.00013178586959838867,0.7742469906806946
7,13569437,5201,2,:,8.2390718460083,1.0,0.00012546777725219727,0.7816908955574036
7,16528367,5741,1,Fact,23.10138702392578,1.0,0.00036776065826416016,0.5696556568145752
7,17871223,5970,9, Tucson,4.116045951843262,1.0,0.00014960765838623047,0.7502041459083557
7,22879222,6756,1,Fact,16.794574737548828,1.0,0.0002562999725341797,0.6421750783920288
7,23293717,6817,5, of,7.775739669799805,1.0,0.00012058019638061523,0.7918899059295654
7,23753270,6884,5, of,9.92026424407959,1.0,0.0001373291015625,0.7660574913024902
7,23753270,6884,7, state,7.593416213989258,1.0,0.00012969970703125,0.7759447693824768
7,23753270,6884,8, containing,5.055560111999512,1.0,0.00012105703353881836,0.7908032536506653
7,23753270,6884,9, Tucson,4.696498870849609,1.0,0.0001227855682373047,0.7871469855308533
7,23753270,6884,10, is,6.922346115112305,1.0,0.00029021501541137695,0.6187906265258789
7,25151770,7084,9, Tucson,3.014636993408203,1.0,0.00011980533599853516,0.7928515076637268
7,25708027,7162,10, is,3.2033145427703857,1.0,0.0002205967903137207,0.6799415349960327
7,31956007,7986,2,:,8.089722633361816,1.0,0.0001448988914489746,0.7553408741950989
7,47848645,9774,8, containing,8.104570388793945,1.0,0.00017660856246948242,0.7204719185829163
7,47848645,9774,10, is,6.832428932189941,1.0,0.00032585859298706055,0.5951507687568665
7,52741577,10262,10, is,6.416743278503418,1.0,0.00015747547149658203,0.7422116994857788
7,55709282,10547,8, containing,6.862661361694336,1.0,0.00022792816162109375,0.6711861491203308
7,55709282,10547,10, is,5.519069671630859,1.0,0.0002218484878540039,0.6786143183708191
7,61988537,11126,9, Tucson,5.90378475189209,1.0,0.00014156103134155273,0.760497510433197
7,63850642,11292,9, Tucson,5.335881233215332,1.0,0.00022709369659423828,0.6723232865333557
7,69767570,11804,10, is,5.605976104736328,1.0,0.00032138824462890625,0.5977359414100647
7,82092883,12805,9, Tucson,7.935715198516846,1.0,0.00042563676834106445,0.5415829420089722
7,87602458,13228,10, is,2.4353060722351074,1.0,0.00011867284774780273,0.7940438389778137
7,89934158,13403,8, containing,8.65476131439209,1.0,0.0003681182861328125,0.5678166151046753
7,99355648,14088,10, is,2.585244655609131,1.0,0.00011610984802246094,0.7987326979637146
7,106397570,14579,9, Tucson,6.323121547698975,1.0,0.00013786554336547852,0.765369713306427
7,124228195,15754,2,:,5.122147560119629,1.0,0.00011748075485229492,0.7958135008811951
7,131617192,16216,9, Tucson,7.7035393714904785,1.0,0.00024074316024780273,0.6588099002838135
8,-1,8,2,:,,1.0,0.0003954768180847168,0.5567871928215027
8,-1,8,3, The,,1.0,0.00013244152069091797,0.7730588316917419
8,-1,8,4, capital,,1.0,0.0004036426544189453,0.5535963177680969
8,-1,8,5, of,,1.0,0.0005006790161132812,0.5090907216072083
8,-1,8,7, state,,1.0,0.0004075169563293457,0.5511643290519714
8,-1,8,8, containing,,1.0,0.0009304583072662354,0.4289804697036743
8,-1,8,9, Tucson,,1.0,0.0005148053169250488,0.5030184984207153
8,-1,8,10, is,,1.0,0.0011937320232391357,0.3984058201313019
8,621,26,2,:,6.553757667541504,1.0,0.00012803077697753906,0.7783947587013245
8,379747,862,10, is,3.2229692935943604,1.0,0.00013506412506103516,0.7693203687667847
8,579417,1067,7, state,9.384960174560547,1.0,0.0001385807991027832,0.7637130618095398
8,930921,1355,5, of,7.35861873626709,1.0,0.00013512372970581055,0.7691853046417236
8,2673819,2303,10, is,4.057926177978516,1.0,0.00021451711654663086,0.6851656436920166
8,3373494,2588,9, Tucson,6.637508869171143,1.0,0.00013625621795654297,0.7674243450164795
8,4831377,3099,9, Tucson,26.911033630371094,1.0,0.00022923946380615234,0.6686723232269287
8,4831377,3099,10, is,8.025360107421875,1.0,0.00012117624282836914,0.7904399037361145
8,5646471,3351,5, of,8.139745712280273,1.0,0.0001266002655029297,0.7804317474365234
8,5646471,3351,10, is,5.980802536010742,1.0,0.00017344951629638672,0.7222212553024292
8,8419347,4094,8, containing,4.055727958679199,1.0,0.00016796588897705078,0.7288880348205566
8,12642897,5019,10, is,6.254349708557129,1.0,0.00013208389282226562,0.7735877633094788
8,13150747,5119,9, Tucson,8.760249137878418,1.0,0.0005113482475280762,0.5045565366744995
8,13294737,5147,10, is,3.4807186126708984,1.0,0.00015282630920410156,0.7471837997436523
8,18914316,6141,9, Tucson,7.8427300453186035,1.0,0.00018870830535888672,0.7067835927009583
8,20940147,6462,9, Tucson,4.943087100982666,1.0,0.0001780986785888672,0.7183455228805542
8,20940147,6462,10, is,6.784063816070557,1.0,0.00016736984252929688,0.7297263145446777
8,21875796,6605,9, Tucson,7.38066291809082,1.0,0.00013750791549682617,0.7659201622009277
8,25500502,7132,10, is,3.968193531036377,1.0,0.00014394521713256836,0.756929337978363
8,29518077,7674,2,:,12.034004211425781,1.0,0.00021666288375854492,0.6832266449928284
8,31724586,7956,10, is,8.035272598266602,1.0,0.00016105175018310547,0.737273633480072
8,33028119,8118,7, state,6.668729782104492,1.0,0.00011843442916870117,0.7943993210792542
8,35410311,8406,1,Fact,14.844167709350586,1.0,0.00012385845184326172,0.7848047614097595
8,38847696,8805,2,:,10.523275375366211,1.0,0.00016200542449951172,0.7359820008277893
8,41573512,9109,10, is,3.472222328186035,1.0,0.0001760721206665039,0.7208244800567627
8,42278601,9186,9, Tucson,3.565502166748047,1.0,0.0002199411392211914,0.6812629699707031
8,43687869,9338,10, is,13.70854377746582,1.0,0.0004850625991821289,0.5165032744407654
8,46459971,9630,10, is,2.9245643615722656,1.0,0.00014442205429077148,0.7560644745826721
8,60461497,10987,7, state,7.623099327087402,1.0,0.00011771917343139648,0.7952256798744202
8,60461497,10987,8, containing,5.924874305725098,1.0,0.00012171268463134766,0.7894690036773682
8,62512962,11172,10, is,8.848917961120605,1.0,0.00031441450119018555,0.6021724939346313
8,67135069,11578,10, is,4.242880821228027,1.0,0.00014400482177734375,0.7567853927612305
8,81555597,12762,9, Tucson,8.057454109191895,1.0,0.0002034306526184082,0.6935223340988159
8,81555597,12762,10, is,8.350482940673828,1.0,0.00034683942794799805,0.5814173817634583
8,91794466,13540,10, is,4.409716606140137,1.0,0.00021982192993164062,0.6817026734352112
8,101966331,14271,9, Tucson,9.838346481323242,1.0,0.0010091662406921387,0.42233335971832275
8,107142832,14629,8, containing,6.420658111572266,1.0,0.00015741586685180664,0.7423691153526306
8,107318566,14641,9, Tucson,4.980559349060059,1.0,0.00036829710006713867,0.5674484968185425
8,113710731,15071,10, is,2.8520073890686035,1.0,0.00020843744277954102,0.6896078586578369
8,123960376,15736,2,:,7.6138811111450195,1.0,0.00014507770538330078,0.7547609806060791
8,131763252,16224,8, containing,5.746870517730713,1.0,0.0001251697540283203,0.7821921706199646
8,132397119,16263,8, containing,10.807008743286133,1.0,0.0002562403678894043,0.6424313187599182
9,-1,9,2,:,,1.0,0.00038444995880126953,0.560672402381897
9,-1,9,4, capital,,1.0,0.00014609098434448242,0.7533054351806641
9,-1,9,5, of,,1.0,0.0002499818801879883,0.6484982967376709
9,-1,9,7, state,,1.0,0.00018900632858276367,0.706217348575592
9,-1,9,8, containing,,1.0,0.0005840063095092773,0.4860428273677826
9,-1,9,9, Tucson,,1.0,0.0015838146209716797,0.3620350658893585
9,-1,9,10, is,,1.0,0.0009770393371582031,0.4242907166481018
9,4268,82,9, Tucson,6.4974541664123535,1.0,0.00013494491577148438,0.7695903182029724
9,8505,120,8, containing,5.561038970947266,1.0,0.0001208186149597168,0.791286826133728
9,19100,185,10, is,3.6207008361816406,1.0,0.0001481771469116211,0.7510964870452881
9,35235,255,8, containing,7.9664225578308105,1.0,0.0001239180564880371,0.7841853499412537
9,1951290,1965,10, is,4.539342880249023,1.0,0.00016379356384277344,0.7340294718742371
9,2614031,2276,9, Tucson,5.96697473526001,1.0,0.00012558698654174805,0.7814398407936096
9,2968256,2426,10, is,7.197427749633789,1.0,0.00026875734329223633,0.6332578063011169
9,3843368,2762,1,Fact,33.433963775634766,1.0,0.0004086494445800781,0.5503488779067993
9,4003025,2819,9, Tucson,8.672294616699219,1.0,0.00030481815338134766,0.6086793541908264
9,4701701,3056,1,Fact,47.023170471191406,1.0,0.0003948807716369629,0.5571820735931396
9,5335001,3256,5, of,7.628578186035156,1.0,0.00012481212615966797,0.7826923727989197
9,5335001,3256,10, is,8.084084510803223,1.0,0.0002364516258239746,0.6628604531288147
9,5956416,3441,10, is,5.434002876281738,1.0,0.00014841556549072266,0.7509483098983765
9,7591346,3886,10, is,8.854179382324219,1.0,0.0002556443214416504,0.6434546709060669
9,8505740,4114,8, containing,9.884330749511719,1.0,0.00013554096221923828,0.7683742642402649
9,10376280,4545,9, Tucson,4.935546875,1.0,0.0001633763313293457,0.7343565821647644
9,11831670,4854,10, is,5.762032508850098,1.0,0.00024265050888061523,0.656392514705658
9,14474880,5370,10, is,2.975187301635742,1.0,0.00012618303298950195,0.7806844711303711
9,15404015,5540,9, Tucson,4.282177925109863,1.0,0.00011754035949707031,0.7955784797668457
9,16562880,5745,10, is,3.544184684753418,1.0,0.00014781951904296875,0.7515401840209961
9,31932026,7981,2,:,9.684377670288086,1.0,0.0001658797264099121,0.7312246561050415
9,34823675,8335,9, Tucson,4.747892379760742,1.0,0.00012362003326416016,0.7851758003234863
9,38548580,8770,1,Fact,42.04533767700195,1.0,0.00019085407257080078,0.7039393782615662
9,41737806,9126,2,:,8.668070793151855,1.0,0.00013780593872070312,0.765093982219696
9,53338946,10318,8, containing,10.603885650634766,1.0,0.00024318695068359375,0.6556639671325684
9,61344416,11066,10, is,6.3339738845825195,1.0,0.0001577138900756836,0.7420542240142822
9,67401845,11600,10, is,4.489286422729492,1.0,0.0002605915069580078,0.6390752792358398
9,78807725,12544,10, is,5.494261741638184,1.0,0.0002219080924987793,0.6783924698829651
9,79134480,12570,10, is,4.823663711547852,1.0,0.0002059340476989746,0.6916791796684265
9,80499006,12678,9, Tucson,6.0935163497924805,1.0,0.00013339519500732422,0.7710656523704529
9,85092525,13035,8, containing,8.340343475341797,1.0,0.00012606382369995117,0.780810534954071
9,91037261,13483,1,Fact,26.625062942504883,1.0,0.00020587444305419922,0.6918850541114807
9,125286525,15819,1,Fact,50.327842712402344,1.0,0.00022166967391967773,0.6790576577186584
9,125381520,15825,8, containing,6.5006513595581055,1.0,0.00014483928680419922,0.755630612373352
9,126731150,15910,2,:,7.584633827209473,1.0,0.00013560056686401367,0.7682387232780457
10,-1,10,2,:,,1.0,0.00026226043701171875,0.637508749961853
10,-1,10,4, capital,,1.0,0.00016456842422485352,0.7332083582878113
10,-1,10,5, of,,1.0,0.0003325343132019043,0.5905497670173645
10,-1,10,7, state,,1.0,0.0002472400665283203,0.6524819731712341
10,-1,10,8, containing,,1.0,0.0004788041114807129,0.5189118981361389
10,-1,10,9, Tucson,,1.0,0.0010892748832702637,0.40980780124664307
10,-1,10,10, is,,1.0,0.0006663203239440918,0.46810072660446167
10,7405465,3837,10, is,22.079998016357422,1.0,0.0002288222312927246,0.6695882081985474
10,59891029,10933,1,Fact,48.730525970458984,1.0,0.00016939640045166016,0.7275398969650269
10,72342395,12017,9, Tucson,8.582565307617188,1.0,0.00012129545211791992,0.7900762557983398
10,74951635,12232,1,Fact,39.398345947265625,1.0,0.00013881921768188477,0.763574481010437
10,86270669,13124,9, Tucson,5.439203262329102,1.0,0.0001189112663269043,0.7935688495635986
10,86441515,13137,10, is,6.268918037414551,1.0,0.00018870830535888672,0.7065948843955994
10,88637944,13303,10, is,5.643505573272705,1.0,0.00018858909606933594,0.7069721817970276
10,100614194,14174,1,Fact,55.09354782104492,1.0,0.0003585219383239746,0.5751031041145325
10,110224117,14836,5, of,8.947663307189941,1.0,0.00011944770812988281,0.7934499382972717
10,110224117,14836,10, is,4.393448829650879,1.0,0.0001665353775024414,0.7305596470832825
11,-1,11,2,:,,1.0,0.0002434849739074707,0.6551775932312012
11,-1,11,3, The,,1.0,0.0001653432846069336,0.7323840856552124
11,-1,11,4, capital,,1.0,0.00023353099822998047,0.6656767129898071
11,-1,11,5, of,,1.0,0.00018745660781860352,0.7081000804901123
11,-1,11,7, state,,1.0,0.00016021728515625,0.7380760312080383
11,-1,11,8, containing,,1.0,0.00040918588638305664,0.5499402284622192
11,-1,11,9, Tucson,,1.0,0.0011196732521057129,0.40650200843811035
11,-1,11,10, is,,1.0,0.001302957534790039,0.3872319757938385
11,43059,281,9, Tucson,8.865570068359375,1.0,0.00018584728240966797,0.7103393077850342
11,832683,1278,9, Tucson,8.972142219543457,1.0,0.00012183189392089844,0.7893472909927368
11,2222874,2096,9, Tucson,6.540520668029785,1.0,0.00011610984802246094,0.7988488078117371
11,5987518,3448,8, containing,15.302181243896484,1.0,0.00013178586959838867,0.7739834189414978
11,5987518,3448,10, is,14.644500732421875,1.0,0.0003554821014404297,0.5758155584335327
11,6324334,3544,9, Tucson,33.224369049072266,1.0,0.00018674135208129883,0.7088484168052673
11,19528113,6237,9, Tucson,12.08866024017334,1.0,0.00026345252990722656,0.6372464895248413
11,55952319,10566,10, is,12.209457397460938,1.0,0.00047773122787475586,0.5193896293640137
11,62703189,11186,1,Fact,84.13044738769531,1.0,0.00015234947204589844,0.7477937936782837
11,69602289,11786,10, is,5.757903099060059,1.0,0.0002713203430175781,0.6321764588356018
11,74878191,12225,10, is,5.520015716552734,1.0,0.00023704767227172852,0.6619141101837158
11,114874891,15145,9, Tucson,8.770906448364258,1.0,0.0002454519271850586,0.6537124514579773
12,-1,12,2,:,,1.0,0.00019121170043945312,0.7037485241889954
12,-1,12,4, capital,,1.0,0.00024580955505371094,0.6534669995307922
12,-1,12,5, of,,1.0,0.00019025802612304688,0.7047016024589539
12,-1,12,7, state,,1.0,0.0001742839813232422,0.7216997146606445
12,-1,12,8, containing,,1.0,0.0002970099449157715,0.6137938499450684
12,-1,12,9, Tucson,,1.0,0.0010316967964172363,0.4213241934776306
12,-1,12,10, is,,1.0,0.0015866756439208984,0.36045125126838684
12,2195547,2082,9, Tucson,9.135680198669434,1.0,0.00014537572860717773,0.7544706463813782
12,3955065,2799,9, Tucson,6.7291131019592285,1.0,0.00015926361083984375,0.7396731972694397
12,35427140,8404,9, Tucson,6.75938606262207,1.0,0.00012344121932983398,0.7859164476394653
12,36924108,8580,10, is,7.857975006103516,1.0,0.00022786855697631836,0.6714140176773071
12,54637818,10440,10, is,6.7229461669921875,1.0,0.00012129545211791992,0.7901975512504578
12,56652677,10631,10, is,16.0971622467041,1.0,0.0008519589900970459,0.4361429810523987
12,78206258,12493,1,Fact,66.01607513427734,1.0,0.00017154216766357422,0.7251536250114441
12,79512342,12597,2,:,14.533004760742188,1.0,0.00012254714965820312,0.78763747215271
12,91537202,13517,8, containing,12.01361083984375,1.0,0.00013571977615356445,0.7678317427635193
13,-1,13,2,:,,1.0,0.0002269148826599121,0.6730039715766907
13,-1,13,4, capital,,1.0,0.00018352270126342773,0.7129272818565369
13,-1,13,5, of,,1.0,0.00014716386795043945,0.7524251341819763
13,-1,13,8, containing,,1.0,0.00042176246643066406,0.5441197752952576
13,-1,13,9, Tucson,,1.0,0.0010457336902618408,0.41614484786987305
13,-1,13,10, is,,1.0,0.0014578402042388916,0.36649850010871887
13,5870437,3412,10, is,5.593408584594727,1.0,0.0001615285873413086,0.7366286516189575
13,15873781,5620,9, Tucson,10.543095588684082,1.0,0.0001296401023864746,0.7760744094848633
13,25010114,7058,10, is,12.245437622070312,1.0,0.00040793418884277344,0.5507568120956421
13,28671364,7558,10, is,8.667781829833984,1.0,0.00019472837448120117,0.7002814412117004
13,34907176,8341,10, is,12.284051895141602,1.0,0.00046199560165405273,0.52738356590271
13,37380967,8632,9, Tucson,12.263932228088379,1.0,0.00013905763626098633,0.7628796696662903
13,44674864,9438,10, is,9.334942817687988,1.0,0.00023806095123291016,0.6612018942832947
13,50526364,10038,10, is,5.387824058532715,1.0,0.00020778179168701172,0.6904395222663879
13,53742514,10353,10, is,5.473457336425781,1.0,0.0001316070556640625,0.7743785977363586
13,56461237,10612,9, Tucson,6.145352363586426,1.0,0.0001379847526550293,0.7648183107376099
13,62412364,11158,10, is,5.429539680480957,1.0,0.00015687942504882812,0.7431546449661255
13,79222564,12573,9, Tucson,12.713939666748047,1.0,0.00016170740127563477,0.7363055348396301
13,114996181,15151,10, is,6.260499000549316,1.0,0.0001239180564880371,0.7843092679977417
13,118156864,15358,8, containing,9.44167709350586,1.0,0.0001323223114013672,0.7731911540031433
14,-1,14,2,:,,1.0,0.00022017955780029297,0.6808229088783264
14,-1,14,4, capital,,1.0,0.00029718875885009766,0.6134968400001526
14,-1,14,5, of,,1.0,0.00019294023513793945,0.7016371488571167
14,-1,14,7, state,,1.0,0.00015968084335327148,0.7390359044075012
14,-1,14,8, containing,,1.0,0.00033468008041381836,0.5888835191726685
14,-1,14,9, Tucson,,1.0,0.0004496574401855469,0.5319480299949646
14,-1,14,10, is,,1.0,0.0017435848712921143,0.3538038432598114
14,3409951,2596,8, containing,33.19698715209961,1.0,0.00018364191055297852,0.7127437591552734
14,6935935,3709,5, of,22.030925750732422,1.0,0.00015610456466674805,0.7442497611045837
14,7370865,3824,10, is,8.962525367736816,1.0,0.0002734065055847168,0.6297276616096497
14,11393136,4758,10, is,8.667998313903809,1.0,0.00030094385147094727,0.6114059686660767
14,37389613,8632,9, Tucson,7.0749006271362305,1.0,0.0003820061683654785,0.5614365935325623
14,39209925,8840,9, Tucson,10.771672248840332,1.0,0.00018346309661865234,0.7131107449531555
14,43641138,9327,9, Tucson,9.524393081665039,1.0,0.0001590251922607422,0.7403098344802856
14,53680326,10346,10, is,14.60428237915039,1.0,0.0003694295883178711,0.5670801997184753
14,57464545,10705,4, capital,13.072966575622559,1.0,0.0001665949821472168,0.7300599217414856
14,79096738,12562,9, Tucson,7.0653533935546875,1.0,0.0005175471305847168,0.5019885301589966
14,93017965,13624,7, state,15.64811897277832,1.0,0.00020116567611694336,0.6951421499252319
14,101509861,14233,10, is,6.621915817260742,1.0,0.00015586614608764648,0.7445617318153381
14,121064565,15545,9, Tucson,26.58675193786621,1.0,0.005504816770553589,0.30101916193962097
15,-1,15,2,:,,1.0,0.00018781423568725586,0.7077251076698303
15,-1,15,4, capital,,1.0,0.00022721290588378906,0.6720961928367615
15,-1,15,5, of,,1.0,0.0002251267433166504,0.6750386953353882
15,-1,15,7, state,,1.0,0.00017690658569335938,0.7195882797241211
15,-1,15,8, containing,,1.0,0.0002282261848449707,0.6705020666122437
15,-1,15,9, Tucson,,1.0,0.0011019408702850342,0.4087185263633728
15,-1,15,10, is,,1.0,0.0022398829460144043,0.33870410919189453
15,39887,266,7, state,21.238773345947266,1.0,0.0001571178436279297,0.7428406476974487
15,1533860,1735,10, is,15.418871879577637,1.0,0.0003768801689147949,0.5648508667945862
15,2254610,2107,9, Tucson,11.911715507507324,1.0,0.00026684999465942383,0.6345962882041931
15,3214364,2519,10, is,10.842461585998535,1.0,0.0001583695411682129,0.741738498210907
15,10172289,4494,4, capital,68.67831420898438,1.0,0.000767827033996582,0.4489196538925171
15,10172289,4494,5, of,29.19379425048828,1.0,0.00022399425506591797,0.6763856410980225
15,11146265,4705,10, is,7.1900482177734375,1.0,0.0002484321594238281,0.651738703250885
15,46623980,9640,7, state,27.183032989501953,1.0,0.0002003312110900879,0.695944607257843
15,54983325,10470,9, Tucson,13.346495628356934,1.0,0.00014585256576538086,0.7534512877464294
15,65763230,11452,9, Tucson,7.7373456954956055,1.0,0.00013649463653564453,0.7670154571533203
15,71730237,11961,10, is,8.866766929626465,1.0,0.0003503561019897461,0.5786334872245789
15,73805159,12133,9, Tucson,8.101234436035156,1.0,0.00020951032638549805,0.6889816522598267
15,82619069,12838,9, Tucson,7.074099540710449,1.0,0.00012987852096557617,0.775555431842804
15,114057840,15087,9, Tucson,7.703327178955078,1.0,0.0002518296241760254,0.6462423205375671
16,-1,16,2,:,,1.0,0.00012600421905517578,0.7810626029968262
16,-1,16,5, of,,1.0,0.00015020370483398438,0.7494547963142395
16,-1,16,9, Tucson,,1.0,0.0007049739360809326,0.4598757028579712
16,-1,16,10, is,,1.0,0.0018994510173797607,0.3466256856918335
16,1533859,1734,9, Tucson,17.03585433959961,1.0,0.0001252889633178711,0.7819416522979736
16,6943384,3709,9, Tucson,13.368733406066895,1.0,0.00013750791549682617,0.7657826542854309
16,9311753,4298,10, is,20.79694366455078,1.0,0.001126408576965332,0.40538233518600464
16,12693224,5021,10, is,16.03805160522461,1.0,0.0004952549934387207,0.5130732655525208
16,15127733,5483,10, is,11.766534805297852,1.0,0.0004361867904663086,0.5381405353546143
16,21180269,6491,10, is,14.114203453063965,1.0,0.00033730268478393555,0.586200475692749
16,25837249,7171,4, capital,43.29798126220703,1.0,0.0001175999641418457,0.7954609394073486
16,45501013,9522,10, is,22.7861385345459,1.0,0.00045043230056762695,0.531498372554779
16,52219073,10202,10, is,8.387568473815918,1.0,0.00034183263778686523,0.5838269591331482
16,80587843,12678,9, Tucson,27.54135513305664,1.0,0.00037032365798950195,0.5667107701301575
16,81211123,12727,9, Tucson,14.938821792602539,1.0,0.00026154518127441406,0.6380324959754944
16,91320838,13497,10, is,7.430201530456543,1.0,0.00026041269302368164,0.6395961046218872
16,116136403,15223,10, is,29.106494903564453,1.0,0.0004538893699645996,0.5305965542793274
17,-1,17,7, state,,1.0,0.00017207860946655273,0.7246384620666504
17,-1,17,9, Tucson,,1.0,0.0014529824256896973,0.36795148253440857
17,-1,17,10, is,,1.0,0.0022440850734710693,0.3364642262458801
17,103267,436,10, is,13.711183547973633,1.0,0.0005706548690795898,0.49063974618911743
17,296047,751,10, is,10.452472686767578,1.0,0.00044536590576171875,0.534181535243988
17,17049862,5821,10, is,19.776866912841797,1.0,0.0006018877029418945,0.481294721364975
17,20234323,6343,10, is,8.803380966186523,1.0,0.00023025274276733398,0.6668352484703064
17,23150592,6786,10, is,7.966251373291016,1.0,0.00030177831649780273,0.6111050248146057
17,25894788,7178,10, is,30.449617385864258,1.0,0.0006169974803924561,0.477037250995636
17,30306987,7767,9, Tucson,46.52692413330078,1.0,0.00015336275100708008,0.7465713620185852
17,30306987,7767,10, is,18.043611526489258,1.0,0.00022614002227783203,0.674136221408844
17,42721128,9225,9, Tucson,10.248922348022461,1.0,0.00016230344772338867,0.7353336811065674
17,46373247,9612,10, is,10.49380874633789,1.0,0.00034862756729125977,0.5796811580657959
17,57947977,10747,10, is,12.468430519104004,1.0,0.0006373822689056396,0.4732728898525238
17,60077223,10943,9, Tucson,14.542254447937012,1.0,0.00015205144882202148,0.7480980753898621
17,83159838,12878,9, Tucson,10.283769607543945,1.0,0.00014483928680419922,0.7557754516601562
17,88026528,13250,7, state,73.12593841552734,1.0,0.00013709068298339844,0.7661945819854736
18,-1,18,4, capital,,1.0,0.00012028217315673828,0.7923716306686401
18,-1,18,9, Tucson,,1.0,0.00038570165634155273,0.5599031448364258
18,-1,18,10, is,,1.0,0.001429915428161621,0.3722541034221649
18,546516,1026,10, is,13.15536117553711,1.0,0.0004051327705383301,0.552788496017456
18,6320771,3536,10, is,13.714187622070312,1.0,0.0008030831813812256,0.4418904781341553
18,7494237,3852,10, is,9.123740196228027,1.0,0.0003103017807006836,0.605603814125061
18,18730241,6101,10, is,21.586315155029297,1.0,0.0010609328746795654,0.41194358468055725
18,23540072,6842,9, Tucson,57.78004455566406,1.0,0.005386710166931152,0.3064058721065521
18,23540072,6842,10, is,35.001808166503906,1.0,0.0075664520263671875,0.2759338319301605
18,40306712,8959,10, is,42.96181106567383,1.0,0.0012676417827606201,0.3910975158214569
18,44514311,9416,10, is,9.049466133117676,1.0,0.00029397010803222656,0.6164546608924866
18,60208832,10954,9, Tucson,23.83858871459961,1.0,0.00024121999740600586,0.6585691571235657
18,71275811,11920,10, is,7.445462226867676,1.0,0.0003217458724975586,0.5974145531654358
19,-1,19,9, Tucson,,1.0,0.0003647804260253906,0.5722143054008484
19,-1,19,10, is,,1.0,0.0027674436569213867,0.3291932940483093
19,93076,411,10, is,6.984659194946289,1.0,0.00015801191329956055,0.7418965101242065
19,1073825,1445,10, is,42.585472106933594,1.0,0.0012613534927368164,0.3923588693141937
19,3024550,2439,10, is,18.140087127685547,1.0,0.000563889741897583,0.491203635931015
19,3686950,2695,10, is,10.630928039550781,1.0,0.0010748505592346191,0.4108826518058777
19,11894983,4857,10, is,14.17353630065918,1.0,0.0003470182418823242,0.5810705423355103
19,20914258,6447,9, Tucson,27.576656341552734,1.0,0.0009156465530395508,0.4317479729652405
19,20914258,6447,10, is,15.278982162475586,1.0,0.0012012720108032227,0.39721208810806274
19,90229441,13413,9, Tucson,25.53850555419922,1.0,0.00027316808700561523,0.6300008296966553
19,96750985,13890,10, is,10.614435195922852,1.0,0.0003477931022644043,0.5800289511680603
20,-1,20,9, Tucson,,1.0,0.00016051530838012695,0.7375950813293457
20,-1,20,10, is,,1.0,0.002975672483444214,0.32345619797706604
20,9159,114,10, is,6.788236618041992,1.0,0.0002834200859069824,0.6219359636306763
20,13820632,5236,10, is,12.451690673828125,1.0,0.0005323588848114014,0.49830150604248047
20,17626932,5916,10, is,56.89262771606445,1.0,0.0014786124229431152,0.36504065990448
20,18286107,6026,10, is,16.98706817626953,1.0,0.00027251243591308594,0.6302733421325684
20,43715904,9329,10, is,8.844099998474121,1.0,0.00014144182205200195,0.760638952255249
20,47623899,9738,9, Tucson,31.750761032104492,1.0,0.0003815293312072754,0.5621997117996216
20,47623899,9738,10, is,19.217918395996094,1.0,0.0007939040660858154,0.4426843822002411
20,51404709,10118,10, is,11.314520835876465,1.0,0.00027871131896972656,0.6258710026741028
20,52792929,10254,10, is,19.338314056396484,1.0,0.0006282329559326172,0.4751717150211334
20,67576104,11604,9, Tucson,14.187690734863281,1.0,0.00019246339797973633,0.702215313911438
20,114829414,15133,10, is,13.726533889770508,1.0,0.0004940629005432129,0.513567328453064
20,118387557,15366,10, is,8.683960914611816,1.0,0.00035125017166137695,0.5779321789741516
20,133865682,16341,9, Tucson,13.156656265258789,1.0,0.00024187564849853516,0.6578449010848999
20,134242284,16364,10, is,8.971010208129883,1.0,0.00042891502380371094,0.5403026938438416
21,-1,21,9, Tucson,,1.0,0.0003191828727722168,0.5990157723426819
21,-1,21,10, is,,1.0,0.0029696524143218994,0.32642585039138794
21,6902448,3693,9, Tucson,22.266162872314453,1.0,0.00022900104522705078,0.6693593859672546
21,6902448,3693,10, is,38.93193817138672,1.0,0.0006943941116333008,0.4626685678958893
21,7405454,3826,10, is,9.62964153289795,1.0,0.0002658367156982422,0.6353954076766968
21,13904879,5251,10, is,7.79066276550293,1.0,0.00015115737915039062,0.7484005093574524
21,14175128,5302,10, is,7.942289352416992,1.0,0.0001480579376220703,0.7512445449829102
21,16991513,5807,10, is,13.747681617736816,1.0,0.00035262107849121094,0.5772287249565125
21,17793573,5943,10, is,58.5277214050293,1.0,0.005709469318389893,0.2955143451690674
21,40811073,9012,10, is,8.702472686767578,1.0,0.00017958879470825195,0.7165582776069641
21,53649239,10336,10, is,19.39319610595703,1.0,0.0006216168403625488,0.47642025351524353
21,69696699,11784,10, is,14.460699081420898,1.0,0.0002721548080444336,0.6310902237892151
21,75270293,12247,10, is,8.869302749633789,1.0,0.00029927492141723633,0.6117052435874939
21,83728248,12918,10, is,14.131048202514648,1.0,0.00018680095672607422,0.708661675453186
21,112462481,14975,10, is,12.355981826782227,1.0,0.00048673152923583984,0.5155323147773743
21,118402944,15366,10, is,8.867506980895996,1.0,0.0003033876419067383,0.6095919609069824
22,-1,22,9, Tucson,,1.0,0.00013238191604614258,0.772926390171051
22,-1,22,10, is,,1.0,0.0041505396366119385,0.31055641174316406
22,1462,31,10, is,17.126811981201172,1.0,0.00021183490753173828,0.6875106692314148
22,1271192,1571,10, is,36.95899963378906,1.0,0.0010360181331634521,0.4192579686641693
22,9169880,4259,10, is,7.818521499633789,1.0,0.00022095441818237305,0.6795002222061157
22,12612730,4999,10, is,32.108558654785156,1.0,0.001705944538116455,0.35721635818481445
22,16470907,5716,10, is,33.923179626464844,1.0,0.0013989508152008057,0.3779151439666748
22,19515605,6224,10, is,7.657199859619141,1.0,0.0001646280288696289,0.7330437898635864
22,55698712,10531,10, is,14.037899017333984,1.0,0.00018131732940673828,0.7151161432266235
22,63208123,11220,10, is,26.54529571533203,1.0,0.00020307302474975586,0.6939284801483154
22,91713173,13520,10, is,7.971836090087891,1.0,0.00019210577011108398,0.7024074196815491
22,93058880,13619,10, is,12.420726776123047,1.0,0.00024181604385375977,0.6576030254364014
23,-1,23,9, Tucson,,1.0,0.00013899803161621094,0.7634356617927551
23,-1,23,10, is,,1.0,0.0034048259258270264,0.3173878788948059
23,45126,276,10, is,6.512739181518555,1.0,0.00038039684295654297,0.562960684299469
23,1266412,1567,10, is,9.357416152954102,1.0,0.00013446807861328125,0.7701293230056763
23,4619256,3015,10, is,8.626031875610352,1.0,0.0002027750015258789,0.6943340301513672
23,13585054,5188,10, is,8.55582046508789,1.0,0.0004061460494995117,0.551977276802063
23,27132637,7342,10, is,10.262212753295898,1.0,0.00022989511489868164,0.6672950983047485
23,33403027,8149,10, is,11.959199905395508,1.0,0.0002224445343017578,0.6781705617904663
23,39653941,8881,10, is,20.964935302734375,1.0,0.00036787986755371094,0.568184494972229
23,40423512,8967,10, is,13.007015228271484,1.0,0.00046181678771972656,0.5278453826904297
23,46517811,9621,10, is,6.824342727661133,1.0,0.00017583370208740234,0.7210003137588501
23,50757826,10051,10, is,6.99989128112793,1.0,0.00018012523651123047,0.7160193920135498
23,58714842,10812,10, is,12.905290603637695,1.0,0.00041425228118896484,0.5478797554969788
23,65763222,11444,10, is,12.81602668762207,1.0,0.00015342235565185547,0.7467247843742371
23,66730104,11528,10, is,12.636916160583496,1.0,0.00017827749252319336,0.717811107635498
23,72981297,12057,9, Tucson,37.04374694824219,1.0,0.0002504587173461914,0.647998034954071
23,72981297,12057,10, is,80.11650085449219,1.0,0.010406538844108582,0.2581961452960968
23,74645847,12194,10, is,19.081214904785156,1.0,0.00047576427459716797,0.5203417539596558
23,75172167,12237,10, is,36.02066421508789,1.0,0.0017618536949157715,0.3520602583885193
23,87351129,13193,10, is,13.802225112915039,1.0,0.00034993886947631836,0.5789834260940552
23,92011371,13541,10, is,22.684295654296875,1.0,0.00129777193069458,0.3898298740386963
23,112807686,14996,10, is,6.616600036621094,1.0,0.00021380186080932617,0.6862359642982483
23,114783952,15127,10, is,17.009685516357422,1.0,0.0003291964530944824,0.5922020077705383
23,118433721,15366,10, is,14.795265197753906,1.0,0.00025385618209838867,0.6444726586341858
24,-1,24,10, is,,1.0,0.006781339645385742,0.2898048758506775
24,826230,1260,10, is,9.52066421508789,1.0,0.0001246333122253418,0.7831910848617554
24,2275886,2108,10, is,7.608443260192871,1.0,0.00027370452880859375,0.6294542551040649
24,5201900,3200,10, is,9.884345054626465,1.0,0.0002492666244506836,0.6499966979026794
24,7097003,3742,10, is,19.320070266723633,1.0,0.0002009272575378418,0.6953430771827698
24,9367931,4303,10, is,7.152528762817383,1.0,0.0001602768898010254,0.7382363080978394
24,10930125,4650,10, is,7.167570114135742,1.0,0.0001271963119506836,0.7797973155975342
24,14636730,5385,10, is,10.590039253234863,1.0,0.00024896860122680664,0.6509929895401001
24,16207946,5668,10, is,33.60806655883789,1.0,0.00029659271240234375,0.6140904426574707
24,18147275,5999,10, is,52.40706253051758,1.0,0.0018425583839416504,0.34846824407577515
24,20604965,6394,10, is,25.13695526123047,1.0,0.0027234256267547607,0.3319167196750641
24,25386350,7100,10, is,13.965681076049805,1.0,0.00016963481903076172,0.7273705005645752
24,48211265,9794,10, is,42.503387451171875,1.0,0.000605165958404541,0.47948554158210754
24,49526103,9927,10, is,11.043224334716797,1.0,0.0004127025604248047,0.5491194128990173
24,88478228,13277,10, is,111.44462585449219,1.0,0.0034266412258148193,0.3139830529689789
24,91334345,13490,10, is,12.76032829284668,1.0,0.0003141164779663086,0.6028008460998535
24,92024936,13541,10, is,8.33882999420166,1.0,0.00013679265975952148,0.7667422294616699
24,98905055,14039,10, is,15.723347663879395,1.0,0.0009247958660125732,0.4308323264122009
24,113078216,15013,10, is,20.246925354003906,1.0,0.000377655029296875,0.5640969276428223
24,122625605,15635,10, is,6.669347763061523,1.0,0.00016641616821289062,0.7308925986289978
24,123551315,15694,10, is,17.6485595703125,1.0,0.0015269815921783447,0.36356204748153687
24,132576161,16258,10, is,7.300952911376953,1.0,0.00013333559036254883,0.7711989879608154
25,-1,25,10, is,,1.0,0.0019924938678741455,0.34274500608444214
25,167884,553,10, is,45.170127868652344,1.0,0.0007734000682830811,0.44661271572113037
25,185719,583,10, is,51.63121032714844,1.0,0.003092646598815918,0.3204805254936218
25,310840,762,10, is,10.4944486618042,1.0,0.00035268068313598633,0.5768761038780212
25,525799,999,10, is,7.978054046630859,1.0,0.00013697147369384766,0.7663315534591675
25,2135185,2040,10, is,21.772083282470703,1.0,0.0004794001579284668,0.5184330940246582
25,2985320,2417,10, is,15.678482055664062,1.0,0.00025588274002075195,0.642943263053894
25,3196630,2502,10, is,14.588069915771484,1.0,0.00033533573150634766,0.5878790020942688
25,3681515,2687,10, is,14.75491714477539,1.0,0.0003911256790161133,0.5579671859741211
25,5413669,3264,10, is,29.464006423950195,1.0,0.00013512372970581055,0.7687799334526062
25,10100239,4468,10, is,8.702211380004883,1.0,0.00012737512588500977,0.7795428037643433
25,10367155,4527,10, is,10.68059253692627,1.0,0.00029081106185913086,0.6185004115104675
25,11070839,4679,10, is,15.007591247558594,1.0,0.0002853870391845703,0.6207998394966125
25,11250370,4717,10, is,31.995277404785156,1.0,0.0006702244281768799,0.4674344062805176
25,12066302,4886,10, is,29.216604232788086,1.0,0.0007694661617279053,0.4481518268585205
25,39041840,8810,10, is,13.319664001464844,1.0,0.00029903650283813477,0.6123034954071045
25,50014975,9975,10, is,47.581546783447266,1.0,0.0006882846355438232,0.46474388241767883
25,51800905,10152,10, is,13.234536170959473,1.0,0.00048065185546875,0.5179536938667297
25,52076089,10179,10, is,7.309318542480469,1.0,0.0002607107162475586,0.6388146877288818
25,53835850,10350,10, is,10.888477325439453,1.0,0.00017493963241577148,0.7213510274887085
25,59257915,10860,10, is,13.983430862426758,1.0,0.0006143748760223389,0.4782668352127075
25,72619300,12025,10, is,21.677310943603516,1.0,0.00023674964904785156,0.6621508598327637
25,90350377,13416,10, is,6.6950531005859375,1.0,0.0002856254577636719,0.620514452457428
25,93495949,13648,10, is,8.925310134887695,1.0,0.00013393163681030273,0.770531415939331
25,114874877,15131,10, is,10.319493293762207,1.0,0.0002579689025878906,0.6406309604644775
25,130483909,16128,10, is,9.997603416442871,1.0,0.00040221214294433594,0.5539985299110413
25,133309930,16302,10, is,38.68017578125,1.0,0.0014366507530212402,0.3693881332874298
27,573,573,10, is,,1.0,,
27,780,780,10, is,,1.0,,
27,1170,1170,10, is,,1.0,,
27,3151,3151,10, is,,1.0,,
27,10955,10955,10, is,,1.0,,
27,21823,21823,10, is,,1.0,,
27,75989,75989,10, is,,1.0,,
27,224378,224378,10, is,,1.0,,
27,235248,235248,10, is,,1.0,,
