feature_key,layer,feature,prompt,peak_token,peak_token_idx,activation_max,sparsity_ratio,peak_token_type,target_tokens,tokens_source,pred_label,subtype,confidence,review,why_review,supernode_name,top_activations_probe_original
0_95475,0,95475,"entity: A major city in South Carolina, USA is Charleston", city,5,69.083984375,0.6095371717758791,semantic,"[{""token"": "" city"", ""index"": 5, ""distance"": 0, ""direction"": ""self""}]",n/a,Semantic,Dictionary (fallback),0.9,False,,government,"[{""tk"": ""government"", ""act"": 73.73577117919922}, {""tk"": ""state"", ""act"": 72.12992095947266}, {""tk"": ""city"", ""act"": 69.083984375}, {""tk"": ""capital"", ""act"": 60.64950942993164}, {""tk"": ""USA"", ""act"": 56.505062103271484}, {""tk"": ""attribute"", ""act"": 50.58573913574219}, {""tk"": ""Carolina"", ""act"": 48.81716537475586}, {""tk"": ""Columbia"", ""act"": 42.76877975463867}, {""tk"": ""located"", ""act"": 41.876251220703125}, {""tk"": ""Charleston"", ""act"": 37.00120162963867}, {""tk"": ""serving"", ""act"": 31.4293155670166}, {""tk"": ""containing"", ""act"": 27.732948303222656}, {""tk"": ""is"", ""act"": 0.0}, {""tk"": ""The"", ""act"": 0.0}, {""tk"": ""of"", ""act"": 0.0}]"
0_19204,0,19204,"entity: A major city in South Carolina, USA is Charleston",<bos>,0,19.44998550415039,0.923076923076923,semantic,"[{""token"": ""<bos>"", ""index"": 0, ""distance"": 0, ""direction"": ""self""}]",n/a,Semantic,Dictionary (fallback),0.9,False,,Semantic (unknown),"[{""tk"": ""city"", ""act"": 0.0}, {""tk"": ""Carolina"", ""act"": 0.0}, {""tk"": ""USA"", ""act"": 0.0}, {""tk"": ""is"", ""act"": 0.0}, {""tk"": ""Charleston"", ""act"": 0.0}, {""tk"": ""The"", ""act"": 0.0}, {""tk"": ""capital"", ""act"": 0.0}, {""tk"": ""of"", ""act"": 0.0}, {""tk"": ""Columbia"", ""act"": 0.0}, {""tk"": ""state"", ""act"": 0.0}, {""tk"": ""attribute"", ""act"": 0.0}, {""tk"": ""serving"", ""act"": 0.0}, {""tk"": ""government"", ""act"": 0.0}, {""tk"": ""located"", ""act"": 0.0}, {""tk"": ""containing"", ""act"": 0.0}]"
0_91570,0,91570,"entity: A major city in South Carolina, USA is Charleston",<bos>,0,15.283381462097168,0.8839123182194758,semantic,"[{""token"": ""<bos>"", ""index"": 0, ""distance"": 0, ""direction"": ""self""}]",n/a,Semantic,Dictionary (fallback),0.9,False,,attribute,"[{""tk"": ""attribute"", ""act"": 21.15618896484375}, {""tk"": ""city"", ""act"": 0.0}, {""tk"": ""Carolina"", ""act"": 0.0}, {""tk"": ""USA"", ""act"": 0.0}, {""tk"": ""is"", ""act"": 0.0}, {""tk"": ""Charleston"", ""act"": 0.0}, {""tk"": ""The"", ""act"": 0.0}, {""tk"": ""capital"", ""act"": 0.0}, {""tk"": ""of"", ""act"": 0.0}, {""tk"": ""Columbia"", ""act"": 0.0}, {""tk"": ""state"", ""act"": 0.0}, {""tk"": ""serving"", ""act"": 0.0}, {""tk"": ""government"", ""act"": 0.0}, {""tk"": ""located"", ""act"": 0.0}, {""tk"": ""containing"", ""act"": 0.0}]"
0_79529,0,79529,"entity: A major city in South Carolina, USA is Charleston", is,11,13.051353454589844,0.8845846414338339,functional,"[{""token"": "" Charleston"", ""index"": 12, ""distance"": 1, ""direction"": ""forward""}]",json,Semantic,Dictionary (fallback),0.9,False,,Semantic (unknown),"[{""tk"": ""is"", ""act"": 15.42864990234375}, {""tk"": ""city"", ""act"": 0.0}, {""tk"": ""Carolina"", ""act"": 0.0}, {""tk"": ""USA"", ""act"": 0.0}, {""tk"": ""Charleston"", ""act"": 0.0}, {""tk"": ""The"", ""act"": 0.0}, {""tk"": ""capital"", ""act"": 0.0}, {""tk"": ""of"", ""act"": 0.0}, {""tk"": ""Columbia"", ""act"": 0.0}, {""tk"": ""state"", ""act"": 0.0}, {""tk"": ""attribute"", ""act"": 0.0}, {""tk"": ""serving"", ""act"": 0.0}, {""tk"": ""government"", ""act"": 0.0}, {""tk"": ""located"", ""act"": 0.0}, {""tk"": ""containing"", ""act"": 0.0}]"
0_21660,0,21660,"entity: A major city in South Carolina, USA is Charleston", Charleston,12,13.0342435836792,0.9230769230769232,semantic,"[{""token"": "" Charleston"", ""index"": 12, ""distance"": 0, ""direction"": ""self""}]",n/a,Semantic,Dictionary,1.0,False,,Charleston,"[{""tk"": ""Charleston"", ""act"": 13.0342435836792}, {""tk"": ""city"", ""act"": 0.0}, {""tk"": ""Carolina"", ""act"": 0.0}, {""tk"": ""USA"", ""act"": 0.0}, {""tk"": ""is"", ""act"": 0.0}, {""tk"": ""The"", ""act"": 0.0}, {""tk"": ""capital"", ""act"": 0.0}, {""tk"": ""of"", ""act"": 0.0}, {""tk"": ""Columbia"", ""act"": 0.0}, {""tk"": ""state"", ""act"": 0.0}, {""tk"": ""attribute"", ""act"": 0.0}, {""tk"": ""serving"", ""act"": 0.0}, {""tk"": ""government"", ""act"": 0.0}, {""tk"": ""located"", ""act"": 0.0}, {""tk"": ""containing"", ""act"": 0.0}]"
0_58027,0,58027,"entity: A major city in South Carolina, USA is Charleston", Charleston,12,11.38764190673828,0.9230769230769232,semantic,"[{""token"": "" Charleston"", ""index"": 12, ""distance"": 0, ""direction"": ""self""}]",n/a,Semantic,Dictionary,1.0,False,,Charleston,"[{""tk"": ""Charleston"", ""act"": 11.387641906738281}, {""tk"": ""city"", ""act"": 0.0}, {""tk"": ""Carolina"", ""act"": 0.0}, {""tk"": ""USA"", ""act"": 0.0}, {""tk"": ""is"", ""act"": 0.0}, {""tk"": ""The"", ""act"": 0.0}, {""tk"": ""capital"", ""act"": 0.0}, {""tk"": ""of"", ""act"": 0.0}, {""tk"": ""Columbia"", ""act"": 0.0}, {""tk"": ""state"", ""act"": 0.0}, {""tk"": ""attribute"", ""act"": 0.0}, {""tk"": ""serving"", ""act"": 0.0}, {""tk"": ""government"", ""act"": 0.0}, {""tk"": ""located"", ""act"": 0.0}, {""tk"": ""containing"", ""act"": 0.0}]"
0_46676,0,46676,"entity: A major city in South Carolina, USA is Charleston", Charleston,12,11.343507766723633,0.9230769230769232,semantic,"[{""token"": "" Charleston"", ""index"": 12, ""distance"": 0, ""direction"": ""self""}]",n/a,Semantic,Dictionary,1.0,False,,Charleston,"[{""tk"": ""Charleston"", ""act"": 11.343507766723633}, {""tk"": ""city"", ""act"": 0.0}, {""tk"": ""Carolina"", ""act"": 0.0}, {""tk"": ""USA"", ""act"": 0.0}, {""tk"": ""is"", ""act"": 0.0}, {""tk"": ""The"", ""act"": 0.0}, {""tk"": ""capital"", ""act"": 0.0}, {""tk"": ""of"", ""act"": 0.0}, {""tk"": ""Columbia"", ""act"": 0.0}, {""tk"": ""state"", ""act"": 0.0}, {""tk"": ""attribute"", ""act"": 0.0}, {""tk"": ""serving"", ""act"": 0.0}, {""tk"": ""government"", ""act"": 0.0}, {""tk"": ""located"", ""act"": 0.0}, {""tk"": ""containing"", ""act"": 0.0}]"
0_29747,0,29747,"entity: A major city in South Carolina, USA is Charleston", Charleston,12,11.133187294006348,0.8978952221798949,semantic,"[{""token"": "" Charleston"", ""index"": 12, ""distance"": 0, ""direction"": ""self""}]",n/a,Semantic,Dictionary,1.0,False,,Charleston,"[{""tk"": ""Charleston"", ""act"": 11.133187294006348}, {""tk"": ""city"", ""act"": 0.0}, {""tk"": ""Carolina"", ""act"": 0.0}, {""tk"": ""USA"", ""act"": 0.0}, {""tk"": ""is"", ""act"": 0.0}, {""tk"": ""The"", ""act"": 0.0}, {""tk"": ""capital"", ""act"": 0.0}, {""tk"": ""of"", ""act"": 0.0}, {""tk"": ""Columbia"", ""act"": 0.0}, {""tk"": ""state"", ""act"": 0.0}, {""tk"": ""attribute"", ""act"": 0.0}, {""tk"": ""serving"", ""act"": 0.0}, {""tk"": ""government"", ""act"": 0.0}, {""tk"": ""located"", ""act"": 0.0}, {""tk"": ""containing"", ""act"": 0.0}]"
0_76137,0,76137,"entity: A major city in South Carolina, USA is Charleston", Carolina,8,11.089876174926758,0.8686144467667367,semantic,"[{""token"": "" Carolina"", ""index"": 8, ""distance"": 0, ""direction"": ""self""}]",n/a,Semantic,Dictionary,1.0,False,,Carolina,"[{""tk"": ""Carolina"", ""act"": 11.089876174926758}, {""tk"": ""USA"", ""act"": 4.346536159515381}, {""tk"": ""Charleston"", ""act"": 2.794321060180664}, {""tk"": ""Columbia"", ""act"": 2.7789368629455566}, {""tk"": ""city"", ""act"": 0.0}, {""tk"": ""is"", ""act"": 0.0}, {""tk"": ""The"", ""act"": 0.0}, {""tk"": ""capital"", ""act"": 0.0}, {""tk"": ""of"", ""act"": 0.0}, {""tk"": ""state"", ""act"": 0.0}, {""tk"": ""attribute"", ""act"": 0.0}, {""tk"": ""serving"", ""act"": 0.0}, {""tk"": ""government"", ""act"": 0.0}, {""tk"": ""located"", ""act"": 0.0}, {""tk"": ""containing"", ""act"": 0.0}]"
0_49298,0,49298,"entity: A major city in South Carolina, USA is Charleston", Charleston,12,9.830625534057615,0.9230769230769232,semantic,"[{""token"": "" Charleston"", ""index"": 12, ""distance"": 0, ""direction"": ""self""}]",n/a,Semantic,Dictionary,1.0,False,,Charleston,"[{""tk"": ""Charleston"", ""act"": 9.830625534057617}, {""tk"": ""city"", ""act"": 0.0}, {""tk"": ""Carolina"", ""act"": 0.0}, {""tk"": ""USA"", ""act"": 0.0}, {""tk"": ""is"", ""act"": 0.0}, {""tk"": ""The"", ""act"": 0.0}, {""tk"": ""capital"", ""act"": 0.0}, {""tk"": ""of"", ""act"": 0.0}, {""tk"": ""Columbia"", ""act"": 0.0}, {""tk"": ""state"", ""act"": 0.0}, {""tk"": ""attribute"", ""act"": 0.0}, {""tk"": ""serving"", ""act"": 0.0}, {""tk"": ""government"", ""act"": 0.0}, {""tk"": ""located"", ""act"": 0.0}, {""tk"": ""containing"", ""act"": 0.0}]"
0_92029,0,92029,"entity: A major city in South Carolina, USA is Charleston",<bos>,0,9.591381072998049,0.9230769230769232,semantic,"[{""token"": ""<bos>"", ""index"": 0, ""distance"": 0, ""direction"": ""self""}]",n/a,Semantic,Dictionary (fallback),0.9,False,,Semantic (unknown),"[{""tk"": ""the"", ""act"": 28.859010696411133}, {""tk"": ""city"", ""act"": 0.0}, {""tk"": ""Carolina"", ""act"": 0.0}, {""tk"": ""USA"", ""act"": 0.0}, {""tk"": ""is"", ""act"": 0.0}, {""tk"": ""Charleston"", ""act"": 0.0}, {""tk"": ""capital"", ""act"": 0.0}, {""tk"": ""of"", ""act"": 0.0}, {""tk"": ""Columbia"", ""act"": 0.0}, {""tk"": ""state"", ""act"": 0.0}, {""tk"": ""attribute"", ""act"": 0.0}, {""tk"": ""serving"", ""act"": 0.0}, {""tk"": ""government"", ""act"": 0.0}, {""tk"": ""located"", ""act"": 0.0}, {""tk"": ""containing"", ""act"": 0.0}]"
0_68367,0,68367,"entity: A major city in South Carolina, USA is Charleston", Charleston,12,9.42816925048828,0.9230769230769232,semantic,"[{""token"": "" Charleston"", ""index"": 12, ""distance"": 0, ""direction"": ""self""}]",n/a,Semantic,Dictionary,1.0,False,,Charleston,"[{""tk"": ""Charleston"", ""act"": 9.428169250488281}, {""tk"": ""city"", ""act"": 0.0}, {""tk"": ""Carolina"", ""act"": 0.0}, {""tk"": ""USA"", ""act"": 0.0}, {""tk"": ""is"", ""act"": 0.0}, {""tk"": ""The"", ""act"": 0.0}, {""tk"": ""capital"", ""act"": 0.0}, {""tk"": ""of"", ""act"": 0.0}, {""tk"": ""Columbia"", ""act"": 0.0}, {""tk"": ""state"", ""act"": 0.0}, {""tk"": ""attribute"", ""act"": 0.0}, {""tk"": ""serving"", ""act"": 0.0}, {""tk"": ""government"", ""act"": 0.0}, {""tk"": ""located"", ""act"": 0.0}, {""tk"": ""containing"", ""act"": 0.0}]"
0_85449,0,85449,"entity: A major city in South Carolina, USA is Charleston", Charleston,12,9.35044002532959,0.8876518450893744,semantic,"[{""token"": "" Charleston"", ""index"": 12, ""distance"": 0, ""direction"": ""self""}]",n/a,Semantic,Dictionary,1.0,False,,Charleston,"[{""tk"": ""Charleston"", ""act"": 9.35044002532959}, {""tk"": ""city"", ""act"": 0.0}, {""tk"": ""Carolina"", ""act"": 0.0}, {""tk"": ""USA"", ""act"": 0.0}, {""tk"": ""is"", ""act"": 0.0}, {""tk"": ""The"", ""act"": 0.0}, {""tk"": ""capital"", ""act"": 0.0}, {""tk"": ""of"", ""act"": 0.0}, {""tk"": ""Columbia"", ""act"": 0.0}, {""tk"": ""state"", ""act"": 0.0}, {""tk"": ""attribute"", ""act"": 0.0}, {""tk"": ""serving"", ""act"": 0.0}, {""tk"": ""government"", ""act"": 0.0}, {""tk"": ""located"", ""act"": 0.0}, {""tk"": ""containing"", ""act"": 0.0}]"
0_5474,0,5474,"entity: A major city in South Carolina, USA is Charleston", Charleston,12,8.963798522949219,0.9230769230769232,semantic,"[{""token"": "" Charleston"", ""index"": 12, ""distance"": 0, ""direction"": ""self""}]",n/a,Semantic,Dictionary,1.0,False,,Charleston,"[{""tk"": ""Charleston"", ""act"": 8.963798522949219}, {""tk"": ""city"", ""act"": 0.0}, {""tk"": ""Carolina"", ""act"": 0.0}, {""tk"": ""USA"", ""act"": 0.0}, {""tk"": ""is"", ""act"": 0.0}, {""tk"": ""The"", ""act"": 0.0}, {""tk"": ""capital"", ""act"": 0.0}, {""tk"": ""of"", ""act"": 0.0}, {""tk"": ""Columbia"", ""act"": 0.0}, {""tk"": ""state"", ""act"": 0.0}, {""tk"": ""attribute"", ""act"": 0.0}, {""tk"": ""serving"", ""act"": 0.0}, {""tk"": ""government"", ""act"": 0.0}, {""tk"": ""located"", ""act"": 0.0}, {""tk"": ""containing"", ""act"": 0.0}]"
0_37030,0,37030,"entity: A major city in South Carolina, USA is Charleston", Charleston,12,8.90308952331543,0.8641405846778291,semantic,"[{""token"": "" Charleston"", ""index"": 12, ""distance"": 0, ""direction"": ""self""}]",n/a,Semantic,Dictionary,1.0,False,,Charleston,"[{""tk"": ""Charleston"", ""act"": 8.90308952331543}, {""tk"": ""city"", ""act"": 0.0}, {""tk"": ""Carolina"", ""act"": 0.0}, {""tk"": ""USA"", ""act"": 0.0}, {""tk"": ""is"", ""act"": 0.0}, {""tk"": ""The"", ""act"": 0.0}, {""tk"": ""capital"", ""act"": 0.0}, {""tk"": ""of"", ""act"": 0.0}, {""tk"": ""Columbia"", ""act"": 0.0}, {""tk"": ""state"", ""act"": 0.0}, {""tk"": ""attribute"", ""act"": 0.0}, {""tk"": ""serving"", ""act"": 0.0}, {""tk"": ""government"", ""act"": 0.0}, {""tk"": ""located"", ""act"": 0.0}, {""tk"": ""containing"", ""act"": 0.0}]"
0_15646,0,15646,"entity: A major city in South Carolina, USA is Charleston", Charleston,12,8.773160934448242,0.923076923076923,semantic,"[{""token"": "" Charleston"", ""index"": 12, ""distance"": 0, ""direction"": ""self""}]",n/a,Semantic,Dictionary,1.0,False,,Charleston,"[{""tk"": ""Charleston"", ""act"": 8.773160934448242}, {""tk"": ""city"", ""act"": 0.0}, {""tk"": ""Carolina"", ""act"": 0.0}, {""tk"": ""USA"", ""act"": 0.0}, {""tk"": ""is"", ""act"": 0.0}, {""tk"": ""The"", ""act"": 0.0}, {""tk"": ""capital"", ""act"": 0.0}, {""tk"": ""of"", ""act"": 0.0}, {""tk"": ""Columbia"", ""act"": 0.0}, {""tk"": ""state"", ""act"": 0.0}, {""tk"": ""attribute"", ""act"": 0.0}, {""tk"": ""serving"", ""act"": 0.0}, {""tk"": ""government"", ""act"": 0.0}, {""tk"": ""located"", ""act"": 0.0}, {""tk"": ""containing"", ""act"": 0.0}]"
0_20368,0,20368,"entity: A major city in South Carolina, USA is Charleston",<bos>,0,8.283743858337402,0.923076923076923,semantic,"[{""token"": ""<bos>"", ""index"": 0, ""distance"": 0, ""direction"": ""self""}]",n/a,Semantic,Dictionary (fallback),0.9,False,,Semantic (unknown),"[{""tk"": ""containing"", ""act"": 8.030762672424316}, {""tk"": ""is"", ""act"": 6.553821563720703}, {""tk"": ""city"", ""act"": 0.0}, {""tk"": ""Carolina"", ""act"": 0.0}, {""tk"": ""USA"", ""act"": 0.0}, {""tk"": ""Charleston"", ""act"": 0.0}, {""tk"": ""The"", ""act"": 0.0}, {""tk"": ""capital"", ""act"": 0.0}, {""tk"": ""of"", ""act"": 0.0}, {""tk"": ""Columbia"", ""act"": 0.0}, {""tk"": ""state"", ""act"": 0.0}, {""tk"": ""attribute"", ""act"": 0.0}, {""tk"": ""serving"", ""act"": 0.0}, {""tk"": ""government"", ""act"": 0.0}, {""tk"": ""located"", ""act"": 0.0}]"
0_60256,0,60256,"entity: A major city in South Carolina, USA is Charleston",<bos>,0,8.257609367370605,0.923076923076923,semantic,"[{""token"": ""<bos>"", ""index"": 0, ""distance"": 0, ""direction"": ""self""}]",n/a,Semantic,Dictionary,1.0,False,,containing,"[{""tk"": ""containing"", ""act"": 8.764032363891602}, {""tk"": ""city"", ""act"": 0.0}, {""tk"": ""Carolina"", ""act"": 0.0}, {""tk"": ""USA"", ""act"": 0.0}, {""tk"": ""is"", ""act"": 0.0}, {""tk"": ""Charleston"", ""act"": 0.0}, {""tk"": ""The"", ""act"": 0.0}, {""tk"": ""capital"", ""act"": 0.0}, {""tk"": ""of"", ""act"": 0.0}, {""tk"": ""Columbia"", ""act"": 0.0}, {""tk"": ""state"", ""act"": 0.0}, {""tk"": ""attribute"", ""act"": 0.0}, {""tk"": ""serving"", ""act"": 0.0}, {""tk"": ""government"", ""act"": 0.0}, {""tk"": ""located"", ""act"": 0.0}]"
0_96776,0,96776,"entity: A major city in South Carolina, USA is Charleston", Charleston,12,8.00781536102295,0.9230769230769232,semantic,"[{""token"": "" Charleston"", ""index"": 12, ""distance"": 0, ""direction"": ""self""}]",n/a,Semantic,Dictionary,1.0,False,,Charleston,"[{""tk"": ""Charleston"", ""act"": 8.00781536102295}, {""tk"": ""city"", ""act"": 0.0}, {""tk"": ""Carolina"", ""act"": 0.0}, {""tk"": ""USA"", ""act"": 0.0}, {""tk"": ""is"", ""act"": 0.0}, {""tk"": ""The"", ""act"": 0.0}, {""tk"": ""capital"", ""act"": 0.0}, {""tk"": ""of"", ""act"": 0.0}, {""tk"": ""Columbia"", ""act"": 0.0}, {""tk"": ""state"", ""act"": 0.0}, {""tk"": ""attribute"", ""act"": 0.0}, {""tk"": ""serving"", ""act"": 0.0}, {""tk"": ""government"", ""act"": 0.0}, {""tk"": ""located"", ""act"": 0.0}, {""tk"": ""containing"", ""act"": 0.0}]"
0_55912,0,55912,"entity: A major city in South Carolina, USA is Charleston", Charleston,12,7.9657979011535645,0.8938819358208459,semantic,"[{""token"": "" Charleston"", ""index"": 12, ""distance"": 0, ""direction"": ""self""}]",n/a,Semantic,Dictionary,1.0,False,,Charleston,"[{""tk"": ""Charleston"", ""act"": 7.9657979011535645}, {""tk"": ""city"", ""act"": 0.0}, {""tk"": ""Carolina"", ""act"": 0.0}, {""tk"": ""USA"", ""act"": 0.0}, {""tk"": ""is"", ""act"": 0.0}, {""tk"": ""The"", ""act"": 0.0}, {""tk"": ""capital"", ""act"": 0.0}, {""tk"": ""of"", ""act"": 0.0}, {""tk"": ""Columbia"", ""act"": 0.0}, {""tk"": ""state"", ""act"": 0.0}, {""tk"": ""attribute"", ""act"": 0.0}, {""tk"": ""serving"", ""act"": 0.0}, {""tk"": ""government"", ""act"": 0.0}, {""tk"": ""located"", ""act"": 0.0}, {""tk"": ""containing"", ""act"": 0.0}]"
0_35496,0,35496,"entity: A major city in South Carolina, USA is Charleston", Charleston,12,5.930936813354492,0.9230769230769232,semantic,"[{""token"": "" Charleston"", ""index"": 12, ""distance"": 0, ""direction"": ""self""}]",n/a,Semantic,Dictionary,1.0,False,,Charleston,"[{""tk"": ""Charleston"", ""act"": 5.930936813354492}, {""tk"": ""city"", ""act"": 0.0}, {""tk"": ""Carolina"", ""act"": 0.0}, {""tk"": ""USA"", ""act"": 0.0}, {""tk"": ""is"", ""act"": 0.0}, {""tk"": ""The"", ""act"": 0.0}, {""tk"": ""capital"", ""act"": 0.0}, {""tk"": ""of"", ""act"": 0.0}, {""tk"": ""Columbia"", ""act"": 0.0}, {""tk"": ""state"", ""act"": 0.0}, {""tk"": ""attribute"", ""act"": 0.0}, {""tk"": ""serving"", ""act"": 0.0}, {""tk"": ""government"", ""act"": 0.0}, {""tk"": ""located"", ""act"": 0.0}, {""tk"": ""containing"", ""act"": 0.0}]"
0_12284,0,12284,"entity: A major city in South Carolina, USA is Charleston",<bos>,0,4.237040519714356,0.9230769230769232,semantic,"[{""token"": ""<bos>"", ""index"": 0, ""distance"": 0, ""direction"": ""self""}]",n/a,Semantic,Dictionary (fallback),0.9,False,,Semantic (unknown),"[{""tk"": ""city"", ""act"": 0.0}, {""tk"": ""Carolina"", ""act"": 0.0}, {""tk"": ""USA"", ""act"": 0.0}, {""tk"": ""is"", ""act"": 0.0}, {""tk"": ""Charleston"", ""act"": 0.0}, {""tk"": ""The"", ""act"": 0.0}, {""tk"": ""capital"", ""act"": 0.0}, {""tk"": ""of"", ""act"": 0.0}, {""tk"": ""Columbia"", ""act"": 0.0}, {""tk"": ""state"", ""act"": 0.0}, {""tk"": ""attribute"", ""act"": 0.0}, {""tk"": ""serving"", ""act"": 0.0}, {""tk"": ""government"", ""act"": 0.0}, {""tk"": ""located"", ""act"": 0.0}, {""tk"": ""containing"", ""act"": 0.0}]"
0_47638,0,47638,"entity: A major city in South Carolina, USA is Charleston",<bos>,0,3.63841724395752,0.923076923076923,semantic,"[{""token"": ""<bos>"", ""index"": 0, ""distance"": 0, ""direction"": ""self""}]",n/a,Semantic,Dictionary,1.0,False,,containing,"[{""tk"": ""containing"", ""act"": 11.569823265075684}, {""tk"": ""city"", ""act"": 0.0}, {""tk"": ""Carolina"", ""act"": 0.0}, {""tk"": ""USA"", ""act"": 0.0}, {""tk"": ""is"", ""act"": 0.0}, {""tk"": ""Charleston"", ""act"": 0.0}, {""tk"": ""The"", ""act"": 0.0}, {""tk"": ""capital"", ""act"": 0.0}, {""tk"": ""of"", ""act"": 0.0}, {""tk"": ""Columbia"", ""act"": 0.0}, {""tk"": ""state"", ""act"": 0.0}, {""tk"": ""attribute"", ""act"": 0.0}, {""tk"": ""serving"", ""act"": 0.0}, {""tk"": ""government"", ""act"": 0.0}, {""tk"": ""located"", ""act"": 0.0}]"
0_41424,0,41424,"entity: A major city in South Carolina, USA is Charleston",<bos>,0,2.1618165969848637,0.9230769230769232,semantic,"[{""token"": ""<bos>"", ""index"": 0, ""distance"": 0, ""direction"": ""self""}]",n/a,Semantic,Dictionary (fallback),0.9,False,,Semantic (unknown),"[{""tk"": ""city"", ""act"": 0.0}, {""tk"": ""Carolina"", ""act"": 0.0}, {""tk"": ""USA"", ""act"": 0.0}, {""tk"": ""is"", ""act"": 0.0}, {""tk"": ""Charleston"", ""act"": 0.0}, {""tk"": ""The"", ""act"": 0.0}, {""tk"": ""capital"", ""act"": 0.0}, {""tk"": ""of"", ""act"": 0.0}, {""tk"": ""Columbia"", ""act"": 0.0}, {""tk"": ""state"", ""act"": 0.0}, {""tk"": ""attribute"", ""act"": 0.0}, {""tk"": ""serving"", ""act"": 0.0}, {""tk"": ""government"", ""act"": 0.0}, {""tk"": ""located"", ""act"": 0.0}, {""tk"": ""containing"", ""act"": 0.0}]"
0_13506,0,13506,"entity: A major city in South Carolina, USA is Charleston",<bos>,0,1.0420150756835938,0.9230769230769232,semantic,"[{""token"": ""<bos>"", ""index"": 0, ""distance"": 0, ""direction"": ""self""}]",n/a,Semantic,Dictionary (fallback),0.9,False,,Semantic (unknown),"[{""tk"": ""city"", ""act"": 0.0}, {""tk"": ""Carolina"", ""act"": 0.0}, {""tk"": ""USA"", ""act"": 0.0}, {""tk"": ""is"", ""act"": 0.0}, {""tk"": ""Charleston"", ""act"": 0.0}, {""tk"": ""The"", ""act"": 0.0}, {""tk"": ""capital"", ""act"": 0.0}, {""tk"": ""of"", ""act"": 0.0}, {""tk"": ""Columbia"", ""act"": 0.0}, {""tk"": ""state"", ""act"": 0.0}, {""tk"": ""attribute"", ""act"": 0.0}, {""tk"": ""serving"", ""act"": 0.0}, {""tk"": ""government"", ""act"": 0.0}, {""tk"": ""located"", ""act"": 0.0}, {""tk"": ""containing"", ""act"": 0.0}]"
0_91553,0,91553,"entity: A major city in South Carolina, USA is Charleston",<bos>,0,0.9048857688903807,0.923076923076923,semantic,"[{""token"": ""<bos>"", ""index"": 0, ""distance"": 0, ""direction"": ""self""}]",n/a,Semantic,Dictionary (fallback),0.9,False,,Semantic (unknown),"[{""tk"": ""city"", ""act"": 0.0}, {""tk"": ""Carolina"", ""act"": 0.0}, {""tk"": ""USA"", ""act"": 0.0}, {""tk"": ""is"", ""act"": 0.0}, {""tk"": ""Charleston"", ""act"": 0.0}, {""tk"": ""The"", ""act"": 0.0}, {""tk"": ""capital"", ""act"": 0.0}, {""tk"": ""of"", ""act"": 0.0}, {""tk"": ""Columbia"", ""act"": 0.0}, {""tk"": ""state"", ""act"": 0.0}, {""tk"": ""attribute"", ""act"": 0.0}, {""tk"": ""serving"", ""act"": 0.0}, {""tk"": ""government"", ""act"": 0.0}, {""tk"": ""located"", ""act"": 0.0}, {""tk"": ""containing"", ""act"": 0.0}]"
0_6264,0,6264,"entity: A major city in South Carolina, USA is Charleston",<bos>,0,0.0,0.0,semantic,"[{""token"": ""<bos>"", ""index"": 0, ""distance"": 0, ""direction"": ""self""}]",n/a,Semantic,Dictionary,1.0,False,,capital,"[{""tk"": ""capital"", ""act"": 9.430625915527344}, {""tk"": ""city"", ""act"": 0.0}, {""tk"": ""Carolina"", ""act"": 0.0}, {""tk"": ""USA"", ""act"": 0.0}, {""tk"": ""is"", ""act"": 0.0}, {""tk"": ""Charleston"", ""act"": 0.0}, {""tk"": ""The"", ""act"": 0.0}, {""tk"": ""of"", ""act"": 0.0}, {""tk"": ""Columbia"", ""act"": 0.0}, {""tk"": ""state"", ""act"": 0.0}, {""tk"": ""attribute"", ""act"": 0.0}, {""tk"": ""serving"", ""act"": 0.0}, {""tk"": ""government"", ""act"": 0.0}, {""tk"": ""located"", ""act"": 0.0}, {""tk"": ""containing"", ""act"": 0.0}]"
0_14810,0,14810,"entity: A major city in South Carolina, USA is Charleston",<bos>,0,0.0,0.0,semantic,"[{""token"": ""<bos>"", ""index"": 0, ""distance"": 0, ""direction"": ""self""}]",n/a,Semantic,Dictionary,1.0,False,,of,"[{""tk"": ""of"", ""act"": 17.059555053710938}, {""tk"": ""city"", ""act"": 0.0}, {""tk"": ""Carolina"", ""act"": 0.0}, {""tk"": ""USA"", ""act"": 0.0}, {""tk"": ""is"", ""act"": 0.0}, {""tk"": ""Charleston"", ""act"": 0.0}, {""tk"": ""The"", ""act"": 0.0}, {""tk"": ""capital"", ""act"": 0.0}, {""tk"": ""Columbia"", ""act"": 0.0}, {""tk"": ""state"", ""act"": 0.0}, {""tk"": ""attribute"", ""act"": 0.0}, {""tk"": ""serving"", ""act"": 0.0}, {""tk"": ""government"", ""act"": 0.0}, {""tk"": ""located"", ""act"": 0.0}, {""tk"": ""containing"", ""act"": 0.0}]"
0_15430,0,15430,"entity: A major city in South Carolina, USA is Charleston",<bos>,0,0.0,0.0,semantic,"[{""token"": ""<bos>"", ""index"": 0, ""distance"": 0, ""direction"": ""self""}]",n/a,Semantic,Dictionary,1.0,False,,capital,"[{""tk"": ""capital"", ""act"": 8.16793155670166}, {""tk"": ""city"", ""act"": 0.0}, {""tk"": ""Carolina"", ""act"": 0.0}, {""tk"": ""USA"", ""act"": 0.0}, {""tk"": ""is"", ""act"": 0.0}, {""tk"": ""Charleston"", ""act"": 0.0}, {""tk"": ""The"", ""act"": 0.0}, {""tk"": ""of"", ""act"": 0.0}, {""tk"": ""Columbia"", ""act"": 0.0}, {""tk"": ""state"", ""act"": 0.0}, {""tk"": ""attribute"", ""act"": 0.0}, {""tk"": ""serving"", ""act"": 0.0}, {""tk"": ""government"", ""act"": 0.0}, {""tk"": ""located"", ""act"": 0.0}, {""tk"": ""containing"", ""act"": 0.0}]"
0_23293,0,23293,"entity: A major city in South Carolina, USA is Charleston",<bos>,0,0.0,0.0,semantic,"[{""token"": ""<bos>"", ""index"": 0, ""distance"": 0, ""direction"": ""self""}]",n/a,Semantic,Dictionary,1.0,False,,capital,"[{""tk"": ""capital"", ""act"": 12.355522155761719}, {""tk"": ""city"", ""act"": 0.0}, {""tk"": ""Carolina"", ""act"": 0.0}, {""tk"": ""USA"", ""act"": 0.0}, {""tk"": ""is"", ""act"": 0.0}, {""tk"": ""Charleston"", ""act"": 0.0}, {""tk"": ""The"", ""act"": 0.0}, {""tk"": ""of"", ""act"": 0.0}, {""tk"": ""Columbia"", ""act"": 0.0}, {""tk"": ""state"", ""act"": 0.0}, {""tk"": ""attribute"", ""act"": 0.0}, {""tk"": ""serving"", ""act"": 0.0}, {""tk"": ""government"", ""act"": 0.0}, {""tk"": ""located"", ""act"": 0.0}, {""tk"": ""containing"", ""act"": 0.0}]"
0_23477,0,23477,"entity: A major city in South Carolina, USA is Charleston",<bos>,0,0.0,0.0,semantic,"[{""token"": ""<bos>"", ""index"": 0, ""distance"": 0, ""direction"": ""self""}]",n/a,Relationship,,1.0,False,,(city) related,"[{""tk"": ""city"", ""act"": 0.0}, {""tk"": ""Carolina"", ""act"": 0.0}, {""tk"": ""USA"", ""act"": 0.0}, {""tk"": ""is"", ""act"": 0.0}, {""tk"": ""Charleston"", ""act"": 0.0}, {""tk"": ""The"", ""act"": 0.0}, {""tk"": ""capital"", ""act"": 0.0}, {""tk"": ""of"", ""act"": 0.0}, {""tk"": ""Columbia"", ""act"": 0.0}, {""tk"": ""state"", ""act"": 0.0}, {""tk"": ""attribute"", ""act"": 0.0}, {""tk"": ""serving"", ""act"": 0.0}, {""tk"": ""government"", ""act"": 0.0}, {""tk"": ""located"", ""act"": 0.0}, {""tk"": ""containing"", ""act"": 0.0}]"
0_24438,0,24438,"entity: A major city in South Carolina, USA is Charleston",<bos>,0,0.0,0.0,semantic,"[{""token"": ""<bos>"", ""index"": 0, ""distance"": 0, ""direction"": ""self""}]",n/a,Relationship,,1.0,False,,(city) related,"[{""tk"": ""city"", ""act"": 0.0}, {""tk"": ""Carolina"", ""act"": 0.0}, {""tk"": ""USA"", ""act"": 0.0}, {""tk"": ""is"", ""act"": 0.0}, {""tk"": ""Charleston"", ""act"": 0.0}, {""tk"": ""The"", ""act"": 0.0}, {""tk"": ""capital"", ""act"": 0.0}, {""tk"": ""of"", ""act"": 0.0}, {""tk"": ""Columbia"", ""act"": 0.0}, {""tk"": ""state"", ""act"": 0.0}, {""tk"": ""attribute"", ""act"": 0.0}, {""tk"": ""serving"", ""act"": 0.0}, {""tk"": ""government"", ""act"": 0.0}, {""tk"": ""located"", ""act"": 0.0}, {""tk"": ""containing"", ""act"": 0.0}]"
0_29904,0,29904,"entity: A major city in South Carolina, USA is Charleston",<bos>,0,0.0,0.0,semantic,"[{""token"": ""<bos>"", ""index"": 0, ""distance"": 0, ""direction"": ""self""}]",n/a,Semantic,Dictionary,1.0,False,,containing,"[{""tk"": ""containing"", ""act"": 9.819502830505371}, {""tk"": ""city"", ""act"": 0.0}, {""tk"": ""Carolina"", ""act"": 0.0}, {""tk"": ""USA"", ""act"": 0.0}, {""tk"": ""is"", ""act"": 0.0}, {""tk"": ""Charleston"", ""act"": 0.0}, {""tk"": ""The"", ""act"": 0.0}, {""tk"": ""capital"", ""act"": 0.0}, {""tk"": ""of"", ""act"": 0.0}, {""tk"": ""Columbia"", ""act"": 0.0}, {""tk"": ""state"", ""act"": 0.0}, {""tk"": ""attribute"", ""act"": 0.0}, {""tk"": ""serving"", ""act"": 0.0}, {""tk"": ""government"", ""act"": 0.0}, {""tk"": ""located"", ""act"": 0.0}]"
0_31953,0,31953,"entity: A major city in South Carolina, USA is Charleston",<bos>,0,0.0,0.0,semantic,"[{""token"": ""<bos>"", ""index"": 0, ""distance"": 0, ""direction"": ""self""}]",n/a,Semantic,Dictionary,1.0,False,,capital,"[{""tk"": ""capital"", ""act"": 5.960221767425537}, {""tk"": ""city"", ""act"": 0.0}, {""tk"": ""Carolina"", ""act"": 0.0}, {""tk"": ""USA"", ""act"": 0.0}, {""tk"": ""is"", ""act"": 0.0}, {""tk"": ""Charleston"", ""act"": 0.0}, {""tk"": ""The"", ""act"": 0.0}, {""tk"": ""of"", ""act"": 0.0}, {""tk"": ""Columbia"", ""act"": 0.0}, {""tk"": ""state"", ""act"": 0.0}, {""tk"": ""attribute"", ""act"": 0.0}, {""tk"": ""serving"", ""act"": 0.0}, {""tk"": ""government"", ""act"": 0.0}, {""tk"": ""located"", ""act"": 0.0}, {""tk"": ""containing"", ""act"": 0.0}]"
0_37416,0,37416,"entity: A major city in South Carolina, USA is Charleston",<bos>,0,0.0,0.0,semantic,"[{""token"": ""<bos>"", ""index"": 0, ""distance"": 0, ""direction"": ""self""}]",n/a,Semantic,Dictionary,1.0,False,,capital,"[{""tk"": ""capital"", ""act"": 12.284197807312012}, {""tk"": ""city"", ""act"": 0.0}, {""tk"": ""Carolina"", ""act"": 0.0}, {""tk"": ""USA"", ""act"": 0.0}, {""tk"": ""is"", ""act"": 0.0}, {""tk"": ""Charleston"", ""act"": 0.0}, {""tk"": ""The"", ""act"": 0.0}, {""tk"": ""of"", ""act"": 0.0}, {""tk"": ""Columbia"", ""act"": 0.0}, {""tk"": ""state"", ""act"": 0.0}, {""tk"": ""attribute"", ""act"": 0.0}, {""tk"": ""serving"", ""act"": 0.0}, {""tk"": ""government"", ""act"": 0.0}, {""tk"": ""located"", ""act"": 0.0}, {""tk"": ""containing"", ""act"": 0.0}]"
0_41589,0,41589,"entity: A major city in South Carolina, USA is Charleston",<bos>,0,0.0,0.0,semantic,"[{""token"": ""<bos>"", ""index"": 0, ""distance"": 0, ""direction"": ""self""}]",n/a,Semantic,Dictionary,1.0,False,,capital,"[{""tk"": ""capital"", ""act"": 7.369453430175781}, {""tk"": ""city"", ""act"": 0.0}, {""tk"": ""Carolina"", ""act"": 0.0}, {""tk"": ""USA"", ""act"": 0.0}, {""tk"": ""is"", ""act"": 0.0}, {""tk"": ""Charleston"", ""act"": 0.0}, {""tk"": ""The"", ""act"": 0.0}, {""tk"": ""of"", ""act"": 0.0}, {""tk"": ""Columbia"", ""act"": 0.0}, {""tk"": ""state"", ""act"": 0.0}, {""tk"": ""attribute"", ""act"": 0.0}, {""tk"": ""serving"", ""act"": 0.0}, {""tk"": ""government"", ""act"": 0.0}, {""tk"": ""located"", ""act"": 0.0}, {""tk"": ""containing"", ""act"": 0.0}]"
0_42832,0,42832,"entity: A major city in South Carolina, USA is Charleston",<bos>,0,0.0,0.0,semantic,"[{""token"": ""<bos>"", ""index"": 0, ""distance"": 0, ""direction"": ""self""}]",n/a,Semantic,Dictionary,1.0,False,,containing,"[{""tk"": ""containing"", ""act"": 11.472331047058105}, {""tk"": ""city"", ""act"": 0.0}, {""tk"": ""Carolina"", ""act"": 0.0}, {""tk"": ""USA"", ""act"": 0.0}, {""tk"": ""is"", ""act"": 0.0}, {""tk"": ""Charleston"", ""act"": 0.0}, {""tk"": ""The"", ""act"": 0.0}, {""tk"": ""capital"", ""act"": 0.0}, {""tk"": ""of"", ""act"": 0.0}, {""tk"": ""Columbia"", ""act"": 0.0}, {""tk"": ""state"", ""act"": 0.0}, {""tk"": ""attribute"", ""act"": 0.0}, {""tk"": ""serving"", ""act"": 0.0}, {""tk"": ""government"", ""act"": 0.0}, {""tk"": ""located"", ""act"": 0.0}]"
0_43624,0,43624,"entity: A major city in South Carolina, USA is Charleston",<bos>,0,0.0,0.0,semantic,"[{""token"": ""<bos>"", ""index"": 0, ""distance"": 0, ""direction"": ""self""}]",n/a,Semantic,Dictionary,1.0,False,,capital,"[{""tk"": ""capital"", ""act"": 10.143529891967773}, {""tk"": ""city"", ""act"": 0.0}, {""tk"": ""Carolina"", ""act"": 0.0}, {""tk"": ""USA"", ""act"": 0.0}, {""tk"": ""is"", ""act"": 0.0}, {""tk"": ""Charleston"", ""act"": 0.0}, {""tk"": ""The"", ""act"": 0.0}, {""tk"": ""of"", ""act"": 0.0}, {""tk"": ""Columbia"", ""act"": 0.0}, {""tk"": ""state"", ""act"": 0.0}, {""tk"": ""attribute"", ""act"": 0.0}, {""tk"": ""serving"", ""act"": 0.0}, {""tk"": ""government"", ""act"": 0.0}, {""tk"": ""located"", ""act"": 0.0}, {""tk"": ""containing"", ""act"": 0.0}]"
0_44709,0,44709,"entity: A major city in South Carolina, USA is Charleston",<bos>,0,0.0,0.0,semantic,"[{""token"": ""<bos>"", ""index"": 0, ""distance"": 0, ""direction"": ""self""}]",n/a,Semantic,Dictionary,1.0,False,,containing,"[{""tk"": ""containing"", ""act"": 6.07918643951416}, {""tk"": ""city"", ""act"": 0.0}, {""tk"": ""Carolina"", ""act"": 0.0}, {""tk"": ""USA"", ""act"": 0.0}, {""tk"": ""is"", ""act"": 0.0}, {""tk"": ""Charleston"", ""act"": 0.0}, {""tk"": ""The"", ""act"": 0.0}, {""tk"": ""capital"", ""act"": 0.0}, {""tk"": ""of"", ""act"": 0.0}, {""tk"": ""Columbia"", ""act"": 0.0}, {""tk"": ""state"", ""act"": 0.0}, {""tk"": ""attribute"", ""act"": 0.0}, {""tk"": ""serving"", ""act"": 0.0}, {""tk"": ""government"", ""act"": 0.0}, {""tk"": ""located"", ""act"": 0.0}]"
0_52009,0,52009,"entity: A major city in South Carolina, USA is Charleston",<bos>,0,0.0,0.0,semantic,"[{""token"": ""<bos>"", ""index"": 0, ""distance"": 0, ""direction"": ""self""}]",n/a,Semantic,Dictionary,1.0,False,,containing,"[{""tk"": ""containing"", ""act"": 7.867442607879639}, {""tk"": ""city"", ""act"": 0.0}, {""tk"": ""Carolina"", ""act"": 0.0}, {""tk"": ""USA"", ""act"": 0.0}, {""tk"": ""is"", ""act"": 0.0}, {""tk"": ""Charleston"", ""act"": 0.0}, {""tk"": ""The"", ""act"": 0.0}, {""tk"": ""capital"", ""act"": 0.0}, {""tk"": ""of"", ""act"": 0.0}, {""tk"": ""Columbia"", ""act"": 0.0}, {""tk"": ""state"", ""act"": 0.0}, {""tk"": ""attribute"", ""act"": 0.0}, {""tk"": ""serving"", ""act"": 0.0}, {""tk"": ""government"", ""act"": 0.0}, {""tk"": ""located"", ""act"": 0.0}]"
0_52264,0,52264,"entity: A major city in South Carolina, USA is Charleston",<bos>,0,0.0,0.0,semantic,"[{""token"": ""<bos>"", ""index"": 0, ""distance"": 0, ""direction"": ""self""}]",n/a,Semantic,Dictionary,1.0,False,,containing,"[{""tk"": ""containing"", ""act"": 9.985231399536133}, {""tk"": ""city"", ""act"": 0.0}, {""tk"": ""Carolina"", ""act"": 0.0}, {""tk"": ""USA"", ""act"": 0.0}, {""tk"": ""is"", ""act"": 0.0}, {""tk"": ""Charleston"", ""act"": 0.0}, {""tk"": ""The"", ""act"": 0.0}, {""tk"": ""capital"", ""act"": 0.0}, {""tk"": ""of"", ""act"": 0.0}, {""tk"": ""Columbia"", ""act"": 0.0}, {""tk"": ""state"", ""act"": 0.0}, {""tk"": ""attribute"", ""act"": 0.0}, {""tk"": ""serving"", ""act"": 0.0}, {""tk"": ""government"", ""act"": 0.0}, {""tk"": ""located"", ""act"": 0.0}]"
0_53491,0,53491,"entity: A major city in South Carolina, USA is Charleston",<bos>,0,0.0,0.0,semantic,"[{""token"": ""<bos>"", ""index"": 0, ""distance"": 0, ""direction"": ""self""}]",n/a,Semantic,Dictionary,1.0,False,,capital,"[{""tk"": ""capital"", ""act"": 16.344919204711914}, {""tk"": ""city"", ""act"": 0.0}, {""tk"": ""Carolina"", ""act"": 0.0}, {""tk"": ""USA"", ""act"": 0.0}, {""tk"": ""is"", ""act"": 0.0}, {""tk"": ""Charleston"", ""act"": 0.0}, {""tk"": ""The"", ""act"": 0.0}, {""tk"": ""of"", ""act"": 0.0}, {""tk"": ""Columbia"", ""act"": 0.0}, {""tk"": ""state"", ""act"": 0.0}, {""tk"": ""attribute"", ""act"": 0.0}, {""tk"": ""serving"", ""act"": 0.0}, {""tk"": ""government"", ""act"": 0.0}, {""tk"": ""located"", ""act"": 0.0}, {""tk"": ""containing"", ""act"": 0.0}]"
0_53531,0,53531,"entity: A major city in South Carolina, USA is Charleston",<bos>,0,0.0,0.0,semantic,"[{""token"": ""<bos>"", ""index"": 0, ""distance"": 0, ""direction"": ""self""}]",n/a,Semantic,Dictionary,1.0,False,,capital,"[{""tk"": ""capital"", ""act"": 8.328258514404297}, {""tk"": ""city"", ""act"": 0.0}, {""tk"": ""Carolina"", ""act"": 0.0}, {""tk"": ""USA"", ""act"": 0.0}, {""tk"": ""is"", ""act"": 0.0}, {""tk"": ""Charleston"", ""act"": 0.0}, {""tk"": ""The"", ""act"": 0.0}, {""tk"": ""of"", ""act"": 0.0}, {""tk"": ""Columbia"", ""act"": 0.0}, {""tk"": ""state"", ""act"": 0.0}, {""tk"": ""attribute"", ""act"": 0.0}, {""tk"": ""serving"", ""act"": 0.0}, {""tk"": ""government"", ""act"": 0.0}, {""tk"": ""located"", ""act"": 0.0}, {""tk"": ""containing"", ""act"": 0.0}]"
0_54197,0,54197,"entity: A major city in South Carolina, USA is Charleston",<bos>,0,0.0,0.0,semantic,"[{""token"": ""<bos>"", ""index"": 0, ""distance"": 0, ""direction"": ""self""}]",n/a,Semantic,Dictionary,1.0,False,,containing,"[{""tk"": ""containing"", ""act"": 11.77919864654541}, {""tk"": ""city"", ""act"": 0.0}, {""tk"": ""Carolina"", ""act"": 0.0}, {""tk"": ""USA"", ""act"": 0.0}, {""tk"": ""is"", ""act"": 0.0}, {""tk"": ""Charleston"", ""act"": 0.0}, {""tk"": ""The"", ""act"": 0.0}, {""tk"": ""capital"", ""act"": 0.0}, {""tk"": ""of"", ""act"": 0.0}, {""tk"": ""Columbia"", ""act"": 0.0}, {""tk"": ""state"", ""act"": 0.0}, {""tk"": ""attribute"", ""act"": 0.0}, {""tk"": ""serving"", ""act"": 0.0}, {""tk"": ""government"", ""act"": 0.0}, {""tk"": ""located"", ""act"": 0.0}]"
0_54572,0,54572,"entity: A major city in South Carolina, USA is Charleston",<bos>,0,0.0,0.0,semantic,"[{""token"": ""<bos>"", ""index"": 0, ""distance"": 0, ""direction"": ""self""}]",n/a,Semantic,Dictionary (fallback),0.9,False,,The,"[{""tk"": ""The"", ""act"": 30.514068603515625}, {""tk"": ""city"", ""act"": 0.0}, {""tk"": ""Carolina"", ""act"": 0.0}, {""tk"": ""USA"", ""act"": 0.0}, {""tk"": ""is"", ""act"": 0.0}, {""tk"": ""Charleston"", ""act"": 0.0}, {""tk"": ""capital"", ""act"": 0.0}, {""tk"": ""of"", ""act"": 0.0}, {""tk"": ""Columbia"", ""act"": 0.0}, {""tk"": ""state"", ""act"": 0.0}, {""tk"": ""attribute"", ""act"": 0.0}, {""tk"": ""serving"", ""act"": 0.0}, {""tk"": ""government"", ""act"": 0.0}, {""tk"": ""located"", ""act"": 0.0}, {""tk"": ""containing"", ""act"": 0.0}]"
0_56748,0,56748,"entity: A major city in South Carolina, USA is Charleston",<bos>,0,0.0,0.0,semantic,"[{""token"": ""<bos>"", ""index"": 0, ""distance"": 0, ""direction"": ""self""}]",n/a,Semantic,Dictionary (fallback),0.9,False,,state,"[{""tk"": ""state"", ""act"": 13.299398422241211}, {""tk"": ""city"", ""act"": 0.0}, {""tk"": ""Carolina"", ""act"": 0.0}, {""tk"": ""USA"", ""act"": 0.0}, {""tk"": ""is"", ""act"": 0.0}, {""tk"": ""Charleston"", ""act"": 0.0}, {""tk"": ""The"", ""act"": 0.0}, {""tk"": ""capital"", ""act"": 0.0}, {""tk"": ""of"", ""act"": 0.0}, {""tk"": ""Columbia"", ""act"": 0.0}, {""tk"": ""attribute"", ""act"": 0.0}, {""tk"": ""serving"", ""act"": 0.0}, {""tk"": ""government"", ""act"": 0.0}, {""tk"": ""located"", ""act"": 0.0}, {""tk"": ""containing"", ""act"": 0.0}]"
0_61257,0,61257,"entity: A major city in South Carolina, USA is Charleston",<bos>,0,0.0,0.0,semantic,"[{""token"": ""<bos>"", ""index"": 0, ""distance"": 0, ""direction"": ""self""}]",n/a,Semantic,Dictionary (fallback),0.9,False,,state,"[{""tk"": ""state"", ""act"": 15.710807800292969}, {""tk"": ""city"", ""act"": 0.0}, {""tk"": ""Carolina"", ""act"": 0.0}, {""tk"": ""USA"", ""act"": 0.0}, {""tk"": ""is"", ""act"": 0.0}, {""tk"": ""Charleston"", ""act"": 0.0}, {""tk"": ""The"", ""act"": 0.0}, {""tk"": ""capital"", ""act"": 0.0}, {""tk"": ""of"", ""act"": 0.0}, {""tk"": ""Columbia"", ""act"": 0.0}, {""tk"": ""attribute"", ""act"": 0.0}, {""tk"": ""serving"", ""act"": 0.0}, {""tk"": ""government"", ""act"": 0.0}, {""tk"": ""located"", ""act"": 0.0}, {""tk"": ""containing"", ""act"": 0.0}]"
0_62872,0,62872,"entity: A major city in South Carolina, USA is Charleston",<bos>,0,0.0,0.0,semantic,"[{""token"": ""<bos>"", ""index"": 0, ""distance"": 0, ""direction"": ""self""}]",n/a,Relationship,,1.0,False,,(city) related,"[{""tk"": ""city"", ""act"": 0.0}, {""tk"": ""Carolina"", ""act"": 0.0}, {""tk"": ""USA"", ""act"": 0.0}, {""tk"": ""is"", ""act"": 0.0}, {""tk"": ""Charleston"", ""act"": 0.0}, {""tk"": ""The"", ""act"": 0.0}, {""tk"": ""capital"", ""act"": 0.0}, {""tk"": ""of"", ""act"": 0.0}, {""tk"": ""Columbia"", ""act"": 0.0}, {""tk"": ""state"", ""act"": 0.0}, {""tk"": ""attribute"", ""act"": 0.0}, {""tk"": ""serving"", ""act"": 0.0}, {""tk"": ""government"", ""act"": 0.0}, {""tk"": ""located"", ""act"": 0.0}, {""tk"": ""containing"", ""act"": 0.0}]"
0_63548,0,63548,"entity: A major city in South Carolina, USA is Charleston",<bos>,0,0.0,0.0,semantic,"[{""token"": ""<bos>"", ""index"": 0, ""distance"": 0, ""direction"": ""self""}]",n/a,Semantic,Dictionary,1.0,False,,capital,"[{""tk"": ""capital"", ""act"": 9.130105972290039}, {""tk"": ""city"", ""act"": 0.0}, {""tk"": ""Carolina"", ""act"": 0.0}, {""tk"": ""USA"", ""act"": 0.0}, {""tk"": ""is"", ""act"": 0.0}, {""tk"": ""Charleston"", ""act"": 0.0}, {""tk"": ""The"", ""act"": 0.0}, {""tk"": ""of"", ""act"": 0.0}, {""tk"": ""Columbia"", ""act"": 0.0}, {""tk"": ""state"", ""act"": 0.0}, {""tk"": ""attribute"", ""act"": 0.0}, {""tk"": ""serving"", ""act"": 0.0}, {""tk"": ""government"", ""act"": 0.0}, {""tk"": ""located"", ""act"": 0.0}, {""tk"": ""containing"", ""act"": 0.0}]"
0_66754,0,66754,"entity: A major city in South Carolina, USA is Charleston",<bos>,0,0.0,0.0,semantic,"[{""token"": ""<bos>"", ""index"": 0, ""distance"": 0, ""direction"": ""self""}]",n/a,Semantic,Dictionary,1.0,False,,containing,"[{""tk"": ""containing"", ""act"": 12.251155853271484}, {""tk"": ""city"", ""act"": 0.0}, {""tk"": ""Carolina"", ""act"": 0.0}, {""tk"": ""USA"", ""act"": 0.0}, {""tk"": ""is"", ""act"": 0.0}, {""tk"": ""Charleston"", ""act"": 0.0}, {""tk"": ""The"", ""act"": 0.0}, {""tk"": ""capital"", ""act"": 0.0}, {""tk"": ""of"", ""act"": 0.0}, {""tk"": ""Columbia"", ""act"": 0.0}, {""tk"": ""state"", ""act"": 0.0}, {""tk"": ""attribute"", ""act"": 0.0}, {""tk"": ""serving"", ""act"": 0.0}, {""tk"": ""government"", ""act"": 0.0}, {""tk"": ""located"", ""act"": 0.0}]"
0_67553,0,67553,"entity: A major city in South Carolina, USA is Charleston",<bos>,0,0.0,0.0,semantic,"[{""token"": ""<bos>"", ""index"": 0, ""distance"": 0, ""direction"": ""self""}]",n/a,Semantic,Dictionary,1.0,False,,containing,"[{""tk"": ""containing"", ""act"": 16.307926177978516}, {""tk"": ""city"", ""act"": 0.0}, {""tk"": ""Carolina"", ""act"": 0.0}, {""tk"": ""USA"", ""act"": 0.0}, {""tk"": ""is"", ""act"": 0.0}, {""tk"": ""Charleston"", ""act"": 0.0}, {""tk"": ""The"", ""act"": 0.0}, {""tk"": ""capital"", ""act"": 0.0}, {""tk"": ""of"", ""act"": 0.0}, {""tk"": ""Columbia"", ""act"": 0.0}, {""tk"": ""state"", ""act"": 0.0}, {""tk"": ""attribute"", ""act"": 0.0}, {""tk"": ""serving"", ""act"": 0.0}, {""tk"": ""government"", ""act"": 0.0}, {""tk"": ""located"", ""act"": 0.0}]"
0_68987,0,68987,"entity: A major city in South Carolina, USA is Charleston",<bos>,0,0.0,0.0,semantic,"[{""token"": ""<bos>"", ""index"": 0, ""distance"": 0, ""direction"": ""self""}]",n/a,Semantic,Dictionary,1.0,False,,capital,"[{""tk"": ""capital"", ""act"": 9.928791046142578}, {""tk"": ""city"", ""act"": 0.0}, {""tk"": ""Carolina"", ""act"": 0.0}, {""tk"": ""USA"", ""act"": 0.0}, {""tk"": ""is"", ""act"": 0.0}, {""tk"": ""Charleston"", ""act"": 0.0}, {""tk"": ""The"", ""act"": 0.0}, {""tk"": ""of"", ""act"": 0.0}, {""tk"": ""Columbia"", ""act"": 0.0}, {""tk"": ""state"", ""act"": 0.0}, {""tk"": ""attribute"", ""act"": 0.0}, {""tk"": ""serving"", ""act"": 0.0}, {""tk"": ""government"", ""act"": 0.0}, {""tk"": ""located"", ""act"": 0.0}, {""tk"": ""containing"", ""act"": 0.0}]"
0_73514,0,73514,"entity: A major city in South Carolina, USA is Charleston",<bos>,0,0.0,0.0,semantic,"[{""token"": ""<bos>"", ""index"": 0, ""distance"": 0, ""direction"": ""self""}]",n/a,Relationship,,1.0,False,,(city) related,"[{""tk"": ""city"", ""act"": 0.0}, {""tk"": ""Carolina"", ""act"": 0.0}, {""tk"": ""USA"", ""act"": 0.0}, {""tk"": ""is"", ""act"": 0.0}, {""tk"": ""Charleston"", ""act"": 0.0}, {""tk"": ""The"", ""act"": 0.0}, {""tk"": ""capital"", ""act"": 0.0}, {""tk"": ""of"", ""act"": 0.0}, {""tk"": ""Columbia"", ""act"": 0.0}, {""tk"": ""state"", ""act"": 0.0}, {""tk"": ""attribute"", ""act"": 0.0}, {""tk"": ""serving"", ""act"": 0.0}, {""tk"": ""government"", ""act"": 0.0}, {""tk"": ""located"", ""act"": 0.0}, {""tk"": ""containing"", ""act"": 0.0}]"
0_73833,0,73833,"entity: A major city in South Carolina, USA is Charleston",<bos>,0,0.0,0.0,semantic,"[{""token"": ""<bos>"", ""index"": 0, ""distance"": 0, ""direction"": ""self""}]",n/a,Semantic,Dictionary,1.0,False,,containing,"[{""tk"": ""containing"", ""act"": 11.570135116577148}, {""tk"": ""city"", ""act"": 0.0}, {""tk"": ""Carolina"", ""act"": 0.0}, {""tk"": ""USA"", ""act"": 0.0}, {""tk"": ""is"", ""act"": 0.0}, {""tk"": ""Charleston"", ""act"": 0.0}, {""tk"": ""The"", ""act"": 0.0}, {""tk"": ""capital"", ""act"": 0.0}, {""tk"": ""of"", ""act"": 0.0}, {""tk"": ""Columbia"", ""act"": 0.0}, {""tk"": ""state"", ""act"": 0.0}, {""tk"": ""attribute"", ""act"": 0.0}, {""tk"": ""serving"", ""act"": 0.0}, {""tk"": ""government"", ""act"": 0.0}, {""tk"": ""located"", ""act"": 0.0}]"
0_82862,0,82862,"entity: A major city in South Carolina, USA is Charleston",<bos>,0,0.0,0.0,semantic,"[{""token"": ""<bos>"", ""index"": 0, ""distance"": 0, ""direction"": ""self""}]",n/a,Semantic,Dictionary (fallback),0.9,False,,government,"[{""tk"": ""government"", ""act"": 9.586883544921875}, {""tk"": ""capital"", ""act"": 8.219970703125}, {""tk"": ""state"", ""act"": 5.531653881072998}, {""tk"": ""city"", ""act"": 0.0}, {""tk"": ""Carolina"", ""act"": 0.0}, {""tk"": ""USA"", ""act"": 0.0}, {""tk"": ""is"", ""act"": 0.0}, {""tk"": ""Charleston"", ""act"": 0.0}, {""tk"": ""The"", ""act"": 0.0}, {""tk"": ""of"", ""act"": 0.0}, {""tk"": ""Columbia"", ""act"": 0.0}, {""tk"": ""attribute"", ""act"": 0.0}, {""tk"": ""serving"", ""act"": 0.0}, {""tk"": ""located"", ""act"": 0.0}, {""tk"": ""containing"", ""act"": 0.0}]"
0_89265,0,89265,"entity: A major city in South Carolina, USA is Charleston",<bos>,0,0.0,0.0,semantic,"[{""token"": ""<bos>"", ""index"": 0, ""distance"": 0, ""direction"": ""self""}]",n/a,Semantic,Dictionary (fallback),0.9,False,,the,"[{""tk"": ""the"", ""act"": 41.03260803222656}, {""tk"": ""city"", ""act"": 0.0}, {""tk"": ""Carolina"", ""act"": 0.0}, {""tk"": ""USA"", ""act"": 0.0}, {""tk"": ""is"", ""act"": 0.0}, {""tk"": ""Charleston"", ""act"": 0.0}, {""tk"": ""capital"", ""act"": 0.0}, {""tk"": ""of"", ""act"": 0.0}, {""tk"": ""Columbia"", ""act"": 0.0}, {""tk"": ""state"", ""act"": 0.0}, {""tk"": ""attribute"", ""act"": 0.0}, {""tk"": ""serving"", ""act"": 0.0}, {""tk"": ""government"", ""act"": 0.0}, {""tk"": ""located"", ""act"": 0.0}, {""tk"": ""containing"", ""act"": 0.0}]"
1_12928,1,12928,"entity: A major city in South Carolina, USA is Charleston",<bos>,0,424.16802978515625,0.7522237557797856,semantic,"[{""token"": ""<bos>"", ""index"": 0, ""distance"": 0, ""direction"": ""self""}]",n/a,Semantic,Dictionary (fallback),0.9,False,,Semantic (unknown),"[{""tk"": ""attribute"", ""act"": 116.61937713623047}, {""tk"": ""city"", ""act"": 102.33412170410156}, {""tk"": ""Columbia"", ""act"": 99.24443054199219}, {""tk"": ""Carolina"", ""act"": 94.60506439208984}, {""tk"": ""Charleston"", ""act"": 92.46700286865234}, {""tk"": ""state"", ""act"": 91.09199523925781}, {""tk"": ""is"", ""act"": 87.51624298095703}, {""tk"": ""government"", ""act"": 86.91158294677734}, {""tk"": ""the"", ""act"": 86.17095947265625}, {""tk"": ""located"", ""act"": 77.41014862060547}, {""tk"": ""USA"", ""act"": 75.30310821533203}, {""tk"": ""capital"", ""act"": 74.68241882324219}, {""tk"": ""of"", ""act"": 68.17405700683594}, {""tk"": ""serving"", ""act"": 64.7063980102539}, {""tk"": ""containing"", ""act"": 62.237648010253906}]"
1_57794,1,57794,"entity: A major city in South Carolina, USA is Charleston",<bos>,0,388.9519348144531,0.7352914074567488,semantic,"[{""token"": ""<bos>"", ""index"": 0, ""distance"": 0, ""direction"": ""self""}]",n/a,Semantic,Dictionary (fallback),0.9,False,,Semantic (unknown),"[{""tk"": ""attribute"", ""act"": 125.1230239868164}, {""tk"": ""The"", ""act"": 90.81844329833984}, {""tk"": ""is"", ""act"": 86.76908111572266}, {""tk"": ""state"", ""act"": 85.2448959350586}, {""tk"": ""of"", ""act"": 81.49526977539062}, {""tk"": ""serving"", ""act"": 81.41454315185547}, {""tk"": ""Charleston"", ""act"": 80.3638687133789}, {""tk"": ""USA"", ""act"": 79.97205352783203}, {""tk"": ""city"", ""act"": 78.5748291015625}, {""tk"": ""government"", ""act"": 78.36383819580078}, {""tk"": ""capital"", ""act"": 77.23419952392578}, {""tk"": ""located"", ""act"": 75.95323944091797}, {""tk"": ""Carolina"", ""act"": 75.86783599853516}, {""tk"": ""containing"", ""act"": 74.69670104980469}, {""tk"": ""Columbia"", ""act"": 71.81240844726562}]"
1_72774,1,72774,"entity: A major city in South Carolina, USA is Charleston", major,4,120.7496337890625,0.4378971161107406,semantic,"[{""token"": "" major"", ""index"": 4, ""distance"": 0, ""direction"": ""self""}]",n/a,Relationship,,1.0,False,,(serving) related,"[{""tk"": ""serving"", ""act"": 112.18031311035156}, {""tk"": ""capital"", ""act"": 102.21701049804688}, {""tk"": ""city"", ""act"": 98.39340209960938}, {""tk"": ""containing"", ""act"": 97.6826171875}, {""tk"": ""Columbia"", ""act"": 95.98713684082031}, {""tk"": ""state"", ""act"": 91.85028076171875}, {""tk"": ""is"", ""act"": 90.29220581054688}, {""tk"": ""Charleston"", ""act"": 87.18460083007812}, {""tk"": ""USA"", ""act"": 85.39593505859375}, {""tk"": ""government"", ""act"": 84.53697204589844}, {""tk"": ""located"", ""act"": 84.2203369140625}, {""tk"": ""the"", ""act"": 78.6541748046875}, {""tk"": ""of"", ""act"": 78.48052978515625}, {""tk"": ""Carolina"", ""act"": 64.49211120605469}, {""tk"": ""attribute"", ""act"": 23.17362403869629}]"
1_52044,1,52044,"entity: A major city in South Carolina, USA is Charleston", major,4,118.81828308105467,0.3948468613976921,semantic,"[{""token"": "" major"", ""index"": 4, ""distance"": 0, ""direction"": ""self""}]",n/a,Relationship,,1.0,False,,(containing) related,"[{""tk"": ""containing"", ""act"": 125.91358184814453}, {""tk"": ""capital"", ""act"": 118.56844329833984}, {""tk"": ""located"", ""act"": 115.86267852783203}, {""tk"": ""city"", ""act"": 112.72059631347656}, {""tk"": ""state"", ""act"": 110.67672729492188}, {""tk"": ""serving"", ""act"": 106.8580551147461}, {""tk"": ""USA"", ""act"": 103.16213989257812}, {""tk"": ""is"", ""act"": 96.33961486816406}, {""tk"": ""government"", ""act"": 92.29335021972656}, {""tk"": ""The"", ""act"": 81.9691162109375}, {""tk"": ""Carolina"", ""act"": 80.77632141113281}, {""tk"": ""of"", ""act"": 75.42842864990234}, {""tk"": ""Charleston"", ""act"": 67.51875305175781}, {""tk"": ""Columbia"", ""act"": 44.87030029296875}, {""tk"": ""attribute"", ""act"": 43.5494384765625}]"
1_41482,1,41482,"entity: A major city in South Carolina, USA is Charleston", Charleston,12,15.813238143920898,0.923076923076923,semantic,"[{""token"": "" Charleston"", ""index"": 12, ""distance"": 0, ""direction"": ""self""}]",n/a,Semantic,Dictionary,1.0,False,,Charleston,"[{""tk"": ""Charleston"", ""act"": 15.813238143920898}, {""tk"": ""city"", ""act"": 0.0}, {""tk"": ""Carolina"", ""act"": 0.0}, {""tk"": ""USA"", ""act"": 0.0}, {""tk"": ""is"", ""act"": 0.0}, {""tk"": ""The"", ""act"": 0.0}, {""tk"": ""capital"", ""act"": 0.0}, {""tk"": ""of"", ""act"": 0.0}, {""tk"": ""Columbia"", ""act"": 0.0}, {""tk"": ""state"", ""act"": 0.0}, {""tk"": ""attribute"", ""act"": 0.0}, {""tk"": ""serving"", ""act"": 0.0}, {""tk"": ""government"", ""act"": 0.0}, {""tk"": ""located"", ""act"": 0.0}, {""tk"": ""containing"", ""act"": 0.0}]"
1_74380,1,74380,"entity: A major city in South Carolina, USA is Charleston",<bos>,0,2.384669780731201,0.923076923076923,semantic,"[{""token"": ""<bos>"", ""index"": 0, ""distance"": 0, ""direction"": ""self""}]",n/a,Semantic,Dictionary,1.0,False,,capital,"[{""tk"": ""capital"", ""act"": 17.934070587158203}, {""tk"": ""city"", ""act"": 0.0}, {""tk"": ""Carolina"", ""act"": 0.0}, {""tk"": ""USA"", ""act"": 0.0}, {""tk"": ""is"", ""act"": 0.0}, {""tk"": ""Charleston"", ""act"": 0.0}, {""tk"": ""The"", ""act"": 0.0}, {""tk"": ""of"", ""act"": 0.0}, {""tk"": ""Columbia"", ""act"": 0.0}, {""tk"": ""state"", ""act"": 0.0}, {""tk"": ""attribute"", ""act"": 0.0}, {""tk"": ""serving"", ""act"": 0.0}, {""tk"": ""government"", ""act"": 0.0}, {""tk"": ""located"", ""act"": 0.0}, {""tk"": ""containing"", ""act"": 0.0}]"
1_64129,1,64129,"entity: A major city in South Carolina, USA is Charleston",<bos>,0,0.0,0.0,semantic,"[{""token"": ""<bos>"", ""index"": 0, ""distance"": 0, ""direction"": ""self""}]",n/a,Relationship,,1.0,False,,(city) related,"[{""tk"": ""city"", ""act"": 0.0}, {""tk"": ""Carolina"", ""act"": 0.0}, {""tk"": ""USA"", ""act"": 0.0}, {""tk"": ""is"", ""act"": 0.0}, {""tk"": ""Charleston"", ""act"": 0.0}, {""tk"": ""The"", ""act"": 0.0}, {""tk"": ""capital"", ""act"": 0.0}, {""tk"": ""of"", ""act"": 0.0}, {""tk"": ""Columbia"", ""act"": 0.0}, {""tk"": ""state"", ""act"": 0.0}, {""tk"": ""attribute"", ""act"": 0.0}, {""tk"": ""serving"", ""act"": 0.0}, {""tk"": ""government"", ""act"": 0.0}, {""tk"": ""located"", ""act"": 0.0}, {""tk"": ""containing"", ""act"": 0.0}]"
1_85217,1,85217,"entity: A major city in South Carolina, USA is Charleston",<bos>,0,0.0,0.0,semantic,"[{""token"": ""<bos>"", ""index"": 0, ""distance"": 0, ""direction"": ""self""}]",n/a,Semantic,Dictionary,1.0,False,,capital,"[{""tk"": ""capital"", ""act"": 20.99380874633789}, {""tk"": ""city"", ""act"": 0.0}, {""tk"": ""Carolina"", ""act"": 0.0}, {""tk"": ""USA"", ""act"": 0.0}, {""tk"": ""is"", ""act"": 0.0}, {""tk"": ""Charleston"", ""act"": 0.0}, {""tk"": ""The"", ""act"": 0.0}, {""tk"": ""of"", ""act"": 0.0}, {""tk"": ""Columbia"", ""act"": 0.0}, {""tk"": ""state"", ""act"": 0.0}, {""tk"": ""attribute"", ""act"": 0.0}, {""tk"": ""serving"", ""act"": 0.0}, {""tk"": ""government"", ""act"": 0.0}, {""tk"": ""located"", ""act"": 0.0}, {""tk"": ""containing"", ""act"": 0.0}]"
1_92117,1,92117,"entity: A major city in South Carolina, USA is Charleston",<bos>,0,0.0,0.0,semantic,"[{""token"": ""<bos>"", ""index"": 0, ""distance"": 0, ""direction"": ""self""}]",n/a,Semantic,Dictionary (fallback),0.9,False,,is,"[{""tk"": ""is"", ""act"": 0.20768213272094727}, {""tk"": ""city"", ""act"": 0.0}, {""tk"": ""Carolina"", ""act"": 0.0}, {""tk"": ""USA"", ""act"": 0.0}, {""tk"": ""Charleston"", ""act"": 0.0}, {""tk"": ""The"", ""act"": 0.0}, {""tk"": ""capital"", ""act"": 0.0}, {""tk"": ""of"", ""act"": 0.0}, {""tk"": ""Columbia"", ""act"": 0.0}, {""tk"": ""state"", ""act"": 0.0}, {""tk"": ""attribute"", ""act"": 0.0}, {""tk"": ""serving"", ""act"": 0.0}, {""tk"": ""government"", ""act"": 0.0}, {""tk"": ""located"", ""act"": 0.0}, {""tk"": ""containing"", ""act"": 0.0}]"
2_96724,2,96724,"entity: A major city in South Carolina, USA is Charleston", Charleston,12,22.84125518798828,0.923076923076923,semantic,"[{""token"": "" Charleston"", ""index"": 12, ""distance"": 0, ""direction"": ""self""}]",n/a,Semantic,Dictionary (fallback),0.9,False,,Charleston,"[{""tk"": ""Charleston"", ""act"": 22.84125518798828}, {""tk"": ""Columbia"", ""act"": 9.788034439086914}, {""tk"": ""city"", ""act"": 0.0}, {""tk"": ""Carolina"", ""act"": 0.0}, {""tk"": ""USA"", ""act"": 0.0}, {""tk"": ""is"", ""act"": 0.0}, {""tk"": ""The"", ""act"": 0.0}, {""tk"": ""capital"", ""act"": 0.0}, {""tk"": ""of"", ""act"": 0.0}, {""tk"": ""state"", ""act"": 0.0}, {""tk"": ""attribute"", ""act"": 0.0}, {""tk"": ""serving"", ""act"": 0.0}, {""tk"": ""government"", ""act"": 0.0}, {""tk"": ""located"", ""act"": 0.0}, {""tk"": ""containing"", ""act"": 0.0}]"
2_57996,2,57996,"entity: A major city in South Carolina, USA is Charleston", Charleston,12,21.63900375366211,0.9230769230769232,semantic,"[{""token"": "" Charleston"", ""index"": 12, ""distance"": 0, ""direction"": ""self""}]",n/a,Semantic,Dictionary,1.0,False,,Charleston,"[{""tk"": ""Charleston"", ""act"": 21.63900375366211}, {""tk"": ""city"", ""act"": 0.0}, {""tk"": ""Carolina"", ""act"": 0.0}, {""tk"": ""USA"", ""act"": 0.0}, {""tk"": ""is"", ""act"": 0.0}, {""tk"": ""The"", ""act"": 0.0}, {""tk"": ""capital"", ""act"": 0.0}, {""tk"": ""of"", ""act"": 0.0}, {""tk"": ""Columbia"", ""act"": 0.0}, {""tk"": ""state"", ""act"": 0.0}, {""tk"": ""attribute"", ""act"": 0.0}, {""tk"": ""serving"", ""act"": 0.0}, {""tk"": ""government"", ""act"": 0.0}, {""tk"": ""located"", ""act"": 0.0}, {""tk"": ""containing"", ""act"": 0.0}]"
2_1890,2,1890,"entity: A major city in South Carolina, USA is Charleston",<bos>,0,0.0,0.0,semantic,"[{""token"": ""<bos>"", ""index"": 0, ""distance"": 0, ""direction"": ""self""}]",n/a,Semantic,Dictionary,1.0,False,,capital,"[{""tk"": ""capital"", ""act"": 25.489017486572266}, {""tk"": ""city"", ""act"": 0.0}, {""tk"": ""Carolina"", ""act"": 0.0}, {""tk"": ""USA"", ""act"": 0.0}, {""tk"": ""is"", ""act"": 0.0}, {""tk"": ""Charleston"", ""act"": 0.0}, {""tk"": ""The"", ""act"": 0.0}, {""tk"": ""of"", ""act"": 0.0}, {""tk"": ""Columbia"", ""act"": 0.0}, {""tk"": ""state"", ""act"": 0.0}, {""tk"": ""attribute"", ""act"": 0.0}, {""tk"": ""serving"", ""act"": 0.0}, {""tk"": ""government"", ""act"": 0.0}, {""tk"": ""located"", ""act"": 0.0}, {""tk"": ""containing"", ""act"": 0.0}]"
2_4865,2,4865,"entity: A major city in South Carolina, USA is Charleston",<bos>,0,0.0,0.0,semantic,"[{""token"": ""<bos>"", ""index"": 0, ""distance"": 0, ""direction"": ""self""}]",n/a,Semantic,Dictionary,1.0,False,,capital,"[{""tk"": ""capital"", ""act"": 3.5495402812957764}, {""tk"": ""city"", ""act"": 0.0}, {""tk"": ""Carolina"", ""act"": 0.0}, {""tk"": ""USA"", ""act"": 0.0}, {""tk"": ""is"", ""act"": 0.0}, {""tk"": ""Charleston"", ""act"": 0.0}, {""tk"": ""The"", ""act"": 0.0}, {""tk"": ""of"", ""act"": 0.0}, {""tk"": ""Columbia"", ""act"": 0.0}, {""tk"": ""state"", ""act"": 0.0}, {""tk"": ""attribute"", ""act"": 0.0}, {""tk"": ""serving"", ""act"": 0.0}, {""tk"": ""government"", ""act"": 0.0}, {""tk"": ""located"", ""act"": 0.0}, {""tk"": ""containing"", ""act"": 0.0}]"
3_52779,3,52779,"entity: A major city in South Carolina, USA is Charleston",<bos>,0,57.88114547729492,0.9230769230769232,semantic,"[{""token"": ""<bos>"", ""index"": 0, ""distance"": 0, ""direction"": ""self""}]",n/a,Semantic,Dictionary (fallback),0.9,False,,Semantic (unknown),"[{""tk"": ""containing"", ""act"": 17.660171508789062}, {""tk"": ""the"", ""act"": 13.811017036437988}, {""tk"": ""is"", ""act"": 13.126309394836426}, {""tk"": ""city"", ""act"": 0.0}, {""tk"": ""Carolina"", ""act"": 0.0}, {""tk"": ""USA"", ""act"": 0.0}, {""tk"": ""Charleston"", ""act"": 0.0}, {""tk"": ""capital"", ""act"": 0.0}, {""tk"": ""of"", ""act"": 0.0}, {""tk"": ""Columbia"", ""act"": 0.0}, {""tk"": ""state"", ""act"": 0.0}, {""tk"": ""attribute"", ""act"": 0.0}, {""tk"": ""serving"", ""act"": 0.0}, {""tk"": ""government"", ""act"": 0.0}, {""tk"": ""located"", ""act"": 0.0}]"
3_91022,3,91022,"entity: A major city in South Carolina, USA is Charleston",<bos>,0,11.15066909790039,0.9230769230769232,semantic,"[{""token"": ""<bos>"", ""index"": 0, ""distance"": 0, ""direction"": ""self""}]",n/a,Semantic,Dictionary (fallback),0.9,False,,Semantic (unknown),"[{""tk"": ""containing"", ""act"": 6.780716419219971}, {""tk"": ""serving"", ""act"": 5.3664069175720215}, {""tk"": ""city"", ""act"": 0.0}, {""tk"": ""Carolina"", ""act"": 0.0}, {""tk"": ""USA"", ""act"": 0.0}, {""tk"": ""is"", ""act"": 0.0}, {""tk"": ""Charleston"", ""act"": 0.0}, {""tk"": ""The"", ""act"": 0.0}, {""tk"": ""capital"", ""act"": 0.0}, {""tk"": ""of"", ""act"": 0.0}, {""tk"": ""Columbia"", ""act"": 0.0}, {""tk"": ""state"", ""act"": 0.0}, {""tk"": ""attribute"", ""act"": 0.0}, {""tk"": ""government"", ""act"": 0.0}, {""tk"": ""located"", ""act"": 0.0}]"
3_13967,3,13967,"entity: A major city in South Carolina, USA is Charleston",",",9,2.622136354446411,0.9230769230769232,functional,"[{""token"": "" USA"", ""index"": 10, ""distance"": 1, ""direction"": ""forward""}, {""token"": "" Carolina"", ""index"": 8, ""distance"": 1, ""direction"": ""backward""}]",json,Semantic,Dictionary (fallback),0.9,False,,of,"[{""tk"": ""of"", ""act"": 11.243531227111816}, {""tk"": ""is"", ""act"": 8.519635200500488}, {""tk"": ""the"", ""act"": 0.35361218452453613}, {""tk"": ""city"", ""act"": 0.0}, {""tk"": ""Carolina"", ""act"": 0.0}, {""tk"": ""USA"", ""act"": 0.0}, {""tk"": ""Charleston"", ""act"": 0.0}, {""tk"": ""capital"", ""act"": 0.0}, {""tk"": ""Columbia"", ""act"": 0.0}, {""tk"": ""state"", ""act"": 0.0}, {""tk"": ""attribute"", ""act"": 0.0}, {""tk"": ""serving"", ""act"": 0.0}, {""tk"": ""government"", ""act"": 0.0}, {""tk"": ""located"", ""act"": 0.0}, {""tk"": ""containing"", ""act"": 0.0}]"
3_46428,3,46428,"entity: A major city in South Carolina, USA is Charleston",<bos>,0,1.9693604707717896,0.9230769230769232,semantic,"[{""token"": ""<bos>"", ""index"": 0, ""distance"": 0, ""direction"": ""self""}]",n/a,Semantic,Dictionary (fallback),0.9,False,,Semantic (unknown),"[{""tk"": ""city"", ""act"": 0.0}, {""tk"": ""Carolina"", ""act"": 0.0}, {""tk"": ""USA"", ""act"": 0.0}, {""tk"": ""is"", ""act"": 0.0}, {""tk"": ""Charleston"", ""act"": 0.0}, {""tk"": ""The"", ""act"": 0.0}, {""tk"": ""capital"", ""act"": 0.0}, {""tk"": ""of"", ""act"": 0.0}, {""tk"": ""Columbia"", ""act"": 0.0}, {""tk"": ""state"", ""act"": 0.0}, {""tk"": ""attribute"", ""act"": 0.0}, {""tk"": ""serving"", ""act"": 0.0}, {""tk"": ""government"", ""act"": 0.0}, {""tk"": ""located"", ""act"": 0.0}, {""tk"": ""containing"", ""act"": 0.0}]"
3_93843,3,93843,"entity: A major city in South Carolina, USA is Charleston", is,11,1.6202216148376465,0.923076923076923,functional,"[{""token"": "" Charleston"", ""index"": 12, ""distance"": 1, ""direction"": ""forward""}]",json,Semantic,Dictionary (fallback),0.9,False,,is,"[{""tk"": ""is"", ""act"": 6.0081682205200195}, {""tk"": ""city"", ""act"": 0.0}, {""tk"": ""Carolina"", ""act"": 0.0}, {""tk"": ""USA"", ""act"": 0.0}, {""tk"": ""Charleston"", ""act"": 0.0}, {""tk"": ""The"", ""act"": 0.0}, {""tk"": ""capital"", ""act"": 0.0}, {""tk"": ""of"", ""act"": 0.0}, {""tk"": ""Columbia"", ""act"": 0.0}, {""tk"": ""state"", ""act"": 0.0}, {""tk"": ""attribute"", ""act"": 0.0}, {""tk"": ""serving"", ""act"": 0.0}, {""tk"": ""government"", ""act"": 0.0}, {""tk"": ""located"", ""act"": 0.0}, {""tk"": ""containing"", ""act"": 0.0}]"
3_28747,3,28747,"entity: A major city in South Carolina, USA is Charleston",<bos>,0,0.0,0.0,semantic,"[{""token"": ""<bos>"", ""index"": 0, ""distance"": 0, ""direction"": ""self""}]",n/a,Semantic,Dictionary (fallback),0.9,False,,of,"[{""tk"": ""of"", ""act"": 17.464412689208984}, {""tk"": ""is"", ""act"": 1.1901960372924805}, {""tk"": ""city"", ""act"": 0.0}, {""tk"": ""Carolina"", ""act"": 0.0}, {""tk"": ""USA"", ""act"": 0.0}, {""tk"": ""Charleston"", ""act"": 0.0}, {""tk"": ""The"", ""act"": 0.0}, {""tk"": ""capital"", ""act"": 0.0}, {""tk"": ""Columbia"", ""act"": 0.0}, {""tk"": ""state"", ""act"": 0.0}, {""tk"": ""attribute"", ""act"": 0.0}, {""tk"": ""serving"", ""act"": 0.0}, {""tk"": ""government"", ""act"": 0.0}, {""tk"": ""located"", ""act"": 0.0}, {""tk"": ""containing"", ""act"": 0.0}]"
4_3920,4,3920,"entity: A major city in South Carolina, USA is Charleston",<bos>,0,159.3799591064453,0.9100418554202228,semantic,"[{""token"": ""<bos>"", ""index"": 0, ""distance"": 0, ""direction"": ""self""}]",n/a,Semantic,Concept,0.7,False,,Semantic (unknown),"[{""tk"": ""attribute"", ""act"": 19.900348663330078}, {""tk"": ""city"", ""act"": 0.0}, {""tk"": ""Carolina"", ""act"": 0.0}, {""tk"": ""USA"", ""act"": 0.0}, {""tk"": ""is"", ""act"": 0.0}, {""tk"": ""Charleston"", ""act"": 0.0}, {""tk"": ""The"", ""act"": 0.0}, {""tk"": ""capital"", ""act"": 0.0}, {""tk"": ""of"", ""act"": 0.0}, {""tk"": ""Columbia"", ""act"": 0.0}, {""tk"": ""state"", ""act"": 0.0}, {""tk"": ""serving"", ""act"": 0.0}, {""tk"": ""government"", ""act"": 0.0}, {""tk"": ""located"", ""act"": 0.0}, {""tk"": ""containing"", ""act"": 0.0}]"
4_83635,4,83635,"entity: A major city in South Carolina, USA is Charleston", Charleston,12,17.917591094970703,0.544010597697638,semantic,"[{""token"": "" Charleston"", ""index"": 12, ""distance"": 0, ""direction"": ""self""}]",n/a,Semantic,Concept,0.7,False,,city,"[{""tk"": ""city"", ""act"": 29.045270919799805}, {""tk"": ""attribute"", ""act"": 28.14508056640625}, {""tk"": ""Carolina"", ""act"": 22.328332901000977}, {""tk"": ""capital"", ""act"": 21.525239944458008}, {""tk"": ""state"", ""act"": 19.251550674438477}, {""tk"": ""Charleston"", ""act"": 17.917591094970703}, {""tk"": ""USA"", ""act"": 16.147647857666016}, {""tk"": ""government"", ""act"": 13.456141471862793}, {""tk"": ""Columbia"", ""act"": 8.776371002197266}, {""tk"": ""of"", ""act"": 8.01102066040039}, {""tk"": ""containing"", ""act"": 7.884756565093994}, {""tk"": ""located"", ""act"": 6.051679611206055}, {""tk"": ""is"", ""act"": 5.889745235443115}, {""tk"": ""The"", ""act"": 0.0}, {""tk"": ""serving"", ""act"": 0.0}]"
4_3432,4,3432,"entity: A major city in South Carolina, USA is Charleston", is,11,16.331043243408203,0.923076923076923,functional,"[{""token"": "" Charleston"", ""index"": 12, ""distance"": 1, ""direction"": ""forward""}]",json,Semantic,Ambiguous,0.3,True,"Ambiguous: peak_cons=0.50, n_peaks=1, func_vs_sem=100.0%, layer=4",is,"[{""tk"": ""is"", ""act"": 16.331043243408203}, {""tk"": ""city"", ""act"": 0.0}, {""tk"": ""Carolina"", ""act"": 0.0}, {""tk"": ""USA"", ""act"": 0.0}, {""tk"": ""Charleston"", ""act"": 0.0}, {""tk"": ""The"", ""act"": 0.0}, {""tk"": ""capital"", ""act"": 0.0}, {""tk"": ""of"", ""act"": 0.0}, {""tk"": ""Columbia"", ""act"": 0.0}, {""tk"": ""state"", ""act"": 0.0}, {""tk"": ""attribute"", ""act"": 0.0}, {""tk"": ""serving"", ""act"": 0.0}, {""tk"": ""government"", ""act"": 0.0}, {""tk"": ""located"", ""act"": 0.0}, {""tk"": ""containing"", ""act"": 0.0}]"
4_58113,4,58113,"entity: A major city in South Carolina, USA is Charleston", city,5,8.659708023071289,0.889121313072693,semantic,"[{""token"": "" city"", ""index"": 5, ""distance"": 0, ""direction"": ""self""}]",n/a,Semantic,Concept,0.7077726636889586,False,,city,"[{""tk"": ""city"", ""act"": 8.659708023071289}, {""tk"": ""of"", ""act"": 6.1291046142578125}, {""tk"": ""is"", ""act"": 4.793331146240234}, {""tk"": ""containing"", ""act"": 0.11254596710205078}, {""tk"": ""Carolina"", ""act"": 0.0}, {""tk"": ""USA"", ""act"": 0.0}, {""tk"": ""Charleston"", ""act"": 0.0}, {""tk"": ""The"", ""act"": 0.0}, {""tk"": ""capital"", ""act"": 0.0}, {""tk"": ""Columbia"", ""act"": 0.0}, {""tk"": ""state"", ""act"": 0.0}, {""tk"": ""attribute"", ""act"": 0.0}, {""tk"": ""serving"", ""act"": 0.0}, {""tk"": ""government"", ""act"": 0.0}, {""tk"": ""located"", ""act"": 0.0}]"
4_52384,4,52384,"entity: A major city in South Carolina, USA is Charleston",<bos>,0,1.1977276802062988,0.923076923076923,semantic,"[{""token"": ""<bos>"", ""index"": 0, ""distance"": 0, ""direction"": ""self""}]",n/a,Semantic,Concept,0.6,False,,Semantic (unknown),"[{""tk"": ""of"", ""act"": 19.165246963500977}, {""tk"": ""Carolina"", ""act"": 12.880584716796875}, {""tk"": ""is"", ""act"": 1.836683750152588}, {""tk"": ""state"", ""act"": 1.426936149597168}, {""tk"": ""city"", ""act"": 0.0}, {""tk"": ""USA"", ""act"": 0.0}, {""tk"": ""Charleston"", ""act"": 0.0}, {""tk"": ""The"", ""act"": 0.0}, {""tk"": ""capital"", ""act"": 0.0}, {""tk"": ""Columbia"", ""act"": 0.0}, {""tk"": ""attribute"", ""act"": 0.0}, {""tk"": ""serving"", ""act"": 0.0}, {""tk"": ""government"", ""act"": 0.0}, {""tk"": ""located"", ""act"": 0.0}, {""tk"": ""containing"", ""act"": 0.0}]"
4_54078,4,54078,"entity: A major city in South Carolina, USA is Charleston",<bos>,0,0.0,0.0,semantic,"[{""token"": ""<bos>"", ""index"": 0, ""distance"": 0, ""direction"": ""self""}]",n/a,Relationship,,1.0,False,,(city) related,"[{""tk"": ""city"", ""act"": 0.0}, {""tk"": ""Carolina"", ""act"": 0.0}, {""tk"": ""USA"", ""act"": 0.0}, {""tk"": ""is"", ""act"": 0.0}, {""tk"": ""Charleston"", ""act"": 0.0}, {""tk"": ""The"", ""act"": 0.0}, {""tk"": ""capital"", ""act"": 0.0}, {""tk"": ""of"", ""act"": 0.0}, {""tk"": ""Columbia"", ""act"": 0.0}, {""tk"": ""state"", ""act"": 0.0}, {""tk"": ""attribute"", ""act"": 0.0}, {""tk"": ""serving"", ""act"": 0.0}, {""tk"": ""government"", ""act"": 0.0}, {""tk"": ""located"", ""act"": 0.0}, {""tk"": ""containing"", ""act"": 0.0}]"
4_55831,4,55831,"entity: A major city in South Carolina, USA is Charleston",<bos>,0,0.0,0.0,semantic,"[{""token"": ""<bos>"", ""index"": 0, ""distance"": 0, ""direction"": ""self""}]",n/a,Semantic,Dictionary,1.0,False,,capital,"[{""tk"": ""capital"", ""act"": 29.359546661376953}, {""tk"": ""city"", ""act"": 11.154122352600098}, {""tk"": ""is"", ""act"": 3.0443811416625977}, {""tk"": ""Carolina"", ""act"": 0.0}, {""tk"": ""USA"", ""act"": 0.0}, {""tk"": ""Charleston"", ""act"": 0.0}, {""tk"": ""The"", ""act"": 0.0}, {""tk"": ""of"", ""act"": 0.0}, {""tk"": ""Columbia"", ""act"": 0.0}, {""tk"": ""state"", ""act"": 0.0}, {""tk"": ""attribute"", ""act"": 0.0}, {""tk"": ""serving"", ""act"": 0.0}, {""tk"": ""government"", ""act"": 0.0}, {""tk"": ""located"", ""act"": 0.0}, {""tk"": ""containing"", ""act"": 0.0}]"
4_70409,4,70409,"entity: A major city in South Carolina, USA is Charleston",<bos>,0,0.0,0.0,semantic,"[{""token"": ""<bos>"", ""index"": 0, ""distance"": 0, ""direction"": ""self""}]",n/a,Semantic,Dictionary,1.0,False,,containing,"[{""tk"": ""containing"", ""act"": 9.570971488952637}, {""tk"": ""city"", ""act"": 0.0}, {""tk"": ""Carolina"", ""act"": 0.0}, {""tk"": ""USA"", ""act"": 0.0}, {""tk"": ""is"", ""act"": 0.0}, {""tk"": ""Charleston"", ""act"": 0.0}, {""tk"": ""The"", ""act"": 0.0}, {""tk"": ""capital"", ""act"": 0.0}, {""tk"": ""of"", ""act"": 0.0}, {""tk"": ""Columbia"", ""act"": 0.0}, {""tk"": ""state"", ""act"": 0.0}, {""tk"": ""attribute"", ""act"": 0.0}, {""tk"": ""serving"", ""act"": 0.0}, {""tk"": ""government"", ""act"": 0.0}, {""tk"": ""located"", ""act"": 0.0}]"
4_97813,4,97813,"entity: A major city in South Carolina, USA is Charleston",<bos>,0,0.0,0.0,semantic,"[{""token"": ""<bos>"", ""index"": 0, ""distance"": 0, ""direction"": ""self""}]",n/a,Semantic,Concept,0.7,False,,government,"[{""tk"": ""government"", ""act"": 17.90291976928711}, {""tk"": ""of"", ""act"": 14.3899507522583}, {""tk"": ""city"", ""act"": 13.028558731079102}, {""tk"": ""capital"", ""act"": 10.718213081359863}, {""tk"": ""is"", ""act"": 3.9596290588378906}, {""tk"": ""the"", ""act"": 1.4474035501480103}, {""tk"": ""Carolina"", ""act"": 0.0}, {""tk"": ""USA"", ""act"": 0.0}, {""tk"": ""Charleston"", ""act"": 0.0}, {""tk"": ""Columbia"", ""act"": 0.0}, {""tk"": ""state"", ""act"": 0.0}, {""tk"": ""attribute"", ""act"": 0.0}, {""tk"": ""serving"", ""act"": 0.0}, {""tk"": ""located"", ""act"": 0.0}, {""tk"": ""containing"", ""act"": 0.0}]"
5_1551,5,1551,"entity: A major city in South Carolina, USA is Charleston",<bos>,0,161.51025390625,0.9050209733075134,semantic,"[{""token"": ""<bos>"", ""index"": 0, ""distance"": 0, ""direction"": ""self""}]",n/a,Semantic,Concept,0.7,False,,Semantic (unknown),"[{""tk"": ""attribute"", ""act"": 39.44136428833008}, {""tk"": ""city"", ""act"": 0.0}, {""tk"": ""Carolina"", ""act"": 0.0}, {""tk"": ""USA"", ""act"": 0.0}, {""tk"": ""is"", ""act"": 0.0}, {""tk"": ""Charleston"", ""act"": 0.0}, {""tk"": ""The"", ""act"": 0.0}, {""tk"": ""capital"", ""act"": 0.0}, {""tk"": ""of"", ""act"": 0.0}, {""tk"": ""Columbia"", ""act"": 0.0}, {""tk"": ""state"", ""act"": 0.0}, {""tk"": ""serving"", ""act"": 0.0}, {""tk"": ""government"", ""act"": 0.0}, {""tk"": ""located"", ""act"": 0.0}, {""tk"": ""containing"", ""act"": 0.0}]"
5_95640,5,95640,"entity: A major city in South Carolina, USA is Charleston",<bos>,0,139.22251892089844,0.9095365978072024,semantic,"[{""token"": ""<bos>"", ""index"": 0, ""distance"": 0, ""direction"": ""self""}]",n/a,Semantic,Concept,0.7,False,,Semantic (unknown),"[{""tk"": ""attribute"", ""act"": 23.3470401763916}, {""tk"": ""city"", ""act"": 0.0}, {""tk"": ""Carolina"", ""act"": 0.0}, {""tk"": ""USA"", ""act"": 0.0}, {""tk"": ""is"", ""act"": 0.0}, {""tk"": ""Charleston"", ""act"": 0.0}, {""tk"": ""The"", ""act"": 0.0}, {""tk"": ""capital"", ""act"": 0.0}, {""tk"": ""of"", ""act"": 0.0}, {""tk"": ""Columbia"", ""act"": 0.0}, {""tk"": ""state"", ""act"": 0.0}, {""tk"": ""serving"", ""act"": 0.0}, {""tk"": ""government"", ""act"": 0.0}, {""tk"": ""located"", ""act"": 0.0}, {""tk"": ""containing"", ""act"": 0.0}]"
5_32184,5,32184,"entity: A major city in South Carolina, USA is Charleston", in,6,2.146990776062012,0.923076923076923,functional,"[{""token"": "" South"", ""index"": 7, ""distance"": 1, ""direction"": ""forward""}]",json,Semantic,Ambiguous,0.3,True,"Ambiguous: peak_cons=0.33, n_peaks=3, func_vs_sem=51.1%, layer=5",capital,"[{""tk"": ""of"", ""act"": 32.639617919921875}, {""tk"": ""capital"", ""act"": 15.967439651489258}, {""tk"": ""city"", ""act"": 14.918037414550781}, {""tk"": ""is"", ""act"": 1.9149665832519531}, {""tk"": ""Carolina"", ""act"": 0.0}, {""tk"": ""USA"", ""act"": 0.0}, {""tk"": ""Charleston"", ""act"": 0.0}, {""tk"": ""The"", ""act"": 0.0}, {""tk"": ""Columbia"", ""act"": 0.0}, {""tk"": ""state"", ""act"": 0.0}, {""tk"": ""attribute"", ""act"": 0.0}, {""tk"": ""serving"", ""act"": 0.0}, {""tk"": ""government"", ""act"": 0.0}, {""tk"": ""located"", ""act"": 0.0}, {""tk"": ""containing"", ""act"": 0.0}]"
5_51213,5,51213,"entity: A major city in South Carolina, USA is Charleston",",",9,0.4290833473205566,0.9230769230769232,functional,"[{""token"": "" USA"", ""index"": 10, ""distance"": 1, ""direction"": ""forward""}, {""token"": "" Carolina"", ""index"": 8, ""distance"": 1, ""direction"": ""backward""}]",json,Semantic,Ambiguous,0.3,True,"Ambiguous: peak_cons=1.00, n_peaks=3, func_vs_sem=69.9%, layer=5",capital,"[{""tk"": ""of"", ""act"": 18.14890480041504}, {""tk"": ""city"", ""act"": 8.983392715454102}, {""tk"": ""is"", ""act"": 6.242134094238281}, {""tk"": ""capital"", ""act"": 5.454928398132324}, {""tk"": ""government"", ""act"": 1.9978015422821045}, {""tk"": ""Carolina"", ""act"": 0.0}, {""tk"": ""USA"", ""act"": 0.0}, {""tk"": ""Charleston"", ""act"": 0.0}, {""tk"": ""The"", ""act"": 0.0}, {""tk"": ""Columbia"", ""act"": 0.0}, {""tk"": ""state"", ""act"": 0.0}, {""tk"": ""attribute"", ""act"": 0.0}, {""tk"": ""serving"", ""act"": 0.0}, {""tk"": ""located"", ""act"": 0.0}, {""tk"": ""containing"", ""act"": 0.0}]"
5_4901,5,4901,"entity: A major city in South Carolina, USA is Charleston",<bos>,0,0.0,0.0,semantic,"[{""token"": ""<bos>"", ""index"": 0, ""distance"": 0, ""direction"": ""self""}]",n/a,Semantic,Ambiguous,0.3,True,"Ambiguous: peak_cons=0.17, n_peaks=1, func_vs_sem=100.0%, layer=5",is,"[{""tk"": ""is"", ""act"": 6.10368013381958}, {""tk"": ""city"", ""act"": 0.0}, {""tk"": ""Carolina"", ""act"": 0.0}, {""tk"": ""USA"", ""act"": 0.0}, {""tk"": ""Charleston"", ""act"": 0.0}, {""tk"": ""The"", ""act"": 0.0}, {""tk"": ""capital"", ""act"": 0.0}, {""tk"": ""of"", ""act"": 0.0}, {""tk"": ""Columbia"", ""act"": 0.0}, {""tk"": ""state"", ""act"": 0.0}, {""tk"": ""attribute"", ""act"": 0.0}, {""tk"": ""serving"", ""act"": 0.0}, {""tk"": ""government"", ""act"": 0.0}, {""tk"": ""located"", ""act"": 0.0}, {""tk"": ""containing"", ""act"": 0.0}]"
5_34406,5,34406,"entity: A major city in South Carolina, USA is Charleston",<bos>,0,0.0,0.0,semantic,"[{""token"": ""<bos>"", ""index"": 0, ""distance"": 0, ""direction"": ""self""}]",n/a,Semantic,Ambiguous,0.3,True,"Ambiguous: peak_cons=0.17, n_peaks=1, func_vs_sem=100.0%, layer=5",is,"[{""tk"": ""is"", ""act"": 1.3381986618041992}, {""tk"": ""city"", ""act"": 0.0}, {""tk"": ""Carolina"", ""act"": 0.0}, {""tk"": ""USA"", ""act"": 0.0}, {""tk"": ""Charleston"", ""act"": 0.0}, {""tk"": ""The"", ""act"": 0.0}, {""tk"": ""capital"", ""act"": 0.0}, {""tk"": ""of"", ""act"": 0.0}, {""tk"": ""Columbia"", ""act"": 0.0}, {""tk"": ""state"", ""act"": 0.0}, {""tk"": ""attribute"", ""act"": 0.0}, {""tk"": ""serving"", ""act"": 0.0}, {""tk"": ""government"", ""act"": 0.0}, {""tk"": ""located"", ""act"": 0.0}, {""tk"": ""containing"", ""act"": 0.0}]"
6_22143,6,22143,"entity: A major city in South Carolina, USA is Charleston", USA,10,30.252552032470703,0.5603709158841701,semantic,"[{""token"": "" USA"", ""index"": 10, ""distance"": 0, ""direction"": ""self""}]",n/a,Semantic,Concept,0.7,False,,USA,"[{""tk"": ""USA"", ""act"": 30.252552032470703}, {""tk"": ""capital"", ""act"": 27.022661209106445}, {""tk"": ""attribute"", ""act"": 25.566389083862305}, {""tk"": ""Carolina"", ""act"": 19.76822280883789}, {""tk"": ""city"", ""act"": 17.3726863861084}, {""tk"": ""is"", ""act"": 16.952861785888672}, {""tk"": ""Charleston"", ""act"": 14.533989906311035}, {""tk"": ""state"", ""act"": 13.70422649383545}, {""tk"": ""the"", ""act"": 13.393610000610352}, {""tk"": ""located"", ""act"": 5.484473705291748}, {""tk"": ""Columbia"", ""act"": 3.7098124027252197}, {""tk"": ""of"", ""act"": 0.0}, {""tk"": ""serving"", ""act"": 0.0}, {""tk"": ""government"", ""act"": 0.0}, {""tk"": ""containing"", ""act"": 0.0}]"
6_34521,6,34521,"entity: A major city in South Carolina, USA is Charleston", Carolina,8,7.996774196624756,0.9230769230769232,semantic,"[{""token"": "" Carolina"", ""index"": 8, ""distance"": 0, ""direction"": ""self""}]",n/a,Semantic,Concept,0.7,False,,Carolina,"[{""tk"": ""Carolina"", ""act"": 7.996774196624756}, {""tk"": ""city"", ""act"": 0.0}, {""tk"": ""USA"", ""act"": 0.0}, {""tk"": ""is"", ""act"": 0.0}, {""tk"": ""Charleston"", ""act"": 0.0}, {""tk"": ""The"", ""act"": 0.0}, {""tk"": ""capital"", ""act"": 0.0}, {""tk"": ""of"", ""act"": 0.0}, {""tk"": ""Columbia"", ""act"": 0.0}, {""tk"": ""state"", ""act"": 0.0}, {""tk"": ""attribute"", ""act"": 0.0}, {""tk"": ""serving"", ""act"": 0.0}, {""tk"": ""government"", ""act"": 0.0}, {""tk"": ""located"", ""act"": 0.0}, {""tk"": ""containing"", ""act"": 0.0}]"
6_88903,6,88903,"entity: A major city in South Carolina, USA is Charleston", city,5,6.364286422729492,0.8705411548105974,semantic,"[{""token"": "" city"", ""index"": 5, ""distance"": 0, ""direction"": ""self""}]",n/a,Semantic,Concept,0.7,False,,city,"[{""tk"": ""city"", ""act"": 8.214269638061523}, {""tk"": ""capital"", ""act"": 3.832763910293579}, {""tk"": ""is"", ""act"": 3.7045490741729736}, {""tk"": ""Charleston"", ""act"": 3.211235284805298}, {""tk"": ""Columbia"", ""act"": 2.5209429264068604}, {""tk"": ""Carolina"", ""act"": 0.0}, {""tk"": ""USA"", ""act"": 0.0}, {""tk"": ""The"", ""act"": 0.0}, {""tk"": ""of"", ""act"": 0.0}, {""tk"": ""state"", ""act"": 0.0}, {""tk"": ""attribute"", ""act"": 0.0}, {""tk"": ""serving"", ""act"": 0.0}, {""tk"": ""government"", ""act"": 0.0}, {""tk"": ""located"", ""act"": 0.0}, {""tk"": ""containing"", ""act"": 0.0}]"
6_79147,6,79147,"entity: A major city in South Carolina, USA is Charleston", Carolina,8,0.1961932182312011,0.9224071013165356,semantic,"[{""token"": "" Carolina"", ""index"": 8, ""distance"": 0, ""direction"": ""self""}]",n/a,Semantic,Concept,0.7,False,,state,"[{""tk"": ""state"", ""act"": 10.488859176635742}, {""tk"": ""is"", ""act"": 4.6693034172058105}, {""tk"": ""Carolina"", ""act"": 0.19619321823120117}, {""tk"": ""city"", ""act"": 0.0}, {""tk"": ""USA"", ""act"": 0.0}, {""tk"": ""Charleston"", ""act"": 0.0}, {""tk"": ""The"", ""act"": 0.0}, {""tk"": ""capital"", ""act"": 0.0}, {""tk"": ""of"", ""act"": 0.0}, {""tk"": ""Columbia"", ""act"": 0.0}, {""tk"": ""attribute"", ""act"": 0.0}, {""tk"": ""serving"", ""act"": 0.0}, {""tk"": ""government"", ""act"": 0.0}, {""tk"": ""located"", ""act"": 0.0}, {""tk"": ""containing"", ""act"": 0.0}]"
6_6574,6,6574,"entity: A major city in South Carolina, USA is Charleston",<bos>,0,0.0,0.0,semantic,"[{""token"": ""<bos>"", ""index"": 0, ""distance"": 0, ""direction"": ""self""}]",n/a,Semantic,Ambiguous,0.3,True,"Ambiguous: peak_cons=0.17, n_peaks=1, func_vs_sem=100.0%, layer=6",is,"[{""tk"": ""is"", ""act"": 0.3522922992706299}, {""tk"": ""city"", ""act"": 0.0}, {""tk"": ""Carolina"", ""act"": 0.0}, {""tk"": ""USA"", ""act"": 0.0}, {""tk"": ""Charleston"", ""act"": 0.0}, {""tk"": ""The"", ""act"": 0.0}, {""tk"": ""capital"", ""act"": 0.0}, {""tk"": ""of"", ""act"": 0.0}, {""tk"": ""Columbia"", ""act"": 0.0}, {""tk"": ""state"", ""act"": 0.0}, {""tk"": ""attribute"", ""act"": 0.0}, {""tk"": ""serving"", ""act"": 0.0}, {""tk"": ""government"", ""act"": 0.0}, {""tk"": ""located"", ""act"": 0.0}, {""tk"": ""containing"", ""act"": 0.0}]"
6_23862,6,23862,"entity: A major city in South Carolina, USA is Charleston",<bos>,0,0.0,0.0,semantic,"[{""token"": ""<bos>"", ""index"": 0, ""distance"": 0, ""direction"": ""self""}]",n/a,Relationship,,1.0,False,,(city) related,"[{""tk"": ""city"", ""act"": 0.0}, {""tk"": ""Carolina"", ""act"": 0.0}, {""tk"": ""USA"", ""act"": 0.0}, {""tk"": ""is"", ""act"": 0.0}, {""tk"": ""Charleston"", ""act"": 0.0}, {""tk"": ""The"", ""act"": 0.0}, {""tk"": ""capital"", ""act"": 0.0}, {""tk"": ""of"", ""act"": 0.0}, {""tk"": ""Columbia"", ""act"": 0.0}, {""tk"": ""state"", ""act"": 0.0}, {""tk"": ""attribute"", ""act"": 0.0}, {""tk"": ""serving"", ""act"": 0.0}, {""tk"": ""government"", ""act"": 0.0}, {""tk"": ""located"", ""act"": 0.0}, {""tk"": ""containing"", ""act"": 0.0}]"
6_72419,6,72419,"entity: A major city in South Carolina, USA is Charleston",<bos>,0,0.0,0.0,semantic,"[{""token"": ""<bos>"", ""index"": 0, ""distance"": 0, ""direction"": ""self""}]",n/a,Semantic,Concept,0.7,False,,serving,"[{""tk"": ""serving"", ""act"": 4.5303850173950195}, {""tk"": ""the"", ""act"": 1.4751348495483398}, {""tk"": ""of"", ""act"": 0.9430685043334961}, {""tk"": ""is"", ""act"": 0.31030964851379395}, {""tk"": ""city"", ""act"": 0.0}, {""tk"": ""Carolina"", ""act"": 0.0}, {""tk"": ""USA"", ""act"": 0.0}, {""tk"": ""Charleston"", ""act"": 0.0}, {""tk"": ""capital"", ""act"": 0.0}, {""tk"": ""Columbia"", ""act"": 0.0}, {""tk"": ""state"", ""act"": 0.0}, {""tk"": ""attribute"", ""act"": 0.0}, {""tk"": ""government"", ""act"": 0.0}, {""tk"": ""located"", ""act"": 0.0}, {""tk"": ""containing"", ""act"": 0.0}]"
7_66851,7,66851,"entity: A major city in South Carolina, USA is Charleston", Charleston,12,43.33763122558594,0.3569154358717061,semantic,"[{""token"": "" Charleston"", ""index"": 12, ""distance"": 0, ""direction"": ""self""}]",n/a,Relationship,,1.0,False,,(capital) related,"[{""tk"": ""capital"", ""act"": 51.12392044067383}, {""tk"": ""The"", ""act"": 49.53570556640625}, {""tk"": ""city"", ""act"": 47.1239128112793}, {""tk"": ""attribute"", ""act"": 44.321834564208984}, {""tk"": ""Charleston"", ""act"": 43.33763122558594}, {""tk"": ""state"", ""act"": 40.79597854614258}, {""tk"": ""Columbia"", ""act"": 37.04718017578125}, {""tk"": ""Carolina"", ""act"": 32.52155685424805}, {""tk"": ""is"", ""act"": 30.981748580932617}, {""tk"": ""USA"", ""act"": 25.69173240661621}, {""tk"": ""located"", ""act"": 16.008203506469727}, {""tk"": ""of"", ""act"": 15.559822082519531}, {""tk"": ""government"", ""act"": 14.86802864074707}, {""tk"": ""serving"", ""act"": 14.414605140686035}, {""tk"": ""containing"", ""act"": 9.191671371459961}]"
7_49316,7,49316,"entity: A major city in South Carolina, USA is Charleston",<bos>,0,0.0,0.0,semantic,"[{""token"": ""<bos>"", ""index"": 0, ""distance"": 0, ""direction"": ""self""}]",n/a,Relationship,,1.0,False,,(city) related,"[{""tk"": ""city"", ""act"": 0.0}, {""tk"": ""Carolina"", ""act"": 0.0}, {""tk"": ""USA"", ""act"": 0.0}, {""tk"": ""is"", ""act"": 0.0}, {""tk"": ""Charleston"", ""act"": 0.0}, {""tk"": ""The"", ""act"": 0.0}, {""tk"": ""capital"", ""act"": 0.0}, {""tk"": ""of"", ""act"": 0.0}, {""tk"": ""Columbia"", ""act"": 0.0}, {""tk"": ""state"", ""act"": 0.0}, {""tk"": ""attribute"", ""act"": 0.0}, {""tk"": ""serving"", ""act"": 0.0}, {""tk"": ""government"", ""act"": 0.0}, {""tk"": ""located"", ""act"": 0.0}, {""tk"": ""containing"", ""act"": 0.0}]"
7_70223,7,70223,"entity: A major city in South Carolina, USA is Charleston",<bos>,0,0.0,0.0,semantic,"[{""token"": ""<bos>"", ""index"": 0, ""distance"": 0, ""direction"": ""self""}]",n/a,Relationship,,1.0,False,,(city) related,"[{""tk"": ""city"", ""act"": 0.0}, {""tk"": ""Carolina"", ""act"": 0.0}, {""tk"": ""USA"", ""act"": 0.0}, {""tk"": ""is"", ""act"": 0.0}, {""tk"": ""Charleston"", ""act"": 0.0}, {""tk"": ""The"", ""act"": 0.0}, {""tk"": ""capital"", ""act"": 0.0}, {""tk"": ""of"", ""act"": 0.0}, {""tk"": ""Columbia"", ""act"": 0.0}, {""tk"": ""state"", ""act"": 0.0}, {""tk"": ""attribute"", ""act"": 0.0}, {""tk"": ""serving"", ""act"": 0.0}, {""tk"": ""government"", ""act"": 0.0}, {""tk"": ""located"", ""act"": 0.0}, {""tk"": ""containing"", ""act"": 0.0}]"
8_49126,8,49126,"entity: A major city in South Carolina, USA is Charleston",",",9,8.945306777954102,0.8659118348182675,functional,"[{""token"": "" USA"", ""index"": 10, ""distance"": 1, ""direction"": ""forward""}, {""token"": "" Carolina"", ""index"": 8, ""distance"": 1, ""direction"": ""backward""}]",json,Semantic,Concept,0.7,False,,city,"[{""tk"": ""the"", ""act"": 9.22913646697998}, {""tk"": ""city"", ""act"": 5.420082092285156}, {""tk"": ""located"", ""act"": 4.660083770751953}, {""tk"": ""is"", ""act"": 2.84277081489563}, {""tk"": ""containing"", ""act"": 1.69818115234375}, {""tk"": ""serving"", ""act"": 1.3291845321655273}, {""tk"": ""of"", ""act"": 0.6516338586807251}, {""tk"": ""Carolina"", ""act"": 0.0}, {""tk"": ""USA"", ""act"": 0.0}, {""tk"": ""Charleston"", ""act"": 0.0}, {""tk"": ""capital"", ""act"": 0.0}, {""tk"": ""Columbia"", ""act"": 0.0}, {""tk"": ""state"", ""act"": 0.0}, {""tk"": ""attribute"", ""act"": 0.0}, {""tk"": ""government"", ""act"": 0.0}]"
8_94844,8,94844,"entity: A major city in South Carolina, USA is Charleston",<bos>,0,0.0,0.0,semantic,"[{""token"": ""<bos>"", ""index"": 0, ""distance"": 0, ""direction"": ""self""}]",n/a,"Say ""X""",,1.0,False,,Say (Columbia),"[{""tk"": ""is"", ""act"": 5.97493839263916}, {""tk"": ""city"", ""act"": 0.0}, {""tk"": ""Carolina"", ""act"": 0.0}, {""tk"": ""USA"", ""act"": 0.0}, {""tk"": ""Charleston"", ""act"": 0.0}, {""tk"": ""The"", ""act"": 0.0}, {""tk"": ""capital"", ""act"": 0.0}, {""tk"": ""of"", ""act"": 0.0}, {""tk"": ""Columbia"", ""act"": 0.0}, {""tk"": ""state"", ""act"": 0.0}, {""tk"": ""attribute"", ""act"": 0.0}, {""tk"": ""serving"", ""act"": 0.0}, {""tk"": ""government"", ""act"": 0.0}, {""tk"": ""located"", ""act"": 0.0}, {""tk"": ""containing"", ""act"": 0.0}]"
9_4679,9,4679,"entity: A major city in South Carolina, USA is Charleston",",",9,10.727710723876951,0.9096127569893484,functional,"[{""token"": "" USA"", ""index"": 10, ""distance"": 1, ""direction"": ""forward""}, {""token"": "" Carolina"", ""index"": 8, ""distance"": 1, ""direction"": ""backward""}]",json,Semantic,Concept,0.6,False,,Semantic (unknown),"[{""tk"": ""is"", ""act"": 3.5411112308502197}, {""tk"": ""USA"", ""act"": 0.534048318862915}, {""tk"": ""the"", ""act"": 0.06924128532409668}, {""tk"": ""city"", ""act"": 0.0}, {""tk"": ""Carolina"", ""act"": 0.0}, {""tk"": ""Charleston"", ""act"": 0.0}, {""tk"": ""capital"", ""act"": 0.0}, {""tk"": ""of"", ""act"": 0.0}, {""tk"": ""Columbia"", ""act"": 0.0}, {""tk"": ""state"", ""act"": 0.0}, {""tk"": ""attribute"", ""act"": 0.0}, {""tk"": ""serving"", ""act"": 0.0}, {""tk"": ""government"", ""act"": 0.0}, {""tk"": ""located"", ""act"": 0.0}, {""tk"": ""containing"", ""act"": 0.0}]"
9_24746,9,24746,"entity: A major city in South Carolina, USA is Charleston",<bos>,0,0.0,0.0,semantic,"[{""token"": ""<bos>"", ""index"": 0, ""distance"": 0, ""direction"": ""self""}]",n/a,Relationship,,1.0,False,,(city) related,"[{""tk"": ""city"", ""act"": 0.0}, {""tk"": ""Carolina"", ""act"": 0.0}, {""tk"": ""USA"", ""act"": 0.0}, {""tk"": ""is"", ""act"": 0.0}, {""tk"": ""Charleston"", ""act"": 0.0}, {""tk"": ""The"", ""act"": 0.0}, {""tk"": ""capital"", ""act"": 0.0}, {""tk"": ""of"", ""act"": 0.0}, {""tk"": ""Columbia"", ""act"": 0.0}, {""tk"": ""state"", ""act"": 0.0}, {""tk"": ""attribute"", ""act"": 0.0}, {""tk"": ""serving"", ""act"": 0.0}, {""tk"": ""government"", ""act"": 0.0}, {""tk"": ""located"", ""act"": 0.0}, {""tk"": ""containing"", ""act"": 0.0}]"
10_75793,10,75793,"entity: A major city in South Carolina, USA is Charleston", city,5,39.18864440917969,0.4436679340357944,semantic,"[{""token"": "" city"", ""index"": 5, ""distance"": 0, ""direction"": ""self""}]",n/a,Semantic,Concept,0.8658513092727003,False,,located,"[{""tk"": ""located"", ""act"": 43.96098327636719}, {""tk"": ""Carolina"", ""act"": 39.949554443359375}, {""tk"": ""city"", ""act"": 39.18864440917969}, {""tk"": ""is"", ""act"": 38.06367492675781}, {""tk"": ""USA"", ""act"": 37.377079010009766}, {""tk"": ""serving"", ""act"": 33.11467361450195}, {""tk"": ""the"", ""act"": 30.694744110107422}, {""tk"": ""Charleston"", ""act"": 26.454055786132812}, {""tk"": ""of"", ""act"": 26.388446807861328}, {""tk"": ""containing"", ""act"": 24.20592498779297}, {""tk"": ""government"", ""act"": 19.719295501708984}, {""tk"": ""Columbia"", ""act"": 17.33647918701172}, {""tk"": ""capital"", ""act"": 15.062984466552734}, {""tk"": ""state"", ""act"": 14.852208137512207}, {""tk"": ""attribute"", ""act"": 0.0}]"
10_40368,10,40368,"entity: A major city in South Carolina, USA is Charleston",<bos>,0,0.0,0.0,semantic,"[{""token"": ""<bos>"", ""index"": 0, ""distance"": 0, ""direction"": ""self""}]",n/a,"Say ""X""",,1.0,False,,Say (Columbia),"[{""tk"": ""is"", ""act"": 24.132030487060547}, {""tk"": ""city"", ""act"": 0.0}, {""tk"": ""Carolina"", ""act"": 0.0}, {""tk"": ""USA"", ""act"": 0.0}, {""tk"": ""Charleston"", ""act"": 0.0}, {""tk"": ""The"", ""act"": 0.0}, {""tk"": ""capital"", ""act"": 0.0}, {""tk"": ""of"", ""act"": 0.0}, {""tk"": ""Columbia"", ""act"": 0.0}, {""tk"": ""state"", ""act"": 0.0}, {""tk"": ""attribute"", ""act"": 0.0}, {""tk"": ""serving"", ""act"": 0.0}, {""tk"": ""government"", ""act"": 0.0}, {""tk"": ""located"", ""act"": 0.0}, {""tk"": ""containing"", ""act"": 0.0}]"
10_87295,10,87295,"entity: A major city in South Carolina, USA is Charleston",<bos>,0,0.0,0.0,semantic,"[{""token"": ""<bos>"", ""index"": 0, ""distance"": 0, ""direction"": ""self""}]",n/a,Relationship,,1.0,False,,(city) related,"[{""tk"": ""city"", ""act"": 0.0}, {""tk"": ""Carolina"", ""act"": 0.0}, {""tk"": ""USA"", ""act"": 0.0}, {""tk"": ""is"", ""act"": 0.0}, {""tk"": ""Charleston"", ""act"": 0.0}, {""tk"": ""The"", ""act"": 0.0}, {""tk"": ""capital"", ""act"": 0.0}, {""tk"": ""of"", ""act"": 0.0}, {""tk"": ""Columbia"", ""act"": 0.0}, {""tk"": ""state"", ""act"": 0.0}, {""tk"": ""attribute"", ""act"": 0.0}, {""tk"": ""serving"", ""act"": 0.0}, {""tk"": ""government"", ""act"": 0.0}, {""tk"": ""located"", ""act"": 0.0}, {""tk"": ""containing"", ""act"": 0.0}]"
11_50131,11,50131,"entity: A major city in South Carolina, USA is Charleston", Charleston,12,46.53266525268555,0.5831242408634518,semantic,"[{""token"": "" Charleston"", ""index"": 12, ""distance"": 0, ""direction"": ""self""}]",n/a,Semantic,Concept,0.7,False,,Columbia,"[{""tk"": ""Columbia"", ""act"": 49.63420486450195}, {""tk"": ""Charleston"", ""act"": 46.53266525268555}, {""tk"": ""Carolina"", ""act"": 41.433712005615234}, {""tk"": ""city"", ""act"": 32.62867736816406}, {""tk"": ""capital"", ""act"": 32.42369842529297}, {""tk"": ""state"", ""act"": 31.960853576660156}, {""tk"": ""USA"", ""act"": 27.61496353149414}, {""tk"": ""is"", ""act"": 23.733739852905273}, {""tk"": ""government"", ""act"": 16.808237075805664}, {""tk"": ""serving"", ""act"": 16.625158309936523}, {""tk"": ""the"", ""act"": 14.164325714111328}, {""tk"": ""of"", ""act"": 13.586553573608398}, {""tk"": ""located"", ""act"": 12.37300968170166}, {""tk"": ""containing"", ""act"": 11.94537353515625}, {""tk"": ""attribute"", ""act"": 0.0}]"
12_67090,12,67090,"entity: A major city in South Carolina, USA is Charleston",<bos>,0,0.0,0.0,semantic,"[{""token"": ""<bos>"", ""index"": 0, ""distance"": 0, ""direction"": ""self""}]",n/a,Relationship,,1.0,False,,(city) related,"[{""tk"": ""city"", ""act"": 0.0}, {""tk"": ""Carolina"", ""act"": 0.0}, {""tk"": ""USA"", ""act"": 0.0}, {""tk"": ""is"", ""act"": 0.0}, {""tk"": ""Charleston"", ""act"": 0.0}, {""tk"": ""The"", ""act"": 0.0}, {""tk"": ""capital"", ""act"": 0.0}, {""tk"": ""of"", ""act"": 0.0}, {""tk"": ""Columbia"", ""act"": 0.0}, {""tk"": ""state"", ""act"": 0.0}, {""tk"": ""attribute"", ""act"": 0.0}, {""tk"": ""serving"", ""act"": 0.0}, {""tk"": ""government"", ""act"": 0.0}, {""tk"": ""located"", ""act"": 0.0}, {""tk"": ""containing"", ""act"": 0.0}]"
13_16947,13,16947,"entity: A major city in South Carolina, USA is Charleston", is,11,15.546799659729004,0.8834327997290261,functional,"[{""token"": "" Charleston"", ""index"": 12, ""distance"": 1, ""direction"": ""forward""}]",json,Semantic,Dictionary,0.8333333333333334,False,,is,"[{""tk"": ""is"", ""act"": 15.5658540725708}, {""tk"": ""the"", ""act"": 11.20738410949707}, {""tk"": ""capital"", ""act"": 10.91185188293457}, {""tk"": ""city"", ""act"": 9.3563232421875}, {""tk"": ""Carolina"", ""act"": 2.170926332473755}, {""tk"": ""USA"", ""act"": 0.0}, {""tk"": ""Charleston"", ""act"": 0.0}, {""tk"": ""of"", ""act"": 0.0}, {""tk"": ""Columbia"", ""act"": 0.0}, {""tk"": ""state"", ""act"": 0.0}, {""tk"": ""attribute"", ""act"": 0.0}, {""tk"": ""serving"", ""act"": 0.0}, {""tk"": ""government"", ""act"": 0.0}, {""tk"": ""located"", ""act"": 0.0}, {""tk"": ""containing"", ""act"": 0.0}]"
13_83324,13,83324,"entity: A major city in South Carolina, USA is Charleston",<bos>,0,0.0,0.0,semantic,"[{""token"": ""<bos>"", ""index"": 0, ""distance"": 0, ""direction"": ""self""}]",n/a,Relationship,,1.0,False,,(city) related,"[{""tk"": ""city"", ""act"": 0.0}, {""tk"": ""Carolina"", ""act"": 0.0}, {""tk"": ""USA"", ""act"": 0.0}, {""tk"": ""is"", ""act"": 0.0}, {""tk"": ""Charleston"", ""act"": 0.0}, {""tk"": ""The"", ""act"": 0.0}, {""tk"": ""capital"", ""act"": 0.0}, {""tk"": ""of"", ""act"": 0.0}, {""tk"": ""Columbia"", ""act"": 0.0}, {""tk"": ""state"", ""act"": 0.0}, {""tk"": ""attribute"", ""act"": 0.0}, {""tk"": ""serving"", ""act"": 0.0}, {""tk"": ""government"", ""act"": 0.0}, {""tk"": ""located"", ""act"": 0.0}, {""tk"": ""containing"", ""act"": 0.0}]"
18_52185,18,52185,"entity: A major city in South Carolina, USA is Charleston", Charleston,12,14.778912544250488,0.9230769230769232,semantic,"[{""token"": "" Charleston"", ""index"": 12, ""distance"": 0, ""direction"": ""self""}]",n/a,Semantic,Dictionary,1.0,False,,Charleston,"[{""tk"": ""Charleston"", ""act"": 14.778912544250488}, {""tk"": ""city"", ""act"": 0.0}, {""tk"": ""Carolina"", ""act"": 0.0}, {""tk"": ""USA"", ""act"": 0.0}, {""tk"": ""is"", ""act"": 0.0}, {""tk"": ""The"", ""act"": 0.0}, {""tk"": ""capital"", ""act"": 0.0}, {""tk"": ""of"", ""act"": 0.0}, {""tk"": ""Columbia"", ""act"": 0.0}, {""tk"": ""state"", ""act"": 0.0}, {""tk"": ""attribute"", ""act"": 0.0}, {""tk"": ""serving"", ""act"": 0.0}, {""tk"": ""government"", ""act"": 0.0}, {""tk"": ""located"", ""act"": 0.0}, {""tk"": ""containing"", ""act"": 0.0}]"
18_40708,18,40708,"entity: A major city in South Carolina, USA is Charleston", Carolina,8,4.103997230529785,0.9171695661141798,semantic,"[{""token"": "" Carolina"", ""index"": 8, ""distance"": 0, ""direction"": ""self""}]",n/a,Semantic,Concept,0.7,False,,Carolina,"[{""tk"": ""is"", ""act"": 6.668160438537598}, {""tk"": ""Carolina"", ""act"": 4.103997230529785}, {""tk"": ""Charleston"", ""act"": 0.315169095993042}, {""tk"": ""city"", ""act"": 0.0}, {""tk"": ""USA"", ""act"": 0.0}, {""tk"": ""The"", ""act"": 0.0}, {""tk"": ""capital"", ""act"": 0.0}, {""tk"": ""of"", ""act"": 0.0}, {""tk"": ""Columbia"", ""act"": 0.0}, {""tk"": ""state"", ""act"": 0.0}, {""tk"": ""attribute"", ""act"": 0.0}, {""tk"": ""serving"", ""act"": 0.0}, {""tk"": ""government"", ""act"": 0.0}, {""tk"": ""located"", ""act"": 0.0}, {""tk"": ""containing"", ""act"": 0.0}]"
18_21257,18,21257,"entity: A major city in South Carolina, USA is Charleston",<bos>,0,0.0,0.0,semantic,"[{""token"": ""<bos>"", ""index"": 0, ""distance"": 0, ""direction"": ""self""}]",n/a,Relationship,,1.0,False,,(city) related,"[{""tk"": ""city"", ""act"": 0.0}, {""tk"": ""Carolina"", ""act"": 0.0}, {""tk"": ""USA"", ""act"": 0.0}, {""tk"": ""is"", ""act"": 0.0}, {""tk"": ""Charleston"", ""act"": 0.0}, {""tk"": ""The"", ""act"": 0.0}, {""tk"": ""capital"", ""act"": 0.0}, {""tk"": ""of"", ""act"": 0.0}, {""tk"": ""Columbia"", ""act"": 0.0}, {""tk"": ""state"", ""act"": 0.0}, {""tk"": ""attribute"", ""act"": 0.0}, {""tk"": ""serving"", ""act"": 0.0}, {""tk"": ""government"", ""act"": 0.0}, {""tk"": ""located"", ""act"": 0.0}, {""tk"": ""containing"", ""act"": 0.0}]"
18_44719,18,44719,"entity: A major city in South Carolina, USA is Charleston",<bos>,0,0.0,0.0,semantic,"[{""token"": ""<bos>"", ""index"": 0, ""distance"": 0, ""direction"": ""self""}]",n/a,"Say ""X""",,1.0,False,,Say (Columbia),"[{""tk"": ""is"", ""act"": 7.295798301696777}, {""tk"": ""the"", ""act"": 6.164579391479492}, {""tk"": ""city"", ""act"": 0.0}, {""tk"": ""Carolina"", ""act"": 0.0}, {""tk"": ""USA"", ""act"": 0.0}, {""tk"": ""Charleston"", ""act"": 0.0}, {""tk"": ""capital"", ""act"": 0.0}, {""tk"": ""of"", ""act"": 0.0}, {""tk"": ""Columbia"", ""act"": 0.0}, {""tk"": ""state"", ""act"": 0.0}, {""tk"": ""attribute"", ""act"": 0.0}, {""tk"": ""serving"", ""act"": 0.0}, {""tk"": ""government"", ""act"": 0.0}, {""tk"": ""located"", ""act"": 0.0}, {""tk"": ""containing"", ""act"": 0.0}]"
20_57025,20,57025,"entity: A major city in South Carolina, USA is Charleston",<bos>,0,13.256905555725098,0.923076923076923,semantic,"[{""token"": ""<bos>"", ""index"": 0, ""distance"": 0, ""direction"": ""self""}]",n/a,Semantic,Concept,0.7,False,,Semantic (unknown),"[{""tk"": ""is"", ""act"": 7.220115661621094}, {""tk"": ""city"", ""act"": 0.0}, {""tk"": ""Carolina"", ""act"": 0.0}, {""tk"": ""USA"", ""act"": 0.0}, {""tk"": ""Charleston"", ""act"": 0.0}, {""tk"": ""The"", ""act"": 0.0}, {""tk"": ""capital"", ""act"": 0.0}, {""tk"": ""of"", ""act"": 0.0}, {""tk"": ""Columbia"", ""act"": 0.0}, {""tk"": ""state"", ""act"": 0.0}, {""tk"": ""attribute"", ""act"": 0.0}, {""tk"": ""serving"", ""act"": 0.0}, {""tk"": ""government"", ""act"": 0.0}, {""tk"": ""located"", ""act"": 0.0}, {""tk"": ""containing"", ""act"": 0.0}]"
20_67784,20,67784,"entity: A major city in South Carolina, USA is Charleston",<bos>,0,0.0,0.0,semantic,"[{""token"": ""<bos>"", ""index"": 0, ""distance"": 0, ""direction"": ""self""}]",n/a,"Say ""X""",,1.0,False,,Say (city),"[{""tk"": ""of"", ""act"": 3.863483428955078}, {""tk"": ""city"", ""act"": 0.0}, {""tk"": ""Carolina"", ""act"": 0.0}, {""tk"": ""USA"", ""act"": 0.0}, {""tk"": ""is"", ""act"": 0.0}, {""tk"": ""Charleston"", ""act"": 0.0}, {""tk"": ""The"", ""act"": 0.0}, {""tk"": ""capital"", ""act"": 0.0}, {""tk"": ""Columbia"", ""act"": 0.0}, {""tk"": ""state"", ""act"": 0.0}, {""tk"": ""attribute"", ""act"": 0.0}, {""tk"": ""serving"", ""act"": 0.0}, {""tk"": ""government"", ""act"": 0.0}, {""tk"": ""located"", ""act"": 0.0}, {""tk"": ""containing"", ""act"": 0.0}]"
22_2925,22,2925,"entity: A major city in South Carolina, USA is Charleston", is,11,21.47593116760254,0.8346508412817321,functional,"[{""token"": "" Charleston"", ""index"": 12, ""distance"": 1, ""direction"": ""forward""}]",json,Semantic,Concept,0.6,False,,Semantic (unknown),"[{""tk"": ""is"", ""act"": 21.47593116760254}, {""tk"": ""city"", ""act"": 0.0}, {""tk"": ""Carolina"", ""act"": 0.0}, {""tk"": ""USA"", ""act"": 0.0}, {""tk"": ""Charleston"", ""act"": 0.0}, {""tk"": ""The"", ""act"": 0.0}, {""tk"": ""capital"", ""act"": 0.0}, {""tk"": ""of"", ""act"": 0.0}, {""tk"": ""Columbia"", ""act"": 0.0}, {""tk"": ""state"", ""act"": 0.0}, {""tk"": ""attribute"", ""act"": 0.0}, {""tk"": ""serving"", ""act"": 0.0}, {""tk"": ""government"", ""act"": 0.0}, {""tk"": ""located"", ""act"": 0.0}, {""tk"": ""containing"", ""act"": 0.0}]"
22_19295,22,19295,"entity: A major city in South Carolina, USA is Charleston",<bos>,0,2.260288953781128,0.9230769230769232,semantic,"[{""token"": ""<bos>"", ""index"": 0, ""distance"": 0, ""direction"": ""self""}]",n/a,Semantic,Concept,0.8,False,,Semantic (unknown),"[{""tk"": ""is"", ""act"": 15.38586139678955}, {""tk"": ""city"", ""act"": 0.0}, {""tk"": ""Carolina"", ""act"": 0.0}, {""tk"": ""USA"", ""act"": 0.0}, {""tk"": ""Charleston"", ""act"": 0.0}, {""tk"": ""The"", ""act"": 0.0}, {""tk"": ""capital"", ""act"": 0.0}, {""tk"": ""of"", ""act"": 0.0}, {""tk"": ""Columbia"", ""act"": 0.0}, {""tk"": ""state"", ""act"": 0.0}, {""tk"": ""attribute"", ""act"": 0.0}, {""tk"": ""serving"", ""act"": 0.0}, {""tk"": ""government"", ""act"": 0.0}, {""tk"": ""located"", ""act"": 0.0}, {""tk"": ""containing"", ""act"": 0.0}]"
22_92671,22,92671,"entity: A major city in South Carolina, USA is Charleston",<bos>,0,0.0,0.0,semantic,"[{""token"": ""<bos>"", ""index"": 0, ""distance"": 0, ""direction"": ""self""}]",n/a,Relationship,,1.0,False,,(city) related,"[{""tk"": ""city"", ""act"": 0.0}, {""tk"": ""Carolina"", ""act"": 0.0}, {""tk"": ""USA"", ""act"": 0.0}, {""tk"": ""is"", ""act"": 0.0}, {""tk"": ""Charleston"", ""act"": 0.0}, {""tk"": ""The"", ""act"": 0.0}, {""tk"": ""capital"", ""act"": 0.0}, {""tk"": ""of"", ""act"": 0.0}, {""tk"": ""Columbia"", ""act"": 0.0}, {""tk"": ""state"", ""act"": 0.0}, {""tk"": ""attribute"", ""act"": 0.0}, {""tk"": ""serving"", ""act"": 0.0}, {""tk"": ""government"", ""act"": 0.0}, {""tk"": ""located"", ""act"": 0.0}, {""tk"": ""containing"", ""act"": 0.0}]"
24_5303,24,5303,"entity: A major city in South Carolina, USA is Charleston",",",9,17.880062103271484,0.923076923076923,functional,"[{""token"": "" USA"", ""index"": 10, ""distance"": 1, ""direction"": ""forward""}, {""token"": "" Carolina"", ""index"": 8, ""distance"": 1, ""direction"": ""backward""}]",json,Semantic,Concept,0.7,False,,located,"[{""tk"": ""is"", ""act"": 31.118236541748047}, {""tk"": ""the"", ""act"": 23.955188751220703}, {""tk"": ""located"", ""act"": 18.47713851928711}, {""tk"": ""city"", ""act"": 0.0}, {""tk"": ""Carolina"", ""act"": 0.0}, {""tk"": ""USA"", ""act"": 0.0}, {""tk"": ""Charleston"", ""act"": 0.0}, {""tk"": ""capital"", ""act"": 0.0}, {""tk"": ""of"", ""act"": 0.0}, {""tk"": ""Columbia"", ""act"": 0.0}, {""tk"": ""state"", ""act"": 0.0}, {""tk"": ""attribute"", ""act"": 0.0}, {""tk"": ""serving"", ""act"": 0.0}, {""tk"": ""government"", ""act"": 0.0}, {""tk"": ""containing"", ""act"": 0.0}]"
24_2574,24,2574,"entity: A major city in South Carolina, USA is Charleston",<bos>,0,0.0,0.0,semantic,"[{""token"": ""<bos>"", ""index"": 0, ""distance"": 0, ""direction"": ""self""}]",n/a,"Say ""X""",,1.0,False,,Say (Columbia),"[{""tk"": ""is"", ""act"": 19.94355010986328}, {""tk"": ""city"", ""act"": 0.0}, {""tk"": ""Carolina"", ""act"": 0.0}, {""tk"": ""USA"", ""act"": 0.0}, {""tk"": ""Charleston"", ""act"": 0.0}, {""tk"": ""The"", ""act"": 0.0}, {""tk"": ""capital"", ""act"": 0.0}, {""tk"": ""of"", ""act"": 0.0}, {""tk"": ""Columbia"", ""act"": 0.0}, {""tk"": ""state"", ""act"": 0.0}, {""tk"": ""attribute"", ""act"": 0.0}, {""tk"": ""serving"", ""act"": 0.0}, {""tk"": ""government"", ""act"": 0.0}, {""tk"": ""located"", ""act"": 0.0}, {""tk"": ""containing"", ""act"": 0.0}]"
0_95475,0,95475,entity: The capital city of South Carolina is Columbia, capital,4,60.64950942993164,0.5464932504928656,semantic,"[{""token"": "" capital"", ""index"": 4, ""distance"": 0, ""direction"": ""self""}]",n/a,Semantic,Dictionary (fallback),0.9,False,,government,"[{""tk"": ""government"", ""act"": 73.73577117919922}, {""tk"": ""state"", ""act"": 72.12992095947266}, {""tk"": ""city"", ""act"": 69.083984375}, {""tk"": ""capital"", ""act"": 60.64950942993164}, {""tk"": ""USA"", ""act"": 56.505062103271484}, {""tk"": ""attribute"", ""act"": 50.58573913574219}, {""tk"": ""Carolina"", ""act"": 48.81716537475586}, {""tk"": ""Columbia"", ""act"": 42.76877975463867}, {""tk"": ""located"", ""act"": 41.876251220703125}, {""tk"": ""Charleston"", ""act"": 37.00120162963867}, {""tk"": ""serving"", ""act"": 31.4293155670166}, {""tk"": ""containing"", ""act"": 27.732948303222656}, {""tk"": ""is"", ""act"": 0.0}, {""tk"": ""The"", ""act"": 0.0}, {""tk"": ""of"", ""act"": 0.0}]"
0_54572,0,54572,entity: The capital city of South Carolina is Columbia, The,3,30.514068603515625,0.9090909090909092,functional,"[{""token"": "" capital"", ""index"": 4, ""distance"": 1, ""direction"": ""forward""}]",json,Semantic,Dictionary (fallback),0.9,False,,The,"[{""tk"": ""The"", ""act"": 30.514068603515625}, {""tk"": ""city"", ""act"": 0.0}, {""tk"": ""Carolina"", ""act"": 0.0}, {""tk"": ""USA"", ""act"": 0.0}, {""tk"": ""is"", ""act"": 0.0}, {""tk"": ""Charleston"", ""act"": 0.0}, {""tk"": ""capital"", ""act"": 0.0}, {""tk"": ""of"", ""act"": 0.0}, {""tk"": ""Columbia"", ""act"": 0.0}, {""tk"": ""state"", ""act"": 0.0}, {""tk"": ""attribute"", ""act"": 0.0}, {""tk"": ""serving"", ""act"": 0.0}, {""tk"": ""government"", ""act"": 0.0}, {""tk"": ""located"", ""act"": 0.0}, {""tk"": ""containing"", ""act"": 0.0}]"
0_19204,0,19204,entity: The capital city of South Carolina is Columbia,<bos>,0,19.44998550415039,0.9090909090909092,semantic,"[{""token"": ""<bos>"", ""index"": 0, ""distance"": 0, ""direction"": ""self""}]",n/a,Semantic,Dictionary (fallback),0.9,False,,Semantic (unknown),"[{""tk"": ""city"", ""act"": 0.0}, {""tk"": ""Carolina"", ""act"": 0.0}, {""tk"": ""USA"", ""act"": 0.0}, {""tk"": ""is"", ""act"": 0.0}, {""tk"": ""Charleston"", ""act"": 0.0}, {""tk"": ""The"", ""act"": 0.0}, {""tk"": ""capital"", ""act"": 0.0}, {""tk"": ""of"", ""act"": 0.0}, {""tk"": ""Columbia"", ""act"": 0.0}, {""tk"": ""state"", ""act"": 0.0}, {""tk"": ""attribute"", ""act"": 0.0}, {""tk"": ""serving"", ""act"": 0.0}, {""tk"": ""government"", ""act"": 0.0}, {""tk"": ""located"", ""act"": 0.0}, {""tk"": ""containing"", ""act"": 0.0}]"
0_14810,0,14810,entity: The capital city of South Carolina is Columbia, of,6,17.059555053710938,0.9090909090909092,functional,"[{""token"": "" city"", ""index"": 5, ""distance"": 1, ""direction"": ""backward""}]",json,Semantic,Dictionary,1.0,False,,of,"[{""tk"": ""of"", ""act"": 17.059555053710938}, {""tk"": ""city"", ""act"": 0.0}, {""tk"": ""Carolina"", ""act"": 0.0}, {""tk"": ""USA"", ""act"": 0.0}, {""tk"": ""is"", ""act"": 0.0}, {""tk"": ""Charleston"", ""act"": 0.0}, {""tk"": ""The"", ""act"": 0.0}, {""tk"": ""capital"", ""act"": 0.0}, {""tk"": ""Columbia"", ""act"": 0.0}, {""tk"": ""state"", ""act"": 0.0}, {""tk"": ""attribute"", ""act"": 0.0}, {""tk"": ""serving"", ""act"": 0.0}, {""tk"": ""government"", ""act"": 0.0}, {""tk"": ""located"", ""act"": 0.0}, {""tk"": ""containing"", ""act"": 0.0}]"
0_91570,0,91570,entity: The capital city of South Carolina is Columbia,<bos>,0,15.283381462097168,0.8628054669866533,semantic,"[{""token"": ""<bos>"", ""index"": 0, ""distance"": 0, ""direction"": ""self""}]",n/a,Semantic,Dictionary (fallback),0.9,False,,attribute,"[{""tk"": ""attribute"", ""act"": 21.15618896484375}, {""tk"": ""city"", ""act"": 0.0}, {""tk"": ""Carolina"", ""act"": 0.0}, {""tk"": ""USA"", ""act"": 0.0}, {""tk"": ""is"", ""act"": 0.0}, {""tk"": ""Charleston"", ""act"": 0.0}, {""tk"": ""The"", ""act"": 0.0}, {""tk"": ""capital"", ""act"": 0.0}, {""tk"": ""of"", ""act"": 0.0}, {""tk"": ""Columbia"", ""act"": 0.0}, {""tk"": ""state"", ""act"": 0.0}, {""tk"": ""serving"", ""act"": 0.0}, {""tk"": ""government"", ""act"": 0.0}, {""tk"": ""located"", ""act"": 0.0}, {""tk"": ""containing"", ""act"": 0.0}]"
0_53491,0,53491,entity: The capital city of South Carolina is Columbia, capital,4,14.992042541503906,0.9090909090909092,semantic,"[{""token"": "" capital"", ""index"": 4, ""distance"": 0, ""direction"": ""self""}]",n/a,Semantic,Dictionary,1.0,False,,capital,"[{""tk"": ""capital"", ""act"": 16.344919204711914}, {""tk"": ""city"", ""act"": 0.0}, {""tk"": ""Carolina"", ""act"": 0.0}, {""tk"": ""USA"", ""act"": 0.0}, {""tk"": ""is"", ""act"": 0.0}, {""tk"": ""Charleston"", ""act"": 0.0}, {""tk"": ""The"", ""act"": 0.0}, {""tk"": ""of"", ""act"": 0.0}, {""tk"": ""Columbia"", ""act"": 0.0}, {""tk"": ""state"", ""act"": 0.0}, {""tk"": ""attribute"", ""act"": 0.0}, {""tk"": ""serving"", ""act"": 0.0}, {""tk"": ""government"", ""act"": 0.0}, {""tk"": ""located"", ""act"": 0.0}, {""tk"": ""containing"", ""act"": 0.0}]"
0_79529,0,79529,entity: The capital city of South Carolina is Columbia, is,9,13.855281829833984,0.8662395590414295,functional,"[{""token"": "" Columbia"", ""index"": 10, ""distance"": 1, ""direction"": ""forward""}]",json,Semantic,Dictionary (fallback),0.9,False,,Semantic (unknown),"[{""tk"": ""is"", ""act"": 15.42864990234375}, {""tk"": ""city"", ""act"": 0.0}, {""tk"": ""Carolina"", ""act"": 0.0}, {""tk"": ""USA"", ""act"": 0.0}, {""tk"": ""Charleston"", ""act"": 0.0}, {""tk"": ""The"", ""act"": 0.0}, {""tk"": ""capital"", ""act"": 0.0}, {""tk"": ""of"", ""act"": 0.0}, {""tk"": ""Columbia"", ""act"": 0.0}, {""tk"": ""state"", ""act"": 0.0}, {""tk"": ""attribute"", ""act"": 0.0}, {""tk"": ""serving"", ""act"": 0.0}, {""tk"": ""government"", ""act"": 0.0}, {""tk"": ""located"", ""act"": 0.0}, {""tk"": ""containing"", ""act"": 0.0}]"
0_23293,0,23293,entity: The capital city of South Carolina is Columbia, capital,4,12.35552215576172,0.9090909090909092,semantic,"[{""token"": "" capital"", ""index"": 4, ""distance"": 0, ""direction"": ""self""}]",n/a,Semantic,Dictionary,1.0,False,,capital,"[{""tk"": ""capital"", ""act"": 12.355522155761719}, {""tk"": ""city"", ""act"": 0.0}, {""tk"": ""Carolina"", ""act"": 0.0}, {""tk"": ""USA"", ""act"": 0.0}, {""tk"": ""is"", ""act"": 0.0}, {""tk"": ""Charleston"", ""act"": 0.0}, {""tk"": ""The"", ""act"": 0.0}, {""tk"": ""of"", ""act"": 0.0}, {""tk"": ""Columbia"", ""act"": 0.0}, {""tk"": ""state"", ""act"": 0.0}, {""tk"": ""attribute"", ""act"": 0.0}, {""tk"": ""serving"", ""act"": 0.0}, {""tk"": ""government"", ""act"": 0.0}, {""tk"": ""located"", ""act"": 0.0}, {""tk"": ""containing"", ""act"": 0.0}]"
0_37416,0,37416,entity: The capital city of South Carolina is Columbia, capital,4,12.284197807312012,0.9090909090909092,semantic,"[{""token"": "" capital"", ""index"": 4, ""distance"": 0, ""direction"": ""self""}]",n/a,Semantic,Dictionary,1.0,False,,capital,"[{""tk"": ""capital"", ""act"": 12.284197807312012}, {""tk"": ""city"", ""act"": 0.0}, {""tk"": ""Carolina"", ""act"": 0.0}, {""tk"": ""USA"", ""act"": 0.0}, {""tk"": ""is"", ""act"": 0.0}, {""tk"": ""Charleston"", ""act"": 0.0}, {""tk"": ""The"", ""act"": 0.0}, {""tk"": ""of"", ""act"": 0.0}, {""tk"": ""Columbia"", ""act"": 0.0}, {""tk"": ""state"", ""act"": 0.0}, {""tk"": ""attribute"", ""act"": 0.0}, {""tk"": ""serving"", ""act"": 0.0}, {""tk"": ""government"", ""act"": 0.0}, {""tk"": ""located"", ""act"": 0.0}, {""tk"": ""containing"", ""act"": 0.0}]"
0_76137,0,76137,entity: The capital city of South Carolina is Columbia, Carolina,8,10.963031768798828,0.88015194024273,semantic,"[{""token"": "" Carolina"", ""index"": 8, ""distance"": 0, ""direction"": ""self""}]",n/a,Semantic,Dictionary,1.0,False,,Carolina,"[{""tk"": ""Carolina"", ""act"": 11.089876174926758}, {""tk"": ""USA"", ""act"": 4.346536159515381}, {""tk"": ""Charleston"", ""act"": 2.794321060180664}, {""tk"": ""Columbia"", ""act"": 2.7789368629455566}, {""tk"": ""city"", ""act"": 0.0}, {""tk"": ""is"", ""act"": 0.0}, {""tk"": ""The"", ""act"": 0.0}, {""tk"": ""capital"", ""act"": 0.0}, {""tk"": ""of"", ""act"": 0.0}, {""tk"": ""state"", ""act"": 0.0}, {""tk"": ""attribute"", ""act"": 0.0}, {""tk"": ""serving"", ""act"": 0.0}, {""tk"": ""government"", ""act"": 0.0}, {""tk"": ""located"", ""act"": 0.0}, {""tk"": ""containing"", ""act"": 0.0}]"
0_92029,0,92029,entity: The capital city of South Carolina is Columbia,<bos>,0,9.591381072998049,0.9090909090909092,semantic,"[{""token"": ""<bos>"", ""index"": 0, ""distance"": 0, ""direction"": ""self""}]",n/a,Semantic,Dictionary (fallback),0.9,False,,Semantic (unknown),"[{""tk"": ""the"", ""act"": 28.859010696411133}, {""tk"": ""city"", ""act"": 0.0}, {""tk"": ""Carolina"", ""act"": 0.0}, {""tk"": ""USA"", ""act"": 0.0}, {""tk"": ""is"", ""act"": 0.0}, {""tk"": ""Charleston"", ""act"": 0.0}, {""tk"": ""capital"", ""act"": 0.0}, {""tk"": ""of"", ""act"": 0.0}, {""tk"": ""Columbia"", ""act"": 0.0}, {""tk"": ""state"", ""act"": 0.0}, {""tk"": ""attribute"", ""act"": 0.0}, {""tk"": ""serving"", ""act"": 0.0}, {""tk"": ""government"", ""act"": 0.0}, {""tk"": ""located"", ""act"": 0.0}, {""tk"": ""containing"", ""act"": 0.0}]"
0_6264,0,6264,entity: The capital city of South Carolina is Columbia, capital,4,9.430625915527344,0.9090909090909092,semantic,"[{""token"": "" capital"", ""index"": 4, ""distance"": 0, ""direction"": ""self""}]",n/a,Semantic,Dictionary,1.0,False,,capital,"[{""tk"": ""capital"", ""act"": 9.430625915527344}, {""tk"": ""city"", ""act"": 0.0}, {""tk"": ""Carolina"", ""act"": 0.0}, {""tk"": ""USA"", ""act"": 0.0}, {""tk"": ""is"", ""act"": 0.0}, {""tk"": ""Charleston"", ""act"": 0.0}, {""tk"": ""The"", ""act"": 0.0}, {""tk"": ""of"", ""act"": 0.0}, {""tk"": ""Columbia"", ""act"": 0.0}, {""tk"": ""state"", ""act"": 0.0}, {""tk"": ""attribute"", ""act"": 0.0}, {""tk"": ""serving"", ""act"": 0.0}, {""tk"": ""government"", ""act"": 0.0}, {""tk"": ""located"", ""act"": 0.0}, {""tk"": ""containing"", ""act"": 0.0}]"
0_63548,0,63548,entity: The capital city of South Carolina is Columbia, capital,4,9.13010597229004,0.9090909090909092,semantic,"[{""token"": "" capital"", ""index"": 4, ""distance"": 0, ""direction"": ""self""}]",n/a,Semantic,Dictionary,1.0,False,,capital,"[{""tk"": ""capital"", ""act"": 9.130105972290039}, {""tk"": ""city"", ""act"": 0.0}, {""tk"": ""Carolina"", ""act"": 0.0}, {""tk"": ""USA"", ""act"": 0.0}, {""tk"": ""is"", ""act"": 0.0}, {""tk"": ""Charleston"", ""act"": 0.0}, {""tk"": ""The"", ""act"": 0.0}, {""tk"": ""of"", ""act"": 0.0}, {""tk"": ""Columbia"", ""act"": 0.0}, {""tk"": ""state"", ""act"": 0.0}, {""tk"": ""attribute"", ""act"": 0.0}, {""tk"": ""serving"", ""act"": 0.0}, {""tk"": ""government"", ""act"": 0.0}, {""tk"": ""located"", ""act"": 0.0}, {""tk"": ""containing"", ""act"": 0.0}]"
0_53531,0,53531,entity: The capital city of South Carolina is Columbia, capital,4,8.328258514404297,0.9090909090909092,semantic,"[{""token"": "" capital"", ""index"": 4, ""distance"": 0, ""direction"": ""self""}]",n/a,Semantic,Dictionary,1.0,False,,capital,"[{""tk"": ""capital"", ""act"": 8.328258514404297}, {""tk"": ""city"", ""act"": 0.0}, {""tk"": ""Carolina"", ""act"": 0.0}, {""tk"": ""USA"", ""act"": 0.0}, {""tk"": ""is"", ""act"": 0.0}, {""tk"": ""Charleston"", ""act"": 0.0}, {""tk"": ""The"", ""act"": 0.0}, {""tk"": ""of"", ""act"": 0.0}, {""tk"": ""Columbia"", ""act"": 0.0}, {""tk"": ""state"", ""act"": 0.0}, {""tk"": ""attribute"", ""act"": 0.0}, {""tk"": ""serving"", ""act"": 0.0}, {""tk"": ""government"", ""act"": 0.0}, {""tk"": ""located"", ""act"": 0.0}, {""tk"": ""containing"", ""act"": 0.0}]"
0_20368,0,20368,entity: The capital city of South Carolina is Columbia,<bos>,0,8.283743858337402,0.9090909090909092,semantic,"[{""token"": ""<bos>"", ""index"": 0, ""distance"": 0, ""direction"": ""self""}]",n/a,Semantic,Dictionary (fallback),0.9,False,,Semantic (unknown),"[{""tk"": ""containing"", ""act"": 8.030762672424316}, {""tk"": ""is"", ""act"": 6.553821563720703}, {""tk"": ""city"", ""act"": 0.0}, {""tk"": ""Carolina"", ""act"": 0.0}, {""tk"": ""USA"", ""act"": 0.0}, {""tk"": ""Charleston"", ""act"": 0.0}, {""tk"": ""The"", ""act"": 0.0}, {""tk"": ""capital"", ""act"": 0.0}, {""tk"": ""of"", ""act"": 0.0}, {""tk"": ""Columbia"", ""act"": 0.0}, {""tk"": ""state"", ""act"": 0.0}, {""tk"": ""attribute"", ""act"": 0.0}, {""tk"": ""serving"", ""act"": 0.0}, {""tk"": ""government"", ""act"": 0.0}, {""tk"": ""located"", ""act"": 0.0}]"
0_60256,0,60256,entity: The capital city of South Carolina is Columbia,<bos>,0,8.257609367370605,0.9090909090909092,semantic,"[{""token"": ""<bos>"", ""index"": 0, ""distance"": 0, ""direction"": ""self""}]",n/a,Semantic,Dictionary,1.0,False,,containing,"[{""tk"": ""containing"", ""act"": 8.764032363891602}, {""tk"": ""city"", ""act"": 0.0}, {""tk"": ""Carolina"", ""act"": 0.0}, {""tk"": ""USA"", ""act"": 0.0}, {""tk"": ""is"", ""act"": 0.0}, {""tk"": ""Charleston"", ""act"": 0.0}, {""tk"": ""The"", ""act"": 0.0}, {""tk"": ""capital"", ""act"": 0.0}, {""tk"": ""of"", ""act"": 0.0}, {""tk"": ""Columbia"", ""act"": 0.0}, {""tk"": ""state"", ""act"": 0.0}, {""tk"": ""attribute"", ""act"": 0.0}, {""tk"": ""serving"", ""act"": 0.0}, {""tk"": ""government"", ""act"": 0.0}, {""tk"": ""located"", ""act"": 0.0}]"
0_82862,0,82862,entity: The capital city of South Carolina is Columbia, capital,4,8.219970703125,0.9090909090909092,semantic,"[{""token"": "" capital"", ""index"": 4, ""distance"": 0, ""direction"": ""self""}]",n/a,Semantic,Dictionary (fallback),0.9,False,,government,"[{""tk"": ""government"", ""act"": 9.586883544921875}, {""tk"": ""capital"", ""act"": 8.219970703125}, {""tk"": ""state"", ""act"": 5.531653881072998}, {""tk"": ""city"", ""act"": 0.0}, {""tk"": ""Carolina"", ""act"": 0.0}, {""tk"": ""USA"", ""act"": 0.0}, {""tk"": ""is"", ""act"": 0.0}, {""tk"": ""Charleston"", ""act"": 0.0}, {""tk"": ""The"", ""act"": 0.0}, {""tk"": ""of"", ""act"": 0.0}, {""tk"": ""Columbia"", ""act"": 0.0}, {""tk"": ""attribute"", ""act"": 0.0}, {""tk"": ""serving"", ""act"": 0.0}, {""tk"": ""located"", ""act"": 0.0}, {""tk"": ""containing"", ""act"": 0.0}]"
0_68987,0,68987,entity: The capital city of South Carolina is Columbia, capital,4,8.17165756225586,0.9090909090909092,semantic,"[{""token"": "" capital"", ""index"": 4, ""distance"": 0, ""direction"": ""self""}]",n/a,Semantic,Dictionary,1.0,False,,capital,"[{""tk"": ""capital"", ""act"": 9.928791046142578}, {""tk"": ""city"", ""act"": 0.0}, {""tk"": ""Carolina"", ""act"": 0.0}, {""tk"": ""USA"", ""act"": 0.0}, {""tk"": ""is"", ""act"": 0.0}, {""tk"": ""Charleston"", ""act"": 0.0}, {""tk"": ""The"", ""act"": 0.0}, {""tk"": ""of"", ""act"": 0.0}, {""tk"": ""Columbia"", ""act"": 0.0}, {""tk"": ""state"", ""act"": 0.0}, {""tk"": ""attribute"", ""act"": 0.0}, {""tk"": ""serving"", ""act"": 0.0}, {""tk"": ""government"", ""act"": 0.0}, {""tk"": ""located"", ""act"": 0.0}, {""tk"": ""containing"", ""act"": 0.0}]"
0_15430,0,15430,entity: The capital city of South Carolina is Columbia, capital,4,8.16793155670166,0.9090909090909092,semantic,"[{""token"": "" capital"", ""index"": 4, ""distance"": 0, ""direction"": ""self""}]",n/a,Semantic,Dictionary,1.0,False,,capital,"[{""tk"": ""capital"", ""act"": 8.16793155670166}, {""tk"": ""city"", ""act"": 0.0}, {""tk"": ""Carolina"", ""act"": 0.0}, {""tk"": ""USA"", ""act"": 0.0}, {""tk"": ""is"", ""act"": 0.0}, {""tk"": ""Charleston"", ""act"": 0.0}, {""tk"": ""The"", ""act"": 0.0}, {""tk"": ""of"", ""act"": 0.0}, {""tk"": ""Columbia"", ""act"": 0.0}, {""tk"": ""state"", ""act"": 0.0}, {""tk"": ""attribute"", ""act"": 0.0}, {""tk"": ""serving"", ""act"": 0.0}, {""tk"": ""government"", ""act"": 0.0}, {""tk"": ""located"", ""act"": 0.0}, {""tk"": ""containing"", ""act"": 0.0}]"
0_41589,0,41589,entity: The capital city of South Carolina is Columbia, capital,4,7.369453430175781,0.9090909090909092,semantic,"[{""token"": "" capital"", ""index"": 4, ""distance"": 0, ""direction"": ""self""}]",n/a,Semantic,Dictionary,1.0,False,,capital,"[{""tk"": ""capital"", ""act"": 7.369453430175781}, {""tk"": ""city"", ""act"": 0.0}, {""tk"": ""Carolina"", ""act"": 0.0}, {""tk"": ""USA"", ""act"": 0.0}, {""tk"": ""is"", ""act"": 0.0}, {""tk"": ""Charleston"", ""act"": 0.0}, {""tk"": ""The"", ""act"": 0.0}, {""tk"": ""of"", ""act"": 0.0}, {""tk"": ""Columbia"", ""act"": 0.0}, {""tk"": ""state"", ""act"": 0.0}, {""tk"": ""attribute"", ""act"": 0.0}, {""tk"": ""serving"", ""act"": 0.0}, {""tk"": ""government"", ""act"": 0.0}, {""tk"": ""located"", ""act"": 0.0}, {""tk"": ""containing"", ""act"": 0.0}]"
0_37030,0,37030,entity: The capital city of South Carolina is Columbia,<bos>,0,6.821301460266113,0.9090909090909092,semantic,"[{""token"": ""<bos>"", ""index"": 0, ""distance"": 0, ""direction"": ""self""}]",n/a,Semantic,Dictionary,1.0,False,,Charleston,"[{""tk"": ""Charleston"", ""act"": 8.90308952331543}, {""tk"": ""city"", ""act"": 0.0}, {""tk"": ""Carolina"", ""act"": 0.0}, {""tk"": ""USA"", ""act"": 0.0}, {""tk"": ""is"", ""act"": 0.0}, {""tk"": ""The"", ""act"": 0.0}, {""tk"": ""capital"", ""act"": 0.0}, {""tk"": ""of"", ""act"": 0.0}, {""tk"": ""Columbia"", ""act"": 0.0}, {""tk"": ""state"", ""act"": 0.0}, {""tk"": ""attribute"", ""act"": 0.0}, {""tk"": ""serving"", ""act"": 0.0}, {""tk"": ""government"", ""act"": 0.0}, {""tk"": ""located"", ""act"": 0.0}, {""tk"": ""containing"", ""act"": 0.0}]"
0_31953,0,31953,entity: The capital city of South Carolina is Columbia, capital,4,5.960221767425537,0.9090909090909092,semantic,"[{""token"": "" capital"", ""index"": 4, ""distance"": 0, ""direction"": ""self""}]",n/a,Semantic,Dictionary,1.0,False,,capital,"[{""tk"": ""capital"", ""act"": 5.960221767425537}, {""tk"": ""city"", ""act"": 0.0}, {""tk"": ""Carolina"", ""act"": 0.0}, {""tk"": ""USA"", ""act"": 0.0}, {""tk"": ""is"", ""act"": 0.0}, {""tk"": ""Charleston"", ""act"": 0.0}, {""tk"": ""The"", ""act"": 0.0}, {""tk"": ""of"", ""act"": 0.0}, {""tk"": ""Columbia"", ""act"": 0.0}, {""tk"": ""state"", ""act"": 0.0}, {""tk"": ""attribute"", ""act"": 0.0}, {""tk"": ""serving"", ""act"": 0.0}, {""tk"": ""government"", ""act"": 0.0}, {""tk"": ""located"", ""act"": 0.0}, {""tk"": ""containing"", ""act"": 0.0}]"
0_43624,0,43624,entity: The capital city of South Carolina is Columbia, capital,4,4.858582496643066,0.9090909090909092,semantic,"[{""token"": "" capital"", ""index"": 4, ""distance"": 0, ""direction"": ""self""}]",n/a,Semantic,Dictionary,1.0,False,,capital,"[{""tk"": ""capital"", ""act"": 10.143529891967773}, {""tk"": ""city"", ""act"": 0.0}, {""tk"": ""Carolina"", ""act"": 0.0}, {""tk"": ""USA"", ""act"": 0.0}, {""tk"": ""is"", ""act"": 0.0}, {""tk"": ""Charleston"", ""act"": 0.0}, {""tk"": ""The"", ""act"": 0.0}, {""tk"": ""of"", ""act"": 0.0}, {""tk"": ""Columbia"", ""act"": 0.0}, {""tk"": ""state"", ""act"": 0.0}, {""tk"": ""attribute"", ""act"": 0.0}, {""tk"": ""serving"", ""act"": 0.0}, {""tk"": ""government"", ""act"": 0.0}, {""tk"": ""located"", ""act"": 0.0}, {""tk"": ""containing"", ""act"": 0.0}]"
0_85449,0,85449,entity: The capital city of South Carolina is Columbia,<bos>,0,4.306120872497559,0.9090909090909092,semantic,"[{""token"": ""<bos>"", ""index"": 0, ""distance"": 0, ""direction"": ""self""}]",n/a,Semantic,Dictionary,1.0,False,,Charleston,"[{""tk"": ""Charleston"", ""act"": 9.35044002532959}, {""tk"": ""city"", ""act"": 0.0}, {""tk"": ""Carolina"", ""act"": 0.0}, {""tk"": ""USA"", ""act"": 0.0}, {""tk"": ""is"", ""act"": 0.0}, {""tk"": ""The"", ""act"": 0.0}, {""tk"": ""capital"", ""act"": 0.0}, {""tk"": ""of"", ""act"": 0.0}, {""tk"": ""Columbia"", ""act"": 0.0}, {""tk"": ""state"", ""act"": 0.0}, {""tk"": ""attribute"", ""act"": 0.0}, {""tk"": ""serving"", ""act"": 0.0}, {""tk"": ""government"", ""act"": 0.0}, {""tk"": ""located"", ""act"": 0.0}, {""tk"": ""containing"", ""act"": 0.0}]"
0_12284,0,12284,entity: The capital city of South Carolina is Columbia,<bos>,0,4.237040519714356,0.9090909090909092,semantic,"[{""token"": ""<bos>"", ""index"": 0, ""distance"": 0, ""direction"": ""self""}]",n/a,Semantic,Dictionary (fallback),0.9,False,,Semantic (unknown),"[{""tk"": ""city"", ""act"": 0.0}, {""tk"": ""Carolina"", ""act"": 0.0}, {""tk"": ""USA"", ""act"": 0.0}, {""tk"": ""is"", ""act"": 0.0}, {""tk"": ""Charleston"", ""act"": 0.0}, {""tk"": ""The"", ""act"": 0.0}, {""tk"": ""capital"", ""act"": 0.0}, {""tk"": ""of"", ""act"": 0.0}, {""tk"": ""Columbia"", ""act"": 0.0}, {""tk"": ""state"", ""act"": 0.0}, {""tk"": ""attribute"", ""act"": 0.0}, {""tk"": ""serving"", ""act"": 0.0}, {""tk"": ""government"", ""act"": 0.0}, {""tk"": ""located"", ""act"": 0.0}, {""tk"": ""containing"", ""act"": 0.0}]"
0_29747,0,29747,entity: The capital city of South Carolina is Columbia,<bos>,0,3.6445837020874015,0.9090909090909092,semantic,"[{""token"": ""<bos>"", ""index"": 0, ""distance"": 0, ""direction"": ""self""}]",n/a,Semantic,Dictionary,1.0,False,,Charleston,"[{""tk"": ""Charleston"", ""act"": 11.133187294006348}, {""tk"": ""city"", ""act"": 0.0}, {""tk"": ""Carolina"", ""act"": 0.0}, {""tk"": ""USA"", ""act"": 0.0}, {""tk"": ""is"", ""act"": 0.0}, {""tk"": ""The"", ""act"": 0.0}, {""tk"": ""capital"", ""act"": 0.0}, {""tk"": ""of"", ""act"": 0.0}, {""tk"": ""Columbia"", ""act"": 0.0}, {""tk"": ""state"", ""act"": 0.0}, {""tk"": ""attribute"", ""act"": 0.0}, {""tk"": ""serving"", ""act"": 0.0}, {""tk"": ""government"", ""act"": 0.0}, {""tk"": ""located"", ""act"": 0.0}, {""tk"": ""containing"", ""act"": 0.0}]"
0_47638,0,47638,entity: The capital city of South Carolina is Columbia,<bos>,0,3.63841724395752,0.9090909090909092,semantic,"[{""token"": ""<bos>"", ""index"": 0, ""distance"": 0, ""direction"": ""self""}]",n/a,Semantic,Dictionary,1.0,False,,containing,"[{""tk"": ""containing"", ""act"": 11.569823265075684}, {""tk"": ""city"", ""act"": 0.0}, {""tk"": ""Carolina"", ""act"": 0.0}, {""tk"": ""USA"", ""act"": 0.0}, {""tk"": ""is"", ""act"": 0.0}, {""tk"": ""Charleston"", ""act"": 0.0}, {""tk"": ""The"", ""act"": 0.0}, {""tk"": ""capital"", ""act"": 0.0}, {""tk"": ""of"", ""act"": 0.0}, {""tk"": ""Columbia"", ""act"": 0.0}, {""tk"": ""state"", ""act"": 0.0}, {""tk"": ""attribute"", ""act"": 0.0}, {""tk"": ""serving"", ""act"": 0.0}, {""tk"": ""government"", ""act"": 0.0}, {""tk"": ""located"", ""act"": 0.0}]"
0_55912,0,55912,entity: The capital city of South Carolina is Columbia,<bos>,0,3.0232977867126465,0.9090909090909092,semantic,"[{""token"": ""<bos>"", ""index"": 0, ""distance"": 0, ""direction"": ""self""}]",n/a,Semantic,Dictionary,1.0,False,,Charleston,"[{""tk"": ""Charleston"", ""act"": 7.9657979011535645}, {""tk"": ""city"", ""act"": 0.0}, {""tk"": ""Carolina"", ""act"": 0.0}, {""tk"": ""USA"", ""act"": 0.0}, {""tk"": ""is"", ""act"": 0.0}, {""tk"": ""The"", ""act"": 0.0}, {""tk"": ""capital"", ""act"": 0.0}, {""tk"": ""of"", ""act"": 0.0}, {""tk"": ""Columbia"", ""act"": 0.0}, {""tk"": ""state"", ""act"": 0.0}, {""tk"": ""attribute"", ""act"": 0.0}, {""tk"": ""serving"", ""act"": 0.0}, {""tk"": ""government"", ""act"": 0.0}, {""tk"": ""located"", ""act"": 0.0}, {""tk"": ""containing"", ""act"": 0.0}]"
0_41424,0,41424,entity: The capital city of South Carolina is Columbia,<bos>,0,2.1618165969848637,0.9090909090909092,semantic,"[{""token"": ""<bos>"", ""index"": 0, ""distance"": 0, ""direction"": ""self""}]",n/a,Semantic,Dictionary (fallback),0.9,False,,Semantic (unknown),"[{""tk"": ""city"", ""act"": 0.0}, {""tk"": ""Carolina"", ""act"": 0.0}, {""tk"": ""USA"", ""act"": 0.0}, {""tk"": ""is"", ""act"": 0.0}, {""tk"": ""Charleston"", ""act"": 0.0}, {""tk"": ""The"", ""act"": 0.0}, {""tk"": ""capital"", ""act"": 0.0}, {""tk"": ""of"", ""act"": 0.0}, {""tk"": ""Columbia"", ""act"": 0.0}, {""tk"": ""state"", ""act"": 0.0}, {""tk"": ""attribute"", ""act"": 0.0}, {""tk"": ""serving"", ""act"": 0.0}, {""tk"": ""government"", ""act"": 0.0}, {""tk"": ""located"", ""act"": 0.0}, {""tk"": ""containing"", ""act"": 0.0}]"
0_13506,0,13506,entity: The capital city of South Carolina is Columbia,<bos>,0,1.0420150756835938,0.9090909090909092,semantic,"[{""token"": ""<bos>"", ""index"": 0, ""distance"": 0, ""direction"": ""self""}]",n/a,Semantic,Dictionary (fallback),0.9,False,,Semantic (unknown),"[{""tk"": ""city"", ""act"": 0.0}, {""tk"": ""Carolina"", ""act"": 0.0}, {""tk"": ""USA"", ""act"": 0.0}, {""tk"": ""is"", ""act"": 0.0}, {""tk"": ""Charleston"", ""act"": 0.0}, {""tk"": ""The"", ""act"": 0.0}, {""tk"": ""capital"", ""act"": 0.0}, {""tk"": ""of"", ""act"": 0.0}, {""tk"": ""Columbia"", ""act"": 0.0}, {""tk"": ""state"", ""act"": 0.0}, {""tk"": ""attribute"", ""act"": 0.0}, {""tk"": ""serving"", ""act"": 0.0}, {""tk"": ""government"", ""act"": 0.0}, {""tk"": ""located"", ""act"": 0.0}, {""tk"": ""containing"", ""act"": 0.0}]"
0_91553,0,91553,entity: The capital city of South Carolina is Columbia,<bos>,0,0.9048857688903807,0.9090909090909092,semantic,"[{""token"": ""<bos>"", ""index"": 0, ""distance"": 0, ""direction"": ""self""}]",n/a,Semantic,Dictionary (fallback),0.9,False,,Semantic (unknown),"[{""tk"": ""city"", ""act"": 0.0}, {""tk"": ""Carolina"", ""act"": 0.0}, {""tk"": ""USA"", ""act"": 0.0}, {""tk"": ""is"", ""act"": 0.0}, {""tk"": ""Charleston"", ""act"": 0.0}, {""tk"": ""The"", ""act"": 0.0}, {""tk"": ""capital"", ""act"": 0.0}, {""tk"": ""of"", ""act"": 0.0}, {""tk"": ""Columbia"", ""act"": 0.0}, {""tk"": ""state"", ""act"": 0.0}, {""tk"": ""attribute"", ""act"": 0.0}, {""tk"": ""serving"", ""act"": 0.0}, {""tk"": ""government"", ""act"": 0.0}, {""tk"": ""located"", ""act"": 0.0}, {""tk"": ""containing"", ""act"": 0.0}]"
0_5474,0,5474,entity: The capital city of South Carolina is Columbia,<bos>,0,0.0,0.0,semantic,"[{""token"": ""<bos>"", ""index"": 0, ""distance"": 0, ""direction"": ""self""}]",n/a,Semantic,Dictionary,1.0,False,,Charleston,"[{""tk"": ""Charleston"", ""act"": 8.963798522949219}, {""tk"": ""city"", ""act"": 0.0}, {""tk"": ""Carolina"", ""act"": 0.0}, {""tk"": ""USA"", ""act"": 0.0}, {""tk"": ""is"", ""act"": 0.0}, {""tk"": ""The"", ""act"": 0.0}, {""tk"": ""capital"", ""act"": 0.0}, {""tk"": ""of"", ""act"": 0.0}, {""tk"": ""Columbia"", ""act"": 0.0}, {""tk"": ""state"", ""act"": 0.0}, {""tk"": ""attribute"", ""act"": 0.0}, {""tk"": ""serving"", ""act"": 0.0}, {""tk"": ""government"", ""act"": 0.0}, {""tk"": ""located"", ""act"": 0.0}, {""tk"": ""containing"", ""act"": 0.0}]"
0_15646,0,15646,entity: The capital city of South Carolina is Columbia,<bos>,0,0.0,0.0,semantic,"[{""token"": ""<bos>"", ""index"": 0, ""distance"": 0, ""direction"": ""self""}]",n/a,Semantic,Dictionary,1.0,False,,Charleston,"[{""tk"": ""Charleston"", ""act"": 8.773160934448242}, {""tk"": ""city"", ""act"": 0.0}, {""tk"": ""Carolina"", ""act"": 0.0}, {""tk"": ""USA"", ""act"": 0.0}, {""tk"": ""is"", ""act"": 0.0}, {""tk"": ""The"", ""act"": 0.0}, {""tk"": ""capital"", ""act"": 0.0}, {""tk"": ""of"", ""act"": 0.0}, {""tk"": ""Columbia"", ""act"": 0.0}, {""tk"": ""state"", ""act"": 0.0}, {""tk"": ""attribute"", ""act"": 0.0}, {""tk"": ""serving"", ""act"": 0.0}, {""tk"": ""government"", ""act"": 0.0}, {""tk"": ""located"", ""act"": 0.0}, {""tk"": ""containing"", ""act"": 0.0}]"
0_21660,0,21660,entity: The capital city of South Carolina is Columbia,<bos>,0,0.0,0.0,semantic,"[{""token"": ""<bos>"", ""index"": 0, ""distance"": 0, ""direction"": ""self""}]",n/a,Semantic,Dictionary,1.0,False,,Charleston,"[{""tk"": ""Charleston"", ""act"": 13.0342435836792}, {""tk"": ""city"", ""act"": 0.0}, {""tk"": ""Carolina"", ""act"": 0.0}, {""tk"": ""USA"", ""act"": 0.0}, {""tk"": ""is"", ""act"": 0.0}, {""tk"": ""The"", ""act"": 0.0}, {""tk"": ""capital"", ""act"": 0.0}, {""tk"": ""of"", ""act"": 0.0}, {""tk"": ""Columbia"", ""act"": 0.0}, {""tk"": ""state"", ""act"": 0.0}, {""tk"": ""attribute"", ""act"": 0.0}, {""tk"": ""serving"", ""act"": 0.0}, {""tk"": ""government"", ""act"": 0.0}, {""tk"": ""located"", ""act"": 0.0}, {""tk"": ""containing"", ""act"": 0.0}]"
0_23477,0,23477,entity: The capital city of South Carolina is Columbia,<bos>,0,0.0,0.0,semantic,"[{""token"": ""<bos>"", ""index"": 0, ""distance"": 0, ""direction"": ""self""}]",n/a,Relationship,,1.0,False,,(city) related,"[{""tk"": ""city"", ""act"": 0.0}, {""tk"": ""Carolina"", ""act"": 0.0}, {""tk"": ""USA"", ""act"": 0.0}, {""tk"": ""is"", ""act"": 0.0}, {""tk"": ""Charleston"", ""act"": 0.0}, {""tk"": ""The"", ""act"": 0.0}, {""tk"": ""capital"", ""act"": 0.0}, {""tk"": ""of"", ""act"": 0.0}, {""tk"": ""Columbia"", ""act"": 0.0}, {""tk"": ""state"", ""act"": 0.0}, {""tk"": ""attribute"", ""act"": 0.0}, {""tk"": ""serving"", ""act"": 0.0}, {""tk"": ""government"", ""act"": 0.0}, {""tk"": ""located"", ""act"": 0.0}, {""tk"": ""containing"", ""act"": 0.0}]"
0_24438,0,24438,entity: The capital city of South Carolina is Columbia,<bos>,0,0.0,0.0,semantic,"[{""token"": ""<bos>"", ""index"": 0, ""distance"": 0, ""direction"": ""self""}]",n/a,Relationship,,1.0,False,,(city) related,"[{""tk"": ""city"", ""act"": 0.0}, {""tk"": ""Carolina"", ""act"": 0.0}, {""tk"": ""USA"", ""act"": 0.0}, {""tk"": ""is"", ""act"": 0.0}, {""tk"": ""Charleston"", ""act"": 0.0}, {""tk"": ""The"", ""act"": 0.0}, {""tk"": ""capital"", ""act"": 0.0}, {""tk"": ""of"", ""act"": 0.0}, {""tk"": ""Columbia"", ""act"": 0.0}, {""tk"": ""state"", ""act"": 0.0}, {""tk"": ""attribute"", ""act"": 0.0}, {""tk"": ""serving"", ""act"": 0.0}, {""tk"": ""government"", ""act"": 0.0}, {""tk"": ""located"", ""act"": 0.0}, {""tk"": ""containing"", ""act"": 0.0}]"
0_29904,0,29904,entity: The capital city of South Carolina is Columbia,<bos>,0,0.0,0.0,semantic,"[{""token"": ""<bos>"", ""index"": 0, ""distance"": 0, ""direction"": ""self""}]",n/a,Semantic,Dictionary,1.0,False,,containing,"[{""tk"": ""containing"", ""act"": 9.819502830505371}, {""tk"": ""city"", ""act"": 0.0}, {""tk"": ""Carolina"", ""act"": 0.0}, {""tk"": ""USA"", ""act"": 0.0}, {""tk"": ""is"", ""act"": 0.0}, {""tk"": ""Charleston"", ""act"": 0.0}, {""tk"": ""The"", ""act"": 0.0}, {""tk"": ""capital"", ""act"": 0.0}, {""tk"": ""of"", ""act"": 0.0}, {""tk"": ""Columbia"", ""act"": 0.0}, {""tk"": ""state"", ""act"": 0.0}, {""tk"": ""attribute"", ""act"": 0.0}, {""tk"": ""serving"", ""act"": 0.0}, {""tk"": ""government"", ""act"": 0.0}, {""tk"": ""located"", ""act"": 0.0}]"
0_35496,0,35496,entity: The capital city of South Carolina is Columbia,<bos>,0,0.0,0.0,semantic,"[{""token"": ""<bos>"", ""index"": 0, ""distance"": 0, ""direction"": ""self""}]",n/a,Semantic,Dictionary,1.0,False,,Charleston,"[{""tk"": ""Charleston"", ""act"": 5.930936813354492}, {""tk"": ""city"", ""act"": 0.0}, {""tk"": ""Carolina"", ""act"": 0.0}, {""tk"": ""USA"", ""act"": 0.0}, {""tk"": ""is"", ""act"": 0.0}, {""tk"": ""The"", ""act"": 0.0}, {""tk"": ""capital"", ""act"": 0.0}, {""tk"": ""of"", ""act"": 0.0}, {""tk"": ""Columbia"", ""act"": 0.0}, {""tk"": ""state"", ""act"": 0.0}, {""tk"": ""attribute"", ""act"": 0.0}, {""tk"": ""serving"", ""act"": 0.0}, {""tk"": ""government"", ""act"": 0.0}, {""tk"": ""located"", ""act"": 0.0}, {""tk"": ""containing"", ""act"": 0.0}]"
0_42832,0,42832,entity: The capital city of South Carolina is Columbia,<bos>,0,0.0,0.0,semantic,"[{""token"": ""<bos>"", ""index"": 0, ""distance"": 0, ""direction"": ""self""}]",n/a,Semantic,Dictionary,1.0,False,,containing,"[{""tk"": ""containing"", ""act"": 11.472331047058105}, {""tk"": ""city"", ""act"": 0.0}, {""tk"": ""Carolina"", ""act"": 0.0}, {""tk"": ""USA"", ""act"": 0.0}, {""tk"": ""is"", ""act"": 0.0}, {""tk"": ""Charleston"", ""act"": 0.0}, {""tk"": ""The"", ""act"": 0.0}, {""tk"": ""capital"", ""act"": 0.0}, {""tk"": ""of"", ""act"": 0.0}, {""tk"": ""Columbia"", ""act"": 0.0}, {""tk"": ""state"", ""act"": 0.0}, {""tk"": ""attribute"", ""act"": 0.0}, {""tk"": ""serving"", ""act"": 0.0}, {""tk"": ""government"", ""act"": 0.0}, {""tk"": ""located"", ""act"": 0.0}]"
0_44709,0,44709,entity: The capital city of South Carolina is Columbia,<bos>,0,0.0,0.0,semantic,"[{""token"": ""<bos>"", ""index"": 0, ""distance"": 0, ""direction"": ""self""}]",n/a,Semantic,Dictionary,1.0,False,,containing,"[{""tk"": ""containing"", ""act"": 6.07918643951416}, {""tk"": ""city"", ""act"": 0.0}, {""tk"": ""Carolina"", ""act"": 0.0}, {""tk"": ""USA"", ""act"": 0.0}, {""tk"": ""is"", ""act"": 0.0}, {""tk"": ""Charleston"", ""act"": 0.0}, {""tk"": ""The"", ""act"": 0.0}, {""tk"": ""capital"", ""act"": 0.0}, {""tk"": ""of"", ""act"": 0.0}, {""tk"": ""Columbia"", ""act"": 0.0}, {""tk"": ""state"", ""act"": 0.0}, {""tk"": ""attribute"", ""act"": 0.0}, {""tk"": ""serving"", ""act"": 0.0}, {""tk"": ""government"", ""act"": 0.0}, {""tk"": ""located"", ""act"": 0.0}]"
0_46676,0,46676,entity: The capital city of South Carolina is Columbia,<bos>,0,0.0,0.0,semantic,"[{""token"": ""<bos>"", ""index"": 0, ""distance"": 0, ""direction"": ""self""}]",n/a,Semantic,Dictionary,1.0,False,,Charleston,"[{""tk"": ""Charleston"", ""act"": 11.343507766723633}, {""tk"": ""city"", ""act"": 0.0}, {""tk"": ""Carolina"", ""act"": 0.0}, {""tk"": ""USA"", ""act"": 0.0}, {""tk"": ""is"", ""act"": 0.0}, {""tk"": ""The"", ""act"": 0.0}, {""tk"": ""capital"", ""act"": 0.0}, {""tk"": ""of"", ""act"": 0.0}, {""tk"": ""Columbia"", ""act"": 0.0}, {""tk"": ""state"", ""act"": 0.0}, {""tk"": ""attribute"", ""act"": 0.0}, {""tk"": ""serving"", ""act"": 0.0}, {""tk"": ""government"", ""act"": 0.0}, {""tk"": ""located"", ""act"": 0.0}, {""tk"": ""containing"", ""act"": 0.0}]"
0_49298,0,49298,entity: The capital city of South Carolina is Columbia,<bos>,0,0.0,0.0,semantic,"[{""token"": ""<bos>"", ""index"": 0, ""distance"": 0, ""direction"": ""self""}]",n/a,Semantic,Dictionary,1.0,False,,Charleston,"[{""tk"": ""Charleston"", ""act"": 9.830625534057617}, {""tk"": ""city"", ""act"": 0.0}, {""tk"": ""Carolina"", ""act"": 0.0}, {""tk"": ""USA"", ""act"": 0.0}, {""tk"": ""is"", ""act"": 0.0}, {""tk"": ""The"", ""act"": 0.0}, {""tk"": ""capital"", ""act"": 0.0}, {""tk"": ""of"", ""act"": 0.0}, {""tk"": ""Columbia"", ""act"": 0.0}, {""tk"": ""state"", ""act"": 0.0}, {""tk"": ""attribute"", ""act"": 0.0}, {""tk"": ""serving"", ""act"": 0.0}, {""tk"": ""government"", ""act"": 0.0}, {""tk"": ""located"", ""act"": 0.0}, {""tk"": ""containing"", ""act"": 0.0}]"
0_52009,0,52009,entity: The capital city of South Carolina is Columbia,<bos>,0,0.0,0.0,semantic,"[{""token"": ""<bos>"", ""index"": 0, ""distance"": 0, ""direction"": ""self""}]",n/a,Semantic,Dictionary,1.0,False,,containing,"[{""tk"": ""containing"", ""act"": 7.867442607879639}, {""tk"": ""city"", ""act"": 0.0}, {""tk"": ""Carolina"", ""act"": 0.0}, {""tk"": ""USA"", ""act"": 0.0}, {""tk"": ""is"", ""act"": 0.0}, {""tk"": ""Charleston"", ""act"": 0.0}, {""tk"": ""The"", ""act"": 0.0}, {""tk"": ""capital"", ""act"": 0.0}, {""tk"": ""of"", ""act"": 0.0}, {""tk"": ""Columbia"", ""act"": 0.0}, {""tk"": ""state"", ""act"": 0.0}, {""tk"": ""attribute"", ""act"": 0.0}, {""tk"": ""serving"", ""act"": 0.0}, {""tk"": ""government"", ""act"": 0.0}, {""tk"": ""located"", ""act"": 0.0}]"
0_52264,0,52264,entity: The capital city of South Carolina is Columbia,<bos>,0,0.0,0.0,semantic,"[{""token"": ""<bos>"", ""index"": 0, ""distance"": 0, ""direction"": ""self""}]",n/a,Semantic,Dictionary,1.0,False,,containing,"[{""tk"": ""containing"", ""act"": 9.985231399536133}, {""tk"": ""city"", ""act"": 0.0}, {""tk"": ""Carolina"", ""act"": 0.0}, {""tk"": ""USA"", ""act"": 0.0}, {""tk"": ""is"", ""act"": 0.0}, {""tk"": ""Charleston"", ""act"": 0.0}, {""tk"": ""The"", ""act"": 0.0}, {""tk"": ""capital"", ""act"": 0.0}, {""tk"": ""of"", ""act"": 0.0}, {""tk"": ""Columbia"", ""act"": 0.0}, {""tk"": ""state"", ""act"": 0.0}, {""tk"": ""attribute"", ""act"": 0.0}, {""tk"": ""serving"", ""act"": 0.0}, {""tk"": ""government"", ""act"": 0.0}, {""tk"": ""located"", ""act"": 0.0}]"
0_54197,0,54197,entity: The capital city of South Carolina is Columbia,<bos>,0,0.0,0.0,semantic,"[{""token"": ""<bos>"", ""index"": 0, ""distance"": 0, ""direction"": ""self""}]",n/a,Semantic,Dictionary,1.0,False,,containing,"[{""tk"": ""containing"", ""act"": 11.77919864654541}, {""tk"": ""city"", ""act"": 0.0}, {""tk"": ""Carolina"", ""act"": 0.0}, {""tk"": ""USA"", ""act"": 0.0}, {""tk"": ""is"", ""act"": 0.0}, {""tk"": ""Charleston"", ""act"": 0.0}, {""tk"": ""The"", ""act"": 0.0}, {""tk"": ""capital"", ""act"": 0.0}, {""tk"": ""of"", ""act"": 0.0}, {""tk"": ""Columbia"", ""act"": 0.0}, {""tk"": ""state"", ""act"": 0.0}, {""tk"": ""attribute"", ""act"": 0.0}, {""tk"": ""serving"", ""act"": 0.0}, {""tk"": ""government"", ""act"": 0.0}, {""tk"": ""located"", ""act"": 0.0}]"
0_56748,0,56748,entity: The capital city of South Carolina is Columbia,<bos>,0,0.0,0.0,semantic,"[{""token"": ""<bos>"", ""index"": 0, ""distance"": 0, ""direction"": ""self""}]",n/a,Semantic,Dictionary (fallback),0.9,False,,state,"[{""tk"": ""state"", ""act"": 13.299398422241211}, {""tk"": ""city"", ""act"": 0.0}, {""tk"": ""Carolina"", ""act"": 0.0}, {""tk"": ""USA"", ""act"": 0.0}, {""tk"": ""is"", ""act"": 0.0}, {""tk"": ""Charleston"", ""act"": 0.0}, {""tk"": ""The"", ""act"": 0.0}, {""tk"": ""capital"", ""act"": 0.0}, {""tk"": ""of"", ""act"": 0.0}, {""tk"": ""Columbia"", ""act"": 0.0}, {""tk"": ""attribute"", ""act"": 0.0}, {""tk"": ""serving"", ""act"": 0.0}, {""tk"": ""government"", ""act"": 0.0}, {""tk"": ""located"", ""act"": 0.0}, {""tk"": ""containing"", ""act"": 0.0}]"
0_58027,0,58027,entity: The capital city of South Carolina is Columbia,<bos>,0,0.0,0.0,semantic,"[{""token"": ""<bos>"", ""index"": 0, ""distance"": 0, ""direction"": ""self""}]",n/a,Semantic,Dictionary,1.0,False,,Charleston,"[{""tk"": ""Charleston"", ""act"": 11.387641906738281}, {""tk"": ""city"", ""act"": 0.0}, {""tk"": ""Carolina"", ""act"": 0.0}, {""tk"": ""USA"", ""act"": 0.0}, {""tk"": ""is"", ""act"": 0.0}, {""tk"": ""The"", ""act"": 0.0}, {""tk"": ""capital"", ""act"": 0.0}, {""tk"": ""of"", ""act"": 0.0}, {""tk"": ""Columbia"", ""act"": 0.0}, {""tk"": ""state"", ""act"": 0.0}, {""tk"": ""attribute"", ""act"": 0.0}, {""tk"": ""serving"", ""act"": 0.0}, {""tk"": ""government"", ""act"": 0.0}, {""tk"": ""located"", ""act"": 0.0}, {""tk"": ""containing"", ""act"": 0.0}]"
0_61257,0,61257,entity: The capital city of South Carolina is Columbia,<bos>,0,0.0,0.0,semantic,"[{""token"": ""<bos>"", ""index"": 0, ""distance"": 0, ""direction"": ""self""}]",n/a,Semantic,Dictionary (fallback),0.9,False,,state,"[{""tk"": ""state"", ""act"": 15.710807800292969}, {""tk"": ""city"", ""act"": 0.0}, {""tk"": ""Carolina"", ""act"": 0.0}, {""tk"": ""USA"", ""act"": 0.0}, {""tk"": ""is"", ""act"": 0.0}, {""tk"": ""Charleston"", ""act"": 0.0}, {""tk"": ""The"", ""act"": 0.0}, {""tk"": ""capital"", ""act"": 0.0}, {""tk"": ""of"", ""act"": 0.0}, {""tk"": ""Columbia"", ""act"": 0.0}, {""tk"": ""attribute"", ""act"": 0.0}, {""tk"": ""serving"", ""act"": 0.0}, {""tk"": ""government"", ""act"": 0.0}, {""tk"": ""located"", ""act"": 0.0}, {""tk"": ""containing"", ""act"": 0.0}]"
0_62872,0,62872,entity: The capital city of South Carolina is Columbia,<bos>,0,0.0,0.0,semantic,"[{""token"": ""<bos>"", ""index"": 0, ""distance"": 0, ""direction"": ""self""}]",n/a,Relationship,,1.0,False,,(city) related,"[{""tk"": ""city"", ""act"": 0.0}, {""tk"": ""Carolina"", ""act"": 0.0}, {""tk"": ""USA"", ""act"": 0.0}, {""tk"": ""is"", ""act"": 0.0}, {""tk"": ""Charleston"", ""act"": 0.0}, {""tk"": ""The"", ""act"": 0.0}, {""tk"": ""capital"", ""act"": 0.0}, {""tk"": ""of"", ""act"": 0.0}, {""tk"": ""Columbia"", ""act"": 0.0}, {""tk"": ""state"", ""act"": 0.0}, {""tk"": ""attribute"", ""act"": 0.0}, {""tk"": ""serving"", ""act"": 0.0}, {""tk"": ""government"", ""act"": 0.0}, {""tk"": ""located"", ""act"": 0.0}, {""tk"": ""containing"", ""act"": 0.0}]"
0_66754,0,66754,entity: The capital city of South Carolina is Columbia,<bos>,0,0.0,0.0,semantic,"[{""token"": ""<bos>"", ""index"": 0, ""distance"": 0, ""direction"": ""self""}]",n/a,Semantic,Dictionary,1.0,False,,containing,"[{""tk"": ""containing"", ""act"": 12.251155853271484}, {""tk"": ""city"", ""act"": 0.0}, {""tk"": ""Carolina"", ""act"": 0.0}, {""tk"": ""USA"", ""act"": 0.0}, {""tk"": ""is"", ""act"": 0.0}, {""tk"": ""Charleston"", ""act"": 0.0}, {""tk"": ""The"", ""act"": 0.0}, {""tk"": ""capital"", ""act"": 0.0}, {""tk"": ""of"", ""act"": 0.0}, {""tk"": ""Columbia"", ""act"": 0.0}, {""tk"": ""state"", ""act"": 0.0}, {""tk"": ""attribute"", ""act"": 0.0}, {""tk"": ""serving"", ""act"": 0.0}, {""tk"": ""government"", ""act"": 0.0}, {""tk"": ""located"", ""act"": 0.0}]"
0_67553,0,67553,entity: The capital city of South Carolina is Columbia,<bos>,0,0.0,0.0,semantic,"[{""token"": ""<bos>"", ""index"": 0, ""distance"": 0, ""direction"": ""self""}]",n/a,Semantic,Dictionary,1.0,False,,containing,"[{""tk"": ""containing"", ""act"": 16.307926177978516}, {""tk"": ""city"", ""act"": 0.0}, {""tk"": ""Carolina"", ""act"": 0.0}, {""tk"": ""USA"", ""act"": 0.0}, {""tk"": ""is"", ""act"": 0.0}, {""tk"": ""Charleston"", ""act"": 0.0}, {""tk"": ""The"", ""act"": 0.0}, {""tk"": ""capital"", ""act"": 0.0}, {""tk"": ""of"", ""act"": 0.0}, {""tk"": ""Columbia"", ""act"": 0.0}, {""tk"": ""state"", ""act"": 0.0}, {""tk"": ""attribute"", ""act"": 0.0}, {""tk"": ""serving"", ""act"": 0.0}, {""tk"": ""government"", ""act"": 0.0}, {""tk"": ""located"", ""act"": 0.0}]"
0_68367,0,68367,entity: The capital city of South Carolina is Columbia,<bos>,0,0.0,0.0,semantic,"[{""token"": ""<bos>"", ""index"": 0, ""distance"": 0, ""direction"": ""self""}]",n/a,Semantic,Dictionary,1.0,False,,Charleston,"[{""tk"": ""Charleston"", ""act"": 9.428169250488281}, {""tk"": ""city"", ""act"": 0.0}, {""tk"": ""Carolina"", ""act"": 0.0}, {""tk"": ""USA"", ""act"": 0.0}, {""tk"": ""is"", ""act"": 0.0}, {""tk"": ""The"", ""act"": 0.0}, {""tk"": ""capital"", ""act"": 0.0}, {""tk"": ""of"", ""act"": 0.0}, {""tk"": ""Columbia"", ""act"": 0.0}, {""tk"": ""state"", ""act"": 0.0}, {""tk"": ""attribute"", ""act"": 0.0}, {""tk"": ""serving"", ""act"": 0.0}, {""tk"": ""government"", ""act"": 0.0}, {""tk"": ""located"", ""act"": 0.0}, {""tk"": ""containing"", ""act"": 0.0}]"
0_73514,0,73514,entity: The capital city of South Carolina is Columbia,<bos>,0,0.0,0.0,semantic,"[{""token"": ""<bos>"", ""index"": 0, ""distance"": 0, ""direction"": ""self""}]",n/a,Relationship,,1.0,False,,(city) related,"[{""tk"": ""city"", ""act"": 0.0}, {""tk"": ""Carolina"", ""act"": 0.0}, {""tk"": ""USA"", ""act"": 0.0}, {""tk"": ""is"", ""act"": 0.0}, {""tk"": ""Charleston"", ""act"": 0.0}, {""tk"": ""The"", ""act"": 0.0}, {""tk"": ""capital"", ""act"": 0.0}, {""tk"": ""of"", ""act"": 0.0}, {""tk"": ""Columbia"", ""act"": 0.0}, {""tk"": ""state"", ""act"": 0.0}, {""tk"": ""attribute"", ""act"": 0.0}, {""tk"": ""serving"", ""act"": 0.0}, {""tk"": ""government"", ""act"": 0.0}, {""tk"": ""located"", ""act"": 0.0}, {""tk"": ""containing"", ""act"": 0.0}]"
0_73833,0,73833,entity: The capital city of South Carolina is Columbia,<bos>,0,0.0,0.0,semantic,"[{""token"": ""<bos>"", ""index"": 0, ""distance"": 0, ""direction"": ""self""}]",n/a,Semantic,Dictionary,1.0,False,,containing,"[{""tk"": ""containing"", ""act"": 11.570135116577148}, {""tk"": ""city"", ""act"": 0.0}, {""tk"": ""Carolina"", ""act"": 0.0}, {""tk"": ""USA"", ""act"": 0.0}, {""tk"": ""is"", ""act"": 0.0}, {""tk"": ""Charleston"", ""act"": 0.0}, {""tk"": ""The"", ""act"": 0.0}, {""tk"": ""capital"", ""act"": 0.0}, {""tk"": ""of"", ""act"": 0.0}, {""tk"": ""Columbia"", ""act"": 0.0}, {""tk"": ""state"", ""act"": 0.0}, {""tk"": ""attribute"", ""act"": 0.0}, {""tk"": ""serving"", ""act"": 0.0}, {""tk"": ""government"", ""act"": 0.0}, {""tk"": ""located"", ""act"": 0.0}]"
0_89265,0,89265,entity: The capital city of South Carolina is Columbia,<bos>,0,0.0,0.0,semantic,"[{""token"": ""<bos>"", ""index"": 0, ""distance"": 0, ""direction"": ""self""}]",n/a,Semantic,Dictionary (fallback),0.9,False,,the,"[{""tk"": ""the"", ""act"": 41.03260803222656}, {""tk"": ""city"", ""act"": 0.0}, {""tk"": ""Carolina"", ""act"": 0.0}, {""tk"": ""USA"", ""act"": 0.0}, {""tk"": ""is"", ""act"": 0.0}, {""tk"": ""Charleston"", ""act"": 0.0}, {""tk"": ""capital"", ""act"": 0.0}, {""tk"": ""of"", ""act"": 0.0}, {""tk"": ""Columbia"", ""act"": 0.0}, {""tk"": ""state"", ""act"": 0.0}, {""tk"": ""attribute"", ""act"": 0.0}, {""tk"": ""serving"", ""act"": 0.0}, {""tk"": ""government"", ""act"": 0.0}, {""tk"": ""located"", ""act"": 0.0}, {""tk"": ""containing"", ""act"": 0.0}]"
0_96776,0,96776,entity: The capital city of South Carolina is Columbia,<bos>,0,0.0,0.0,semantic,"[{""token"": ""<bos>"", ""index"": 0, ""distance"": 0, ""direction"": ""self""}]",n/a,Semantic,Dictionary,1.0,False,,Charleston,"[{""tk"": ""Charleston"", ""act"": 8.00781536102295}, {""tk"": ""city"", ""act"": 0.0}, {""tk"": ""Carolina"", ""act"": 0.0}, {""tk"": ""USA"", ""act"": 0.0}, {""tk"": ""is"", ""act"": 0.0}, {""tk"": ""The"", ""act"": 0.0}, {""tk"": ""capital"", ""act"": 0.0}, {""tk"": ""of"", ""act"": 0.0}, {""tk"": ""Columbia"", ""act"": 0.0}, {""tk"": ""state"", ""act"": 0.0}, {""tk"": ""attribute"", ""act"": 0.0}, {""tk"": ""serving"", ""act"": 0.0}, {""tk"": ""government"", ""act"": 0.0}, {""tk"": ""located"", ""act"": 0.0}, {""tk"": ""containing"", ""act"": 0.0}]"
1_12928,1,12928,entity: The capital city of South Carolina is Columbia,<bos>,0,424.16802978515625,0.7341698129376473,semantic,"[{""token"": ""<bos>"", ""index"": 0, ""distance"": 0, ""direction"": ""self""}]",n/a,Semantic,Dictionary (fallback),0.9,False,,Semantic (unknown),"[{""tk"": ""attribute"", ""act"": 116.61937713623047}, {""tk"": ""city"", ""act"": 102.33412170410156}, {""tk"": ""Columbia"", ""act"": 99.24443054199219}, {""tk"": ""Carolina"", ""act"": 94.60506439208984}, {""tk"": ""Charleston"", ""act"": 92.46700286865234}, {""tk"": ""state"", ""act"": 91.09199523925781}, {""tk"": ""is"", ""act"": 87.51624298095703}, {""tk"": ""government"", ""act"": 86.91158294677734}, {""tk"": ""the"", ""act"": 86.17095947265625}, {""tk"": ""located"", ""act"": 77.41014862060547}, {""tk"": ""USA"", ""act"": 75.30310821533203}, {""tk"": ""capital"", ""act"": 74.68241882324219}, {""tk"": ""of"", ""act"": 68.17405700683594}, {""tk"": ""serving"", ""act"": 64.7063980102539}, {""tk"": ""containing"", ""act"": 62.237648010253906}]"
1_57794,1,57794,entity: The capital city of South Carolina is Columbia,<bos>,0,388.9519348144531,0.7111740279194525,semantic,"[{""token"": ""<bos>"", ""index"": 0, ""distance"": 0, ""direction"": ""self""}]",n/a,Semantic,Dictionary (fallback),0.9,False,,Semantic (unknown),"[{""tk"": ""attribute"", ""act"": 125.1230239868164}, {""tk"": ""The"", ""act"": 90.81844329833984}, {""tk"": ""is"", ""act"": 86.76908111572266}, {""tk"": ""state"", ""act"": 85.2448959350586}, {""tk"": ""of"", ""act"": 81.49526977539062}, {""tk"": ""serving"", ""act"": 81.41454315185547}, {""tk"": ""Charleston"", ""act"": 80.3638687133789}, {""tk"": ""USA"", ""act"": 79.97205352783203}, {""tk"": ""city"", ""act"": 78.5748291015625}, {""tk"": ""government"", ""act"": 78.36383819580078}, {""tk"": ""capital"", ""act"": 77.23419952392578}, {""tk"": ""located"", ""act"": 75.95323944091797}, {""tk"": ""Carolina"", ""act"": 75.86783599853516}, {""tk"": ""containing"", ""act"": 74.69670104980469}, {""tk"": ""Columbia"", ""act"": 71.81240844726562}]"
1_52044,1,52044,entity: The capital city of South Carolina is Columbia, capital,4,111.7784652709961,0.4007058189659519,semantic,"[{""token"": "" capital"", ""index"": 4, ""distance"": 0, ""direction"": ""self""}]",n/a,Relationship,,1.0,False,,(containing) related,"[{""tk"": ""containing"", ""act"": 125.91358184814453}, {""tk"": ""capital"", ""act"": 118.56844329833984}, {""tk"": ""located"", ""act"": 115.86267852783203}, {""tk"": ""city"", ""act"": 112.72059631347656}, {""tk"": ""state"", ""act"": 110.67672729492188}, {""tk"": ""serving"", ""act"": 106.8580551147461}, {""tk"": ""USA"", ""act"": 103.16213989257812}, {""tk"": ""is"", ""act"": 96.33961486816406}, {""tk"": ""government"", ""act"": 92.29335021972656}, {""tk"": ""The"", ""act"": 81.9691162109375}, {""tk"": ""Carolina"", ""act"": 80.77632141113281}, {""tk"": ""of"", ""act"": 75.42842864990234}, {""tk"": ""Charleston"", ""act"": 67.51875305175781}, {""tk"": ""Columbia"", ""act"": 44.87030029296875}, {""tk"": ""attribute"", ""act"": 43.5494384765625}]"
1_72774,1,72774,entity: The capital city of South Carolina is Columbia, Columbia,10,95.98713684082033,0.3372294704679958,semantic,"[{""token"": "" Columbia"", ""index"": 10, ""distance"": 0, ""direction"": ""self""}]",n/a,Relationship,,1.0,False,,(serving) related,"[{""tk"": ""serving"", ""act"": 112.18031311035156}, {""tk"": ""capital"", ""act"": 102.21701049804688}, {""tk"": ""city"", ""act"": 98.39340209960938}, {""tk"": ""containing"", ""act"": 97.6826171875}, {""tk"": ""Columbia"", ""act"": 95.98713684082031}, {""tk"": ""state"", ""act"": 91.85028076171875}, {""tk"": ""is"", ""act"": 90.29220581054688}, {""tk"": ""Charleston"", ""act"": 87.18460083007812}, {""tk"": ""USA"", ""act"": 85.39593505859375}, {""tk"": ""government"", ""act"": 84.53697204589844}, {""tk"": ""located"", ""act"": 84.2203369140625}, {""tk"": ""the"", ""act"": 78.6541748046875}, {""tk"": ""of"", ""act"": 78.48052978515625}, {""tk"": ""Carolina"", ""act"": 64.49211120605469}, {""tk"": ""attribute"", ""act"": 23.17362403869629}]"
1_74380,1,74380,entity: The capital city of South Carolina is Columbia, capital,4,17.934070587158203,0.8970028468280178,semantic,"[{""token"": "" capital"", ""index"": 4, ""distance"": 0, ""direction"": ""self""}]",n/a,Semantic,Dictionary,1.0,False,,capital,"[{""tk"": ""capital"", ""act"": 17.934070587158203}, {""tk"": ""city"", ""act"": 0.0}, {""tk"": ""Carolina"", ""act"": 0.0}, {""tk"": ""USA"", ""act"": 0.0}, {""tk"": ""is"", ""act"": 0.0}, {""tk"": ""Charleston"", ""act"": 0.0}, {""tk"": ""The"", ""act"": 0.0}, {""tk"": ""of"", ""act"": 0.0}, {""tk"": ""Columbia"", ""act"": 0.0}, {""tk"": ""state"", ""act"": 0.0}, {""tk"": ""attribute"", ""act"": 0.0}, {""tk"": ""serving"", ""act"": 0.0}, {""tk"": ""government"", ""act"": 0.0}, {""tk"": ""located"", ""act"": 0.0}, {""tk"": ""containing"", ""act"": 0.0}]"
1_85217,1,85217,entity: The capital city of South Carolina is Columbia, capital,4,8.1768159866333,0.9090909090909092,semantic,"[{""token"": "" capital"", ""index"": 4, ""distance"": 0, ""direction"": ""self""}]",n/a,Semantic,Dictionary,1.0,False,,capital,"[{""tk"": ""capital"", ""act"": 20.99380874633789}, {""tk"": ""city"", ""act"": 0.0}, {""tk"": ""Carolina"", ""act"": 0.0}, {""tk"": ""USA"", ""act"": 0.0}, {""tk"": ""is"", ""act"": 0.0}, {""tk"": ""Charleston"", ""act"": 0.0}, {""tk"": ""The"", ""act"": 0.0}, {""tk"": ""of"", ""act"": 0.0}, {""tk"": ""Columbia"", ""act"": 0.0}, {""tk"": ""state"", ""act"": 0.0}, {""tk"": ""attribute"", ""act"": 0.0}, {""tk"": ""serving"", ""act"": 0.0}, {""tk"": ""government"", ""act"": 0.0}, {""tk"": ""located"", ""act"": 0.0}, {""tk"": ""containing"", ""act"": 0.0}]"
1_41482,1,41482,entity: The capital city of South Carolina is Columbia,<bos>,0,0.0,0.0,semantic,"[{""token"": ""<bos>"", ""index"": 0, ""distance"": 0, ""direction"": ""self""}]",n/a,Semantic,Dictionary,1.0,False,,Charleston,"[{""tk"": ""Charleston"", ""act"": 15.813238143920898}, {""tk"": ""city"", ""act"": 0.0}, {""tk"": ""Carolina"", ""act"": 0.0}, {""tk"": ""USA"", ""act"": 0.0}, {""tk"": ""is"", ""act"": 0.0}, {""tk"": ""The"", ""act"": 0.0}, {""tk"": ""capital"", ""act"": 0.0}, {""tk"": ""of"", ""act"": 0.0}, {""tk"": ""Columbia"", ""act"": 0.0}, {""tk"": ""state"", ""act"": 0.0}, {""tk"": ""attribute"", ""act"": 0.0}, {""tk"": ""serving"", ""act"": 0.0}, {""tk"": ""government"", ""act"": 0.0}, {""tk"": ""located"", ""act"": 0.0}, {""tk"": ""containing"", ""act"": 0.0}]"
1_64129,1,64129,entity: The capital city of South Carolina is Columbia,<bos>,0,0.0,0.0,semantic,"[{""token"": ""<bos>"", ""index"": 0, ""distance"": 0, ""direction"": ""self""}]",n/a,Relationship,,1.0,False,,(city) related,"[{""tk"": ""city"", ""act"": 0.0}, {""tk"": ""Carolina"", ""act"": 0.0}, {""tk"": ""USA"", ""act"": 0.0}, {""tk"": ""is"", ""act"": 0.0}, {""tk"": ""Charleston"", ""act"": 0.0}, {""tk"": ""The"", ""act"": 0.0}, {""tk"": ""capital"", ""act"": 0.0}, {""tk"": ""of"", ""act"": 0.0}, {""tk"": ""Columbia"", ""act"": 0.0}, {""tk"": ""state"", ""act"": 0.0}, {""tk"": ""attribute"", ""act"": 0.0}, {""tk"": ""serving"", ""act"": 0.0}, {""tk"": ""government"", ""act"": 0.0}, {""tk"": ""located"", ""act"": 0.0}, {""tk"": ""containing"", ""act"": 0.0}]"
1_92117,1,92117,entity: The capital city of South Carolina is Columbia,<bos>,0,0.0,0.0,semantic,"[{""token"": ""<bos>"", ""index"": 0, ""distance"": 0, ""direction"": ""self""}]",n/a,Semantic,Dictionary (fallback),0.9,False,,is,"[{""tk"": ""is"", ""act"": 0.20768213272094727}, {""tk"": ""city"", ""act"": 0.0}, {""tk"": ""Carolina"", ""act"": 0.0}, {""tk"": ""USA"", ""act"": 0.0}, {""tk"": ""Charleston"", ""act"": 0.0}, {""tk"": ""The"", ""act"": 0.0}, {""tk"": ""capital"", ""act"": 0.0}, {""tk"": ""of"", ""act"": 0.0}, {""tk"": ""Columbia"", ""act"": 0.0}, {""tk"": ""state"", ""act"": 0.0}, {""tk"": ""attribute"", ""act"": 0.0}, {""tk"": ""serving"", ""act"": 0.0}, {""tk"": ""government"", ""act"": 0.0}, {""tk"": ""located"", ""act"": 0.0}, {""tk"": ""containing"", ""act"": 0.0}]"
2_1890,2,1890,entity: The capital city of South Carolina is Columbia, capital,4,15.066326141357422,0.9090909090909092,semantic,"[{""token"": "" capital"", ""index"": 4, ""distance"": 0, ""direction"": ""self""}]",n/a,Semantic,Dictionary,1.0,False,,capital,"[{""tk"": ""capital"", ""act"": 25.489017486572266}, {""tk"": ""city"", ""act"": 0.0}, {""tk"": ""Carolina"", ""act"": 0.0}, {""tk"": ""USA"", ""act"": 0.0}, {""tk"": ""is"", ""act"": 0.0}, {""tk"": ""Charleston"", ""act"": 0.0}, {""tk"": ""The"", ""act"": 0.0}, {""tk"": ""of"", ""act"": 0.0}, {""tk"": ""Columbia"", ""act"": 0.0}, {""tk"": ""state"", ""act"": 0.0}, {""tk"": ""attribute"", ""act"": 0.0}, {""tk"": ""serving"", ""act"": 0.0}, {""tk"": ""government"", ""act"": 0.0}, {""tk"": ""located"", ""act"": 0.0}, {""tk"": ""containing"", ""act"": 0.0}]"
2_96724,2,96724,entity: The capital city of South Carolina is Columbia, Columbia,10,9.788034439086914,0.9090909090909092,semantic,"[{""token"": "" Columbia"", ""index"": 10, ""distance"": 0, ""direction"": ""self""}]",n/a,Semantic,Dictionary (fallback),0.9,False,,Charleston,"[{""tk"": ""Charleston"", ""act"": 22.84125518798828}, {""tk"": ""Columbia"", ""act"": 9.788034439086914}, {""tk"": ""city"", ""act"": 0.0}, {""tk"": ""Carolina"", ""act"": 0.0}, {""tk"": ""USA"", ""act"": 0.0}, {""tk"": ""is"", ""act"": 0.0}, {""tk"": ""The"", ""act"": 0.0}, {""tk"": ""capital"", ""act"": 0.0}, {""tk"": ""of"", ""act"": 0.0}, {""tk"": ""state"", ""act"": 0.0}, {""tk"": ""attribute"", ""act"": 0.0}, {""tk"": ""serving"", ""act"": 0.0}, {""tk"": ""government"", ""act"": 0.0}, {""tk"": ""located"", ""act"": 0.0}, {""tk"": ""containing"", ""act"": 0.0}]"
2_4865,2,4865,entity: The capital city of South Carolina is Columbia, capital,4,2.6949265003204346,0.9090909090909092,semantic,"[{""token"": "" capital"", ""index"": 4, ""distance"": 0, ""direction"": ""self""}]",n/a,Semantic,Dictionary,1.0,False,,capital,"[{""tk"": ""capital"", ""act"": 3.5495402812957764}, {""tk"": ""city"", ""act"": 0.0}, {""tk"": ""Carolina"", ""act"": 0.0}, {""tk"": ""USA"", ""act"": 0.0}, {""tk"": ""is"", ""act"": 0.0}, {""tk"": ""Charleston"", ""act"": 0.0}, {""tk"": ""The"", ""act"": 0.0}, {""tk"": ""of"", ""act"": 0.0}, {""tk"": ""Columbia"", ""act"": 0.0}, {""tk"": ""state"", ""act"": 0.0}, {""tk"": ""attribute"", ""act"": 0.0}, {""tk"": ""serving"", ""act"": 0.0}, {""tk"": ""government"", ""act"": 0.0}, {""tk"": ""located"", ""act"": 0.0}, {""tk"": ""containing"", ""act"": 0.0}]"
2_57996,2,57996,entity: The capital city of South Carolina is Columbia,<bos>,0,0.0,0.0,semantic,"[{""token"": ""<bos>"", ""index"": 0, ""distance"": 0, ""direction"": ""self""}]",n/a,Semantic,Dictionary,1.0,False,,Charleston,"[{""tk"": ""Charleston"", ""act"": 21.63900375366211}, {""tk"": ""city"", ""act"": 0.0}, {""tk"": ""Carolina"", ""act"": 0.0}, {""tk"": ""USA"", ""act"": 0.0}, {""tk"": ""is"", ""act"": 0.0}, {""tk"": ""The"", ""act"": 0.0}, {""tk"": ""capital"", ""act"": 0.0}, {""tk"": ""of"", ""act"": 0.0}, {""tk"": ""Columbia"", ""act"": 0.0}, {""tk"": ""state"", ""act"": 0.0}, {""tk"": ""attribute"", ""act"": 0.0}, {""tk"": ""serving"", ""act"": 0.0}, {""tk"": ""government"", ""act"": 0.0}, {""tk"": ""located"", ""act"": 0.0}, {""tk"": ""containing"", ""act"": 0.0}]"
3_52779,3,52779,entity: The capital city of South Carolina is Columbia,<bos>,0,57.88114547729492,0.9090909090909092,semantic,"[{""token"": ""<bos>"", ""index"": 0, ""distance"": 0, ""direction"": ""self""}]",n/a,Semantic,Dictionary (fallback),0.9,False,,Semantic (unknown),"[{""tk"": ""containing"", ""act"": 17.660171508789062}, {""tk"": ""the"", ""act"": 13.811017036437988}, {""tk"": ""is"", ""act"": 13.126309394836426}, {""tk"": ""city"", ""act"": 0.0}, {""tk"": ""Carolina"", ""act"": 0.0}, {""tk"": ""USA"", ""act"": 0.0}, {""tk"": ""Charleston"", ""act"": 0.0}, {""tk"": ""capital"", ""act"": 0.0}, {""tk"": ""of"", ""act"": 0.0}, {""tk"": ""Columbia"", ""act"": 0.0}, {""tk"": ""state"", ""act"": 0.0}, {""tk"": ""attribute"", ""act"": 0.0}, {""tk"": ""serving"", ""act"": 0.0}, {""tk"": ""government"", ""act"": 0.0}, {""tk"": ""located"", ""act"": 0.0}]"
3_28747,3,28747,entity: The capital city of South Carolina is Columbia, of,6,17.464412689208984,0.9028954737402136,functional,"[{""token"": "" city"", ""index"": 5, ""distance"": 1, ""direction"": ""backward""}]",json,Semantic,Dictionary (fallback),0.9,False,,of,"[{""tk"": ""of"", ""act"": 17.464412689208984}, {""tk"": ""is"", ""act"": 1.1901960372924805}, {""tk"": ""city"", ""act"": 0.0}, {""tk"": ""Carolina"", ""act"": 0.0}, {""tk"": ""USA"", ""act"": 0.0}, {""tk"": ""Charleston"", ""act"": 0.0}, {""tk"": ""The"", ""act"": 0.0}, {""tk"": ""capital"", ""act"": 0.0}, {""tk"": ""Columbia"", ""act"": 0.0}, {""tk"": ""state"", ""act"": 0.0}, {""tk"": ""attribute"", ""act"": 0.0}, {""tk"": ""serving"", ""act"": 0.0}, {""tk"": ""government"", ""act"": 0.0}, {""tk"": ""located"", ""act"": 0.0}, {""tk"": ""containing"", ""act"": 0.0}]"
3_13967,3,13967,entity: The capital city of South Carolina is Columbia, of,6,11.243531227111816,0.8402057630180286,functional,"[{""token"": "" city"", ""index"": 5, ""distance"": 1, ""direction"": ""backward""}]",json,Semantic,Dictionary (fallback),0.9,False,,of,"[{""tk"": ""of"", ""act"": 11.243531227111816}, {""tk"": ""is"", ""act"": 8.519635200500488}, {""tk"": ""the"", ""act"": 0.35361218452453613}, {""tk"": ""city"", ""act"": 0.0}, {""tk"": ""Carolina"", ""act"": 0.0}, {""tk"": ""USA"", ""act"": 0.0}, {""tk"": ""Charleston"", ""act"": 0.0}, {""tk"": ""capital"", ""act"": 0.0}, {""tk"": ""Columbia"", ""act"": 0.0}, {""tk"": ""state"", ""act"": 0.0}, {""tk"": ""attribute"", ""act"": 0.0}, {""tk"": ""serving"", ""act"": 0.0}, {""tk"": ""government"", ""act"": 0.0}, {""tk"": ""located"", ""act"": 0.0}, {""tk"": ""containing"", ""act"": 0.0}]"
3_91022,3,91022,entity: The capital city of South Carolina is Columbia,<bos>,0,11.15066909790039,0.9090909090909092,semantic,"[{""token"": ""<bos>"", ""index"": 0, ""distance"": 0, ""direction"": ""self""}]",n/a,Semantic,Dictionary (fallback),0.9,False,,Semantic (unknown),"[{""tk"": ""containing"", ""act"": 6.780716419219971}, {""tk"": ""serving"", ""act"": 5.3664069175720215}, {""tk"": ""city"", ""act"": 0.0}, {""tk"": ""Carolina"", ""act"": 0.0}, {""tk"": ""USA"", ""act"": 0.0}, {""tk"": ""is"", ""act"": 0.0}, {""tk"": ""Charleston"", ""act"": 0.0}, {""tk"": ""The"", ""act"": 0.0}, {""tk"": ""capital"", ""act"": 0.0}, {""tk"": ""of"", ""act"": 0.0}, {""tk"": ""Columbia"", ""act"": 0.0}, {""tk"": ""state"", ""act"": 0.0}, {""tk"": ""attribute"", ""act"": 0.0}, {""tk"": ""government"", ""act"": 0.0}, {""tk"": ""located"", ""act"": 0.0}]"
3_93843,3,93843,entity: The capital city of South Carolina is Columbia, is,9,6.00816822052002,0.9090909090909092,functional,"[{""token"": "" Columbia"", ""index"": 10, ""distance"": 1, ""direction"": ""forward""}]",json,Semantic,Dictionary (fallback),0.9,False,,is,"[{""tk"": ""is"", ""act"": 6.0081682205200195}, {""tk"": ""city"", ""act"": 0.0}, {""tk"": ""Carolina"", ""act"": 0.0}, {""tk"": ""USA"", ""act"": 0.0}, {""tk"": ""Charleston"", ""act"": 0.0}, {""tk"": ""The"", ""act"": 0.0}, {""tk"": ""capital"", ""act"": 0.0}, {""tk"": ""of"", ""act"": 0.0}, {""tk"": ""Columbia"", ""act"": 0.0}, {""tk"": ""state"", ""act"": 0.0}, {""tk"": ""attribute"", ""act"": 0.0}, {""tk"": ""serving"", ""act"": 0.0}, {""tk"": ""government"", ""act"": 0.0}, {""tk"": ""located"", ""act"": 0.0}, {""tk"": ""containing"", ""act"": 0.0}]"
3_46428,3,46428,entity: The capital city of South Carolina is Columbia,<bos>,0,1.9693604707717896,0.9090909090909092,semantic,"[{""token"": ""<bos>"", ""index"": 0, ""distance"": 0, ""direction"": ""self""}]",n/a,Semantic,Dictionary (fallback),0.9,False,,Semantic (unknown),"[{""tk"": ""city"", ""act"": 0.0}, {""tk"": ""Carolina"", ""act"": 0.0}, {""tk"": ""USA"", ""act"": 0.0}, {""tk"": ""is"", ""act"": 0.0}, {""tk"": ""Charleston"", ""act"": 0.0}, {""tk"": ""The"", ""act"": 0.0}, {""tk"": ""capital"", ""act"": 0.0}, {""tk"": ""of"", ""act"": 0.0}, {""tk"": ""Columbia"", ""act"": 0.0}, {""tk"": ""state"", ""act"": 0.0}, {""tk"": ""attribute"", ""act"": 0.0}, {""tk"": ""serving"", ""act"": 0.0}, {""tk"": ""government"", ""act"": 0.0}, {""tk"": ""located"", ""act"": 0.0}, {""tk"": ""containing"", ""act"": 0.0}]"
4_3920,4,3920,entity: The capital city of South Carolina is Columbia,<bos>,0,159.3799591064453,0.8936858291329904,semantic,"[{""token"": ""<bos>"", ""index"": 0, ""distance"": 0, ""direction"": ""self""}]",n/a,Semantic,Concept,0.7,False,,Semantic (unknown),"[{""tk"": ""attribute"", ""act"": 19.900348663330078}, {""tk"": ""city"", ""act"": 0.0}, {""tk"": ""Carolina"", ""act"": 0.0}, {""tk"": ""USA"", ""act"": 0.0}, {""tk"": ""is"", ""act"": 0.0}, {""tk"": ""Charleston"", ""act"": 0.0}, {""tk"": ""The"", ""act"": 0.0}, {""tk"": ""capital"", ""act"": 0.0}, {""tk"": ""of"", ""act"": 0.0}, {""tk"": ""Columbia"", ""act"": 0.0}, {""tk"": ""state"", ""act"": 0.0}, {""tk"": ""serving"", ""act"": 0.0}, {""tk"": ""government"", ""act"": 0.0}, {""tk"": ""located"", ""act"": 0.0}, {""tk"": ""containing"", ""act"": 0.0}]"
4_55831,4,55831,entity: The capital city of South Carolina is Columbia, capital,4,29.359546661376957,0.86512657068268,semantic,"[{""token"": "" capital"", ""index"": 4, ""distance"": 0, ""direction"": ""self""}]",n/a,Semantic,Dictionary,1.0,False,,capital,"[{""tk"": ""capital"", ""act"": 29.359546661376953}, {""tk"": ""city"", ""act"": 11.154122352600098}, {""tk"": ""is"", ""act"": 3.0443811416625977}, {""tk"": ""Carolina"", ""act"": 0.0}, {""tk"": ""USA"", ""act"": 0.0}, {""tk"": ""Charleston"", ""act"": 0.0}, {""tk"": ""The"", ""act"": 0.0}, {""tk"": ""of"", ""act"": 0.0}, {""tk"": ""Columbia"", ""act"": 0.0}, {""tk"": ""state"", ""act"": 0.0}, {""tk"": ""attribute"", ""act"": 0.0}, {""tk"": ""serving"", ""act"": 0.0}, {""tk"": ""government"", ""act"": 0.0}, {""tk"": ""located"", ""act"": 0.0}, {""tk"": ""containing"", ""act"": 0.0}]"
4_83635,4,83635,entity: The capital city of South Carolina is Columbia, capital,4,21.525239944458008,0.5676616863222818,semantic,"[{""token"": "" capital"", ""index"": 4, ""distance"": 0, ""direction"": ""self""}]",n/a,Semantic,Concept,0.7,False,,city,"[{""tk"": ""city"", ""act"": 29.045270919799805}, {""tk"": ""attribute"", ""act"": 28.14508056640625}, {""tk"": ""Carolina"", ""act"": 22.328332901000977}, {""tk"": ""capital"", ""act"": 21.525239944458008}, {""tk"": ""state"", ""act"": 19.251550674438477}, {""tk"": ""Charleston"", ""act"": 17.917591094970703}, {""tk"": ""USA"", ""act"": 16.147647857666016}, {""tk"": ""government"", ""act"": 13.456141471862793}, {""tk"": ""Columbia"", ""act"": 8.776371002197266}, {""tk"": ""of"", ""act"": 8.01102066040039}, {""tk"": ""containing"", ""act"": 7.884756565093994}, {""tk"": ""located"", ""act"": 6.051679611206055}, {""tk"": ""is"", ""act"": 5.889745235443115}, {""tk"": ""The"", ""act"": 0.0}, {""tk"": ""serving"", ""act"": 0.0}]"
4_52384,4,52384,entity: The capital city of South Carolina is Columbia, of,6,19.165246963500977,0.7617615459241679,functional,"[{""token"": "" city"", ""index"": 5, ""distance"": 1, ""direction"": ""backward""}]",json,Semantic,Concept,0.6,False,,Semantic (unknown),"[{""tk"": ""of"", ""act"": 19.165246963500977}, {""tk"": ""Carolina"", ""act"": 12.880584716796875}, {""tk"": ""is"", ""act"": 1.836683750152588}, {""tk"": ""state"", ""act"": 1.426936149597168}, {""tk"": ""city"", ""act"": 0.0}, {""tk"": ""USA"", ""act"": 0.0}, {""tk"": ""Charleston"", ""act"": 0.0}, {""tk"": ""The"", ""act"": 0.0}, {""tk"": ""capital"", ""act"": 0.0}, {""tk"": ""Columbia"", ""act"": 0.0}, {""tk"": ""attribute"", ""act"": 0.0}, {""tk"": ""serving"", ""act"": 0.0}, {""tk"": ""government"", ""act"": 0.0}, {""tk"": ""located"", ""act"": 0.0}, {""tk"": ""containing"", ""act"": 0.0}]"
4_97813,4,97813,entity: The capital city of South Carolina is Columbia, city,5,13.028558731079102,0.7713567391108562,semantic,"[{""token"": "" city"", ""index"": 5, ""distance"": 0, ""direction"": ""self""}]",n/a,Semantic,Concept,0.7,False,,government,"[{""tk"": ""government"", ""act"": 17.90291976928711}, {""tk"": ""of"", ""act"": 14.3899507522583}, {""tk"": ""city"", ""act"": 13.028558731079102}, {""tk"": ""capital"", ""act"": 10.718213081359863}, {""tk"": ""is"", ""act"": 3.9596290588378906}, {""tk"": ""the"", ""act"": 1.4474035501480103}, {""tk"": ""Carolina"", ""act"": 0.0}, {""tk"": ""USA"", ""act"": 0.0}, {""tk"": ""Charleston"", ""act"": 0.0}, {""tk"": ""Columbia"", ""act"": 0.0}, {""tk"": ""state"", ""act"": 0.0}, {""tk"": ""attribute"", ""act"": 0.0}, {""tk"": ""serving"", ""act"": 0.0}, {""tk"": ""located"", ""act"": 0.0}, {""tk"": ""containing"", ""act"": 0.0}]"
4_3432,4,3432,entity: The capital city of South Carolina is Columbia, is,9,12.36729621887207,0.9090909090909092,functional,"[{""token"": "" Columbia"", ""index"": 10, ""distance"": 1, ""direction"": ""forward""}]",json,Semantic,Ambiguous,0.3,True,"Ambiguous: peak_cons=0.50, n_peaks=1, func_vs_sem=100.0%, layer=4",is,"[{""tk"": ""is"", ""act"": 16.331043243408203}, {""tk"": ""city"", ""act"": 0.0}, {""tk"": ""Carolina"", ""act"": 0.0}, {""tk"": ""USA"", ""act"": 0.0}, {""tk"": ""Charleston"", ""act"": 0.0}, {""tk"": ""The"", ""act"": 0.0}, {""tk"": ""capital"", ""act"": 0.0}, {""tk"": ""of"", ""act"": 0.0}, {""tk"": ""Columbia"", ""act"": 0.0}, {""tk"": ""state"", ""act"": 0.0}, {""tk"": ""attribute"", ""act"": 0.0}, {""tk"": ""serving"", ""act"": 0.0}, {""tk"": ""government"", ""act"": 0.0}, {""tk"": ""located"", ""act"": 0.0}, {""tk"": ""containing"", ""act"": 0.0}]"
4_58113,4,58113,entity: The capital city of South Carolina is Columbia, of,6,6.1291046142578125,0.8009506366150821,functional,"[{""token"": "" city"", ""index"": 5, ""distance"": 1, ""direction"": ""backward""}]",json,Semantic,Concept,0.7077726636889586,False,,city,"[{""tk"": ""city"", ""act"": 8.659708023071289}, {""tk"": ""of"", ""act"": 6.1291046142578125}, {""tk"": ""is"", ""act"": 4.793331146240234}, {""tk"": ""containing"", ""act"": 0.11254596710205078}, {""tk"": ""Carolina"", ""act"": 0.0}, {""tk"": ""USA"", ""act"": 0.0}, {""tk"": ""Charleston"", ""act"": 0.0}, {""tk"": ""The"", ""act"": 0.0}, {""tk"": ""capital"", ""act"": 0.0}, {""tk"": ""Columbia"", ""act"": 0.0}, {""tk"": ""state"", ""act"": 0.0}, {""tk"": ""attribute"", ""act"": 0.0}, {""tk"": ""serving"", ""act"": 0.0}, {""tk"": ""government"", ""act"": 0.0}, {""tk"": ""located"", ""act"": 0.0}]"
4_54078,4,54078,entity: The capital city of South Carolina is Columbia,<bos>,0,0.0,0.0,semantic,"[{""token"": ""<bos>"", ""index"": 0, ""distance"": 0, ""direction"": ""self""}]",n/a,Relationship,,1.0,False,,(city) related,"[{""tk"": ""city"", ""act"": 0.0}, {""tk"": ""Carolina"", ""act"": 0.0}, {""tk"": ""USA"", ""act"": 0.0}, {""tk"": ""is"", ""act"": 0.0}, {""tk"": ""Charleston"", ""act"": 0.0}, {""tk"": ""The"", ""act"": 0.0}, {""tk"": ""capital"", ""act"": 0.0}, {""tk"": ""of"", ""act"": 0.0}, {""tk"": ""Columbia"", ""act"": 0.0}, {""tk"": ""state"", ""act"": 0.0}, {""tk"": ""attribute"", ""act"": 0.0}, {""tk"": ""serving"", ""act"": 0.0}, {""tk"": ""government"", ""act"": 0.0}, {""tk"": ""located"", ""act"": 0.0}, {""tk"": ""containing"", ""act"": 0.0}]"
4_70409,4,70409,entity: The capital city of South Carolina is Columbia,<bos>,0,0.0,0.0,semantic,"[{""token"": ""<bos>"", ""index"": 0, ""distance"": 0, ""direction"": ""self""}]",n/a,Semantic,Dictionary,1.0,False,,containing,"[{""tk"": ""containing"", ""act"": 9.570971488952637}, {""tk"": ""city"", ""act"": 0.0}, {""tk"": ""Carolina"", ""act"": 0.0}, {""tk"": ""USA"", ""act"": 0.0}, {""tk"": ""is"", ""act"": 0.0}, {""tk"": ""Charleston"", ""act"": 0.0}, {""tk"": ""The"", ""act"": 0.0}, {""tk"": ""capital"", ""act"": 0.0}, {""tk"": ""of"", ""act"": 0.0}, {""tk"": ""Columbia"", ""act"": 0.0}, {""tk"": ""state"", ""act"": 0.0}, {""tk"": ""attribute"", ""act"": 0.0}, {""tk"": ""serving"", ""act"": 0.0}, {""tk"": ""government"", ""act"": 0.0}, {""tk"": ""located"", ""act"": 0.0}]"
5_1551,5,1551,entity: The capital city of South Carolina is Columbia,<bos>,0,161.51025390625,0.887752059363425,semantic,"[{""token"": ""<bos>"", ""index"": 0, ""distance"": 0, ""direction"": ""self""}]",n/a,Semantic,Concept,0.7,False,,Semantic (unknown),"[{""tk"": ""attribute"", ""act"": 39.44136428833008}, {""tk"": ""city"", ""act"": 0.0}, {""tk"": ""Carolina"", ""act"": 0.0}, {""tk"": ""USA"", ""act"": 0.0}, {""tk"": ""is"", ""act"": 0.0}, {""tk"": ""Charleston"", ""act"": 0.0}, {""tk"": ""The"", ""act"": 0.0}, {""tk"": ""capital"", ""act"": 0.0}, {""tk"": ""of"", ""act"": 0.0}, {""tk"": ""Columbia"", ""act"": 0.0}, {""tk"": ""state"", ""act"": 0.0}, {""tk"": ""serving"", ""act"": 0.0}, {""tk"": ""government"", ""act"": 0.0}, {""tk"": ""located"", ""act"": 0.0}, {""tk"": ""containing"", ""act"": 0.0}]"
5_95640,5,95640,entity: The capital city of South Carolina is Columbia,<bos>,0,139.22251892089844,0.8930887064994208,semantic,"[{""token"": ""<bos>"", ""index"": 0, ""distance"": 0, ""direction"": ""self""}]",n/a,Semantic,Concept,0.7,False,,Semantic (unknown),"[{""tk"": ""attribute"", ""act"": 23.3470401763916}, {""tk"": ""city"", ""act"": 0.0}, {""tk"": ""Carolina"", ""act"": 0.0}, {""tk"": ""USA"", ""act"": 0.0}, {""tk"": ""is"", ""act"": 0.0}, {""tk"": ""Charleston"", ""act"": 0.0}, {""tk"": ""The"", ""act"": 0.0}, {""tk"": ""capital"", ""act"": 0.0}, {""tk"": ""of"", ""act"": 0.0}, {""tk"": ""Columbia"", ""act"": 0.0}, {""tk"": ""state"", ""act"": 0.0}, {""tk"": ""serving"", ""act"": 0.0}, {""tk"": ""government"", ""act"": 0.0}, {""tk"": ""located"", ""act"": 0.0}, {""tk"": ""containing"", ""act"": 0.0}]"
5_32184,5,32184,entity: The capital city of South Carolina is Columbia, of,6,32.639617919921875,0.848464837044731,functional,"[{""token"": "" city"", ""index"": 5, ""distance"": 1, ""direction"": ""backward""}]",json,Semantic,Ambiguous,0.3,True,"Ambiguous: peak_cons=0.33, n_peaks=3, func_vs_sem=51.1%, layer=5",capital,"[{""tk"": ""of"", ""act"": 32.639617919921875}, {""tk"": ""capital"", ""act"": 15.967439651489258}, {""tk"": ""city"", ""act"": 14.918037414550781}, {""tk"": ""is"", ""act"": 1.9149665832519531}, {""tk"": ""Carolina"", ""act"": 0.0}, {""tk"": ""USA"", ""act"": 0.0}, {""tk"": ""Charleston"", ""act"": 0.0}, {""tk"": ""The"", ""act"": 0.0}, {""tk"": ""Columbia"", ""act"": 0.0}, {""tk"": ""state"", ""act"": 0.0}, {""tk"": ""attribute"", ""act"": 0.0}, {""tk"": ""serving"", ""act"": 0.0}, {""tk"": ""government"", ""act"": 0.0}, {""tk"": ""located"", ""act"": 0.0}, {""tk"": ""containing"", ""act"": 0.0}]"
5_51213,5,51213,entity: The capital city of South Carolina is Columbia, of,6,18.14890480041504,0.8134831720377607,functional,"[{""token"": "" city"", ""index"": 5, ""distance"": 1, ""direction"": ""backward""}]",json,Semantic,Ambiguous,0.3,True,"Ambiguous: peak_cons=1.00, n_peaks=3, func_vs_sem=69.9%, layer=5",capital,"[{""tk"": ""of"", ""act"": 18.14890480041504}, {""tk"": ""city"", ""act"": 8.983392715454102}, {""tk"": ""is"", ""act"": 6.242134094238281}, {""tk"": ""capital"", ""act"": 5.454928398132324}, {""tk"": ""government"", ""act"": 1.9978015422821045}, {""tk"": ""Carolina"", ""act"": 0.0}, {""tk"": ""USA"", ""act"": 0.0}, {""tk"": ""Charleston"", ""act"": 0.0}, {""tk"": ""The"", ""act"": 0.0}, {""tk"": ""Columbia"", ""act"": 0.0}, {""tk"": ""state"", ""act"": 0.0}, {""tk"": ""attribute"", ""act"": 0.0}, {""tk"": ""serving"", ""act"": 0.0}, {""tk"": ""located"", ""act"": 0.0}, {""tk"": ""containing"", ""act"": 0.0}]"
5_34406,5,34406,entity: The capital city of South Carolina is Columbia, is,9,1.3381986618041992,0.9090909090909092,functional,"[{""token"": "" Columbia"", ""index"": 10, ""distance"": 1, ""direction"": ""forward""}]",json,Semantic,Ambiguous,0.3,True,"Ambiguous: peak_cons=0.17, n_peaks=1, func_vs_sem=100.0%, layer=5",is,"[{""tk"": ""is"", ""act"": 1.3381986618041992}, {""tk"": ""city"", ""act"": 0.0}, {""tk"": ""Carolina"", ""act"": 0.0}, {""tk"": ""USA"", ""act"": 0.0}, {""tk"": ""Charleston"", ""act"": 0.0}, {""tk"": ""The"", ""act"": 0.0}, {""tk"": ""capital"", ""act"": 0.0}, {""tk"": ""of"", ""act"": 0.0}, {""tk"": ""Columbia"", ""act"": 0.0}, {""tk"": ""state"", ""act"": 0.0}, {""tk"": ""attribute"", ""act"": 0.0}, {""tk"": ""serving"", ""act"": 0.0}, {""tk"": ""government"", ""act"": 0.0}, {""tk"": ""located"", ""act"": 0.0}, {""tk"": ""containing"", ""act"": 0.0}]"
5_4901,5,4901,entity: The capital city of South Carolina is Columbia,<bos>,0,0.0,0.0,semantic,"[{""token"": ""<bos>"", ""index"": 0, ""distance"": 0, ""direction"": ""self""}]",n/a,Semantic,Ambiguous,0.3,True,"Ambiguous: peak_cons=0.17, n_peaks=1, func_vs_sem=100.0%, layer=5",is,"[{""tk"": ""is"", ""act"": 6.10368013381958}, {""tk"": ""city"", ""act"": 0.0}, {""tk"": ""Carolina"", ""act"": 0.0}, {""tk"": ""USA"", ""act"": 0.0}, {""tk"": ""Charleston"", ""act"": 0.0}, {""tk"": ""The"", ""act"": 0.0}, {""tk"": ""capital"", ""act"": 0.0}, {""tk"": ""of"", ""act"": 0.0}, {""tk"": ""Columbia"", ""act"": 0.0}, {""tk"": ""state"", ""act"": 0.0}, {""tk"": ""attribute"", ""act"": 0.0}, {""tk"": ""serving"", ""act"": 0.0}, {""tk"": ""government"", ""act"": 0.0}, {""tk"": ""located"", ""act"": 0.0}, {""tk"": ""containing"", ""act"": 0.0}]"
6_22143,6,22143,entity: The capital city of South Carolina is Columbia, capital,4,27.022661209106445,0.5597617252450423,semantic,"[{""token"": "" capital"", ""index"": 4, ""distance"": 0, ""direction"": ""self""}]",n/a,Semantic,Concept,0.7,False,,USA,"[{""tk"": ""USA"", ""act"": 30.252552032470703}, {""tk"": ""capital"", ""act"": 27.022661209106445}, {""tk"": ""attribute"", ""act"": 25.566389083862305}, {""tk"": ""Carolina"", ""act"": 19.76822280883789}, {""tk"": ""city"", ""act"": 17.3726863861084}, {""tk"": ""is"", ""act"": 16.952861785888672}, {""tk"": ""Charleston"", ""act"": 14.533989906311035}, {""tk"": ""state"", ""act"": 13.70422649383545}, {""tk"": ""the"", ""act"": 13.393610000610352}, {""tk"": ""located"", ""act"": 5.484473705291748}, {""tk"": ""Columbia"", ""act"": 3.7098124027252197}, {""tk"": ""of"", ""act"": 0.0}, {""tk"": ""serving"", ""act"": 0.0}, {""tk"": ""government"", ""act"": 0.0}, {""tk"": ""containing"", ""act"": 0.0}]"
6_88903,6,88903,entity: The capital city of South Carolina is Columbia, city,5,8.214269638061523,0.7977740250247224,semantic,"[{""token"": "" city"", ""index"": 5, ""distance"": 0, ""direction"": ""self""}]",n/a,Semantic,Concept,0.7,False,,city,"[{""tk"": ""city"", ""act"": 8.214269638061523}, {""tk"": ""capital"", ""act"": 3.832763910293579}, {""tk"": ""is"", ""act"": 3.7045490741729736}, {""tk"": ""Charleston"", ""act"": 3.211235284805298}, {""tk"": ""Columbia"", ""act"": 2.5209429264068604}, {""tk"": ""Carolina"", ""act"": 0.0}, {""tk"": ""USA"", ""act"": 0.0}, {""tk"": ""The"", ""act"": 0.0}, {""tk"": ""of"", ""act"": 0.0}, {""tk"": ""state"", ""act"": 0.0}, {""tk"": ""attribute"", ""act"": 0.0}, {""tk"": ""serving"", ""act"": 0.0}, {""tk"": ""government"", ""act"": 0.0}, {""tk"": ""located"", ""act"": 0.0}, {""tk"": ""containing"", ""act"": 0.0}]"
6_34521,6,34521,entity: The capital city of South Carolina is Columbia, Carolina,8,7.1403985023498535,0.9090909090909092,semantic,"[{""token"": "" Carolina"", ""index"": 8, ""distance"": 0, ""direction"": ""self""}]",n/a,Semantic,Concept,0.7,False,,Carolina,"[{""tk"": ""Carolina"", ""act"": 7.996774196624756}, {""tk"": ""city"", ""act"": 0.0}, {""tk"": ""USA"", ""act"": 0.0}, {""tk"": ""is"", ""act"": 0.0}, {""tk"": ""Charleston"", ""act"": 0.0}, {""tk"": ""The"", ""act"": 0.0}, {""tk"": ""capital"", ""act"": 0.0}, {""tk"": ""of"", ""act"": 0.0}, {""tk"": ""Columbia"", ""act"": 0.0}, {""tk"": ""state"", ""act"": 0.0}, {""tk"": ""attribute"", ""act"": 0.0}, {""tk"": ""serving"", ""act"": 0.0}, {""tk"": ""government"", ""act"": 0.0}, {""tk"": ""located"", ""act"": 0.0}, {""tk"": ""containing"", ""act"": 0.0}]"
6_72419,6,72419,entity: The capital city of South Carolina is Columbia, of,6,0.943068504333496,0.9090909090909092,functional,"[{""token"": "" city"", ""index"": 5, ""distance"": 1, ""direction"": ""backward""}]",json,Semantic,Concept,0.7,False,,serving,"[{""tk"": ""serving"", ""act"": 4.5303850173950195}, {""tk"": ""the"", ""act"": 1.4751348495483398}, {""tk"": ""of"", ""act"": 0.9430685043334961}, {""tk"": ""is"", ""act"": 0.31030964851379395}, {""tk"": ""city"", ""act"": 0.0}, {""tk"": ""Carolina"", ""act"": 0.0}, {""tk"": ""USA"", ""act"": 0.0}, {""tk"": ""Charleston"", ""act"": 0.0}, {""tk"": ""capital"", ""act"": 0.0}, {""tk"": ""Columbia"", ""act"": 0.0}, {""tk"": ""state"", ""act"": 0.0}, {""tk"": ""attribute"", ""act"": 0.0}, {""tk"": ""government"", ""act"": 0.0}, {""tk"": ""located"", ""act"": 0.0}, {""tk"": ""containing"", ""act"": 0.0}]"
6_6574,6,6574,entity: The capital city of South Carolina is Columbia, is,9,0.3522922992706299,0.9090909090909092,functional,"[{""token"": "" Columbia"", ""index"": 10, ""distance"": 1, ""direction"": ""forward""}]",json,Semantic,Ambiguous,0.3,True,"Ambiguous: peak_cons=0.17, n_peaks=1, func_vs_sem=100.0%, layer=6",is,"[{""tk"": ""is"", ""act"": 0.3522922992706299}, {""tk"": ""city"", ""act"": 0.0}, {""tk"": ""Carolina"", ""act"": 0.0}, {""tk"": ""USA"", ""act"": 0.0}, {""tk"": ""Charleston"", ""act"": 0.0}, {""tk"": ""The"", ""act"": 0.0}, {""tk"": ""capital"", ""act"": 0.0}, {""tk"": ""of"", ""act"": 0.0}, {""tk"": ""Columbia"", ""act"": 0.0}, {""tk"": ""state"", ""act"": 0.0}, {""tk"": ""attribute"", ""act"": 0.0}, {""tk"": ""serving"", ""act"": 0.0}, {""tk"": ""government"", ""act"": 0.0}, {""tk"": ""located"", ""act"": 0.0}, {""tk"": ""containing"", ""act"": 0.0}]"
6_79147,6,79147,entity: The capital city of South Carolina is Columbia, Carolina,8,0.1521699428558349,0.9090909090909092,semantic,"[{""token"": "" Carolina"", ""index"": 8, ""distance"": 0, ""direction"": ""self""}]",n/a,Semantic,Concept,0.7,False,,state,"[{""tk"": ""state"", ""act"": 10.488859176635742}, {""tk"": ""is"", ""act"": 4.6693034172058105}, {""tk"": ""Carolina"", ""act"": 0.19619321823120117}, {""tk"": ""city"", ""act"": 0.0}, {""tk"": ""USA"", ""act"": 0.0}, {""tk"": ""Charleston"", ""act"": 0.0}, {""tk"": ""The"", ""act"": 0.0}, {""tk"": ""capital"", ""act"": 0.0}, {""tk"": ""of"", ""act"": 0.0}, {""tk"": ""Columbia"", ""act"": 0.0}, {""tk"": ""attribute"", ""act"": 0.0}, {""tk"": ""serving"", ""act"": 0.0}, {""tk"": ""government"", ""act"": 0.0}, {""tk"": ""located"", ""act"": 0.0}, {""tk"": ""containing"", ""act"": 0.0}]"
6_23862,6,23862,entity: The capital city of South Carolina is Columbia,<bos>,0,0.0,0.0,semantic,"[{""token"": ""<bos>"", ""index"": 0, ""distance"": 0, ""direction"": ""self""}]",n/a,Relationship,,1.0,False,,(city) related,"[{""tk"": ""city"", ""act"": 0.0}, {""tk"": ""Carolina"", ""act"": 0.0}, {""tk"": ""USA"", ""act"": 0.0}, {""tk"": ""is"", ""act"": 0.0}, {""tk"": ""Charleston"", ""act"": 0.0}, {""tk"": ""The"", ""act"": 0.0}, {""tk"": ""capital"", ""act"": 0.0}, {""tk"": ""of"", ""act"": 0.0}, {""tk"": ""Columbia"", ""act"": 0.0}, {""tk"": ""state"", ""act"": 0.0}, {""tk"": ""attribute"", ""act"": 0.0}, {""tk"": ""serving"", ""act"": 0.0}, {""tk"": ""government"", ""act"": 0.0}, {""tk"": ""located"", ""act"": 0.0}, {""tk"": ""containing"", ""act"": 0.0}]"
7_66851,7,66851,entity: The capital city of South Carolina is Columbia, capital,4,51.12392044067383,0.439532357859513,semantic,"[{""token"": "" capital"", ""index"": 4, ""distance"": 0, ""direction"": ""self""}]",n/a,Relationship,,1.0,False,,(capital) related,"[{""tk"": ""capital"", ""act"": 51.12392044067383}, {""tk"": ""The"", ""act"": 49.53570556640625}, {""tk"": ""city"", ""act"": 47.1239128112793}, {""tk"": ""attribute"", ""act"": 44.321834564208984}, {""tk"": ""Charleston"", ""act"": 43.33763122558594}, {""tk"": ""state"", ""act"": 40.79597854614258}, {""tk"": ""Columbia"", ""act"": 37.04718017578125}, {""tk"": ""Carolina"", ""act"": 32.52155685424805}, {""tk"": ""is"", ""act"": 30.981748580932617}, {""tk"": ""USA"", ""act"": 25.69173240661621}, {""tk"": ""located"", ""act"": 16.008203506469727}, {""tk"": ""of"", ""act"": 15.559822082519531}, {""tk"": ""government"", ""act"": 14.86802864074707}, {""tk"": ""serving"", ""act"": 14.414605140686035}, {""tk"": ""containing"", ""act"": 9.191671371459961}]"
7_49316,7,49316,entity: The capital city of South Carolina is Columbia,<bos>,0,0.0,0.0,semantic,"[{""token"": ""<bos>"", ""index"": 0, ""distance"": 0, ""direction"": ""self""}]",n/a,Relationship,,1.0,False,,(city) related,"[{""tk"": ""city"", ""act"": 0.0}, {""tk"": ""Carolina"", ""act"": 0.0}, {""tk"": ""USA"", ""act"": 0.0}, {""tk"": ""is"", ""act"": 0.0}, {""tk"": ""Charleston"", ""act"": 0.0}, {""tk"": ""The"", ""act"": 0.0}, {""tk"": ""capital"", ""act"": 0.0}, {""tk"": ""of"", ""act"": 0.0}, {""tk"": ""Columbia"", ""act"": 0.0}, {""tk"": ""state"", ""act"": 0.0}, {""tk"": ""attribute"", ""act"": 0.0}, {""tk"": ""serving"", ""act"": 0.0}, {""tk"": ""government"", ""act"": 0.0}, {""tk"": ""located"", ""act"": 0.0}, {""tk"": ""containing"", ""act"": 0.0}]"
7_70223,7,70223,entity: The capital city of South Carolina is Columbia,<bos>,0,0.0,0.0,semantic,"[{""token"": ""<bos>"", ""index"": 0, ""distance"": 0, ""direction"": ""self""}]",n/a,Relationship,,1.0,False,,(city) related,"[{""tk"": ""city"", ""act"": 0.0}, {""tk"": ""Carolina"", ""act"": 0.0}, {""tk"": ""USA"", ""act"": 0.0}, {""tk"": ""is"", ""act"": 0.0}, {""tk"": ""Charleston"", ""act"": 0.0}, {""tk"": ""The"", ""act"": 0.0}, {""tk"": ""capital"", ""act"": 0.0}, {""tk"": ""of"", ""act"": 0.0}, {""tk"": ""Columbia"", ""act"": 0.0}, {""tk"": ""state"", ""act"": 0.0}, {""tk"": ""attribute"", ""act"": 0.0}, {""tk"": ""serving"", ""act"": 0.0}, {""tk"": ""government"", ""act"": 0.0}, {""tk"": ""located"", ""act"": 0.0}, {""tk"": ""containing"", ""act"": 0.0}]"
8_94844,8,94844,entity: The capital city of South Carolina is Columbia, is,9,5.97493839263916,0.9090909090909092,functional,"[{""token"": "" Columbia"", ""index"": 10, ""distance"": 1, ""direction"": ""forward""}]",json,"Say ""X""",,1.0,False,,Say (Columbia),"[{""tk"": ""is"", ""act"": 5.97493839263916}, {""tk"": ""city"", ""act"": 0.0}, {""tk"": ""Carolina"", ""act"": 0.0}, {""tk"": ""USA"", ""act"": 0.0}, {""tk"": ""Charleston"", ""act"": 0.0}, {""tk"": ""The"", ""act"": 0.0}, {""tk"": ""capital"", ""act"": 0.0}, {""tk"": ""of"", ""act"": 0.0}, {""tk"": ""Columbia"", ""act"": 0.0}, {""tk"": ""state"", ""act"": 0.0}, {""tk"": ""attribute"", ""act"": 0.0}, {""tk"": ""serving"", ""act"": 0.0}, {""tk"": ""government"", ""act"": 0.0}, {""tk"": ""located"", ""act"": 0.0}, {""tk"": ""containing"", ""act"": 0.0}]"
8_49126,8,49126,entity: The capital city of South Carolina is Columbia, city,5,1.2391650676727295,0.8400036049250518,semantic,"[{""token"": "" city"", ""index"": 5, ""distance"": 0, ""direction"": ""self""}]",n/a,Semantic,Concept,0.7,False,,city,"[{""tk"": ""the"", ""act"": 9.22913646697998}, {""tk"": ""city"", ""act"": 5.420082092285156}, {""tk"": ""located"", ""act"": 4.660083770751953}, {""tk"": ""is"", ""act"": 2.84277081489563}, {""tk"": ""containing"", ""act"": 1.69818115234375}, {""tk"": ""serving"", ""act"": 1.3291845321655273}, {""tk"": ""of"", ""act"": 0.6516338586807251}, {""tk"": ""Carolina"", ""act"": 0.0}, {""tk"": ""USA"", ""act"": 0.0}, {""tk"": ""Charleston"", ""act"": 0.0}, {""tk"": ""capital"", ""act"": 0.0}, {""tk"": ""Columbia"", ""act"": 0.0}, {""tk"": ""state"", ""act"": 0.0}, {""tk"": ""attribute"", ""act"": 0.0}, {""tk"": ""government"", ""act"": 0.0}]"
9_4679,9,4679,entity: The capital city of South Carolina is Columbia, is,9,3.54111123085022,0.8756317968866539,functional,"[{""token"": "" Columbia"", ""index"": 10, ""distance"": 1, ""direction"": ""forward""}]",json,Semantic,Concept,0.6,False,,Semantic (unknown),"[{""tk"": ""is"", ""act"": 3.5411112308502197}, {""tk"": ""USA"", ""act"": 0.534048318862915}, {""tk"": ""the"", ""act"": 0.06924128532409668}, {""tk"": ""city"", ""act"": 0.0}, {""tk"": ""Carolina"", ""act"": 0.0}, {""tk"": ""Charleston"", ""act"": 0.0}, {""tk"": ""capital"", ""act"": 0.0}, {""tk"": ""of"", ""act"": 0.0}, {""tk"": ""Columbia"", ""act"": 0.0}, {""tk"": ""state"", ""act"": 0.0}, {""tk"": ""attribute"", ""act"": 0.0}, {""tk"": ""serving"", ""act"": 0.0}, {""tk"": ""government"", ""act"": 0.0}, {""tk"": ""located"", ""act"": 0.0}, {""tk"": ""containing"", ""act"": 0.0}]"
9_24746,9,24746,entity: The capital city of South Carolina is Columbia,<bos>,0,0.0,0.0,semantic,"[{""token"": ""<bos>"", ""index"": 0, ""distance"": 0, ""direction"": ""self""}]",n/a,Relationship,,1.0,False,,(city) related,"[{""tk"": ""city"", ""act"": 0.0}, {""tk"": ""Carolina"", ""act"": 0.0}, {""tk"": ""USA"", ""act"": 0.0}, {""tk"": ""is"", ""act"": 0.0}, {""tk"": ""Charleston"", ""act"": 0.0}, {""tk"": ""The"", ""act"": 0.0}, {""tk"": ""capital"", ""act"": 0.0}, {""tk"": ""of"", ""act"": 0.0}, {""tk"": ""Columbia"", ""act"": 0.0}, {""tk"": ""state"", ""act"": 0.0}, {""tk"": ""attribute"", ""act"": 0.0}, {""tk"": ""serving"", ""act"": 0.0}, {""tk"": ""government"", ""act"": 0.0}, {""tk"": ""located"", ""act"": 0.0}, {""tk"": ""containing"", ""act"": 0.0}]"
10_75793,10,75793,entity: The capital city of South Carolina is Columbia, is,9,38.06367492675781,0.5393943271345492,functional,"[{""token"": "" Columbia"", ""index"": 10, ""distance"": 1, ""direction"": ""forward""}]",json,Semantic,Concept,0.8658513092727003,False,,located,"[{""tk"": ""located"", ""act"": 43.96098327636719}, {""tk"": ""Carolina"", ""act"": 39.949554443359375}, {""tk"": ""city"", ""act"": 39.18864440917969}, {""tk"": ""is"", ""act"": 38.06367492675781}, {""tk"": ""USA"", ""act"": 37.377079010009766}, {""tk"": ""serving"", ""act"": 33.11467361450195}, {""tk"": ""the"", ""act"": 30.694744110107422}, {""tk"": ""Charleston"", ""act"": 26.454055786132812}, {""tk"": ""of"", ""act"": 26.388446807861328}, {""tk"": ""containing"", ""act"": 24.20592498779297}, {""tk"": ""government"", ""act"": 19.719295501708984}, {""tk"": ""Columbia"", ""act"": 17.33647918701172}, {""tk"": ""capital"", ""act"": 15.062984466552734}, {""tk"": ""state"", ""act"": 14.852208137512207}, {""tk"": ""attribute"", ""act"": 0.0}]"
10_40368,10,40368,entity: The capital city of South Carolina is Columbia, is,9,24.132030487060547,0.9090909090909092,functional,"[{""token"": "" Columbia"", ""index"": 10, ""distance"": 1, ""direction"": ""forward""}]",json,"Say ""X""",,1.0,False,,Say (Columbia),"[{""tk"": ""is"", ""act"": 24.132030487060547}, {""tk"": ""city"", ""act"": 0.0}, {""tk"": ""Carolina"", ""act"": 0.0}, {""tk"": ""USA"", ""act"": 0.0}, {""tk"": ""Charleston"", ""act"": 0.0}, {""tk"": ""The"", ""act"": 0.0}, {""tk"": ""capital"", ""act"": 0.0}, {""tk"": ""of"", ""act"": 0.0}, {""tk"": ""Columbia"", ""act"": 0.0}, {""tk"": ""state"", ""act"": 0.0}, {""tk"": ""attribute"", ""act"": 0.0}, {""tk"": ""serving"", ""act"": 0.0}, {""tk"": ""government"", ""act"": 0.0}, {""tk"": ""located"", ""act"": 0.0}, {""tk"": ""containing"", ""act"": 0.0}]"
10_87295,10,87295,entity: The capital city of South Carolina is Columbia,<bos>,0,0.0,0.0,semantic,"[{""token"": ""<bos>"", ""index"": 0, ""distance"": 0, ""direction"": ""self""}]",n/a,Relationship,,1.0,False,,(city) related,"[{""tk"": ""city"", ""act"": 0.0}, {""tk"": ""Carolina"", ""act"": 0.0}, {""tk"": ""USA"", ""act"": 0.0}, {""tk"": ""is"", ""act"": 0.0}, {""tk"": ""Charleston"", ""act"": 0.0}, {""tk"": ""The"", ""act"": 0.0}, {""tk"": ""capital"", ""act"": 0.0}, {""tk"": ""of"", ""act"": 0.0}, {""tk"": ""Columbia"", ""act"": 0.0}, {""tk"": ""state"", ""act"": 0.0}, {""tk"": ""attribute"", ""act"": 0.0}, {""tk"": ""serving"", ""act"": 0.0}, {""tk"": ""government"", ""act"": 0.0}, {""tk"": ""located"", ""act"": 0.0}, {""tk"": ""containing"", ""act"": 0.0}]"
11_50131,11,50131,entity: The capital city of South Carolina is Columbia, Columbia,10,49.63420486450195,0.5932236857812063,semantic,"[{""token"": "" Columbia"", ""index"": 10, ""distance"": 0, ""direction"": ""self""}]",n/a,Semantic,Concept,0.7,False,,Columbia,"[{""tk"": ""Columbia"", ""act"": 49.63420486450195}, {""tk"": ""Charleston"", ""act"": 46.53266525268555}, {""tk"": ""Carolina"", ""act"": 41.433712005615234}, {""tk"": ""city"", ""act"": 32.62867736816406}, {""tk"": ""capital"", ""act"": 32.42369842529297}, {""tk"": ""state"", ""act"": 31.960853576660156}, {""tk"": ""USA"", ""act"": 27.61496353149414}, {""tk"": ""is"", ""act"": 23.733739852905273}, {""tk"": ""government"", ""act"": 16.808237075805664}, {""tk"": ""serving"", ""act"": 16.625158309936523}, {""tk"": ""the"", ""act"": 14.164325714111328}, {""tk"": ""of"", ""act"": 13.586553573608398}, {""tk"": ""located"", ""act"": 12.37300968170166}, {""tk"": ""containing"", ""act"": 11.94537353515625}, {""tk"": ""attribute"", ""act"": 0.0}]"
12_67090,12,67090,entity: The capital city of South Carolina is Columbia,<bos>,0,0.0,0.0,semantic,"[{""token"": ""<bos>"", ""index"": 0, ""distance"": 0, ""direction"": ""self""}]",n/a,Relationship,,1.0,False,,(city) related,"[{""tk"": ""city"", ""act"": 0.0}, {""tk"": ""Carolina"", ""act"": 0.0}, {""tk"": ""USA"", ""act"": 0.0}, {""tk"": ""is"", ""act"": 0.0}, {""tk"": ""Charleston"", ""act"": 0.0}, {""tk"": ""The"", ""act"": 0.0}, {""tk"": ""capital"", ""act"": 0.0}, {""tk"": ""of"", ""act"": 0.0}, {""tk"": ""Columbia"", ""act"": 0.0}, {""tk"": ""state"", ""act"": 0.0}, {""tk"": ""attribute"", ""act"": 0.0}, {""tk"": ""serving"", ""act"": 0.0}, {""tk"": ""government"", ""act"": 0.0}, {""tk"": ""located"", ""act"": 0.0}, {""tk"": ""containing"", ""act"": 0.0}]"
13_16947,13,16947,entity: The capital city of South Carolina is Columbia, is,9,9.056473731994627,0.8446334276819952,functional,"[{""token"": "" Columbia"", ""index"": 10, ""distance"": 1, ""direction"": ""forward""}]",json,Semantic,Dictionary,0.8333333333333334,False,,is,"[{""tk"": ""is"", ""act"": 15.5658540725708}, {""tk"": ""the"", ""act"": 11.20738410949707}, {""tk"": ""capital"", ""act"": 10.91185188293457}, {""tk"": ""city"", ""act"": 9.3563232421875}, {""tk"": ""Carolina"", ""act"": 2.170926332473755}, {""tk"": ""USA"", ""act"": 0.0}, {""tk"": ""Charleston"", ""act"": 0.0}, {""tk"": ""of"", ""act"": 0.0}, {""tk"": ""Columbia"", ""act"": 0.0}, {""tk"": ""state"", ""act"": 0.0}, {""tk"": ""attribute"", ""act"": 0.0}, {""tk"": ""serving"", ""act"": 0.0}, {""tk"": ""government"", ""act"": 0.0}, {""tk"": ""located"", ""act"": 0.0}, {""tk"": ""containing"", ""act"": 0.0}]"
13_83324,13,83324,entity: The capital city of South Carolina is Columbia,<bos>,0,0.0,0.0,semantic,"[{""token"": ""<bos>"", ""index"": 0, ""distance"": 0, ""direction"": ""self""}]",n/a,Relationship,,1.0,False,,(city) related,"[{""tk"": ""city"", ""act"": 0.0}, {""tk"": ""Carolina"", ""act"": 0.0}, {""tk"": ""USA"", ""act"": 0.0}, {""tk"": ""is"", ""act"": 0.0}, {""tk"": ""Charleston"", ""act"": 0.0}, {""tk"": ""The"", ""act"": 0.0}, {""tk"": ""capital"", ""act"": 0.0}, {""tk"": ""of"", ""act"": 0.0}, {""tk"": ""Columbia"", ""act"": 0.0}, {""tk"": ""state"", ""act"": 0.0}, {""tk"": ""attribute"", ""act"": 0.0}, {""tk"": ""serving"", ""act"": 0.0}, {""tk"": ""government"", ""act"": 0.0}, {""tk"": ""located"", ""act"": 0.0}, {""tk"": ""containing"", ""act"": 0.0}]"
18_44719,18,44719,entity: The capital city of South Carolina is Columbia, is,9,7.295798301696777,0.9090909090909092,functional,"[{""token"": "" Columbia"", ""index"": 10, ""distance"": 1, ""direction"": ""forward""}]",json,"Say ""X""",,1.0,False,,Say (Columbia),"[{""tk"": ""is"", ""act"": 7.295798301696777}, {""tk"": ""the"", ""act"": 6.164579391479492}, {""tk"": ""city"", ""act"": 0.0}, {""tk"": ""Carolina"", ""act"": 0.0}, {""tk"": ""USA"", ""act"": 0.0}, {""tk"": ""Charleston"", ""act"": 0.0}, {""tk"": ""capital"", ""act"": 0.0}, {""tk"": ""of"", ""act"": 0.0}, {""tk"": ""Columbia"", ""act"": 0.0}, {""tk"": ""state"", ""act"": 0.0}, {""tk"": ""attribute"", ""act"": 0.0}, {""tk"": ""serving"", ""act"": 0.0}, {""tk"": ""government"", ""act"": 0.0}, {""tk"": ""located"", ""act"": 0.0}, {""tk"": ""containing"", ""act"": 0.0}]"
18_40708,18,40708,entity: The capital city of South Carolina is Columbia, is,9,6.668160438537598,0.8566380131796782,functional,"[{""token"": "" Columbia"", ""index"": 10, ""distance"": 1, ""direction"": ""forward""}]",json,Semantic,Concept,0.7,False,,Carolina,"[{""tk"": ""is"", ""act"": 6.668160438537598}, {""tk"": ""Carolina"", ""act"": 4.103997230529785}, {""tk"": ""Charleston"", ""act"": 0.315169095993042}, {""tk"": ""city"", ""act"": 0.0}, {""tk"": ""USA"", ""act"": 0.0}, {""tk"": ""The"", ""act"": 0.0}, {""tk"": ""capital"", ""act"": 0.0}, {""tk"": ""of"", ""act"": 0.0}, {""tk"": ""Columbia"", ""act"": 0.0}, {""tk"": ""state"", ""act"": 0.0}, {""tk"": ""attribute"", ""act"": 0.0}, {""tk"": ""serving"", ""act"": 0.0}, {""tk"": ""government"", ""act"": 0.0}, {""tk"": ""located"", ""act"": 0.0}, {""tk"": ""containing"", ""act"": 0.0}]"
18_21257,18,21257,entity: The capital city of South Carolina is Columbia,<bos>,0,0.0,0.0,semantic,"[{""token"": ""<bos>"", ""index"": 0, ""distance"": 0, ""direction"": ""self""}]",n/a,Relationship,,1.0,False,,(city) related,"[{""tk"": ""city"", ""act"": 0.0}, {""tk"": ""Carolina"", ""act"": 0.0}, {""tk"": ""USA"", ""act"": 0.0}, {""tk"": ""is"", ""act"": 0.0}, {""tk"": ""Charleston"", ""act"": 0.0}, {""tk"": ""The"", ""act"": 0.0}, {""tk"": ""capital"", ""act"": 0.0}, {""tk"": ""of"", ""act"": 0.0}, {""tk"": ""Columbia"", ""act"": 0.0}, {""tk"": ""state"", ""act"": 0.0}, {""tk"": ""attribute"", ""act"": 0.0}, {""tk"": ""serving"", ""act"": 0.0}, {""tk"": ""government"", ""act"": 0.0}, {""tk"": ""located"", ""act"": 0.0}, {""tk"": ""containing"", ""act"": 0.0}]"
18_52185,18,52185,entity: The capital city of South Carolina is Columbia,<bos>,0,0.0,0.0,semantic,"[{""token"": ""<bos>"", ""index"": 0, ""distance"": 0, ""direction"": ""self""}]",n/a,Semantic,Dictionary,1.0,False,,Charleston,"[{""tk"": ""Charleston"", ""act"": 14.778912544250488}, {""tk"": ""city"", ""act"": 0.0}, {""tk"": ""Carolina"", ""act"": 0.0}, {""tk"": ""USA"", ""act"": 0.0}, {""tk"": ""is"", ""act"": 0.0}, {""tk"": ""The"", ""act"": 0.0}, {""tk"": ""capital"", ""act"": 0.0}, {""tk"": ""of"", ""act"": 0.0}, {""tk"": ""Columbia"", ""act"": 0.0}, {""tk"": ""state"", ""act"": 0.0}, {""tk"": ""attribute"", ""act"": 0.0}, {""tk"": ""serving"", ""act"": 0.0}, {""tk"": ""government"", ""act"": 0.0}, {""tk"": ""located"", ""act"": 0.0}, {""tk"": ""containing"", ""act"": 0.0}]"
20_57025,20,57025,entity: The capital city of South Carolina is Columbia,<bos>,0,13.256905555725098,0.8595790416119253,semantic,"[{""token"": ""<bos>"", ""index"": 0, ""distance"": 0, ""direction"": ""self""}]",n/a,Semantic,Concept,0.7,False,,Semantic (unknown),"[{""tk"": ""is"", ""act"": 7.220115661621094}, {""tk"": ""city"", ""act"": 0.0}, {""tk"": ""Carolina"", ""act"": 0.0}, {""tk"": ""USA"", ""act"": 0.0}, {""tk"": ""Charleston"", ""act"": 0.0}, {""tk"": ""The"", ""act"": 0.0}, {""tk"": ""capital"", ""act"": 0.0}, {""tk"": ""of"", ""act"": 0.0}, {""tk"": ""Columbia"", ""act"": 0.0}, {""tk"": ""state"", ""act"": 0.0}, {""tk"": ""attribute"", ""act"": 0.0}, {""tk"": ""serving"", ""act"": 0.0}, {""tk"": ""government"", ""act"": 0.0}, {""tk"": ""located"", ""act"": 0.0}, {""tk"": ""containing"", ""act"": 0.0}]"
20_67784,20,67784,entity: The capital city of South Carolina is Columbia, of,6,3.863483428955078,0.9090909090909092,functional,"[{""token"": "" city"", ""index"": 5, ""distance"": 1, ""direction"": ""backward""}]",json,"Say ""X""",,1.0,False,,Say (city),"[{""tk"": ""of"", ""act"": 3.863483428955078}, {""tk"": ""city"", ""act"": 0.0}, {""tk"": ""Carolina"", ""act"": 0.0}, {""tk"": ""USA"", ""act"": 0.0}, {""tk"": ""is"", ""act"": 0.0}, {""tk"": ""Charleston"", ""act"": 0.0}, {""tk"": ""The"", ""act"": 0.0}, {""tk"": ""capital"", ""act"": 0.0}, {""tk"": ""Columbia"", ""act"": 0.0}, {""tk"": ""state"", ""act"": 0.0}, {""tk"": ""attribute"", ""act"": 0.0}, {""tk"": ""serving"", ""act"": 0.0}, {""tk"": ""government"", ""act"": 0.0}, {""tk"": ""located"", ""act"": 0.0}, {""tk"": ""containing"", ""act"": 0.0}]"
22_2925,22,2925,entity: The capital city of South Carolina is Columbia, is,9,19.882219314575195,0.8650302916521412,functional,"[{""token"": "" Columbia"", ""index"": 10, ""distance"": 1, ""direction"": ""forward""}]",json,Semantic,Concept,0.6,False,,Semantic (unknown),"[{""tk"": ""is"", ""act"": 21.47593116760254}, {""tk"": ""city"", ""act"": 0.0}, {""tk"": ""Carolina"", ""act"": 0.0}, {""tk"": ""USA"", ""act"": 0.0}, {""tk"": ""Charleston"", ""act"": 0.0}, {""tk"": ""The"", ""act"": 0.0}, {""tk"": ""capital"", ""act"": 0.0}, {""tk"": ""of"", ""act"": 0.0}, {""tk"": ""Columbia"", ""act"": 0.0}, {""tk"": ""state"", ""act"": 0.0}, {""tk"": ""attribute"", ""act"": 0.0}, {""tk"": ""serving"", ""act"": 0.0}, {""tk"": ""government"", ""act"": 0.0}, {""tk"": ""located"", ""act"": 0.0}, {""tk"": ""containing"", ""act"": 0.0}]"
22_19295,22,19295,entity: The capital city of South Carolina is Columbia, is,9,15.38586139678955,0.8957357378280912,functional,"[{""token"": "" Columbia"", ""index"": 10, ""distance"": 1, ""direction"": ""forward""}]",json,Semantic,Concept,0.8,False,,Semantic (unknown),"[{""tk"": ""is"", ""act"": 15.38586139678955}, {""tk"": ""city"", ""act"": 0.0}, {""tk"": ""Carolina"", ""act"": 0.0}, {""tk"": ""USA"", ""act"": 0.0}, {""tk"": ""Charleston"", ""act"": 0.0}, {""tk"": ""The"", ""act"": 0.0}, {""tk"": ""capital"", ""act"": 0.0}, {""tk"": ""of"", ""act"": 0.0}, {""tk"": ""Columbia"", ""act"": 0.0}, {""tk"": ""state"", ""act"": 0.0}, {""tk"": ""attribute"", ""act"": 0.0}, {""tk"": ""serving"", ""act"": 0.0}, {""tk"": ""government"", ""act"": 0.0}, {""tk"": ""located"", ""act"": 0.0}, {""tk"": ""containing"", ""act"": 0.0}]"
22_92671,22,92671,entity: The capital city of South Carolina is Columbia,<bos>,0,0.0,0.0,semantic,"[{""token"": ""<bos>"", ""index"": 0, ""distance"": 0, ""direction"": ""self""}]",n/a,Relationship,,1.0,False,,(city) related,"[{""tk"": ""city"", ""act"": 0.0}, {""tk"": ""Carolina"", ""act"": 0.0}, {""tk"": ""USA"", ""act"": 0.0}, {""tk"": ""is"", ""act"": 0.0}, {""tk"": ""Charleston"", ""act"": 0.0}, {""tk"": ""The"", ""act"": 0.0}, {""tk"": ""capital"", ""act"": 0.0}, {""tk"": ""of"", ""act"": 0.0}, {""tk"": ""Columbia"", ""act"": 0.0}, {""tk"": ""state"", ""act"": 0.0}, {""tk"": ""attribute"", ""act"": 0.0}, {""tk"": ""serving"", ""act"": 0.0}, {""tk"": ""government"", ""act"": 0.0}, {""tk"": ""located"", ""act"": 0.0}, {""tk"": ""containing"", ""act"": 0.0}]"
24_5303,24,5303,entity: The capital city of South Carolina is Columbia, is,9,31.118236541748047,0.9090909090909092,functional,"[{""token"": "" Columbia"", ""index"": 10, ""distance"": 1, ""direction"": ""forward""}]",json,Semantic,Concept,0.7,False,,located,"[{""tk"": ""is"", ""act"": 31.118236541748047}, {""tk"": ""the"", ""act"": 23.955188751220703}, {""tk"": ""located"", ""act"": 18.47713851928711}, {""tk"": ""city"", ""act"": 0.0}, {""tk"": ""Carolina"", ""act"": 0.0}, {""tk"": ""USA"", ""act"": 0.0}, {""tk"": ""Charleston"", ""act"": 0.0}, {""tk"": ""capital"", ""act"": 0.0}, {""tk"": ""of"", ""act"": 0.0}, {""tk"": ""Columbia"", ""act"": 0.0}, {""tk"": ""state"", ""act"": 0.0}, {""tk"": ""attribute"", ""act"": 0.0}, {""tk"": ""serving"", ""act"": 0.0}, {""tk"": ""government"", ""act"": 0.0}, {""tk"": ""containing"", ""act"": 0.0}]"
24_2574,24,2574,entity: The capital city of South Carolina is Columbia, is,9,19.94355010986328,0.9090909090909092,functional,"[{""token"": "" Columbia"", ""index"": 10, ""distance"": 1, ""direction"": ""forward""}]",json,"Say ""X""",,1.0,False,,Say (Columbia),"[{""tk"": ""is"", ""act"": 19.94355010986328}, {""tk"": ""city"", ""act"": 0.0}, {""tk"": ""Carolina"", ""act"": 0.0}, {""tk"": ""USA"", ""act"": 0.0}, {""tk"": ""Charleston"", ""act"": 0.0}, {""tk"": ""The"", ""act"": 0.0}, {""tk"": ""capital"", ""act"": 0.0}, {""tk"": ""of"", ""act"": 0.0}, {""tk"": ""Columbia"", ""act"": 0.0}, {""tk"": ""state"", ""act"": 0.0}, {""tk"": ""attribute"", ""act"": 0.0}, {""tk"": ""serving"", ""act"": 0.0}, {""tk"": ""government"", ""act"": 0.0}, {""tk"": ""located"", ""act"": 0.0}, {""tk"": ""containing"", ""act"": 0.0}]"
0_95475,0,95475,entity: A state in the United States is South Carolina, state,4,72.12992095947266,0.6645058663264727,semantic,"[{""token"": "" state"", ""index"": 4, ""distance"": 0, ""direction"": ""self""}]",n/a,Semantic,Dictionary (fallback),0.9,False,,government,"[{""tk"": ""government"", ""act"": 73.73577117919922}, {""tk"": ""state"", ""act"": 72.12992095947266}, {""tk"": ""city"", ""act"": 69.083984375}, {""tk"": ""capital"", ""act"": 60.64950942993164}, {""tk"": ""USA"", ""act"": 56.505062103271484}, {""tk"": ""attribute"", ""act"": 50.58573913574219}, {""tk"": ""Carolina"", ""act"": 48.81716537475586}, {""tk"": ""Columbia"", ""act"": 42.76877975463867}, {""tk"": ""located"", ""act"": 41.876251220703125}, {""tk"": ""Charleston"", ""act"": 37.00120162963867}, {""tk"": ""serving"", ""act"": 31.4293155670166}, {""tk"": ""containing"", ""act"": 27.732948303222656}, {""tk"": ""is"", ""act"": 0.0}, {""tk"": ""The"", ""act"": 0.0}, {""tk"": ""of"", ""act"": 0.0}]"
0_89265,0,89265,entity: A state in the United States is South Carolina, the,6,41.03260803222656,0.9166666666666666,functional,"[{""token"": "" United"", ""index"": 7, ""distance"": 1, ""direction"": ""forward""}]",json,Semantic,Dictionary (fallback),0.9,False,,the,"[{""tk"": ""the"", ""act"": 41.03260803222656}, {""tk"": ""city"", ""act"": 0.0}, {""tk"": ""Carolina"", ""act"": 0.0}, {""tk"": ""USA"", ""act"": 0.0}, {""tk"": ""is"", ""act"": 0.0}, {""tk"": ""Charleston"", ""act"": 0.0}, {""tk"": ""capital"", ""act"": 0.0}, {""tk"": ""of"", ""act"": 0.0}, {""tk"": ""Columbia"", ""act"": 0.0}, {""tk"": ""state"", ""act"": 0.0}, {""tk"": ""attribute"", ""act"": 0.0}, {""tk"": ""serving"", ""act"": 0.0}, {""tk"": ""government"", ""act"": 0.0}, {""tk"": ""located"", ""act"": 0.0}, {""tk"": ""containing"", ""act"": 0.0}]"
0_19204,0,19204,entity: A state in the United States is South Carolina,<bos>,0,19.44998550415039,0.9166666666666666,semantic,"[{""token"": ""<bos>"", ""index"": 0, ""distance"": 0, ""direction"": ""self""}]",n/a,Semantic,Dictionary (fallback),0.9,False,,Semantic (unknown),"[{""tk"": ""city"", ""act"": 0.0}, {""tk"": ""Carolina"", ""act"": 0.0}, {""tk"": ""USA"", ""act"": 0.0}, {""tk"": ""is"", ""act"": 0.0}, {""tk"": ""Charleston"", ""act"": 0.0}, {""tk"": ""The"", ""act"": 0.0}, {""tk"": ""capital"", ""act"": 0.0}, {""tk"": ""of"", ""act"": 0.0}, {""tk"": ""Columbia"", ""act"": 0.0}, {""tk"": ""state"", ""act"": 0.0}, {""tk"": ""attribute"", ""act"": 0.0}, {""tk"": ""serving"", ""act"": 0.0}, {""tk"": ""government"", ""act"": 0.0}, {""tk"": ""located"", ""act"": 0.0}, {""tk"": ""containing"", ""act"": 0.0}]"
0_92029,0,92029,entity: A state in the United States is South Carolina, the,6,19.15092658996582,0.8749307353879181,functional,"[{""token"": "" United"", ""index"": 7, ""distance"": 1, ""direction"": ""forward""}]",json,Semantic,Dictionary (fallback),0.9,False,,Semantic (unknown),"[{""tk"": ""the"", ""act"": 28.859010696411133}, {""tk"": ""city"", ""act"": 0.0}, {""tk"": ""Carolina"", ""act"": 0.0}, {""tk"": ""USA"", ""act"": 0.0}, {""tk"": ""is"", ""act"": 0.0}, {""tk"": ""Charleston"", ""act"": 0.0}, {""tk"": ""capital"", ""act"": 0.0}, {""tk"": ""of"", ""act"": 0.0}, {""tk"": ""Columbia"", ""act"": 0.0}, {""tk"": ""state"", ""act"": 0.0}, {""tk"": ""attribute"", ""act"": 0.0}, {""tk"": ""serving"", ""act"": 0.0}, {""tk"": ""government"", ""act"": 0.0}, {""tk"": ""located"", ""act"": 0.0}, {""tk"": ""containing"", ""act"": 0.0}]"
0_79529,0,79529,entity: A state in the United States is South Carolina, is,9,15.42864990234375,0.8813919618679856,functional,"[{""token"": "" South"", ""index"": 10, ""distance"": 1, ""direction"": ""forward""}]",json,Semantic,Dictionary (fallback),0.9,False,,Semantic (unknown),"[{""tk"": ""is"", ""act"": 15.42864990234375}, {""tk"": ""city"", ""act"": 0.0}, {""tk"": ""Carolina"", ""act"": 0.0}, {""tk"": ""USA"", ""act"": 0.0}, {""tk"": ""Charleston"", ""act"": 0.0}, {""tk"": ""The"", ""act"": 0.0}, {""tk"": ""capital"", ""act"": 0.0}, {""tk"": ""of"", ""act"": 0.0}, {""tk"": ""Columbia"", ""act"": 0.0}, {""tk"": ""state"", ""act"": 0.0}, {""tk"": ""attribute"", ""act"": 0.0}, {""tk"": ""serving"", ""act"": 0.0}, {""tk"": ""government"", ""act"": 0.0}, {""tk"": ""located"", ""act"": 0.0}, {""tk"": ""containing"", ""act"": 0.0}]"
0_91570,0,91570,entity: A state in the United States is South Carolina,<bos>,0,15.283381462097168,0.8742383447377654,semantic,"[{""token"": ""<bos>"", ""index"": 0, ""distance"": 0, ""direction"": ""self""}]",n/a,Semantic,Dictionary (fallback),0.9,False,,attribute,"[{""tk"": ""attribute"", ""act"": 21.15618896484375}, {""tk"": ""city"", ""act"": 0.0}, {""tk"": ""Carolina"", ""act"": 0.0}, {""tk"": ""USA"", ""act"": 0.0}, {""tk"": ""is"", ""act"": 0.0}, {""tk"": ""Charleston"", ""act"": 0.0}, {""tk"": ""The"", ""act"": 0.0}, {""tk"": ""capital"", ""act"": 0.0}, {""tk"": ""of"", ""act"": 0.0}, {""tk"": ""Columbia"", ""act"": 0.0}, {""tk"": ""state"", ""act"": 0.0}, {""tk"": ""serving"", ""act"": 0.0}, {""tk"": ""government"", ""act"": 0.0}, {""tk"": ""located"", ""act"": 0.0}, {""tk"": ""containing"", ""act"": 0.0}]"
0_20368,0,20368,entity: A state in the United States is South Carolina,<bos>,0,8.283743858337402,0.9166666666666669,semantic,"[{""token"": ""<bos>"", ""index"": 0, ""distance"": 0, ""direction"": ""self""}]",n/a,Semantic,Dictionary (fallback),0.9,False,,Semantic (unknown),"[{""tk"": ""containing"", ""act"": 8.030762672424316}, {""tk"": ""is"", ""act"": 6.553821563720703}, {""tk"": ""city"", ""act"": 0.0}, {""tk"": ""Carolina"", ""act"": 0.0}, {""tk"": ""USA"", ""act"": 0.0}, {""tk"": ""Charleston"", ""act"": 0.0}, {""tk"": ""The"", ""act"": 0.0}, {""tk"": ""capital"", ""act"": 0.0}, {""tk"": ""of"", ""act"": 0.0}, {""tk"": ""Columbia"", ""act"": 0.0}, {""tk"": ""state"", ""act"": 0.0}, {""tk"": ""attribute"", ""act"": 0.0}, {""tk"": ""serving"", ""act"": 0.0}, {""tk"": ""government"", ""act"": 0.0}, {""tk"": ""located"", ""act"": 0.0}]"
0_60256,0,60256,entity: A state in the United States is South Carolina,<bos>,0,8.257609367370605,0.9166666666666666,semantic,"[{""token"": ""<bos>"", ""index"": 0, ""distance"": 0, ""direction"": ""self""}]",n/a,Semantic,Dictionary,1.0,False,,containing,"[{""tk"": ""containing"", ""act"": 8.764032363891602}, {""tk"": ""city"", ""act"": 0.0}, {""tk"": ""Carolina"", ""act"": 0.0}, {""tk"": ""USA"", ""act"": 0.0}, {""tk"": ""is"", ""act"": 0.0}, {""tk"": ""Charleston"", ""act"": 0.0}, {""tk"": ""The"", ""act"": 0.0}, {""tk"": ""capital"", ""act"": 0.0}, {""tk"": ""of"", ""act"": 0.0}, {""tk"": ""Columbia"", ""act"": 0.0}, {""tk"": ""state"", ""act"": 0.0}, {""tk"": ""attribute"", ""act"": 0.0}, {""tk"": ""serving"", ""act"": 0.0}, {""tk"": ""government"", ""act"": 0.0}, {""tk"": ""located"", ""act"": 0.0}]"
0_76137,0,76137,entity: A state in the United States is South Carolina, Carolina,11,7.544683933258057,0.9088144455247028,semantic,"[{""token"": "" Carolina"", ""index"": 11, ""distance"": 0, ""direction"": ""self""}]",n/a,Semantic,Dictionary,1.0,False,,Carolina,"[{""tk"": ""Carolina"", ""act"": 11.089876174926758}, {""tk"": ""USA"", ""act"": 4.346536159515381}, {""tk"": ""Charleston"", ""act"": 2.794321060180664}, {""tk"": ""Columbia"", ""act"": 2.7789368629455566}, {""tk"": ""city"", ""act"": 0.0}, {""tk"": ""is"", ""act"": 0.0}, {""tk"": ""The"", ""act"": 0.0}, {""tk"": ""capital"", ""act"": 0.0}, {""tk"": ""of"", ""act"": 0.0}, {""tk"": ""state"", ""act"": 0.0}, {""tk"": ""attribute"", ""act"": 0.0}, {""tk"": ""serving"", ""act"": 0.0}, {""tk"": ""government"", ""act"": 0.0}, {""tk"": ""located"", ""act"": 0.0}, {""tk"": ""containing"", ""act"": 0.0}]"
0_37030,0,37030,entity: A state in the United States is South Carolina,<bos>,0,6.821301460266113,0.9166666666666666,semantic,"[{""token"": ""<bos>"", ""index"": 0, ""distance"": 0, ""direction"": ""self""}]",n/a,Semantic,Dictionary,1.0,False,,Charleston,"[{""tk"": ""Charleston"", ""act"": 8.90308952331543}, {""tk"": ""city"", ""act"": 0.0}, {""tk"": ""Carolina"", ""act"": 0.0}, {""tk"": ""USA"", ""act"": 0.0}, {""tk"": ""is"", ""act"": 0.0}, {""tk"": ""The"", ""act"": 0.0}, {""tk"": ""capital"", ""act"": 0.0}, {""tk"": ""of"", ""act"": 0.0}, {""tk"": ""Columbia"", ""act"": 0.0}, {""tk"": ""state"", ""act"": 0.0}, {""tk"": ""attribute"", ""act"": 0.0}, {""tk"": ""serving"", ""act"": 0.0}, {""tk"": ""government"", ""act"": 0.0}, {""tk"": ""located"", ""act"": 0.0}, {""tk"": ""containing"", ""act"": 0.0}]"
0_85449,0,85449,entity: A state in the United States is South Carolina,<bos>,0,4.306120872497559,0.9166666666666666,semantic,"[{""token"": ""<bos>"", ""index"": 0, ""distance"": 0, ""direction"": ""self""}]",n/a,Semantic,Dictionary,1.0,False,,Charleston,"[{""tk"": ""Charleston"", ""act"": 9.35044002532959}, {""tk"": ""city"", ""act"": 0.0}, {""tk"": ""Carolina"", ""act"": 0.0}, {""tk"": ""USA"", ""act"": 0.0}, {""tk"": ""is"", ""act"": 0.0}, {""tk"": ""The"", ""act"": 0.0}, {""tk"": ""capital"", ""act"": 0.0}, {""tk"": ""of"", ""act"": 0.0}, {""tk"": ""Columbia"", ""act"": 0.0}, {""tk"": ""state"", ""act"": 0.0}, {""tk"": ""attribute"", ""act"": 0.0}, {""tk"": ""serving"", ""act"": 0.0}, {""tk"": ""government"", ""act"": 0.0}, {""tk"": ""located"", ""act"": 0.0}, {""tk"": ""containing"", ""act"": 0.0}]"
0_12284,0,12284,entity: A state in the United States is South Carolina,<bos>,0,4.237040519714356,0.9166666666666666,semantic,"[{""token"": ""<bos>"", ""index"": 0, ""distance"": 0, ""direction"": ""self""}]",n/a,Semantic,Dictionary (fallback),0.9,False,,Semantic (unknown),"[{""tk"": ""city"", ""act"": 0.0}, {""tk"": ""Carolina"", ""act"": 0.0}, {""tk"": ""USA"", ""act"": 0.0}, {""tk"": ""is"", ""act"": 0.0}, {""tk"": ""Charleston"", ""act"": 0.0}, {""tk"": ""The"", ""act"": 0.0}, {""tk"": ""capital"", ""act"": 0.0}, {""tk"": ""of"", ""act"": 0.0}, {""tk"": ""Columbia"", ""act"": 0.0}, {""tk"": ""state"", ""act"": 0.0}, {""tk"": ""attribute"", ""act"": 0.0}, {""tk"": ""serving"", ""act"": 0.0}, {""tk"": ""government"", ""act"": 0.0}, {""tk"": ""located"", ""act"": 0.0}, {""tk"": ""containing"", ""act"": 0.0}]"
0_29747,0,29747,entity: A state in the United States is South Carolina,<bos>,0,3.6445837020874015,0.9166666666666666,semantic,"[{""token"": ""<bos>"", ""index"": 0, ""distance"": 0, ""direction"": ""self""}]",n/a,Semantic,Dictionary,1.0,False,,Charleston,"[{""tk"": ""Charleston"", ""act"": 11.133187294006348}, {""tk"": ""city"", ""act"": 0.0}, {""tk"": ""Carolina"", ""act"": 0.0}, {""tk"": ""USA"", ""act"": 0.0}, {""tk"": ""is"", ""act"": 0.0}, {""tk"": ""The"", ""act"": 0.0}, {""tk"": ""capital"", ""act"": 0.0}, {""tk"": ""of"", ""act"": 0.0}, {""tk"": ""Columbia"", ""act"": 0.0}, {""tk"": ""state"", ""act"": 0.0}, {""tk"": ""attribute"", ""act"": 0.0}, {""tk"": ""serving"", ""act"": 0.0}, {""tk"": ""government"", ""act"": 0.0}, {""tk"": ""located"", ""act"": 0.0}, {""tk"": ""containing"", ""act"": 0.0}]"
0_47638,0,47638,entity: A state in the United States is South Carolina,<bos>,0,3.63841724395752,0.9166666666666666,semantic,"[{""token"": ""<bos>"", ""index"": 0, ""distance"": 0, ""direction"": ""self""}]",n/a,Semantic,Dictionary,1.0,False,,containing,"[{""tk"": ""containing"", ""act"": 11.569823265075684}, {""tk"": ""city"", ""act"": 0.0}, {""tk"": ""Carolina"", ""act"": 0.0}, {""tk"": ""USA"", ""act"": 0.0}, {""tk"": ""is"", ""act"": 0.0}, {""tk"": ""Charleston"", ""act"": 0.0}, {""tk"": ""The"", ""act"": 0.0}, {""tk"": ""capital"", ""act"": 0.0}, {""tk"": ""of"", ""act"": 0.0}, {""tk"": ""Columbia"", ""act"": 0.0}, {""tk"": ""state"", ""act"": 0.0}, {""tk"": ""attribute"", ""act"": 0.0}, {""tk"": ""serving"", ""act"": 0.0}, {""tk"": ""government"", ""act"": 0.0}, {""tk"": ""located"", ""act"": 0.0}]"
0_55912,0,55912,entity: A state in the United States is South Carolina,<bos>,0,3.0232977867126465,0.9166666666666669,semantic,"[{""token"": ""<bos>"", ""index"": 0, ""distance"": 0, ""direction"": ""self""}]",n/a,Semantic,Dictionary,1.0,False,,Charleston,"[{""tk"": ""Charleston"", ""act"": 7.9657979011535645}, {""tk"": ""city"", ""act"": 0.0}, {""tk"": ""Carolina"", ""act"": 0.0}, {""tk"": ""USA"", ""act"": 0.0}, {""tk"": ""is"", ""act"": 0.0}, {""tk"": ""The"", ""act"": 0.0}, {""tk"": ""capital"", ""act"": 0.0}, {""tk"": ""of"", ""act"": 0.0}, {""tk"": ""Columbia"", ""act"": 0.0}, {""tk"": ""state"", ""act"": 0.0}, {""tk"": ""attribute"", ""act"": 0.0}, {""tk"": ""serving"", ""act"": 0.0}, {""tk"": ""government"", ""act"": 0.0}, {""tk"": ""located"", ""act"": 0.0}, {""tk"": ""containing"", ""act"": 0.0}]"
0_41424,0,41424,entity: A state in the United States is South Carolina,<bos>,0,2.1618165969848637,0.9166666666666666,semantic,"[{""token"": ""<bos>"", ""index"": 0, ""distance"": 0, ""direction"": ""self""}]",n/a,Semantic,Dictionary (fallback),0.9,False,,Semantic (unknown),"[{""tk"": ""city"", ""act"": 0.0}, {""tk"": ""Carolina"", ""act"": 0.0}, {""tk"": ""USA"", ""act"": 0.0}, {""tk"": ""is"", ""act"": 0.0}, {""tk"": ""Charleston"", ""act"": 0.0}, {""tk"": ""The"", ""act"": 0.0}, {""tk"": ""capital"", ""act"": 0.0}, {""tk"": ""of"", ""act"": 0.0}, {""tk"": ""Columbia"", ""act"": 0.0}, {""tk"": ""state"", ""act"": 0.0}, {""tk"": ""attribute"", ""act"": 0.0}, {""tk"": ""serving"", ""act"": 0.0}, {""tk"": ""government"", ""act"": 0.0}, {""tk"": ""located"", ""act"": 0.0}, {""tk"": ""containing"", ""act"": 0.0}]"
0_82862,0,82862,entity: A state in the United States is South Carolina, state,4,1.646881103515625,0.9166666666666666,semantic,"[{""token"": "" state"", ""index"": 4, ""distance"": 0, ""direction"": ""self""}]",n/a,Semantic,Dictionary (fallback),0.9,False,,government,"[{""tk"": ""government"", ""act"": 9.586883544921875}, {""tk"": ""capital"", ""act"": 8.219970703125}, {""tk"": ""state"", ""act"": 5.531653881072998}, {""tk"": ""city"", ""act"": 0.0}, {""tk"": ""Carolina"", ""act"": 0.0}, {""tk"": ""USA"", ""act"": 0.0}, {""tk"": ""is"", ""act"": 0.0}, {""tk"": ""Charleston"", ""act"": 0.0}, {""tk"": ""The"", ""act"": 0.0}, {""tk"": ""of"", ""act"": 0.0}, {""tk"": ""Columbia"", ""act"": 0.0}, {""tk"": ""attribute"", ""act"": 0.0}, {""tk"": ""serving"", ""act"": 0.0}, {""tk"": ""located"", ""act"": 0.0}, {""tk"": ""containing"", ""act"": 0.0}]"
0_13506,0,13506,entity: A state in the United States is South Carolina,<bos>,0,1.0420150756835938,0.9166666666666669,semantic,"[{""token"": ""<bos>"", ""index"": 0, ""distance"": 0, ""direction"": ""self""}]",n/a,Semantic,Dictionary (fallback),0.9,False,,Semantic (unknown),"[{""tk"": ""city"", ""act"": 0.0}, {""tk"": ""Carolina"", ""act"": 0.0}, {""tk"": ""USA"", ""act"": 0.0}, {""tk"": ""is"", ""act"": 0.0}, {""tk"": ""Charleston"", ""act"": 0.0}, {""tk"": ""The"", ""act"": 0.0}, {""tk"": ""capital"", ""act"": 0.0}, {""tk"": ""of"", ""act"": 0.0}, {""tk"": ""Columbia"", ""act"": 0.0}, {""tk"": ""state"", ""act"": 0.0}, {""tk"": ""attribute"", ""act"": 0.0}, {""tk"": ""serving"", ""act"": 0.0}, {""tk"": ""government"", ""act"": 0.0}, {""tk"": ""located"", ""act"": 0.0}, {""tk"": ""containing"", ""act"": 0.0}]"
0_91553,0,91553,entity: A state in the United States is South Carolina,<bos>,0,0.9048857688903807,0.9166666666666666,semantic,"[{""token"": ""<bos>"", ""index"": 0, ""distance"": 0, ""direction"": ""self""}]",n/a,Semantic,Dictionary (fallback),0.9,False,,Semantic (unknown),"[{""tk"": ""city"", ""act"": 0.0}, {""tk"": ""Carolina"", ""act"": 0.0}, {""tk"": ""USA"", ""act"": 0.0}, {""tk"": ""is"", ""act"": 0.0}, {""tk"": ""Charleston"", ""act"": 0.0}, {""tk"": ""The"", ""act"": 0.0}, {""tk"": ""capital"", ""act"": 0.0}, {""tk"": ""of"", ""act"": 0.0}, {""tk"": ""Columbia"", ""act"": 0.0}, {""tk"": ""state"", ""act"": 0.0}, {""tk"": ""attribute"", ""act"": 0.0}, {""tk"": ""serving"", ""act"": 0.0}, {""tk"": ""government"", ""act"": 0.0}, {""tk"": ""located"", ""act"": 0.0}, {""tk"": ""containing"", ""act"": 0.0}]"
0_5474,0,5474,entity: A state in the United States is South Carolina,<bos>,0,0.0,0.0,semantic,"[{""token"": ""<bos>"", ""index"": 0, ""distance"": 0, ""direction"": ""self""}]",n/a,Semantic,Dictionary,1.0,False,,Charleston,"[{""tk"": ""Charleston"", ""act"": 8.963798522949219}, {""tk"": ""city"", ""act"": 0.0}, {""tk"": ""Carolina"", ""act"": 0.0}, {""tk"": ""USA"", ""act"": 0.0}, {""tk"": ""is"", ""act"": 0.0}, {""tk"": ""The"", ""act"": 0.0}, {""tk"": ""capital"", ""act"": 0.0}, {""tk"": ""of"", ""act"": 0.0}, {""tk"": ""Columbia"", ""act"": 0.0}, {""tk"": ""state"", ""act"": 0.0}, {""tk"": ""attribute"", ""act"": 0.0}, {""tk"": ""serving"", ""act"": 0.0}, {""tk"": ""government"", ""act"": 0.0}, {""tk"": ""located"", ""act"": 0.0}, {""tk"": ""containing"", ""act"": 0.0}]"
0_6264,0,6264,entity: A state in the United States is South Carolina,<bos>,0,0.0,0.0,semantic,"[{""token"": ""<bos>"", ""index"": 0, ""distance"": 0, ""direction"": ""self""}]",n/a,Semantic,Dictionary,1.0,False,,capital,"[{""tk"": ""capital"", ""act"": 9.430625915527344}, {""tk"": ""city"", ""act"": 0.0}, {""tk"": ""Carolina"", ""act"": 0.0}, {""tk"": ""USA"", ""act"": 0.0}, {""tk"": ""is"", ""act"": 0.0}, {""tk"": ""Charleston"", ""act"": 0.0}, {""tk"": ""The"", ""act"": 0.0}, {""tk"": ""of"", ""act"": 0.0}, {""tk"": ""Columbia"", ""act"": 0.0}, {""tk"": ""state"", ""act"": 0.0}, {""tk"": ""attribute"", ""act"": 0.0}, {""tk"": ""serving"", ""act"": 0.0}, {""tk"": ""government"", ""act"": 0.0}, {""tk"": ""located"", ""act"": 0.0}, {""tk"": ""containing"", ""act"": 0.0}]"
0_14810,0,14810,entity: A state in the United States is South Carolina,<bos>,0,0.0,0.0,semantic,"[{""token"": ""<bos>"", ""index"": 0, ""distance"": 0, ""direction"": ""self""}]",n/a,Semantic,Dictionary,1.0,False,,of,"[{""tk"": ""of"", ""act"": 17.059555053710938}, {""tk"": ""city"", ""act"": 0.0}, {""tk"": ""Carolina"", ""act"": 0.0}, {""tk"": ""USA"", ""act"": 0.0}, {""tk"": ""is"", ""act"": 0.0}, {""tk"": ""Charleston"", ""act"": 0.0}, {""tk"": ""The"", ""act"": 0.0}, {""tk"": ""capital"", ""act"": 0.0}, {""tk"": ""Columbia"", ""act"": 0.0}, {""tk"": ""state"", ""act"": 0.0}, {""tk"": ""attribute"", ""act"": 0.0}, {""tk"": ""serving"", ""act"": 0.0}, {""tk"": ""government"", ""act"": 0.0}, {""tk"": ""located"", ""act"": 0.0}, {""tk"": ""containing"", ""act"": 0.0}]"
0_15430,0,15430,entity: A state in the United States is South Carolina,<bos>,0,0.0,0.0,semantic,"[{""token"": ""<bos>"", ""index"": 0, ""distance"": 0, ""direction"": ""self""}]",n/a,Semantic,Dictionary,1.0,False,,capital,"[{""tk"": ""capital"", ""act"": 8.16793155670166}, {""tk"": ""city"", ""act"": 0.0}, {""tk"": ""Carolina"", ""act"": 0.0}, {""tk"": ""USA"", ""act"": 0.0}, {""tk"": ""is"", ""act"": 0.0}, {""tk"": ""Charleston"", ""act"": 0.0}, {""tk"": ""The"", ""act"": 0.0}, {""tk"": ""of"", ""act"": 0.0}, {""tk"": ""Columbia"", ""act"": 0.0}, {""tk"": ""state"", ""act"": 0.0}, {""tk"": ""attribute"", ""act"": 0.0}, {""tk"": ""serving"", ""act"": 0.0}, {""tk"": ""government"", ""act"": 0.0}, {""tk"": ""located"", ""act"": 0.0}, {""tk"": ""containing"", ""act"": 0.0}]"
0_15646,0,15646,entity: A state in the United States is South Carolina,<bos>,0,0.0,0.0,semantic,"[{""token"": ""<bos>"", ""index"": 0, ""distance"": 0, ""direction"": ""self""}]",n/a,Semantic,Dictionary,1.0,False,,Charleston,"[{""tk"": ""Charleston"", ""act"": 8.773160934448242}, {""tk"": ""city"", ""act"": 0.0}, {""tk"": ""Carolina"", ""act"": 0.0}, {""tk"": ""USA"", ""act"": 0.0}, {""tk"": ""is"", ""act"": 0.0}, {""tk"": ""The"", ""act"": 0.0}, {""tk"": ""capital"", ""act"": 0.0}, {""tk"": ""of"", ""act"": 0.0}, {""tk"": ""Columbia"", ""act"": 0.0}, {""tk"": ""state"", ""act"": 0.0}, {""tk"": ""attribute"", ""act"": 0.0}, {""tk"": ""serving"", ""act"": 0.0}, {""tk"": ""government"", ""act"": 0.0}, {""tk"": ""located"", ""act"": 0.0}, {""tk"": ""containing"", ""act"": 0.0}]"
0_21660,0,21660,entity: A state in the United States is South Carolina,<bos>,0,0.0,0.0,semantic,"[{""token"": ""<bos>"", ""index"": 0, ""distance"": 0, ""direction"": ""self""}]",n/a,Semantic,Dictionary,1.0,False,,Charleston,"[{""tk"": ""Charleston"", ""act"": 13.0342435836792}, {""tk"": ""city"", ""act"": 0.0}, {""tk"": ""Carolina"", ""act"": 0.0}, {""tk"": ""USA"", ""act"": 0.0}, {""tk"": ""is"", ""act"": 0.0}, {""tk"": ""The"", ""act"": 0.0}, {""tk"": ""capital"", ""act"": 0.0}, {""tk"": ""of"", ""act"": 0.0}, {""tk"": ""Columbia"", ""act"": 0.0}, {""tk"": ""state"", ""act"": 0.0}, {""tk"": ""attribute"", ""act"": 0.0}, {""tk"": ""serving"", ""act"": 0.0}, {""tk"": ""government"", ""act"": 0.0}, {""tk"": ""located"", ""act"": 0.0}, {""tk"": ""containing"", ""act"": 0.0}]"
0_23293,0,23293,entity: A state in the United States is South Carolina,<bos>,0,0.0,0.0,semantic,"[{""token"": ""<bos>"", ""index"": 0, ""distance"": 0, ""direction"": ""self""}]",n/a,Semantic,Dictionary,1.0,False,,capital,"[{""tk"": ""capital"", ""act"": 12.355522155761719}, {""tk"": ""city"", ""act"": 0.0}, {""tk"": ""Carolina"", ""act"": 0.0}, {""tk"": ""USA"", ""act"": 0.0}, {""tk"": ""is"", ""act"": 0.0}, {""tk"": ""Charleston"", ""act"": 0.0}, {""tk"": ""The"", ""act"": 0.0}, {""tk"": ""of"", ""act"": 0.0}, {""tk"": ""Columbia"", ""act"": 0.0}, {""tk"": ""state"", ""act"": 0.0}, {""tk"": ""attribute"", ""act"": 0.0}, {""tk"": ""serving"", ""act"": 0.0}, {""tk"": ""government"", ""act"": 0.0}, {""tk"": ""located"", ""act"": 0.0}, {""tk"": ""containing"", ""act"": 0.0}]"
0_23477,0,23477,entity: A state in the United States is South Carolina,<bos>,0,0.0,0.0,semantic,"[{""token"": ""<bos>"", ""index"": 0, ""distance"": 0, ""direction"": ""self""}]",n/a,Relationship,,1.0,False,,(city) related,"[{""tk"": ""city"", ""act"": 0.0}, {""tk"": ""Carolina"", ""act"": 0.0}, {""tk"": ""USA"", ""act"": 0.0}, {""tk"": ""is"", ""act"": 0.0}, {""tk"": ""Charleston"", ""act"": 0.0}, {""tk"": ""The"", ""act"": 0.0}, {""tk"": ""capital"", ""act"": 0.0}, {""tk"": ""of"", ""act"": 0.0}, {""tk"": ""Columbia"", ""act"": 0.0}, {""tk"": ""state"", ""act"": 0.0}, {""tk"": ""attribute"", ""act"": 0.0}, {""tk"": ""serving"", ""act"": 0.0}, {""tk"": ""government"", ""act"": 0.0}, {""tk"": ""located"", ""act"": 0.0}, {""tk"": ""containing"", ""act"": 0.0}]"
0_24438,0,24438,entity: A state in the United States is South Carolina,<bos>,0,0.0,0.0,semantic,"[{""token"": ""<bos>"", ""index"": 0, ""distance"": 0, ""direction"": ""self""}]",n/a,Relationship,,1.0,False,,(city) related,"[{""tk"": ""city"", ""act"": 0.0}, {""tk"": ""Carolina"", ""act"": 0.0}, {""tk"": ""USA"", ""act"": 0.0}, {""tk"": ""is"", ""act"": 0.0}, {""tk"": ""Charleston"", ""act"": 0.0}, {""tk"": ""The"", ""act"": 0.0}, {""tk"": ""capital"", ""act"": 0.0}, {""tk"": ""of"", ""act"": 0.0}, {""tk"": ""Columbia"", ""act"": 0.0}, {""tk"": ""state"", ""act"": 0.0}, {""tk"": ""attribute"", ""act"": 0.0}, {""tk"": ""serving"", ""act"": 0.0}, {""tk"": ""government"", ""act"": 0.0}, {""tk"": ""located"", ""act"": 0.0}, {""tk"": ""containing"", ""act"": 0.0}]"
0_29904,0,29904,entity: A state in the United States is South Carolina,<bos>,0,0.0,0.0,semantic,"[{""token"": ""<bos>"", ""index"": 0, ""distance"": 0, ""direction"": ""self""}]",n/a,Semantic,Dictionary,1.0,False,,containing,"[{""tk"": ""containing"", ""act"": 9.819502830505371}, {""tk"": ""city"", ""act"": 0.0}, {""tk"": ""Carolina"", ""act"": 0.0}, {""tk"": ""USA"", ""act"": 0.0}, {""tk"": ""is"", ""act"": 0.0}, {""tk"": ""Charleston"", ""act"": 0.0}, {""tk"": ""The"", ""act"": 0.0}, {""tk"": ""capital"", ""act"": 0.0}, {""tk"": ""of"", ""act"": 0.0}, {""tk"": ""Columbia"", ""act"": 0.0}, {""tk"": ""state"", ""act"": 0.0}, {""tk"": ""attribute"", ""act"": 0.0}, {""tk"": ""serving"", ""act"": 0.0}, {""tk"": ""government"", ""act"": 0.0}, {""tk"": ""located"", ""act"": 0.0}]"
0_31953,0,31953,entity: A state in the United States is South Carolina,<bos>,0,0.0,0.0,semantic,"[{""token"": ""<bos>"", ""index"": 0, ""distance"": 0, ""direction"": ""self""}]",n/a,Semantic,Dictionary,1.0,False,,capital,"[{""tk"": ""capital"", ""act"": 5.960221767425537}, {""tk"": ""city"", ""act"": 0.0}, {""tk"": ""Carolina"", ""act"": 0.0}, {""tk"": ""USA"", ""act"": 0.0}, {""tk"": ""is"", ""act"": 0.0}, {""tk"": ""Charleston"", ""act"": 0.0}, {""tk"": ""The"", ""act"": 0.0}, {""tk"": ""of"", ""act"": 0.0}, {""tk"": ""Columbia"", ""act"": 0.0}, {""tk"": ""state"", ""act"": 0.0}, {""tk"": ""attribute"", ""act"": 0.0}, {""tk"": ""serving"", ""act"": 0.0}, {""tk"": ""government"", ""act"": 0.0}, {""tk"": ""located"", ""act"": 0.0}, {""tk"": ""containing"", ""act"": 0.0}]"
0_35496,0,35496,entity: A state in the United States is South Carolina,<bos>,0,0.0,0.0,semantic,"[{""token"": ""<bos>"", ""index"": 0, ""distance"": 0, ""direction"": ""self""}]",n/a,Semantic,Dictionary,1.0,False,,Charleston,"[{""tk"": ""Charleston"", ""act"": 5.930936813354492}, {""tk"": ""city"", ""act"": 0.0}, {""tk"": ""Carolina"", ""act"": 0.0}, {""tk"": ""USA"", ""act"": 0.0}, {""tk"": ""is"", ""act"": 0.0}, {""tk"": ""The"", ""act"": 0.0}, {""tk"": ""capital"", ""act"": 0.0}, {""tk"": ""of"", ""act"": 0.0}, {""tk"": ""Columbia"", ""act"": 0.0}, {""tk"": ""state"", ""act"": 0.0}, {""tk"": ""attribute"", ""act"": 0.0}, {""tk"": ""serving"", ""act"": 0.0}, {""tk"": ""government"", ""act"": 0.0}, {""tk"": ""located"", ""act"": 0.0}, {""tk"": ""containing"", ""act"": 0.0}]"
0_37416,0,37416,entity: A state in the United States is South Carolina,<bos>,0,0.0,0.0,semantic,"[{""token"": ""<bos>"", ""index"": 0, ""distance"": 0, ""direction"": ""self""}]",n/a,Semantic,Dictionary,1.0,False,,capital,"[{""tk"": ""capital"", ""act"": 12.284197807312012}, {""tk"": ""city"", ""act"": 0.0}, {""tk"": ""Carolina"", ""act"": 0.0}, {""tk"": ""USA"", ""act"": 0.0}, {""tk"": ""is"", ""act"": 0.0}, {""tk"": ""Charleston"", ""act"": 0.0}, {""tk"": ""The"", ""act"": 0.0}, {""tk"": ""of"", ""act"": 0.0}, {""tk"": ""Columbia"", ""act"": 0.0}, {""tk"": ""state"", ""act"": 0.0}, {""tk"": ""attribute"", ""act"": 0.0}, {""tk"": ""serving"", ""act"": 0.0}, {""tk"": ""government"", ""act"": 0.0}, {""tk"": ""located"", ""act"": 0.0}, {""tk"": ""containing"", ""act"": 0.0}]"
0_41589,0,41589,entity: A state in the United States is South Carolina,<bos>,0,0.0,0.0,semantic,"[{""token"": ""<bos>"", ""index"": 0, ""distance"": 0, ""direction"": ""self""}]",n/a,Semantic,Dictionary,1.0,False,,capital,"[{""tk"": ""capital"", ""act"": 7.369453430175781}, {""tk"": ""city"", ""act"": 0.0}, {""tk"": ""Carolina"", ""act"": 0.0}, {""tk"": ""USA"", ""act"": 0.0}, {""tk"": ""is"", ""act"": 0.0}, {""tk"": ""Charleston"", ""act"": 0.0}, {""tk"": ""The"", ""act"": 0.0}, {""tk"": ""of"", ""act"": 0.0}, {""tk"": ""Columbia"", ""act"": 0.0}, {""tk"": ""state"", ""act"": 0.0}, {""tk"": ""attribute"", ""act"": 0.0}, {""tk"": ""serving"", ""act"": 0.0}, {""tk"": ""government"", ""act"": 0.0}, {""tk"": ""located"", ""act"": 0.0}, {""tk"": ""containing"", ""act"": 0.0}]"
0_42832,0,42832,entity: A state in the United States is South Carolina,<bos>,0,0.0,0.0,semantic,"[{""token"": ""<bos>"", ""index"": 0, ""distance"": 0, ""direction"": ""self""}]",n/a,Semantic,Dictionary,1.0,False,,containing,"[{""tk"": ""containing"", ""act"": 11.472331047058105}, {""tk"": ""city"", ""act"": 0.0}, {""tk"": ""Carolina"", ""act"": 0.0}, {""tk"": ""USA"", ""act"": 0.0}, {""tk"": ""is"", ""act"": 0.0}, {""tk"": ""Charleston"", ""act"": 0.0}, {""tk"": ""The"", ""act"": 0.0}, {""tk"": ""capital"", ""act"": 0.0}, {""tk"": ""of"", ""act"": 0.0}, {""tk"": ""Columbia"", ""act"": 0.0}, {""tk"": ""state"", ""act"": 0.0}, {""tk"": ""attribute"", ""act"": 0.0}, {""tk"": ""serving"", ""act"": 0.0}, {""tk"": ""government"", ""act"": 0.0}, {""tk"": ""located"", ""act"": 0.0}]"
0_43624,0,43624,entity: A state in the United States is South Carolina,<bos>,0,0.0,0.0,semantic,"[{""token"": ""<bos>"", ""index"": 0, ""distance"": 0, ""direction"": ""self""}]",n/a,Semantic,Dictionary,1.0,False,,capital,"[{""tk"": ""capital"", ""act"": 10.143529891967773}, {""tk"": ""city"", ""act"": 0.0}, {""tk"": ""Carolina"", ""act"": 0.0}, {""tk"": ""USA"", ""act"": 0.0}, {""tk"": ""is"", ""act"": 0.0}, {""tk"": ""Charleston"", ""act"": 0.0}, {""tk"": ""The"", ""act"": 0.0}, {""tk"": ""of"", ""act"": 0.0}, {""tk"": ""Columbia"", ""act"": 0.0}, {""tk"": ""state"", ""act"": 0.0}, {""tk"": ""attribute"", ""act"": 0.0}, {""tk"": ""serving"", ""act"": 0.0}, {""tk"": ""government"", ""act"": 0.0}, {""tk"": ""located"", ""act"": 0.0}, {""tk"": ""containing"", ""act"": 0.0}]"
0_44709,0,44709,entity: A state in the United States is South Carolina,<bos>,0,0.0,0.0,semantic,"[{""token"": ""<bos>"", ""index"": 0, ""distance"": 0, ""direction"": ""self""}]",n/a,Semantic,Dictionary,1.0,False,,containing,"[{""tk"": ""containing"", ""act"": 6.07918643951416}, {""tk"": ""city"", ""act"": 0.0}, {""tk"": ""Carolina"", ""act"": 0.0}, {""tk"": ""USA"", ""act"": 0.0}, {""tk"": ""is"", ""act"": 0.0}, {""tk"": ""Charleston"", ""act"": 0.0}, {""tk"": ""The"", ""act"": 0.0}, {""tk"": ""capital"", ""act"": 0.0}, {""tk"": ""of"", ""act"": 0.0}, {""tk"": ""Columbia"", ""act"": 0.0}, {""tk"": ""state"", ""act"": 0.0}, {""tk"": ""attribute"", ""act"": 0.0}, {""tk"": ""serving"", ""act"": 0.0}, {""tk"": ""government"", ""act"": 0.0}, {""tk"": ""located"", ""act"": 0.0}]"
0_46676,0,46676,entity: A state in the United States is South Carolina,<bos>,0,0.0,0.0,semantic,"[{""token"": ""<bos>"", ""index"": 0, ""distance"": 0, ""direction"": ""self""}]",n/a,Semantic,Dictionary,1.0,False,,Charleston,"[{""tk"": ""Charleston"", ""act"": 11.343507766723633}, {""tk"": ""city"", ""act"": 0.0}, {""tk"": ""Carolina"", ""act"": 0.0}, {""tk"": ""USA"", ""act"": 0.0}, {""tk"": ""is"", ""act"": 0.0}, {""tk"": ""The"", ""act"": 0.0}, {""tk"": ""capital"", ""act"": 0.0}, {""tk"": ""of"", ""act"": 0.0}, {""tk"": ""Columbia"", ""act"": 0.0}, {""tk"": ""state"", ""act"": 0.0}, {""tk"": ""attribute"", ""act"": 0.0}, {""tk"": ""serving"", ""act"": 0.0}, {""tk"": ""government"", ""act"": 0.0}, {""tk"": ""located"", ""act"": 0.0}, {""tk"": ""containing"", ""act"": 0.0}]"
0_49298,0,49298,entity: A state in the United States is South Carolina,<bos>,0,0.0,0.0,semantic,"[{""token"": ""<bos>"", ""index"": 0, ""distance"": 0, ""direction"": ""self""}]",n/a,Semantic,Dictionary,1.0,False,,Charleston,"[{""tk"": ""Charleston"", ""act"": 9.830625534057617}, {""tk"": ""city"", ""act"": 0.0}, {""tk"": ""Carolina"", ""act"": 0.0}, {""tk"": ""USA"", ""act"": 0.0}, {""tk"": ""is"", ""act"": 0.0}, {""tk"": ""The"", ""act"": 0.0}, {""tk"": ""capital"", ""act"": 0.0}, {""tk"": ""of"", ""act"": 0.0}, {""tk"": ""Columbia"", ""act"": 0.0}, {""tk"": ""state"", ""act"": 0.0}, {""tk"": ""attribute"", ""act"": 0.0}, {""tk"": ""serving"", ""act"": 0.0}, {""tk"": ""government"", ""act"": 0.0}, {""tk"": ""located"", ""act"": 0.0}, {""tk"": ""containing"", ""act"": 0.0}]"
0_52009,0,52009,entity: A state in the United States is South Carolina,<bos>,0,0.0,0.0,semantic,"[{""token"": ""<bos>"", ""index"": 0, ""distance"": 0, ""direction"": ""self""}]",n/a,Semantic,Dictionary,1.0,False,,containing,"[{""tk"": ""containing"", ""act"": 7.867442607879639}, {""tk"": ""city"", ""act"": 0.0}, {""tk"": ""Carolina"", ""act"": 0.0}, {""tk"": ""USA"", ""act"": 0.0}, {""tk"": ""is"", ""act"": 0.0}, {""tk"": ""Charleston"", ""act"": 0.0}, {""tk"": ""The"", ""act"": 0.0}, {""tk"": ""capital"", ""act"": 0.0}, {""tk"": ""of"", ""act"": 0.0}, {""tk"": ""Columbia"", ""act"": 0.0}, {""tk"": ""state"", ""act"": 0.0}, {""tk"": ""attribute"", ""act"": 0.0}, {""tk"": ""serving"", ""act"": 0.0}, {""tk"": ""government"", ""act"": 0.0}, {""tk"": ""located"", ""act"": 0.0}]"
0_52264,0,52264,entity: A state in the United States is South Carolina,<bos>,0,0.0,0.0,semantic,"[{""token"": ""<bos>"", ""index"": 0, ""distance"": 0, ""direction"": ""self""}]",n/a,Semantic,Dictionary,1.0,False,,containing,"[{""tk"": ""containing"", ""act"": 9.985231399536133}, {""tk"": ""city"", ""act"": 0.0}, {""tk"": ""Carolina"", ""act"": 0.0}, {""tk"": ""USA"", ""act"": 0.0}, {""tk"": ""is"", ""act"": 0.0}, {""tk"": ""Charleston"", ""act"": 0.0}, {""tk"": ""The"", ""act"": 0.0}, {""tk"": ""capital"", ""act"": 0.0}, {""tk"": ""of"", ""act"": 0.0}, {""tk"": ""Columbia"", ""act"": 0.0}, {""tk"": ""state"", ""act"": 0.0}, {""tk"": ""attribute"", ""act"": 0.0}, {""tk"": ""serving"", ""act"": 0.0}, {""tk"": ""government"", ""act"": 0.0}, {""tk"": ""located"", ""act"": 0.0}]"
0_53491,0,53491,entity: A state in the United States is South Carolina,<bos>,0,0.0,0.0,semantic,"[{""token"": ""<bos>"", ""index"": 0, ""distance"": 0, ""direction"": ""self""}]",n/a,Semantic,Dictionary,1.0,False,,capital,"[{""tk"": ""capital"", ""act"": 16.344919204711914}, {""tk"": ""city"", ""act"": 0.0}, {""tk"": ""Carolina"", ""act"": 0.0}, {""tk"": ""USA"", ""act"": 0.0}, {""tk"": ""is"", ""act"": 0.0}, {""tk"": ""Charleston"", ""act"": 0.0}, {""tk"": ""The"", ""act"": 0.0}, {""tk"": ""of"", ""act"": 0.0}, {""tk"": ""Columbia"", ""act"": 0.0}, {""tk"": ""state"", ""act"": 0.0}, {""tk"": ""attribute"", ""act"": 0.0}, {""tk"": ""serving"", ""act"": 0.0}, {""tk"": ""government"", ""act"": 0.0}, {""tk"": ""located"", ""act"": 0.0}, {""tk"": ""containing"", ""act"": 0.0}]"
0_53531,0,53531,entity: A state in the United States is South Carolina,<bos>,0,0.0,0.0,semantic,"[{""token"": ""<bos>"", ""index"": 0, ""distance"": 0, ""direction"": ""self""}]",n/a,Semantic,Dictionary,1.0,False,,capital,"[{""tk"": ""capital"", ""act"": 8.328258514404297}, {""tk"": ""city"", ""act"": 0.0}, {""tk"": ""Carolina"", ""act"": 0.0}, {""tk"": ""USA"", ""act"": 0.0}, {""tk"": ""is"", ""act"": 0.0}, {""tk"": ""Charleston"", ""act"": 0.0}, {""tk"": ""The"", ""act"": 0.0}, {""tk"": ""of"", ""act"": 0.0}, {""tk"": ""Columbia"", ""act"": 0.0}, {""tk"": ""state"", ""act"": 0.0}, {""tk"": ""attribute"", ""act"": 0.0}, {""tk"": ""serving"", ""act"": 0.0}, {""tk"": ""government"", ""act"": 0.0}, {""tk"": ""located"", ""act"": 0.0}, {""tk"": ""containing"", ""act"": 0.0}]"
0_54197,0,54197,entity: A state in the United States is South Carolina,<bos>,0,0.0,0.0,semantic,"[{""token"": ""<bos>"", ""index"": 0, ""distance"": 0, ""direction"": ""self""}]",n/a,Semantic,Dictionary,1.0,False,,containing,"[{""tk"": ""containing"", ""act"": 11.77919864654541}, {""tk"": ""city"", ""act"": 0.0}, {""tk"": ""Carolina"", ""act"": 0.0}, {""tk"": ""USA"", ""act"": 0.0}, {""tk"": ""is"", ""act"": 0.0}, {""tk"": ""Charleston"", ""act"": 0.0}, {""tk"": ""The"", ""act"": 0.0}, {""tk"": ""capital"", ""act"": 0.0}, {""tk"": ""of"", ""act"": 0.0}, {""tk"": ""Columbia"", ""act"": 0.0}, {""tk"": ""state"", ""act"": 0.0}, {""tk"": ""attribute"", ""act"": 0.0}, {""tk"": ""serving"", ""act"": 0.0}, {""tk"": ""government"", ""act"": 0.0}, {""tk"": ""located"", ""act"": 0.0}]"
0_54572,0,54572,entity: A state in the United States is South Carolina,<bos>,0,0.0,0.0,semantic,"[{""token"": ""<bos>"", ""index"": 0, ""distance"": 0, ""direction"": ""self""}]",n/a,Semantic,Dictionary (fallback),0.9,False,,The,"[{""tk"": ""The"", ""act"": 30.514068603515625}, {""tk"": ""city"", ""act"": 0.0}, {""tk"": ""Carolina"", ""act"": 0.0}, {""tk"": ""USA"", ""act"": 0.0}, {""tk"": ""is"", ""act"": 0.0}, {""tk"": ""Charleston"", ""act"": 0.0}, {""tk"": ""capital"", ""act"": 0.0}, {""tk"": ""of"", ""act"": 0.0}, {""tk"": ""Columbia"", ""act"": 0.0}, {""tk"": ""state"", ""act"": 0.0}, {""tk"": ""attribute"", ""act"": 0.0}, {""tk"": ""serving"", ""act"": 0.0}, {""tk"": ""government"", ""act"": 0.0}, {""tk"": ""located"", ""act"": 0.0}, {""tk"": ""containing"", ""act"": 0.0}]"
0_56748,0,56748,entity: A state in the United States is South Carolina,<bos>,0,0.0,0.0,semantic,"[{""token"": ""<bos>"", ""index"": 0, ""distance"": 0, ""direction"": ""self""}]",n/a,Semantic,Dictionary (fallback),0.9,False,,state,"[{""tk"": ""state"", ""act"": 13.299398422241211}, {""tk"": ""city"", ""act"": 0.0}, {""tk"": ""Carolina"", ""act"": 0.0}, {""tk"": ""USA"", ""act"": 0.0}, {""tk"": ""is"", ""act"": 0.0}, {""tk"": ""Charleston"", ""act"": 0.0}, {""tk"": ""The"", ""act"": 0.0}, {""tk"": ""capital"", ""act"": 0.0}, {""tk"": ""of"", ""act"": 0.0}, {""tk"": ""Columbia"", ""act"": 0.0}, {""tk"": ""attribute"", ""act"": 0.0}, {""tk"": ""serving"", ""act"": 0.0}, {""tk"": ""government"", ""act"": 0.0}, {""tk"": ""located"", ""act"": 0.0}, {""tk"": ""containing"", ""act"": 0.0}]"
0_58027,0,58027,entity: A state in the United States is South Carolina,<bos>,0,0.0,0.0,semantic,"[{""token"": ""<bos>"", ""index"": 0, ""distance"": 0, ""direction"": ""self""}]",n/a,Semantic,Dictionary,1.0,False,,Charleston,"[{""tk"": ""Charleston"", ""act"": 11.387641906738281}, {""tk"": ""city"", ""act"": 0.0}, {""tk"": ""Carolina"", ""act"": 0.0}, {""tk"": ""USA"", ""act"": 0.0}, {""tk"": ""is"", ""act"": 0.0}, {""tk"": ""The"", ""act"": 0.0}, {""tk"": ""capital"", ""act"": 0.0}, {""tk"": ""of"", ""act"": 0.0}, {""tk"": ""Columbia"", ""act"": 0.0}, {""tk"": ""state"", ""act"": 0.0}, {""tk"": ""attribute"", ""act"": 0.0}, {""tk"": ""serving"", ""act"": 0.0}, {""tk"": ""government"", ""act"": 0.0}, {""tk"": ""located"", ""act"": 0.0}, {""tk"": ""containing"", ""act"": 0.0}]"
0_61257,0,61257,entity: A state in the United States is South Carolina,<bos>,0,0.0,0.0,semantic,"[{""token"": ""<bos>"", ""index"": 0, ""distance"": 0, ""direction"": ""self""}]",n/a,Semantic,Dictionary (fallback),0.9,False,,state,"[{""tk"": ""state"", ""act"": 15.710807800292969}, {""tk"": ""city"", ""act"": 0.0}, {""tk"": ""Carolina"", ""act"": 0.0}, {""tk"": ""USA"", ""act"": 0.0}, {""tk"": ""is"", ""act"": 0.0}, {""tk"": ""Charleston"", ""act"": 0.0}, {""tk"": ""The"", ""act"": 0.0}, {""tk"": ""capital"", ""act"": 0.0}, {""tk"": ""of"", ""act"": 0.0}, {""tk"": ""Columbia"", ""act"": 0.0}, {""tk"": ""attribute"", ""act"": 0.0}, {""tk"": ""serving"", ""act"": 0.0}, {""tk"": ""government"", ""act"": 0.0}, {""tk"": ""located"", ""act"": 0.0}, {""tk"": ""containing"", ""act"": 0.0}]"
0_62872,0,62872,entity: A state in the United States is South Carolina,<bos>,0,0.0,0.0,semantic,"[{""token"": ""<bos>"", ""index"": 0, ""distance"": 0, ""direction"": ""self""}]",n/a,Relationship,,1.0,False,,(city) related,"[{""tk"": ""city"", ""act"": 0.0}, {""tk"": ""Carolina"", ""act"": 0.0}, {""tk"": ""USA"", ""act"": 0.0}, {""tk"": ""is"", ""act"": 0.0}, {""tk"": ""Charleston"", ""act"": 0.0}, {""tk"": ""The"", ""act"": 0.0}, {""tk"": ""capital"", ""act"": 0.0}, {""tk"": ""of"", ""act"": 0.0}, {""tk"": ""Columbia"", ""act"": 0.0}, {""tk"": ""state"", ""act"": 0.0}, {""tk"": ""attribute"", ""act"": 0.0}, {""tk"": ""serving"", ""act"": 0.0}, {""tk"": ""government"", ""act"": 0.0}, {""tk"": ""located"", ""act"": 0.0}, {""tk"": ""containing"", ""act"": 0.0}]"
0_63548,0,63548,entity: A state in the United States is South Carolina,<bos>,0,0.0,0.0,semantic,"[{""token"": ""<bos>"", ""index"": 0, ""distance"": 0, ""direction"": ""self""}]",n/a,Semantic,Dictionary,1.0,False,,capital,"[{""tk"": ""capital"", ""act"": 9.130105972290039}, {""tk"": ""city"", ""act"": 0.0}, {""tk"": ""Carolina"", ""act"": 0.0}, {""tk"": ""USA"", ""act"": 0.0}, {""tk"": ""is"", ""act"": 0.0}, {""tk"": ""Charleston"", ""act"": 0.0}, {""tk"": ""The"", ""act"": 0.0}, {""tk"": ""of"", ""act"": 0.0}, {""tk"": ""Columbia"", ""act"": 0.0}, {""tk"": ""state"", ""act"": 0.0}, {""tk"": ""attribute"", ""act"": 0.0}, {""tk"": ""serving"", ""act"": 0.0}, {""tk"": ""government"", ""act"": 0.0}, {""tk"": ""located"", ""act"": 0.0}, {""tk"": ""containing"", ""act"": 0.0}]"
0_66754,0,66754,entity: A state in the United States is South Carolina,<bos>,0,0.0,0.0,semantic,"[{""token"": ""<bos>"", ""index"": 0, ""distance"": 0, ""direction"": ""self""}]",n/a,Semantic,Dictionary,1.0,False,,containing,"[{""tk"": ""containing"", ""act"": 12.251155853271484}, {""tk"": ""city"", ""act"": 0.0}, {""tk"": ""Carolina"", ""act"": 0.0}, {""tk"": ""USA"", ""act"": 0.0}, {""tk"": ""is"", ""act"": 0.0}, {""tk"": ""Charleston"", ""act"": 0.0}, {""tk"": ""The"", ""act"": 0.0}, {""tk"": ""capital"", ""act"": 0.0}, {""tk"": ""of"", ""act"": 0.0}, {""tk"": ""Columbia"", ""act"": 0.0}, {""tk"": ""state"", ""act"": 0.0}, {""tk"": ""attribute"", ""act"": 0.0}, {""tk"": ""serving"", ""act"": 0.0}, {""tk"": ""government"", ""act"": 0.0}, {""tk"": ""located"", ""act"": 0.0}]"
0_67553,0,67553,entity: A state in the United States is South Carolina,<bos>,0,0.0,0.0,semantic,"[{""token"": ""<bos>"", ""index"": 0, ""distance"": 0, ""direction"": ""self""}]",n/a,Semantic,Dictionary,1.0,False,,containing,"[{""tk"": ""containing"", ""act"": 16.307926177978516}, {""tk"": ""city"", ""act"": 0.0}, {""tk"": ""Carolina"", ""act"": 0.0}, {""tk"": ""USA"", ""act"": 0.0}, {""tk"": ""is"", ""act"": 0.0}, {""tk"": ""Charleston"", ""act"": 0.0}, {""tk"": ""The"", ""act"": 0.0}, {""tk"": ""capital"", ""act"": 0.0}, {""tk"": ""of"", ""act"": 0.0}, {""tk"": ""Columbia"", ""act"": 0.0}, {""tk"": ""state"", ""act"": 0.0}, {""tk"": ""attribute"", ""act"": 0.0}, {""tk"": ""serving"", ""act"": 0.0}, {""tk"": ""government"", ""act"": 0.0}, {""tk"": ""located"", ""act"": 0.0}]"
0_68367,0,68367,entity: A state in the United States is South Carolina,<bos>,0,0.0,0.0,semantic,"[{""token"": ""<bos>"", ""index"": 0, ""distance"": 0, ""direction"": ""self""}]",n/a,Semantic,Dictionary,1.0,False,,Charleston,"[{""tk"": ""Charleston"", ""act"": 9.428169250488281}, {""tk"": ""city"", ""act"": 0.0}, {""tk"": ""Carolina"", ""act"": 0.0}, {""tk"": ""USA"", ""act"": 0.0}, {""tk"": ""is"", ""act"": 0.0}, {""tk"": ""The"", ""act"": 0.0}, {""tk"": ""capital"", ""act"": 0.0}, {""tk"": ""of"", ""act"": 0.0}, {""tk"": ""Columbia"", ""act"": 0.0}, {""tk"": ""state"", ""act"": 0.0}, {""tk"": ""attribute"", ""act"": 0.0}, {""tk"": ""serving"", ""act"": 0.0}, {""tk"": ""government"", ""act"": 0.0}, {""tk"": ""located"", ""act"": 0.0}, {""tk"": ""containing"", ""act"": 0.0}]"
0_68987,0,68987,entity: A state in the United States is South Carolina,<bos>,0,0.0,0.0,semantic,"[{""token"": ""<bos>"", ""index"": 0, ""distance"": 0, ""direction"": ""self""}]",n/a,Semantic,Dictionary,1.0,False,,capital,"[{""tk"": ""capital"", ""act"": 9.928791046142578}, {""tk"": ""city"", ""act"": 0.0}, {""tk"": ""Carolina"", ""act"": 0.0}, {""tk"": ""USA"", ""act"": 0.0}, {""tk"": ""is"", ""act"": 0.0}, {""tk"": ""Charleston"", ""act"": 0.0}, {""tk"": ""The"", ""act"": 0.0}, {""tk"": ""of"", ""act"": 0.0}, {""tk"": ""Columbia"", ""act"": 0.0}, {""tk"": ""state"", ""act"": 0.0}, {""tk"": ""attribute"", ""act"": 0.0}, {""tk"": ""serving"", ""act"": 0.0}, {""tk"": ""government"", ""act"": 0.0}, {""tk"": ""located"", ""act"": 0.0}, {""tk"": ""containing"", ""act"": 0.0}]"
0_73514,0,73514,entity: A state in the United States is South Carolina,<bos>,0,0.0,0.0,semantic,"[{""token"": ""<bos>"", ""index"": 0, ""distance"": 0, ""direction"": ""self""}]",n/a,Relationship,,1.0,False,,(city) related,"[{""tk"": ""city"", ""act"": 0.0}, {""tk"": ""Carolina"", ""act"": 0.0}, {""tk"": ""USA"", ""act"": 0.0}, {""tk"": ""is"", ""act"": 0.0}, {""tk"": ""Charleston"", ""act"": 0.0}, {""tk"": ""The"", ""act"": 0.0}, {""tk"": ""capital"", ""act"": 0.0}, {""tk"": ""of"", ""act"": 0.0}, {""tk"": ""Columbia"", ""act"": 0.0}, {""tk"": ""state"", ""act"": 0.0}, {""tk"": ""attribute"", ""act"": 0.0}, {""tk"": ""serving"", ""act"": 0.0}, {""tk"": ""government"", ""act"": 0.0}, {""tk"": ""located"", ""act"": 0.0}, {""tk"": ""containing"", ""act"": 0.0}]"
0_73833,0,73833,entity: A state in the United States is South Carolina,<bos>,0,0.0,0.0,semantic,"[{""token"": ""<bos>"", ""index"": 0, ""distance"": 0, ""direction"": ""self""}]",n/a,Semantic,Dictionary,1.0,False,,containing,"[{""tk"": ""containing"", ""act"": 11.570135116577148}, {""tk"": ""city"", ""act"": 0.0}, {""tk"": ""Carolina"", ""act"": 0.0}, {""tk"": ""USA"", ""act"": 0.0}, {""tk"": ""is"", ""act"": 0.0}, {""tk"": ""Charleston"", ""act"": 0.0}, {""tk"": ""The"", ""act"": 0.0}, {""tk"": ""capital"", ""act"": 0.0}, {""tk"": ""of"", ""act"": 0.0}, {""tk"": ""Columbia"", ""act"": 0.0}, {""tk"": ""state"", ""act"": 0.0}, {""tk"": ""attribute"", ""act"": 0.0}, {""tk"": ""serving"", ""act"": 0.0}, {""tk"": ""government"", ""act"": 0.0}, {""tk"": ""located"", ""act"": 0.0}]"
0_96776,0,96776,entity: A state in the United States is South Carolina,<bos>,0,0.0,0.0,semantic,"[{""token"": ""<bos>"", ""index"": 0, ""distance"": 0, ""direction"": ""self""}]",n/a,Semantic,Dictionary,1.0,False,,Charleston,"[{""tk"": ""Charleston"", ""act"": 8.00781536102295}, {""tk"": ""city"", ""act"": 0.0}, {""tk"": ""Carolina"", ""act"": 0.0}, {""tk"": ""USA"", ""act"": 0.0}, {""tk"": ""is"", ""act"": 0.0}, {""tk"": ""The"", ""act"": 0.0}, {""tk"": ""capital"", ""act"": 0.0}, {""tk"": ""of"", ""act"": 0.0}, {""tk"": ""Columbia"", ""act"": 0.0}, {""tk"": ""state"", ""act"": 0.0}, {""tk"": ""attribute"", ""act"": 0.0}, {""tk"": ""serving"", ""act"": 0.0}, {""tk"": ""government"", ""act"": 0.0}, {""tk"": ""located"", ""act"": 0.0}, {""tk"": ""containing"", ""act"": 0.0}]"
1_12928,1,12928,entity: A state in the United States is South Carolina,<bos>,0,424.16802978515625,0.7307124699627656,semantic,"[{""token"": ""<bos>"", ""index"": 0, ""distance"": 0, ""direction"": ""self""}]",n/a,Semantic,Dictionary (fallback),0.9,False,,Semantic (unknown),"[{""tk"": ""attribute"", ""act"": 116.61937713623047}, {""tk"": ""city"", ""act"": 102.33412170410156}, {""tk"": ""Columbia"", ""act"": 99.24443054199219}, {""tk"": ""Carolina"", ""act"": 94.60506439208984}, {""tk"": ""Charleston"", ""act"": 92.46700286865234}, {""tk"": ""state"", ""act"": 91.09199523925781}, {""tk"": ""is"", ""act"": 87.51624298095703}, {""tk"": ""government"", ""act"": 86.91158294677734}, {""tk"": ""the"", ""act"": 86.17095947265625}, {""tk"": ""located"", ""act"": 77.41014862060547}, {""tk"": ""USA"", ""act"": 75.30310821533203}, {""tk"": ""capital"", ""act"": 74.68241882324219}, {""tk"": ""of"", ""act"": 68.17405700683594}, {""tk"": ""serving"", ""act"": 64.7063980102539}, {""tk"": ""containing"", ""act"": 62.237648010253906}]"
1_57794,1,57794,entity: A state in the United States is South Carolina,<bos>,0,388.9519348144531,0.7282424412387525,semantic,"[{""token"": ""<bos>"", ""index"": 0, ""distance"": 0, ""direction"": ""self""}]",n/a,Semantic,Dictionary (fallback),0.9,False,,Semantic (unknown),"[{""tk"": ""attribute"", ""act"": 125.1230239868164}, {""tk"": ""The"", ""act"": 90.81844329833984}, {""tk"": ""is"", ""act"": 86.76908111572266}, {""tk"": ""state"", ""act"": 85.2448959350586}, {""tk"": ""of"", ""act"": 81.49526977539062}, {""tk"": ""serving"", ""act"": 81.41454315185547}, {""tk"": ""Charleston"", ""act"": 80.3638687133789}, {""tk"": ""USA"", ""act"": 79.97205352783203}, {""tk"": ""city"", ""act"": 78.5748291015625}, {""tk"": ""government"", ""act"": 78.36383819580078}, {""tk"": ""capital"", ""act"": 77.23419952392578}, {""tk"": ""located"", ""act"": 75.95323944091797}, {""tk"": ""Carolina"", ""act"": 75.86783599853516}, {""tk"": ""containing"", ""act"": 74.69670104980469}, {""tk"": ""Columbia"", ""act"": 71.81240844726562}]"
1_52044,1,52044,entity: A state in the United States is South Carolina, state,4,95.1275634765625,0.2633221445245749,semantic,"[{""token"": "" state"", ""index"": 4, ""distance"": 0, ""direction"": ""self""}]",n/a,Relationship,,1.0,False,,(containing) related,"[{""tk"": ""containing"", ""act"": 125.91358184814453}, {""tk"": ""capital"", ""act"": 118.56844329833984}, {""tk"": ""located"", ""act"": 115.86267852783203}, {""tk"": ""city"", ""act"": 112.72059631347656}, {""tk"": ""state"", ""act"": 110.67672729492188}, {""tk"": ""serving"", ""act"": 106.8580551147461}, {""tk"": ""USA"", ""act"": 103.16213989257812}, {""tk"": ""is"", ""act"": 96.33961486816406}, {""tk"": ""government"", ""act"": 92.29335021972656}, {""tk"": ""The"", ""act"": 81.9691162109375}, {""tk"": ""Carolina"", ""act"": 80.77632141113281}, {""tk"": ""of"", ""act"": 75.42842864990234}, {""tk"": ""Charleston"", ""act"": 67.51875305175781}, {""tk"": ""Columbia"", ""act"": 44.87030029296875}, {""tk"": ""attribute"", ""act"": 43.5494384765625}]"
1_72774,1,72774,entity: A state in the United States is South Carolina, state,4,91.85028076171876,0.3032177194949746,semantic,"[{""token"": "" state"", ""index"": 4, ""distance"": 0, ""direction"": ""self""}]",n/a,Relationship,,1.0,False,,(serving) related,"[{""tk"": ""serving"", ""act"": 112.18031311035156}, {""tk"": ""capital"", ""act"": 102.21701049804688}, {""tk"": ""city"", ""act"": 98.39340209960938}, {""tk"": ""containing"", ""act"": 97.6826171875}, {""tk"": ""Columbia"", ""act"": 95.98713684082031}, {""tk"": ""state"", ""act"": 91.85028076171875}, {""tk"": ""is"", ""act"": 90.29220581054688}, {""tk"": ""Charleston"", ""act"": 87.18460083007812}, {""tk"": ""USA"", ""act"": 85.39593505859375}, {""tk"": ""government"", ""act"": 84.53697204589844}, {""tk"": ""located"", ""act"": 84.2203369140625}, {""tk"": ""the"", ""act"": 78.6541748046875}, {""tk"": ""of"", ""act"": 78.48052978515625}, {""tk"": ""Carolina"", ""act"": 64.49211120605469}, {""tk"": ""attribute"", ""act"": 23.17362403869629}]"
1_74380,1,74380,entity: A state in the United States is South Carolina,<bos>,0,2.384669780731201,0.9166666666666666,semantic,"[{""token"": ""<bos>"", ""index"": 0, ""distance"": 0, ""direction"": ""self""}]",n/a,Semantic,Dictionary,1.0,False,,capital,"[{""tk"": ""capital"", ""act"": 17.934070587158203}, {""tk"": ""city"", ""act"": 0.0}, {""tk"": ""Carolina"", ""act"": 0.0}, {""tk"": ""USA"", ""act"": 0.0}, {""tk"": ""is"", ""act"": 0.0}, {""tk"": ""Charleston"", ""act"": 0.0}, {""tk"": ""The"", ""act"": 0.0}, {""tk"": ""of"", ""act"": 0.0}, {""tk"": ""Columbia"", ""act"": 0.0}, {""tk"": ""state"", ""act"": 0.0}, {""tk"": ""attribute"", ""act"": 0.0}, {""tk"": ""serving"", ""act"": 0.0}, {""tk"": ""government"", ""act"": 0.0}, {""tk"": ""located"", ""act"": 0.0}, {""tk"": ""containing"", ""act"": 0.0}]"
1_92117,1,92117,entity: A state in the United States is South Carolina, is,9,0.2076821327209472,0.9166666666666669,functional,"[{""token"": "" South"", ""index"": 10, ""distance"": 1, ""direction"": ""forward""}]",json,Semantic,Dictionary (fallback),0.9,False,,is,"[{""tk"": ""is"", ""act"": 0.20768213272094727}, {""tk"": ""city"", ""act"": 0.0}, {""tk"": ""Carolina"", ""act"": 0.0}, {""tk"": ""USA"", ""act"": 0.0}, {""tk"": ""Charleston"", ""act"": 0.0}, {""tk"": ""The"", ""act"": 0.0}, {""tk"": ""capital"", ""act"": 0.0}, {""tk"": ""of"", ""act"": 0.0}, {""tk"": ""Columbia"", ""act"": 0.0}, {""tk"": ""state"", ""act"": 0.0}, {""tk"": ""attribute"", ""act"": 0.0}, {""tk"": ""serving"", ""act"": 0.0}, {""tk"": ""government"", ""act"": 0.0}, {""tk"": ""located"", ""act"": 0.0}, {""tk"": ""containing"", ""act"": 0.0}]"
1_41482,1,41482,entity: A state in the United States is South Carolina,<bos>,0,0.0,0.0,semantic,"[{""token"": ""<bos>"", ""index"": 0, ""distance"": 0, ""direction"": ""self""}]",n/a,Semantic,Dictionary,1.0,False,,Charleston,"[{""tk"": ""Charleston"", ""act"": 15.813238143920898}, {""tk"": ""city"", ""act"": 0.0}, {""tk"": ""Carolina"", ""act"": 0.0}, {""tk"": ""USA"", ""act"": 0.0}, {""tk"": ""is"", ""act"": 0.0}, {""tk"": ""The"", ""act"": 0.0}, {""tk"": ""capital"", ""act"": 0.0}, {""tk"": ""of"", ""act"": 0.0}, {""tk"": ""Columbia"", ""act"": 0.0}, {""tk"": ""state"", ""act"": 0.0}, {""tk"": ""attribute"", ""act"": 0.0}, {""tk"": ""serving"", ""act"": 0.0}, {""tk"": ""government"", ""act"": 0.0}, {""tk"": ""located"", ""act"": 0.0}, {""tk"": ""containing"", ""act"": 0.0}]"
1_64129,1,64129,entity: A state in the United States is South Carolina,<bos>,0,0.0,0.0,semantic,"[{""token"": ""<bos>"", ""index"": 0, ""distance"": 0, ""direction"": ""self""}]",n/a,Relationship,,1.0,False,,(city) related,"[{""tk"": ""city"", ""act"": 0.0}, {""tk"": ""Carolina"", ""act"": 0.0}, {""tk"": ""USA"", ""act"": 0.0}, {""tk"": ""is"", ""act"": 0.0}, {""tk"": ""Charleston"", ""act"": 0.0}, {""tk"": ""The"", ""act"": 0.0}, {""tk"": ""capital"", ""act"": 0.0}, {""tk"": ""of"", ""act"": 0.0}, {""tk"": ""Columbia"", ""act"": 0.0}, {""tk"": ""state"", ""act"": 0.0}, {""tk"": ""attribute"", ""act"": 0.0}, {""tk"": ""serving"", ""act"": 0.0}, {""tk"": ""government"", ""act"": 0.0}, {""tk"": ""located"", ""act"": 0.0}, {""tk"": ""containing"", ""act"": 0.0}]"
1_85217,1,85217,entity: A state in the United States is South Carolina,<bos>,0,0.0,0.0,semantic,"[{""token"": ""<bos>"", ""index"": 0, ""distance"": 0, ""direction"": ""self""}]",n/a,Semantic,Dictionary,1.0,False,,capital,"[{""tk"": ""capital"", ""act"": 20.99380874633789}, {""tk"": ""city"", ""act"": 0.0}, {""tk"": ""Carolina"", ""act"": 0.0}, {""tk"": ""USA"", ""act"": 0.0}, {""tk"": ""is"", ""act"": 0.0}, {""tk"": ""Charleston"", ""act"": 0.0}, {""tk"": ""The"", ""act"": 0.0}, {""tk"": ""of"", ""act"": 0.0}, {""tk"": ""Columbia"", ""act"": 0.0}, {""tk"": ""state"", ""act"": 0.0}, {""tk"": ""attribute"", ""act"": 0.0}, {""tk"": ""serving"", ""act"": 0.0}, {""tk"": ""government"", ""act"": 0.0}, {""tk"": ""located"", ""act"": 0.0}, {""tk"": ""containing"", ""act"": 0.0}]"
2_1890,2,1890,entity: A state in the United States is South Carolina,<bos>,0,0.0,0.0,semantic,"[{""token"": ""<bos>"", ""index"": 0, ""distance"": 0, ""direction"": ""self""}]",n/a,Semantic,Dictionary,1.0,False,,capital,"[{""tk"": ""capital"", ""act"": 25.489017486572266}, {""tk"": ""city"", ""act"": 0.0}, {""tk"": ""Carolina"", ""act"": 0.0}, {""tk"": ""USA"", ""act"": 0.0}, {""tk"": ""is"", ""act"": 0.0}, {""tk"": ""Charleston"", ""act"": 0.0}, {""tk"": ""The"", ""act"": 0.0}, {""tk"": ""of"", ""act"": 0.0}, {""tk"": ""Columbia"", ""act"": 0.0}, {""tk"": ""state"", ""act"": 0.0}, {""tk"": ""attribute"", ""act"": 0.0}, {""tk"": ""serving"", ""act"": 0.0}, {""tk"": ""government"", ""act"": 0.0}, {""tk"": ""located"", ""act"": 0.0}, {""tk"": ""containing"", ""act"": 0.0}]"
2_4865,2,4865,entity: A state in the United States is South Carolina,<bos>,0,0.0,0.0,semantic,"[{""token"": ""<bos>"", ""index"": 0, ""distance"": 0, ""direction"": ""self""}]",n/a,Semantic,Dictionary,1.0,False,,capital,"[{""tk"": ""capital"", ""act"": 3.5495402812957764}, {""tk"": ""city"", ""act"": 0.0}, {""tk"": ""Carolina"", ""act"": 0.0}, {""tk"": ""USA"", ""act"": 0.0}, {""tk"": ""is"", ""act"": 0.0}, {""tk"": ""Charleston"", ""act"": 0.0}, {""tk"": ""The"", ""act"": 0.0}, {""tk"": ""of"", ""act"": 0.0}, {""tk"": ""Columbia"", ""act"": 0.0}, {""tk"": ""state"", ""act"": 0.0}, {""tk"": ""attribute"", ""act"": 0.0}, {""tk"": ""serving"", ""act"": 0.0}, {""tk"": ""government"", ""act"": 0.0}, {""tk"": ""located"", ""act"": 0.0}, {""tk"": ""containing"", ""act"": 0.0}]"
2_57996,2,57996,entity: A state in the United States is South Carolina,<bos>,0,0.0,0.0,semantic,"[{""token"": ""<bos>"", ""index"": 0, ""distance"": 0, ""direction"": ""self""}]",n/a,Semantic,Dictionary,1.0,False,,Charleston,"[{""tk"": ""Charleston"", ""act"": 21.63900375366211}, {""tk"": ""city"", ""act"": 0.0}, {""tk"": ""Carolina"", ""act"": 0.0}, {""tk"": ""USA"", ""act"": 0.0}, {""tk"": ""is"", ""act"": 0.0}, {""tk"": ""The"", ""act"": 0.0}, {""tk"": ""capital"", ""act"": 0.0}, {""tk"": ""of"", ""act"": 0.0}, {""tk"": ""Columbia"", ""act"": 0.0}, {""tk"": ""state"", ""act"": 0.0}, {""tk"": ""attribute"", ""act"": 0.0}, {""tk"": ""serving"", ""act"": 0.0}, {""tk"": ""government"", ""act"": 0.0}, {""tk"": ""located"", ""act"": 0.0}, {""tk"": ""containing"", ""act"": 0.0}]"
2_96724,2,96724,entity: A state in the United States is South Carolina,<bos>,0,0.0,0.0,semantic,"[{""token"": ""<bos>"", ""index"": 0, ""distance"": 0, ""direction"": ""self""}]",n/a,Semantic,Dictionary (fallback),0.9,False,,Charleston,"[{""tk"": ""Charleston"", ""act"": 22.84125518798828}, {""tk"": ""Columbia"", ""act"": 9.788034439086914}, {""tk"": ""city"", ""act"": 0.0}, {""tk"": ""Carolina"", ""act"": 0.0}, {""tk"": ""USA"", ""act"": 0.0}, {""tk"": ""is"", ""act"": 0.0}, {""tk"": ""The"", ""act"": 0.0}, {""tk"": ""capital"", ""act"": 0.0}, {""tk"": ""of"", ""act"": 0.0}, {""tk"": ""state"", ""act"": 0.0}, {""tk"": ""attribute"", ""act"": 0.0}, {""tk"": ""serving"", ""act"": 0.0}, {""tk"": ""government"", ""act"": 0.0}, {""tk"": ""located"", ""act"": 0.0}, {""tk"": ""containing"", ""act"": 0.0}]"
3_52779,3,52779,entity: A state in the United States is South Carolina,<bos>,0,57.88114547729492,0.8445679672826543,semantic,"[{""token"": ""<bos>"", ""index"": 0, ""distance"": 0, ""direction"": ""self""}]",n/a,Semantic,Dictionary (fallback),0.9,False,,Semantic (unknown),"[{""tk"": ""containing"", ""act"": 17.660171508789062}, {""tk"": ""the"", ""act"": 13.811017036437988}, {""tk"": ""is"", ""act"": 13.126309394836426}, {""tk"": ""city"", ""act"": 0.0}, {""tk"": ""Carolina"", ""act"": 0.0}, {""tk"": ""USA"", ""act"": 0.0}, {""tk"": ""Charleston"", ""act"": 0.0}, {""tk"": ""capital"", ""act"": 0.0}, {""tk"": ""of"", ""act"": 0.0}, {""tk"": ""Columbia"", ""act"": 0.0}, {""tk"": ""state"", ""act"": 0.0}, {""tk"": ""attribute"", ""act"": 0.0}, {""tk"": ""serving"", ""act"": 0.0}, {""tk"": ""government"", ""act"": 0.0}, {""tk"": ""located"", ""act"": 0.0}]"
3_91022,3,91022,entity: A state in the United States is South Carolina,<bos>,0,11.15066909790039,0.9166666666666666,semantic,"[{""token"": ""<bos>"", ""index"": 0, ""distance"": 0, ""direction"": ""self""}]",n/a,Semantic,Dictionary (fallback),0.9,False,,Semantic (unknown),"[{""tk"": ""containing"", ""act"": 6.780716419219971}, {""tk"": ""serving"", ""act"": 5.3664069175720215}, {""tk"": ""city"", ""act"": 0.0}, {""tk"": ""Carolina"", ""act"": 0.0}, {""tk"": ""USA"", ""act"": 0.0}, {""tk"": ""is"", ""act"": 0.0}, {""tk"": ""Charleston"", ""act"": 0.0}, {""tk"": ""The"", ""act"": 0.0}, {""tk"": ""capital"", ""act"": 0.0}, {""tk"": ""of"", ""act"": 0.0}, {""tk"": ""Columbia"", ""act"": 0.0}, {""tk"": ""state"", ""act"": 0.0}, {""tk"": ""attribute"", ""act"": 0.0}, {""tk"": ""government"", ""act"": 0.0}, {""tk"": ""located"", ""act"": 0.0}]"
3_46428,3,46428,entity: A state in the United States is South Carolina,<bos>,0,1.9693604707717896,0.9166666666666666,semantic,"[{""token"": ""<bos>"", ""index"": 0, ""distance"": 0, ""direction"": ""self""}]",n/a,Semantic,Dictionary (fallback),0.9,False,,Semantic (unknown),"[{""tk"": ""city"", ""act"": 0.0}, {""tk"": ""Carolina"", ""act"": 0.0}, {""tk"": ""USA"", ""act"": 0.0}, {""tk"": ""is"", ""act"": 0.0}, {""tk"": ""Charleston"", ""act"": 0.0}, {""tk"": ""The"", ""act"": 0.0}, {""tk"": ""capital"", ""act"": 0.0}, {""tk"": ""of"", ""act"": 0.0}, {""tk"": ""Columbia"", ""act"": 0.0}, {""tk"": ""state"", ""act"": 0.0}, {""tk"": ""attribute"", ""act"": 0.0}, {""tk"": ""serving"", ""act"": 0.0}, {""tk"": ""government"", ""act"": 0.0}, {""tk"": ""located"", ""act"": 0.0}, {""tk"": ""containing"", ""act"": 0.0}]"
3_13967,3,13967,entity: A state in the United States is South Carolina,<bos>,0,0.0,0.0,semantic,"[{""token"": ""<bos>"", ""index"": 0, ""distance"": 0, ""direction"": ""self""}]",n/a,Semantic,Dictionary (fallback),0.9,False,,of,"[{""tk"": ""of"", ""act"": 11.243531227111816}, {""tk"": ""is"", ""act"": 8.519635200500488}, {""tk"": ""the"", ""act"": 0.35361218452453613}, {""tk"": ""city"", ""act"": 0.0}, {""tk"": ""Carolina"", ""act"": 0.0}, {""tk"": ""USA"", ""act"": 0.0}, {""tk"": ""Charleston"", ""act"": 0.0}, {""tk"": ""capital"", ""act"": 0.0}, {""tk"": ""Columbia"", ""act"": 0.0}, {""tk"": ""state"", ""act"": 0.0}, {""tk"": ""attribute"", ""act"": 0.0}, {""tk"": ""serving"", ""act"": 0.0}, {""tk"": ""government"", ""act"": 0.0}, {""tk"": ""located"", ""act"": 0.0}, {""tk"": ""containing"", ""act"": 0.0}]"
3_28747,3,28747,entity: A state in the United States is South Carolina,<bos>,0,0.0,0.0,semantic,"[{""token"": ""<bos>"", ""index"": 0, ""distance"": 0, ""direction"": ""self""}]",n/a,Semantic,Dictionary (fallback),0.9,False,,of,"[{""tk"": ""of"", ""act"": 17.464412689208984}, {""tk"": ""is"", ""act"": 1.1901960372924805}, {""tk"": ""city"", ""act"": 0.0}, {""tk"": ""Carolina"", ""act"": 0.0}, {""tk"": ""USA"", ""act"": 0.0}, {""tk"": ""Charleston"", ""act"": 0.0}, {""tk"": ""The"", ""act"": 0.0}, {""tk"": ""capital"", ""act"": 0.0}, {""tk"": ""Columbia"", ""act"": 0.0}, {""tk"": ""state"", ""act"": 0.0}, {""tk"": ""attribute"", ""act"": 0.0}, {""tk"": ""serving"", ""act"": 0.0}, {""tk"": ""government"", ""act"": 0.0}, {""tk"": ""located"", ""act"": 0.0}, {""tk"": ""containing"", ""act"": 0.0}]"
3_93843,3,93843,entity: A state in the United States is South Carolina,<bos>,0,0.0,0.0,semantic,"[{""token"": ""<bos>"", ""index"": 0, ""distance"": 0, ""direction"": ""self""}]",n/a,Semantic,Dictionary (fallback),0.9,False,,is,"[{""tk"": ""is"", ""act"": 6.0081682205200195}, {""tk"": ""city"", ""act"": 0.0}, {""tk"": ""Carolina"", ""act"": 0.0}, {""tk"": ""USA"", ""act"": 0.0}, {""tk"": ""Charleston"", ""act"": 0.0}, {""tk"": ""The"", ""act"": 0.0}, {""tk"": ""capital"", ""act"": 0.0}, {""tk"": ""of"", ""act"": 0.0}, {""tk"": ""Columbia"", ""act"": 0.0}, {""tk"": ""state"", ""act"": 0.0}, {""tk"": ""attribute"", ""act"": 0.0}, {""tk"": ""serving"", ""act"": 0.0}, {""tk"": ""government"", ""act"": 0.0}, {""tk"": ""located"", ""act"": 0.0}, {""tk"": ""containing"", ""act"": 0.0}]"
4_3920,4,3920,entity: A state in the United States is South Carolina,<bos>,0,159.3799591064453,0.902545343371908,semantic,"[{""token"": ""<bos>"", ""index"": 0, ""distance"": 0, ""direction"": ""self""}]",n/a,Semantic,Concept,0.7,False,,Semantic (unknown),"[{""tk"": ""attribute"", ""act"": 19.900348663330078}, {""tk"": ""city"", ""act"": 0.0}, {""tk"": ""Carolina"", ""act"": 0.0}, {""tk"": ""USA"", ""act"": 0.0}, {""tk"": ""is"", ""act"": 0.0}, {""tk"": ""Charleston"", ""act"": 0.0}, {""tk"": ""The"", ""act"": 0.0}, {""tk"": ""capital"", ""act"": 0.0}, {""tk"": ""of"", ""act"": 0.0}, {""tk"": ""Columbia"", ""act"": 0.0}, {""tk"": ""state"", ""act"": 0.0}, {""tk"": ""serving"", ""act"": 0.0}, {""tk"": ""government"", ""act"": 0.0}, {""tk"": ""located"", ""act"": 0.0}, {""tk"": ""containing"", ""act"": 0.0}]"
4_83635,4,83635,entity: A state in the United States is South Carolina, Carolina,11,22.328332901000977,0.6171563668388093,semantic,"[{""token"": "" Carolina"", ""index"": 11, ""distance"": 0, ""direction"": ""self""}]",n/a,Semantic,Concept,0.7,False,,city,"[{""tk"": ""city"", ""act"": 29.045270919799805}, {""tk"": ""attribute"", ""act"": 28.14508056640625}, {""tk"": ""Carolina"", ""act"": 22.328332901000977}, {""tk"": ""capital"", ""act"": 21.525239944458008}, {""tk"": ""state"", ""act"": 19.251550674438477}, {""tk"": ""Charleston"", ""act"": 17.917591094970703}, {""tk"": ""USA"", ""act"": 16.147647857666016}, {""tk"": ""government"", ""act"": 13.456141471862793}, {""tk"": ""Columbia"", ""act"": 8.776371002197266}, {""tk"": ""of"", ""act"": 8.01102066040039}, {""tk"": ""containing"", ""act"": 7.884756565093994}, {""tk"": ""located"", ""act"": 6.051679611206055}, {""tk"": ""is"", ""act"": 5.889745235443115}, {""tk"": ""The"", ""act"": 0.0}, {""tk"": ""serving"", ""act"": 0.0}]"
4_3432,4,3432,entity: A state in the United States is South Carolina, is,9,3.6186537742614746,0.9166666666666669,functional,"[{""token"": "" South"", ""index"": 10, ""distance"": 1, ""direction"": ""forward""}]",json,Semantic,Ambiguous,0.3,True,"Ambiguous: peak_cons=0.50, n_peaks=1, func_vs_sem=100.0%, layer=4",is,"[{""tk"": ""is"", ""act"": 16.331043243408203}, {""tk"": ""city"", ""act"": 0.0}, {""tk"": ""Carolina"", ""act"": 0.0}, {""tk"": ""USA"", ""act"": 0.0}, {""tk"": ""Charleston"", ""act"": 0.0}, {""tk"": ""The"", ""act"": 0.0}, {""tk"": ""capital"", ""act"": 0.0}, {""tk"": ""of"", ""act"": 0.0}, {""tk"": ""Columbia"", ""act"": 0.0}, {""tk"": ""state"", ""act"": 0.0}, {""tk"": ""attribute"", ""act"": 0.0}, {""tk"": ""serving"", ""act"": 0.0}, {""tk"": ""government"", ""act"": 0.0}, {""tk"": ""located"", ""act"": 0.0}, {""tk"": ""containing"", ""act"": 0.0}]"
4_52384,4,52384,entity: A state in the United States is South Carolina,<bos>,0,1.1977276802062988,0.9166666666666666,semantic,"[{""token"": ""<bos>"", ""index"": 0, ""distance"": 0, ""direction"": ""self""}]",n/a,Semantic,Concept,0.6,False,,Semantic (unknown),"[{""tk"": ""of"", ""act"": 19.165246963500977}, {""tk"": ""Carolina"", ""act"": 12.880584716796875}, {""tk"": ""is"", ""act"": 1.836683750152588}, {""tk"": ""state"", ""act"": 1.426936149597168}, {""tk"": ""city"", ""act"": 0.0}, {""tk"": ""USA"", ""act"": 0.0}, {""tk"": ""Charleston"", ""act"": 0.0}, {""tk"": ""The"", ""act"": 0.0}, {""tk"": ""capital"", ""act"": 0.0}, {""tk"": ""Columbia"", ""act"": 0.0}, {""tk"": ""attribute"", ""act"": 0.0}, {""tk"": ""serving"", ""act"": 0.0}, {""tk"": ""government"", ""act"": 0.0}, {""tk"": ""located"", ""act"": 0.0}, {""tk"": ""containing"", ""act"": 0.0}]"
4_54078,4,54078,entity: A state in the United States is South Carolina,<bos>,0,0.0,0.0,semantic,"[{""token"": ""<bos>"", ""index"": 0, ""distance"": 0, ""direction"": ""self""}]",n/a,Relationship,,1.0,False,,(city) related,"[{""tk"": ""city"", ""act"": 0.0}, {""tk"": ""Carolina"", ""act"": 0.0}, {""tk"": ""USA"", ""act"": 0.0}, {""tk"": ""is"", ""act"": 0.0}, {""tk"": ""Charleston"", ""act"": 0.0}, {""tk"": ""The"", ""act"": 0.0}, {""tk"": ""capital"", ""act"": 0.0}, {""tk"": ""of"", ""act"": 0.0}, {""tk"": ""Columbia"", ""act"": 0.0}, {""tk"": ""state"", ""act"": 0.0}, {""tk"": ""attribute"", ""act"": 0.0}, {""tk"": ""serving"", ""act"": 0.0}, {""tk"": ""government"", ""act"": 0.0}, {""tk"": ""located"", ""act"": 0.0}, {""tk"": ""containing"", ""act"": 0.0}]"
4_55831,4,55831,entity: A state in the United States is South Carolina,<bos>,0,0.0,0.0,semantic,"[{""token"": ""<bos>"", ""index"": 0, ""distance"": 0, ""direction"": ""self""}]",n/a,Semantic,Dictionary,1.0,False,,capital,"[{""tk"": ""capital"", ""act"": 29.359546661376953}, {""tk"": ""city"", ""act"": 11.154122352600098}, {""tk"": ""is"", ""act"": 3.0443811416625977}, {""tk"": ""Carolina"", ""act"": 0.0}, {""tk"": ""USA"", ""act"": 0.0}, {""tk"": ""Charleston"", ""act"": 0.0}, {""tk"": ""The"", ""act"": 0.0}, {""tk"": ""of"", ""act"": 0.0}, {""tk"": ""Columbia"", ""act"": 0.0}, {""tk"": ""state"", ""act"": 0.0}, {""tk"": ""attribute"", ""act"": 0.0}, {""tk"": ""serving"", ""act"": 0.0}, {""tk"": ""government"", ""act"": 0.0}, {""tk"": ""located"", ""act"": 0.0}, {""tk"": ""containing"", ""act"": 0.0}]"
4_58113,4,58113,entity: A state in the United States is South Carolina,<bos>,0,0.0,0.0,semantic,"[{""token"": ""<bos>"", ""index"": 0, ""distance"": 0, ""direction"": ""self""}]",n/a,Semantic,Concept,0.7077726636889586,False,,city,"[{""tk"": ""city"", ""act"": 8.659708023071289}, {""tk"": ""of"", ""act"": 6.1291046142578125}, {""tk"": ""is"", ""act"": 4.793331146240234}, {""tk"": ""containing"", ""act"": 0.11254596710205078}, {""tk"": ""Carolina"", ""act"": 0.0}, {""tk"": ""USA"", ""act"": 0.0}, {""tk"": ""Charleston"", ""act"": 0.0}, {""tk"": ""The"", ""act"": 0.0}, {""tk"": ""capital"", ""act"": 0.0}, {""tk"": ""Columbia"", ""act"": 0.0}, {""tk"": ""state"", ""act"": 0.0}, {""tk"": ""attribute"", ""act"": 0.0}, {""tk"": ""serving"", ""act"": 0.0}, {""tk"": ""government"", ""act"": 0.0}, {""tk"": ""located"", ""act"": 0.0}]"
4_70409,4,70409,entity: A state in the United States is South Carolina,<bos>,0,0.0,0.0,semantic,"[{""token"": ""<bos>"", ""index"": 0, ""distance"": 0, ""direction"": ""self""}]",n/a,Semantic,Dictionary,1.0,False,,containing,"[{""tk"": ""containing"", ""act"": 9.570971488952637}, {""tk"": ""city"", ""act"": 0.0}, {""tk"": ""Carolina"", ""act"": 0.0}, {""tk"": ""USA"", ""act"": 0.0}, {""tk"": ""is"", ""act"": 0.0}, {""tk"": ""Charleston"", ""act"": 0.0}, {""tk"": ""The"", ""act"": 0.0}, {""tk"": ""capital"", ""act"": 0.0}, {""tk"": ""of"", ""act"": 0.0}, {""tk"": ""Columbia"", ""act"": 0.0}, {""tk"": ""state"", ""act"": 0.0}, {""tk"": ""attribute"", ""act"": 0.0}, {""tk"": ""serving"", ""act"": 0.0}, {""tk"": ""government"", ""act"": 0.0}, {""tk"": ""located"", ""act"": 0.0}]"
4_97813,4,97813,entity: A state in the United States is South Carolina,<bos>,0,0.0,0.0,semantic,"[{""token"": ""<bos>"", ""index"": 0, ""distance"": 0, ""direction"": ""self""}]",n/a,Semantic,Concept,0.7,False,,government,"[{""tk"": ""government"", ""act"": 17.90291976928711}, {""tk"": ""of"", ""act"": 14.3899507522583}, {""tk"": ""city"", ""act"": 13.028558731079102}, {""tk"": ""capital"", ""act"": 10.718213081359863}, {""tk"": ""is"", ""act"": 3.9596290588378906}, {""tk"": ""the"", ""act"": 1.4474035501480103}, {""tk"": ""Carolina"", ""act"": 0.0}, {""tk"": ""USA"", ""act"": 0.0}, {""tk"": ""Charleston"", ""act"": 0.0}, {""tk"": ""Columbia"", ""act"": 0.0}, {""tk"": ""state"", ""act"": 0.0}, {""tk"": ""attribute"", ""act"": 0.0}, {""tk"": ""serving"", ""act"": 0.0}, {""tk"": ""located"", ""act"": 0.0}, {""tk"": ""containing"", ""act"": 0.0}]"
5_1551,5,1551,entity: A state in the United States is South Carolina,<bos>,0,161.51025390625,0.897106054416473,semantic,"[{""token"": ""<bos>"", ""index"": 0, ""distance"": 0, ""direction"": ""self""}]",n/a,Semantic,Concept,0.7,False,,Semantic (unknown),"[{""tk"": ""attribute"", ""act"": 39.44136428833008}, {""tk"": ""city"", ""act"": 0.0}, {""tk"": ""Carolina"", ""act"": 0.0}, {""tk"": ""USA"", ""act"": 0.0}, {""tk"": ""is"", ""act"": 0.0}, {""tk"": ""Charleston"", ""act"": 0.0}, {""tk"": ""The"", ""act"": 0.0}, {""tk"": ""capital"", ""act"": 0.0}, {""tk"": ""of"", ""act"": 0.0}, {""tk"": ""Columbia"", ""act"": 0.0}, {""tk"": ""state"", ""act"": 0.0}, {""tk"": ""serving"", ""act"": 0.0}, {""tk"": ""government"", ""act"": 0.0}, {""tk"": ""located"", ""act"": 0.0}, {""tk"": ""containing"", ""act"": 0.0}]"
5_95640,5,95640,entity: A state in the United States is South Carolina,<bos>,0,139.22251892089844,0.9019979809578024,semantic,"[{""token"": ""<bos>"", ""index"": 0, ""distance"": 0, ""direction"": ""self""}]",n/a,Semantic,Concept,0.7,False,,Semantic (unknown),"[{""tk"": ""attribute"", ""act"": 23.3470401763916}, {""tk"": ""city"", ""act"": 0.0}, {""tk"": ""Carolina"", ""act"": 0.0}, {""tk"": ""USA"", ""act"": 0.0}, {""tk"": ""is"", ""act"": 0.0}, {""tk"": ""Charleston"", ""act"": 0.0}, {""tk"": ""The"", ""act"": 0.0}, {""tk"": ""capital"", ""act"": 0.0}, {""tk"": ""of"", ""act"": 0.0}, {""tk"": ""Columbia"", ""act"": 0.0}, {""tk"": ""state"", ""act"": 0.0}, {""tk"": ""serving"", ""act"": 0.0}, {""tk"": ""government"", ""act"": 0.0}, {""tk"": ""located"", ""act"": 0.0}, {""tk"": ""containing"", ""act"": 0.0}]"
5_4901,5,4901,entity: A state in the United States is South Carolina,<bos>,0,0.0,0.0,semantic,"[{""token"": ""<bos>"", ""index"": 0, ""distance"": 0, ""direction"": ""self""}]",n/a,Semantic,Ambiguous,0.3,True,"Ambiguous: peak_cons=0.17, n_peaks=1, func_vs_sem=100.0%, layer=5",is,"[{""tk"": ""is"", ""act"": 6.10368013381958}, {""tk"": ""city"", ""act"": 0.0}, {""tk"": ""Carolina"", ""act"": 0.0}, {""tk"": ""USA"", ""act"": 0.0}, {""tk"": ""Charleston"", ""act"": 0.0}, {""tk"": ""The"", ""act"": 0.0}, {""tk"": ""capital"", ""act"": 0.0}, {""tk"": ""of"", ""act"": 0.0}, {""tk"": ""Columbia"", ""act"": 0.0}, {""tk"": ""state"", ""act"": 0.0}, {""tk"": ""attribute"", ""act"": 0.0}, {""tk"": ""serving"", ""act"": 0.0}, {""tk"": ""government"", ""act"": 0.0}, {""tk"": ""located"", ""act"": 0.0}, {""tk"": ""containing"", ""act"": 0.0}]"
5_32184,5,32184,entity: A state in the United States is South Carolina,<bos>,0,0.0,0.0,semantic,"[{""token"": ""<bos>"", ""index"": 0, ""distance"": 0, ""direction"": ""self""}]",n/a,Semantic,Ambiguous,0.3,True,"Ambiguous: peak_cons=0.33, n_peaks=3, func_vs_sem=51.1%, layer=5",capital,"[{""tk"": ""of"", ""act"": 32.639617919921875}, {""tk"": ""capital"", ""act"": 15.967439651489258}, {""tk"": ""city"", ""act"": 14.918037414550781}, {""tk"": ""is"", ""act"": 1.9149665832519531}, {""tk"": ""Carolina"", ""act"": 0.0}, {""tk"": ""USA"", ""act"": 0.0}, {""tk"": ""Charleston"", ""act"": 0.0}, {""tk"": ""The"", ""act"": 0.0}, {""tk"": ""Columbia"", ""act"": 0.0}, {""tk"": ""state"", ""act"": 0.0}, {""tk"": ""attribute"", ""act"": 0.0}, {""tk"": ""serving"", ""act"": 0.0}, {""tk"": ""government"", ""act"": 0.0}, {""tk"": ""located"", ""act"": 0.0}, {""tk"": ""containing"", ""act"": 0.0}]"
5_34406,5,34406,entity: A state in the United States is South Carolina,<bos>,0,0.0,0.0,semantic,"[{""token"": ""<bos>"", ""index"": 0, ""distance"": 0, ""direction"": ""self""}]",n/a,Semantic,Ambiguous,0.3,True,"Ambiguous: peak_cons=0.17, n_peaks=1, func_vs_sem=100.0%, layer=5",is,"[{""tk"": ""is"", ""act"": 1.3381986618041992}, {""tk"": ""city"", ""act"": 0.0}, {""tk"": ""Carolina"", ""act"": 0.0}, {""tk"": ""USA"", ""act"": 0.0}, {""tk"": ""Charleston"", ""act"": 0.0}, {""tk"": ""The"", ""act"": 0.0}, {""tk"": ""capital"", ""act"": 0.0}, {""tk"": ""of"", ""act"": 0.0}, {""tk"": ""Columbia"", ""act"": 0.0}, {""tk"": ""state"", ""act"": 0.0}, {""tk"": ""attribute"", ""act"": 0.0}, {""tk"": ""serving"", ""act"": 0.0}, {""tk"": ""government"", ""act"": 0.0}, {""tk"": ""located"", ""act"": 0.0}, {""tk"": ""containing"", ""act"": 0.0}]"
5_51213,5,51213,entity: A state in the United States is South Carolina,<bos>,0,0.0,0.0,semantic,"[{""token"": ""<bos>"", ""index"": 0, ""distance"": 0, ""direction"": ""self""}]",n/a,Semantic,Ambiguous,0.3,True,"Ambiguous: peak_cons=1.00, n_peaks=3, func_vs_sem=69.9%, layer=5",capital,"[{""tk"": ""of"", ""act"": 18.14890480041504}, {""tk"": ""city"", ""act"": 8.983392715454102}, {""tk"": ""is"", ""act"": 6.242134094238281}, {""tk"": ""capital"", ""act"": 5.454928398132324}, {""tk"": ""government"", ""act"": 1.9978015422821045}, {""tk"": ""Carolina"", ""act"": 0.0}, {""tk"": ""USA"", ""act"": 0.0}, {""tk"": ""Charleston"", ""act"": 0.0}, {""tk"": ""The"", ""act"": 0.0}, {""tk"": ""Columbia"", ""act"": 0.0}, {""tk"": ""state"", ""act"": 0.0}, {""tk"": ""attribute"", ""act"": 0.0}, {""tk"": ""serving"", ""act"": 0.0}, {""tk"": ""located"", ""act"": 0.0}, {""tk"": ""containing"", ""act"": 0.0}]"
6_22143,6,22143,entity: A state in the United States is South Carolina,entity,1,23.500473022460938,0.4596882523730186,semantic,"[{""token"": ""entity"", ""index"": 1, ""distance"": 0, ""direction"": ""self""}]",n/a,Semantic,Concept,0.7,False,,USA,"[{""tk"": ""USA"", ""act"": 30.252552032470703}, {""tk"": ""capital"", ""act"": 27.022661209106445}, {""tk"": ""attribute"", ""act"": 25.566389083862305}, {""tk"": ""Carolina"", ""act"": 19.76822280883789}, {""tk"": ""city"", ""act"": 17.3726863861084}, {""tk"": ""is"", ""act"": 16.952861785888672}, {""tk"": ""Charleston"", ""act"": 14.533989906311035}, {""tk"": ""state"", ""act"": 13.70422649383545}, {""tk"": ""the"", ""act"": 13.393610000610352}, {""tk"": ""located"", ""act"": 5.484473705291748}, {""tk"": ""Columbia"", ""act"": 3.7098124027252197}, {""tk"": ""of"", ""act"": 0.0}, {""tk"": ""serving"", ""act"": 0.0}, {""tk"": ""government"", ""act"": 0.0}, {""tk"": ""containing"", ""act"": 0.0}]"
6_79147,6,79147,entity: A state in the United States is South Carolina, state,4,5.892723560333252,0.8506346164412394,semantic,"[{""token"": "" state"", ""index"": 4, ""distance"": 0, ""direction"": ""self""}]",n/a,Semantic,Concept,0.7,False,,state,"[{""tk"": ""state"", ""act"": 10.488859176635742}, {""tk"": ""is"", ""act"": 4.6693034172058105}, {""tk"": ""Carolina"", ""act"": 0.19619321823120117}, {""tk"": ""city"", ""act"": 0.0}, {""tk"": ""USA"", ""act"": 0.0}, {""tk"": ""Charleston"", ""act"": 0.0}, {""tk"": ""The"", ""act"": 0.0}, {""tk"": ""capital"", ""act"": 0.0}, {""tk"": ""of"", ""act"": 0.0}, {""tk"": ""Columbia"", ""act"": 0.0}, {""tk"": ""attribute"", ""act"": 0.0}, {""tk"": ""serving"", ""act"": 0.0}, {""tk"": ""government"", ""act"": 0.0}, {""tk"": ""located"", ""act"": 0.0}, {""tk"": ""containing"", ""act"": 0.0}]"
6_34521,6,34521,entity: A state in the United States is South Carolina, States,8,5.241343975067139,0.9166666666666666,semantic,"[{""token"": "" States"", ""index"": 8, ""distance"": 0, ""direction"": ""self""}]",n/a,Semantic,Concept,0.7,False,,Carolina,"[{""tk"": ""Carolina"", ""act"": 7.996774196624756}, {""tk"": ""city"", ""act"": 0.0}, {""tk"": ""USA"", ""act"": 0.0}, {""tk"": ""is"", ""act"": 0.0}, {""tk"": ""Charleston"", ""act"": 0.0}, {""tk"": ""The"", ""act"": 0.0}, {""tk"": ""capital"", ""act"": 0.0}, {""tk"": ""of"", ""act"": 0.0}, {""tk"": ""Columbia"", ""act"": 0.0}, {""tk"": ""state"", ""act"": 0.0}, {""tk"": ""attribute"", ""act"": 0.0}, {""tk"": ""serving"", ""act"": 0.0}, {""tk"": ""government"", ""act"": 0.0}, {""tk"": ""located"", ""act"": 0.0}, {""tk"": ""containing"", ""act"": 0.0}]"
6_6574,6,6574,entity: A state in the United States is South Carolina,<bos>,0,0.0,0.0,semantic,"[{""token"": ""<bos>"", ""index"": 0, ""distance"": 0, ""direction"": ""self""}]",n/a,Semantic,Ambiguous,0.3,True,"Ambiguous: peak_cons=0.17, n_peaks=1, func_vs_sem=100.0%, layer=6",is,"[{""tk"": ""is"", ""act"": 0.3522922992706299}, {""tk"": ""city"", ""act"": 0.0}, {""tk"": ""Carolina"", ""act"": 0.0}, {""tk"": ""USA"", ""act"": 0.0}, {""tk"": ""Charleston"", ""act"": 0.0}, {""tk"": ""The"", ""act"": 0.0}, {""tk"": ""capital"", ""act"": 0.0}, {""tk"": ""of"", ""act"": 0.0}, {""tk"": ""Columbia"", ""act"": 0.0}, {""tk"": ""state"", ""act"": 0.0}, {""tk"": ""attribute"", ""act"": 0.0}, {""tk"": ""serving"", ""act"": 0.0}, {""tk"": ""government"", ""act"": 0.0}, {""tk"": ""located"", ""act"": 0.0}, {""tk"": ""containing"", ""act"": 0.0}]"
6_23862,6,23862,entity: A state in the United States is South Carolina,<bos>,0,0.0,0.0,semantic,"[{""token"": ""<bos>"", ""index"": 0, ""distance"": 0, ""direction"": ""self""}]",n/a,Relationship,,1.0,False,,(city) related,"[{""tk"": ""city"", ""act"": 0.0}, {""tk"": ""Carolina"", ""act"": 0.0}, {""tk"": ""USA"", ""act"": 0.0}, {""tk"": ""is"", ""act"": 0.0}, {""tk"": ""Charleston"", ""act"": 0.0}, {""tk"": ""The"", ""act"": 0.0}, {""tk"": ""capital"", ""act"": 0.0}, {""tk"": ""of"", ""act"": 0.0}, {""tk"": ""Columbia"", ""act"": 0.0}, {""tk"": ""state"", ""act"": 0.0}, {""tk"": ""attribute"", ""act"": 0.0}, {""tk"": ""serving"", ""act"": 0.0}, {""tk"": ""government"", ""act"": 0.0}, {""tk"": ""located"", ""act"": 0.0}, {""tk"": ""containing"", ""act"": 0.0}]"
6_72419,6,72419,entity: A state in the United States is South Carolina,<bos>,0,0.0,0.0,semantic,"[{""token"": ""<bos>"", ""index"": 0, ""distance"": 0, ""direction"": ""self""}]",n/a,Semantic,Concept,0.7,False,,serving,"[{""tk"": ""serving"", ""act"": 4.5303850173950195}, {""tk"": ""the"", ""act"": 1.4751348495483398}, {""tk"": ""of"", ""act"": 0.9430685043334961}, {""tk"": ""is"", ""act"": 0.31030964851379395}, {""tk"": ""city"", ""act"": 0.0}, {""tk"": ""Carolina"", ""act"": 0.0}, {""tk"": ""USA"", ""act"": 0.0}, {""tk"": ""Charleston"", ""act"": 0.0}, {""tk"": ""capital"", ""act"": 0.0}, {""tk"": ""Columbia"", ""act"": 0.0}, {""tk"": ""state"", ""act"": 0.0}, {""tk"": ""attribute"", ""act"": 0.0}, {""tk"": ""government"", ""act"": 0.0}, {""tk"": ""located"", ""act"": 0.0}, {""tk"": ""containing"", ""act"": 0.0}]"
6_88903,6,88903,entity: A state in the United States is South Carolina,<bos>,0,0.0,0.0,semantic,"[{""token"": ""<bos>"", ""index"": 0, ""distance"": 0, ""direction"": ""self""}]",n/a,Semantic,Concept,0.7,False,,city,"[{""tk"": ""city"", ""act"": 8.214269638061523}, {""tk"": ""capital"", ""act"": 3.832763910293579}, {""tk"": ""is"", ""act"": 3.7045490741729736}, {""tk"": ""Charleston"", ""act"": 3.211235284805298}, {""tk"": ""Columbia"", ""act"": 2.5209429264068604}, {""tk"": ""Carolina"", ""act"": 0.0}, {""tk"": ""USA"", ""act"": 0.0}, {""tk"": ""The"", ""act"": 0.0}, {""tk"": ""of"", ""act"": 0.0}, {""tk"": ""state"", ""act"": 0.0}, {""tk"": ""attribute"", ""act"": 0.0}, {""tk"": ""serving"", ""act"": 0.0}, {""tk"": ""government"", ""act"": 0.0}, {""tk"": ""located"", ""act"": 0.0}, {""tk"": ""containing"", ""act"": 0.0}]"
7_66851,7,66851,entity: A state in the United States is South Carolina, state,4,40.79597854614258,0.3105433431131989,semantic,"[{""token"": "" state"", ""index"": 4, ""distance"": 0, ""direction"": ""self""}]",n/a,Relationship,,1.0,False,,(capital) related,"[{""tk"": ""capital"", ""act"": 51.12392044067383}, {""tk"": ""The"", ""act"": 49.53570556640625}, {""tk"": ""city"", ""act"": 47.1239128112793}, {""tk"": ""attribute"", ""act"": 44.321834564208984}, {""tk"": ""Charleston"", ""act"": 43.33763122558594}, {""tk"": ""state"", ""act"": 40.79597854614258}, {""tk"": ""Columbia"", ""act"": 37.04718017578125}, {""tk"": ""Carolina"", ""act"": 32.52155685424805}, {""tk"": ""is"", ""act"": 30.981748580932617}, {""tk"": ""USA"", ""act"": 25.69173240661621}, {""tk"": ""located"", ""act"": 16.008203506469727}, {""tk"": ""of"", ""act"": 15.559822082519531}, {""tk"": ""government"", ""act"": 14.86802864074707}, {""tk"": ""serving"", ""act"": 14.414605140686035}, {""tk"": ""containing"", ""act"": 9.191671371459961}]"
7_49316,7,49316,entity: A state in the United States is South Carolina,<bos>,0,0.0,0.0,semantic,"[{""token"": ""<bos>"", ""index"": 0, ""distance"": 0, ""direction"": ""self""}]",n/a,Relationship,,1.0,False,,(city) related,"[{""tk"": ""city"", ""act"": 0.0}, {""tk"": ""Carolina"", ""act"": 0.0}, {""tk"": ""USA"", ""act"": 0.0}, {""tk"": ""is"", ""act"": 0.0}, {""tk"": ""Charleston"", ""act"": 0.0}, {""tk"": ""The"", ""act"": 0.0}, {""tk"": ""capital"", ""act"": 0.0}, {""tk"": ""of"", ""act"": 0.0}, {""tk"": ""Columbia"", ""act"": 0.0}, {""tk"": ""state"", ""act"": 0.0}, {""tk"": ""attribute"", ""act"": 0.0}, {""tk"": ""serving"", ""act"": 0.0}, {""tk"": ""government"", ""act"": 0.0}, {""tk"": ""located"", ""act"": 0.0}, {""tk"": ""containing"", ""act"": 0.0}]"
7_70223,7,70223,entity: A state in the United States is South Carolina,<bos>,0,0.0,0.0,semantic,"[{""token"": ""<bos>"", ""index"": 0, ""distance"": 0, ""direction"": ""self""}]",n/a,Relationship,,1.0,False,,(city) related,"[{""tk"": ""city"", ""act"": 0.0}, {""tk"": ""Carolina"", ""act"": 0.0}, {""tk"": ""USA"", ""act"": 0.0}, {""tk"": ""is"", ""act"": 0.0}, {""tk"": ""Charleston"", ""act"": 0.0}, {""tk"": ""The"", ""act"": 0.0}, {""tk"": ""capital"", ""act"": 0.0}, {""tk"": ""of"", ""act"": 0.0}, {""tk"": ""Columbia"", ""act"": 0.0}, {""tk"": ""state"", ""act"": 0.0}, {""tk"": ""attribute"", ""act"": 0.0}, {""tk"": ""serving"", ""act"": 0.0}, {""tk"": ""government"", ""act"": 0.0}, {""tk"": ""located"", ""act"": 0.0}, {""tk"": ""containing"", ""act"": 0.0}]"
8_49126,8,49126,entity: A state in the United States is South Carolina, States,8,0.2809758484363556,0.9166666666666669,semantic,"[{""token"": "" States"", ""index"": 8, ""distance"": 0, ""direction"": ""self""}]",n/a,Semantic,Concept,0.7,False,,city,"[{""tk"": ""the"", ""act"": 9.22913646697998}, {""tk"": ""city"", ""act"": 5.420082092285156}, {""tk"": ""located"", ""act"": 4.660083770751953}, {""tk"": ""is"", ""act"": 2.84277081489563}, {""tk"": ""containing"", ""act"": 1.69818115234375}, {""tk"": ""serving"", ""act"": 1.3291845321655273}, {""tk"": ""of"", ""act"": 0.6516338586807251}, {""tk"": ""Carolina"", ""act"": 0.0}, {""tk"": ""USA"", ""act"": 0.0}, {""tk"": ""Charleston"", ""act"": 0.0}, {""tk"": ""capital"", ""act"": 0.0}, {""tk"": ""Columbia"", ""act"": 0.0}, {""tk"": ""state"", ""act"": 0.0}, {""tk"": ""attribute"", ""act"": 0.0}, {""tk"": ""government"", ""act"": 0.0}]"
8_94844,8,94844,entity: A state in the United States is South Carolina,<bos>,0,0.0,0.0,semantic,"[{""token"": ""<bos>"", ""index"": 0, ""distance"": 0, ""direction"": ""self""}]",n/a,"Say ""X""",,1.0,False,,Say (Columbia),"[{""tk"": ""is"", ""act"": 5.97493839263916}, {""tk"": ""city"", ""act"": 0.0}, {""tk"": ""Carolina"", ""act"": 0.0}, {""tk"": ""USA"", ""act"": 0.0}, {""tk"": ""Charleston"", ""act"": 0.0}, {""tk"": ""The"", ""act"": 0.0}, {""tk"": ""capital"", ""act"": 0.0}, {""tk"": ""of"", ""act"": 0.0}, {""tk"": ""Columbia"", ""act"": 0.0}, {""tk"": ""state"", ""act"": 0.0}, {""tk"": ""attribute"", ""act"": 0.0}, {""tk"": ""serving"", ""act"": 0.0}, {""tk"": ""government"", ""act"": 0.0}, {""tk"": ""located"", ""act"": 0.0}, {""tk"": ""containing"", ""act"": 0.0}]"
9_4679,9,4679,entity: A state in the United States is South Carolina,<bos>,0,1.3033068180084229,0.9166666666666666,semantic,"[{""token"": ""<bos>"", ""index"": 0, ""distance"": 0, ""direction"": ""self""}]",n/a,Semantic,Concept,0.6,False,,Semantic (unknown),"[{""tk"": ""is"", ""act"": 3.5411112308502197}, {""tk"": ""USA"", ""act"": 0.534048318862915}, {""tk"": ""the"", ""act"": 0.06924128532409668}, {""tk"": ""city"", ""act"": 0.0}, {""tk"": ""Carolina"", ""act"": 0.0}, {""tk"": ""Charleston"", ""act"": 0.0}, {""tk"": ""capital"", ""act"": 0.0}, {""tk"": ""of"", ""act"": 0.0}, {""tk"": ""Columbia"", ""act"": 0.0}, {""tk"": ""state"", ""act"": 0.0}, {""tk"": ""attribute"", ""act"": 0.0}, {""tk"": ""serving"", ""act"": 0.0}, {""tk"": ""government"", ""act"": 0.0}, {""tk"": ""located"", ""act"": 0.0}, {""tk"": ""containing"", ""act"": 0.0}]"
9_24746,9,24746,entity: A state in the United States is South Carolina,<bos>,0,0.0,0.0,semantic,"[{""token"": ""<bos>"", ""index"": 0, ""distance"": 0, ""direction"": ""self""}]",n/a,Relationship,,1.0,False,,(city) related,"[{""tk"": ""city"", ""act"": 0.0}, {""tk"": ""Carolina"", ""act"": 0.0}, {""tk"": ""USA"", ""act"": 0.0}, {""tk"": ""is"", ""act"": 0.0}, {""tk"": ""Charleston"", ""act"": 0.0}, {""tk"": ""The"", ""act"": 0.0}, {""tk"": ""capital"", ""act"": 0.0}, {""tk"": ""of"", ""act"": 0.0}, {""tk"": ""Columbia"", ""act"": 0.0}, {""tk"": ""state"", ""act"": 0.0}, {""tk"": ""attribute"", ""act"": 0.0}, {""tk"": ""serving"", ""act"": 0.0}, {""tk"": ""government"", ""act"": 0.0}, {""tk"": ""located"", ""act"": 0.0}, {""tk"": ""containing"", ""act"": 0.0}]"
10_75793,10,75793,entity: A state in the United States is South Carolina, Carolina,11,39.949554443359375,0.5721819473016533,semantic,"[{""token"": "" Carolina"", ""index"": 11, ""distance"": 0, ""direction"": ""self""}]",n/a,Semantic,Concept,0.8658513092727003,False,,located,"[{""tk"": ""located"", ""act"": 43.96098327636719}, {""tk"": ""Carolina"", ""act"": 39.949554443359375}, {""tk"": ""city"", ""act"": 39.18864440917969}, {""tk"": ""is"", ""act"": 38.06367492675781}, {""tk"": ""USA"", ""act"": 37.377079010009766}, {""tk"": ""serving"", ""act"": 33.11467361450195}, {""tk"": ""the"", ""act"": 30.694744110107422}, {""tk"": ""Charleston"", ""act"": 26.454055786132812}, {""tk"": ""of"", ""act"": 26.388446807861328}, {""tk"": ""containing"", ""act"": 24.20592498779297}, {""tk"": ""government"", ""act"": 19.719295501708984}, {""tk"": ""Columbia"", ""act"": 17.33647918701172}, {""tk"": ""capital"", ""act"": 15.062984466552734}, {""tk"": ""state"", ""act"": 14.852208137512207}, {""tk"": ""attribute"", ""act"": 0.0}]"
10_40368,10,40368,entity: A state in the United States is South Carolina,<bos>,0,0.0,0.0,semantic,"[{""token"": ""<bos>"", ""index"": 0, ""distance"": 0, ""direction"": ""self""}]",n/a,"Say ""X""",,1.0,False,,Say (Columbia),"[{""tk"": ""is"", ""act"": 24.132030487060547}, {""tk"": ""city"", ""act"": 0.0}, {""tk"": ""Carolina"", ""act"": 0.0}, {""tk"": ""USA"", ""act"": 0.0}, {""tk"": ""Charleston"", ""act"": 0.0}, {""tk"": ""The"", ""act"": 0.0}, {""tk"": ""capital"", ""act"": 0.0}, {""tk"": ""of"", ""act"": 0.0}, {""tk"": ""Columbia"", ""act"": 0.0}, {""tk"": ""state"", ""act"": 0.0}, {""tk"": ""attribute"", ""act"": 0.0}, {""tk"": ""serving"", ""act"": 0.0}, {""tk"": ""government"", ""act"": 0.0}, {""tk"": ""located"", ""act"": 0.0}, {""tk"": ""containing"", ""act"": 0.0}]"
10_87295,10,87295,entity: A state in the United States is South Carolina,<bos>,0,0.0,0.0,semantic,"[{""token"": ""<bos>"", ""index"": 0, ""distance"": 0, ""direction"": ""self""}]",n/a,Relationship,,1.0,False,,(city) related,"[{""tk"": ""city"", ""act"": 0.0}, {""tk"": ""Carolina"", ""act"": 0.0}, {""tk"": ""USA"", ""act"": 0.0}, {""tk"": ""is"", ""act"": 0.0}, {""tk"": ""Charleston"", ""act"": 0.0}, {""tk"": ""The"", ""act"": 0.0}, {""tk"": ""capital"", ""act"": 0.0}, {""tk"": ""of"", ""act"": 0.0}, {""tk"": ""Columbia"", ""act"": 0.0}, {""tk"": ""state"", ""act"": 0.0}, {""tk"": ""attribute"", ""act"": 0.0}, {""tk"": ""serving"", ""act"": 0.0}, {""tk"": ""government"", ""act"": 0.0}, {""tk"": ""located"", ""act"": 0.0}, {""tk"": ""containing"", ""act"": 0.0}]"
11_50131,11,50131,entity: A state in the United States is South Carolina, Carolina,11,40.87416458129883,0.6077764298127555,semantic,"[{""token"": "" Carolina"", ""index"": 11, ""distance"": 0, ""direction"": ""self""}]",n/a,Semantic,Concept,0.7,False,,Columbia,"[{""tk"": ""Columbia"", ""act"": 49.63420486450195}, {""tk"": ""Charleston"", ""act"": 46.53266525268555}, {""tk"": ""Carolina"", ""act"": 41.433712005615234}, {""tk"": ""city"", ""act"": 32.62867736816406}, {""tk"": ""capital"", ""act"": 32.42369842529297}, {""tk"": ""state"", ""act"": 31.960853576660156}, {""tk"": ""USA"", ""act"": 27.61496353149414}, {""tk"": ""is"", ""act"": 23.733739852905273}, {""tk"": ""government"", ""act"": 16.808237075805664}, {""tk"": ""serving"", ""act"": 16.625158309936523}, {""tk"": ""the"", ""act"": 14.164325714111328}, {""tk"": ""of"", ""act"": 13.586553573608398}, {""tk"": ""located"", ""act"": 12.37300968170166}, {""tk"": ""containing"", ""act"": 11.94537353515625}, {""tk"": ""attribute"", ""act"": 0.0}]"
12_67090,12,67090,entity: A state in the United States is South Carolina,<bos>,0,0.0,0.0,semantic,"[{""token"": ""<bos>"", ""index"": 0, ""distance"": 0, ""direction"": ""self""}]",n/a,Relationship,,1.0,False,,(city) related,"[{""tk"": ""city"", ""act"": 0.0}, {""tk"": ""Carolina"", ""act"": 0.0}, {""tk"": ""USA"", ""act"": 0.0}, {""tk"": ""is"", ""act"": 0.0}, {""tk"": ""Charleston"", ""act"": 0.0}, {""tk"": ""The"", ""act"": 0.0}, {""tk"": ""capital"", ""act"": 0.0}, {""tk"": ""of"", ""act"": 0.0}, {""tk"": ""Columbia"", ""act"": 0.0}, {""tk"": ""state"", ""act"": 0.0}, {""tk"": ""attribute"", ""act"": 0.0}, {""tk"": ""serving"", ""act"": 0.0}, {""tk"": ""government"", ""act"": 0.0}, {""tk"": ""located"", ""act"": 0.0}, {""tk"": ""containing"", ""act"": 0.0}]"
13_16947,13,16947,entity: A state in the United States is South Carolina, is,9,15.5658540725708,0.8449503808698221,functional,"[{""token"": "" South"", ""index"": 10, ""distance"": 1, ""direction"": ""forward""}]",json,Semantic,Dictionary,0.8333333333333334,False,,is,"[{""tk"": ""is"", ""act"": 15.5658540725708}, {""tk"": ""the"", ""act"": 11.20738410949707}, {""tk"": ""capital"", ""act"": 10.91185188293457}, {""tk"": ""city"", ""act"": 9.3563232421875}, {""tk"": ""Carolina"", ""act"": 2.170926332473755}, {""tk"": ""USA"", ""act"": 0.0}, {""tk"": ""Charleston"", ""act"": 0.0}, {""tk"": ""of"", ""act"": 0.0}, {""tk"": ""Columbia"", ""act"": 0.0}, {""tk"": ""state"", ""act"": 0.0}, {""tk"": ""attribute"", ""act"": 0.0}, {""tk"": ""serving"", ""act"": 0.0}, {""tk"": ""government"", ""act"": 0.0}, {""tk"": ""located"", ""act"": 0.0}, {""tk"": ""containing"", ""act"": 0.0}]"
13_83324,13,83324,entity: A state in the United States is South Carolina,<bos>,0,0.0,0.0,semantic,"[{""token"": ""<bos>"", ""index"": 0, ""distance"": 0, ""direction"": ""self""}]",n/a,Relationship,,1.0,False,,(city) related,"[{""tk"": ""city"", ""act"": 0.0}, {""tk"": ""Carolina"", ""act"": 0.0}, {""tk"": ""USA"", ""act"": 0.0}, {""tk"": ""is"", ""act"": 0.0}, {""tk"": ""Charleston"", ""act"": 0.0}, {""tk"": ""The"", ""act"": 0.0}, {""tk"": ""capital"", ""act"": 0.0}, {""tk"": ""of"", ""act"": 0.0}, {""tk"": ""Columbia"", ""act"": 0.0}, {""tk"": ""state"", ""act"": 0.0}, {""tk"": ""attribute"", ""act"": 0.0}, {""tk"": ""serving"", ""act"": 0.0}, {""tk"": ""government"", ""act"": 0.0}, {""tk"": ""located"", ""act"": 0.0}, {""tk"": ""containing"", ""act"": 0.0}]"
18_40708,18,40708,entity: A state in the United States is South Carolina, Carolina,11,0.6497132778167725,0.9166666666666666,semantic,"[{""token"": "" Carolina"", ""index"": 11, ""distance"": 0, ""direction"": ""self""}]",n/a,Semantic,Concept,0.7,False,,Carolina,"[{""tk"": ""is"", ""act"": 6.668160438537598}, {""tk"": ""Carolina"", ""act"": 4.103997230529785}, {""tk"": ""Charleston"", ""act"": 0.315169095993042}, {""tk"": ""city"", ""act"": 0.0}, {""tk"": ""USA"", ""act"": 0.0}, {""tk"": ""The"", ""act"": 0.0}, {""tk"": ""capital"", ""act"": 0.0}, {""tk"": ""of"", ""act"": 0.0}, {""tk"": ""Columbia"", ""act"": 0.0}, {""tk"": ""state"", ""act"": 0.0}, {""tk"": ""attribute"", ""act"": 0.0}, {""tk"": ""serving"", ""act"": 0.0}, {""tk"": ""government"", ""act"": 0.0}, {""tk"": ""located"", ""act"": 0.0}, {""tk"": ""containing"", ""act"": 0.0}]"
18_21257,18,21257,entity: A state in the United States is South Carolina,<bos>,0,0.0,0.0,semantic,"[{""token"": ""<bos>"", ""index"": 0, ""distance"": 0, ""direction"": ""self""}]",n/a,Relationship,,1.0,False,,(city) related,"[{""tk"": ""city"", ""act"": 0.0}, {""tk"": ""Carolina"", ""act"": 0.0}, {""tk"": ""USA"", ""act"": 0.0}, {""tk"": ""is"", ""act"": 0.0}, {""tk"": ""Charleston"", ""act"": 0.0}, {""tk"": ""The"", ""act"": 0.0}, {""tk"": ""capital"", ""act"": 0.0}, {""tk"": ""of"", ""act"": 0.0}, {""tk"": ""Columbia"", ""act"": 0.0}, {""tk"": ""state"", ""act"": 0.0}, {""tk"": ""attribute"", ""act"": 0.0}, {""tk"": ""serving"", ""act"": 0.0}, {""tk"": ""government"", ""act"": 0.0}, {""tk"": ""located"", ""act"": 0.0}, {""tk"": ""containing"", ""act"": 0.0}]"
18_44719,18,44719,entity: A state in the United States is South Carolina,<bos>,0,0.0,0.0,semantic,"[{""token"": ""<bos>"", ""index"": 0, ""distance"": 0, ""direction"": ""self""}]",n/a,"Say ""X""",,1.0,False,,Say (Columbia),"[{""tk"": ""is"", ""act"": 7.295798301696777}, {""tk"": ""the"", ""act"": 6.164579391479492}, {""tk"": ""city"", ""act"": 0.0}, {""tk"": ""Carolina"", ""act"": 0.0}, {""tk"": ""USA"", ""act"": 0.0}, {""tk"": ""Charleston"", ""act"": 0.0}, {""tk"": ""capital"", ""act"": 0.0}, {""tk"": ""of"", ""act"": 0.0}, {""tk"": ""Columbia"", ""act"": 0.0}, {""tk"": ""state"", ""act"": 0.0}, {""tk"": ""attribute"", ""act"": 0.0}, {""tk"": ""serving"", ""act"": 0.0}, {""tk"": ""government"", ""act"": 0.0}, {""tk"": ""located"", ""act"": 0.0}, {""tk"": ""containing"", ""act"": 0.0}]"
18_52185,18,52185,entity: A state in the United States is South Carolina,<bos>,0,0.0,0.0,semantic,"[{""token"": ""<bos>"", ""index"": 0, ""distance"": 0, ""direction"": ""self""}]",n/a,Semantic,Dictionary,1.0,False,,Charleston,"[{""tk"": ""Charleston"", ""act"": 14.778912544250488}, {""tk"": ""city"", ""act"": 0.0}, {""tk"": ""Carolina"", ""act"": 0.0}, {""tk"": ""USA"", ""act"": 0.0}, {""tk"": ""is"", ""act"": 0.0}, {""tk"": ""The"", ""act"": 0.0}, {""tk"": ""capital"", ""act"": 0.0}, {""tk"": ""of"", ""act"": 0.0}, {""tk"": ""Columbia"", ""act"": 0.0}, {""tk"": ""state"", ""act"": 0.0}, {""tk"": ""attribute"", ""act"": 0.0}, {""tk"": ""serving"", ""act"": 0.0}, {""tk"": ""government"", ""act"": 0.0}, {""tk"": ""located"", ""act"": 0.0}, {""tk"": ""containing"", ""act"": 0.0}]"
20_57025,20,57025,entity: A state in the United States is South Carolina,<bos>,0,13.256905555725098,0.9166666666666666,semantic,"[{""token"": ""<bos>"", ""index"": 0, ""distance"": 0, ""direction"": ""self""}]",n/a,Semantic,Concept,0.7,False,,Semantic (unknown),"[{""tk"": ""is"", ""act"": 7.220115661621094}, {""tk"": ""city"", ""act"": 0.0}, {""tk"": ""Carolina"", ""act"": 0.0}, {""tk"": ""USA"", ""act"": 0.0}, {""tk"": ""Charleston"", ""act"": 0.0}, {""tk"": ""The"", ""act"": 0.0}, {""tk"": ""capital"", ""act"": 0.0}, {""tk"": ""of"", ""act"": 0.0}, {""tk"": ""Columbia"", ""act"": 0.0}, {""tk"": ""state"", ""act"": 0.0}, {""tk"": ""attribute"", ""act"": 0.0}, {""tk"": ""serving"", ""act"": 0.0}, {""tk"": ""government"", ""act"": 0.0}, {""tk"": ""located"", ""act"": 0.0}, {""tk"": ""containing"", ""act"": 0.0}]"
20_67784,20,67784,entity: A state in the United States is South Carolina,<bos>,0,0.0,0.0,semantic,"[{""token"": ""<bos>"", ""index"": 0, ""distance"": 0, ""direction"": ""self""}]",n/a,"Say ""X""",,1.0,False,,Say (city),"[{""tk"": ""of"", ""act"": 3.863483428955078}, {""tk"": ""city"", ""act"": 0.0}, {""tk"": ""Carolina"", ""act"": 0.0}, {""tk"": ""USA"", ""act"": 0.0}, {""tk"": ""is"", ""act"": 0.0}, {""tk"": ""Charleston"", ""act"": 0.0}, {""tk"": ""The"", ""act"": 0.0}, {""tk"": ""capital"", ""act"": 0.0}, {""tk"": ""Columbia"", ""act"": 0.0}, {""tk"": ""state"", ""act"": 0.0}, {""tk"": ""attribute"", ""act"": 0.0}, {""tk"": ""serving"", ""act"": 0.0}, {""tk"": ""government"", ""act"": 0.0}, {""tk"": ""located"", ""act"": 0.0}, {""tk"": ""containing"", ""act"": 0.0}]"
22_2925,22,2925,entity: A state in the United States is South Carolina,<bos>,0,9.63625144958496,0.9166666666666666,semantic,"[{""token"": ""<bos>"", ""index"": 0, ""distance"": 0, ""direction"": ""self""}]",n/a,Semantic,Concept,0.6,False,,Semantic (unknown),"[{""tk"": ""is"", ""act"": 21.47593116760254}, {""tk"": ""city"", ""act"": 0.0}, {""tk"": ""Carolina"", ""act"": 0.0}, {""tk"": ""USA"", ""act"": 0.0}, {""tk"": ""Charleston"", ""act"": 0.0}, {""tk"": ""The"", ""act"": 0.0}, {""tk"": ""capital"", ""act"": 0.0}, {""tk"": ""of"", ""act"": 0.0}, {""tk"": ""Columbia"", ""act"": 0.0}, {""tk"": ""state"", ""act"": 0.0}, {""tk"": ""attribute"", ""act"": 0.0}, {""tk"": ""serving"", ""act"": 0.0}, {""tk"": ""government"", ""act"": 0.0}, {""tk"": ""located"", ""act"": 0.0}, {""tk"": ""containing"", ""act"": 0.0}]"
22_19295,22,19295,entity: A state in the United States is South Carolina,<bos>,0,2.260288953781128,0.9166666666666666,semantic,"[{""token"": ""<bos>"", ""index"": 0, ""distance"": 0, ""direction"": ""self""}]",n/a,Semantic,Concept,0.8,False,,Semantic (unknown),"[{""tk"": ""is"", ""act"": 15.38586139678955}, {""tk"": ""city"", ""act"": 0.0}, {""tk"": ""Carolina"", ""act"": 0.0}, {""tk"": ""USA"", ""act"": 0.0}, {""tk"": ""Charleston"", ""act"": 0.0}, {""tk"": ""The"", ""act"": 0.0}, {""tk"": ""capital"", ""act"": 0.0}, {""tk"": ""of"", ""act"": 0.0}, {""tk"": ""Columbia"", ""act"": 0.0}, {""tk"": ""state"", ""act"": 0.0}, {""tk"": ""attribute"", ""act"": 0.0}, {""tk"": ""serving"", ""act"": 0.0}, {""tk"": ""government"", ""act"": 0.0}, {""tk"": ""located"", ""act"": 0.0}, {""tk"": ""containing"", ""act"": 0.0}]"
22_92671,22,92671,entity: A state in the United States is South Carolina,<bos>,0,0.0,0.0,semantic,"[{""token"": ""<bos>"", ""index"": 0, ""distance"": 0, ""direction"": ""self""}]",n/a,Relationship,,1.0,False,,(city) related,"[{""tk"": ""city"", ""act"": 0.0}, {""tk"": ""Carolina"", ""act"": 0.0}, {""tk"": ""USA"", ""act"": 0.0}, {""tk"": ""is"", ""act"": 0.0}, {""tk"": ""Charleston"", ""act"": 0.0}, {""tk"": ""The"", ""act"": 0.0}, {""tk"": ""capital"", ""act"": 0.0}, {""tk"": ""of"", ""act"": 0.0}, {""tk"": ""Columbia"", ""act"": 0.0}, {""tk"": ""state"", ""act"": 0.0}, {""tk"": ""attribute"", ""act"": 0.0}, {""tk"": ""serving"", ""act"": 0.0}, {""tk"": ""government"", ""act"": 0.0}, {""tk"": ""located"", ""act"": 0.0}, {""tk"": ""containing"", ""act"": 0.0}]"
24_5303,24,5303,entity: A state in the United States is South Carolina, South,10,15.974482536315918,0.9166666666666666,semantic,"[{""token"": "" South"", ""index"": 10, ""distance"": 0, ""direction"": ""self""}]",n/a,Semantic,Concept,0.7,False,,located,"[{""tk"": ""is"", ""act"": 31.118236541748047}, {""tk"": ""the"", ""act"": 23.955188751220703}, {""tk"": ""located"", ""act"": 18.47713851928711}, {""tk"": ""city"", ""act"": 0.0}, {""tk"": ""Carolina"", ""act"": 0.0}, {""tk"": ""USA"", ""act"": 0.0}, {""tk"": ""Charleston"", ""act"": 0.0}, {""tk"": ""capital"", ""act"": 0.0}, {""tk"": ""of"", ""act"": 0.0}, {""tk"": ""Columbia"", ""act"": 0.0}, {""tk"": ""state"", ""act"": 0.0}, {""tk"": ""attribute"", ""act"": 0.0}, {""tk"": ""serving"", ""act"": 0.0}, {""tk"": ""government"", ""act"": 0.0}, {""tk"": ""containing"", ""act"": 0.0}]"
24_2574,24,2574,entity: A state in the United States is South Carolina,<bos>,0,0.0,0.0,semantic,"[{""token"": ""<bos>"", ""index"": 0, ""distance"": 0, ""direction"": ""self""}]",n/a,"Say ""X""",,1.0,False,,Say (Columbia),"[{""tk"": ""is"", ""act"": 19.94355010986328}, {""tk"": ""city"", ""act"": 0.0}, {""tk"": ""Carolina"", ""act"": 0.0}, {""tk"": ""USA"", ""act"": 0.0}, {""tk"": ""Charleston"", ""act"": 0.0}, {""tk"": ""The"", ""act"": 0.0}, {""tk"": ""capital"", ""act"": 0.0}, {""tk"": ""of"", ""act"": 0.0}, {""tk"": ""Columbia"", ""act"": 0.0}, {""tk"": ""state"", ""act"": 0.0}, {""tk"": ""attribute"", ""act"": 0.0}, {""tk"": ""serving"", ""act"": 0.0}, {""tk"": ""government"", ""act"": 0.0}, {""tk"": ""located"", ""act"": 0.0}, {""tk"": ""containing"", ""act"": 0.0}]"
0_95475,0,95475,attribute: The primary city serving as the seat of government for a state is the capital city, government,11,73.73577117919922,0.6565266769520677,semantic,"[{""token"": "" government"", ""index"": 11, ""distance"": 0, ""direction"": ""self""}]",n/a,Semantic,Dictionary (fallback),0.9,False,,government,"[{""tk"": ""government"", ""act"": 73.73577117919922}, {""tk"": ""state"", ""act"": 72.12992095947266}, {""tk"": ""city"", ""act"": 69.083984375}, {""tk"": ""capital"", ""act"": 60.64950942993164}, {""tk"": ""USA"", ""act"": 56.505062103271484}, {""tk"": ""attribute"", ""act"": 50.58573913574219}, {""tk"": ""Carolina"", ""act"": 48.81716537475586}, {""tk"": ""Columbia"", ""act"": 42.76877975463867}, {""tk"": ""located"", ""act"": 41.876251220703125}, {""tk"": ""Charleston"", ""act"": 37.00120162963867}, {""tk"": ""serving"", ""act"": 31.4293155670166}, {""tk"": ""containing"", ""act"": 27.732948303222656}, {""tk"": ""is"", ""act"": 0.0}, {""tk"": ""The"", ""act"": 0.0}, {""tk"": ""of"", ""act"": 0.0}]"
0_89265,0,89265,attribute: The primary city serving as the seat of government for a state is the capital city, the,8,39.12898254394531,0.8987307026365878,functional,"[{""token"": "" seat"", ""index"": 9, ""distance"": 1, ""direction"": ""forward""}]",json,Semantic,Dictionary (fallback),0.9,False,,the,"[{""tk"": ""the"", ""act"": 41.03260803222656}, {""tk"": ""city"", ""act"": 0.0}, {""tk"": ""Carolina"", ""act"": 0.0}, {""tk"": ""USA"", ""act"": 0.0}, {""tk"": ""is"", ""act"": 0.0}, {""tk"": ""Charleston"", ""act"": 0.0}, {""tk"": ""capital"", ""act"": 0.0}, {""tk"": ""of"", ""act"": 0.0}, {""tk"": ""Columbia"", ""act"": 0.0}, {""tk"": ""state"", ""act"": 0.0}, {""tk"": ""attribute"", ""act"": 0.0}, {""tk"": ""serving"", ""act"": 0.0}, {""tk"": ""government"", ""act"": 0.0}, {""tk"": ""located"", ""act"": 0.0}, {""tk"": ""containing"", ""act"": 0.0}]"
0_92029,0,92029,attribute: The primary city serving as the seat of government for a state is the capital city, the,16,28.859010696411133,0.8873805076027549,functional,"[{""token"": "" capital"", ""index"": 17, ""distance"": 1, ""direction"": ""forward""}]",json,Semantic,Dictionary (fallback),0.9,False,,Semantic (unknown),"[{""tk"": ""the"", ""act"": 28.859010696411133}, {""tk"": ""city"", ""act"": 0.0}, {""tk"": ""Carolina"", ""act"": 0.0}, {""tk"": ""USA"", ""act"": 0.0}, {""tk"": ""is"", ""act"": 0.0}, {""tk"": ""Charleston"", ""act"": 0.0}, {""tk"": ""capital"", ""act"": 0.0}, {""tk"": ""of"", ""act"": 0.0}, {""tk"": ""Columbia"", ""act"": 0.0}, {""tk"": ""state"", ""act"": 0.0}, {""tk"": ""attribute"", ""act"": 0.0}, {""tk"": ""serving"", ""act"": 0.0}, {""tk"": ""government"", ""act"": 0.0}, {""tk"": ""located"", ""act"": 0.0}, {""tk"": ""containing"", ""act"": 0.0}]"
0_54572,0,54572,attribute: The primary city serving as the seat of government for a state is the capital city, The,3,26.957427978515625,0.9473684210526316,functional,"[{""token"": "" primary"", ""index"": 4, ""distance"": 1, ""direction"": ""forward""}]",json,Semantic,Dictionary (fallback),0.9,False,,The,"[{""tk"": ""The"", ""act"": 30.514068603515625}, {""tk"": ""city"", ""act"": 0.0}, {""tk"": ""Carolina"", ""act"": 0.0}, {""tk"": ""USA"", ""act"": 0.0}, {""tk"": ""is"", ""act"": 0.0}, {""tk"": ""Charleston"", ""act"": 0.0}, {""tk"": ""capital"", ""act"": 0.0}, {""tk"": ""of"", ""act"": 0.0}, {""tk"": ""Columbia"", ""act"": 0.0}, {""tk"": ""state"", ""act"": 0.0}, {""tk"": ""attribute"", ""act"": 0.0}, {""tk"": ""serving"", ""act"": 0.0}, {""tk"": ""government"", ""act"": 0.0}, {""tk"": ""located"", ""act"": 0.0}, {""tk"": ""containing"", ""act"": 0.0}]"
0_91570,0,91570,attribute: The primary city serving as the seat of government for a state is the capital city,attribute,1,21.15618896484375,0.9093469843886206,semantic,"[{""token"": ""attribute"", ""index"": 1, ""distance"": 0, ""direction"": ""self""}]",n/a,Semantic,Dictionary (fallback),0.9,False,,attribute,"[{""tk"": ""attribute"", ""act"": 21.15618896484375}, {""tk"": ""city"", ""act"": 0.0}, {""tk"": ""Carolina"", ""act"": 0.0}, {""tk"": ""USA"", ""act"": 0.0}, {""tk"": ""is"", ""act"": 0.0}, {""tk"": ""Charleston"", ""act"": 0.0}, {""tk"": ""The"", ""act"": 0.0}, {""tk"": ""capital"", ""act"": 0.0}, {""tk"": ""of"", ""act"": 0.0}, {""tk"": ""Columbia"", ""act"": 0.0}, {""tk"": ""state"", ""act"": 0.0}, {""tk"": ""serving"", ""act"": 0.0}, {""tk"": ""government"", ""act"": 0.0}, {""tk"": ""located"", ""act"": 0.0}, {""tk"": ""containing"", ""act"": 0.0}]"
0_19204,0,19204,attribute: The primary city serving as the seat of government for a state is the capital city,<bos>,0,19.4499568939209,0.9473684210526316,semantic,"[{""token"": ""<bos>"", ""index"": 0, ""distance"": 0, ""direction"": ""self""}]",n/a,Semantic,Dictionary (fallback),0.9,False,,Semantic (unknown),"[{""tk"": ""city"", ""act"": 0.0}, {""tk"": ""Carolina"", ""act"": 0.0}, {""tk"": ""USA"", ""act"": 0.0}, {""tk"": ""is"", ""act"": 0.0}, {""tk"": ""Charleston"", ""act"": 0.0}, {""tk"": ""The"", ""act"": 0.0}, {""tk"": ""capital"", ""act"": 0.0}, {""tk"": ""of"", ""act"": 0.0}, {""tk"": ""Columbia"", ""act"": 0.0}, {""tk"": ""state"", ""act"": 0.0}, {""tk"": ""attribute"", ""act"": 0.0}, {""tk"": ""serving"", ""act"": 0.0}, {""tk"": ""government"", ""act"": 0.0}, {""tk"": ""located"", ""act"": 0.0}, {""tk"": ""containing"", ""act"": 0.0}]"
0_53491,0,53491,attribute: The primary city serving as the seat of government for a state is the capital city, capital,17,16.344919204711914,0.9473684210526316,semantic,"[{""token"": "" capital"", ""index"": 17, ""distance"": 0, ""direction"": ""self""}]",n/a,Semantic,Dictionary,1.0,False,,capital,"[{""tk"": ""capital"", ""act"": 16.344919204711914}, {""tk"": ""city"", ""act"": 0.0}, {""tk"": ""Carolina"", ""act"": 0.0}, {""tk"": ""USA"", ""act"": 0.0}, {""tk"": ""is"", ""act"": 0.0}, {""tk"": ""Charleston"", ""act"": 0.0}, {""tk"": ""The"", ""act"": 0.0}, {""tk"": ""of"", ""act"": 0.0}, {""tk"": ""Columbia"", ""act"": 0.0}, {""tk"": ""state"", ""act"": 0.0}, {""tk"": ""attribute"", ""act"": 0.0}, {""tk"": ""serving"", ""act"": 0.0}, {""tk"": ""government"", ""act"": 0.0}, {""tk"": ""located"", ""act"": 0.0}, {""tk"": ""containing"", ""act"": 0.0}]"
0_23293,0,23293,attribute: The primary city serving as the seat of government for a state is the capital city, capital,17,11.706600189208984,0.9473684210526316,semantic,"[{""token"": "" capital"", ""index"": 17, ""distance"": 0, ""direction"": ""self""}]",n/a,Semantic,Dictionary,1.0,False,,capital,"[{""tk"": ""capital"", ""act"": 12.355522155761719}, {""tk"": ""city"", ""act"": 0.0}, {""tk"": ""Carolina"", ""act"": 0.0}, {""tk"": ""USA"", ""act"": 0.0}, {""tk"": ""is"", ""act"": 0.0}, {""tk"": ""Charleston"", ""act"": 0.0}, {""tk"": ""The"", ""act"": 0.0}, {""tk"": ""of"", ""act"": 0.0}, {""tk"": ""Columbia"", ""act"": 0.0}, {""tk"": ""state"", ""act"": 0.0}, {""tk"": ""attribute"", ""act"": 0.0}, {""tk"": ""serving"", ""act"": 0.0}, {""tk"": ""government"", ""act"": 0.0}, {""tk"": ""located"", ""act"": 0.0}, {""tk"": ""containing"", ""act"": 0.0}]"
0_14810,0,14810,attribute: The primary city serving as the seat of government for a state is the capital city, of,10,10.661499977111816,0.9473684210526316,functional,"[{""token"": "" seat"", ""index"": 9, ""distance"": 1, ""direction"": ""backward""}]",json,Semantic,Dictionary,1.0,False,,of,"[{""tk"": ""of"", ""act"": 17.059555053710938}, {""tk"": ""city"", ""act"": 0.0}, {""tk"": ""Carolina"", ""act"": 0.0}, {""tk"": ""USA"", ""act"": 0.0}, {""tk"": ""is"", ""act"": 0.0}, {""tk"": ""Charleston"", ""act"": 0.0}, {""tk"": ""The"", ""act"": 0.0}, {""tk"": ""capital"", ""act"": 0.0}, {""tk"": ""Columbia"", ""act"": 0.0}, {""tk"": ""state"", ""act"": 0.0}, {""tk"": ""attribute"", ""act"": 0.0}, {""tk"": ""serving"", ""act"": 0.0}, {""tk"": ""government"", ""act"": 0.0}, {""tk"": ""located"", ""act"": 0.0}, {""tk"": ""containing"", ""act"": 0.0}]"
0_43624,0,43624,attribute: The primary city serving as the seat of government for a state is the capital city, capital,17,10.143529891967772,0.9473684210526316,semantic,"[{""token"": "" capital"", ""index"": 17, ""distance"": 0, ""direction"": ""self""}]",n/a,Semantic,Dictionary,1.0,False,,capital,"[{""tk"": ""capital"", ""act"": 10.143529891967773}, {""tk"": ""city"", ""act"": 0.0}, {""tk"": ""Carolina"", ""act"": 0.0}, {""tk"": ""USA"", ""act"": 0.0}, {""tk"": ""is"", ""act"": 0.0}, {""tk"": ""Charleston"", ""act"": 0.0}, {""tk"": ""The"", ""act"": 0.0}, {""tk"": ""of"", ""act"": 0.0}, {""tk"": ""Columbia"", ""act"": 0.0}, {""tk"": ""state"", ""act"": 0.0}, {""tk"": ""attribute"", ""act"": 0.0}, {""tk"": ""serving"", ""act"": 0.0}, {""tk"": ""government"", ""act"": 0.0}, {""tk"": ""located"", ""act"": 0.0}, {""tk"": ""containing"", ""act"": 0.0}]"
0_68987,0,68987,attribute: The primary city serving as the seat of government for a state is the capital city, capital,17,9.928791046142578,0.9473684210526316,semantic,"[{""token"": "" capital"", ""index"": 17, ""distance"": 0, ""direction"": ""self""}]",n/a,Semantic,Dictionary,1.0,False,,capital,"[{""tk"": ""capital"", ""act"": 9.928791046142578}, {""tk"": ""city"", ""act"": 0.0}, {""tk"": ""Carolina"", ""act"": 0.0}, {""tk"": ""USA"", ""act"": 0.0}, {""tk"": ""is"", ""act"": 0.0}, {""tk"": ""Charleston"", ""act"": 0.0}, {""tk"": ""The"", ""act"": 0.0}, {""tk"": ""of"", ""act"": 0.0}, {""tk"": ""Columbia"", ""act"": 0.0}, {""tk"": ""state"", ""act"": 0.0}, {""tk"": ""attribute"", ""act"": 0.0}, {""tk"": ""serving"", ""act"": 0.0}, {""tk"": ""government"", ""act"": 0.0}, {""tk"": ""located"", ""act"": 0.0}, {""tk"": ""containing"", ""act"": 0.0}]"
0_82862,0,82862,attribute: The primary city serving as the seat of government for a state is the capital city, government,11,9.586883544921877,0.9473684210526316,semantic,"[{""token"": "" government"", ""index"": 11, ""distance"": 0, ""direction"": ""self""}]",n/a,Semantic,Dictionary (fallback),0.9,False,,government,"[{""tk"": ""government"", ""act"": 9.586883544921875}, {""tk"": ""capital"", ""act"": 8.219970703125}, {""tk"": ""state"", ""act"": 5.531653881072998}, {""tk"": ""city"", ""act"": 0.0}, {""tk"": ""Carolina"", ""act"": 0.0}, {""tk"": ""USA"", ""act"": 0.0}, {""tk"": ""is"", ""act"": 0.0}, {""tk"": ""Charleston"", ""act"": 0.0}, {""tk"": ""The"", ""act"": 0.0}, {""tk"": ""of"", ""act"": 0.0}, {""tk"": ""Columbia"", ""act"": 0.0}, {""tk"": ""attribute"", ""act"": 0.0}, {""tk"": ""serving"", ""act"": 0.0}, {""tk"": ""located"", ""act"": 0.0}, {""tk"": ""containing"", ""act"": 0.0}]"
0_20368,0,20368,attribute: The primary city serving as the seat of government for a state is the capital city,<bos>,0,8.283733367919922,0.9175105150770536,semantic,"[{""token"": ""<bos>"", ""index"": 0, ""distance"": 0, ""direction"": ""self""}]",n/a,Semantic,Dictionary (fallback),0.9,False,,Semantic (unknown),"[{""tk"": ""containing"", ""act"": 8.030762672424316}, {""tk"": ""is"", ""act"": 6.553821563720703}, {""tk"": ""city"", ""act"": 0.0}, {""tk"": ""Carolina"", ""act"": 0.0}, {""tk"": ""USA"", ""act"": 0.0}, {""tk"": ""Charleston"", ""act"": 0.0}, {""tk"": ""The"", ""act"": 0.0}, {""tk"": ""capital"", ""act"": 0.0}, {""tk"": ""of"", ""act"": 0.0}, {""tk"": ""Columbia"", ""act"": 0.0}, {""tk"": ""state"", ""act"": 0.0}, {""tk"": ""attribute"", ""act"": 0.0}, {""tk"": ""serving"", ""act"": 0.0}, {""tk"": ""government"", ""act"": 0.0}, {""tk"": ""located"", ""act"": 0.0}]"
0_60256,0,60256,attribute: The primary city serving as the seat of government for a state is the capital city,<bos>,0,8.257607460021973,0.9473684210526316,semantic,"[{""token"": ""<bos>"", ""index"": 0, ""distance"": 0, ""direction"": ""self""}]",n/a,Semantic,Dictionary,1.0,False,,containing,"[{""tk"": ""containing"", ""act"": 8.764032363891602}, {""tk"": ""city"", ""act"": 0.0}, {""tk"": ""Carolina"", ""act"": 0.0}, {""tk"": ""USA"", ""act"": 0.0}, {""tk"": ""is"", ""act"": 0.0}, {""tk"": ""Charleston"", ""act"": 0.0}, {""tk"": ""The"", ""act"": 0.0}, {""tk"": ""capital"", ""act"": 0.0}, {""tk"": ""of"", ""act"": 0.0}, {""tk"": ""Columbia"", ""act"": 0.0}, {""tk"": ""state"", ""act"": 0.0}, {""tk"": ""attribute"", ""act"": 0.0}, {""tk"": ""serving"", ""act"": 0.0}, {""tk"": ""government"", ""act"": 0.0}, {""tk"": ""located"", ""act"": 0.0}]"
0_6264,0,6264,attribute: The primary city serving as the seat of government for a state is the capital city, capital,17,7.520436763763428,0.9473684210526316,semantic,"[{""token"": "" capital"", ""index"": 17, ""distance"": 0, ""direction"": ""self""}]",n/a,Semantic,Dictionary,1.0,False,,capital,"[{""tk"": ""capital"", ""act"": 9.430625915527344}, {""tk"": ""city"", ""act"": 0.0}, {""tk"": ""Carolina"", ""act"": 0.0}, {""tk"": ""USA"", ""act"": 0.0}, {""tk"": ""is"", ""act"": 0.0}, {""tk"": ""Charleston"", ""act"": 0.0}, {""tk"": ""The"", ""act"": 0.0}, {""tk"": ""of"", ""act"": 0.0}, {""tk"": ""Columbia"", ""act"": 0.0}, {""tk"": ""state"", ""act"": 0.0}, {""tk"": ""attribute"", ""act"": 0.0}, {""tk"": ""serving"", ""act"": 0.0}, {""tk"": ""government"", ""act"": 0.0}, {""tk"": ""located"", ""act"": 0.0}, {""tk"": ""containing"", ""act"": 0.0}]"
0_37030,0,37030,attribute: The primary city serving as the seat of government for a state is the capital city,<bos>,0,6.821286201477051,0.9473684210526316,semantic,"[{""token"": ""<bos>"", ""index"": 0, ""distance"": 0, ""direction"": ""self""}]",n/a,Semantic,Dictionary,1.0,False,,Charleston,"[{""tk"": ""Charleston"", ""act"": 8.90308952331543}, {""tk"": ""city"", ""act"": 0.0}, {""tk"": ""Carolina"", ""act"": 0.0}, {""tk"": ""USA"", ""act"": 0.0}, {""tk"": ""is"", ""act"": 0.0}, {""tk"": ""The"", ""act"": 0.0}, {""tk"": ""capital"", ""act"": 0.0}, {""tk"": ""of"", ""act"": 0.0}, {""tk"": ""Columbia"", ""act"": 0.0}, {""tk"": ""state"", ""act"": 0.0}, {""tk"": ""attribute"", ""act"": 0.0}, {""tk"": ""serving"", ""act"": 0.0}, {""tk"": ""government"", ""act"": 0.0}, {""tk"": ""located"", ""act"": 0.0}, {""tk"": ""containing"", ""act"": 0.0}]"
0_63548,0,63548,attribute: The primary city serving as the seat of government for a state is the capital city, capital,17,6.786430358886719,0.9473684210526316,semantic,"[{""token"": "" capital"", ""index"": 17, ""distance"": 0, ""direction"": ""self""}]",n/a,Semantic,Dictionary,1.0,False,,capital,"[{""tk"": ""capital"", ""act"": 9.130105972290039}, {""tk"": ""city"", ""act"": 0.0}, {""tk"": ""Carolina"", ""act"": 0.0}, {""tk"": ""USA"", ""act"": 0.0}, {""tk"": ""is"", ""act"": 0.0}, {""tk"": ""Charleston"", ""act"": 0.0}, {""tk"": ""The"", ""act"": 0.0}, {""tk"": ""of"", ""act"": 0.0}, {""tk"": ""Columbia"", ""act"": 0.0}, {""tk"": ""state"", ""act"": 0.0}, {""tk"": ""attribute"", ""act"": 0.0}, {""tk"": ""serving"", ""act"": 0.0}, {""tk"": ""government"", ""act"": 0.0}, {""tk"": ""located"", ""act"": 0.0}, {""tk"": ""containing"", ""act"": 0.0}]"
0_15430,0,15430,attribute: The primary city serving as the seat of government for a state is the capital city, capital,17,6.687129020690918,0.9473684210526316,semantic,"[{""token"": "" capital"", ""index"": 17, ""distance"": 0, ""direction"": ""self""}]",n/a,Semantic,Dictionary,1.0,False,,capital,"[{""tk"": ""capital"", ""act"": 8.16793155670166}, {""tk"": ""city"", ""act"": 0.0}, {""tk"": ""Carolina"", ""act"": 0.0}, {""tk"": ""USA"", ""act"": 0.0}, {""tk"": ""is"", ""act"": 0.0}, {""tk"": ""Charleston"", ""act"": 0.0}, {""tk"": ""The"", ""act"": 0.0}, {""tk"": ""of"", ""act"": 0.0}, {""tk"": ""Columbia"", ""act"": 0.0}, {""tk"": ""state"", ""act"": 0.0}, {""tk"": ""attribute"", ""act"": 0.0}, {""tk"": ""serving"", ""act"": 0.0}, {""tk"": ""government"", ""act"": 0.0}, {""tk"": ""located"", ""act"": 0.0}, {""tk"": ""containing"", ""act"": 0.0}]"
0_37416,0,37416,attribute: The primary city serving as the seat of government for a state is the capital city, capital,17,6.665575981140137,0.9473684210526316,semantic,"[{""token"": "" capital"", ""index"": 17, ""distance"": 0, ""direction"": ""self""}]",n/a,Semantic,Dictionary,1.0,False,,capital,"[{""tk"": ""capital"", ""act"": 12.284197807312012}, {""tk"": ""city"", ""act"": 0.0}, {""tk"": ""Carolina"", ""act"": 0.0}, {""tk"": ""USA"", ""act"": 0.0}, {""tk"": ""is"", ""act"": 0.0}, {""tk"": ""Charleston"", ""act"": 0.0}, {""tk"": ""The"", ""act"": 0.0}, {""tk"": ""of"", ""act"": 0.0}, {""tk"": ""Columbia"", ""act"": 0.0}, {""tk"": ""state"", ""act"": 0.0}, {""tk"": ""attribute"", ""act"": 0.0}, {""tk"": ""serving"", ""act"": 0.0}, {""tk"": ""government"", ""act"": 0.0}, {""tk"": ""located"", ""act"": 0.0}, {""tk"": ""containing"", ""act"": 0.0}]"
0_79529,0,79529,attribute: The primary city serving as the seat of government for a state is the capital city,<bos>,0,6.5308756828308105,0.899396991969455,semantic,"[{""token"": ""<bos>"", ""index"": 0, ""distance"": 0, ""direction"": ""self""}]",n/a,Semantic,Dictionary (fallback),0.9,False,,Semantic (unknown),"[{""tk"": ""is"", ""act"": 15.42864990234375}, {""tk"": ""city"", ""act"": 0.0}, {""tk"": ""Carolina"", ""act"": 0.0}, {""tk"": ""USA"", ""act"": 0.0}, {""tk"": ""Charleston"", ""act"": 0.0}, {""tk"": ""The"", ""act"": 0.0}, {""tk"": ""capital"", ""act"": 0.0}, {""tk"": ""of"", ""act"": 0.0}, {""tk"": ""Columbia"", ""act"": 0.0}, {""tk"": ""state"", ""act"": 0.0}, {""tk"": ""attribute"", ""act"": 0.0}, {""tk"": ""serving"", ""act"": 0.0}, {""tk"": ""government"", ""act"": 0.0}, {""tk"": ""located"", ""act"": 0.0}, {""tk"": ""containing"", ""act"": 0.0}]"
0_53531,0,53531,attribute: The primary city serving as the seat of government for a state is the capital city, capital,17,5.883442401885986,0.9473684210526316,semantic,"[{""token"": "" capital"", ""index"": 17, ""distance"": 0, ""direction"": ""self""}]",n/a,Semantic,Dictionary,1.0,False,,capital,"[{""tk"": ""capital"", ""act"": 8.328258514404297}, {""tk"": ""city"", ""act"": 0.0}, {""tk"": ""Carolina"", ""act"": 0.0}, {""tk"": ""USA"", ""act"": 0.0}, {""tk"": ""is"", ""act"": 0.0}, {""tk"": ""Charleston"", ""act"": 0.0}, {""tk"": ""The"", ""act"": 0.0}, {""tk"": ""of"", ""act"": 0.0}, {""tk"": ""Columbia"", ""act"": 0.0}, {""tk"": ""state"", ""act"": 0.0}, {""tk"": ""attribute"", ""act"": 0.0}, {""tk"": ""serving"", ""act"": 0.0}, {""tk"": ""government"", ""act"": 0.0}, {""tk"": ""located"", ""act"": 0.0}, {""tk"": ""containing"", ""act"": 0.0}]"
0_41589,0,41589,attribute: The primary city serving as the seat of government for a state is the capital city, capital,17,5.249173164367676,0.9473684210526316,semantic,"[{""token"": "" capital"", ""index"": 17, ""distance"": 0, ""direction"": ""self""}]",n/a,Semantic,Dictionary,1.0,False,,capital,"[{""tk"": ""capital"", ""act"": 7.369453430175781}, {""tk"": ""city"", ""act"": 0.0}, {""tk"": ""Carolina"", ""act"": 0.0}, {""tk"": ""USA"", ""act"": 0.0}, {""tk"": ""is"", ""act"": 0.0}, {""tk"": ""Charleston"", ""act"": 0.0}, {""tk"": ""The"", ""act"": 0.0}, {""tk"": ""of"", ""act"": 0.0}, {""tk"": ""Columbia"", ""act"": 0.0}, {""tk"": ""state"", ""act"": 0.0}, {""tk"": ""attribute"", ""act"": 0.0}, {""tk"": ""serving"", ""act"": 0.0}, {""tk"": ""government"", ""act"": 0.0}, {""tk"": ""located"", ""act"": 0.0}, {""tk"": ""containing"", ""act"": 0.0}]"
0_61257,0,61257,attribute: The primary city serving as the seat of government for a state is the capital city, state,14,4.628973960876465,0.9473684210526316,semantic,"[{""token"": "" state"", ""index"": 14, ""distance"": 0, ""direction"": ""self""}]",n/a,Semantic,Dictionary (fallback),0.9,False,,state,"[{""tk"": ""state"", ""act"": 15.710807800292969}, {""tk"": ""city"", ""act"": 0.0}, {""tk"": ""Carolina"", ""act"": 0.0}, {""tk"": ""USA"", ""act"": 0.0}, {""tk"": ""is"", ""act"": 0.0}, {""tk"": ""Charleston"", ""act"": 0.0}, {""tk"": ""The"", ""act"": 0.0}, {""tk"": ""capital"", ""act"": 0.0}, {""tk"": ""of"", ""act"": 0.0}, {""tk"": ""Columbia"", ""act"": 0.0}, {""tk"": ""attribute"", ""act"": 0.0}, {""tk"": ""serving"", ""act"": 0.0}, {""tk"": ""government"", ""act"": 0.0}, {""tk"": ""located"", ""act"": 0.0}, {""tk"": ""containing"", ""act"": 0.0}]"
0_31953,0,31953,attribute: The primary city serving as the seat of government for a state is the capital city, capital,17,4.551955223083496,0.9473684210526316,semantic,"[{""token"": "" capital"", ""index"": 17, ""distance"": 0, ""direction"": ""self""}]",n/a,Semantic,Dictionary,1.0,False,,capital,"[{""tk"": ""capital"", ""act"": 5.960221767425537}, {""tk"": ""city"", ""act"": 0.0}, {""tk"": ""Carolina"", ""act"": 0.0}, {""tk"": ""USA"", ""act"": 0.0}, {""tk"": ""is"", ""act"": 0.0}, {""tk"": ""Charleston"", ""act"": 0.0}, {""tk"": ""The"", ""act"": 0.0}, {""tk"": ""of"", ""act"": 0.0}, {""tk"": ""Columbia"", ""act"": 0.0}, {""tk"": ""state"", ""act"": 0.0}, {""tk"": ""attribute"", ""act"": 0.0}, {""tk"": ""serving"", ""act"": 0.0}, {""tk"": ""government"", ""act"": 0.0}, {""tk"": ""located"", ""act"": 0.0}, {""tk"": ""containing"", ""act"": 0.0}]"
0_85449,0,85449,attribute: The primary city serving as the seat of government for a state is the capital city,<bos>,0,4.306120872497559,0.9473684210526316,semantic,"[{""token"": ""<bos>"", ""index"": 0, ""distance"": 0, ""direction"": ""self""}]",n/a,Semantic,Dictionary,1.0,False,,Charleston,"[{""tk"": ""Charleston"", ""act"": 9.35044002532959}, {""tk"": ""city"", ""act"": 0.0}, {""tk"": ""Carolina"", ""act"": 0.0}, {""tk"": ""USA"", ""act"": 0.0}, {""tk"": ""is"", ""act"": 0.0}, {""tk"": ""The"", ""act"": 0.0}, {""tk"": ""capital"", ""act"": 0.0}, {""tk"": ""of"", ""act"": 0.0}, {""tk"": ""Columbia"", ""act"": 0.0}, {""tk"": ""state"", ""act"": 0.0}, {""tk"": ""attribute"", ""act"": 0.0}, {""tk"": ""serving"", ""act"": 0.0}, {""tk"": ""government"", ""act"": 0.0}, {""tk"": ""located"", ""act"": 0.0}, {""tk"": ""containing"", ""act"": 0.0}]"
0_12284,0,12284,attribute: The primary city serving as the seat of government for a state is the capital city,<bos>,0,4.237028121948242,0.9473684210526316,semantic,"[{""token"": ""<bos>"", ""index"": 0, ""distance"": 0, ""direction"": ""self""}]",n/a,Semantic,Dictionary (fallback),0.9,False,,Semantic (unknown),"[{""tk"": ""city"", ""act"": 0.0}, {""tk"": ""Carolina"", ""act"": 0.0}, {""tk"": ""USA"", ""act"": 0.0}, {""tk"": ""is"", ""act"": 0.0}, {""tk"": ""Charleston"", ""act"": 0.0}, {""tk"": ""The"", ""act"": 0.0}, {""tk"": ""capital"", ""act"": 0.0}, {""tk"": ""of"", ""act"": 0.0}, {""tk"": ""Columbia"", ""act"": 0.0}, {""tk"": ""state"", ""act"": 0.0}, {""tk"": ""attribute"", ""act"": 0.0}, {""tk"": ""serving"", ""act"": 0.0}, {""tk"": ""government"", ""act"": 0.0}, {""tk"": ""located"", ""act"": 0.0}, {""tk"": ""containing"", ""act"": 0.0}]"
0_29747,0,29747,attribute: The primary city serving as the seat of government for a state is the capital city,<bos>,0,3.6445798873901367,0.9473684210526316,semantic,"[{""token"": ""<bos>"", ""index"": 0, ""distance"": 0, ""direction"": ""self""}]",n/a,Semantic,Dictionary,1.0,False,,Charleston,"[{""tk"": ""Charleston"", ""act"": 11.133187294006348}, {""tk"": ""city"", ""act"": 0.0}, {""tk"": ""Carolina"", ""act"": 0.0}, {""tk"": ""USA"", ""act"": 0.0}, {""tk"": ""is"", ""act"": 0.0}, {""tk"": ""The"", ""act"": 0.0}, {""tk"": ""capital"", ""act"": 0.0}, {""tk"": ""of"", ""act"": 0.0}, {""tk"": ""Columbia"", ""act"": 0.0}, {""tk"": ""state"", ""act"": 0.0}, {""tk"": ""attribute"", ""act"": 0.0}, {""tk"": ""serving"", ""act"": 0.0}, {""tk"": ""government"", ""act"": 0.0}, {""tk"": ""located"", ""act"": 0.0}, {""tk"": ""containing"", ""act"": 0.0}]"
0_47638,0,47638,attribute: The primary city serving as the seat of government for a state is the capital city,<bos>,0,3.638421058654785,0.9473684210526316,semantic,"[{""token"": ""<bos>"", ""index"": 0, ""distance"": 0, ""direction"": ""self""}]",n/a,Semantic,Dictionary,1.0,False,,containing,"[{""tk"": ""containing"", ""act"": 11.569823265075684}, {""tk"": ""city"", ""act"": 0.0}, {""tk"": ""Carolina"", ""act"": 0.0}, {""tk"": ""USA"", ""act"": 0.0}, {""tk"": ""is"", ""act"": 0.0}, {""tk"": ""Charleston"", ""act"": 0.0}, {""tk"": ""The"", ""act"": 0.0}, {""tk"": ""capital"", ""act"": 0.0}, {""tk"": ""of"", ""act"": 0.0}, {""tk"": ""Columbia"", ""act"": 0.0}, {""tk"": ""state"", ""act"": 0.0}, {""tk"": ""attribute"", ""act"": 0.0}, {""tk"": ""serving"", ""act"": 0.0}, {""tk"": ""government"", ""act"": 0.0}, {""tk"": ""located"", ""act"": 0.0}]"
0_55912,0,55912,attribute: The primary city serving as the seat of government for a state is the capital city,<bos>,0,3.023300170898437,0.9473684210526316,semantic,"[{""token"": ""<bos>"", ""index"": 0, ""distance"": 0, ""direction"": ""self""}]",n/a,Semantic,Dictionary,1.0,False,,Charleston,"[{""tk"": ""Charleston"", ""act"": 7.9657979011535645}, {""tk"": ""city"", ""act"": 0.0}, {""tk"": ""Carolina"", ""act"": 0.0}, {""tk"": ""USA"", ""act"": 0.0}, {""tk"": ""is"", ""act"": 0.0}, {""tk"": ""The"", ""act"": 0.0}, {""tk"": ""capital"", ""act"": 0.0}, {""tk"": ""of"", ""act"": 0.0}, {""tk"": ""Columbia"", ""act"": 0.0}, {""tk"": ""state"", ""act"": 0.0}, {""tk"": ""attribute"", ""act"": 0.0}, {""tk"": ""serving"", ""act"": 0.0}, {""tk"": ""government"", ""act"": 0.0}, {""tk"": ""located"", ""act"": 0.0}, {""tk"": ""containing"", ""act"": 0.0}]"
0_41424,0,41424,attribute: The primary city serving as the seat of government for a state is the capital city,<bos>,0,2.161795139312744,0.9473684210526316,semantic,"[{""token"": ""<bos>"", ""index"": 0, ""distance"": 0, ""direction"": ""self""}]",n/a,Semantic,Dictionary (fallback),0.9,False,,Semantic (unknown),"[{""tk"": ""city"", ""act"": 0.0}, {""tk"": ""Carolina"", ""act"": 0.0}, {""tk"": ""USA"", ""act"": 0.0}, {""tk"": ""is"", ""act"": 0.0}, {""tk"": ""Charleston"", ""act"": 0.0}, {""tk"": ""The"", ""act"": 0.0}, {""tk"": ""capital"", ""act"": 0.0}, {""tk"": ""of"", ""act"": 0.0}, {""tk"": ""Columbia"", ""act"": 0.0}, {""tk"": ""state"", ""act"": 0.0}, {""tk"": ""attribute"", ""act"": 0.0}, {""tk"": ""serving"", ""act"": 0.0}, {""tk"": ""government"", ""act"": 0.0}, {""tk"": ""located"", ""act"": 0.0}, {""tk"": ""containing"", ""act"": 0.0}]"
0_13506,0,13506,attribute: The primary city serving as the seat of government for a state is the capital city,<bos>,0,1.042008399963379,0.9473684210526316,semantic,"[{""token"": ""<bos>"", ""index"": 0, ""distance"": 0, ""direction"": ""self""}]",n/a,Semantic,Dictionary (fallback),0.9,False,,Semantic (unknown),"[{""tk"": ""city"", ""act"": 0.0}, {""tk"": ""Carolina"", ""act"": 0.0}, {""tk"": ""USA"", ""act"": 0.0}, {""tk"": ""is"", ""act"": 0.0}, {""tk"": ""Charleston"", ""act"": 0.0}, {""tk"": ""The"", ""act"": 0.0}, {""tk"": ""capital"", ""act"": 0.0}, {""tk"": ""of"", ""act"": 0.0}, {""tk"": ""Columbia"", ""act"": 0.0}, {""tk"": ""state"", ""act"": 0.0}, {""tk"": ""attribute"", ""act"": 0.0}, {""tk"": ""serving"", ""act"": 0.0}, {""tk"": ""government"", ""act"": 0.0}, {""tk"": ""located"", ""act"": 0.0}, {""tk"": ""containing"", ""act"": 0.0}]"
0_91553,0,91553,attribute: The primary city serving as the seat of government for a state is the capital city,<bos>,0,0.904879093170166,0.9473684210526316,semantic,"[{""token"": ""<bos>"", ""index"": 0, ""distance"": 0, ""direction"": ""self""}]",n/a,Semantic,Dictionary (fallback),0.9,False,,Semantic (unknown),"[{""tk"": ""city"", ""act"": 0.0}, {""tk"": ""Carolina"", ""act"": 0.0}, {""tk"": ""USA"", ""act"": 0.0}, {""tk"": ""is"", ""act"": 0.0}, {""tk"": ""Charleston"", ""act"": 0.0}, {""tk"": ""The"", ""act"": 0.0}, {""tk"": ""capital"", ""act"": 0.0}, {""tk"": ""of"", ""act"": 0.0}, {""tk"": ""Columbia"", ""act"": 0.0}, {""tk"": ""state"", ""act"": 0.0}, {""tk"": ""attribute"", ""act"": 0.0}, {""tk"": ""serving"", ""act"": 0.0}, {""tk"": ""government"", ""act"": 0.0}, {""tk"": ""located"", ""act"": 0.0}, {""tk"": ""containing"", ""act"": 0.0}]"
0_76137,0,76137,attribute: The primary city serving as the seat of government for a state is the capital city,<bos>,0,0.7108979225158691,0.9473684210526316,semantic,"[{""token"": ""<bos>"", ""index"": 0, ""distance"": 0, ""direction"": ""self""}]",n/a,Semantic,Dictionary,1.0,False,,Carolina,"[{""tk"": ""Carolina"", ""act"": 11.089876174926758}, {""tk"": ""USA"", ""act"": 4.346536159515381}, {""tk"": ""Charleston"", ""act"": 2.794321060180664}, {""tk"": ""Columbia"", ""act"": 2.7789368629455566}, {""tk"": ""city"", ""act"": 0.0}, {""tk"": ""is"", ""act"": 0.0}, {""tk"": ""The"", ""act"": 0.0}, {""tk"": ""capital"", ""act"": 0.0}, {""tk"": ""of"", ""act"": 0.0}, {""tk"": ""state"", ""act"": 0.0}, {""tk"": ""attribute"", ""act"": 0.0}, {""tk"": ""serving"", ""act"": 0.0}, {""tk"": ""government"", ""act"": 0.0}, {""tk"": ""located"", ""act"": 0.0}, {""tk"": ""containing"", ""act"": 0.0}]"
0_5474,0,5474,attribute: The primary city serving as the seat of government for a state is the capital city,<bos>,0,0.0,0.0,semantic,"[{""token"": ""<bos>"", ""index"": 0, ""distance"": 0, ""direction"": ""self""}]",n/a,Semantic,Dictionary,1.0,False,,Charleston,"[{""tk"": ""Charleston"", ""act"": 8.963798522949219}, {""tk"": ""city"", ""act"": 0.0}, {""tk"": ""Carolina"", ""act"": 0.0}, {""tk"": ""USA"", ""act"": 0.0}, {""tk"": ""is"", ""act"": 0.0}, {""tk"": ""The"", ""act"": 0.0}, {""tk"": ""capital"", ""act"": 0.0}, {""tk"": ""of"", ""act"": 0.0}, {""tk"": ""Columbia"", ""act"": 0.0}, {""tk"": ""state"", ""act"": 0.0}, {""tk"": ""attribute"", ""act"": 0.0}, {""tk"": ""serving"", ""act"": 0.0}, {""tk"": ""government"", ""act"": 0.0}, {""tk"": ""located"", ""act"": 0.0}, {""tk"": ""containing"", ""act"": 0.0}]"
0_15646,0,15646,attribute: The primary city serving as the seat of government for a state is the capital city,<bos>,0,0.0,0.0,semantic,"[{""token"": ""<bos>"", ""index"": 0, ""distance"": 0, ""direction"": ""self""}]",n/a,Semantic,Dictionary,1.0,False,,Charleston,"[{""tk"": ""Charleston"", ""act"": 8.773160934448242}, {""tk"": ""city"", ""act"": 0.0}, {""tk"": ""Carolina"", ""act"": 0.0}, {""tk"": ""USA"", ""act"": 0.0}, {""tk"": ""is"", ""act"": 0.0}, {""tk"": ""The"", ""act"": 0.0}, {""tk"": ""capital"", ""act"": 0.0}, {""tk"": ""of"", ""act"": 0.0}, {""tk"": ""Columbia"", ""act"": 0.0}, {""tk"": ""state"", ""act"": 0.0}, {""tk"": ""attribute"", ""act"": 0.0}, {""tk"": ""serving"", ""act"": 0.0}, {""tk"": ""government"", ""act"": 0.0}, {""tk"": ""located"", ""act"": 0.0}, {""tk"": ""containing"", ""act"": 0.0}]"
0_21660,0,21660,attribute: The primary city serving as the seat of government for a state is the capital city,<bos>,0,0.0,0.0,semantic,"[{""token"": ""<bos>"", ""index"": 0, ""distance"": 0, ""direction"": ""self""}]",n/a,Semantic,Dictionary,1.0,False,,Charleston,"[{""tk"": ""Charleston"", ""act"": 13.0342435836792}, {""tk"": ""city"", ""act"": 0.0}, {""tk"": ""Carolina"", ""act"": 0.0}, {""tk"": ""USA"", ""act"": 0.0}, {""tk"": ""is"", ""act"": 0.0}, {""tk"": ""The"", ""act"": 0.0}, {""tk"": ""capital"", ""act"": 0.0}, {""tk"": ""of"", ""act"": 0.0}, {""tk"": ""Columbia"", ""act"": 0.0}, {""tk"": ""state"", ""act"": 0.0}, {""tk"": ""attribute"", ""act"": 0.0}, {""tk"": ""serving"", ""act"": 0.0}, {""tk"": ""government"", ""act"": 0.0}, {""tk"": ""located"", ""act"": 0.0}, {""tk"": ""containing"", ""act"": 0.0}]"
0_23477,0,23477,attribute: The primary city serving as the seat of government for a state is the capital city,<bos>,0,0.0,0.0,semantic,"[{""token"": ""<bos>"", ""index"": 0, ""distance"": 0, ""direction"": ""self""}]",n/a,Relationship,,1.0,False,,(city) related,"[{""tk"": ""city"", ""act"": 0.0}, {""tk"": ""Carolina"", ""act"": 0.0}, {""tk"": ""USA"", ""act"": 0.0}, {""tk"": ""is"", ""act"": 0.0}, {""tk"": ""Charleston"", ""act"": 0.0}, {""tk"": ""The"", ""act"": 0.0}, {""tk"": ""capital"", ""act"": 0.0}, {""tk"": ""of"", ""act"": 0.0}, {""tk"": ""Columbia"", ""act"": 0.0}, {""tk"": ""state"", ""act"": 0.0}, {""tk"": ""attribute"", ""act"": 0.0}, {""tk"": ""serving"", ""act"": 0.0}, {""tk"": ""government"", ""act"": 0.0}, {""tk"": ""located"", ""act"": 0.0}, {""tk"": ""containing"", ""act"": 0.0}]"
0_24438,0,24438,attribute: The primary city serving as the seat of government for a state is the capital city,<bos>,0,0.0,0.0,semantic,"[{""token"": ""<bos>"", ""index"": 0, ""distance"": 0, ""direction"": ""self""}]",n/a,Relationship,,1.0,False,,(city) related,"[{""tk"": ""city"", ""act"": 0.0}, {""tk"": ""Carolina"", ""act"": 0.0}, {""tk"": ""USA"", ""act"": 0.0}, {""tk"": ""is"", ""act"": 0.0}, {""tk"": ""Charleston"", ""act"": 0.0}, {""tk"": ""The"", ""act"": 0.0}, {""tk"": ""capital"", ""act"": 0.0}, {""tk"": ""of"", ""act"": 0.0}, {""tk"": ""Columbia"", ""act"": 0.0}, {""tk"": ""state"", ""act"": 0.0}, {""tk"": ""attribute"", ""act"": 0.0}, {""tk"": ""serving"", ""act"": 0.0}, {""tk"": ""government"", ""act"": 0.0}, {""tk"": ""located"", ""act"": 0.0}, {""tk"": ""containing"", ""act"": 0.0}]"
0_29904,0,29904,attribute: The primary city serving as the seat of government for a state is the capital city,<bos>,0,0.0,0.0,semantic,"[{""token"": ""<bos>"", ""index"": 0, ""distance"": 0, ""direction"": ""self""}]",n/a,Semantic,Dictionary,1.0,False,,containing,"[{""tk"": ""containing"", ""act"": 9.819502830505371}, {""tk"": ""city"", ""act"": 0.0}, {""tk"": ""Carolina"", ""act"": 0.0}, {""tk"": ""USA"", ""act"": 0.0}, {""tk"": ""is"", ""act"": 0.0}, {""tk"": ""Charleston"", ""act"": 0.0}, {""tk"": ""The"", ""act"": 0.0}, {""tk"": ""capital"", ""act"": 0.0}, {""tk"": ""of"", ""act"": 0.0}, {""tk"": ""Columbia"", ""act"": 0.0}, {""tk"": ""state"", ""act"": 0.0}, {""tk"": ""attribute"", ""act"": 0.0}, {""tk"": ""serving"", ""act"": 0.0}, {""tk"": ""government"", ""act"": 0.0}, {""tk"": ""located"", ""act"": 0.0}]"
0_35496,0,35496,attribute: The primary city serving as the seat of government for a state is the capital city,<bos>,0,0.0,0.0,semantic,"[{""token"": ""<bos>"", ""index"": 0, ""distance"": 0, ""direction"": ""self""}]",n/a,Semantic,Dictionary,1.0,False,,Charleston,"[{""tk"": ""Charleston"", ""act"": 5.930936813354492}, {""tk"": ""city"", ""act"": 0.0}, {""tk"": ""Carolina"", ""act"": 0.0}, {""tk"": ""USA"", ""act"": 0.0}, {""tk"": ""is"", ""act"": 0.0}, {""tk"": ""The"", ""act"": 0.0}, {""tk"": ""capital"", ""act"": 0.0}, {""tk"": ""of"", ""act"": 0.0}, {""tk"": ""Columbia"", ""act"": 0.0}, {""tk"": ""state"", ""act"": 0.0}, {""tk"": ""attribute"", ""act"": 0.0}, {""tk"": ""serving"", ""act"": 0.0}, {""tk"": ""government"", ""act"": 0.0}, {""tk"": ""located"", ""act"": 0.0}, {""tk"": ""containing"", ""act"": 0.0}]"
0_42832,0,42832,attribute: The primary city serving as the seat of government for a state is the capital city,<bos>,0,0.0,0.0,semantic,"[{""token"": ""<bos>"", ""index"": 0, ""distance"": 0, ""direction"": ""self""}]",n/a,Semantic,Dictionary,1.0,False,,containing,"[{""tk"": ""containing"", ""act"": 11.472331047058105}, {""tk"": ""city"", ""act"": 0.0}, {""tk"": ""Carolina"", ""act"": 0.0}, {""tk"": ""USA"", ""act"": 0.0}, {""tk"": ""is"", ""act"": 0.0}, {""tk"": ""Charleston"", ""act"": 0.0}, {""tk"": ""The"", ""act"": 0.0}, {""tk"": ""capital"", ""act"": 0.0}, {""tk"": ""of"", ""act"": 0.0}, {""tk"": ""Columbia"", ""act"": 0.0}, {""tk"": ""state"", ""act"": 0.0}, {""tk"": ""attribute"", ""act"": 0.0}, {""tk"": ""serving"", ""act"": 0.0}, {""tk"": ""government"", ""act"": 0.0}, {""tk"": ""located"", ""act"": 0.0}]"
0_44709,0,44709,attribute: The primary city serving as the seat of government for a state is the capital city,<bos>,0,0.0,0.0,semantic,"[{""token"": ""<bos>"", ""index"": 0, ""distance"": 0, ""direction"": ""self""}]",n/a,Semantic,Dictionary,1.0,False,,containing,"[{""tk"": ""containing"", ""act"": 6.07918643951416}, {""tk"": ""city"", ""act"": 0.0}, {""tk"": ""Carolina"", ""act"": 0.0}, {""tk"": ""USA"", ""act"": 0.0}, {""tk"": ""is"", ""act"": 0.0}, {""tk"": ""Charleston"", ""act"": 0.0}, {""tk"": ""The"", ""act"": 0.0}, {""tk"": ""capital"", ""act"": 0.0}, {""tk"": ""of"", ""act"": 0.0}, {""tk"": ""Columbia"", ""act"": 0.0}, {""tk"": ""state"", ""act"": 0.0}, {""tk"": ""attribute"", ""act"": 0.0}, {""tk"": ""serving"", ""act"": 0.0}, {""tk"": ""government"", ""act"": 0.0}, {""tk"": ""located"", ""act"": 0.0}]"
0_46676,0,46676,attribute: The primary city serving as the seat of government for a state is the capital city,<bos>,0,0.0,0.0,semantic,"[{""token"": ""<bos>"", ""index"": 0, ""distance"": 0, ""direction"": ""self""}]",n/a,Semantic,Dictionary,1.0,False,,Charleston,"[{""tk"": ""Charleston"", ""act"": 11.343507766723633}, {""tk"": ""city"", ""act"": 0.0}, {""tk"": ""Carolina"", ""act"": 0.0}, {""tk"": ""USA"", ""act"": 0.0}, {""tk"": ""is"", ""act"": 0.0}, {""tk"": ""The"", ""act"": 0.0}, {""tk"": ""capital"", ""act"": 0.0}, {""tk"": ""of"", ""act"": 0.0}, {""tk"": ""Columbia"", ""act"": 0.0}, {""tk"": ""state"", ""act"": 0.0}, {""tk"": ""attribute"", ""act"": 0.0}, {""tk"": ""serving"", ""act"": 0.0}, {""tk"": ""government"", ""act"": 0.0}, {""tk"": ""located"", ""act"": 0.0}, {""tk"": ""containing"", ""act"": 0.0}]"
0_49298,0,49298,attribute: The primary city serving as the seat of government for a state is the capital city,<bos>,0,0.0,0.0,semantic,"[{""token"": ""<bos>"", ""index"": 0, ""distance"": 0, ""direction"": ""self""}]",n/a,Semantic,Dictionary,1.0,False,,Charleston,"[{""tk"": ""Charleston"", ""act"": 9.830625534057617}, {""tk"": ""city"", ""act"": 0.0}, {""tk"": ""Carolina"", ""act"": 0.0}, {""tk"": ""USA"", ""act"": 0.0}, {""tk"": ""is"", ""act"": 0.0}, {""tk"": ""The"", ""act"": 0.0}, {""tk"": ""capital"", ""act"": 0.0}, {""tk"": ""of"", ""act"": 0.0}, {""tk"": ""Columbia"", ""act"": 0.0}, {""tk"": ""state"", ""act"": 0.0}, {""tk"": ""attribute"", ""act"": 0.0}, {""tk"": ""serving"", ""act"": 0.0}, {""tk"": ""government"", ""act"": 0.0}, {""tk"": ""located"", ""act"": 0.0}, {""tk"": ""containing"", ""act"": 0.0}]"
0_52009,0,52009,attribute: The primary city serving as the seat of government for a state is the capital city,<bos>,0,0.0,0.0,semantic,"[{""token"": ""<bos>"", ""index"": 0, ""distance"": 0, ""direction"": ""self""}]",n/a,Semantic,Dictionary,1.0,False,,containing,"[{""tk"": ""containing"", ""act"": 7.867442607879639}, {""tk"": ""city"", ""act"": 0.0}, {""tk"": ""Carolina"", ""act"": 0.0}, {""tk"": ""USA"", ""act"": 0.0}, {""tk"": ""is"", ""act"": 0.0}, {""tk"": ""Charleston"", ""act"": 0.0}, {""tk"": ""The"", ""act"": 0.0}, {""tk"": ""capital"", ""act"": 0.0}, {""tk"": ""of"", ""act"": 0.0}, {""tk"": ""Columbia"", ""act"": 0.0}, {""tk"": ""state"", ""act"": 0.0}, {""tk"": ""attribute"", ""act"": 0.0}, {""tk"": ""serving"", ""act"": 0.0}, {""tk"": ""government"", ""act"": 0.0}, {""tk"": ""located"", ""act"": 0.0}]"
0_52264,0,52264,attribute: The primary city serving as the seat of government for a state is the capital city,<bos>,0,0.0,0.0,semantic,"[{""token"": ""<bos>"", ""index"": 0, ""distance"": 0, ""direction"": ""self""}]",n/a,Semantic,Dictionary,1.0,False,,containing,"[{""tk"": ""containing"", ""act"": 9.985231399536133}, {""tk"": ""city"", ""act"": 0.0}, {""tk"": ""Carolina"", ""act"": 0.0}, {""tk"": ""USA"", ""act"": 0.0}, {""tk"": ""is"", ""act"": 0.0}, {""tk"": ""Charleston"", ""act"": 0.0}, {""tk"": ""The"", ""act"": 0.0}, {""tk"": ""capital"", ""act"": 0.0}, {""tk"": ""of"", ""act"": 0.0}, {""tk"": ""Columbia"", ""act"": 0.0}, {""tk"": ""state"", ""act"": 0.0}, {""tk"": ""attribute"", ""act"": 0.0}, {""tk"": ""serving"", ""act"": 0.0}, {""tk"": ""government"", ""act"": 0.0}, {""tk"": ""located"", ""act"": 0.0}]"
0_54197,0,54197,attribute: The primary city serving as the seat of government for a state is the capital city,<bos>,0,0.0,0.0,semantic,"[{""token"": ""<bos>"", ""index"": 0, ""distance"": 0, ""direction"": ""self""}]",n/a,Semantic,Dictionary,1.0,False,,containing,"[{""tk"": ""containing"", ""act"": 11.77919864654541}, {""tk"": ""city"", ""act"": 0.0}, {""tk"": ""Carolina"", ""act"": 0.0}, {""tk"": ""USA"", ""act"": 0.0}, {""tk"": ""is"", ""act"": 0.0}, {""tk"": ""Charleston"", ""act"": 0.0}, {""tk"": ""The"", ""act"": 0.0}, {""tk"": ""capital"", ""act"": 0.0}, {""tk"": ""of"", ""act"": 0.0}, {""tk"": ""Columbia"", ""act"": 0.0}, {""tk"": ""state"", ""act"": 0.0}, {""tk"": ""attribute"", ""act"": 0.0}, {""tk"": ""serving"", ""act"": 0.0}, {""tk"": ""government"", ""act"": 0.0}, {""tk"": ""located"", ""act"": 0.0}]"
0_56748,0,56748,attribute: The primary city serving as the seat of government for a state is the capital city,<bos>,0,0.0,0.0,semantic,"[{""token"": ""<bos>"", ""index"": 0, ""distance"": 0, ""direction"": ""self""}]",n/a,Semantic,Dictionary (fallback),0.9,False,,state,"[{""tk"": ""state"", ""act"": 13.299398422241211}, {""tk"": ""city"", ""act"": 0.0}, {""tk"": ""Carolina"", ""act"": 0.0}, {""tk"": ""USA"", ""act"": 0.0}, {""tk"": ""is"", ""act"": 0.0}, {""tk"": ""Charleston"", ""act"": 0.0}, {""tk"": ""The"", ""act"": 0.0}, {""tk"": ""capital"", ""act"": 0.0}, {""tk"": ""of"", ""act"": 0.0}, {""tk"": ""Columbia"", ""act"": 0.0}, {""tk"": ""attribute"", ""act"": 0.0}, {""tk"": ""serving"", ""act"": 0.0}, {""tk"": ""government"", ""act"": 0.0}, {""tk"": ""located"", ""act"": 0.0}, {""tk"": ""containing"", ""act"": 0.0}]"
0_58027,0,58027,attribute: The primary city serving as the seat of government for a state is the capital city,<bos>,0,0.0,0.0,semantic,"[{""token"": ""<bos>"", ""index"": 0, ""distance"": 0, ""direction"": ""self""}]",n/a,Semantic,Dictionary,1.0,False,,Charleston,"[{""tk"": ""Charleston"", ""act"": 11.387641906738281}, {""tk"": ""city"", ""act"": 0.0}, {""tk"": ""Carolina"", ""act"": 0.0}, {""tk"": ""USA"", ""act"": 0.0}, {""tk"": ""is"", ""act"": 0.0}, {""tk"": ""The"", ""act"": 0.0}, {""tk"": ""capital"", ""act"": 0.0}, {""tk"": ""of"", ""act"": 0.0}, {""tk"": ""Columbia"", ""act"": 0.0}, {""tk"": ""state"", ""act"": 0.0}, {""tk"": ""attribute"", ""act"": 0.0}, {""tk"": ""serving"", ""act"": 0.0}, {""tk"": ""government"", ""act"": 0.0}, {""tk"": ""located"", ""act"": 0.0}, {""tk"": ""containing"", ""act"": 0.0}]"
0_62872,0,62872,attribute: The primary city serving as the seat of government for a state is the capital city,<bos>,0,0.0,0.0,semantic,"[{""token"": ""<bos>"", ""index"": 0, ""distance"": 0, ""direction"": ""self""}]",n/a,Relationship,,1.0,False,,(city) related,"[{""tk"": ""city"", ""act"": 0.0}, {""tk"": ""Carolina"", ""act"": 0.0}, {""tk"": ""USA"", ""act"": 0.0}, {""tk"": ""is"", ""act"": 0.0}, {""tk"": ""Charleston"", ""act"": 0.0}, {""tk"": ""The"", ""act"": 0.0}, {""tk"": ""capital"", ""act"": 0.0}, {""tk"": ""of"", ""act"": 0.0}, {""tk"": ""Columbia"", ""act"": 0.0}, {""tk"": ""state"", ""act"": 0.0}, {""tk"": ""attribute"", ""act"": 0.0}, {""tk"": ""serving"", ""act"": 0.0}, {""tk"": ""government"", ""act"": 0.0}, {""tk"": ""located"", ""act"": 0.0}, {""tk"": ""containing"", ""act"": 0.0}]"
0_66754,0,66754,attribute: The primary city serving as the seat of government for a state is the capital city,<bos>,0,0.0,0.0,semantic,"[{""token"": ""<bos>"", ""index"": 0, ""distance"": 0, ""direction"": ""self""}]",n/a,Semantic,Dictionary,1.0,False,,containing,"[{""tk"": ""containing"", ""act"": 12.251155853271484}, {""tk"": ""city"", ""act"": 0.0}, {""tk"": ""Carolina"", ""act"": 0.0}, {""tk"": ""USA"", ""act"": 0.0}, {""tk"": ""is"", ""act"": 0.0}, {""tk"": ""Charleston"", ""act"": 0.0}, {""tk"": ""The"", ""act"": 0.0}, {""tk"": ""capital"", ""act"": 0.0}, {""tk"": ""of"", ""act"": 0.0}, {""tk"": ""Columbia"", ""act"": 0.0}, {""tk"": ""state"", ""act"": 0.0}, {""tk"": ""attribute"", ""act"": 0.0}, {""tk"": ""serving"", ""act"": 0.0}, {""tk"": ""government"", ""act"": 0.0}, {""tk"": ""located"", ""act"": 0.0}]"
0_67553,0,67553,attribute: The primary city serving as the seat of government for a state is the capital city,<bos>,0,0.0,0.0,semantic,"[{""token"": ""<bos>"", ""index"": 0, ""distance"": 0, ""direction"": ""self""}]",n/a,Semantic,Dictionary,1.0,False,,containing,"[{""tk"": ""containing"", ""act"": 16.307926177978516}, {""tk"": ""city"", ""act"": 0.0}, {""tk"": ""Carolina"", ""act"": 0.0}, {""tk"": ""USA"", ""act"": 0.0}, {""tk"": ""is"", ""act"": 0.0}, {""tk"": ""Charleston"", ""act"": 0.0}, {""tk"": ""The"", ""act"": 0.0}, {""tk"": ""capital"", ""act"": 0.0}, {""tk"": ""of"", ""act"": 0.0}, {""tk"": ""Columbia"", ""act"": 0.0}, {""tk"": ""state"", ""act"": 0.0}, {""tk"": ""attribute"", ""act"": 0.0}, {""tk"": ""serving"", ""act"": 0.0}, {""tk"": ""government"", ""act"": 0.0}, {""tk"": ""located"", ""act"": 0.0}]"
0_68367,0,68367,attribute: The primary city serving as the seat of government for a state is the capital city,<bos>,0,0.0,0.0,semantic,"[{""token"": ""<bos>"", ""index"": 0, ""distance"": 0, ""direction"": ""self""}]",n/a,Semantic,Dictionary,1.0,False,,Charleston,"[{""tk"": ""Charleston"", ""act"": 9.428169250488281}, {""tk"": ""city"", ""act"": 0.0}, {""tk"": ""Carolina"", ""act"": 0.0}, {""tk"": ""USA"", ""act"": 0.0}, {""tk"": ""is"", ""act"": 0.0}, {""tk"": ""The"", ""act"": 0.0}, {""tk"": ""capital"", ""act"": 0.0}, {""tk"": ""of"", ""act"": 0.0}, {""tk"": ""Columbia"", ""act"": 0.0}, {""tk"": ""state"", ""act"": 0.0}, {""tk"": ""attribute"", ""act"": 0.0}, {""tk"": ""serving"", ""act"": 0.0}, {""tk"": ""government"", ""act"": 0.0}, {""tk"": ""located"", ""act"": 0.0}, {""tk"": ""containing"", ""act"": 0.0}]"
0_73514,0,73514,attribute: The primary city serving as the seat of government for a state is the capital city,<bos>,0,0.0,0.0,semantic,"[{""token"": ""<bos>"", ""index"": 0, ""distance"": 0, ""direction"": ""self""}]",n/a,Relationship,,1.0,False,,(city) related,"[{""tk"": ""city"", ""act"": 0.0}, {""tk"": ""Carolina"", ""act"": 0.0}, {""tk"": ""USA"", ""act"": 0.0}, {""tk"": ""is"", ""act"": 0.0}, {""tk"": ""Charleston"", ""act"": 0.0}, {""tk"": ""The"", ""act"": 0.0}, {""tk"": ""capital"", ""act"": 0.0}, {""tk"": ""of"", ""act"": 0.0}, {""tk"": ""Columbia"", ""act"": 0.0}, {""tk"": ""state"", ""act"": 0.0}, {""tk"": ""attribute"", ""act"": 0.0}, {""tk"": ""serving"", ""act"": 0.0}, {""tk"": ""government"", ""act"": 0.0}, {""tk"": ""located"", ""act"": 0.0}, {""tk"": ""containing"", ""act"": 0.0}]"
0_73833,0,73833,attribute: The primary city serving as the seat of government for a state is the capital city,<bos>,0,0.0,0.0,semantic,"[{""token"": ""<bos>"", ""index"": 0, ""distance"": 0, ""direction"": ""self""}]",n/a,Semantic,Dictionary,1.0,False,,containing,"[{""tk"": ""containing"", ""act"": 11.570135116577148}, {""tk"": ""city"", ""act"": 0.0}, {""tk"": ""Carolina"", ""act"": 0.0}, {""tk"": ""USA"", ""act"": 0.0}, {""tk"": ""is"", ""act"": 0.0}, {""tk"": ""Charleston"", ""act"": 0.0}, {""tk"": ""The"", ""act"": 0.0}, {""tk"": ""capital"", ""act"": 0.0}, {""tk"": ""of"", ""act"": 0.0}, {""tk"": ""Columbia"", ""act"": 0.0}, {""tk"": ""state"", ""act"": 0.0}, {""tk"": ""attribute"", ""act"": 0.0}, {""tk"": ""serving"", ""act"": 0.0}, {""tk"": ""government"", ""act"": 0.0}, {""tk"": ""located"", ""act"": 0.0}]"
0_96776,0,96776,attribute: The primary city serving as the seat of government for a state is the capital city,<bos>,0,0.0,0.0,semantic,"[{""token"": ""<bos>"", ""index"": 0, ""distance"": 0, ""direction"": ""self""}]",n/a,Semantic,Dictionary,1.0,False,,Charleston,"[{""tk"": ""Charleston"", ""act"": 8.00781536102295}, {""tk"": ""city"", ""act"": 0.0}, {""tk"": ""Carolina"", ""act"": 0.0}, {""tk"": ""USA"", ""act"": 0.0}, {""tk"": ""is"", ""act"": 0.0}, {""tk"": ""The"", ""act"": 0.0}, {""tk"": ""capital"", ""act"": 0.0}, {""tk"": ""of"", ""act"": 0.0}, {""tk"": ""Columbia"", ""act"": 0.0}, {""tk"": ""state"", ""act"": 0.0}, {""tk"": ""attribute"", ""act"": 0.0}, {""tk"": ""serving"", ""act"": 0.0}, {""tk"": ""government"", ""act"": 0.0}, {""tk"": ""located"", ""act"": 0.0}, {""tk"": ""containing"", ""act"": 0.0}]"
1_12928,1,12928,attribute: The primary city serving as the seat of government for a state is the capital city,<bos>,0,424.2139587402344,0.794430754693184,semantic,"[{""token"": ""<bos>"", ""index"": 0, ""distance"": 0, ""direction"": ""self""}]",n/a,Semantic,Dictionary (fallback),0.9,False,,Semantic (unknown),"[{""tk"": ""attribute"", ""act"": 116.61937713623047}, {""tk"": ""city"", ""act"": 102.33412170410156}, {""tk"": ""Columbia"", ""act"": 99.24443054199219}, {""tk"": ""Carolina"", ""act"": 94.60506439208984}, {""tk"": ""Charleston"", ""act"": 92.46700286865234}, {""tk"": ""state"", ""act"": 91.09199523925781}, {""tk"": ""is"", ""act"": 87.51624298095703}, {""tk"": ""government"", ""act"": 86.91158294677734}, {""tk"": ""the"", ""act"": 86.17095947265625}, {""tk"": ""located"", ""act"": 77.41014862060547}, {""tk"": ""USA"", ""act"": 75.30310821533203}, {""tk"": ""capital"", ""act"": 74.68241882324219}, {""tk"": ""of"", ""act"": 68.17405700683594}, {""tk"": ""serving"", ""act"": 64.7063980102539}, {""tk"": ""containing"", ""act"": 62.237648010253906}]"
1_57794,1,57794,attribute: The primary city serving as the seat of government for a state is the capital city,<bos>,0,388.9909057617188,0.7685000115367483,semantic,"[{""token"": ""<bos>"", ""index"": 0, ""distance"": 0, ""direction"": ""self""}]",n/a,Semantic,Dictionary (fallback),0.9,False,,Semantic (unknown),"[{""tk"": ""attribute"", ""act"": 125.1230239868164}, {""tk"": ""The"", ""act"": 90.81844329833984}, {""tk"": ""is"", ""act"": 86.76908111572266}, {""tk"": ""state"", ""act"": 85.2448959350586}, {""tk"": ""of"", ""act"": 81.49526977539062}, {""tk"": ""serving"", ""act"": 81.41454315185547}, {""tk"": ""Charleston"", ""act"": 80.3638687133789}, {""tk"": ""USA"", ""act"": 79.97205352783203}, {""tk"": ""city"", ""act"": 78.5748291015625}, {""tk"": ""government"", ""act"": 78.36383819580078}, {""tk"": ""capital"", ""act"": 77.23419952392578}, {""tk"": ""located"", ""act"": 75.95323944091797}, {""tk"": ""Carolina"", ""act"": 75.86783599853516}, {""tk"": ""containing"", ""act"": 74.69670104980469}, {""tk"": ""Columbia"", ""act"": 71.81240844726562}]"
1_72774,1,72774,attribute: The primary city serving as the seat of government for a state is the capital city, primary,4,122.49185180664062,0.3362006884922011,semantic,"[{""token"": "" primary"", ""index"": 4, ""distance"": 0, ""direction"": ""self""}]",n/a,Relationship,,1.0,False,,(serving) related,"[{""tk"": ""serving"", ""act"": 112.18031311035156}, {""tk"": ""capital"", ""act"": 102.21701049804688}, {""tk"": ""city"", ""act"": 98.39340209960938}, {""tk"": ""containing"", ""act"": 97.6826171875}, {""tk"": ""Columbia"", ""act"": 95.98713684082031}, {""tk"": ""state"", ""act"": 91.85028076171875}, {""tk"": ""is"", ""act"": 90.29220581054688}, {""tk"": ""Charleston"", ""act"": 87.18460083007812}, {""tk"": ""USA"", ""act"": 85.39593505859375}, {""tk"": ""government"", ""act"": 84.53697204589844}, {""tk"": ""located"", ""act"": 84.2203369140625}, {""tk"": ""the"", ""act"": 78.6541748046875}, {""tk"": ""of"", ""act"": 78.48052978515625}, {""tk"": ""Carolina"", ""act"": 64.49211120605469}, {""tk"": ""attribute"", ""act"": 23.17362403869629}]"
1_52044,1,52044,attribute: The primary city serving as the seat of government for a state is the capital city, capital,17,118.56844329833984,0.3038814364677411,semantic,"[{""token"": "" capital"", ""index"": 17, ""distance"": 0, ""direction"": ""self""}]",n/a,Relationship,,1.0,False,,(containing) related,"[{""tk"": ""containing"", ""act"": 125.91358184814453}, {""tk"": ""capital"", ""act"": 118.56844329833984}, {""tk"": ""located"", ""act"": 115.86267852783203}, {""tk"": ""city"", ""act"": 112.72059631347656}, {""tk"": ""state"", ""act"": 110.67672729492188}, {""tk"": ""serving"", ""act"": 106.8580551147461}, {""tk"": ""USA"", ""act"": 103.16213989257812}, {""tk"": ""is"", ""act"": 96.33961486816406}, {""tk"": ""government"", ""act"": 92.29335021972656}, {""tk"": ""The"", ""act"": 81.9691162109375}, {""tk"": ""Carolina"", ""act"": 80.77632141113281}, {""tk"": ""of"", ""act"": 75.42842864990234}, {""tk"": ""Charleston"", ""act"": 67.51875305175781}, {""tk"": ""Columbia"", ""act"": 44.87030029296875}, {""tk"": ""attribute"", ""act"": 43.5494384765625}]"
1_85217,1,85217,attribute: The primary city serving as the seat of government for a state is the capital city, capital,17,20.99380874633789,0.9473684210526316,semantic,"[{""token"": "" capital"", ""index"": 17, ""distance"": 0, ""direction"": ""self""}]",n/a,Semantic,Dictionary,1.0,False,,capital,"[{""tk"": ""capital"", ""act"": 20.99380874633789}, {""tk"": ""city"", ""act"": 0.0}, {""tk"": ""Carolina"", ""act"": 0.0}, {""tk"": ""USA"", ""act"": 0.0}, {""tk"": ""is"", ""act"": 0.0}, {""tk"": ""Charleston"", ""act"": 0.0}, {""tk"": ""The"", ""act"": 0.0}, {""tk"": ""of"", ""act"": 0.0}, {""tk"": ""Columbia"", ""act"": 0.0}, {""tk"": ""state"", ""act"": 0.0}, {""tk"": ""attribute"", ""act"": 0.0}, {""tk"": ""serving"", ""act"": 0.0}, {""tk"": ""government"", ""act"": 0.0}, {""tk"": ""located"", ""act"": 0.0}, {""tk"": ""containing"", ""act"": 0.0}]"
1_74380,1,74380,attribute: The primary city serving as the seat of government for a state is the capital city, capital,17,13.881332397460938,0.9383958912370068,semantic,"[{""token"": "" capital"", ""index"": 17, ""distance"": 0, ""direction"": ""self""}]",n/a,Semantic,Dictionary,1.0,False,,capital,"[{""tk"": ""capital"", ""act"": 17.934070587158203}, {""tk"": ""city"", ""act"": 0.0}, {""tk"": ""Carolina"", ""act"": 0.0}, {""tk"": ""USA"", ""act"": 0.0}, {""tk"": ""is"", ""act"": 0.0}, {""tk"": ""Charleston"", ""act"": 0.0}, {""tk"": ""The"", ""act"": 0.0}, {""tk"": ""of"", ""act"": 0.0}, {""tk"": ""Columbia"", ""act"": 0.0}, {""tk"": ""state"", ""act"": 0.0}, {""tk"": ""attribute"", ""act"": 0.0}, {""tk"": ""serving"", ""act"": 0.0}, {""tk"": ""government"", ""act"": 0.0}, {""tk"": ""located"", ""act"": 0.0}, {""tk"": ""containing"", ""act"": 0.0}]"
1_41482,1,41482,attribute: The primary city serving as the seat of government for a state is the capital city,<bos>,0,0.0,0.0,semantic,"[{""token"": ""<bos>"", ""index"": 0, ""distance"": 0, ""direction"": ""self""}]",n/a,Semantic,Dictionary,1.0,False,,Charleston,"[{""tk"": ""Charleston"", ""act"": 15.813238143920898}, {""tk"": ""city"", ""act"": 0.0}, {""tk"": ""Carolina"", ""act"": 0.0}, {""tk"": ""USA"", ""act"": 0.0}, {""tk"": ""is"", ""act"": 0.0}, {""tk"": ""The"", ""act"": 0.0}, {""tk"": ""capital"", ""act"": 0.0}, {""tk"": ""of"", ""act"": 0.0}, {""tk"": ""Columbia"", ""act"": 0.0}, {""tk"": ""state"", ""act"": 0.0}, {""tk"": ""attribute"", ""act"": 0.0}, {""tk"": ""serving"", ""act"": 0.0}, {""tk"": ""government"", ""act"": 0.0}, {""tk"": ""located"", ""act"": 0.0}, {""tk"": ""containing"", ""act"": 0.0}]"
1_64129,1,64129,attribute: The primary city serving as the seat of government for a state is the capital city,<bos>,0,0.0,0.0,semantic,"[{""token"": ""<bos>"", ""index"": 0, ""distance"": 0, ""direction"": ""self""}]",n/a,Relationship,,1.0,False,,(city) related,"[{""tk"": ""city"", ""act"": 0.0}, {""tk"": ""Carolina"", ""act"": 0.0}, {""tk"": ""USA"", ""act"": 0.0}, {""tk"": ""is"", ""act"": 0.0}, {""tk"": ""Charleston"", ""act"": 0.0}, {""tk"": ""The"", ""act"": 0.0}, {""tk"": ""capital"", ""act"": 0.0}, {""tk"": ""of"", ""act"": 0.0}, {""tk"": ""Columbia"", ""act"": 0.0}, {""tk"": ""state"", ""act"": 0.0}, {""tk"": ""attribute"", ""act"": 0.0}, {""tk"": ""serving"", ""act"": 0.0}, {""tk"": ""government"", ""act"": 0.0}, {""tk"": ""located"", ""act"": 0.0}, {""tk"": ""containing"", ""act"": 0.0}]"
1_92117,1,92117,attribute: The primary city serving as the seat of government for a state is the capital city,<bos>,0,0.0,0.0,semantic,"[{""token"": ""<bos>"", ""index"": 0, ""distance"": 0, ""direction"": ""self""}]",n/a,Semantic,Dictionary (fallback),0.9,False,,is,"[{""tk"": ""is"", ""act"": 0.20768213272094727}, {""tk"": ""city"", ""act"": 0.0}, {""tk"": ""Carolina"", ""act"": 0.0}, {""tk"": ""USA"", ""act"": 0.0}, {""tk"": ""Charleston"", ""act"": 0.0}, {""tk"": ""The"", ""act"": 0.0}, {""tk"": ""capital"", ""act"": 0.0}, {""tk"": ""of"", ""act"": 0.0}, {""tk"": ""Columbia"", ""act"": 0.0}, {""tk"": ""state"", ""act"": 0.0}, {""tk"": ""attribute"", ""act"": 0.0}, {""tk"": ""serving"", ""act"": 0.0}, {""tk"": ""government"", ""act"": 0.0}, {""tk"": ""located"", ""act"": 0.0}, {""tk"": ""containing"", ""act"": 0.0}]"
2_1890,2,1890,attribute: The primary city serving as the seat of government for a state is the capital city, capital,17,25.489017486572266,0.9473684210526316,semantic,"[{""token"": "" capital"", ""index"": 17, ""distance"": 0, ""direction"": ""self""}]",n/a,Semantic,Dictionary,1.0,False,,capital,"[{""tk"": ""capital"", ""act"": 25.489017486572266}, {""tk"": ""city"", ""act"": 0.0}, {""tk"": ""Carolina"", ""act"": 0.0}, {""tk"": ""USA"", ""act"": 0.0}, {""tk"": ""is"", ""act"": 0.0}, {""tk"": ""Charleston"", ""act"": 0.0}, {""tk"": ""The"", ""act"": 0.0}, {""tk"": ""of"", ""act"": 0.0}, {""tk"": ""Columbia"", ""act"": 0.0}, {""tk"": ""state"", ""act"": 0.0}, {""tk"": ""attribute"", ""act"": 0.0}, {""tk"": ""serving"", ""act"": 0.0}, {""tk"": ""government"", ""act"": 0.0}, {""tk"": ""located"", ""act"": 0.0}, {""tk"": ""containing"", ""act"": 0.0}]"
2_4865,2,4865,attribute: The primary city serving as the seat of government for a state is the capital city, capital,17,3.5495402812957764,0.9152162319959302,semantic,"[{""token"": "" capital"", ""index"": 17, ""distance"": 0, ""direction"": ""self""}]",n/a,Semantic,Dictionary,1.0,False,,capital,"[{""tk"": ""capital"", ""act"": 3.5495402812957764}, {""tk"": ""city"", ""act"": 0.0}, {""tk"": ""Carolina"", ""act"": 0.0}, {""tk"": ""USA"", ""act"": 0.0}, {""tk"": ""is"", ""act"": 0.0}, {""tk"": ""Charleston"", ""act"": 0.0}, {""tk"": ""The"", ""act"": 0.0}, {""tk"": ""of"", ""act"": 0.0}, {""tk"": ""Columbia"", ""act"": 0.0}, {""tk"": ""state"", ""act"": 0.0}, {""tk"": ""attribute"", ""act"": 0.0}, {""tk"": ""serving"", ""act"": 0.0}, {""tk"": ""government"", ""act"": 0.0}, {""tk"": ""located"", ""act"": 0.0}, {""tk"": ""containing"", ""act"": 0.0}]"
2_57996,2,57996,attribute: The primary city serving as the seat of government for a state is the capital city,<bos>,0,0.0,0.0,semantic,"[{""token"": ""<bos>"", ""index"": 0, ""distance"": 0, ""direction"": ""self""}]",n/a,Semantic,Dictionary,1.0,False,,Charleston,"[{""tk"": ""Charleston"", ""act"": 21.63900375366211}, {""tk"": ""city"", ""act"": 0.0}, {""tk"": ""Carolina"", ""act"": 0.0}, {""tk"": ""USA"", ""act"": 0.0}, {""tk"": ""is"", ""act"": 0.0}, {""tk"": ""The"", ""act"": 0.0}, {""tk"": ""capital"", ""act"": 0.0}, {""tk"": ""of"", ""act"": 0.0}, {""tk"": ""Columbia"", ""act"": 0.0}, {""tk"": ""state"", ""act"": 0.0}, {""tk"": ""attribute"", ""act"": 0.0}, {""tk"": ""serving"", ""act"": 0.0}, {""tk"": ""government"", ""act"": 0.0}, {""tk"": ""located"", ""act"": 0.0}, {""tk"": ""containing"", ""act"": 0.0}]"
2_96724,2,96724,attribute: The primary city serving as the seat of government for a state is the capital city,<bos>,0,0.0,0.0,semantic,"[{""token"": ""<bos>"", ""index"": 0, ""distance"": 0, ""direction"": ""self""}]",n/a,Semantic,Dictionary (fallback),0.9,False,,Charleston,"[{""tk"": ""Charleston"", ""act"": 22.84125518798828}, {""tk"": ""Columbia"", ""act"": 9.788034439086914}, {""tk"": ""city"", ""act"": 0.0}, {""tk"": ""Carolina"", ""act"": 0.0}, {""tk"": ""USA"", ""act"": 0.0}, {""tk"": ""is"", ""act"": 0.0}, {""tk"": ""The"", ""act"": 0.0}, {""tk"": ""capital"", ""act"": 0.0}, {""tk"": ""of"", ""act"": 0.0}, {""tk"": ""state"", ""act"": 0.0}, {""tk"": ""attribute"", ""act"": 0.0}, {""tk"": ""serving"", ""act"": 0.0}, {""tk"": ""government"", ""act"": 0.0}, {""tk"": ""located"", ""act"": 0.0}, {""tk"": ""containing"", ""act"": 0.0}]"
3_52779,3,52779,attribute: The primary city serving as the seat of government for a state is the capital city,<bos>,0,57.80674362182617,0.9426159867412396,semantic,"[{""token"": ""<bos>"", ""index"": 0, ""distance"": 0, ""direction"": ""self""}]",n/a,Semantic,Dictionary (fallback),0.9,False,,Semantic (unknown),"[{""tk"": ""containing"", ""act"": 17.660171508789062}, {""tk"": ""the"", ""act"": 13.811017036437988}, {""tk"": ""is"", ""act"": 13.126309394836426}, {""tk"": ""city"", ""act"": 0.0}, {""tk"": ""Carolina"", ""act"": 0.0}, {""tk"": ""USA"", ""act"": 0.0}, {""tk"": ""Charleston"", ""act"": 0.0}, {""tk"": ""capital"", ""act"": 0.0}, {""tk"": ""of"", ""act"": 0.0}, {""tk"": ""Columbia"", ""act"": 0.0}, {""tk"": ""state"", ""act"": 0.0}, {""tk"": ""attribute"", ""act"": 0.0}, {""tk"": ""serving"", ""act"": 0.0}, {""tk"": ""government"", ""act"": 0.0}, {""tk"": ""located"", ""act"": 0.0}]"
3_91022,3,91022,attribute: The primary city serving as the seat of government for a state is the capital city,<bos>,0,11.119747161865234,0.9029315115548974,semantic,"[{""token"": ""<bos>"", ""index"": 0, ""distance"": 0, ""direction"": ""self""}]",n/a,Semantic,Dictionary (fallback),0.9,False,,Semantic (unknown),"[{""tk"": ""containing"", ""act"": 6.780716419219971}, {""tk"": ""serving"", ""act"": 5.3664069175720215}, {""tk"": ""city"", ""act"": 0.0}, {""tk"": ""Carolina"", ""act"": 0.0}, {""tk"": ""USA"", ""act"": 0.0}, {""tk"": ""is"", ""act"": 0.0}, {""tk"": ""Charleston"", ""act"": 0.0}, {""tk"": ""The"", ""act"": 0.0}, {""tk"": ""capital"", ""act"": 0.0}, {""tk"": ""of"", ""act"": 0.0}, {""tk"": ""Columbia"", ""act"": 0.0}, {""tk"": ""state"", ""act"": 0.0}, {""tk"": ""attribute"", ""act"": 0.0}, {""tk"": ""government"", ""act"": 0.0}, {""tk"": ""located"", ""act"": 0.0}]"
3_13967,3,13967,attribute: The primary city serving as the seat of government for a state is the capital city, is,15,4.416414260864258,0.9431543309543644,functional,"[{""token"": "" capital"", ""index"": 17, ""distance"": 2, ""direction"": ""forward""}]",json,Semantic,Dictionary (fallback),0.9,False,,of,"[{""tk"": ""of"", ""act"": 11.243531227111816}, {""tk"": ""is"", ""act"": 8.519635200500488}, {""tk"": ""the"", ""act"": 0.35361218452453613}, {""tk"": ""city"", ""act"": 0.0}, {""tk"": ""Carolina"", ""act"": 0.0}, {""tk"": ""USA"", ""act"": 0.0}, {""tk"": ""Charleston"", ""act"": 0.0}, {""tk"": ""capital"", ""act"": 0.0}, {""tk"": ""Columbia"", ""act"": 0.0}, {""tk"": ""state"", ""act"": 0.0}, {""tk"": ""attribute"", ""act"": 0.0}, {""tk"": ""serving"", ""act"": 0.0}, {""tk"": ""government"", ""act"": 0.0}, {""tk"": ""located"", ""act"": 0.0}, {""tk"": ""containing"", ""act"": 0.0}]"
3_46428,3,46428,attribute: The primary city serving as the seat of government for a state is the capital city,<bos>,0,1.9465957880020144,0.9473684210526316,semantic,"[{""token"": ""<bos>"", ""index"": 0, ""distance"": 0, ""direction"": ""self""}]",n/a,Semantic,Dictionary (fallback),0.9,False,,Semantic (unknown),"[{""tk"": ""city"", ""act"": 0.0}, {""tk"": ""Carolina"", ""act"": 0.0}, {""tk"": ""USA"", ""act"": 0.0}, {""tk"": ""is"", ""act"": 0.0}, {""tk"": ""Charleston"", ""act"": 0.0}, {""tk"": ""The"", ""act"": 0.0}, {""tk"": ""capital"", ""act"": 0.0}, {""tk"": ""of"", ""act"": 0.0}, {""tk"": ""Columbia"", ""act"": 0.0}, {""tk"": ""state"", ""act"": 0.0}, {""tk"": ""attribute"", ""act"": 0.0}, {""tk"": ""serving"", ""act"": 0.0}, {""tk"": ""government"", ""act"": 0.0}, {""tk"": ""located"", ""act"": 0.0}, {""tk"": ""containing"", ""act"": 0.0}]"
3_28747,3,28747,attribute: The primary city serving as the seat of government for a state is the capital city,<bos>,0,0.0,0.0,semantic,"[{""token"": ""<bos>"", ""index"": 0, ""distance"": 0, ""direction"": ""self""}]",n/a,Semantic,Dictionary (fallback),0.9,False,,of,"[{""tk"": ""of"", ""act"": 17.464412689208984}, {""tk"": ""is"", ""act"": 1.1901960372924805}, {""tk"": ""city"", ""act"": 0.0}, {""tk"": ""Carolina"", ""act"": 0.0}, {""tk"": ""USA"", ""act"": 0.0}, {""tk"": ""Charleston"", ""act"": 0.0}, {""tk"": ""The"", ""act"": 0.0}, {""tk"": ""capital"", ""act"": 0.0}, {""tk"": ""Columbia"", ""act"": 0.0}, {""tk"": ""state"", ""act"": 0.0}, {""tk"": ""attribute"", ""act"": 0.0}, {""tk"": ""serving"", ""act"": 0.0}, {""tk"": ""government"", ""act"": 0.0}, {""tk"": ""located"", ""act"": 0.0}, {""tk"": ""containing"", ""act"": 0.0}]"
3_93843,3,93843,attribute: The primary city serving as the seat of government for a state is the capital city,<bos>,0,0.0,0.0,semantic,"[{""token"": ""<bos>"", ""index"": 0, ""distance"": 0, ""direction"": ""self""}]",n/a,Semantic,Dictionary (fallback),0.9,False,,is,"[{""tk"": ""is"", ""act"": 6.0081682205200195}, {""tk"": ""city"", ""act"": 0.0}, {""tk"": ""Carolina"", ""act"": 0.0}, {""tk"": ""USA"", ""act"": 0.0}, {""tk"": ""Charleston"", ""act"": 0.0}, {""tk"": ""The"", ""act"": 0.0}, {""tk"": ""capital"", ""act"": 0.0}, {""tk"": ""of"", ""act"": 0.0}, {""tk"": ""Columbia"", ""act"": 0.0}, {""tk"": ""state"", ""act"": 0.0}, {""tk"": ""attribute"", ""act"": 0.0}, {""tk"": ""serving"", ""act"": 0.0}, {""tk"": ""government"", ""act"": 0.0}, {""tk"": ""located"", ""act"": 0.0}, {""tk"": ""containing"", ""act"": 0.0}]"
4_3920,4,3920,attribute: The primary city serving as the seat of government for a state is the capital city,<bos>,0,159.4132843017578,0.9407981607613276,semantic,"[{""token"": ""<bos>"", ""index"": 0, ""distance"": 0, ""direction"": ""self""}]",n/a,Semantic,Concept,0.7,False,,Semantic (unknown),"[{""tk"": ""attribute"", ""act"": 19.900348663330078}, {""tk"": ""city"", ""act"": 0.0}, {""tk"": ""Carolina"", ""act"": 0.0}, {""tk"": ""USA"", ""act"": 0.0}, {""tk"": ""is"", ""act"": 0.0}, {""tk"": ""Charleston"", ""act"": 0.0}, {""tk"": ""The"", ""act"": 0.0}, {""tk"": ""capital"", ""act"": 0.0}, {""tk"": ""of"", ""act"": 0.0}, {""tk"": ""Columbia"", ""act"": 0.0}, {""tk"": ""state"", ""act"": 0.0}, {""tk"": ""serving"", ""act"": 0.0}, {""tk"": ""government"", ""act"": 0.0}, {""tk"": ""located"", ""act"": 0.0}, {""tk"": ""containing"", ""act"": 0.0}]"
4_83635,4,83635,attribute: The primary city serving as the seat of government for a state is the capital city,attribute,1,28.14508056640625,0.7542955646166657,semantic,"[{""token"": ""attribute"", ""index"": 1, ""distance"": 0, ""direction"": ""self""}]",n/a,Semantic,Concept,0.7,False,,city,"[{""tk"": ""city"", ""act"": 29.045270919799805}, {""tk"": ""attribute"", ""act"": 28.14508056640625}, {""tk"": ""Carolina"", ""act"": 22.328332901000977}, {""tk"": ""capital"", ""act"": 21.525239944458008}, {""tk"": ""state"", ""act"": 19.251550674438477}, {""tk"": ""Charleston"", ""act"": 17.917591094970703}, {""tk"": ""USA"", ""act"": 16.147647857666016}, {""tk"": ""government"", ""act"": 13.456141471862793}, {""tk"": ""Columbia"", ""act"": 8.776371002197266}, {""tk"": ""of"", ""act"": 8.01102066040039}, {""tk"": ""containing"", ""act"": 7.884756565093994}, {""tk"": ""located"", ""act"": 6.051679611206055}, {""tk"": ""is"", ""act"": 5.889745235443115}, {""tk"": ""The"", ""act"": 0.0}, {""tk"": ""serving"", ""act"": 0.0}]"
4_55831,4,55831,attribute: The primary city serving as the seat of government for a state is the capital city, capital,17,25.25654602050781,0.9415153502107712,semantic,"[{""token"": "" capital"", ""index"": 17, ""distance"": 0, ""direction"": ""self""}]",n/a,Semantic,Dictionary,1.0,False,,capital,"[{""tk"": ""capital"", ""act"": 29.359546661376953}, {""tk"": ""city"", ""act"": 11.154122352600098}, {""tk"": ""is"", ""act"": 3.0443811416625977}, {""tk"": ""Carolina"", ""act"": 0.0}, {""tk"": ""USA"", ""act"": 0.0}, {""tk"": ""Charleston"", ""act"": 0.0}, {""tk"": ""The"", ""act"": 0.0}, {""tk"": ""of"", ""act"": 0.0}, {""tk"": ""Columbia"", ""act"": 0.0}, {""tk"": ""state"", ""act"": 0.0}, {""tk"": ""attribute"", ""act"": 0.0}, {""tk"": ""serving"", ""act"": 0.0}, {""tk"": ""government"", ""act"": 0.0}, {""tk"": ""located"", ""act"": 0.0}, {""tk"": ""containing"", ""act"": 0.0}]"
4_97813,4,97813,attribute: The primary city serving as the seat of government for a state is the capital city, government,11,17.90291976928711,0.7653921583742382,semantic,"[{""token"": "" government"", ""index"": 11, ""distance"": 0, ""direction"": ""self""}]",n/a,Semantic,Concept,0.7,False,,government,"[{""tk"": ""government"", ""act"": 17.90291976928711}, {""tk"": ""of"", ""act"": 14.3899507522583}, {""tk"": ""city"", ""act"": 13.028558731079102}, {""tk"": ""capital"", ""act"": 10.718213081359863}, {""tk"": ""is"", ""act"": 3.9596290588378906}, {""tk"": ""the"", ""act"": 1.4474035501480103}, {""tk"": ""Carolina"", ""act"": 0.0}, {""tk"": ""USA"", ""act"": 0.0}, {""tk"": ""Charleston"", ""act"": 0.0}, {""tk"": ""Columbia"", ""act"": 0.0}, {""tk"": ""state"", ""act"": 0.0}, {""tk"": ""attribute"", ""act"": 0.0}, {""tk"": ""serving"", ""act"": 0.0}, {""tk"": ""located"", ""act"": 0.0}, {""tk"": ""containing"", ""act"": 0.0}]"
4_58113,4,58113,attribute: The primary city serving as the seat of government for a state is the capital city, city,5,4.8315019607543945,0.9473684210526316,semantic,"[{""token"": "" city"", ""index"": 5, ""distance"": 0, ""direction"": ""self""}]",n/a,Semantic,Concept,0.7077726636889586,False,,city,"[{""tk"": ""city"", ""act"": 8.659708023071289}, {""tk"": ""of"", ""act"": 6.1291046142578125}, {""tk"": ""is"", ""act"": 4.793331146240234}, {""tk"": ""containing"", ""act"": 0.11254596710205078}, {""tk"": ""Carolina"", ""act"": 0.0}, {""tk"": ""USA"", ""act"": 0.0}, {""tk"": ""Charleston"", ""act"": 0.0}, {""tk"": ""The"", ""act"": 0.0}, {""tk"": ""capital"", ""act"": 0.0}, {""tk"": ""Columbia"", ""act"": 0.0}, {""tk"": ""state"", ""act"": 0.0}, {""tk"": ""attribute"", ""act"": 0.0}, {""tk"": ""serving"", ""act"": 0.0}, {""tk"": ""government"", ""act"": 0.0}, {""tk"": ""located"", ""act"": 0.0}]"
4_52384,4,52384,attribute: The primary city serving as the seat of government for a state is the capital city, for,12,4.502294063568115,0.9007187792967816,functional,"[{""token"": "" state"", ""index"": 14, ""distance"": 2, ""direction"": ""forward""}]",json,Semantic,Concept,0.6,False,,Semantic (unknown),"[{""tk"": ""of"", ""act"": 19.165246963500977}, {""tk"": ""Carolina"", ""act"": 12.880584716796875}, {""tk"": ""is"", ""act"": 1.836683750152588}, {""tk"": ""state"", ""act"": 1.426936149597168}, {""tk"": ""city"", ""act"": 0.0}, {""tk"": ""USA"", ""act"": 0.0}, {""tk"": ""Charleston"", ""act"": 0.0}, {""tk"": ""The"", ""act"": 0.0}, {""tk"": ""capital"", ""act"": 0.0}, {""tk"": ""Columbia"", ""act"": 0.0}, {""tk"": ""attribute"", ""act"": 0.0}, {""tk"": ""serving"", ""act"": 0.0}, {""tk"": ""government"", ""act"": 0.0}, {""tk"": ""located"", ""act"": 0.0}, {""tk"": ""containing"", ""act"": 0.0}]"
4_3432,4,3432,attribute: The primary city serving as the seat of government for a state is the capital city,<bos>,0,0.0,0.0,semantic,"[{""token"": ""<bos>"", ""index"": 0, ""distance"": 0, ""direction"": ""self""}]",n/a,Semantic,Ambiguous,0.3,True,"Ambiguous: peak_cons=0.50, n_peaks=1, func_vs_sem=100.0%, layer=4",is,"[{""tk"": ""is"", ""act"": 16.331043243408203}, {""tk"": ""city"", ""act"": 0.0}, {""tk"": ""Carolina"", ""act"": 0.0}, {""tk"": ""USA"", ""act"": 0.0}, {""tk"": ""Charleston"", ""act"": 0.0}, {""tk"": ""The"", ""act"": 0.0}, {""tk"": ""capital"", ""act"": 0.0}, {""tk"": ""of"", ""act"": 0.0}, {""tk"": ""Columbia"", ""act"": 0.0}, {""tk"": ""state"", ""act"": 0.0}, {""tk"": ""attribute"", ""act"": 0.0}, {""tk"": ""serving"", ""act"": 0.0}, {""tk"": ""government"", ""act"": 0.0}, {""tk"": ""located"", ""act"": 0.0}, {""tk"": ""containing"", ""act"": 0.0}]"
4_54078,4,54078,attribute: The primary city serving as the seat of government for a state is the capital city,<bos>,0,0.0,0.0,semantic,"[{""token"": ""<bos>"", ""index"": 0, ""distance"": 0, ""direction"": ""self""}]",n/a,Relationship,,1.0,False,,(city) related,"[{""tk"": ""city"", ""act"": 0.0}, {""tk"": ""Carolina"", ""act"": 0.0}, {""tk"": ""USA"", ""act"": 0.0}, {""tk"": ""is"", ""act"": 0.0}, {""tk"": ""Charleston"", ""act"": 0.0}, {""tk"": ""The"", ""act"": 0.0}, {""tk"": ""capital"", ""act"": 0.0}, {""tk"": ""of"", ""act"": 0.0}, {""tk"": ""Columbia"", ""act"": 0.0}, {""tk"": ""state"", ""act"": 0.0}, {""tk"": ""attribute"", ""act"": 0.0}, {""tk"": ""serving"", ""act"": 0.0}, {""tk"": ""government"", ""act"": 0.0}, {""tk"": ""located"", ""act"": 0.0}, {""tk"": ""containing"", ""act"": 0.0}]"
4_70409,4,70409,attribute: The primary city serving as the seat of government for a state is the capital city,<bos>,0,0.0,0.0,semantic,"[{""token"": ""<bos>"", ""index"": 0, ""distance"": 0, ""direction"": ""self""}]",n/a,Semantic,Dictionary,1.0,False,,containing,"[{""tk"": ""containing"", ""act"": 9.570971488952637}, {""tk"": ""city"", ""act"": 0.0}, {""tk"": ""Carolina"", ""act"": 0.0}, {""tk"": ""USA"", ""act"": 0.0}, {""tk"": ""is"", ""act"": 0.0}, {""tk"": ""Charleston"", ""act"": 0.0}, {""tk"": ""The"", ""act"": 0.0}, {""tk"": ""capital"", ""act"": 0.0}, {""tk"": ""of"", ""act"": 0.0}, {""tk"": ""Columbia"", ""act"": 0.0}, {""tk"": ""state"", ""act"": 0.0}, {""tk"": ""attribute"", ""act"": 0.0}, {""tk"": ""serving"", ""act"": 0.0}, {""tk"": ""government"", ""act"": 0.0}, {""tk"": ""located"", ""act"": 0.0}]"
5_1551,5,1551,attribute: The primary city serving as the seat of government for a state is the capital city,<bos>,0,161.56459045410156,0.9345199294834168,semantic,"[{""token"": ""<bos>"", ""index"": 0, ""distance"": 0, ""direction"": ""self""}]",n/a,Semantic,Concept,0.7,False,,Semantic (unknown),"[{""tk"": ""attribute"", ""act"": 39.44136428833008}, {""tk"": ""city"", ""act"": 0.0}, {""tk"": ""Carolina"", ""act"": 0.0}, {""tk"": ""USA"", ""act"": 0.0}, {""tk"": ""is"", ""act"": 0.0}, {""tk"": ""Charleston"", ""act"": 0.0}, {""tk"": ""The"", ""act"": 0.0}, {""tk"": ""capital"", ""act"": 0.0}, {""tk"": ""of"", ""act"": 0.0}, {""tk"": ""Columbia"", ""act"": 0.0}, {""tk"": ""state"", ""act"": 0.0}, {""tk"": ""serving"", ""act"": 0.0}, {""tk"": ""government"", ""act"": 0.0}, {""tk"": ""located"", ""act"": 0.0}, {""tk"": ""containing"", ""act"": 0.0}]"
5_95640,5,95640,attribute: The primary city serving as the seat of government for a state is the capital city,<bos>,0,139.2457733154297,0.9385437970875824,semantic,"[{""token"": ""<bos>"", ""index"": 0, ""distance"": 0, ""direction"": ""self""}]",n/a,Semantic,Concept,0.7,False,,Semantic (unknown),"[{""tk"": ""attribute"", ""act"": 23.3470401763916}, {""tk"": ""city"", ""act"": 0.0}, {""tk"": ""Carolina"", ""act"": 0.0}, {""tk"": ""USA"", ""act"": 0.0}, {""tk"": ""is"", ""act"": 0.0}, {""tk"": ""Charleston"", ""act"": 0.0}, {""tk"": ""The"", ""act"": 0.0}, {""tk"": ""capital"", ""act"": 0.0}, {""tk"": ""of"", ""act"": 0.0}, {""tk"": ""Columbia"", ""act"": 0.0}, {""tk"": ""state"", ""act"": 0.0}, {""tk"": ""serving"", ""act"": 0.0}, {""tk"": ""government"", ""act"": 0.0}, {""tk"": ""located"", ""act"": 0.0}, {""tk"": ""containing"", ""act"": 0.0}]"
5_32184,5,32184,attribute: The primary city serving as the seat of government for a state is the capital city, capital,17,15.967439651489258,0.8843759342236865,semantic,"[{""token"": "" capital"", ""index"": 17, ""distance"": 0, ""direction"": ""self""}]",n/a,Semantic,Ambiguous,0.3,True,"Ambiguous: peak_cons=0.33, n_peaks=3, func_vs_sem=51.1%, layer=5",capital,"[{""tk"": ""of"", ""act"": 32.639617919921875}, {""tk"": ""capital"", ""act"": 15.967439651489258}, {""tk"": ""city"", ""act"": 14.918037414550781}, {""tk"": ""is"", ""act"": 1.9149665832519531}, {""tk"": ""Carolina"", ""act"": 0.0}, {""tk"": ""USA"", ""act"": 0.0}, {""tk"": ""Charleston"", ""act"": 0.0}, {""tk"": ""The"", ""act"": 0.0}, {""tk"": ""Columbia"", ""act"": 0.0}, {""tk"": ""state"", ""act"": 0.0}, {""tk"": ""attribute"", ""act"": 0.0}, {""tk"": ""serving"", ""act"": 0.0}, {""tk"": ""government"", ""act"": 0.0}, {""tk"": ""located"", ""act"": 0.0}, {""tk"": ""containing"", ""act"": 0.0}]"
5_4901,5,4901,attribute: The primary city serving as the seat of government for a state is the capital city, is,15,6.10368013381958,0.9473684210526316,functional,"[{""token"": "" capital"", ""index"": 17, ""distance"": 2, ""direction"": ""forward""}]",json,Semantic,Ambiguous,0.3,True,"Ambiguous: peak_cons=0.17, n_peaks=1, func_vs_sem=100.0%, layer=5",is,"[{""tk"": ""is"", ""act"": 6.10368013381958}, {""tk"": ""city"", ""act"": 0.0}, {""tk"": ""Carolina"", ""act"": 0.0}, {""tk"": ""USA"", ""act"": 0.0}, {""tk"": ""Charleston"", ""act"": 0.0}, {""tk"": ""The"", ""act"": 0.0}, {""tk"": ""capital"", ""act"": 0.0}, {""tk"": ""of"", ""act"": 0.0}, {""tk"": ""Columbia"", ""act"": 0.0}, {""tk"": ""state"", ""act"": 0.0}, {""tk"": ""attribute"", ""act"": 0.0}, {""tk"": ""serving"", ""act"": 0.0}, {""tk"": ""government"", ""act"": 0.0}, {""tk"": ""located"", ""act"": 0.0}, {""tk"": ""containing"", ""act"": 0.0}]"
5_51213,5,51213,attribute: The primary city serving as the seat of government for a state is the capital city, capital,17,5.454928398132324,0.8491561277040637,semantic,"[{""token"": "" capital"", ""index"": 17, ""distance"": 0, ""direction"": ""self""}]",n/a,Semantic,Ambiguous,0.3,True,"Ambiguous: peak_cons=1.00, n_peaks=3, func_vs_sem=69.9%, layer=5",capital,"[{""tk"": ""of"", ""act"": 18.14890480041504}, {""tk"": ""city"", ""act"": 8.983392715454102}, {""tk"": ""is"", ""act"": 6.242134094238281}, {""tk"": ""capital"", ""act"": 5.454928398132324}, {""tk"": ""government"", ""act"": 1.9978015422821045}, {""tk"": ""Carolina"", ""act"": 0.0}, {""tk"": ""USA"", ""act"": 0.0}, {""tk"": ""Charleston"", ""act"": 0.0}, {""tk"": ""The"", ""act"": 0.0}, {""tk"": ""Columbia"", ""act"": 0.0}, {""tk"": ""state"", ""act"": 0.0}, {""tk"": ""attribute"", ""act"": 0.0}, {""tk"": ""serving"", ""act"": 0.0}, {""tk"": ""located"", ""act"": 0.0}, {""tk"": ""containing"", ""act"": 0.0}]"
5_34406,5,34406,attribute: The primary city serving as the seat of government for a state is the capital city,<bos>,0,0.0,0.0,semantic,"[{""token"": ""<bos>"", ""index"": 0, ""distance"": 0, ""direction"": ""self""}]",n/a,Semantic,Ambiguous,0.3,True,"Ambiguous: peak_cons=0.17, n_peaks=1, func_vs_sem=100.0%, layer=5",is,"[{""tk"": ""is"", ""act"": 1.3381986618041992}, {""tk"": ""city"", ""act"": 0.0}, {""tk"": ""Carolina"", ""act"": 0.0}, {""tk"": ""USA"", ""act"": 0.0}, {""tk"": ""Charleston"", ""act"": 0.0}, {""tk"": ""The"", ""act"": 0.0}, {""tk"": ""capital"", ""act"": 0.0}, {""tk"": ""of"", ""act"": 0.0}, {""tk"": ""Columbia"", ""act"": 0.0}, {""tk"": ""state"", ""act"": 0.0}, {""tk"": ""attribute"", ""act"": 0.0}, {""tk"": ""serving"", ""act"": 0.0}, {""tk"": ""government"", ""act"": 0.0}, {""tk"": ""located"", ""act"": 0.0}, {""tk"": ""containing"", ""act"": 0.0}]"
6_22143,6,22143,attribute: The primary city serving as the seat of government for a state is the capital city,attribute,1,25.566389083862305,0.7705588429678475,semantic,"[{""token"": ""attribute"", ""index"": 1, ""distance"": 0, ""direction"": ""self""}]",n/a,Semantic,Concept,0.7,False,,USA,"[{""tk"": ""USA"", ""act"": 30.252552032470703}, {""tk"": ""capital"", ""act"": 27.022661209106445}, {""tk"": ""attribute"", ""act"": 25.566389083862305}, {""tk"": ""Carolina"", ""act"": 19.76822280883789}, {""tk"": ""city"", ""act"": 17.3726863861084}, {""tk"": ""is"", ""act"": 16.952861785888672}, {""tk"": ""Charleston"", ""act"": 14.533989906311035}, {""tk"": ""state"", ""act"": 13.70422649383545}, {""tk"": ""the"", ""act"": 13.393610000610352}, {""tk"": ""located"", ""act"": 5.484473705291748}, {""tk"": ""Columbia"", ""act"": 3.7098124027252197}, {""tk"": ""of"", ""act"": 0.0}, {""tk"": ""serving"", ""act"": 0.0}, {""tk"": ""government"", ""act"": 0.0}, {""tk"": ""containing"", ""act"": 0.0}]"
6_79147,6,79147,attribute: The primary city serving as the seat of government for a state is the capital city, state,14,10.488859176635742,0.9473684210526316,semantic,"[{""token"": "" state"", ""index"": 14, ""distance"": 0, ""direction"": ""self""}]",n/a,Semantic,Concept,0.7,False,,state,"[{""tk"": ""state"", ""act"": 10.488859176635742}, {""tk"": ""is"", ""act"": 4.6693034172058105}, {""tk"": ""Carolina"", ""act"": 0.19619321823120117}, {""tk"": ""city"", ""act"": 0.0}, {""tk"": ""USA"", ""act"": 0.0}, {""tk"": ""Charleston"", ""act"": 0.0}, {""tk"": ""The"", ""act"": 0.0}, {""tk"": ""capital"", ""act"": 0.0}, {""tk"": ""of"", ""act"": 0.0}, {""tk"": ""Columbia"", ""act"": 0.0}, {""tk"": ""attribute"", ""act"": 0.0}, {""tk"": ""serving"", ""act"": 0.0}, {""tk"": ""government"", ""act"": 0.0}, {""tk"": ""located"", ""act"": 0.0}, {""tk"": ""containing"", ""act"": 0.0}]"
6_72419,6,72419,attribute: The primary city serving as the seat of government for a state is the capital city, serving,6,4.53038501739502,0.8765430315138809,semantic,"[{""token"": "" serving"", ""index"": 6, ""distance"": 0, ""direction"": ""self""}]",n/a,Semantic,Concept,0.7,False,,serving,"[{""tk"": ""serving"", ""act"": 4.5303850173950195}, {""tk"": ""the"", ""act"": 1.4751348495483398}, {""tk"": ""of"", ""act"": 0.9430685043334961}, {""tk"": ""is"", ""act"": 0.31030964851379395}, {""tk"": ""city"", ""act"": 0.0}, {""tk"": ""Carolina"", ""act"": 0.0}, {""tk"": ""USA"", ""act"": 0.0}, {""tk"": ""Charleston"", ""act"": 0.0}, {""tk"": ""capital"", ""act"": 0.0}, {""tk"": ""Columbia"", ""act"": 0.0}, {""tk"": ""state"", ""act"": 0.0}, {""tk"": ""attribute"", ""act"": 0.0}, {""tk"": ""government"", ""act"": 0.0}, {""tk"": ""located"", ""act"": 0.0}, {""tk"": ""containing"", ""act"": 0.0}]"
6_88903,6,88903,attribute: The primary city serving as the seat of government for a state is the capital city, capital,17,3.668566465377808,0.8456619887295282,semantic,"[{""token"": "" capital"", ""index"": 17, ""distance"": 0, ""direction"": ""self""}]",n/a,Semantic,Concept,0.7,False,,city,"[{""tk"": ""city"", ""act"": 8.214269638061523}, {""tk"": ""capital"", ""act"": 3.832763910293579}, {""tk"": ""is"", ""act"": 3.7045490741729736}, {""tk"": ""Charleston"", ""act"": 3.211235284805298}, {""tk"": ""Columbia"", ""act"": 2.5209429264068604}, {""tk"": ""Carolina"", ""act"": 0.0}, {""tk"": ""USA"", ""act"": 0.0}, {""tk"": ""The"", ""act"": 0.0}, {""tk"": ""of"", ""act"": 0.0}, {""tk"": ""state"", ""act"": 0.0}, {""tk"": ""attribute"", ""act"": 0.0}, {""tk"": ""serving"", ""act"": 0.0}, {""tk"": ""government"", ""act"": 0.0}, {""tk"": ""located"", ""act"": 0.0}, {""tk"": ""containing"", ""act"": 0.0}]"
6_6574,6,6574,attribute: The primary city serving as the seat of government for a state is the capital city,<bos>,0,0.0,0.0,semantic,"[{""token"": ""<bos>"", ""index"": 0, ""distance"": 0, ""direction"": ""self""}]",n/a,Semantic,Ambiguous,0.3,True,"Ambiguous: peak_cons=0.17, n_peaks=1, func_vs_sem=100.0%, layer=6",is,"[{""tk"": ""is"", ""act"": 0.3522922992706299}, {""tk"": ""city"", ""act"": 0.0}, {""tk"": ""Carolina"", ""act"": 0.0}, {""tk"": ""USA"", ""act"": 0.0}, {""tk"": ""Charleston"", ""act"": 0.0}, {""tk"": ""The"", ""act"": 0.0}, {""tk"": ""capital"", ""act"": 0.0}, {""tk"": ""of"", ""act"": 0.0}, {""tk"": ""Columbia"", ""act"": 0.0}, {""tk"": ""state"", ""act"": 0.0}, {""tk"": ""attribute"", ""act"": 0.0}, {""tk"": ""serving"", ""act"": 0.0}, {""tk"": ""government"", ""act"": 0.0}, {""tk"": ""located"", ""act"": 0.0}, {""tk"": ""containing"", ""act"": 0.0}]"
6_23862,6,23862,attribute: The primary city serving as the seat of government for a state is the capital city,<bos>,0,0.0,0.0,semantic,"[{""token"": ""<bos>"", ""index"": 0, ""distance"": 0, ""direction"": ""self""}]",n/a,Relationship,,1.0,False,,(city) related,"[{""tk"": ""city"", ""act"": 0.0}, {""tk"": ""Carolina"", ""act"": 0.0}, {""tk"": ""USA"", ""act"": 0.0}, {""tk"": ""is"", ""act"": 0.0}, {""tk"": ""Charleston"", ""act"": 0.0}, {""tk"": ""The"", ""act"": 0.0}, {""tk"": ""capital"", ""act"": 0.0}, {""tk"": ""of"", ""act"": 0.0}, {""tk"": ""Columbia"", ""act"": 0.0}, {""tk"": ""state"", ""act"": 0.0}, {""tk"": ""attribute"", ""act"": 0.0}, {""tk"": ""serving"", ""act"": 0.0}, {""tk"": ""government"", ""act"": 0.0}, {""tk"": ""located"", ""act"": 0.0}, {""tk"": ""containing"", ""act"": 0.0}]"
6_34521,6,34521,attribute: The primary city serving as the seat of government for a state is the capital city,<bos>,0,0.0,0.0,semantic,"[{""token"": ""<bos>"", ""index"": 0, ""distance"": 0, ""direction"": ""self""}]",n/a,Semantic,Concept,0.7,False,,Carolina,"[{""tk"": ""Carolina"", ""act"": 7.996774196624756}, {""tk"": ""city"", ""act"": 0.0}, {""tk"": ""USA"", ""act"": 0.0}, {""tk"": ""is"", ""act"": 0.0}, {""tk"": ""Charleston"", ""act"": 0.0}, {""tk"": ""The"", ""act"": 0.0}, {""tk"": ""capital"", ""act"": 0.0}, {""tk"": ""of"", ""act"": 0.0}, {""tk"": ""Columbia"", ""act"": 0.0}, {""tk"": ""state"", ""act"": 0.0}, {""tk"": ""attribute"", ""act"": 0.0}, {""tk"": ""serving"", ""act"": 0.0}, {""tk"": ""government"", ""act"": 0.0}, {""tk"": ""located"", ""act"": 0.0}, {""tk"": ""containing"", ""act"": 0.0}]"
7_66851,7,66851,attribute: The primary city serving as the seat of government for a state is the capital city, city,5,47.1239128112793,0.5755219229121825,semantic,"[{""token"": "" city"", ""index"": 5, ""distance"": 0, ""direction"": ""self""}]",n/a,Relationship,,1.0,False,,(capital) related,"[{""tk"": ""capital"", ""act"": 51.12392044067383}, {""tk"": ""The"", ""act"": 49.53570556640625}, {""tk"": ""city"", ""act"": 47.1239128112793}, {""tk"": ""attribute"", ""act"": 44.321834564208984}, {""tk"": ""Charleston"", ""act"": 43.33763122558594}, {""tk"": ""state"", ""act"": 40.79597854614258}, {""tk"": ""Columbia"", ""act"": 37.04718017578125}, {""tk"": ""Carolina"", ""act"": 32.52155685424805}, {""tk"": ""is"", ""act"": 30.981748580932617}, {""tk"": ""USA"", ""act"": 25.69173240661621}, {""tk"": ""located"", ""act"": 16.008203506469727}, {""tk"": ""of"", ""act"": 15.559822082519531}, {""tk"": ""government"", ""act"": 14.86802864074707}, {""tk"": ""serving"", ""act"": 14.414605140686035}, {""tk"": ""containing"", ""act"": 9.191671371459961}]"
7_49316,7,49316,attribute: The primary city serving as the seat of government for a state is the capital city,<bos>,0,0.0,0.0,semantic,"[{""token"": ""<bos>"", ""index"": 0, ""distance"": 0, ""direction"": ""self""}]",n/a,Relationship,,1.0,False,,(city) related,"[{""tk"": ""city"", ""act"": 0.0}, {""tk"": ""Carolina"", ""act"": 0.0}, {""tk"": ""USA"", ""act"": 0.0}, {""tk"": ""is"", ""act"": 0.0}, {""tk"": ""Charleston"", ""act"": 0.0}, {""tk"": ""The"", ""act"": 0.0}, {""tk"": ""capital"", ""act"": 0.0}, {""tk"": ""of"", ""act"": 0.0}, {""tk"": ""Columbia"", ""act"": 0.0}, {""tk"": ""state"", ""act"": 0.0}, {""tk"": ""attribute"", ""act"": 0.0}, {""tk"": ""serving"", ""act"": 0.0}, {""tk"": ""government"", ""act"": 0.0}, {""tk"": ""located"", ""act"": 0.0}, {""tk"": ""containing"", ""act"": 0.0}]"
7_70223,7,70223,attribute: The primary city serving as the seat of government for a state is the capital city,<bos>,0,0.0,0.0,semantic,"[{""token"": ""<bos>"", ""index"": 0, ""distance"": 0, ""direction"": ""self""}]",n/a,Relationship,,1.0,False,,(city) related,"[{""tk"": ""city"", ""act"": 0.0}, {""tk"": ""Carolina"", ""act"": 0.0}, {""tk"": ""USA"", ""act"": 0.0}, {""tk"": ""is"", ""act"": 0.0}, {""tk"": ""Charleston"", ""act"": 0.0}, {""tk"": ""The"", ""act"": 0.0}, {""tk"": ""capital"", ""act"": 0.0}, {""tk"": ""of"", ""act"": 0.0}, {""tk"": ""Columbia"", ""act"": 0.0}, {""tk"": ""state"", ""act"": 0.0}, {""tk"": ""attribute"", ""act"": 0.0}, {""tk"": ""serving"", ""act"": 0.0}, {""tk"": ""government"", ""act"": 0.0}, {""tk"": ""located"", ""act"": 0.0}, {""tk"": ""containing"", ""act"": 0.0}]"
8_49126,8,49126,attribute: The primary city serving as the seat of government for a state is the capital city, the,8,9.22913646697998,0.9028622139782796,functional,"[{""token"": "" seat"", ""index"": 9, ""distance"": 1, ""direction"": ""forward""}]",json,Semantic,Concept,0.7,False,,city,"[{""tk"": ""the"", ""act"": 9.22913646697998}, {""tk"": ""city"", ""act"": 5.420082092285156}, {""tk"": ""located"", ""act"": 4.660083770751953}, {""tk"": ""is"", ""act"": 2.84277081489563}, {""tk"": ""containing"", ""act"": 1.69818115234375}, {""tk"": ""serving"", ""act"": 1.3291845321655273}, {""tk"": ""of"", ""act"": 0.6516338586807251}, {""tk"": ""Carolina"", ""act"": 0.0}, {""tk"": ""USA"", ""act"": 0.0}, {""tk"": ""Charleston"", ""act"": 0.0}, {""tk"": ""capital"", ""act"": 0.0}, {""tk"": ""Columbia"", ""act"": 0.0}, {""tk"": ""state"", ""act"": 0.0}, {""tk"": ""attribute"", ""act"": 0.0}, {""tk"": ""government"", ""act"": 0.0}]"
8_94844,8,94844,attribute: The primary city serving as the seat of government for a state is the capital city,<bos>,0,0.0,0.0,semantic,"[{""token"": ""<bos>"", ""index"": 0, ""distance"": 0, ""direction"": ""self""}]",n/a,"Say ""X""",,1.0,False,,Say (Columbia),"[{""tk"": ""is"", ""act"": 5.97493839263916}, {""tk"": ""city"", ""act"": 0.0}, {""tk"": ""Carolina"", ""act"": 0.0}, {""tk"": ""USA"", ""act"": 0.0}, {""tk"": ""Charleston"", ""act"": 0.0}, {""tk"": ""The"", ""act"": 0.0}, {""tk"": ""capital"", ""act"": 0.0}, {""tk"": ""of"", ""act"": 0.0}, {""tk"": ""Columbia"", ""act"": 0.0}, {""tk"": ""state"", ""act"": 0.0}, {""tk"": ""attribute"", ""act"": 0.0}, {""tk"": ""serving"", ""act"": 0.0}, {""tk"": ""government"", ""act"": 0.0}, {""tk"": ""located"", ""act"": 0.0}, {""tk"": ""containing"", ""act"": 0.0}]"
9_4679,9,4679,attribute: The primary city serving as the seat of government for a state is the capital city,<bos>,0,1.3622262477874756,0.9446931839685778,semantic,"[{""token"": ""<bos>"", ""index"": 0, ""distance"": 0, ""direction"": ""self""}]",n/a,Semantic,Concept,0.6,False,,Semantic (unknown),"[{""tk"": ""is"", ""act"": 3.5411112308502197}, {""tk"": ""USA"", ""act"": 0.534048318862915}, {""tk"": ""the"", ""act"": 0.06924128532409668}, {""tk"": ""city"", ""act"": 0.0}, {""tk"": ""Carolina"", ""act"": 0.0}, {""tk"": ""Charleston"", ""act"": 0.0}, {""tk"": ""capital"", ""act"": 0.0}, {""tk"": ""of"", ""act"": 0.0}, {""tk"": ""Columbia"", ""act"": 0.0}, {""tk"": ""state"", ""act"": 0.0}, {""tk"": ""attribute"", ""act"": 0.0}, {""tk"": ""serving"", ""act"": 0.0}, {""tk"": ""government"", ""act"": 0.0}, {""tk"": ""located"", ""act"": 0.0}, {""tk"": ""containing"", ""act"": 0.0}]"
9_24746,9,24746,attribute: The primary city serving as the seat of government for a state is the capital city,<bos>,0,0.0,0.0,semantic,"[{""token"": ""<bos>"", ""index"": 0, ""distance"": 0, ""direction"": ""self""}]",n/a,Relationship,,1.0,False,,(city) related,"[{""tk"": ""city"", ""act"": 0.0}, {""tk"": ""Carolina"", ""act"": 0.0}, {""tk"": ""USA"", ""act"": 0.0}, {""tk"": ""is"", ""act"": 0.0}, {""tk"": ""Charleston"", ""act"": 0.0}, {""tk"": ""The"", ""act"": 0.0}, {""tk"": ""capital"", ""act"": 0.0}, {""tk"": ""of"", ""act"": 0.0}, {""tk"": ""Columbia"", ""act"": 0.0}, {""tk"": ""state"", ""act"": 0.0}, {""tk"": ""attribute"", ""act"": 0.0}, {""tk"": ""serving"", ""act"": 0.0}, {""tk"": ""government"", ""act"": 0.0}, {""tk"": ""located"", ""act"": 0.0}, {""tk"": ""containing"", ""act"": 0.0}]"
10_75793,10,75793,attribute: The primary city serving as the seat of government for a state is the capital city, is,15,35.21165084838867,0.5469379865554406,functional,"[{""token"": "" capital"", ""index"": 17, ""distance"": 2, ""direction"": ""forward""}]",json,Semantic,Concept,0.8658513092727003,False,,located,"[{""tk"": ""located"", ""act"": 43.96098327636719}, {""tk"": ""Carolina"", ""act"": 39.949554443359375}, {""tk"": ""city"", ""act"": 39.18864440917969}, {""tk"": ""is"", ""act"": 38.06367492675781}, {""tk"": ""USA"", ""act"": 37.377079010009766}, {""tk"": ""serving"", ""act"": 33.11467361450195}, {""tk"": ""the"", ""act"": 30.694744110107422}, {""tk"": ""Charleston"", ""act"": 26.454055786132812}, {""tk"": ""of"", ""act"": 26.388446807861328}, {""tk"": ""containing"", ""act"": 24.20592498779297}, {""tk"": ""government"", ""act"": 19.719295501708984}, {""tk"": ""Columbia"", ""act"": 17.33647918701172}, {""tk"": ""capital"", ""act"": 15.062984466552734}, {""tk"": ""state"", ""act"": 14.852208137512207}, {""tk"": ""attribute"", ""act"": 0.0}]"
10_40368,10,40368,attribute: The primary city serving as the seat of government for a state is the capital city,<bos>,0,0.0,0.0,semantic,"[{""token"": ""<bos>"", ""index"": 0, ""distance"": 0, ""direction"": ""self""}]",n/a,"Say ""X""",,1.0,False,,Say (Columbia),"[{""tk"": ""is"", ""act"": 24.132030487060547}, {""tk"": ""city"", ""act"": 0.0}, {""tk"": ""Carolina"", ""act"": 0.0}, {""tk"": ""USA"", ""act"": 0.0}, {""tk"": ""Charleston"", ""act"": 0.0}, {""tk"": ""The"", ""act"": 0.0}, {""tk"": ""capital"", ""act"": 0.0}, {""tk"": ""of"", ""act"": 0.0}, {""tk"": ""Columbia"", ""act"": 0.0}, {""tk"": ""state"", ""act"": 0.0}, {""tk"": ""attribute"", ""act"": 0.0}, {""tk"": ""serving"", ""act"": 0.0}, {""tk"": ""government"", ""act"": 0.0}, {""tk"": ""located"", ""act"": 0.0}, {""tk"": ""containing"", ""act"": 0.0}]"
10_87295,10,87295,attribute: The primary city serving as the seat of government for a state is the capital city,<bos>,0,0.0,0.0,semantic,"[{""token"": ""<bos>"", ""index"": 0, ""distance"": 0, ""direction"": ""self""}]",n/a,Relationship,,1.0,False,,(city) related,"[{""tk"": ""city"", ""act"": 0.0}, {""tk"": ""Carolina"", ""act"": 0.0}, {""tk"": ""USA"", ""act"": 0.0}, {""tk"": ""is"", ""act"": 0.0}, {""tk"": ""Charleston"", ""act"": 0.0}, {""tk"": ""The"", ""act"": 0.0}, {""tk"": ""capital"", ""act"": 0.0}, {""tk"": ""of"", ""act"": 0.0}, {""tk"": ""Columbia"", ""act"": 0.0}, {""tk"": ""state"", ""act"": 0.0}, {""tk"": ""attribute"", ""act"": 0.0}, {""tk"": ""serving"", ""act"": 0.0}, {""tk"": ""government"", ""act"": 0.0}, {""tk"": ""located"", ""act"": 0.0}, {""tk"": ""containing"", ""act"": 0.0}]"
11_50131,11,50131,attribute: The primary city serving as the seat of government for a state is the capital city, capital,17,32.42369842529297,0.5693857671377607,semantic,"[{""token"": "" capital"", ""index"": 17, ""distance"": 0, ""direction"": ""self""}]",n/a,Semantic,Concept,0.7,False,,Columbia,"[{""tk"": ""Columbia"", ""act"": 49.63420486450195}, {""tk"": ""Charleston"", ""act"": 46.53266525268555}, {""tk"": ""Carolina"", ""act"": 41.433712005615234}, {""tk"": ""city"", ""act"": 32.62867736816406}, {""tk"": ""capital"", ""act"": 32.42369842529297}, {""tk"": ""state"", ""act"": 31.960853576660156}, {""tk"": ""USA"", ""act"": 27.61496353149414}, {""tk"": ""is"", ""act"": 23.733739852905273}, {""tk"": ""government"", ""act"": 16.808237075805664}, {""tk"": ""serving"", ""act"": 16.625158309936523}, {""tk"": ""the"", ""act"": 14.164325714111328}, {""tk"": ""of"", ""act"": 13.586553573608398}, {""tk"": ""located"", ""act"": 12.37300968170166}, {""tk"": ""containing"", ""act"": 11.94537353515625}, {""tk"": ""attribute"", ""act"": 0.0}]"
12_67090,12,67090,attribute: The primary city serving as the seat of government for a state is the capital city,<bos>,0,0.0,0.0,semantic,"[{""token"": ""<bos>"", ""index"": 0, ""distance"": 0, ""direction"": ""self""}]",n/a,Relationship,,1.0,False,,(city) related,"[{""tk"": ""city"", ""act"": 0.0}, {""tk"": ""Carolina"", ""act"": 0.0}, {""tk"": ""USA"", ""act"": 0.0}, {""tk"": ""is"", ""act"": 0.0}, {""tk"": ""Charleston"", ""act"": 0.0}, {""tk"": ""The"", ""act"": 0.0}, {""tk"": ""capital"", ""act"": 0.0}, {""tk"": ""of"", ""act"": 0.0}, {""tk"": ""Columbia"", ""act"": 0.0}, {""tk"": ""state"", ""act"": 0.0}, {""tk"": ""attribute"", ""act"": 0.0}, {""tk"": ""serving"", ""act"": 0.0}, {""tk"": ""government"", ""act"": 0.0}, {""tk"": ""located"", ""act"": 0.0}, {""tk"": ""containing"", ""act"": 0.0}]"
13_16947,13,16947,attribute: The primary city serving as the seat of government for a state is the capital city, is,15,15.339577674865724,0.8393727241773634,functional,"[{""token"": "" capital"", ""index"": 17, ""distance"": 2, ""direction"": ""forward""}]",json,Semantic,Dictionary,0.8333333333333334,False,,is,"[{""tk"": ""is"", ""act"": 15.5658540725708}, {""tk"": ""the"", ""act"": 11.20738410949707}, {""tk"": ""capital"", ""act"": 10.91185188293457}, {""tk"": ""city"", ""act"": 9.3563232421875}, {""tk"": ""Carolina"", ""act"": 2.170926332473755}, {""tk"": ""USA"", ""act"": 0.0}, {""tk"": ""Charleston"", ""act"": 0.0}, {""tk"": ""of"", ""act"": 0.0}, {""tk"": ""Columbia"", ""act"": 0.0}, {""tk"": ""state"", ""act"": 0.0}, {""tk"": ""attribute"", ""act"": 0.0}, {""tk"": ""serving"", ""act"": 0.0}, {""tk"": ""government"", ""act"": 0.0}, {""tk"": ""located"", ""act"": 0.0}, {""tk"": ""containing"", ""act"": 0.0}]"
13_83324,13,83324,attribute: The primary city serving as the seat of government for a state is the capital city,<bos>,0,0.0,0.0,semantic,"[{""token"": ""<bos>"", ""index"": 0, ""distance"": 0, ""direction"": ""self""}]",n/a,Relationship,,1.0,False,,(city) related,"[{""tk"": ""city"", ""act"": 0.0}, {""tk"": ""Carolina"", ""act"": 0.0}, {""tk"": ""USA"", ""act"": 0.0}, {""tk"": ""is"", ""act"": 0.0}, {""tk"": ""Charleston"", ""act"": 0.0}, {""tk"": ""The"", ""act"": 0.0}, {""tk"": ""capital"", ""act"": 0.0}, {""tk"": ""of"", ""act"": 0.0}, {""tk"": ""Columbia"", ""act"": 0.0}, {""tk"": ""state"", ""act"": 0.0}, {""tk"": ""attribute"", ""act"": 0.0}, {""tk"": ""serving"", ""act"": 0.0}, {""tk"": ""government"", ""act"": 0.0}, {""tk"": ""located"", ""act"": 0.0}, {""tk"": ""containing"", ""act"": 0.0}]"
18_44719,18,44719,attribute: The primary city serving as the seat of government for a state is the capital city, the,16,6.164579391479492,0.9473684210526316,functional,"[{""token"": "" capital"", ""index"": 17, ""distance"": 1, ""direction"": ""forward""}]",json,"Say ""X""",,1.0,False,,Say (Columbia),"[{""tk"": ""is"", ""act"": 7.295798301696777}, {""tk"": ""the"", ""act"": 6.164579391479492}, {""tk"": ""city"", ""act"": 0.0}, {""tk"": ""Carolina"", ""act"": 0.0}, {""tk"": ""USA"", ""act"": 0.0}, {""tk"": ""Charleston"", ""act"": 0.0}, {""tk"": ""capital"", ""act"": 0.0}, {""tk"": ""of"", ""act"": 0.0}, {""tk"": ""Columbia"", ""act"": 0.0}, {""tk"": ""state"", ""act"": 0.0}, {""tk"": ""attribute"", ""act"": 0.0}, {""tk"": ""serving"", ""act"": 0.0}, {""tk"": ""government"", ""act"": 0.0}, {""tk"": ""located"", ""act"": 0.0}, {""tk"": ""containing"", ""act"": 0.0}]"
18_21257,18,21257,attribute: The primary city serving as the seat of government for a state is the capital city,<bos>,0,0.0,0.0,semantic,"[{""token"": ""<bos>"", ""index"": 0, ""distance"": 0, ""direction"": ""self""}]",n/a,Relationship,,1.0,False,,(city) related,"[{""tk"": ""city"", ""act"": 0.0}, {""tk"": ""Carolina"", ""act"": 0.0}, {""tk"": ""USA"", ""act"": 0.0}, {""tk"": ""is"", ""act"": 0.0}, {""tk"": ""Charleston"", ""act"": 0.0}, {""tk"": ""The"", ""act"": 0.0}, {""tk"": ""capital"", ""act"": 0.0}, {""tk"": ""of"", ""act"": 0.0}, {""tk"": ""Columbia"", ""act"": 0.0}, {""tk"": ""state"", ""act"": 0.0}, {""tk"": ""attribute"", ""act"": 0.0}, {""tk"": ""serving"", ""act"": 0.0}, {""tk"": ""government"", ""act"": 0.0}, {""tk"": ""located"", ""act"": 0.0}, {""tk"": ""containing"", ""act"": 0.0}]"
18_40708,18,40708,attribute: The primary city serving as the seat of government for a state is the capital city,<bos>,0,0.0,0.0,semantic,"[{""token"": ""<bos>"", ""index"": 0, ""distance"": 0, ""direction"": ""self""}]",n/a,Semantic,Concept,0.7,False,,Carolina,"[{""tk"": ""is"", ""act"": 6.668160438537598}, {""tk"": ""Carolina"", ""act"": 4.103997230529785}, {""tk"": ""Charleston"", ""act"": 0.315169095993042}, {""tk"": ""city"", ""act"": 0.0}, {""tk"": ""USA"", ""act"": 0.0}, {""tk"": ""The"", ""act"": 0.0}, {""tk"": ""capital"", ""act"": 0.0}, {""tk"": ""of"", ""act"": 0.0}, {""tk"": ""Columbia"", ""act"": 0.0}, {""tk"": ""state"", ""act"": 0.0}, {""tk"": ""attribute"", ""act"": 0.0}, {""tk"": ""serving"", ""act"": 0.0}, {""tk"": ""government"", ""act"": 0.0}, {""tk"": ""located"", ""act"": 0.0}, {""tk"": ""containing"", ""act"": 0.0}]"
18_52185,18,52185,attribute: The primary city serving as the seat of government for a state is the capital city,<bos>,0,0.0,0.0,semantic,"[{""token"": ""<bos>"", ""index"": 0, ""distance"": 0, ""direction"": ""self""}]",n/a,Semantic,Dictionary,1.0,False,,Charleston,"[{""tk"": ""Charleston"", ""act"": 14.778912544250488}, {""tk"": ""city"", ""act"": 0.0}, {""tk"": ""Carolina"", ""act"": 0.0}, {""tk"": ""USA"", ""act"": 0.0}, {""tk"": ""is"", ""act"": 0.0}, {""tk"": ""The"", ""act"": 0.0}, {""tk"": ""capital"", ""act"": 0.0}, {""tk"": ""of"", ""act"": 0.0}, {""tk"": ""Columbia"", ""act"": 0.0}, {""tk"": ""state"", ""act"": 0.0}, {""tk"": ""attribute"", ""act"": 0.0}, {""tk"": ""serving"", ""act"": 0.0}, {""tk"": ""government"", ""act"": 0.0}, {""tk"": ""located"", ""act"": 0.0}, {""tk"": ""containing"", ""act"": 0.0}]"
20_57025,20,57025,attribute: The primary city serving as the seat of government for a state is the capital city,<bos>,0,13.09422206878662,0.9473684210526316,semantic,"[{""token"": ""<bos>"", ""index"": 0, ""distance"": 0, ""direction"": ""self""}]",n/a,Semantic,Concept,0.7,False,,Semantic (unknown),"[{""tk"": ""is"", ""act"": 7.220115661621094}, {""tk"": ""city"", ""act"": 0.0}, {""tk"": ""Carolina"", ""act"": 0.0}, {""tk"": ""USA"", ""act"": 0.0}, {""tk"": ""Charleston"", ""act"": 0.0}, {""tk"": ""The"", ""act"": 0.0}, {""tk"": ""capital"", ""act"": 0.0}, {""tk"": ""of"", ""act"": 0.0}, {""tk"": ""Columbia"", ""act"": 0.0}, {""tk"": ""state"", ""act"": 0.0}, {""tk"": ""attribute"", ""act"": 0.0}, {""tk"": ""serving"", ""act"": 0.0}, {""tk"": ""government"", ""act"": 0.0}, {""tk"": ""located"", ""act"": 0.0}, {""tk"": ""containing"", ""act"": 0.0}]"
20_67784,20,67784,attribute: The primary city serving as the seat of government for a state is the capital city,<bos>,0,0.0,0.0,semantic,"[{""token"": ""<bos>"", ""index"": 0, ""distance"": 0, ""direction"": ""self""}]",n/a,"Say ""X""",,1.0,False,,Say (city),"[{""tk"": ""of"", ""act"": 3.863483428955078}, {""tk"": ""city"", ""act"": 0.0}, {""tk"": ""Carolina"", ""act"": 0.0}, {""tk"": ""USA"", ""act"": 0.0}, {""tk"": ""is"", ""act"": 0.0}, {""tk"": ""Charleston"", ""act"": 0.0}, {""tk"": ""The"", ""act"": 0.0}, {""tk"": ""capital"", ""act"": 0.0}, {""tk"": ""Columbia"", ""act"": 0.0}, {""tk"": ""state"", ""act"": 0.0}, {""tk"": ""attribute"", ""act"": 0.0}, {""tk"": ""serving"", ""act"": 0.0}, {""tk"": ""government"", ""act"": 0.0}, {""tk"": ""located"", ""act"": 0.0}, {""tk"": ""containing"", ""act"": 0.0}]"
22_2925,22,2925,attribute: The primary city serving as the seat of government for a state is the capital city,<bos>,0,9.358915328979492,0.9473684210526316,semantic,"[{""token"": ""<bos>"", ""index"": 0, ""distance"": 0, ""direction"": ""self""}]",n/a,Semantic,Concept,0.6,False,,Semantic (unknown),"[{""tk"": ""is"", ""act"": 21.47593116760254}, {""tk"": ""city"", ""act"": 0.0}, {""tk"": ""Carolina"", ""act"": 0.0}, {""tk"": ""USA"", ""act"": 0.0}, {""tk"": ""Charleston"", ""act"": 0.0}, {""tk"": ""The"", ""act"": 0.0}, {""tk"": ""capital"", ""act"": 0.0}, {""tk"": ""of"", ""act"": 0.0}, {""tk"": ""Columbia"", ""act"": 0.0}, {""tk"": ""state"", ""act"": 0.0}, {""tk"": ""attribute"", ""act"": 0.0}, {""tk"": ""serving"", ""act"": 0.0}, {""tk"": ""government"", ""act"": 0.0}, {""tk"": ""located"", ""act"": 0.0}, {""tk"": ""containing"", ""act"": 0.0}]"
22_19295,22,19295,attribute: The primary city serving as the seat of government for a state is the capital city,<bos>,0,2.1917049884796143,0.9473684210526316,semantic,"[{""token"": ""<bos>"", ""index"": 0, ""distance"": 0, ""direction"": ""self""}]",n/a,Semantic,Concept,0.8,False,,Semantic (unknown),"[{""tk"": ""is"", ""act"": 15.38586139678955}, {""tk"": ""city"", ""act"": 0.0}, {""tk"": ""Carolina"", ""act"": 0.0}, {""tk"": ""USA"", ""act"": 0.0}, {""tk"": ""Charleston"", ""act"": 0.0}, {""tk"": ""The"", ""act"": 0.0}, {""tk"": ""capital"", ""act"": 0.0}, {""tk"": ""of"", ""act"": 0.0}, {""tk"": ""Columbia"", ""act"": 0.0}, {""tk"": ""state"", ""act"": 0.0}, {""tk"": ""attribute"", ""act"": 0.0}, {""tk"": ""serving"", ""act"": 0.0}, {""tk"": ""government"", ""act"": 0.0}, {""tk"": ""located"", ""act"": 0.0}, {""tk"": ""containing"", ""act"": 0.0}]"
22_92671,22,92671,attribute: The primary city serving as the seat of government for a state is the capital city,<bos>,0,0.0,0.0,semantic,"[{""token"": ""<bos>"", ""index"": 0, ""distance"": 0, ""direction"": ""self""}]",n/a,Relationship,,1.0,False,,(city) related,"[{""tk"": ""city"", ""act"": 0.0}, {""tk"": ""Carolina"", ""act"": 0.0}, {""tk"": ""USA"", ""act"": 0.0}, {""tk"": ""is"", ""act"": 0.0}, {""tk"": ""Charleston"", ""act"": 0.0}, {""tk"": ""The"", ""act"": 0.0}, {""tk"": ""capital"", ""act"": 0.0}, {""tk"": ""of"", ""act"": 0.0}, {""tk"": ""Columbia"", ""act"": 0.0}, {""tk"": ""state"", ""act"": 0.0}, {""tk"": ""attribute"", ""act"": 0.0}, {""tk"": ""serving"", ""act"": 0.0}, {""tk"": ""government"", ""act"": 0.0}, {""tk"": ""located"", ""act"": 0.0}, {""tk"": ""containing"", ""act"": 0.0}]"
24_5303,24,5303,attribute: The primary city serving as the seat of government for a state is the capital city, the,16,23.955188751220703,0.9473684210526316,functional,"[{""token"": "" capital"", ""index"": 17, ""distance"": 1, ""direction"": ""forward""}]",json,Semantic,Concept,0.7,False,,located,"[{""tk"": ""is"", ""act"": 31.118236541748047}, {""tk"": ""the"", ""act"": 23.955188751220703}, {""tk"": ""located"", ""act"": 18.47713851928711}, {""tk"": ""city"", ""act"": 0.0}, {""tk"": ""Carolina"", ""act"": 0.0}, {""tk"": ""USA"", ""act"": 0.0}, {""tk"": ""Charleston"", ""act"": 0.0}, {""tk"": ""capital"", ""act"": 0.0}, {""tk"": ""of"", ""act"": 0.0}, {""tk"": ""Columbia"", ""act"": 0.0}, {""tk"": ""state"", ""act"": 0.0}, {""tk"": ""attribute"", ""act"": 0.0}, {""tk"": ""serving"", ""act"": 0.0}, {""tk"": ""government"", ""act"": 0.0}, {""tk"": ""containing"", ""act"": 0.0}]"
24_2574,24,2574,attribute: The primary city serving as the seat of government for a state is the capital city,<bos>,0,0.0,0.0,semantic,"[{""token"": ""<bos>"", ""index"": 0, ""distance"": 0, ""direction"": ""self""}]",n/a,"Say ""X""",,1.0,False,,Say (Columbia),"[{""tk"": ""is"", ""act"": 19.94355010986328}, {""tk"": ""city"", ""act"": 0.0}, {""tk"": ""Carolina"", ""act"": 0.0}, {""tk"": ""USA"", ""act"": 0.0}, {""tk"": ""Charleston"", ""act"": 0.0}, {""tk"": ""The"", ""act"": 0.0}, {""tk"": ""capital"", ""act"": 0.0}, {""tk"": ""of"", ""act"": 0.0}, {""tk"": ""Columbia"", ""act"": 0.0}, {""tk"": ""state"", ""act"": 0.0}, {""tk"": ""attribute"", ""act"": 0.0}, {""tk"": ""serving"", ""act"": 0.0}, {""tk"": ""government"", ""act"": 0.0}, {""tk"": ""located"", ""act"": 0.0}, {""tk"": ""containing"", ""act"": 0.0}]"
0_95475,0,95475,relationship: the state in which a city is located is the state containing, city,8,68.99917602539062,0.7118048045856525,semantic,"[{""token"": "" city"", ""index"": 8, ""distance"": 0, ""direction"": ""self""}]",n/a,Semantic,Dictionary (fallback),0.9,False,,government,"[{""tk"": ""government"", ""act"": 73.73577117919922}, {""tk"": ""state"", ""act"": 72.12992095947266}, {""tk"": ""city"", ""act"": 69.083984375}, {""tk"": ""capital"", ""act"": 60.64950942993164}, {""tk"": ""USA"", ""act"": 56.505062103271484}, {""tk"": ""attribute"", ""act"": 50.58573913574219}, {""tk"": ""Carolina"", ""act"": 48.81716537475586}, {""tk"": ""Columbia"", ""act"": 42.76877975463867}, {""tk"": ""located"", ""act"": 41.876251220703125}, {""tk"": ""Charleston"", ""act"": 37.00120162963867}, {""tk"": ""serving"", ""act"": 31.4293155670166}, {""tk"": ""containing"", ""act"": 27.732948303222656}, {""tk"": ""is"", ""act"": 0.0}, {""tk"": ""The"", ""act"": 0.0}, {""tk"": ""of"", ""act"": 0.0}]"
0_89265,0,89265,relationship: the state in which a city is located is the state containing, the,12,31.43771743774414,0.8742277660150753,functional,"[{""token"": "" state"", ""index"": 13, ""distance"": 1, ""direction"": ""forward""}]",json,Semantic,Dictionary (fallback),0.9,False,,the,"[{""tk"": ""the"", ""act"": 41.03260803222656}, {""tk"": ""city"", ""act"": 0.0}, {""tk"": ""Carolina"", ""act"": 0.0}, {""tk"": ""USA"", ""act"": 0.0}, {""tk"": ""is"", ""act"": 0.0}, {""tk"": ""Charleston"", ""act"": 0.0}, {""tk"": ""capital"", ""act"": 0.0}, {""tk"": ""of"", ""act"": 0.0}, {""tk"": ""Columbia"", ""act"": 0.0}, {""tk"": ""state"", ""act"": 0.0}, {""tk"": ""attribute"", ""act"": 0.0}, {""tk"": ""serving"", ""act"": 0.0}, {""tk"": ""government"", ""act"": 0.0}, {""tk"": ""located"", ""act"": 0.0}, {""tk"": ""containing"", ""act"": 0.0}]"
0_92029,0,92029,relationship: the state in which a city is located is the state containing, the,12,26.63426399230957,0.8565615190940052,functional,"[{""token"": "" state"", ""index"": 13, ""distance"": 1, ""direction"": ""forward""}]",json,Semantic,Dictionary (fallback),0.9,False,,Semantic (unknown),"[{""tk"": ""the"", ""act"": 28.859010696411133}, {""tk"": ""city"", ""act"": 0.0}, {""tk"": ""Carolina"", ""act"": 0.0}, {""tk"": ""USA"", ""act"": 0.0}, {""tk"": ""is"", ""act"": 0.0}, {""tk"": ""Charleston"", ""act"": 0.0}, {""tk"": ""capital"", ""act"": 0.0}, {""tk"": ""of"", ""act"": 0.0}, {""tk"": ""Columbia"", ""act"": 0.0}, {""tk"": ""state"", ""act"": 0.0}, {""tk"": ""attribute"", ""act"": 0.0}, {""tk"": ""serving"", ""act"": 0.0}, {""tk"": ""government"", ""act"": 0.0}, {""tk"": ""located"", ""act"": 0.0}, {""tk"": ""containing"", ""act"": 0.0}]"
0_19204,0,19204,relationship: the state in which a city is located is the state containing,<bos>,0,19.44998550415039,0.9333333333333332,semantic,"[{""token"": ""<bos>"", ""index"": 0, ""distance"": 0, ""direction"": ""self""}]",n/a,Semantic,Dictionary (fallback),0.9,False,,Semantic (unknown),"[{""tk"": ""city"", ""act"": 0.0}, {""tk"": ""Carolina"", ""act"": 0.0}, {""tk"": ""USA"", ""act"": 0.0}, {""tk"": ""is"", ""act"": 0.0}, {""tk"": ""Charleston"", ""act"": 0.0}, {""tk"": ""The"", ""act"": 0.0}, {""tk"": ""capital"", ""act"": 0.0}, {""tk"": ""of"", ""act"": 0.0}, {""tk"": ""Columbia"", ""act"": 0.0}, {""tk"": ""state"", ""act"": 0.0}, {""tk"": ""attribute"", ""act"": 0.0}, {""tk"": ""serving"", ""act"": 0.0}, {""tk"": ""government"", ""act"": 0.0}, {""tk"": ""located"", ""act"": 0.0}, {""tk"": ""containing"", ""act"": 0.0}]"
0_67553,0,67553,relationship: the state in which a city is located is the state containing, containing,14,16.307926177978516,0.9333333333333332,semantic,"[{""token"": "" containing"", ""index"": 14, ""distance"": 0, ""direction"": ""self""}]",n/a,Semantic,Dictionary,1.0,False,,containing,"[{""tk"": ""containing"", ""act"": 16.307926177978516}, {""tk"": ""city"", ""act"": 0.0}, {""tk"": ""Carolina"", ""act"": 0.0}, {""tk"": ""USA"", ""act"": 0.0}, {""tk"": ""is"", ""act"": 0.0}, {""tk"": ""Charleston"", ""act"": 0.0}, {""tk"": ""The"", ""act"": 0.0}, {""tk"": ""capital"", ""act"": 0.0}, {""tk"": ""of"", ""act"": 0.0}, {""tk"": ""Columbia"", ""act"": 0.0}, {""tk"": ""state"", ""act"": 0.0}, {""tk"": ""attribute"", ""act"": 0.0}, {""tk"": ""serving"", ""act"": 0.0}, {""tk"": ""government"", ""act"": 0.0}, {""tk"": ""located"", ""act"": 0.0}]"
0_61257,0,61257,relationship: the state in which a city is located is the state containing, state,13,15.710807800292969,0.9083290639733844,semantic,"[{""token"": "" state"", ""index"": 13, ""distance"": 0, ""direction"": ""self""}]",n/a,Semantic,Dictionary (fallback),0.9,False,,state,"[{""tk"": ""state"", ""act"": 15.710807800292969}, {""tk"": ""city"", ""act"": 0.0}, {""tk"": ""Carolina"", ""act"": 0.0}, {""tk"": ""USA"", ""act"": 0.0}, {""tk"": ""is"", ""act"": 0.0}, {""tk"": ""Charleston"", ""act"": 0.0}, {""tk"": ""The"", ""act"": 0.0}, {""tk"": ""capital"", ""act"": 0.0}, {""tk"": ""of"", ""act"": 0.0}, {""tk"": ""Columbia"", ""act"": 0.0}, {""tk"": ""attribute"", ""act"": 0.0}, {""tk"": ""serving"", ""act"": 0.0}, {""tk"": ""government"", ""act"": 0.0}, {""tk"": ""located"", ""act"": 0.0}, {""tk"": ""containing"", ""act"": 0.0}]"
0_91570,0,91570,relationship: the state in which a city is located is the state containing,<bos>,0,15.283381462097168,0.8681014542374736,semantic,"[{""token"": ""<bos>"", ""index"": 0, ""distance"": 0, ""direction"": ""self""}]",n/a,Semantic,Dictionary (fallback),0.9,False,,attribute,"[{""tk"": ""attribute"", ""act"": 21.15618896484375}, {""tk"": ""city"", ""act"": 0.0}, {""tk"": ""Carolina"", ""act"": 0.0}, {""tk"": ""USA"", ""act"": 0.0}, {""tk"": ""is"", ""act"": 0.0}, {""tk"": ""Charleston"", ""act"": 0.0}, {""tk"": ""The"", ""act"": 0.0}, {""tk"": ""capital"", ""act"": 0.0}, {""tk"": ""of"", ""act"": 0.0}, {""tk"": ""Columbia"", ""act"": 0.0}, {""tk"": ""state"", ""act"": 0.0}, {""tk"": ""serving"", ""act"": 0.0}, {""tk"": ""government"", ""act"": 0.0}, {""tk"": ""located"", ""act"": 0.0}, {""tk"": ""containing"", ""act"": 0.0}]"
0_56748,0,56748,relationship: the state in which a city is located is the state containing, state,4,13.299398422241213,0.8863527430372052,semantic,"[{""token"": "" state"", ""index"": 4, ""distance"": 0, ""direction"": ""self""}]",n/a,Semantic,Dictionary (fallback),0.9,False,,state,"[{""tk"": ""state"", ""act"": 13.299398422241211}, {""tk"": ""city"", ""act"": 0.0}, {""tk"": ""Carolina"", ""act"": 0.0}, {""tk"": ""USA"", ""act"": 0.0}, {""tk"": ""is"", ""act"": 0.0}, {""tk"": ""Charleston"", ""act"": 0.0}, {""tk"": ""The"", ""act"": 0.0}, {""tk"": ""capital"", ""act"": 0.0}, {""tk"": ""of"", ""act"": 0.0}, {""tk"": ""Columbia"", ""act"": 0.0}, {""tk"": ""attribute"", ""act"": 0.0}, {""tk"": ""serving"", ""act"": 0.0}, {""tk"": ""government"", ""act"": 0.0}, {""tk"": ""located"", ""act"": 0.0}, {""tk"": ""containing"", ""act"": 0.0}]"
0_66754,0,66754,relationship: the state in which a city is located is the state containing, containing,14,12.251155853271484,0.9333333333333332,semantic,"[{""token"": "" containing"", ""index"": 14, ""distance"": 0, ""direction"": ""self""}]",n/a,Semantic,Dictionary,1.0,False,,containing,"[{""tk"": ""containing"", ""act"": 12.251155853271484}, {""tk"": ""city"", ""act"": 0.0}, {""tk"": ""Carolina"", ""act"": 0.0}, {""tk"": ""USA"", ""act"": 0.0}, {""tk"": ""is"", ""act"": 0.0}, {""tk"": ""Charleston"", ""act"": 0.0}, {""tk"": ""The"", ""act"": 0.0}, {""tk"": ""capital"", ""act"": 0.0}, {""tk"": ""of"", ""act"": 0.0}, {""tk"": ""Columbia"", ""act"": 0.0}, {""tk"": ""state"", ""act"": 0.0}, {""tk"": ""attribute"", ""act"": 0.0}, {""tk"": ""serving"", ""act"": 0.0}, {""tk"": ""government"", ""act"": 0.0}, {""tk"": ""located"", ""act"": 0.0}]"
0_54197,0,54197,relationship: the state in which a city is located is the state containing, containing,14,11.77919864654541,0.9333333333333332,semantic,"[{""token"": "" containing"", ""index"": 14, ""distance"": 0, ""direction"": ""self""}]",n/a,Semantic,Dictionary,1.0,False,,containing,"[{""tk"": ""containing"", ""act"": 11.77919864654541}, {""tk"": ""city"", ""act"": 0.0}, {""tk"": ""Carolina"", ""act"": 0.0}, {""tk"": ""USA"", ""act"": 0.0}, {""tk"": ""is"", ""act"": 0.0}, {""tk"": ""Charleston"", ""act"": 0.0}, {""tk"": ""The"", ""act"": 0.0}, {""tk"": ""capital"", ""act"": 0.0}, {""tk"": ""of"", ""act"": 0.0}, {""tk"": ""Columbia"", ""act"": 0.0}, {""tk"": ""state"", ""act"": 0.0}, {""tk"": ""attribute"", ""act"": 0.0}, {""tk"": ""serving"", ""act"": 0.0}, {""tk"": ""government"", ""act"": 0.0}, {""tk"": ""located"", ""act"": 0.0}]"
0_73833,0,73833,relationship: the state in which a city is located is the state containing, containing,14,11.570135116577148,0.9333333333333332,semantic,"[{""token"": "" containing"", ""index"": 14, ""distance"": 0, ""direction"": ""self""}]",n/a,Semantic,Dictionary,1.0,False,,containing,"[{""tk"": ""containing"", ""act"": 11.570135116577148}, {""tk"": ""city"", ""act"": 0.0}, {""tk"": ""Carolina"", ""act"": 0.0}, {""tk"": ""USA"", ""act"": 0.0}, {""tk"": ""is"", ""act"": 0.0}, {""tk"": ""Charleston"", ""act"": 0.0}, {""tk"": ""The"", ""act"": 0.0}, {""tk"": ""capital"", ""act"": 0.0}, {""tk"": ""of"", ""act"": 0.0}, {""tk"": ""Columbia"", ""act"": 0.0}, {""tk"": ""state"", ""act"": 0.0}, {""tk"": ""attribute"", ""act"": 0.0}, {""tk"": ""serving"", ""act"": 0.0}, {""tk"": ""government"", ""act"": 0.0}, {""tk"": ""located"", ""act"": 0.0}]"
0_47638,0,47638,relationship: the state in which a city is located is the state containing, containing,14,11.569823265075684,0.9123683502009328,semantic,"[{""token"": "" containing"", ""index"": 14, ""distance"": 0, ""direction"": ""self""}]",n/a,Semantic,Dictionary,1.0,False,,containing,"[{""tk"": ""containing"", ""act"": 11.569823265075684}, {""tk"": ""city"", ""act"": 0.0}, {""tk"": ""Carolina"", ""act"": 0.0}, {""tk"": ""USA"", ""act"": 0.0}, {""tk"": ""is"", ""act"": 0.0}, {""tk"": ""Charleston"", ""act"": 0.0}, {""tk"": ""The"", ""act"": 0.0}, {""tk"": ""capital"", ""act"": 0.0}, {""tk"": ""of"", ""act"": 0.0}, {""tk"": ""Columbia"", ""act"": 0.0}, {""tk"": ""state"", ""act"": 0.0}, {""tk"": ""attribute"", ""act"": 0.0}, {""tk"": ""serving"", ""act"": 0.0}, {""tk"": ""government"", ""act"": 0.0}, {""tk"": ""located"", ""act"": 0.0}]"
0_42832,0,42832,relationship: the state in which a city is located is the state containing, containing,14,11.472331047058104,0.9333333333333332,semantic,"[{""token"": "" containing"", ""index"": 14, ""distance"": 0, ""direction"": ""self""}]",n/a,Semantic,Dictionary,1.0,False,,containing,"[{""tk"": ""containing"", ""act"": 11.472331047058105}, {""tk"": ""city"", ""act"": 0.0}, {""tk"": ""Carolina"", ""act"": 0.0}, {""tk"": ""USA"", ""act"": 0.0}, {""tk"": ""is"", ""act"": 0.0}, {""tk"": ""Charleston"", ""act"": 0.0}, {""tk"": ""The"", ""act"": 0.0}, {""tk"": ""capital"", ""act"": 0.0}, {""tk"": ""of"", ""act"": 0.0}, {""tk"": ""Columbia"", ""act"": 0.0}, {""tk"": ""state"", ""act"": 0.0}, {""tk"": ""attribute"", ""act"": 0.0}, {""tk"": ""serving"", ""act"": 0.0}, {""tk"": ""government"", ""act"": 0.0}, {""tk"": ""located"", ""act"": 0.0}]"
0_52264,0,52264,relationship: the state in which a city is located is the state containing, containing,14,9.985231399536133,0.9333333333333332,semantic,"[{""token"": "" containing"", ""index"": 14, ""distance"": 0, ""direction"": ""self""}]",n/a,Semantic,Dictionary,1.0,False,,containing,"[{""tk"": ""containing"", ""act"": 9.985231399536133}, {""tk"": ""city"", ""act"": 0.0}, {""tk"": ""Carolina"", ""act"": 0.0}, {""tk"": ""USA"", ""act"": 0.0}, {""tk"": ""is"", ""act"": 0.0}, {""tk"": ""Charleston"", ""act"": 0.0}, {""tk"": ""The"", ""act"": 0.0}, {""tk"": ""capital"", ""act"": 0.0}, {""tk"": ""of"", ""act"": 0.0}, {""tk"": ""Columbia"", ""act"": 0.0}, {""tk"": ""state"", ""act"": 0.0}, {""tk"": ""attribute"", ""act"": 0.0}, {""tk"": ""serving"", ""act"": 0.0}, {""tk"": ""government"", ""act"": 0.0}, {""tk"": ""located"", ""act"": 0.0}]"
0_29904,0,29904,relationship: the state in which a city is located is the state containing, containing,14,9.819502830505373,0.9333333333333332,semantic,"[{""token"": "" containing"", ""index"": 14, ""distance"": 0, ""direction"": ""self""}]",n/a,Semantic,Dictionary,1.0,False,,containing,"[{""tk"": ""containing"", ""act"": 9.819502830505371}, {""tk"": ""city"", ""act"": 0.0}, {""tk"": ""Carolina"", ""act"": 0.0}, {""tk"": ""USA"", ""act"": 0.0}, {""tk"": ""is"", ""act"": 0.0}, {""tk"": ""Charleston"", ""act"": 0.0}, {""tk"": ""The"", ""act"": 0.0}, {""tk"": ""capital"", ""act"": 0.0}, {""tk"": ""of"", ""act"": 0.0}, {""tk"": ""Columbia"", ""act"": 0.0}, {""tk"": ""state"", ""act"": 0.0}, {""tk"": ""attribute"", ""act"": 0.0}, {""tk"": ""serving"", ""act"": 0.0}, {""tk"": ""government"", ""act"": 0.0}, {""tk"": ""located"", ""act"": 0.0}]"
0_60256,0,60256,relationship: the state in which a city is located is the state containing, containing,14,8.764032363891602,0.8705189496911452,semantic,"[{""token"": "" containing"", ""index"": 14, ""distance"": 0, ""direction"": ""self""}]",n/a,Semantic,Dictionary,1.0,False,,containing,"[{""tk"": ""containing"", ""act"": 8.764032363891602}, {""tk"": ""city"", ""act"": 0.0}, {""tk"": ""Carolina"", ""act"": 0.0}, {""tk"": ""USA"", ""act"": 0.0}, {""tk"": ""is"", ""act"": 0.0}, {""tk"": ""Charleston"", ""act"": 0.0}, {""tk"": ""The"", ""act"": 0.0}, {""tk"": ""capital"", ""act"": 0.0}, {""tk"": ""of"", ""act"": 0.0}, {""tk"": ""Columbia"", ""act"": 0.0}, {""tk"": ""state"", ""act"": 0.0}, {""tk"": ""attribute"", ""act"": 0.0}, {""tk"": ""serving"", ""act"": 0.0}, {""tk"": ""government"", ""act"": 0.0}, {""tk"": ""located"", ""act"": 0.0}]"
0_20368,0,20368,relationship: the state in which a city is located is the state containing,<bos>,0,8.283743858337402,0.8159581908409206,semantic,"[{""token"": ""<bos>"", ""index"": 0, ""distance"": 0, ""direction"": ""self""}]",n/a,Semantic,Dictionary (fallback),0.9,False,,Semantic (unknown),"[{""tk"": ""containing"", ""act"": 8.030762672424316}, {""tk"": ""is"", ""act"": 6.553821563720703}, {""tk"": ""city"", ""act"": 0.0}, {""tk"": ""Carolina"", ""act"": 0.0}, {""tk"": ""USA"", ""act"": 0.0}, {""tk"": ""Charleston"", ""act"": 0.0}, {""tk"": ""The"", ""act"": 0.0}, {""tk"": ""capital"", ""act"": 0.0}, {""tk"": ""of"", ""act"": 0.0}, {""tk"": ""Columbia"", ""act"": 0.0}, {""tk"": ""state"", ""act"": 0.0}, {""tk"": ""attribute"", ""act"": 0.0}, {""tk"": ""serving"", ""act"": 0.0}, {""tk"": ""government"", ""act"": 0.0}, {""tk"": ""located"", ""act"": 0.0}]"
0_52009,0,52009,relationship: the state in which a city is located is the state containing, containing,14,7.867442607879639,0.9333333333333332,semantic,"[{""token"": "" containing"", ""index"": 14, ""distance"": 0, ""direction"": ""self""}]",n/a,Semantic,Dictionary,1.0,False,,containing,"[{""tk"": ""containing"", ""act"": 7.867442607879639}, {""tk"": ""city"", ""act"": 0.0}, {""tk"": ""Carolina"", ""act"": 0.0}, {""tk"": ""USA"", ""act"": 0.0}, {""tk"": ""is"", ""act"": 0.0}, {""tk"": ""Charleston"", ""act"": 0.0}, {""tk"": ""The"", ""act"": 0.0}, {""tk"": ""capital"", ""act"": 0.0}, {""tk"": ""of"", ""act"": 0.0}, {""tk"": ""Columbia"", ""act"": 0.0}, {""tk"": ""state"", ""act"": 0.0}, {""tk"": ""attribute"", ""act"": 0.0}, {""tk"": ""serving"", ""act"": 0.0}, {""tk"": ""government"", ""act"": 0.0}, {""tk"": ""located"", ""act"": 0.0}]"
0_37030,0,37030,relationship: the state in which a city is located is the state containing,<bos>,0,6.821301460266113,0.9333333333333332,semantic,"[{""token"": ""<bos>"", ""index"": 0, ""distance"": 0, ""direction"": ""self""}]",n/a,Semantic,Dictionary,1.0,False,,Charleston,"[{""tk"": ""Charleston"", ""act"": 8.90308952331543}, {""tk"": ""city"", ""act"": 0.0}, {""tk"": ""Carolina"", ""act"": 0.0}, {""tk"": ""USA"", ""act"": 0.0}, {""tk"": ""is"", ""act"": 0.0}, {""tk"": ""The"", ""act"": 0.0}, {""tk"": ""capital"", ""act"": 0.0}, {""tk"": ""of"", ""act"": 0.0}, {""tk"": ""Columbia"", ""act"": 0.0}, {""tk"": ""state"", ""act"": 0.0}, {""tk"": ""attribute"", ""act"": 0.0}, {""tk"": ""serving"", ""act"": 0.0}, {""tk"": ""government"", ""act"": 0.0}, {""tk"": ""located"", ""act"": 0.0}, {""tk"": ""containing"", ""act"": 0.0}]"
0_79529,0,79529,relationship: the state in which a city is located is the state containing,<bos>,0,6.530892848968506,0.8921719080552925,semantic,"[{""token"": ""<bos>"", ""index"": 0, ""distance"": 0, ""direction"": ""self""}]",n/a,Semantic,Dictionary (fallback),0.9,False,,Semantic (unknown),"[{""tk"": ""is"", ""act"": 15.42864990234375}, {""tk"": ""city"", ""act"": 0.0}, {""tk"": ""Carolina"", ""act"": 0.0}, {""tk"": ""USA"", ""act"": 0.0}, {""tk"": ""Charleston"", ""act"": 0.0}, {""tk"": ""The"", ""act"": 0.0}, {""tk"": ""capital"", ""act"": 0.0}, {""tk"": ""of"", ""act"": 0.0}, {""tk"": ""Columbia"", ""act"": 0.0}, {""tk"": ""state"", ""act"": 0.0}, {""tk"": ""attribute"", ""act"": 0.0}, {""tk"": ""serving"", ""act"": 0.0}, {""tk"": ""government"", ""act"": 0.0}, {""tk"": ""located"", ""act"": 0.0}, {""tk"": ""containing"", ""act"": 0.0}]"
0_44709,0,44709,relationship: the state in which a city is located is the state containing, containing,14,6.07918643951416,0.9333333333333332,semantic,"[{""token"": "" containing"", ""index"": 14, ""distance"": 0, ""direction"": ""self""}]",n/a,Semantic,Dictionary,1.0,False,,containing,"[{""tk"": ""containing"", ""act"": 6.07918643951416}, {""tk"": ""city"", ""act"": 0.0}, {""tk"": ""Carolina"", ""act"": 0.0}, {""tk"": ""USA"", ""act"": 0.0}, {""tk"": ""is"", ""act"": 0.0}, {""tk"": ""Charleston"", ""act"": 0.0}, {""tk"": ""The"", ""act"": 0.0}, {""tk"": ""capital"", ""act"": 0.0}, {""tk"": ""of"", ""act"": 0.0}, {""tk"": ""Columbia"", ""act"": 0.0}, {""tk"": ""state"", ""act"": 0.0}, {""tk"": ""attribute"", ""act"": 0.0}, {""tk"": ""serving"", ""act"": 0.0}, {""tk"": ""government"", ""act"": 0.0}, {""tk"": ""located"", ""act"": 0.0}]"
0_82862,0,82862,relationship: the state in which a city is located is the state containing, state,4,5.531653881072998,0.9161494731490348,semantic,"[{""token"": "" state"", ""index"": 4, ""distance"": 0, ""direction"": ""self""}]",n/a,Semantic,Dictionary (fallback),0.9,False,,government,"[{""tk"": ""government"", ""act"": 9.586883544921875}, {""tk"": ""capital"", ""act"": 8.219970703125}, {""tk"": ""state"", ""act"": 5.531653881072998}, {""tk"": ""city"", ""act"": 0.0}, {""tk"": ""Carolina"", ""act"": 0.0}, {""tk"": ""USA"", ""act"": 0.0}, {""tk"": ""is"", ""act"": 0.0}, {""tk"": ""Charleston"", ""act"": 0.0}, {""tk"": ""The"", ""act"": 0.0}, {""tk"": ""of"", ""act"": 0.0}, {""tk"": ""Columbia"", ""act"": 0.0}, {""tk"": ""attribute"", ""act"": 0.0}, {""tk"": ""serving"", ""act"": 0.0}, {""tk"": ""located"", ""act"": 0.0}, {""tk"": ""containing"", ""act"": 0.0}]"
0_85449,0,85449,relationship: the state in which a city is located is the state containing,<bos>,0,4.306120872497559,0.9333333333333332,semantic,"[{""token"": ""<bos>"", ""index"": 0, ""distance"": 0, ""direction"": ""self""}]",n/a,Semantic,Dictionary,1.0,False,,Charleston,"[{""tk"": ""Charleston"", ""act"": 9.35044002532959}, {""tk"": ""city"", ""act"": 0.0}, {""tk"": ""Carolina"", ""act"": 0.0}, {""tk"": ""USA"", ""act"": 0.0}, {""tk"": ""is"", ""act"": 0.0}, {""tk"": ""The"", ""act"": 0.0}, {""tk"": ""capital"", ""act"": 0.0}, {""tk"": ""of"", ""act"": 0.0}, {""tk"": ""Columbia"", ""act"": 0.0}, {""tk"": ""state"", ""act"": 0.0}, {""tk"": ""attribute"", ""act"": 0.0}, {""tk"": ""serving"", ""act"": 0.0}, {""tk"": ""government"", ""act"": 0.0}, {""tk"": ""located"", ""act"": 0.0}, {""tk"": ""containing"", ""act"": 0.0}]"
0_12284,0,12284,relationship: the state in which a city is located is the state containing,<bos>,0,4.237040519714356,0.9333333333333332,semantic,"[{""token"": ""<bos>"", ""index"": 0, ""distance"": 0, ""direction"": ""self""}]",n/a,Semantic,Dictionary (fallback),0.9,False,,Semantic (unknown),"[{""tk"": ""city"", ""act"": 0.0}, {""tk"": ""Carolina"", ""act"": 0.0}, {""tk"": ""USA"", ""act"": 0.0}, {""tk"": ""is"", ""act"": 0.0}, {""tk"": ""Charleston"", ""act"": 0.0}, {""tk"": ""The"", ""act"": 0.0}, {""tk"": ""capital"", ""act"": 0.0}, {""tk"": ""of"", ""act"": 0.0}, {""tk"": ""Columbia"", ""act"": 0.0}, {""tk"": ""state"", ""act"": 0.0}, {""tk"": ""attribute"", ""act"": 0.0}, {""tk"": ""serving"", ""act"": 0.0}, {""tk"": ""government"", ""act"": 0.0}, {""tk"": ""located"", ""act"": 0.0}, {""tk"": ""containing"", ""act"": 0.0}]"
0_29747,0,29747,relationship: the state in which a city is located is the state containing,<bos>,0,3.6445837020874015,0.9333333333333332,semantic,"[{""token"": ""<bos>"", ""index"": 0, ""distance"": 0, ""direction"": ""self""}]",n/a,Semantic,Dictionary,1.0,False,,Charleston,"[{""tk"": ""Charleston"", ""act"": 11.133187294006348}, {""tk"": ""city"", ""act"": 0.0}, {""tk"": ""Carolina"", ""act"": 0.0}, {""tk"": ""USA"", ""act"": 0.0}, {""tk"": ""is"", ""act"": 0.0}, {""tk"": ""The"", ""act"": 0.0}, {""tk"": ""capital"", ""act"": 0.0}, {""tk"": ""of"", ""act"": 0.0}, {""tk"": ""Columbia"", ""act"": 0.0}, {""tk"": ""state"", ""act"": 0.0}, {""tk"": ""attribute"", ""act"": 0.0}, {""tk"": ""serving"", ""act"": 0.0}, {""tk"": ""government"", ""act"": 0.0}, {""tk"": ""located"", ""act"": 0.0}, {""tk"": ""containing"", ""act"": 0.0}]"
0_55912,0,55912,relationship: the state in which a city is located is the state containing,<bos>,0,3.0232977867126465,0.9333333333333332,semantic,"[{""token"": ""<bos>"", ""index"": 0, ""distance"": 0, ""direction"": ""self""}]",n/a,Semantic,Dictionary,1.0,False,,Charleston,"[{""tk"": ""Charleston"", ""act"": 7.9657979011535645}, {""tk"": ""city"", ""act"": 0.0}, {""tk"": ""Carolina"", ""act"": 0.0}, {""tk"": ""USA"", ""act"": 0.0}, {""tk"": ""is"", ""act"": 0.0}, {""tk"": ""The"", ""act"": 0.0}, {""tk"": ""capital"", ""act"": 0.0}, {""tk"": ""of"", ""act"": 0.0}, {""tk"": ""Columbia"", ""act"": 0.0}, {""tk"": ""state"", ""act"": 0.0}, {""tk"": ""attribute"", ""act"": 0.0}, {""tk"": ""serving"", ""act"": 0.0}, {""tk"": ""government"", ""act"": 0.0}, {""tk"": ""located"", ""act"": 0.0}, {""tk"": ""containing"", ""act"": 0.0}]"
0_41424,0,41424,relationship: the state in which a city is located is the state containing,<bos>,0,2.1618165969848637,0.9333333333333336,semantic,"[{""token"": ""<bos>"", ""index"": 0, ""distance"": 0, ""direction"": ""self""}]",n/a,Semantic,Dictionary (fallback),0.9,False,,Semantic (unknown),"[{""tk"": ""city"", ""act"": 0.0}, {""tk"": ""Carolina"", ""act"": 0.0}, {""tk"": ""USA"", ""act"": 0.0}, {""tk"": ""is"", ""act"": 0.0}, {""tk"": ""Charleston"", ""act"": 0.0}, {""tk"": ""The"", ""act"": 0.0}, {""tk"": ""capital"", ""act"": 0.0}, {""tk"": ""of"", ""act"": 0.0}, {""tk"": ""Columbia"", ""act"": 0.0}, {""tk"": ""state"", ""act"": 0.0}, {""tk"": ""attribute"", ""act"": 0.0}, {""tk"": ""serving"", ""act"": 0.0}, {""tk"": ""government"", ""act"": 0.0}, {""tk"": ""located"", ""act"": 0.0}, {""tk"": ""containing"", ""act"": 0.0}]"
0_13506,0,13506,relationship: the state in which a city is located is the state containing,<bos>,0,1.0420150756835938,0.9333333333333332,semantic,"[{""token"": ""<bos>"", ""index"": 0, ""distance"": 0, ""direction"": ""self""}]",n/a,Semantic,Dictionary (fallback),0.9,False,,Semantic (unknown),"[{""tk"": ""city"", ""act"": 0.0}, {""tk"": ""Carolina"", ""act"": 0.0}, {""tk"": ""USA"", ""act"": 0.0}, {""tk"": ""is"", ""act"": 0.0}, {""tk"": ""Charleston"", ""act"": 0.0}, {""tk"": ""The"", ""act"": 0.0}, {""tk"": ""capital"", ""act"": 0.0}, {""tk"": ""of"", ""act"": 0.0}, {""tk"": ""Columbia"", ""act"": 0.0}, {""tk"": ""state"", ""act"": 0.0}, {""tk"": ""attribute"", ""act"": 0.0}, {""tk"": ""serving"", ""act"": 0.0}, {""tk"": ""government"", ""act"": 0.0}, {""tk"": ""located"", ""act"": 0.0}, {""tk"": ""containing"", ""act"": 0.0}]"
0_91553,0,91553,relationship: the state in which a city is located is the state containing,<bos>,0,0.9048857688903807,0.9333333333333332,semantic,"[{""token"": ""<bos>"", ""index"": 0, ""distance"": 0, ""direction"": ""self""}]",n/a,Semantic,Dictionary (fallback),0.9,False,,Semantic (unknown),"[{""tk"": ""city"", ""act"": 0.0}, {""tk"": ""Carolina"", ""act"": 0.0}, {""tk"": ""USA"", ""act"": 0.0}, {""tk"": ""is"", ""act"": 0.0}, {""tk"": ""Charleston"", ""act"": 0.0}, {""tk"": ""The"", ""act"": 0.0}, {""tk"": ""capital"", ""act"": 0.0}, {""tk"": ""of"", ""act"": 0.0}, {""tk"": ""Columbia"", ""act"": 0.0}, {""tk"": ""state"", ""act"": 0.0}, {""tk"": ""attribute"", ""act"": 0.0}, {""tk"": ""serving"", ""act"": 0.0}, {""tk"": ""government"", ""act"": 0.0}, {""tk"": ""located"", ""act"": 0.0}, {""tk"": ""containing"", ""act"": 0.0}]"
0_76137,0,76137,relationship: the state in which a city is located is the state containing,<bos>,0,0.7109103202819824,0.9333333333333336,semantic,"[{""token"": ""<bos>"", ""index"": 0, ""distance"": 0, ""direction"": ""self""}]",n/a,Semantic,Dictionary,1.0,False,,Carolina,"[{""tk"": ""Carolina"", ""act"": 11.089876174926758}, {""tk"": ""USA"", ""act"": 4.346536159515381}, {""tk"": ""Charleston"", ""act"": 2.794321060180664}, {""tk"": ""Columbia"", ""act"": 2.7789368629455566}, {""tk"": ""city"", ""act"": 0.0}, {""tk"": ""is"", ""act"": 0.0}, {""tk"": ""The"", ""act"": 0.0}, {""tk"": ""capital"", ""act"": 0.0}, {""tk"": ""of"", ""act"": 0.0}, {""tk"": ""state"", ""act"": 0.0}, {""tk"": ""attribute"", ""act"": 0.0}, {""tk"": ""serving"", ""act"": 0.0}, {""tk"": ""government"", ""act"": 0.0}, {""tk"": ""located"", ""act"": 0.0}, {""tk"": ""containing"", ""act"": 0.0}]"
0_5474,0,5474,relationship: the state in which a city is located is the state containing,<bos>,0,0.0,0.0,semantic,"[{""token"": ""<bos>"", ""index"": 0, ""distance"": 0, ""direction"": ""self""}]",n/a,Semantic,Dictionary,1.0,False,,Charleston,"[{""tk"": ""Charleston"", ""act"": 8.963798522949219}, {""tk"": ""city"", ""act"": 0.0}, {""tk"": ""Carolina"", ""act"": 0.0}, {""tk"": ""USA"", ""act"": 0.0}, {""tk"": ""is"", ""act"": 0.0}, {""tk"": ""The"", ""act"": 0.0}, {""tk"": ""capital"", ""act"": 0.0}, {""tk"": ""of"", ""act"": 0.0}, {""tk"": ""Columbia"", ""act"": 0.0}, {""tk"": ""state"", ""act"": 0.0}, {""tk"": ""attribute"", ""act"": 0.0}, {""tk"": ""serving"", ""act"": 0.0}, {""tk"": ""government"", ""act"": 0.0}, {""tk"": ""located"", ""act"": 0.0}, {""tk"": ""containing"", ""act"": 0.0}]"
0_6264,0,6264,relationship: the state in which a city is located is the state containing,<bos>,0,0.0,0.0,semantic,"[{""token"": ""<bos>"", ""index"": 0, ""distance"": 0, ""direction"": ""self""}]",n/a,Semantic,Dictionary,1.0,False,,capital,"[{""tk"": ""capital"", ""act"": 9.430625915527344}, {""tk"": ""city"", ""act"": 0.0}, {""tk"": ""Carolina"", ""act"": 0.0}, {""tk"": ""USA"", ""act"": 0.0}, {""tk"": ""is"", ""act"": 0.0}, {""tk"": ""Charleston"", ""act"": 0.0}, {""tk"": ""The"", ""act"": 0.0}, {""tk"": ""of"", ""act"": 0.0}, {""tk"": ""Columbia"", ""act"": 0.0}, {""tk"": ""state"", ""act"": 0.0}, {""tk"": ""attribute"", ""act"": 0.0}, {""tk"": ""serving"", ""act"": 0.0}, {""tk"": ""government"", ""act"": 0.0}, {""tk"": ""located"", ""act"": 0.0}, {""tk"": ""containing"", ""act"": 0.0}]"
0_14810,0,14810,relationship: the state in which a city is located is the state containing,<bos>,0,0.0,0.0,semantic,"[{""token"": ""<bos>"", ""index"": 0, ""distance"": 0, ""direction"": ""self""}]",n/a,Semantic,Dictionary,1.0,False,,of,"[{""tk"": ""of"", ""act"": 17.059555053710938}, {""tk"": ""city"", ""act"": 0.0}, {""tk"": ""Carolina"", ""act"": 0.0}, {""tk"": ""USA"", ""act"": 0.0}, {""tk"": ""is"", ""act"": 0.0}, {""tk"": ""Charleston"", ""act"": 0.0}, {""tk"": ""The"", ""act"": 0.0}, {""tk"": ""capital"", ""act"": 0.0}, {""tk"": ""Columbia"", ""act"": 0.0}, {""tk"": ""state"", ""act"": 0.0}, {""tk"": ""attribute"", ""act"": 0.0}, {""tk"": ""serving"", ""act"": 0.0}, {""tk"": ""government"", ""act"": 0.0}, {""tk"": ""located"", ""act"": 0.0}, {""tk"": ""containing"", ""act"": 0.0}]"
0_15430,0,15430,relationship: the state in which a city is located is the state containing,<bos>,0,0.0,0.0,semantic,"[{""token"": ""<bos>"", ""index"": 0, ""distance"": 0, ""direction"": ""self""}]",n/a,Semantic,Dictionary,1.0,False,,capital,"[{""tk"": ""capital"", ""act"": 8.16793155670166}, {""tk"": ""city"", ""act"": 0.0}, {""tk"": ""Carolina"", ""act"": 0.0}, {""tk"": ""USA"", ""act"": 0.0}, {""tk"": ""is"", ""act"": 0.0}, {""tk"": ""Charleston"", ""act"": 0.0}, {""tk"": ""The"", ""act"": 0.0}, {""tk"": ""of"", ""act"": 0.0}, {""tk"": ""Columbia"", ""act"": 0.0}, {""tk"": ""state"", ""act"": 0.0}, {""tk"": ""attribute"", ""act"": 0.0}, {""tk"": ""serving"", ""act"": 0.0}, {""tk"": ""government"", ""act"": 0.0}, {""tk"": ""located"", ""act"": 0.0}, {""tk"": ""containing"", ""act"": 0.0}]"
0_15646,0,15646,relationship: the state in which a city is located is the state containing,<bos>,0,0.0,0.0,semantic,"[{""token"": ""<bos>"", ""index"": 0, ""distance"": 0, ""direction"": ""self""}]",n/a,Semantic,Dictionary,1.0,False,,Charleston,"[{""tk"": ""Charleston"", ""act"": 8.773160934448242}, {""tk"": ""city"", ""act"": 0.0}, {""tk"": ""Carolina"", ""act"": 0.0}, {""tk"": ""USA"", ""act"": 0.0}, {""tk"": ""is"", ""act"": 0.0}, {""tk"": ""The"", ""act"": 0.0}, {""tk"": ""capital"", ""act"": 0.0}, {""tk"": ""of"", ""act"": 0.0}, {""tk"": ""Columbia"", ""act"": 0.0}, {""tk"": ""state"", ""act"": 0.0}, {""tk"": ""attribute"", ""act"": 0.0}, {""tk"": ""serving"", ""act"": 0.0}, {""tk"": ""government"", ""act"": 0.0}, {""tk"": ""located"", ""act"": 0.0}, {""tk"": ""containing"", ""act"": 0.0}]"
0_21660,0,21660,relationship: the state in which a city is located is the state containing,<bos>,0,0.0,0.0,semantic,"[{""token"": ""<bos>"", ""index"": 0, ""distance"": 0, ""direction"": ""self""}]",n/a,Semantic,Dictionary,1.0,False,,Charleston,"[{""tk"": ""Charleston"", ""act"": 13.0342435836792}, {""tk"": ""city"", ""act"": 0.0}, {""tk"": ""Carolina"", ""act"": 0.0}, {""tk"": ""USA"", ""act"": 0.0}, {""tk"": ""is"", ""act"": 0.0}, {""tk"": ""The"", ""act"": 0.0}, {""tk"": ""capital"", ""act"": 0.0}, {""tk"": ""of"", ""act"": 0.0}, {""tk"": ""Columbia"", ""act"": 0.0}, {""tk"": ""state"", ""act"": 0.0}, {""tk"": ""attribute"", ""act"": 0.0}, {""tk"": ""serving"", ""act"": 0.0}, {""tk"": ""government"", ""act"": 0.0}, {""tk"": ""located"", ""act"": 0.0}, {""tk"": ""containing"", ""act"": 0.0}]"
0_23293,0,23293,relationship: the state in which a city is located is the state containing,<bos>,0,0.0,0.0,semantic,"[{""token"": ""<bos>"", ""index"": 0, ""distance"": 0, ""direction"": ""self""}]",n/a,Semantic,Dictionary,1.0,False,,capital,"[{""tk"": ""capital"", ""act"": 12.355522155761719}, {""tk"": ""city"", ""act"": 0.0}, {""tk"": ""Carolina"", ""act"": 0.0}, {""tk"": ""USA"", ""act"": 0.0}, {""tk"": ""is"", ""act"": 0.0}, {""tk"": ""Charleston"", ""act"": 0.0}, {""tk"": ""The"", ""act"": 0.0}, {""tk"": ""of"", ""act"": 0.0}, {""tk"": ""Columbia"", ""act"": 0.0}, {""tk"": ""state"", ""act"": 0.0}, {""tk"": ""attribute"", ""act"": 0.0}, {""tk"": ""serving"", ""act"": 0.0}, {""tk"": ""government"", ""act"": 0.0}, {""tk"": ""located"", ""act"": 0.0}, {""tk"": ""containing"", ""act"": 0.0}]"
0_23477,0,23477,relationship: the state in which a city is located is the state containing,<bos>,0,0.0,0.0,semantic,"[{""token"": ""<bos>"", ""index"": 0, ""distance"": 0, ""direction"": ""self""}]",n/a,Relationship,,1.0,False,,(city) related,"[{""tk"": ""city"", ""act"": 0.0}, {""tk"": ""Carolina"", ""act"": 0.0}, {""tk"": ""USA"", ""act"": 0.0}, {""tk"": ""is"", ""act"": 0.0}, {""tk"": ""Charleston"", ""act"": 0.0}, {""tk"": ""The"", ""act"": 0.0}, {""tk"": ""capital"", ""act"": 0.0}, {""tk"": ""of"", ""act"": 0.0}, {""tk"": ""Columbia"", ""act"": 0.0}, {""tk"": ""state"", ""act"": 0.0}, {""tk"": ""attribute"", ""act"": 0.0}, {""tk"": ""serving"", ""act"": 0.0}, {""tk"": ""government"", ""act"": 0.0}, {""tk"": ""located"", ""act"": 0.0}, {""tk"": ""containing"", ""act"": 0.0}]"
0_24438,0,24438,relationship: the state in which a city is located is the state containing,<bos>,0,0.0,0.0,semantic,"[{""token"": ""<bos>"", ""index"": 0, ""distance"": 0, ""direction"": ""self""}]",n/a,Relationship,,1.0,False,,(city) related,"[{""tk"": ""city"", ""act"": 0.0}, {""tk"": ""Carolina"", ""act"": 0.0}, {""tk"": ""USA"", ""act"": 0.0}, {""tk"": ""is"", ""act"": 0.0}, {""tk"": ""Charleston"", ""act"": 0.0}, {""tk"": ""The"", ""act"": 0.0}, {""tk"": ""capital"", ""act"": 0.0}, {""tk"": ""of"", ""act"": 0.0}, {""tk"": ""Columbia"", ""act"": 0.0}, {""tk"": ""state"", ""act"": 0.0}, {""tk"": ""attribute"", ""act"": 0.0}, {""tk"": ""serving"", ""act"": 0.0}, {""tk"": ""government"", ""act"": 0.0}, {""tk"": ""located"", ""act"": 0.0}, {""tk"": ""containing"", ""act"": 0.0}]"
0_31953,0,31953,relationship: the state in which a city is located is the state containing,<bos>,0,0.0,0.0,semantic,"[{""token"": ""<bos>"", ""index"": 0, ""distance"": 0, ""direction"": ""self""}]",n/a,Semantic,Dictionary,1.0,False,,capital,"[{""tk"": ""capital"", ""act"": 5.960221767425537}, {""tk"": ""city"", ""act"": 0.0}, {""tk"": ""Carolina"", ""act"": 0.0}, {""tk"": ""USA"", ""act"": 0.0}, {""tk"": ""is"", ""act"": 0.0}, {""tk"": ""Charleston"", ""act"": 0.0}, {""tk"": ""The"", ""act"": 0.0}, {""tk"": ""of"", ""act"": 0.0}, {""tk"": ""Columbia"", ""act"": 0.0}, {""tk"": ""state"", ""act"": 0.0}, {""tk"": ""attribute"", ""act"": 0.0}, {""tk"": ""serving"", ""act"": 0.0}, {""tk"": ""government"", ""act"": 0.0}, {""tk"": ""located"", ""act"": 0.0}, {""tk"": ""containing"", ""act"": 0.0}]"
0_35496,0,35496,relationship: the state in which a city is located is the state containing,<bos>,0,0.0,0.0,semantic,"[{""token"": ""<bos>"", ""index"": 0, ""distance"": 0, ""direction"": ""self""}]",n/a,Semantic,Dictionary,1.0,False,,Charleston,"[{""tk"": ""Charleston"", ""act"": 5.930936813354492}, {""tk"": ""city"", ""act"": 0.0}, {""tk"": ""Carolina"", ""act"": 0.0}, {""tk"": ""USA"", ""act"": 0.0}, {""tk"": ""is"", ""act"": 0.0}, {""tk"": ""The"", ""act"": 0.0}, {""tk"": ""capital"", ""act"": 0.0}, {""tk"": ""of"", ""act"": 0.0}, {""tk"": ""Columbia"", ""act"": 0.0}, {""tk"": ""state"", ""act"": 0.0}, {""tk"": ""attribute"", ""act"": 0.0}, {""tk"": ""serving"", ""act"": 0.0}, {""tk"": ""government"", ""act"": 0.0}, {""tk"": ""located"", ""act"": 0.0}, {""tk"": ""containing"", ""act"": 0.0}]"
0_37416,0,37416,relationship: the state in which a city is located is the state containing,<bos>,0,0.0,0.0,semantic,"[{""token"": ""<bos>"", ""index"": 0, ""distance"": 0, ""direction"": ""self""}]",n/a,Semantic,Dictionary,1.0,False,,capital,"[{""tk"": ""capital"", ""act"": 12.284197807312012}, {""tk"": ""city"", ""act"": 0.0}, {""tk"": ""Carolina"", ""act"": 0.0}, {""tk"": ""USA"", ""act"": 0.0}, {""tk"": ""is"", ""act"": 0.0}, {""tk"": ""Charleston"", ""act"": 0.0}, {""tk"": ""The"", ""act"": 0.0}, {""tk"": ""of"", ""act"": 0.0}, {""tk"": ""Columbia"", ""act"": 0.0}, {""tk"": ""state"", ""act"": 0.0}, {""tk"": ""attribute"", ""act"": 0.0}, {""tk"": ""serving"", ""act"": 0.0}, {""tk"": ""government"", ""act"": 0.0}, {""tk"": ""located"", ""act"": 0.0}, {""tk"": ""containing"", ""act"": 0.0}]"
0_41589,0,41589,relationship: the state in which a city is located is the state containing,<bos>,0,0.0,0.0,semantic,"[{""token"": ""<bos>"", ""index"": 0, ""distance"": 0, ""direction"": ""self""}]",n/a,Semantic,Dictionary,1.0,False,,capital,"[{""tk"": ""capital"", ""act"": 7.369453430175781}, {""tk"": ""city"", ""act"": 0.0}, {""tk"": ""Carolina"", ""act"": 0.0}, {""tk"": ""USA"", ""act"": 0.0}, {""tk"": ""is"", ""act"": 0.0}, {""tk"": ""Charleston"", ""act"": 0.0}, {""tk"": ""The"", ""act"": 0.0}, {""tk"": ""of"", ""act"": 0.0}, {""tk"": ""Columbia"", ""act"": 0.0}, {""tk"": ""state"", ""act"": 0.0}, {""tk"": ""attribute"", ""act"": 0.0}, {""tk"": ""serving"", ""act"": 0.0}, {""tk"": ""government"", ""act"": 0.0}, {""tk"": ""located"", ""act"": 0.0}, {""tk"": ""containing"", ""act"": 0.0}]"
0_43624,0,43624,relationship: the state in which a city is located is the state containing,<bos>,0,0.0,0.0,semantic,"[{""token"": ""<bos>"", ""index"": 0, ""distance"": 0, ""direction"": ""self""}]",n/a,Semantic,Dictionary,1.0,False,,capital,"[{""tk"": ""capital"", ""act"": 10.143529891967773}, {""tk"": ""city"", ""act"": 0.0}, {""tk"": ""Carolina"", ""act"": 0.0}, {""tk"": ""USA"", ""act"": 0.0}, {""tk"": ""is"", ""act"": 0.0}, {""tk"": ""Charleston"", ""act"": 0.0}, {""tk"": ""The"", ""act"": 0.0}, {""tk"": ""of"", ""act"": 0.0}, {""tk"": ""Columbia"", ""act"": 0.0}, {""tk"": ""state"", ""act"": 0.0}, {""tk"": ""attribute"", ""act"": 0.0}, {""tk"": ""serving"", ""act"": 0.0}, {""tk"": ""government"", ""act"": 0.0}, {""tk"": ""located"", ""act"": 0.0}, {""tk"": ""containing"", ""act"": 0.0}]"
0_46676,0,46676,relationship: the state in which a city is located is the state containing,<bos>,0,0.0,0.0,semantic,"[{""token"": ""<bos>"", ""index"": 0, ""distance"": 0, ""direction"": ""self""}]",n/a,Semantic,Dictionary,1.0,False,,Charleston,"[{""tk"": ""Charleston"", ""act"": 11.343507766723633}, {""tk"": ""city"", ""act"": 0.0}, {""tk"": ""Carolina"", ""act"": 0.0}, {""tk"": ""USA"", ""act"": 0.0}, {""tk"": ""is"", ""act"": 0.0}, {""tk"": ""The"", ""act"": 0.0}, {""tk"": ""capital"", ""act"": 0.0}, {""tk"": ""of"", ""act"": 0.0}, {""tk"": ""Columbia"", ""act"": 0.0}, {""tk"": ""state"", ""act"": 0.0}, {""tk"": ""attribute"", ""act"": 0.0}, {""tk"": ""serving"", ""act"": 0.0}, {""tk"": ""government"", ""act"": 0.0}, {""tk"": ""located"", ""act"": 0.0}, {""tk"": ""containing"", ""act"": 0.0}]"
0_49298,0,49298,relationship: the state in which a city is located is the state containing,<bos>,0,0.0,0.0,semantic,"[{""token"": ""<bos>"", ""index"": 0, ""distance"": 0, ""direction"": ""self""}]",n/a,Semantic,Dictionary,1.0,False,,Charleston,"[{""tk"": ""Charleston"", ""act"": 9.830625534057617}, {""tk"": ""city"", ""act"": 0.0}, {""tk"": ""Carolina"", ""act"": 0.0}, {""tk"": ""USA"", ""act"": 0.0}, {""tk"": ""is"", ""act"": 0.0}, {""tk"": ""The"", ""act"": 0.0}, {""tk"": ""capital"", ""act"": 0.0}, {""tk"": ""of"", ""act"": 0.0}, {""tk"": ""Columbia"", ""act"": 0.0}, {""tk"": ""state"", ""act"": 0.0}, {""tk"": ""attribute"", ""act"": 0.0}, {""tk"": ""serving"", ""act"": 0.0}, {""tk"": ""government"", ""act"": 0.0}, {""tk"": ""located"", ""act"": 0.0}, {""tk"": ""containing"", ""act"": 0.0}]"
0_53491,0,53491,relationship: the state in which a city is located is the state containing,<bos>,0,0.0,0.0,semantic,"[{""token"": ""<bos>"", ""index"": 0, ""distance"": 0, ""direction"": ""self""}]",n/a,Semantic,Dictionary,1.0,False,,capital,"[{""tk"": ""capital"", ""act"": 16.344919204711914}, {""tk"": ""city"", ""act"": 0.0}, {""tk"": ""Carolina"", ""act"": 0.0}, {""tk"": ""USA"", ""act"": 0.0}, {""tk"": ""is"", ""act"": 0.0}, {""tk"": ""Charleston"", ""act"": 0.0}, {""tk"": ""The"", ""act"": 0.0}, {""tk"": ""of"", ""act"": 0.0}, {""tk"": ""Columbia"", ""act"": 0.0}, {""tk"": ""state"", ""act"": 0.0}, {""tk"": ""attribute"", ""act"": 0.0}, {""tk"": ""serving"", ""act"": 0.0}, {""tk"": ""government"", ""act"": 0.0}, {""tk"": ""located"", ""act"": 0.0}, {""tk"": ""containing"", ""act"": 0.0}]"
0_53531,0,53531,relationship: the state in which a city is located is the state containing,<bos>,0,0.0,0.0,semantic,"[{""token"": ""<bos>"", ""index"": 0, ""distance"": 0, ""direction"": ""self""}]",n/a,Semantic,Dictionary,1.0,False,,capital,"[{""tk"": ""capital"", ""act"": 8.328258514404297}, {""tk"": ""city"", ""act"": 0.0}, {""tk"": ""Carolina"", ""act"": 0.0}, {""tk"": ""USA"", ""act"": 0.0}, {""tk"": ""is"", ""act"": 0.0}, {""tk"": ""Charleston"", ""act"": 0.0}, {""tk"": ""The"", ""act"": 0.0}, {""tk"": ""of"", ""act"": 0.0}, {""tk"": ""Columbia"", ""act"": 0.0}, {""tk"": ""state"", ""act"": 0.0}, {""tk"": ""attribute"", ""act"": 0.0}, {""tk"": ""serving"", ""act"": 0.0}, {""tk"": ""government"", ""act"": 0.0}, {""tk"": ""located"", ""act"": 0.0}, {""tk"": ""containing"", ""act"": 0.0}]"
0_54572,0,54572,relationship: the state in which a city is located is the state containing,<bos>,0,0.0,0.0,semantic,"[{""token"": ""<bos>"", ""index"": 0, ""distance"": 0, ""direction"": ""self""}]",n/a,Semantic,Dictionary (fallback),0.9,False,,The,"[{""tk"": ""The"", ""act"": 30.514068603515625}, {""tk"": ""city"", ""act"": 0.0}, {""tk"": ""Carolina"", ""act"": 0.0}, {""tk"": ""USA"", ""act"": 0.0}, {""tk"": ""is"", ""act"": 0.0}, {""tk"": ""Charleston"", ""act"": 0.0}, {""tk"": ""capital"", ""act"": 0.0}, {""tk"": ""of"", ""act"": 0.0}, {""tk"": ""Columbia"", ""act"": 0.0}, {""tk"": ""state"", ""act"": 0.0}, {""tk"": ""attribute"", ""act"": 0.0}, {""tk"": ""serving"", ""act"": 0.0}, {""tk"": ""government"", ""act"": 0.0}, {""tk"": ""located"", ""act"": 0.0}, {""tk"": ""containing"", ""act"": 0.0}]"
0_58027,0,58027,relationship: the state in which a city is located is the state containing,<bos>,0,0.0,0.0,semantic,"[{""token"": ""<bos>"", ""index"": 0, ""distance"": 0, ""direction"": ""self""}]",n/a,Semantic,Dictionary,1.0,False,,Charleston,"[{""tk"": ""Charleston"", ""act"": 11.387641906738281}, {""tk"": ""city"", ""act"": 0.0}, {""tk"": ""Carolina"", ""act"": 0.0}, {""tk"": ""USA"", ""act"": 0.0}, {""tk"": ""is"", ""act"": 0.0}, {""tk"": ""The"", ""act"": 0.0}, {""tk"": ""capital"", ""act"": 0.0}, {""tk"": ""of"", ""act"": 0.0}, {""tk"": ""Columbia"", ""act"": 0.0}, {""tk"": ""state"", ""act"": 0.0}, {""tk"": ""attribute"", ""act"": 0.0}, {""tk"": ""serving"", ""act"": 0.0}, {""tk"": ""government"", ""act"": 0.0}, {""tk"": ""located"", ""act"": 0.0}, {""tk"": ""containing"", ""act"": 0.0}]"
0_62872,0,62872,relationship: the state in which a city is located is the state containing,<bos>,0,0.0,0.0,semantic,"[{""token"": ""<bos>"", ""index"": 0, ""distance"": 0, ""direction"": ""self""}]",n/a,Relationship,,1.0,False,,(city) related,"[{""tk"": ""city"", ""act"": 0.0}, {""tk"": ""Carolina"", ""act"": 0.0}, {""tk"": ""USA"", ""act"": 0.0}, {""tk"": ""is"", ""act"": 0.0}, {""tk"": ""Charleston"", ""act"": 0.0}, {""tk"": ""The"", ""act"": 0.0}, {""tk"": ""capital"", ""act"": 0.0}, {""tk"": ""of"", ""act"": 0.0}, {""tk"": ""Columbia"", ""act"": 0.0}, {""tk"": ""state"", ""act"": 0.0}, {""tk"": ""attribute"", ""act"": 0.0}, {""tk"": ""serving"", ""act"": 0.0}, {""tk"": ""government"", ""act"": 0.0}, {""tk"": ""located"", ""act"": 0.0}, {""tk"": ""containing"", ""act"": 0.0}]"
0_63548,0,63548,relationship: the state in which a city is located is the state containing,<bos>,0,0.0,0.0,semantic,"[{""token"": ""<bos>"", ""index"": 0, ""distance"": 0, ""direction"": ""self""}]",n/a,Semantic,Dictionary,1.0,False,,capital,"[{""tk"": ""capital"", ""act"": 9.130105972290039}, {""tk"": ""city"", ""act"": 0.0}, {""tk"": ""Carolina"", ""act"": 0.0}, {""tk"": ""USA"", ""act"": 0.0}, {""tk"": ""is"", ""act"": 0.0}, {""tk"": ""Charleston"", ""act"": 0.0}, {""tk"": ""The"", ""act"": 0.0}, {""tk"": ""of"", ""act"": 0.0}, {""tk"": ""Columbia"", ""act"": 0.0}, {""tk"": ""state"", ""act"": 0.0}, {""tk"": ""attribute"", ""act"": 0.0}, {""tk"": ""serving"", ""act"": 0.0}, {""tk"": ""government"", ""act"": 0.0}, {""tk"": ""located"", ""act"": 0.0}, {""tk"": ""containing"", ""act"": 0.0}]"
0_68367,0,68367,relationship: the state in which a city is located is the state containing,<bos>,0,0.0,0.0,semantic,"[{""token"": ""<bos>"", ""index"": 0, ""distance"": 0, ""direction"": ""self""}]",n/a,Semantic,Dictionary,1.0,False,,Charleston,"[{""tk"": ""Charleston"", ""act"": 9.428169250488281}, {""tk"": ""city"", ""act"": 0.0}, {""tk"": ""Carolina"", ""act"": 0.0}, {""tk"": ""USA"", ""act"": 0.0}, {""tk"": ""is"", ""act"": 0.0}, {""tk"": ""The"", ""act"": 0.0}, {""tk"": ""capital"", ""act"": 0.0}, {""tk"": ""of"", ""act"": 0.0}, {""tk"": ""Columbia"", ""act"": 0.0}, {""tk"": ""state"", ""act"": 0.0}, {""tk"": ""attribute"", ""act"": 0.0}, {""tk"": ""serving"", ""act"": 0.0}, {""tk"": ""government"", ""act"": 0.0}, {""tk"": ""located"", ""act"": 0.0}, {""tk"": ""containing"", ""act"": 0.0}]"
0_68987,0,68987,relationship: the state in which a city is located is the state containing,<bos>,0,0.0,0.0,semantic,"[{""token"": ""<bos>"", ""index"": 0, ""distance"": 0, ""direction"": ""self""}]",n/a,Semantic,Dictionary,1.0,False,,capital,"[{""tk"": ""capital"", ""act"": 9.928791046142578}, {""tk"": ""city"", ""act"": 0.0}, {""tk"": ""Carolina"", ""act"": 0.0}, {""tk"": ""USA"", ""act"": 0.0}, {""tk"": ""is"", ""act"": 0.0}, {""tk"": ""Charleston"", ""act"": 0.0}, {""tk"": ""The"", ""act"": 0.0}, {""tk"": ""of"", ""act"": 0.0}, {""tk"": ""Columbia"", ""act"": 0.0}, {""tk"": ""state"", ""act"": 0.0}, {""tk"": ""attribute"", ""act"": 0.0}, {""tk"": ""serving"", ""act"": 0.0}, {""tk"": ""government"", ""act"": 0.0}, {""tk"": ""located"", ""act"": 0.0}, {""tk"": ""containing"", ""act"": 0.0}]"
0_73514,0,73514,relationship: the state in which a city is located is the state containing,<bos>,0,0.0,0.0,semantic,"[{""token"": ""<bos>"", ""index"": 0, ""distance"": 0, ""direction"": ""self""}]",n/a,Relationship,,1.0,False,,(city) related,"[{""tk"": ""city"", ""act"": 0.0}, {""tk"": ""Carolina"", ""act"": 0.0}, {""tk"": ""USA"", ""act"": 0.0}, {""tk"": ""is"", ""act"": 0.0}, {""tk"": ""Charleston"", ""act"": 0.0}, {""tk"": ""The"", ""act"": 0.0}, {""tk"": ""capital"", ""act"": 0.0}, {""tk"": ""of"", ""act"": 0.0}, {""tk"": ""Columbia"", ""act"": 0.0}, {""tk"": ""state"", ""act"": 0.0}, {""tk"": ""attribute"", ""act"": 0.0}, {""tk"": ""serving"", ""act"": 0.0}, {""tk"": ""government"", ""act"": 0.0}, {""tk"": ""located"", ""act"": 0.0}, {""tk"": ""containing"", ""act"": 0.0}]"
0_96776,0,96776,relationship: the state in which a city is located is the state containing,<bos>,0,0.0,0.0,semantic,"[{""token"": ""<bos>"", ""index"": 0, ""distance"": 0, ""direction"": ""self""}]",n/a,Semantic,Dictionary,1.0,False,,Charleston,"[{""tk"": ""Charleston"", ""act"": 8.00781536102295}, {""tk"": ""city"", ""act"": 0.0}, {""tk"": ""Carolina"", ""act"": 0.0}, {""tk"": ""USA"", ""act"": 0.0}, {""tk"": ""is"", ""act"": 0.0}, {""tk"": ""The"", ""act"": 0.0}, {""tk"": ""capital"", ""act"": 0.0}, {""tk"": ""of"", ""act"": 0.0}, {""tk"": ""Columbia"", ""act"": 0.0}, {""tk"": ""state"", ""act"": 0.0}, {""tk"": ""attribute"", ""act"": 0.0}, {""tk"": ""serving"", ""act"": 0.0}, {""tk"": ""government"", ""act"": 0.0}, {""tk"": ""located"", ""act"": 0.0}, {""tk"": ""containing"", ""act"": 0.0}]"
1_12928,1,12928,relationship: the state in which a city is located is the state containing,<bos>,0,424.16802978515625,0.7500396019762761,semantic,"[{""token"": ""<bos>"", ""index"": 0, ""distance"": 0, ""direction"": ""self""}]",n/a,Semantic,Dictionary (fallback),0.9,False,,Semantic (unknown),"[{""tk"": ""attribute"", ""act"": 116.61937713623047}, {""tk"": ""city"", ""act"": 102.33412170410156}, {""tk"": ""Columbia"", ""act"": 99.24443054199219}, {""tk"": ""Carolina"", ""act"": 94.60506439208984}, {""tk"": ""Charleston"", ""act"": 92.46700286865234}, {""tk"": ""state"", ""act"": 91.09199523925781}, {""tk"": ""is"", ""act"": 87.51624298095703}, {""tk"": ""government"", ""act"": 86.91158294677734}, {""tk"": ""the"", ""act"": 86.17095947265625}, {""tk"": ""located"", ""act"": 77.41014862060547}, {""tk"": ""USA"", ""act"": 75.30310821533203}, {""tk"": ""capital"", ""act"": 74.68241882324219}, {""tk"": ""of"", ""act"": 68.17405700683594}, {""tk"": ""serving"", ""act"": 64.7063980102539}, {""tk"": ""containing"", ""act"": 62.237648010253906}]"
1_57794,1,57794,relationship: the state in which a city is located is the state containing,<bos>,0,388.9519348144531,0.7381633041790371,semantic,"[{""token"": ""<bos>"", ""index"": 0, ""distance"": 0, ""direction"": ""self""}]",n/a,Semantic,Dictionary (fallback),0.9,False,,Semantic (unknown),"[{""tk"": ""attribute"", ""act"": 125.1230239868164}, {""tk"": ""The"", ""act"": 90.81844329833984}, {""tk"": ""is"", ""act"": 86.76908111572266}, {""tk"": ""state"", ""act"": 85.2448959350586}, {""tk"": ""of"", ""act"": 81.49526977539062}, {""tk"": ""serving"", ""act"": 81.41454315185547}, {""tk"": ""Charleston"", ""act"": 80.3638687133789}, {""tk"": ""USA"", ""act"": 79.97205352783203}, {""tk"": ""city"", ""act"": 78.5748291015625}, {""tk"": ""government"", ""act"": 78.36383819580078}, {""tk"": ""capital"", ""act"": 77.23419952392578}, {""tk"": ""located"", ""act"": 75.95323944091797}, {""tk"": ""Carolina"", ""act"": 75.86783599853516}, {""tk"": ""containing"", ""act"": 74.69670104980469}, {""tk"": ""Columbia"", ""act"": 71.81240844726562}]"
1_52044,1,52044,relationship: the state in which a city is located is the state containing, containing,14,125.91358184814452,0.3663079238479912,semantic,"[{""token"": "" containing"", ""index"": 14, ""distance"": 0, ""direction"": ""self""}]",n/a,Relationship,,1.0,False,,(containing) related,"[{""tk"": ""containing"", ""act"": 125.91358184814453}, {""tk"": ""capital"", ""act"": 118.56844329833984}, {""tk"": ""located"", ""act"": 115.86267852783203}, {""tk"": ""city"", ""act"": 112.72059631347656}, {""tk"": ""state"", ""act"": 110.67672729492188}, {""tk"": ""serving"", ""act"": 106.8580551147461}, {""tk"": ""USA"", ""act"": 103.16213989257812}, {""tk"": ""is"", ""act"": 96.33961486816406}, {""tk"": ""government"", ""act"": 92.29335021972656}, {""tk"": ""The"", ""act"": 81.9691162109375}, {""tk"": ""Carolina"", ""act"": 80.77632141113281}, {""tk"": ""of"", ""act"": 75.42842864990234}, {""tk"": ""Charleston"", ""act"": 67.51875305175781}, {""tk"": ""Columbia"", ""act"": 44.87030029296875}, {""tk"": ""attribute"", ""act"": 43.5494384765625}]"
1_72774,1,72774,relationship: the state in which a city is located is the state containing, containing,14,97.6826171875,0.3658285075529607,semantic,"[{""token"": "" containing"", ""index"": 14, ""distance"": 0, ""direction"": ""self""}]",n/a,Relationship,,1.0,False,,(serving) related,"[{""tk"": ""serving"", ""act"": 112.18031311035156}, {""tk"": ""capital"", ""act"": 102.21701049804688}, {""tk"": ""city"", ""act"": 98.39340209960938}, {""tk"": ""containing"", ""act"": 97.6826171875}, {""tk"": ""Columbia"", ""act"": 95.98713684082031}, {""tk"": ""state"", ""act"": 91.85028076171875}, {""tk"": ""is"", ""act"": 90.29220581054688}, {""tk"": ""Charleston"", ""act"": 87.18460083007812}, {""tk"": ""USA"", ""act"": 85.39593505859375}, {""tk"": ""government"", ""act"": 84.53697204589844}, {""tk"": ""located"", ""act"": 84.2203369140625}, {""tk"": ""the"", ""act"": 78.6541748046875}, {""tk"": ""of"", ""act"": 78.48052978515625}, {""tk"": ""Carolina"", ""act"": 64.49211120605469}, {""tk"": ""attribute"", ""act"": 23.17362403869629}]"
1_74380,1,74380,relationship: the state in which a city is located is the state containing,<bos>,0,2.384669780731201,0.9333333333333332,semantic,"[{""token"": ""<bos>"", ""index"": 0, ""distance"": 0, ""direction"": ""self""}]",n/a,Semantic,Dictionary,1.0,False,,capital,"[{""tk"": ""capital"", ""act"": 17.934070587158203}, {""tk"": ""city"", ""act"": 0.0}, {""tk"": ""Carolina"", ""act"": 0.0}, {""tk"": ""USA"", ""act"": 0.0}, {""tk"": ""is"", ""act"": 0.0}, {""tk"": ""Charleston"", ""act"": 0.0}, {""tk"": ""The"", ""act"": 0.0}, {""tk"": ""of"", ""act"": 0.0}, {""tk"": ""Columbia"", ""act"": 0.0}, {""tk"": ""state"", ""act"": 0.0}, {""tk"": ""attribute"", ""act"": 0.0}, {""tk"": ""serving"", ""act"": 0.0}, {""tk"": ""government"", ""act"": 0.0}, {""tk"": ""located"", ""act"": 0.0}, {""tk"": ""containing"", ""act"": 0.0}]"
1_41482,1,41482,relationship: the state in which a city is located is the state containing,<bos>,0,0.0,0.0,semantic,"[{""token"": ""<bos>"", ""index"": 0, ""distance"": 0, ""direction"": ""self""}]",n/a,Semantic,Dictionary,1.0,False,,Charleston,"[{""tk"": ""Charleston"", ""act"": 15.813238143920898}, {""tk"": ""city"", ""act"": 0.0}, {""tk"": ""Carolina"", ""act"": 0.0}, {""tk"": ""USA"", ""act"": 0.0}, {""tk"": ""is"", ""act"": 0.0}, {""tk"": ""The"", ""act"": 0.0}, {""tk"": ""capital"", ""act"": 0.0}, {""tk"": ""of"", ""act"": 0.0}, {""tk"": ""Columbia"", ""act"": 0.0}, {""tk"": ""state"", ""act"": 0.0}, {""tk"": ""attribute"", ""act"": 0.0}, {""tk"": ""serving"", ""act"": 0.0}, {""tk"": ""government"", ""act"": 0.0}, {""tk"": ""located"", ""act"": 0.0}, {""tk"": ""containing"", ""act"": 0.0}]"
1_64129,1,64129,relationship: the state in which a city is located is the state containing,<bos>,0,0.0,0.0,semantic,"[{""token"": ""<bos>"", ""index"": 0, ""distance"": 0, ""direction"": ""self""}]",n/a,Relationship,,1.0,False,,(city) related,"[{""tk"": ""city"", ""act"": 0.0}, {""tk"": ""Carolina"", ""act"": 0.0}, {""tk"": ""USA"", ""act"": 0.0}, {""tk"": ""is"", ""act"": 0.0}, {""tk"": ""Charleston"", ""act"": 0.0}, {""tk"": ""The"", ""act"": 0.0}, {""tk"": ""capital"", ""act"": 0.0}, {""tk"": ""of"", ""act"": 0.0}, {""tk"": ""Columbia"", ""act"": 0.0}, {""tk"": ""state"", ""act"": 0.0}, {""tk"": ""attribute"", ""act"": 0.0}, {""tk"": ""serving"", ""act"": 0.0}, {""tk"": ""government"", ""act"": 0.0}, {""tk"": ""located"", ""act"": 0.0}, {""tk"": ""containing"", ""act"": 0.0}]"
1_85217,1,85217,relationship: the state in which a city is located is the state containing,<bos>,0,0.0,0.0,semantic,"[{""token"": ""<bos>"", ""index"": 0, ""distance"": 0, ""direction"": ""self""}]",n/a,Semantic,Dictionary,1.0,False,,capital,"[{""tk"": ""capital"", ""act"": 20.99380874633789}, {""tk"": ""city"", ""act"": 0.0}, {""tk"": ""Carolina"", ""act"": 0.0}, {""tk"": ""USA"", ""act"": 0.0}, {""tk"": ""is"", ""act"": 0.0}, {""tk"": ""Charleston"", ""act"": 0.0}, {""tk"": ""The"", ""act"": 0.0}, {""tk"": ""of"", ""act"": 0.0}, {""tk"": ""Columbia"", ""act"": 0.0}, {""tk"": ""state"", ""act"": 0.0}, {""tk"": ""attribute"", ""act"": 0.0}, {""tk"": ""serving"", ""act"": 0.0}, {""tk"": ""government"", ""act"": 0.0}, {""tk"": ""located"", ""act"": 0.0}, {""tk"": ""containing"", ""act"": 0.0}]"
1_92117,1,92117,relationship: the state in which a city is located is the state containing,<bos>,0,0.0,0.0,semantic,"[{""token"": ""<bos>"", ""index"": 0, ""distance"": 0, ""direction"": ""self""}]",n/a,Semantic,Dictionary (fallback),0.9,False,,is,"[{""tk"": ""is"", ""act"": 0.20768213272094727}, {""tk"": ""city"", ""act"": 0.0}, {""tk"": ""Carolina"", ""act"": 0.0}, {""tk"": ""USA"", ""act"": 0.0}, {""tk"": ""Charleston"", ""act"": 0.0}, {""tk"": ""The"", ""act"": 0.0}, {""tk"": ""capital"", ""act"": 0.0}, {""tk"": ""of"", ""act"": 0.0}, {""tk"": ""Columbia"", ""act"": 0.0}, {""tk"": ""state"", ""act"": 0.0}, {""tk"": ""attribute"", ""act"": 0.0}, {""tk"": ""serving"", ""act"": 0.0}, {""tk"": ""government"", ""act"": 0.0}, {""tk"": ""located"", ""act"": 0.0}, {""tk"": ""containing"", ""act"": 0.0}]"
2_1890,2,1890,relationship: the state in which a city is located is the state containing,<bos>,0,0.0,0.0,semantic,"[{""token"": ""<bos>"", ""index"": 0, ""distance"": 0, ""direction"": ""self""}]",n/a,Semantic,Dictionary,1.0,False,,capital,"[{""tk"": ""capital"", ""act"": 25.489017486572266}, {""tk"": ""city"", ""act"": 0.0}, {""tk"": ""Carolina"", ""act"": 0.0}, {""tk"": ""USA"", ""act"": 0.0}, {""tk"": ""is"", ""act"": 0.0}, {""tk"": ""Charleston"", ""act"": 0.0}, {""tk"": ""The"", ""act"": 0.0}, {""tk"": ""of"", ""act"": 0.0}, {""tk"": ""Columbia"", ""act"": 0.0}, {""tk"": ""state"", ""act"": 0.0}, {""tk"": ""attribute"", ""act"": 0.0}, {""tk"": ""serving"", ""act"": 0.0}, {""tk"": ""government"", ""act"": 0.0}, {""tk"": ""located"", ""act"": 0.0}, {""tk"": ""containing"", ""act"": 0.0}]"
2_4865,2,4865,relationship: the state in which a city is located is the state containing,<bos>,0,0.0,0.0,semantic,"[{""token"": ""<bos>"", ""index"": 0, ""distance"": 0, ""direction"": ""self""}]",n/a,Semantic,Dictionary,1.0,False,,capital,"[{""tk"": ""capital"", ""act"": 3.5495402812957764}, {""tk"": ""city"", ""act"": 0.0}, {""tk"": ""Carolina"", ""act"": 0.0}, {""tk"": ""USA"", ""act"": 0.0}, {""tk"": ""is"", ""act"": 0.0}, {""tk"": ""Charleston"", ""act"": 0.0}, {""tk"": ""The"", ""act"": 0.0}, {""tk"": ""of"", ""act"": 0.0}, {""tk"": ""Columbia"", ""act"": 0.0}, {""tk"": ""state"", ""act"": 0.0}, {""tk"": ""attribute"", ""act"": 0.0}, {""tk"": ""serving"", ""act"": 0.0}, {""tk"": ""government"", ""act"": 0.0}, {""tk"": ""located"", ""act"": 0.0}, {""tk"": ""containing"", ""act"": 0.0}]"
2_57996,2,57996,relationship: the state in which a city is located is the state containing,<bos>,0,0.0,0.0,semantic,"[{""token"": ""<bos>"", ""index"": 0, ""distance"": 0, ""direction"": ""self""}]",n/a,Semantic,Dictionary,1.0,False,,Charleston,"[{""tk"": ""Charleston"", ""act"": 21.63900375366211}, {""tk"": ""city"", ""act"": 0.0}, {""tk"": ""Carolina"", ""act"": 0.0}, {""tk"": ""USA"", ""act"": 0.0}, {""tk"": ""is"", ""act"": 0.0}, {""tk"": ""The"", ""act"": 0.0}, {""tk"": ""capital"", ""act"": 0.0}, {""tk"": ""of"", ""act"": 0.0}, {""tk"": ""Columbia"", ""act"": 0.0}, {""tk"": ""state"", ""act"": 0.0}, {""tk"": ""attribute"", ""act"": 0.0}, {""tk"": ""serving"", ""act"": 0.0}, {""tk"": ""government"", ""act"": 0.0}, {""tk"": ""located"", ""act"": 0.0}, {""tk"": ""containing"", ""act"": 0.0}]"
2_96724,2,96724,relationship: the state in which a city is located is the state containing,<bos>,0,0.0,0.0,semantic,"[{""token"": ""<bos>"", ""index"": 0, ""distance"": 0, ""direction"": ""self""}]",n/a,Semantic,Dictionary (fallback),0.9,False,,Charleston,"[{""tk"": ""Charleston"", ""act"": 22.84125518798828}, {""tk"": ""Columbia"", ""act"": 9.788034439086914}, {""tk"": ""city"", ""act"": 0.0}, {""tk"": ""Carolina"", ""act"": 0.0}, {""tk"": ""USA"", ""act"": 0.0}, {""tk"": ""is"", ""act"": 0.0}, {""tk"": ""The"", ""act"": 0.0}, {""tk"": ""capital"", ""act"": 0.0}, {""tk"": ""of"", ""act"": 0.0}, {""tk"": ""state"", ""act"": 0.0}, {""tk"": ""attribute"", ""act"": 0.0}, {""tk"": ""serving"", ""act"": 0.0}, {""tk"": ""government"", ""act"": 0.0}, {""tk"": ""located"", ""act"": 0.0}, {""tk"": ""containing"", ""act"": 0.0}]"
3_52779,3,52779,relationship: the state in which a city is located is the state containing,<bos>,0,57.88114547729492,0.8492093820714754,semantic,"[{""token"": ""<bos>"", ""index"": 0, ""distance"": 0, ""direction"": ""self""}]",n/a,Semantic,Dictionary (fallback),0.9,False,,Semantic (unknown),"[{""tk"": ""containing"", ""act"": 17.660171508789062}, {""tk"": ""the"", ""act"": 13.811017036437988}, {""tk"": ""is"", ""act"": 13.126309394836426}, {""tk"": ""city"", ""act"": 0.0}, {""tk"": ""Carolina"", ""act"": 0.0}, {""tk"": ""USA"", ""act"": 0.0}, {""tk"": ""Charleston"", ""act"": 0.0}, {""tk"": ""capital"", ""act"": 0.0}, {""tk"": ""of"", ""act"": 0.0}, {""tk"": ""Columbia"", ""act"": 0.0}, {""tk"": ""state"", ""act"": 0.0}, {""tk"": ""attribute"", ""act"": 0.0}, {""tk"": ""serving"", ""act"": 0.0}, {""tk"": ""government"", ""act"": 0.0}, {""tk"": ""located"", ""act"": 0.0}]"
3_91022,3,91022,relationship: the state in which a city is located is the state containing,<bos>,0,11.15066909790039,0.8927933659724107,semantic,"[{""token"": ""<bos>"", ""index"": 0, ""distance"": 0, ""direction"": ""self""}]",n/a,Semantic,Dictionary (fallback),0.9,False,,Semantic (unknown),"[{""tk"": ""containing"", ""act"": 6.780716419219971}, {""tk"": ""serving"", ""act"": 5.3664069175720215}, {""tk"": ""city"", ""act"": 0.0}, {""tk"": ""Carolina"", ""act"": 0.0}, {""tk"": ""USA"", ""act"": 0.0}, {""tk"": ""is"", ""act"": 0.0}, {""tk"": ""Charleston"", ""act"": 0.0}, {""tk"": ""The"", ""act"": 0.0}, {""tk"": ""capital"", ""act"": 0.0}, {""tk"": ""of"", ""act"": 0.0}, {""tk"": ""Columbia"", ""act"": 0.0}, {""tk"": ""state"", ""act"": 0.0}, {""tk"": ""attribute"", ""act"": 0.0}, {""tk"": ""government"", ""act"": 0.0}, {""tk"": ""located"", ""act"": 0.0}]"
3_46428,3,46428,relationship: the state in which a city is located is the state containing,<bos>,0,1.9693604707717896,0.9333333333333332,semantic,"[{""token"": ""<bos>"", ""index"": 0, ""distance"": 0, ""direction"": ""self""}]",n/a,Semantic,Dictionary (fallback),0.9,False,,Semantic (unknown),"[{""tk"": ""city"", ""act"": 0.0}, {""tk"": ""Carolina"", ""act"": 0.0}, {""tk"": ""USA"", ""act"": 0.0}, {""tk"": ""is"", ""act"": 0.0}, {""tk"": ""Charleston"", ""act"": 0.0}, {""tk"": ""The"", ""act"": 0.0}, {""tk"": ""capital"", ""act"": 0.0}, {""tk"": ""of"", ""act"": 0.0}, {""tk"": ""Columbia"", ""act"": 0.0}, {""tk"": ""state"", ""act"": 0.0}, {""tk"": ""attribute"", ""act"": 0.0}, {""tk"": ""serving"", ""act"": 0.0}, {""tk"": ""government"", ""act"": 0.0}, {""tk"": ""located"", ""act"": 0.0}, {""tk"": ""containing"", ""act"": 0.0}]"
3_13967,3,13967,relationship: the state in which a city is located is the state containing,<bos>,0,0.0,0.0,semantic,"[{""token"": ""<bos>"", ""index"": 0, ""distance"": 0, ""direction"": ""self""}]",n/a,Semantic,Dictionary (fallback),0.9,False,,of,"[{""tk"": ""of"", ""act"": 11.243531227111816}, {""tk"": ""is"", ""act"": 8.519635200500488}, {""tk"": ""the"", ""act"": 0.35361218452453613}, {""tk"": ""city"", ""act"": 0.0}, {""tk"": ""Carolina"", ""act"": 0.0}, {""tk"": ""USA"", ""act"": 0.0}, {""tk"": ""Charleston"", ""act"": 0.0}, {""tk"": ""capital"", ""act"": 0.0}, {""tk"": ""Columbia"", ""act"": 0.0}, {""tk"": ""state"", ""act"": 0.0}, {""tk"": ""attribute"", ""act"": 0.0}, {""tk"": ""serving"", ""act"": 0.0}, {""tk"": ""government"", ""act"": 0.0}, {""tk"": ""located"", ""act"": 0.0}, {""tk"": ""containing"", ""act"": 0.0}]"
3_28747,3,28747,relationship: the state in which a city is located is the state containing,<bos>,0,0.0,0.0,semantic,"[{""token"": ""<bos>"", ""index"": 0, ""distance"": 0, ""direction"": ""self""}]",n/a,Semantic,Dictionary (fallback),0.9,False,,of,"[{""tk"": ""of"", ""act"": 17.464412689208984}, {""tk"": ""is"", ""act"": 1.1901960372924805}, {""tk"": ""city"", ""act"": 0.0}, {""tk"": ""Carolina"", ""act"": 0.0}, {""tk"": ""USA"", ""act"": 0.0}, {""tk"": ""Charleston"", ""act"": 0.0}, {""tk"": ""The"", ""act"": 0.0}, {""tk"": ""capital"", ""act"": 0.0}, {""tk"": ""Columbia"", ""act"": 0.0}, {""tk"": ""state"", ""act"": 0.0}, {""tk"": ""attribute"", ""act"": 0.0}, {""tk"": ""serving"", ""act"": 0.0}, {""tk"": ""government"", ""act"": 0.0}, {""tk"": ""located"", ""act"": 0.0}, {""tk"": ""containing"", ""act"": 0.0}]"
3_93843,3,93843,relationship: the state in which a city is located is the state containing,<bos>,0,0.0,0.0,semantic,"[{""token"": ""<bos>"", ""index"": 0, ""distance"": 0, ""direction"": ""self""}]",n/a,Semantic,Dictionary (fallback),0.9,False,,is,"[{""tk"": ""is"", ""act"": 6.0081682205200195}, {""tk"": ""city"", ""act"": 0.0}, {""tk"": ""Carolina"", ""act"": 0.0}, {""tk"": ""USA"", ""act"": 0.0}, {""tk"": ""Charleston"", ""act"": 0.0}, {""tk"": ""The"", ""act"": 0.0}, {""tk"": ""capital"", ""act"": 0.0}, {""tk"": ""of"", ""act"": 0.0}, {""tk"": ""Columbia"", ""act"": 0.0}, {""tk"": ""state"", ""act"": 0.0}, {""tk"": ""attribute"", ""act"": 0.0}, {""tk"": ""serving"", ""act"": 0.0}, {""tk"": ""government"", ""act"": 0.0}, {""tk"": ""located"", ""act"": 0.0}, {""tk"": ""containing"", ""act"": 0.0}]"
4_3920,4,3920,relationship: the state in which a city is located is the state containing,<bos>,0,159.3799591064453,0.9234976827307796,semantic,"[{""token"": ""<bos>"", ""index"": 0, ""distance"": 0, ""direction"": ""self""}]",n/a,Semantic,Concept,0.7,False,,Semantic (unknown),"[{""tk"": ""attribute"", ""act"": 19.900348663330078}, {""tk"": ""city"", ""act"": 0.0}, {""tk"": ""Carolina"", ""act"": 0.0}, {""tk"": ""USA"", ""act"": 0.0}, {""tk"": ""is"", ""act"": 0.0}, {""tk"": ""Charleston"", ""act"": 0.0}, {""tk"": ""The"", ""act"": 0.0}, {""tk"": ""capital"", ""act"": 0.0}, {""tk"": ""of"", ""act"": 0.0}, {""tk"": ""Columbia"", ""act"": 0.0}, {""tk"": ""state"", ""act"": 0.0}, {""tk"": ""serving"", ""act"": 0.0}, {""tk"": ""government"", ""act"": 0.0}, {""tk"": ""located"", ""act"": 0.0}, {""tk"": ""containing"", ""act"": 0.0}]"
4_83635,4,83635,relationship: the state in which a city is located is the state containing, city,8,29.045270919799805,0.7388770002211484,semantic,"[{""token"": "" city"", ""index"": 8, ""distance"": 0, ""direction"": ""self""}]",n/a,Semantic,Concept,0.7,False,,city,"[{""tk"": ""city"", ""act"": 29.045270919799805}, {""tk"": ""attribute"", ""act"": 28.14508056640625}, {""tk"": ""Carolina"", ""act"": 22.328332901000977}, {""tk"": ""capital"", ""act"": 21.525239944458008}, {""tk"": ""state"", ""act"": 19.251550674438477}, {""tk"": ""Charleston"", ""act"": 17.917591094970703}, {""tk"": ""USA"", ""act"": 16.147647857666016}, {""tk"": ""government"", ""act"": 13.456141471862793}, {""tk"": ""Columbia"", ""act"": 8.776371002197266}, {""tk"": ""of"", ""act"": 8.01102066040039}, {""tk"": ""containing"", ""act"": 7.884756565093994}, {""tk"": ""located"", ""act"": 6.051679611206055}, {""tk"": ""is"", ""act"": 5.889745235443115}, {""tk"": ""The"", ""act"": 0.0}, {""tk"": ""serving"", ""act"": 0.0}]"
4_70409,4,70409,relationship: the state in which a city is located is the state containing, containing,14,9.570971488952637,0.9198701191553396,semantic,"[{""token"": "" containing"", ""index"": 14, ""distance"": 0, ""direction"": ""self""}]",n/a,Semantic,Dictionary,1.0,False,,containing,"[{""tk"": ""containing"", ""act"": 9.570971488952637}, {""tk"": ""city"", ""act"": 0.0}, {""tk"": ""Carolina"", ""act"": 0.0}, {""tk"": ""USA"", ""act"": 0.0}, {""tk"": ""is"", ""act"": 0.0}, {""tk"": ""Charleston"", ""act"": 0.0}, {""tk"": ""The"", ""act"": 0.0}, {""tk"": ""capital"", ""act"": 0.0}, {""tk"": ""of"", ""act"": 0.0}, {""tk"": ""Columbia"", ""act"": 0.0}, {""tk"": ""state"", ""act"": 0.0}, {""tk"": ""attribute"", ""act"": 0.0}, {""tk"": ""serving"", ""act"": 0.0}, {""tk"": ""government"", ""act"": 0.0}, {""tk"": ""located"", ""act"": 0.0}]"
4_58113,4,58113,relationship: the state in which a city is located is the state containing, city,8,8.276534080505371,0.9295656084092146,semantic,"[{""token"": "" city"", ""index"": 8, ""distance"": 0, ""direction"": ""self""}]",n/a,Semantic,Concept,0.7077726636889586,False,,city,"[{""tk"": ""city"", ""act"": 8.659708023071289}, {""tk"": ""of"", ""act"": 6.1291046142578125}, {""tk"": ""is"", ""act"": 4.793331146240234}, {""tk"": ""containing"", ""act"": 0.11254596710205078}, {""tk"": ""Carolina"", ""act"": 0.0}, {""tk"": ""USA"", ""act"": 0.0}, {""tk"": ""Charleston"", ""act"": 0.0}, {""tk"": ""The"", ""act"": 0.0}, {""tk"": ""capital"", ""act"": 0.0}, {""tk"": ""Columbia"", ""act"": 0.0}, {""tk"": ""state"", ""act"": 0.0}, {""tk"": ""attribute"", ""act"": 0.0}, {""tk"": ""serving"", ""act"": 0.0}, {""tk"": ""government"", ""act"": 0.0}, {""tk"": ""located"", ""act"": 0.0}]"
4_52384,4,52384,relationship: the state in which a city is located is the state containing,<bos>,0,1.1977276802062988,0.9333333333333332,semantic,"[{""token"": ""<bos>"", ""index"": 0, ""distance"": 0, ""direction"": ""self""}]",n/a,Semantic,Concept,0.6,False,,Semantic (unknown),"[{""tk"": ""of"", ""act"": 19.165246963500977}, {""tk"": ""Carolina"", ""act"": 12.880584716796875}, {""tk"": ""is"", ""act"": 1.836683750152588}, {""tk"": ""state"", ""act"": 1.426936149597168}, {""tk"": ""city"", ""act"": 0.0}, {""tk"": ""USA"", ""act"": 0.0}, {""tk"": ""Charleston"", ""act"": 0.0}, {""tk"": ""The"", ""act"": 0.0}, {""tk"": ""capital"", ""act"": 0.0}, {""tk"": ""Columbia"", ""act"": 0.0}, {""tk"": ""attribute"", ""act"": 0.0}, {""tk"": ""serving"", ""act"": 0.0}, {""tk"": ""government"", ""act"": 0.0}, {""tk"": ""located"", ""act"": 0.0}, {""tk"": ""containing"", ""act"": 0.0}]"
4_3432,4,3432,relationship: the state in which a city is located is the state containing,<bos>,0,0.0,0.0,semantic,"[{""token"": ""<bos>"", ""index"": 0, ""distance"": 0, ""direction"": ""self""}]",n/a,Semantic,Ambiguous,0.3,True,"Ambiguous: peak_cons=0.50, n_peaks=1, func_vs_sem=100.0%, layer=4",is,"[{""tk"": ""is"", ""act"": 16.331043243408203}, {""tk"": ""city"", ""act"": 0.0}, {""tk"": ""Carolina"", ""act"": 0.0}, {""tk"": ""USA"", ""act"": 0.0}, {""tk"": ""Charleston"", ""act"": 0.0}, {""tk"": ""The"", ""act"": 0.0}, {""tk"": ""capital"", ""act"": 0.0}, {""tk"": ""of"", ""act"": 0.0}, {""tk"": ""Columbia"", ""act"": 0.0}, {""tk"": ""state"", ""act"": 0.0}, {""tk"": ""attribute"", ""act"": 0.0}, {""tk"": ""serving"", ""act"": 0.0}, {""tk"": ""government"", ""act"": 0.0}, {""tk"": ""located"", ""act"": 0.0}, {""tk"": ""containing"", ""act"": 0.0}]"
4_54078,4,54078,relationship: the state in which a city is located is the state containing,<bos>,0,0.0,0.0,semantic,"[{""token"": ""<bos>"", ""index"": 0, ""distance"": 0, ""direction"": ""self""}]",n/a,Relationship,,1.0,False,,(city) related,"[{""tk"": ""city"", ""act"": 0.0}, {""tk"": ""Carolina"", ""act"": 0.0}, {""tk"": ""USA"", ""act"": 0.0}, {""tk"": ""is"", ""act"": 0.0}, {""tk"": ""Charleston"", ""act"": 0.0}, {""tk"": ""The"", ""act"": 0.0}, {""tk"": ""capital"", ""act"": 0.0}, {""tk"": ""of"", ""act"": 0.0}, {""tk"": ""Columbia"", ""act"": 0.0}, {""tk"": ""state"", ""act"": 0.0}, {""tk"": ""attribute"", ""act"": 0.0}, {""tk"": ""serving"", ""act"": 0.0}, {""tk"": ""government"", ""act"": 0.0}, {""tk"": ""located"", ""act"": 0.0}, {""tk"": ""containing"", ""act"": 0.0}]"
4_55831,4,55831,relationship: the state in which a city is located is the state containing,<bos>,0,0.0,0.0,semantic,"[{""token"": ""<bos>"", ""index"": 0, ""distance"": 0, ""direction"": ""self""}]",n/a,Semantic,Dictionary,1.0,False,,capital,"[{""tk"": ""capital"", ""act"": 29.359546661376953}, {""tk"": ""city"", ""act"": 11.154122352600098}, {""tk"": ""is"", ""act"": 3.0443811416625977}, {""tk"": ""Carolina"", ""act"": 0.0}, {""tk"": ""USA"", ""act"": 0.0}, {""tk"": ""Charleston"", ""act"": 0.0}, {""tk"": ""The"", ""act"": 0.0}, {""tk"": ""of"", ""act"": 0.0}, {""tk"": ""Columbia"", ""act"": 0.0}, {""tk"": ""state"", ""act"": 0.0}, {""tk"": ""attribute"", ""act"": 0.0}, {""tk"": ""serving"", ""act"": 0.0}, {""tk"": ""government"", ""act"": 0.0}, {""tk"": ""located"", ""act"": 0.0}, {""tk"": ""containing"", ""act"": 0.0}]"
4_97813,4,97813,relationship: the state in which a city is located is the state containing,<bos>,0,0.0,0.0,semantic,"[{""token"": ""<bos>"", ""index"": 0, ""distance"": 0, ""direction"": ""self""}]",n/a,Semantic,Concept,0.7,False,,government,"[{""tk"": ""government"", ""act"": 17.90291976928711}, {""tk"": ""of"", ""act"": 14.3899507522583}, {""tk"": ""city"", ""act"": 13.028558731079102}, {""tk"": ""capital"", ""act"": 10.718213081359863}, {""tk"": ""is"", ""act"": 3.9596290588378906}, {""tk"": ""the"", ""act"": 1.4474035501480103}, {""tk"": ""Carolina"", ""act"": 0.0}, {""tk"": ""USA"", ""act"": 0.0}, {""tk"": ""Charleston"", ""act"": 0.0}, {""tk"": ""Columbia"", ""act"": 0.0}, {""tk"": ""state"", ""act"": 0.0}, {""tk"": ""attribute"", ""act"": 0.0}, {""tk"": ""serving"", ""act"": 0.0}, {""tk"": ""located"", ""act"": 0.0}, {""tk"": ""containing"", ""act"": 0.0}]"
5_1551,5,1551,relationship: the state in which a city is located is the state containing,<bos>,0,161.51025390625,0.9167439020995264,semantic,"[{""token"": ""<bos>"", ""index"": 0, ""distance"": 0, ""direction"": ""self""}]",n/a,Semantic,Concept,0.7,False,,Semantic (unknown),"[{""tk"": ""attribute"", ""act"": 39.44136428833008}, {""tk"": ""city"", ""act"": 0.0}, {""tk"": ""Carolina"", ""act"": 0.0}, {""tk"": ""USA"", ""act"": 0.0}, {""tk"": ""is"", ""act"": 0.0}, {""tk"": ""Charleston"", ""act"": 0.0}, {""tk"": ""The"", ""act"": 0.0}, {""tk"": ""capital"", ""act"": 0.0}, {""tk"": ""of"", ""act"": 0.0}, {""tk"": ""Columbia"", ""act"": 0.0}, {""tk"": ""state"", ""act"": 0.0}, {""tk"": ""serving"", ""act"": 0.0}, {""tk"": ""government"", ""act"": 0.0}, {""tk"": ""located"", ""act"": 0.0}, {""tk"": ""containing"", ""act"": 0.0}]"
5_95640,5,95640,relationship: the state in which a city is located is the state containing,<bos>,0,139.22251892089844,0.920819556155774,semantic,"[{""token"": ""<bos>"", ""index"": 0, ""distance"": 0, ""direction"": ""self""}]",n/a,Semantic,Concept,0.7,False,,Semantic (unknown),"[{""tk"": ""attribute"", ""act"": 23.3470401763916}, {""tk"": ""city"", ""act"": 0.0}, {""tk"": ""Carolina"", ""act"": 0.0}, {""tk"": ""USA"", ""act"": 0.0}, {""tk"": ""is"", ""act"": 0.0}, {""tk"": ""Charleston"", ""act"": 0.0}, {""tk"": ""The"", ""act"": 0.0}, {""tk"": ""capital"", ""act"": 0.0}, {""tk"": ""of"", ""act"": 0.0}, {""tk"": ""Columbia"", ""act"": 0.0}, {""tk"": ""state"", ""act"": 0.0}, {""tk"": ""serving"", ""act"": 0.0}, {""tk"": ""government"", ""act"": 0.0}, {""tk"": ""located"", ""act"": 0.0}, {""tk"": ""containing"", ""act"": 0.0}]"
5_4901,5,4901,relationship: the state in which a city is located is the state containing,<bos>,0,0.0,0.0,semantic,"[{""token"": ""<bos>"", ""index"": 0, ""distance"": 0, ""direction"": ""self""}]",n/a,Semantic,Ambiguous,0.3,True,"Ambiguous: peak_cons=0.17, n_peaks=1, func_vs_sem=100.0%, layer=5",is,"[{""tk"": ""is"", ""act"": 6.10368013381958}, {""tk"": ""city"", ""act"": 0.0}, {""tk"": ""Carolina"", ""act"": 0.0}, {""tk"": ""USA"", ""act"": 0.0}, {""tk"": ""Charleston"", ""act"": 0.0}, {""tk"": ""The"", ""act"": 0.0}, {""tk"": ""capital"", ""act"": 0.0}, {""tk"": ""of"", ""act"": 0.0}, {""tk"": ""Columbia"", ""act"": 0.0}, {""tk"": ""state"", ""act"": 0.0}, {""tk"": ""attribute"", ""act"": 0.0}, {""tk"": ""serving"", ""act"": 0.0}, {""tk"": ""government"", ""act"": 0.0}, {""tk"": ""located"", ""act"": 0.0}, {""tk"": ""containing"", ""act"": 0.0}]"
5_32184,5,32184,relationship: the state in which a city is located is the state containing,<bos>,0,0.0,0.0,semantic,"[{""token"": ""<bos>"", ""index"": 0, ""distance"": 0, ""direction"": ""self""}]",n/a,Semantic,Ambiguous,0.3,True,"Ambiguous: peak_cons=0.33, n_peaks=3, func_vs_sem=51.1%, layer=5",capital,"[{""tk"": ""of"", ""act"": 32.639617919921875}, {""tk"": ""capital"", ""act"": 15.967439651489258}, {""tk"": ""city"", ""act"": 14.918037414550781}, {""tk"": ""is"", ""act"": 1.9149665832519531}, {""tk"": ""Carolina"", ""act"": 0.0}, {""tk"": ""USA"", ""act"": 0.0}, {""tk"": ""Charleston"", ""act"": 0.0}, {""tk"": ""The"", ""act"": 0.0}, {""tk"": ""Columbia"", ""act"": 0.0}, {""tk"": ""state"", ""act"": 0.0}, {""tk"": ""attribute"", ""act"": 0.0}, {""tk"": ""serving"", ""act"": 0.0}, {""tk"": ""government"", ""act"": 0.0}, {""tk"": ""located"", ""act"": 0.0}, {""tk"": ""containing"", ""act"": 0.0}]"
5_34406,5,34406,relationship: the state in which a city is located is the state containing,<bos>,0,0.0,0.0,semantic,"[{""token"": ""<bos>"", ""index"": 0, ""distance"": 0, ""direction"": ""self""}]",n/a,Semantic,Ambiguous,0.3,True,"Ambiguous: peak_cons=0.17, n_peaks=1, func_vs_sem=100.0%, layer=5",is,"[{""tk"": ""is"", ""act"": 1.3381986618041992}, {""tk"": ""city"", ""act"": 0.0}, {""tk"": ""Carolina"", ""act"": 0.0}, {""tk"": ""USA"", ""act"": 0.0}, {""tk"": ""Charleston"", ""act"": 0.0}, {""tk"": ""The"", ""act"": 0.0}, {""tk"": ""capital"", ""act"": 0.0}, {""tk"": ""of"", ""act"": 0.0}, {""tk"": ""Columbia"", ""act"": 0.0}, {""tk"": ""state"", ""act"": 0.0}, {""tk"": ""attribute"", ""act"": 0.0}, {""tk"": ""serving"", ""act"": 0.0}, {""tk"": ""government"", ""act"": 0.0}, {""tk"": ""located"", ""act"": 0.0}, {""tk"": ""containing"", ""act"": 0.0}]"
5_51213,5,51213,relationship: the state in which a city is located is the state containing,<bos>,0,0.0,0.0,semantic,"[{""token"": ""<bos>"", ""index"": 0, ""distance"": 0, ""direction"": ""self""}]",n/a,Semantic,Ambiguous,0.3,True,"Ambiguous: peak_cons=1.00, n_peaks=3, func_vs_sem=69.9%, layer=5",capital,"[{""tk"": ""of"", ""act"": 18.14890480041504}, {""tk"": ""city"", ""act"": 8.983392715454102}, {""tk"": ""is"", ""act"": 6.242134094238281}, {""tk"": ""capital"", ""act"": 5.454928398132324}, {""tk"": ""government"", ""act"": 1.9978015422821045}, {""tk"": ""Carolina"", ""act"": 0.0}, {""tk"": ""USA"", ""act"": 0.0}, {""tk"": ""Charleston"", ""act"": 0.0}, {""tk"": ""The"", ""act"": 0.0}, {""tk"": ""Columbia"", ""act"": 0.0}, {""tk"": ""state"", ""act"": 0.0}, {""tk"": ""attribute"", ""act"": 0.0}, {""tk"": ""serving"", ""act"": 0.0}, {""tk"": ""located"", ""act"": 0.0}, {""tk"": ""containing"", ""act"": 0.0}]"
6_22143,6,22143,relationship: the state in which a city is located is the state containing, city,8,17.3726863861084,0.6872161542731599,semantic,"[{""token"": "" city"", ""index"": 8, ""distance"": 0, ""direction"": ""self""}]",n/a,Semantic,Concept,0.7,False,,USA,"[{""tk"": ""USA"", ""act"": 30.252552032470703}, {""tk"": ""capital"", ""act"": 27.022661209106445}, {""tk"": ""attribute"", ""act"": 25.566389083862305}, {""tk"": ""Carolina"", ""act"": 19.76822280883789}, {""tk"": ""city"", ""act"": 17.3726863861084}, {""tk"": ""is"", ""act"": 16.952861785888672}, {""tk"": ""Charleston"", ""act"": 14.533989906311035}, {""tk"": ""state"", ""act"": 13.70422649383545}, {""tk"": ""the"", ""act"": 13.393610000610352}, {""tk"": ""located"", ""act"": 5.484473705291748}, {""tk"": ""Columbia"", ""act"": 3.7098124027252197}, {""tk"": ""of"", ""act"": 0.0}, {""tk"": ""serving"", ""act"": 0.0}, {""tk"": ""government"", ""act"": 0.0}, {""tk"": ""containing"", ""act"": 0.0}]"
6_88903,6,88903,relationship: the state in which a city is located is the state containing, city,8,3.920206308364868,0.9333333333333332,semantic,"[{""token"": "" city"", ""index"": 8, ""distance"": 0, ""direction"": ""self""}]",n/a,Semantic,Concept,0.7,False,,city,"[{""tk"": ""city"", ""act"": 8.214269638061523}, {""tk"": ""capital"", ""act"": 3.832763910293579}, {""tk"": ""is"", ""act"": 3.7045490741729736}, {""tk"": ""Charleston"", ""act"": 3.211235284805298}, {""tk"": ""Columbia"", ""act"": 2.5209429264068604}, {""tk"": ""Carolina"", ""act"": 0.0}, {""tk"": ""USA"", ""act"": 0.0}, {""tk"": ""The"", ""act"": 0.0}, {""tk"": ""of"", ""act"": 0.0}, {""tk"": ""state"", ""act"": 0.0}, {""tk"": ""attribute"", ""act"": 0.0}, {""tk"": ""serving"", ""act"": 0.0}, {""tk"": ""government"", ""act"": 0.0}, {""tk"": ""located"", ""act"": 0.0}, {""tk"": ""containing"", ""act"": 0.0}]"
6_72419,6,72419,relationship: the state in which a city is located is the state containing, which,6,2.1901695728302,0.923887804476777,functional,"[{""token"": "" city"", ""index"": 8, ""distance"": 2, ""direction"": ""forward""}]",json,Semantic,Concept,0.7,False,,serving,"[{""tk"": ""serving"", ""act"": 4.5303850173950195}, {""tk"": ""the"", ""act"": 1.4751348495483398}, {""tk"": ""of"", ""act"": 0.9430685043334961}, {""tk"": ""is"", ""act"": 0.31030964851379395}, {""tk"": ""city"", ""act"": 0.0}, {""tk"": ""Carolina"", ""act"": 0.0}, {""tk"": ""USA"", ""act"": 0.0}, {""tk"": ""Charleston"", ""act"": 0.0}, {""tk"": ""capital"", ""act"": 0.0}, {""tk"": ""Columbia"", ""act"": 0.0}, {""tk"": ""state"", ""act"": 0.0}, {""tk"": ""attribute"", ""act"": 0.0}, {""tk"": ""government"", ""act"": 0.0}, {""tk"": ""located"", ""act"": 0.0}, {""tk"": ""containing"", ""act"": 0.0}]"
6_79147,6,79147,relationship: the state in which a city is located is the state containing, state,4,1.56451153755188,0.8834807342090065,semantic,"[{""token"": "" state"", ""index"": 4, ""distance"": 0, ""direction"": ""self""}]",n/a,Semantic,Concept,0.7,False,,state,"[{""tk"": ""state"", ""act"": 10.488859176635742}, {""tk"": ""is"", ""act"": 4.6693034172058105}, {""tk"": ""Carolina"", ""act"": 0.19619321823120117}, {""tk"": ""city"", ""act"": 0.0}, {""tk"": ""USA"", ""act"": 0.0}, {""tk"": ""Charleston"", ""act"": 0.0}, {""tk"": ""The"", ""act"": 0.0}, {""tk"": ""capital"", ""act"": 0.0}, {""tk"": ""of"", ""act"": 0.0}, {""tk"": ""Columbia"", ""act"": 0.0}, {""tk"": ""attribute"", ""act"": 0.0}, {""tk"": ""serving"", ""act"": 0.0}, {""tk"": ""government"", ""act"": 0.0}, {""tk"": ""located"", ""act"": 0.0}, {""tk"": ""containing"", ""act"": 0.0}]"
6_6574,6,6574,relationship: the state in which a city is located is the state containing,<bos>,0,0.0,0.0,semantic,"[{""token"": ""<bos>"", ""index"": 0, ""distance"": 0, ""direction"": ""self""}]",n/a,Semantic,Ambiguous,0.3,True,"Ambiguous: peak_cons=0.17, n_peaks=1, func_vs_sem=100.0%, layer=6",is,"[{""tk"": ""is"", ""act"": 0.3522922992706299}, {""tk"": ""city"", ""act"": 0.0}, {""tk"": ""Carolina"", ""act"": 0.0}, {""tk"": ""USA"", ""act"": 0.0}, {""tk"": ""Charleston"", ""act"": 0.0}, {""tk"": ""The"", ""act"": 0.0}, {""tk"": ""capital"", ""act"": 0.0}, {""tk"": ""of"", ""act"": 0.0}, {""tk"": ""Columbia"", ""act"": 0.0}, {""tk"": ""state"", ""act"": 0.0}, {""tk"": ""attribute"", ""act"": 0.0}, {""tk"": ""serving"", ""act"": 0.0}, {""tk"": ""government"", ""act"": 0.0}, {""tk"": ""located"", ""act"": 0.0}, {""tk"": ""containing"", ""act"": 0.0}]"
6_23862,6,23862,relationship: the state in which a city is located is the state containing,<bos>,0,0.0,0.0,semantic,"[{""token"": ""<bos>"", ""index"": 0, ""distance"": 0, ""direction"": ""self""}]",n/a,Relationship,,1.0,False,,(city) related,"[{""tk"": ""city"", ""act"": 0.0}, {""tk"": ""Carolina"", ""act"": 0.0}, {""tk"": ""USA"", ""act"": 0.0}, {""tk"": ""is"", ""act"": 0.0}, {""tk"": ""Charleston"", ""act"": 0.0}, {""tk"": ""The"", ""act"": 0.0}, {""tk"": ""capital"", ""act"": 0.0}, {""tk"": ""of"", ""act"": 0.0}, {""tk"": ""Columbia"", ""act"": 0.0}, {""tk"": ""state"", ""act"": 0.0}, {""tk"": ""attribute"", ""act"": 0.0}, {""tk"": ""serving"", ""act"": 0.0}, {""tk"": ""government"", ""act"": 0.0}, {""tk"": ""located"", ""act"": 0.0}, {""tk"": ""containing"", ""act"": 0.0}]"
6_34521,6,34521,relationship: the state in which a city is located is the state containing,<bos>,0,0.0,0.0,semantic,"[{""token"": ""<bos>"", ""index"": 0, ""distance"": 0, ""direction"": ""self""}]",n/a,Semantic,Concept,0.7,False,,Carolina,"[{""tk"": ""Carolina"", ""act"": 7.996774196624756}, {""tk"": ""city"", ""act"": 0.0}, {""tk"": ""USA"", ""act"": 0.0}, {""tk"": ""is"", ""act"": 0.0}, {""tk"": ""Charleston"", ""act"": 0.0}, {""tk"": ""The"", ""act"": 0.0}, {""tk"": ""capital"", ""act"": 0.0}, {""tk"": ""of"", ""act"": 0.0}, {""tk"": ""Columbia"", ""act"": 0.0}, {""tk"": ""state"", ""act"": 0.0}, {""tk"": ""attribute"", ""act"": 0.0}, {""tk"": ""serving"", ""act"": 0.0}, {""tk"": ""government"", ""act"": 0.0}, {""tk"": ""located"", ""act"": 0.0}, {""tk"": ""containing"", ""act"": 0.0}]"
7_66851,7,66851,relationship: the state in which a city is located is the state containing,:,2,42.424102783203125,0.505598917589167,functional,"[{""token"": "" state"", ""index"": 4, ""distance"": 2, ""direction"": ""forward""}, {""token"": ""relationship"", ""index"": 1, ""distance"": 1, ""direction"": ""backward""}]",json,Relationship,,1.0,False,,(capital) related,"[{""tk"": ""capital"", ""act"": 51.12392044067383}, {""tk"": ""The"", ""act"": 49.53570556640625}, {""tk"": ""city"", ""act"": 47.1239128112793}, {""tk"": ""attribute"", ""act"": 44.321834564208984}, {""tk"": ""Charleston"", ""act"": 43.33763122558594}, {""tk"": ""state"", ""act"": 40.79597854614258}, {""tk"": ""Columbia"", ""act"": 37.04718017578125}, {""tk"": ""Carolina"", ""act"": 32.52155685424805}, {""tk"": ""is"", ""act"": 30.981748580932617}, {""tk"": ""USA"", ""act"": 25.69173240661621}, {""tk"": ""located"", ""act"": 16.008203506469727}, {""tk"": ""of"", ""act"": 15.559822082519531}, {""tk"": ""government"", ""act"": 14.86802864074707}, {""tk"": ""serving"", ""act"": 14.414605140686035}, {""tk"": ""containing"", ""act"": 9.191671371459961}]"
7_49316,7,49316,relationship: the state in which a city is located is the state containing,<bos>,0,0.0,0.0,semantic,"[{""token"": ""<bos>"", ""index"": 0, ""distance"": 0, ""direction"": ""self""}]",n/a,Relationship,,1.0,False,,(city) related,"[{""tk"": ""city"", ""act"": 0.0}, {""tk"": ""Carolina"", ""act"": 0.0}, {""tk"": ""USA"", ""act"": 0.0}, {""tk"": ""is"", ""act"": 0.0}, {""tk"": ""Charleston"", ""act"": 0.0}, {""tk"": ""The"", ""act"": 0.0}, {""tk"": ""capital"", ""act"": 0.0}, {""tk"": ""of"", ""act"": 0.0}, {""tk"": ""Columbia"", ""act"": 0.0}, {""tk"": ""state"", ""act"": 0.0}, {""tk"": ""attribute"", ""act"": 0.0}, {""tk"": ""serving"", ""act"": 0.0}, {""tk"": ""government"", ""act"": 0.0}, {""tk"": ""located"", ""act"": 0.0}, {""tk"": ""containing"", ""act"": 0.0}]"
7_70223,7,70223,relationship: the state in which a city is located is the state containing,<bos>,0,0.0,0.0,semantic,"[{""token"": ""<bos>"", ""index"": 0, ""distance"": 0, ""direction"": ""self""}]",n/a,Relationship,,1.0,False,,(city) related,"[{""tk"": ""city"", ""act"": 0.0}, {""tk"": ""Carolina"", ""act"": 0.0}, {""tk"": ""USA"", ""act"": 0.0}, {""tk"": ""is"", ""act"": 0.0}, {""tk"": ""Charleston"", ""act"": 0.0}, {""tk"": ""The"", ""act"": 0.0}, {""tk"": ""capital"", ""act"": 0.0}, {""tk"": ""of"", ""act"": 0.0}, {""tk"": ""Columbia"", ""act"": 0.0}, {""tk"": ""state"", ""act"": 0.0}, {""tk"": ""attribute"", ""act"": 0.0}, {""tk"": ""serving"", ""act"": 0.0}, {""tk"": ""government"", ""act"": 0.0}, {""tk"": ""located"", ""act"": 0.0}, {""tk"": ""containing"", ""act"": 0.0}]"
8_49126,8,49126,relationship: the state in which a city is located is the state containing, city,8,5.420082092285156,0.8054457277797249,semantic,"[{""token"": "" city"", ""index"": 8, ""distance"": 0, ""direction"": ""self""}]",n/a,Semantic,Concept,0.7,False,,city,"[{""tk"": ""the"", ""act"": 9.22913646697998}, {""tk"": ""city"", ""act"": 5.420082092285156}, {""tk"": ""located"", ""act"": 4.660083770751953}, {""tk"": ""is"", ""act"": 2.84277081489563}, {""tk"": ""containing"", ""act"": 1.69818115234375}, {""tk"": ""serving"", ""act"": 1.3291845321655273}, {""tk"": ""of"", ""act"": 0.6516338586807251}, {""tk"": ""Carolina"", ""act"": 0.0}, {""tk"": ""USA"", ""act"": 0.0}, {""tk"": ""Charleston"", ""act"": 0.0}, {""tk"": ""capital"", ""act"": 0.0}, {""tk"": ""Columbia"", ""act"": 0.0}, {""tk"": ""state"", ""act"": 0.0}, {""tk"": ""attribute"", ""act"": 0.0}, {""tk"": ""government"", ""act"": 0.0}]"
8_94844,8,94844,relationship: the state in which a city is located is the state containing,<bos>,0,0.0,0.0,semantic,"[{""token"": ""<bos>"", ""index"": 0, ""distance"": 0, ""direction"": ""self""}]",n/a,"Say ""X""",,1.0,False,,Say (Columbia),"[{""tk"": ""is"", ""act"": 5.97493839263916}, {""tk"": ""city"", ""act"": 0.0}, {""tk"": ""Carolina"", ""act"": 0.0}, {""tk"": ""USA"", ""act"": 0.0}, {""tk"": ""Charleston"", ""act"": 0.0}, {""tk"": ""The"", ""act"": 0.0}, {""tk"": ""capital"", ""act"": 0.0}, {""tk"": ""of"", ""act"": 0.0}, {""tk"": ""Columbia"", ""act"": 0.0}, {""tk"": ""state"", ""act"": 0.0}, {""tk"": ""attribute"", ""act"": 0.0}, {""tk"": ""serving"", ""act"": 0.0}, {""tk"": ""government"", ""act"": 0.0}, {""tk"": ""located"", ""act"": 0.0}, {""tk"": ""containing"", ""act"": 0.0}]"
9_4679,9,4679,relationship: the state in which a city is located is the state containing,<bos>,0,1.3033068180084229,0.9333333333333332,semantic,"[{""token"": ""<bos>"", ""index"": 0, ""distance"": 0, ""direction"": ""self""}]",n/a,Semantic,Concept,0.6,False,,Semantic (unknown),"[{""tk"": ""is"", ""act"": 3.5411112308502197}, {""tk"": ""USA"", ""act"": 0.534048318862915}, {""tk"": ""the"", ""act"": 0.06924128532409668}, {""tk"": ""city"", ""act"": 0.0}, {""tk"": ""Carolina"", ""act"": 0.0}, {""tk"": ""Charleston"", ""act"": 0.0}, {""tk"": ""capital"", ""act"": 0.0}, {""tk"": ""of"", ""act"": 0.0}, {""tk"": ""Columbia"", ""act"": 0.0}, {""tk"": ""state"", ""act"": 0.0}, {""tk"": ""attribute"", ""act"": 0.0}, {""tk"": ""serving"", ""act"": 0.0}, {""tk"": ""government"", ""act"": 0.0}, {""tk"": ""located"", ""act"": 0.0}, {""tk"": ""containing"", ""act"": 0.0}]"
9_24746,9,24746,relationship: the state in which a city is located is the state containing,<bos>,0,0.0,0.0,semantic,"[{""token"": ""<bos>"", ""index"": 0, ""distance"": 0, ""direction"": ""self""}]",n/a,Relationship,,1.0,False,,(city) related,"[{""tk"": ""city"", ""act"": 0.0}, {""tk"": ""Carolina"", ""act"": 0.0}, {""tk"": ""USA"", ""act"": 0.0}, {""tk"": ""is"", ""act"": 0.0}, {""tk"": ""Charleston"", ""act"": 0.0}, {""tk"": ""The"", ""act"": 0.0}, {""tk"": ""capital"", ""act"": 0.0}, {""tk"": ""of"", ""act"": 0.0}, {""tk"": ""Columbia"", ""act"": 0.0}, {""tk"": ""state"", ""act"": 0.0}, {""tk"": ""attribute"", ""act"": 0.0}, {""tk"": ""serving"", ""act"": 0.0}, {""tk"": ""government"", ""act"": 0.0}, {""tk"": ""located"", ""act"": 0.0}, {""tk"": ""containing"", ""act"": 0.0}]"
10_75793,10,75793,relationship: the state in which a city is located is the state containing, located,10,43.96098327636719,0.7003398992283538,semantic,"[{""token"": "" located"", ""index"": 10, ""distance"": 0, ""direction"": ""self""}]",n/a,Semantic,Concept,0.8658513092727003,False,,located,"[{""tk"": ""located"", ""act"": 43.96098327636719}, {""tk"": ""Carolina"", ""act"": 39.949554443359375}, {""tk"": ""city"", ""act"": 39.18864440917969}, {""tk"": ""is"", ""act"": 38.06367492675781}, {""tk"": ""USA"", ""act"": 37.377079010009766}, {""tk"": ""serving"", ""act"": 33.11467361450195}, {""tk"": ""the"", ""act"": 30.694744110107422}, {""tk"": ""Charleston"", ""act"": 26.454055786132812}, {""tk"": ""of"", ""act"": 26.388446807861328}, {""tk"": ""containing"", ""act"": 24.20592498779297}, {""tk"": ""government"", ""act"": 19.719295501708984}, {""tk"": ""Columbia"", ""act"": 17.33647918701172}, {""tk"": ""capital"", ""act"": 15.062984466552734}, {""tk"": ""state"", ""act"": 14.852208137512207}, {""tk"": ""attribute"", ""act"": 0.0}]"
10_40368,10,40368,relationship: the state in which a city is located is the state containing,<bos>,0,0.0,0.0,semantic,"[{""token"": ""<bos>"", ""index"": 0, ""distance"": 0, ""direction"": ""self""}]",n/a,"Say ""X""",,1.0,False,,Say (Columbia),"[{""tk"": ""is"", ""act"": 24.132030487060547}, {""tk"": ""city"", ""act"": 0.0}, {""tk"": ""Carolina"", ""act"": 0.0}, {""tk"": ""USA"", ""act"": 0.0}, {""tk"": ""Charleston"", ""act"": 0.0}, {""tk"": ""The"", ""act"": 0.0}, {""tk"": ""capital"", ""act"": 0.0}, {""tk"": ""of"", ""act"": 0.0}, {""tk"": ""Columbia"", ""act"": 0.0}, {""tk"": ""state"", ""act"": 0.0}, {""tk"": ""attribute"", ""act"": 0.0}, {""tk"": ""serving"", ""act"": 0.0}, {""tk"": ""government"", ""act"": 0.0}, {""tk"": ""located"", ""act"": 0.0}, {""tk"": ""containing"", ""act"": 0.0}]"
10_87295,10,87295,relationship: the state in which a city is located is the state containing,<bos>,0,0.0,0.0,semantic,"[{""token"": ""<bos>"", ""index"": 0, ""distance"": 0, ""direction"": ""self""}]",n/a,Relationship,,1.0,False,,(city) related,"[{""tk"": ""city"", ""act"": 0.0}, {""tk"": ""Carolina"", ""act"": 0.0}, {""tk"": ""USA"", ""act"": 0.0}, {""tk"": ""is"", ""act"": 0.0}, {""tk"": ""Charleston"", ""act"": 0.0}, {""tk"": ""The"", ""act"": 0.0}, {""tk"": ""capital"", ""act"": 0.0}, {""tk"": ""of"", ""act"": 0.0}, {""tk"": ""Columbia"", ""act"": 0.0}, {""tk"": ""state"", ""act"": 0.0}, {""tk"": ""attribute"", ""act"": 0.0}, {""tk"": ""serving"", ""act"": 0.0}, {""tk"": ""government"", ""act"": 0.0}, {""tk"": ""located"", ""act"": 0.0}, {""tk"": ""containing"", ""act"": 0.0}]"
11_50131,11,50131,relationship: the state in which a city is located is the state containing, city,8,21.21697235107422,0.5501991345166934,semantic,"[{""token"": "" city"", ""index"": 8, ""distance"": 0, ""direction"": ""self""}]",n/a,Semantic,Concept,0.7,False,,Columbia,"[{""tk"": ""Columbia"", ""act"": 49.63420486450195}, {""tk"": ""Charleston"", ""act"": 46.53266525268555}, {""tk"": ""Carolina"", ""act"": 41.433712005615234}, {""tk"": ""city"", ""act"": 32.62867736816406}, {""tk"": ""capital"", ""act"": 32.42369842529297}, {""tk"": ""state"", ""act"": 31.960853576660156}, {""tk"": ""USA"", ""act"": 27.61496353149414}, {""tk"": ""is"", ""act"": 23.733739852905273}, {""tk"": ""government"", ""act"": 16.808237075805664}, {""tk"": ""serving"", ""act"": 16.625158309936523}, {""tk"": ""the"", ""act"": 14.164325714111328}, {""tk"": ""of"", ""act"": 13.586553573608398}, {""tk"": ""located"", ""act"": 12.37300968170166}, {""tk"": ""containing"", ""act"": 11.94537353515625}, {""tk"": ""attribute"", ""act"": 0.0}]"
12_67090,12,67090,relationship: the state in which a city is located is the state containing,<bos>,0,0.0,0.0,semantic,"[{""token"": ""<bos>"", ""index"": 0, ""distance"": 0, ""direction"": ""self""}]",n/a,Relationship,,1.0,False,,(city) related,"[{""tk"": ""city"", ""act"": 0.0}, {""tk"": ""Carolina"", ""act"": 0.0}, {""tk"": ""USA"", ""act"": 0.0}, {""tk"": ""is"", ""act"": 0.0}, {""tk"": ""Charleston"", ""act"": 0.0}, {""tk"": ""The"", ""act"": 0.0}, {""tk"": ""capital"", ""act"": 0.0}, {""tk"": ""of"", ""act"": 0.0}, {""tk"": ""Columbia"", ""act"": 0.0}, {""tk"": ""state"", ""act"": 0.0}, {""tk"": ""attribute"", ""act"": 0.0}, {""tk"": ""serving"", ""act"": 0.0}, {""tk"": ""government"", ""act"": 0.0}, {""tk"": ""located"", ""act"": 0.0}, {""tk"": ""containing"", ""act"": 0.0}]"
13_16947,13,16947,relationship: the state in which a city is located is the state containing, is,11,2.936730146408081,0.8919480696049213,functional,"[{""token"": "" state"", ""index"": 13, ""distance"": 2, ""direction"": ""forward""}]",json,Semantic,Dictionary,0.8333333333333334,False,,is,"[{""tk"": ""is"", ""act"": 15.5658540725708}, {""tk"": ""the"", ""act"": 11.20738410949707}, {""tk"": ""capital"", ""act"": 10.91185188293457}, {""tk"": ""city"", ""act"": 9.3563232421875}, {""tk"": ""Carolina"", ""act"": 2.170926332473755}, {""tk"": ""USA"", ""act"": 0.0}, {""tk"": ""Charleston"", ""act"": 0.0}, {""tk"": ""of"", ""act"": 0.0}, {""tk"": ""Columbia"", ""act"": 0.0}, {""tk"": ""state"", ""act"": 0.0}, {""tk"": ""attribute"", ""act"": 0.0}, {""tk"": ""serving"", ""act"": 0.0}, {""tk"": ""government"", ""act"": 0.0}, {""tk"": ""located"", ""act"": 0.0}, {""tk"": ""containing"", ""act"": 0.0}]"
13_83324,13,83324,relationship: the state in which a city is located is the state containing,<bos>,0,0.0,0.0,semantic,"[{""token"": ""<bos>"", ""index"": 0, ""distance"": 0, ""direction"": ""self""}]",n/a,Relationship,,1.0,False,,(city) related,"[{""tk"": ""city"", ""act"": 0.0}, {""tk"": ""Carolina"", ""act"": 0.0}, {""tk"": ""USA"", ""act"": 0.0}, {""tk"": ""is"", ""act"": 0.0}, {""tk"": ""Charleston"", ""act"": 0.0}, {""tk"": ""The"", ""act"": 0.0}, {""tk"": ""capital"", ""act"": 0.0}, {""tk"": ""of"", ""act"": 0.0}, {""tk"": ""Columbia"", ""act"": 0.0}, {""tk"": ""state"", ""act"": 0.0}, {""tk"": ""attribute"", ""act"": 0.0}, {""tk"": ""serving"", ""act"": 0.0}, {""tk"": ""government"", ""act"": 0.0}, {""tk"": ""located"", ""act"": 0.0}, {""tk"": ""containing"", ""act"": 0.0}]"
18_21257,18,21257,relationship: the state in which a city is located is the state containing,<bos>,0,0.0,0.0,semantic,"[{""token"": ""<bos>"", ""index"": 0, ""distance"": 0, ""direction"": ""self""}]",n/a,Relationship,,1.0,False,,(city) related,"[{""tk"": ""city"", ""act"": 0.0}, {""tk"": ""Carolina"", ""act"": 0.0}, {""tk"": ""USA"", ""act"": 0.0}, {""tk"": ""is"", ""act"": 0.0}, {""tk"": ""Charleston"", ""act"": 0.0}, {""tk"": ""The"", ""act"": 0.0}, {""tk"": ""capital"", ""act"": 0.0}, {""tk"": ""of"", ""act"": 0.0}, {""tk"": ""Columbia"", ""act"": 0.0}, {""tk"": ""state"", ""act"": 0.0}, {""tk"": ""attribute"", ""act"": 0.0}, {""tk"": ""serving"", ""act"": 0.0}, {""tk"": ""government"", ""act"": 0.0}, {""tk"": ""located"", ""act"": 0.0}, {""tk"": ""containing"", ""act"": 0.0}]"
18_40708,18,40708,relationship: the state in which a city is located is the state containing,<bos>,0,0.0,0.0,semantic,"[{""token"": ""<bos>"", ""index"": 0, ""distance"": 0, ""direction"": ""self""}]",n/a,Semantic,Concept,0.7,False,,Carolina,"[{""tk"": ""is"", ""act"": 6.668160438537598}, {""tk"": ""Carolina"", ""act"": 4.103997230529785}, {""tk"": ""Charleston"", ""act"": 0.315169095993042}, {""tk"": ""city"", ""act"": 0.0}, {""tk"": ""USA"", ""act"": 0.0}, {""tk"": ""The"", ""act"": 0.0}, {""tk"": ""capital"", ""act"": 0.0}, {""tk"": ""of"", ""act"": 0.0}, {""tk"": ""Columbia"", ""act"": 0.0}, {""tk"": ""state"", ""act"": 0.0}, {""tk"": ""attribute"", ""act"": 0.0}, {""tk"": ""serving"", ""act"": 0.0}, {""tk"": ""government"", ""act"": 0.0}, {""tk"": ""located"", ""act"": 0.0}, {""tk"": ""containing"", ""act"": 0.0}]"
18_44719,18,44719,relationship: the state in which a city is located is the state containing,<bos>,0,0.0,0.0,semantic,"[{""token"": ""<bos>"", ""index"": 0, ""distance"": 0, ""direction"": ""self""}]",n/a,"Say ""X""",,1.0,False,,Say (Columbia),"[{""tk"": ""is"", ""act"": 7.295798301696777}, {""tk"": ""the"", ""act"": 6.164579391479492}, {""tk"": ""city"", ""act"": 0.0}, {""tk"": ""Carolina"", ""act"": 0.0}, {""tk"": ""USA"", ""act"": 0.0}, {""tk"": ""Charleston"", ""act"": 0.0}, {""tk"": ""capital"", ""act"": 0.0}, {""tk"": ""of"", ""act"": 0.0}, {""tk"": ""Columbia"", ""act"": 0.0}, {""tk"": ""state"", ""act"": 0.0}, {""tk"": ""attribute"", ""act"": 0.0}, {""tk"": ""serving"", ""act"": 0.0}, {""tk"": ""government"", ""act"": 0.0}, {""tk"": ""located"", ""act"": 0.0}, {""tk"": ""containing"", ""act"": 0.0}]"
18_52185,18,52185,relationship: the state in which a city is located is the state containing,<bos>,0,0.0,0.0,semantic,"[{""token"": ""<bos>"", ""index"": 0, ""distance"": 0, ""direction"": ""self""}]",n/a,Semantic,Dictionary,1.0,False,,Charleston,"[{""tk"": ""Charleston"", ""act"": 14.778912544250488}, {""tk"": ""city"", ""act"": 0.0}, {""tk"": ""Carolina"", ""act"": 0.0}, {""tk"": ""USA"", ""act"": 0.0}, {""tk"": ""is"", ""act"": 0.0}, {""tk"": ""The"", ""act"": 0.0}, {""tk"": ""capital"", ""act"": 0.0}, {""tk"": ""of"", ""act"": 0.0}, {""tk"": ""Columbia"", ""act"": 0.0}, {""tk"": ""state"", ""act"": 0.0}, {""tk"": ""attribute"", ""act"": 0.0}, {""tk"": ""serving"", ""act"": 0.0}, {""tk"": ""government"", ""act"": 0.0}, {""tk"": ""located"", ""act"": 0.0}, {""tk"": ""containing"", ""act"": 0.0}]"
20_57025,20,57025,relationship: the state in which a city is located is the state containing,<bos>,0,13.256905555725098,0.9333333333333332,semantic,"[{""token"": ""<bos>"", ""index"": 0, ""distance"": 0, ""direction"": ""self""}]",n/a,Semantic,Concept,0.7,False,,Semantic (unknown),"[{""tk"": ""is"", ""act"": 7.220115661621094}, {""tk"": ""city"", ""act"": 0.0}, {""tk"": ""Carolina"", ""act"": 0.0}, {""tk"": ""USA"", ""act"": 0.0}, {""tk"": ""Charleston"", ""act"": 0.0}, {""tk"": ""The"", ""act"": 0.0}, {""tk"": ""capital"", ""act"": 0.0}, {""tk"": ""of"", ""act"": 0.0}, {""tk"": ""Columbia"", ""act"": 0.0}, {""tk"": ""state"", ""act"": 0.0}, {""tk"": ""attribute"", ""act"": 0.0}, {""tk"": ""serving"", ""act"": 0.0}, {""tk"": ""government"", ""act"": 0.0}, {""tk"": ""located"", ""act"": 0.0}, {""tk"": ""containing"", ""act"": 0.0}]"
20_67784,20,67784,relationship: the state in which a city is located is the state containing,<bos>,0,0.0,0.0,semantic,"[{""token"": ""<bos>"", ""index"": 0, ""distance"": 0, ""direction"": ""self""}]",n/a,"Say ""X""",,1.0,False,,Say (city),"[{""tk"": ""of"", ""act"": 3.863483428955078}, {""tk"": ""city"", ""act"": 0.0}, {""tk"": ""Carolina"", ""act"": 0.0}, {""tk"": ""USA"", ""act"": 0.0}, {""tk"": ""is"", ""act"": 0.0}, {""tk"": ""Charleston"", ""act"": 0.0}, {""tk"": ""The"", ""act"": 0.0}, {""tk"": ""capital"", ""act"": 0.0}, {""tk"": ""Columbia"", ""act"": 0.0}, {""tk"": ""state"", ""act"": 0.0}, {""tk"": ""attribute"", ""act"": 0.0}, {""tk"": ""serving"", ""act"": 0.0}, {""tk"": ""government"", ""act"": 0.0}, {""tk"": ""located"", ""act"": 0.0}, {""tk"": ""containing"", ""act"": 0.0}]"
22_2925,22,2925,relationship: the state in which a city is located is the state containing,<bos>,0,9.63625144958496,0.9333333333333332,semantic,"[{""token"": ""<bos>"", ""index"": 0, ""distance"": 0, ""direction"": ""self""}]",n/a,Semantic,Concept,0.6,False,,Semantic (unknown),"[{""tk"": ""is"", ""act"": 21.47593116760254}, {""tk"": ""city"", ""act"": 0.0}, {""tk"": ""Carolina"", ""act"": 0.0}, {""tk"": ""USA"", ""act"": 0.0}, {""tk"": ""Charleston"", ""act"": 0.0}, {""tk"": ""The"", ""act"": 0.0}, {""tk"": ""capital"", ""act"": 0.0}, {""tk"": ""of"", ""act"": 0.0}, {""tk"": ""Columbia"", ""act"": 0.0}, {""tk"": ""state"", ""act"": 0.0}, {""tk"": ""attribute"", ""act"": 0.0}, {""tk"": ""serving"", ""act"": 0.0}, {""tk"": ""government"", ""act"": 0.0}, {""tk"": ""located"", ""act"": 0.0}, {""tk"": ""containing"", ""act"": 0.0}]"
22_19295,22,19295,relationship: the state in which a city is located is the state containing,<bos>,0,2.260288953781128,0.9333333333333332,semantic,"[{""token"": ""<bos>"", ""index"": 0, ""distance"": 0, ""direction"": ""self""}]",n/a,Semantic,Concept,0.8,False,,Semantic (unknown),"[{""tk"": ""is"", ""act"": 15.38586139678955}, {""tk"": ""city"", ""act"": 0.0}, {""tk"": ""Carolina"", ""act"": 0.0}, {""tk"": ""USA"", ""act"": 0.0}, {""tk"": ""Charleston"", ""act"": 0.0}, {""tk"": ""The"", ""act"": 0.0}, {""tk"": ""capital"", ""act"": 0.0}, {""tk"": ""of"", ""act"": 0.0}, {""tk"": ""Columbia"", ""act"": 0.0}, {""tk"": ""state"", ""act"": 0.0}, {""tk"": ""attribute"", ""act"": 0.0}, {""tk"": ""serving"", ""act"": 0.0}, {""tk"": ""government"", ""act"": 0.0}, {""tk"": ""located"", ""act"": 0.0}, {""tk"": ""containing"", ""act"": 0.0}]"
22_92671,22,92671,relationship: the state in which a city is located is the state containing,<bos>,0,0.0,0.0,semantic,"[{""token"": ""<bos>"", ""index"": 0, ""distance"": 0, ""direction"": ""self""}]",n/a,Relationship,,1.0,False,,(city) related,"[{""tk"": ""city"", ""act"": 0.0}, {""tk"": ""Carolina"", ""act"": 0.0}, {""tk"": ""USA"", ""act"": 0.0}, {""tk"": ""is"", ""act"": 0.0}, {""tk"": ""Charleston"", ""act"": 0.0}, {""tk"": ""The"", ""act"": 0.0}, {""tk"": ""capital"", ""act"": 0.0}, {""tk"": ""of"", ""act"": 0.0}, {""tk"": ""Columbia"", ""act"": 0.0}, {""tk"": ""state"", ""act"": 0.0}, {""tk"": ""attribute"", ""act"": 0.0}, {""tk"": ""serving"", ""act"": 0.0}, {""tk"": ""government"", ""act"": 0.0}, {""tk"": ""located"", ""act"": 0.0}, {""tk"": ""containing"", ""act"": 0.0}]"
24_5303,24,5303,relationship: the state in which a city is located is the state containing, located,10,18.47713851928711,0.8954457098070177,semantic,"[{""token"": "" located"", ""index"": 10, ""distance"": 0, ""direction"": ""self""}]",n/a,Semantic,Concept,0.7,False,,located,"[{""tk"": ""is"", ""act"": 31.118236541748047}, {""tk"": ""the"", ""act"": 23.955188751220703}, {""tk"": ""located"", ""act"": 18.47713851928711}, {""tk"": ""city"", ""act"": 0.0}, {""tk"": ""Carolina"", ""act"": 0.0}, {""tk"": ""USA"", ""act"": 0.0}, {""tk"": ""Charleston"", ""act"": 0.0}, {""tk"": ""capital"", ""act"": 0.0}, {""tk"": ""of"", ""act"": 0.0}, {""tk"": ""Columbia"", ""act"": 0.0}, {""tk"": ""state"", ""act"": 0.0}, {""tk"": ""attribute"", ""act"": 0.0}, {""tk"": ""serving"", ""act"": 0.0}, {""tk"": ""government"", ""act"": 0.0}, {""tk"": ""containing"", ""act"": 0.0}]"
24_2574,24,2574,relationship: the state in which a city is located is the state containing,<bos>,0,0.0,0.0,semantic,"[{""token"": ""<bos>"", ""index"": 0, ""distance"": 0, ""direction"": ""self""}]",n/a,"Say ""X""",,1.0,False,,Say (Columbia),"[{""tk"": ""is"", ""act"": 19.94355010986328}, {""tk"": ""city"", ""act"": 0.0}, {""tk"": ""Carolina"", ""act"": 0.0}, {""tk"": ""USA"", ""act"": 0.0}, {""tk"": ""Charleston"", ""act"": 0.0}, {""tk"": ""The"", ""act"": 0.0}, {""tk"": ""capital"", ""act"": 0.0}, {""tk"": ""of"", ""act"": 0.0}, {""tk"": ""Columbia"", ""act"": 0.0}, {""tk"": ""state"", ""act"": 0.0}, {""tk"": ""attribute"", ""act"": 0.0}, {""tk"": ""serving"", ""act"": 0.0}, {""tk"": ""government"", ""act"": 0.0}, {""tk"": ""located"", ""act"": 0.0}, {""tk"": ""containing"", ""act"": 0.0}]"
