{
  "CICCIOTTO_1": {
    "seed": "20_15589",
    "members": [
      "20_15589",
      "14_2268",
      "16_25",
      "4_13154",
      "18_8959",
      "15_2107",
      "7_6861",
      "15_266",
      "3_5892",
      "11_3544",
      "1_15816",
      "15_4494",
      "2_12880"
    ],
    "narrative_theme": "of",
    "seed_layer": 20,
    "seed_logit_influence": 0.08189568,
    "total_influence_score": 55.173010884245144,
    "coherence_history": [
      1.0,
      0.6055578690219039,
      0.675498383901098,
      0.5892627747813608,
      0.5725165677106432,
      0.5625354454896396,
      0.5846017938547861,
      0.5651371839639951,
      0.5568873133658426,
      0.5429693334092784,
      0.5382539825905595,
      0.536895100065591,
      0.5331829924925466
    ],
    "final_coherence": 0.5331829924925466,
    "growth_iterations": 12
  },
  "CICCIOTTO_2": {
    "seed": "24_13277",
    "members": [
      "24_13277",
      "21_5943",
      "23_1529",
      "22_3064",
      "21_11630",
      "22_11718",
      "19_7477",
      "17_7178",
      "19_2695",
      "22_4999",
      "18_6101",
      "19_1445",
      "17_1084"
    ],
    "narrative_theme": "of",
    "seed_layer": 24,
    "seed_logit_influence": 0.40285528,
    "total_influence_score": 30.514916196514122,
    "coherence_history": [
      1.0,
      0.5105717507110137,
      0.6138341829818071,
      0.6620391059334502,
      0.6349335094586197,
      0.6247530892978113,
      0.595403616921375,
      0.5914659357695293,
      0.589478872714701,
      0.5997199383459265,
      0.6154728427106124,
      0.6244541964724831,
      0.6195942966737421
    ],
    "final_coherence": 0.6195942966737421,
    "growth_iterations": 12
  },
  "CICCIOTTO_8": {
    "seed": "23_12237",
    "members": [
      "23_12237",
      "16_4298",
      "18_3852",
      "7_691"
    ],
    "narrative_theme": "the",
    "seed_layer": 23,
    "seed_logit_influence": 0.10508779,
    "total_influence_score": 0.6943310968947867,
    "coherence_history": [
      1.0,
      0.44453463231070245,
      0.5501282525764456,
      0.45837198046482086
    ],
    "final_coherence": 0.45837198046482086,
    "growth_iterations": 3
  },
  "CICCIOTTO_9": {
    "seed": "2_7173",
    "members": [
      "2_7173",
      "0_12613",
      "0_7118",
      "0_6741",
      "0_3284"
    ],
    "narrative_theme": "<BOS>",
    "seed_layer": 2,
    "seed_logit_influence": 0.03449328,
    "total_influence_score": 0.03449328,
    "coherence_history": [
      1.0,
      0.8233333333333334,
      0.74,
      0.6983333333333333,
      0.6733333333333333
    ],
    "final_coherence": 0.6733333333333333,
    "growth_iterations": 4
  },
  "CICCIOTTO_12": {
    "seed": "24_15694",
    "members": [
      "24_15694",
      "23_6617",
      "22_3551",
      "23_13193"
    ],
    "narrative_theme": "in",
    "seed_layer": 24,
    "seed_logit_influence": 0.08675792,
    "total_influence_score": 13.311902663919373,
    "coherence_history": [
      1.0,
      0.7366666666666667,
      0.6469779245535972,
      0.6822076096137365
    ],
    "final_coherence": 0.6822076096137365,
    "growth_iterations": 3
  },
  "CICCIOTTO_13": {
    "seed": "12_10631",
    "members": [
      "12_10631",
      "0_11375",
      "7_1460",
      "7_7319",
      "6_1920",
      "4_7671",
      "4_3044",
      "5_12881",
      "10_3837",
      "3_15286",
      "6_4662",
      "2_6274",
      "0_5660",
      "0_8885",
      "6_2267",
      "3_9559",
      "2_9457",
      "2_12403"
    ],
    "narrative_theme": "<BOS>",
    "seed_layer": 12,
    "seed_logit_influence": 0.07424639,
    "total_influence_score": 3.03211764436782,
    "coherence_history": [
      1.0,
      0.5834274130016911,
      0.6513001718546976,
      0.6603524791635573,
      0.6105803513026067,
      0.5835204326063899,
      0.5730523899050195,
      0.5563919269239355,
      0.5314238442097426,
      0.5313847793496146,
      0.5475329035828633,
      0.5462555979638694,
      0.5454868418674033,
      0.5417687573253451,
      0.5281107819878942,
      0.5358553318364656,
      0.5327455411630093,
      0.5294453371100669
    ],
    "final_coherence": 0.5294453371100669,
    "growth_iterations": 17
  },
  "CICCIOTTO_14": {
    "seed": "15_1735",
    "members": [
      "15_1735",
      "14_10346",
      "13_7058",
      "14_2654",
      "13_7558",
      "12_10440",
      "13_3610",
      "4_7870"
    ],
    "narrative_theme": "<BOS>",
    "seed_layer": 15,
    "seed_logit_influence": 0.080685265,
    "total_influence_score": 0.2981843596210446,
    "coherence_history": [
      1.0,
      0.8366666666666667,
      0.79,
      0.7483333333333333,
      0.7333333333333333,
      0.7233333333333334,
      0.7385714285714287,
      0.6125568627190152
    ],
    "final_coherence": 0.6125568627190152,
    "growth_iterations": 7
  },
  "CICCIOTTO_15": {
    "seed": "3_3205",
    "members": [
      "3_3205",
      "1_14137",
      "0_11645",
      "2_16088",
      "0_5626",
      "0_4687",
      "0_4323"
    ],
    "narrative_theme": "Texas",
    "seed_layer": 3,
    "seed_logit_influence": 0.070484035,
    "total_influence_score": 32.26831090292314,
    "coherence_history": [
      1.0,
      0.671597339216362,
      0.5801796855964282,
      0.6069093608001336,
      0.6390344676727963,
      0.6562136712604737,
      0.6383445954517459
    ],
    "final_coherence": 0.6383445954517459,
    "growth_iterations": 6
  },
  "CICCIOTTO_16": {
    "seed": "25_16302",
    "members": [
      "25_16302",
      "24_1260",
      "21_13426",
      "16_6491"
    ],
    "narrative_theme": "in",
    "seed_layer": 25,
    "seed_logit_influence": 0.40425304,
    "total_influence_score": 31.858486492677727,
    "coherence_history": [
      1.0,
      0.6645935832405275,
      0.6099202060405648,
      0.5483961181148186
    ],
    "final_coherence": 0.5483961181148186,
    "growth_iterations": 3
  },
  "CICCIOTTO_17": {
    "seed": "4_14857",
    "members": [
      "4_14857",
      "0_127"
    ],
    "narrative_theme": "Texas",
    "seed_layer": 4,
    "seed_logit_influence": 0.17193495,
    "total_influence_score": 0.17193495,
    "coherence_history": [
      1.0,
      0.5546617451648754
    ],
    "final_coherence": 0.5546617451648754,
    "growth_iterations": 1
  },
  "CICCIOTTO_19": {
    "seed": "18_3536",
    "members": [
      "18_3536",
      "17_10747",
      "16_15223",
      "16_10202"
    ],
    "narrative_theme": "<BOS>",
    "seed_layer": 18,
    "seed_logit_influence": 0.09269701,
    "total_influence_score": 13.311541370671938,
    "coherence_history": [
      1.0,
      0.8366666666666667,
      0.6441964733132474,
      0.6720637752612432
    ],
    "final_coherence": 0.6720637752612432,
    "growth_iterations": 3
  },
  "CICCIOTTO_27": {
    "seed": "2_15063",
    "members": [
      "2_15063",
      "1_16132",
      "1_1000",
      "0_11124",
      "0_10754",
      "0_9497",
      "0_2850",
      "0_12294",
      "0_2327",
      "0_8872"
    ],
    "narrative_theme": "state",
    "seed_layer": 2,
    "seed_logit_influence": 0.051973134,
    "total_influence_score": 0.051973134,
    "coherence_history": [
      1.0,
      0.7366666666666667,
      0.7533333333333333,
      0.7983333333333333,
      0.7583333333333333,
      0.73,
      0.7161904761904762,
      0.7036904761904761,
      0.6927777777777777,
      0.6733333333333333
    ],
    "final_coherence": 0.6733333333333333,
    "growth_iterations": 9
  },
  "CICCIOTTO_29": {
    "seed": "5_7837",
    "members": [
      "5_7837",
      "2_8734",
      "4_9130",
      "2_7418",
      "2_4310",
      "0_1961",
      "0_5640"
    ],
    "narrative_theme": "<BOS>",
    "seed_layer": 5,
    "seed_logit_influence": 0.09978869,
    "total_influence_score": 0.09978869,
    "coherence_history": [
      1.0,
      0.5978679656440358,
      0.6034615859097789,
      0.635,
      0.6108359213500126,
      0.5975255128608411,
      0.5985154200019936
    ],