{
  "CICCIOTTO_1": {
    "seed": "20_15589",
    "members": [
      "20_15589",
      "14_2268",
      "16_25",
      "4_13154",
      "18_8959",
      "7_6861",
      "15_2107",
      "14_4649",
      "15_266",
      "7_10547",
      "4_6087",
      "3_3783",
      "0_11375",
      "3_11734",
      "2_15420",
      "0_10455",
      "2_14970",
      "0_3381",
      "3_5892",
      "11_3544",
      "4_9041",
      "2_9457",
      "0_15089",
      "1_15816",
      "2_16088",
      "2_7971",
      "15_4494",
      "4_15330",
      "2_12880",
      "0_13765",
      "0_6074",
      "0_2115",
      "6_4012",
      "4_4384",
      "0_3598",
      "2_15063",
      "2_4423",
      "0_13727",
      "0_14641",
      "8_10987",
      "7_9774"
    ],
    "narrative_theme": "of",
    "seed_layer": 20,
    "seed_logit_influence": 0.08189568,
    "total_influence_score": 57.59028722670716,
    "coherence_history": [
      1.0,
      0.6055578690219039,
      0.675498383901098,
      0.5892627747813608,
      0.5725165677106432,
      0.595868778822973,
      0.5846017938547861,
      0.5700725551012913,
      0.5367068216846202,
      0.4964464723377492,
      0.4808063678696426,
      0.487918866269733,
      0.4783981873809943,
      0.46961597962032064,
      0.4648944424745723,
      0.45918912434757736,
      0.46803280010726406,
      0.46447230450611426,
      0.4619245939035317,
      0.4573158887146297,
      0.4553218277569394,
      0.4558822139270326,
      0.45588037249078883,
      0.4576821125437535,
      0.4583926145646826,
      0.45871069696678024,
      0.45332195154270244,
      0.45266224334642285,
      0.4526207296694321,
      0.45342443807209276,
      0.4536208786599752,
      0.450511527077237,
      0.45386008741687967,
      0.4516739739515457,
      0.45261703094905537,
      0.4521312792373949,
      0.4513457608971694,
      0.4522308517336138,
      0.45291385773694526,
      0.4492878061714454,
      0.4444204397889105
    ],
    "final_coherence": 0.4444204397889105,
    "growth_iterations": 40
  },
  "CICCIOTTO_2": {
    "seed": "15_851",
    "members": [
      "15_851",
      "12_12493",
      "7_462",
      "9_2762",
      "10_14174",
      "10_10933",
      "11_11186",
      "9_15819",
      "9_3056",
      "9_13483",
      "9_8770",
      "7_5741",
      "5_3992",
      "3_373",
      "5_7489",
      "6_14585",
      "4_9555",
      "1_12115",
      "2_1852",
      "6_14531",
      "4_14592",
      "0_12698",
      "0_6942",
      "1_11207",
      "0_15622",
      "0_96",
      "0_5940",
      "0_5203",
      "0_1903",
      "0_478",
      "0_12163",
      "0_10317",
      "7_6756",
      "0_8569",
      "4_9757"
    ],
    "narrative_theme": "Capital",
    "seed_layer": 15,
    "seed_logit_influence": 0.77709645,
    "total_influence_score": 166.54135842246595,
    "coherence_history": [
      1.0,
      0.7817181201647226,
      0.6398611035714667,
      0.684384926068324,
      0.6708404842295349,
      0.6503486021833699,
      0.6441241814297354,
      0.6345395795747557,
      0.6258255849935067,
      0.6172285689774899,
      0.6071019710076948,
      0.607221983887553,
      0.579915101961352,
      0.556085708080444,
      0.5359871869155987,
      0.5372797670914695,
      0.5384462035559134,
      0.5116935495660684,
      0.5124482206132577,
      0.5123805506031813,
      0.5124318891043163,
      0.4998892772155557,
      0.5000424342444271,
      0.4997108710458007,
      0.4990111971427978,
      0.49849455690130695,
      0.4972729670969653,
      0.4962964899809901,
      0.4954170776407118,
      0.4999412951032882,
      0.498330371970789,
      0.49670633505579986,
      0.4894883787168842,
      0.48810894390510595,
      0.4824695575732675
    ],
    "final_coherence": 0.4824695575732675,
    "growth_iterations": 34
  },
  "CICCIOTTO_3": {
    "seed": "25_11867",
    "members": [
      "25_11867",
      "24_10913",
      "24_10434",
      "24_9798",
      "24_14537",
      "23_13217",
      "22_10868",
      "20_7507",
      "18_264",
      "17_751",
      "15_13929",
      "21_9094",
      "22_4259",
      "21_14954",
      "19_10469",
      "21_3534",
      "17_8502",
      "18_16064",
      "0_2848",
      "17_7628",
      "17_1725",
      "16_1217",
      "16_15896",
      "15_11312",
      "6_12132",
      "14_7881",
      "14_5244",
      "13_11622",
      "15_3601",
      "4_15998",
      "2_11528",
      "3_11453",
      "2_12614",
      "0_12082",
      "4_12217",
      "3_15734",
      "2_3491",
      "12_13517",
      "2_8857",
      "0_11482",
      "14_4896"
    ],
    "narrative_theme": "of",
    "seed_layer": 25,
    "seed_logit_influence": 0.43391472,
    "total_influence_score": 1.9178759122289775,
    "coherence_history": [
      1.0,
      0.6007493390260373,
      0.5756906333592593,
      0.6155586026112239,
      0.640705000901117,
      0.6848614276324814,
      0.6802062752918379,
      0.6582318123701616,
      0.6300946239630382,
      0.615882589881755,
      0.5916029172546396,
      0.5897743485964431,
      0.588446204204159,
      0.5874781004632535,
      0.5578798985912032,
      0.5566018380751043,
      0.5568732045888479,
      0.5572302568166817,
      0.49099969721458614,
      0.4906683428527642,
      0.48980190191680006,
      0.4905024657045294,
      0.4905960914702569,
      0.49131660728461923,
      0.4925149886955774,
      0.4936148155851931,
      0.49420217574255193,
      0.49517336197624817,
      0.4953376154499376,
      0.49588531537147107,
      0.4967422574449436,
      0.4966384219081497,
      0.48135696840053865,
      0.48205855359330274,
      0.48274001063922933,
      0.4834021350771611,
      0.4838204745036448,
      0.4844580802120668,
      0.48386310526233844,
      0.4843339017458502,
      0.4846196058798772
    ],
    "final_coherence": 0.4846196058798772,
    "growth_iterations": 40
  },
  "CICCIOTTO_4": {
    "seed": "16_10989",
    "members": [
      "16_10989",
      "15_751",
      "12_3684",
      "14_15964"
    ],
    "narrative_theme": "Capital",
    "seed_layer": 16,
    "seed_logit_influence": 0.8206568,
    "total_influence_score": 24.942889371244238,
    "coherence_history": [
      1.0,
      0.7911930609820154,
      0.7262042897693599,
      0.7324594890400087
    ],
    "final_coherence": 0.7324594890400087,
    "growth_iterations": 3
  },
  "CICCIOTTO_5": {
    "seed": "25_4717",
    "members": [
      "25_4717",
      "24_13277",
      "22_3064",
      "21_13426",
      "23_2288",
      "24_15013",
      "22_11718",
      "20_5916",
      "18_6101",
      "19_7477",
      "4_7671",
      "3_15286",
      "0_2841",
      "17_7178",
      "12_10631",
      "6_4662",
      "4_7870",
      "4_6839"
    ],
    "narrative_theme": "of",
    "seed_layer": 25,
    "seed_logit_influence": 0.09222841,
    "total_influence_score": 244.58407355536593,
    "coherence_history": [
      1.0,
      0.6372384173776803,
      0.6277562950221907,
      0.6487057726001167,
      0.6484584316529536,
      0.6272514967397101,
      0.6461027772994367,
      0.6345484421719245,
      0.605078069701476,
      0.6173648038821272,
      0.5094192510974881,
      0.5221188656013623,
      0.5140964066260839,
      0.5061313420424571,
      0.5034383809958313,
      0.5032412828008864,
      0.5019917846552853,
      0.49464453395661656
    ],
    "final_coherence": 0.49464453395661656,
    "growth_iterations": 17
  },
  "CICCIOTTO_6": {
    "seed": "17_8783",
    "members": [
      "17_8783",
      "7_8770",
      "3_10197",
      "3_5507",
      "0_7344",
      "0_9147",
      "4_8952"
    ],
    "narrative_theme": "Capital",
    "seed_layer": 17,
    "seed_logit_influence": 0.79490525,
    "total_influence_score": 1.5240087733516907,
    "coherence_history": [
      1.0,
      0.6051717417233631,
      0.5768938411809136,
      0.5854349223180423,
      0.5498820288302112,
      0.529446071332385,
      0.5346388138840052
    ],