{
  "CICCIOTTO_1": {
    "seed": "20_15589",
    "members": [
      "20_15589",
      "14_2268",
      "16_25",
      "4_13154",
      "18_8959",
      "15_2107",
      "14_4649",
      "7_6861",
      "15_266"
    ],
    "narrative_theme": "of",
    "seed_layer": 20,
    "seed_logit_influence": 0.08189568,
    "total_influence_score": 55.67506826153394,
    "coherence_history": [
      1.0,
      0.6055578690219039,
      0.675498383901098,
      0.5892627747813608,
      0.5725165677106432,
      0.5625354454896396,
      0.5510389090895869,
      0.5700725551012913,
      0.5367068216846202
    ],
    "final_coherence": 0.5367068216846202,
    "growth_iterations": 8
  },
  "CICCIOTTO_2": {
    "seed": "24_13277",
    "members": [
      "24_13277",
      "21_5943",
      "23_1529",
      "22_3064",
      "21_11630",
      "22_11718",
      "19_7477",
      "17_7178",
      "19_2695",
      "22_4999",
      "19_37",
      "18_6101",
      "19_1445",
      "18_3852",
      "17_1084",
      "12_10631",
      "3_15286",
      "2_6274",
      "0_10455",
      "0_1998"
    ],
    "narrative_theme": "of",
    "seed_layer": 24,
    "seed_logit_influence": 0.40285528,
    "total_influence_score": 30.514916196514122,
    "coherence_history": [
      1.0,
      0.5105717507110137,
      0.6138341829818071,
      0.6620391059334502,
      0.6349335094586197,
      0.6247530892978113,
      0.595403616921375,
      0.5914659357695293,
      0.589478872714701,
      0.5997199383459265,
      0.6072910245287942,
      0.6221814691997558,
      0.6138250659045112,
      0.6109465057030132,
      0.6087540833659959,
      0.5416602454431928,
      0.5130971796201634,
      0.5082785139010043,
      0.5061799784017684,
      0.505278750002322
    ],
    "final_coherence": 0.505278750002322,
    "growth_iterations": 19
  },
  "CICCIOTTO_8": {
    "seed": "23_12237",
    "members": [
      "23_12237",
      "16_4298",
      "0_11375",
      "4_7671"
    ],
    "narrative_theme": "the",
    "seed_layer": 23,
    "seed_logit_influence": 0.10508779,
    "total_influence_score": 2.4140306051480156,
    "coherence_history": [
      1.0,
      0.44453463231070245,
      0.37941484502079803,
      0.4593432197731152
    ],
    "final_coherence": 0.4593432197731152,
    "growth_iterations": 3
  },
  "CICCIOTTO_9": {
    "seed": "2_7173",
    "members": [
      "2_7173",
      "0_12613",
      "0_7118",
      "0_6741",
      "0_3284"
    ],
    "narrative_theme": "<BOS>",
    "seed_layer": 2,
    "seed_logit_influence": 0.03449328,
    "total_influence_score": 0.03449328,
    "coherence_history": [
      1.0,
      0.8233333333333334,
      0.74,
      0.6983333333333333,
      0.6733333333333333
    ],
    "final_coherence": 0.6733333333333333,
    "growth_iterations": 4
  },
  "CICCIOTTO_12": {
    "seed": "24_15694",
    "members": [
      "24_15694",
      "23_6617",
      "22_3551",
      "23_13193"
    ],
    "narrative_theme": "in",
    "seed_layer": 24,
    "seed_logit_influence": 0.08675792,
    "total_influence_score": 13.311902663919373,
    "coherence_history": [
      1.0,
      0.7366666666666667,
      0.6469779245535972,
      0.6822076096137365
    ],
    "final_coherence": 0.6822076096137365,
    "growth_iterations": 3
  },
  "CICCIOTTO_14": {
    "seed": "15_1735",
    "members": [
      "15_1735",
      "14_10346",
      "13_7058",
      "14_2654",
      "13_7558",
      "12_10440",
      "7_1460",
      "7_4051",
      "7_12405",
      "6_12454",
      "5_3967",
      "4_13172",
      "13_3610",
      "2_11528",
      "2_3491",
      "0_3598",
      "0_10408",
      "10_3837",
      "7_691",
      "4_7870",
      "3_11734"
    ],
    "narrative_theme": "<BOS>",
    "seed_layer": 15,
    "seed_logit_influence": 0.080685265,
    "total_influence_score": 1.1376166376759045,
    "coherence_history": [
      1.0,
      0.8366666666666667,
      0.79,
      0.7483333333333333,
      0.7333333333333333,
      0.7233333333333334,
      0.6576190476190475,
      0.6522619047619047,
      0.6447222222222222,
      0.59741709958656,
      0.5869673359879727,
      0.5690312961452884,
      0.5833711740408816,
      0.5583998209896692,
      0.5582935655650061,
      0.5328557240962981,
      0.5316446826555546,
      0.517162797019055,
      0.5206402651052938,
      0.515356715441297,
      0.5153593387953685
    ],
    "final_coherence": 0.5153593387953685,
    "growth_iterations": 20
  },
  "CICCIOTTO_15": {
    "seed": "3_3205",
    "members": [
      "3_3205",
      "1_14137",
      "0_11645",
      "1_15816",
      "2_16088",
      "0_5626",
      "0_4687",
      "0_4323"
    ],
    "narrative_theme": "Texas",
    "seed_layer": 3,
    "seed_logit_influence": 0.070484035,
    "total_influence_score": 32.26831090292314,
    "coherence_history": [
      1.0,
      0.671597339216362,
      0.5801796855964282,
      0.6069093608001336,
      0.6390344676727963,
      0.6662136712604737,
      0.6526303097374602,
      0.6403769164580815
    ],
    "final_coherence": 0.6403769164580815,
    "growth_iterations": 7
  },
  "CICCIOTTO_16": {
    "seed": "25_16302",
    "members": [
      "25_16302",
      "24_1260",
      "21_13426",
      "19_4857",
      "18_16041",
      "16_6491",
      "6_4662",
      "14_3704"
    ],
    "narrative_theme": "in",
    "seed_layer": 25,
    "seed_logit_influence": 0.40425304,
    "total_influence_score": 32.51960601304899,
    "coherence_history": [
      1.0,
      0.6645935832405275,
      0.6099202060405648,
      0.5917088379716523,
      0.6288635956822176,
      0.5972125001250455,
      0.5126927085675472,
      0.5349759945264299
    ],
    "final_coherence": 0.5349759945264299,
    "growth_iterations": 7
  },
  "CICCIOTTO_17": {
    "seed": "4_14857",
    "members": [
      "4_14857",
      "0_127"
    ],
    "narrative_theme": "Texas",
    "seed_layer": 4,
    "seed_logit_influence": 0.17193495,
    "total_influence_score": 0.17193495,
    "coherence_history": [
      1.0,
      0.5546617451648754
    ],
    "final_coherence": 0.5546617451648754,
    "growth_iterations": 1
  },
  "CICCIOTTO_19": {
    "seed": "18_3536",
    "members": [
      "18_3536",
      "17_10747",
      "16_15223",
      "16_10202",
      "14_13956",
      "9_12570",
      "7_7730",
      "0_8939",
      "6_2267"
    ],
    "narrative_theme": "<BOS>",
    "seed_layer": 18,
    "seed_logit_influence": 0.09269701,
    "total_influence_score": 14.175146975751632,
    "coherence_history": [
      1.0,
      0.8366666666666667,
      0.6441964733132474,
      0.6720637752612432,
      0.6487277405314463,
      0.5849706485266067,
      0.5847702560501198,
      0.5267264813764385,
      0.5148184944351557
    ],
    "final_coherence": 0.5148184944351557,
    "growth_iterations": 8
  },
  "CICCIOTTO_27": {
    "seed": "2_15063",
    "members": [
      "2_15063",
      "1_16132",
      "1_1000",
      "0_11124",
      "0_10754",
      "0_9497",
      "0_2850",
      "0_12294",
      "0_2327",
      "0_8872"
    ],
    "narrative_theme": "state",
    "seed_layer": 2,
    "seed_logit_influence": 0.051973134,
    "total_influence_score": 0.051973134,
    "coherence_history": [
      1.0,
      0.7366666666666667,
      0.7533333333333333,
      0.7983333333333333,
      0.7583333333333333,
      0.73,
      0.7161904761904762,
      0.7036904761904761,
      0.6927777777777777,
      0.6733333333333333
    ],
    "final_coherence": 0.6733333333333333,
    "growth_iterations": 9
  },
  "CICCIOTTO_29": {
    "seed": "5_7837",
    "members": [
      "5_7837",
      "2_8734",
      "4_9130",
      "2_7418",
      "2_4310",
      "1_12158",
      "0_3484",
      "0_1961",
      "0_6217",
      "0_5640"
    ],
    "narrative_theme": "<BOS>",
    "seed_layer": 5,
    "seed_logit_influence": 0.09978869,
    "total_influence_score": 0.09978869,