{
  "CICCIOTTO_1": {
    "Capital of Texas: Austin is th...": {
      "n_active_members": 41,
      "avg_consistency": 0.13276036049625495,
      "consistency_std": 0.2572875395588232
    },
    "Dallas: a major city located i...": {
      "n_active_members": 41,
      "avg_consistency": 0.10688154531143061,
      "consistency_std": 0.2405698063245029
    },
    "State containment: Dallas is g...": {
      "n_active_members": 41,
      "avg_consistency": 0.06583755898357528,
      "consistency_std": 0.16076177219722113
    },
    "Texas: the U.S. state in which...": {
      "n_active_members": 41,
      "avg_consistency": 0.11202672001247,
      "consistency_std": 0.20827385386249733
    }
  },
  "CICCIOTTO_2": {
    "Capital of Texas: Austin is th...": {
      "n_active_members": 35,
      "avg_consistency": 0.15553999628339496,
      "consistency_std": 0.2357495108944573
    },
    "Dallas: a major city located i...": {
      "n_active_members": 35,
      "avg_consistency": 0.15471350720950536,
      "consistency_std": 0.23772105835766433
    },
    "State containment: Dallas is g...": {
      "n_active_members": 35,
      "avg_consistency": 0.12783823470984187,
      "consistency_std": 0.18586779673328133
    },
    "Texas: the U.S. state in which...": {
      "n_active_members": 35,
      "avg_consistency": 0.15351497648017748,
      "consistency_std": 0.23537070713485528
    }
  },
  "CICCIOTTO_3": {
    "Capital of Texas: Austin is th...": {
      "n_active_members": 41,
      "avg_consistency": 0.06172491896261529,
      "consistency_std": 0.20774480269935114
    },
    "Dallas: a major city located i...": {
      "n_active_members": 41,
      "avg_consistency": 0.07025754915141477,
      "consistency_std": 0.22001516980816607
    },
    "State containment: Dallas is g...": {
      "n_active_members": 41,
      "avg_consistency": 0.032549021720159346,
      "consistency_std": 0.1089296328294645
    },
    "Texas: the U.S. state in which...": {
      "n_active_members": 41,
      "avg_consistency": 0.00858847860519479,
      "consistency_std": 0.04724841237589499
    }
  },
  "CICCIOTTO_4": {
    "Capital of Texas: Austin is th...": {
      "n_active_members": 4,
      "avg_consistency": 0.16884463280439377,
      "consistency_std": 0.21719886367687094
    },
    "Dallas: a major city located i...": {
      "n_active_members": 4,
      "avg_consistency": 0.17036355286836624,
      "consistency_std": 0.21707650393479264
    },
    "State containment: Dallas is g...": {
      "n_active_members": 4,
      "avg_consistency": 0.16578758880496025,
      "consistency_std": 0.2140239254221936
    },
    "Texas: the U.S. state in which...": {
      "n_active_members": 4,
      "avg_consistency": 0.17031778395175934,
      "consistency_std": 0.21777028516640767
    }
  },
  "CICCIOTTO_5": {
    "Capital of Texas: Austin is th...": {
      "n_active_members": 18,
      "avg_consistency": 0.2486590329143736,
      "consistency_std": 0.3227748833129041
    },
    "Dallas: a major city located i...": {
      "n_active_members": 18,
      "avg_consistency": 0.23413306598862013,
      "consistency_std": 0.38279181106037125
    },
    "State containment: Dallas is g...": {
      "n_active_members": 18,
      "avg_consistency": 0.19964485118786493,
      "consistency_std": 0.33693782267214667
    },
    "Texas: the U.S. state in which...": {
      "n_active_members": 18,
      "avg_consistency": 0.0568253066804674,
      "consistency_std": 0.194639557348627
    }
  },
  "CICCIOTTO_6": {
    "Capital of Texas: Austin is th...": {
      "n_active_members": 7,
      "avg_consistency": 0.11371327298028129,
      "consistency_std": 0.15002885937791371
    },
    "Dallas: a major city located i...": {
      "n_active_members": 7,
      "avg_consistency": 0.0897239020892552,
      "consistency_std": 0.15439001962297805
    },
    "State containment: Dallas is g...": {
      "n_active_members": 7,
      "avg_consistency": 0.08715548259871346,
      "consistency_std": 0.14954705701791868
    },
    "Texas: the U.S. state in which...": {
      "n_active_members": 7,
      "avg_consistency": 0.08763376304081508,
      "consistency_std": 0.15040031184793834
    }
  },
  "CICCIOTTO_8": {
    "Capital of Texas: Austin is th...": {
      "n_active_members": 30,
      "avg_consistency": 0.3165146380662918,
      "consistency_std": 0.3414593288457367
    },
    "Dallas: a major city located i...": {
      "n_active_members": 30,
      "avg_consistency": 0.30641227290034295,
      "consistency_std": 0.34170454926548166
    },
    "State containment: Dallas is g...": {
      "n_active_members": 30,
      "avg_consistency": 0.1954162210226059,
      "consistency_std": 0.327992981979577
    },
    "Texas: the U.S. state in which...": {
      "n_active_members": 30,
      "avg_consistency": 0.21230767369270326,
      "consistency_std": 0.3215721159226005
    }
  },
  "CICCIOTTO_13": {
    "Capital of Texas: Austin is th...": {
      "n_active_members": 3,
      "avg_consistency": 0.09986233711242676,
      "consistency_std": 0.17296664164129424
    },
    "Dallas: a major city located i...": {
      "n_active_members": 3,
      "avg_consistency": 0.09999110301335652,
      "consistency_std": 0.17318967072398697
    },
    "State containment: Dallas is g...": {
      "n_active_members": 3,
      "avg_consistency": 0.10018690427144368,
      "consistency_std": 0.17352880845117985
    },
    "Texas: the U.S. state in which...": {
      "n_active_members": 3,
      "avg_consistency": 0.09992655118306477,
      "consistency_std": 0.1730778636742001
    }
  },
  "CICCIOTTO_21": {
    "Capital of Texas: Austin is th...": {
      "n_active_members": 25,
      "avg_consistency": 0.024735910296440126,
      "consistency_std": 0.061834762041975196
    },
    "Dallas: a major city located i...": {
      "n_active_members": 25,
      "avg_consistency": 0.012666796445846557,
      "consistency_std": 0.06333398222923278
    },
    "State containment: Dallas is g...": {
      "n_active_members": 25,
      "avg_consistency": 0.0,
      "consistency_std": 0.0
    },
    "Texas: the U.S. state in which...": {
      "n_active_members": 25,
      "avg_consistency": 0.0,
      "consistency_std": 0.0
    }
  },
  "CICCIOTTO_23": {
    "Capital of Texas: Austin is th...": {
      "n_active_members": 19,
      "avg_consistency": 0.04026716006429572,
      "consistency_std": 0.1755204814636418
    },
    "Dallas: a major city located i...": {
      "n_active_members": 19,
      "avg_consistency": 0.08322068264609889,
      "consistency_std": 0.25886475558532784
    },
    "State containment: Dallas is g...": {
      "n_active_members": 19,
      "avg_consistency": 0.02986921134747957,
      "consistency_std": 0.1301968737869218
    },
    "Texas: the U.S. state in which...": {
      "n_active_members": 19,
      "avg_consistency": 0.017962712990610225,
      "consistency_std": 0.07829765067789522
    }
  },
  "CICCIOTTO_25": {
    "Capital of Texas: Austin is th...": {
      "n_active_members": 2,
      "avg_consistency": 0.33578354120254517,
      "consistency_std": 0.47486963799030435
    },
    "Dallas: a major city located i...": {
      "n_active_members": 2,
      "avg_consistency": 0.34673067927360535,
      "consistency_std": 0.49035122911956847
    },
    "State containment: Dallas is g...": {
      "n_active_members": 2,
      "avg_consistency": 0.3168262839317322,
      "consistency_std": 0.4480600276525247
    },
    "Texas: the U.S. state in which...": {
      "n_active_members": 2,
      "avg_consistency": 0.34015944600105286,
      "consistency_std": 0.48105810190400744
    }
  },
  "CICCIOTTO_28": {
    "Capital of Texas: Austin is th...": {
      "n_active_members": 16,
      "avg_consistency": 0.05660449340939522,
      "consistency_std": 0.154834501834369
    },
    "Dallas: a major city located i...": {
      "n_active_members": 16,
      "avg_consistency": 0.16394037194550037,