{
  "total_logit_influence": 611.08676943,
  "supernode_logit_influence": 314.388925592,
  "supernode_influence_coverage_percent": 51.4475098004905,
  "excluded_logit_influence": 296.697843838,
  "excluded_influence_percent": 48.5524901995095,
  "breakdown": {
    "layer0_influence_percent": 0.0,
    "low_consistency_influence_percent": 38.91134940031424,
    "bos_influence_percent": 42.238714682656386
  },
  "type_breakdown": {
    "hybrid": {
      "count": 1516,
      "total_influence": 216.2867248550003,
      "influence_percent": 35.39378295765508,
      "avg_influence": 0.14266934357189995
    },
    "generalist": {
      "count": 43,
      "total_influence": 3.695378815,
      "influence_percent": 0.604722438753979,
      "avg_influence": 0.08593904220930233
    },
    "specialist": {
      "count": 3,
      "total_influence": 1.32016539,
      "influence_percent": 0.2160356689167732,
      "avg_influence": 0.44005513
    }
  },
  "ag_metrics": {
    "avg_node_influence": 0.005039372573016365,
    "node_influence_coverage_percent": 56.54889263539783,
    "internal_edge_density": 0.19081801541082338,
    "top20_coverage_percent": 90.0
  },
  "interpretation": "WEAK"
}