{
  "total_logit_influence": 611.08676943,
  "supernode_logit_influence": 314.303156204,
  "supernode_influence_coverage_percent": 51.43347425066506,
  "excluded_logit_influence": 296.783613226,
  "excluded_influence_percent": 48.56652574933494,
  "breakdown": {
    "layer0_influence_percent": 0.0,
    "low_consistency_influence_percent": 38.851936341455406,
    "bos_influence_percent": 42.22933119853129
  },
  "type_breakdown": {
    "hybrid": {
      "count": 1523,
      "total_influence": 216.50542400700004,
      "influence_percent": 35.42957151714291,
      "avg_influence": 0.14215720552002628
    },
    "generalist": {
      "count": 43,
      "total_influence": 3.6953788149999993,
      "influence_percent": 0.6047224387539788,
      "avg_influence": 0.0859390422093023
    },
    "specialist": {
      "count": 3,
      "total_influence": 1.32016539,
      "influence_percent": 0.2160356689167732,
      "avg_influence": 0.44005513
    }
  },
  "ag_metrics": {
    "avg_node_influence": 0.005168958276095298,
    "node_influence_coverage_percent": 56.15914452699181,
    "internal_edge_density": 0.18970873085503087,
    "top20_coverage_percent": 90.0,
    "circuit_scores": {}
  },
  "interpretation": "WEAK"
}