{
  "total_logit_influence": 611.08676943,
  "supernode_logit_influence": 168.706285559,
  "supernode_influence_coverage_percent": 27.6075827523419,
  "excluded_logit_influence": 442.380483871,
  "excluded_influence_percent": 72.3924172476581,
  "breakdown": {
    "layer0_influence_percent": 0.0,
    "low_consistency_influence_percent": 66.89060925116681,
    "bos_influence_percent": 49.840771729044704
  },
  "interpretation": "WEAK"
}