{
  "total_logit_influence": 611.08676943,
  "supernode_logit_influence": 319.297619811,
  "supernode_influence_coverage_percent": 52.25078266852831,
  "excluded_logit_influence": 291.789149619,
  "excluded_influence_percent": 47.74921733147169,
  "breakdown": {
    "layer0_influence_percent": 0.0,
    "low_consistency_influence_percent": 41.07875938684599,
    "bos_influence_percent": 40.49490751335051
  },
  "type_breakdown": {
    "hybrid": {
      "count": 1439,
      "total_influence": 215.26433721399982,
      "influence_percent": 35.22647649773055,
      "avg_influence": 0.1495930070979846
    },
    "generalist": {
      "count": 67,
      "total_influence": 5.1031801,
      "influence_percent": 0.8350990980806319,
      "avg_influence": 0.07616686716417911
    },
    "specialist": {
      "count": 1,
      "total_influence": 0.41697624,
      "influence_percent": 0.06823519356980035,
      "avg_influence": 0.41697624
    }
  },
  "interpretation": "WEAK"
}