{
  "mean_consistency_vs_logit_influence": 0.0034396206455301784,
  "max_affinity_vs_logit_influence": -0.04065404950864851,
  "conditional_vs_mean_consistency": 0.7400152719796943,
  "layer_vs_mean_consistency": -0.001608849849508912,
  "layer_vs_max_affinity": 0.006426613233678134
}