feature_key,layer,feature,prompt,peak_token,peak_token_idx,activation_max,sparsity_ratio,peak_token_type,target_tokens,tokens_source,pred_label,subtype,confidence,review,why_review,supernode_name,top_activations_probe_original
0_95475,0,95475,"entity: A major city in Oklahoma, USA is Tulsa", city,5,69.083984375,0.5777061343749759,semantic,"[{""token"": "" city"", ""index"": 5, ""distance"": 0, ""direction"": ""self""}]",n/a,Semantic,Dictionary (fallback),0.9,False,,government,"[{""tk"": ""government"", ""act"": 73.73577117919922}, {""tk"": ""state"", ""act"": 72.12992095947266}, {""tk"": ""city"", ""act"": 69.083984375}, {""tk"": ""capital"", ""act"": 60.64950942993164}, {""tk"": ""Oklahoma"", ""act"": 59.78224182128906}, {""tk"": ""USA"", ""act"": 57.357418060302734}, {""tk"": ""relationship"", ""act"": 51.8544807434082}, {""tk"": ""attribute"", ""act"": 50.58573913574219}, {""tk"": ""United"", ""act"": 44.38002395629883}, {""tk"": ""seat"", ""act"": 44.13238525390625}, {""tk"": ""Tulsa"", ""act"": 42.2085075378418}, {""tk"": ""entity"", ""act"": 40.56538009643555}, {""tk"": ""containing"", ""act"": 27.732948303222656}, {""tk"": ""in"", ""act"": 0.0}, {""tk"": ""is"", ""act"": 0.0}, {""tk"": ""The"", ""act"": 0.0}, {""tk"": ""of"", ""act"": 0.0}, {""tk"": ""which"", ""act"": 0.0}]"
0_18753,0,18753,"entity: A major city in Oklahoma, USA is Tulsa",",",8,61.98424530029297,0.7108909616799739,functional,"[{""token"": "" USA"", ""index"": 9, ""distance"": 1, ""direction"": ""forward""}, {""token"": "" Oklahoma"", ""index"": 7, ""distance"": 1, ""direction"": ""backward""}]",json,Semantic,Dictionary,1.0,False,,punctuation,"[{""tk"": ""the"", ""act"": 45.698326110839844}, {""tk"": ""is"", ""act"": 44.101776123046875}, {""tk"": ""of"", ""act"": 41.465484619140625}, {""tk"": ""in"", ""act"": 39.97174072265625}, {""tk"": ""entity"", ""act"": 0.0}, {""tk"": ""city"", ""act"": 0.0}, {""tk"": ""Oklahoma"", ""act"": 0.0}, {""tk"": ""USA"", ""act"": 0.0}, {""tk"": ""Tulsa"", ""act"": 0.0}, {""tk"": ""capital"", ""act"": 0.0}, {""tk"": ""state"", ""act"": 0.0}, {""tk"": ""United"", ""act"": 0.0}, {""tk"": ""attribute"", ""act"": 0.0}, {""tk"": ""seat"", ""act"": 0.0}, {""tk"": ""government"", ""act"": 0.0}, {""tk"": ""relationship"", ""act"": 0.0}, {""tk"": ""which"", ""act"": 0.0}, {""tk"": ""containing"", ""act"": 0.0}]"
0_39122,0,39122,"entity: A major city in Oklahoma, USA is Tulsa",",",8,59.43988037109375,0.765838569276078,functional,"[{""token"": "" USA"", ""index"": 9, ""distance"": 1, ""direction"": ""forward""}, {""token"": "" Oklahoma"", ""index"": 7, ""distance"": 1, ""direction"": ""backward""}]",json,Semantic,Dictionary,1.0,False,,punctuation,"[{""tk"": ""of"", ""act"": 40.620758056640625}, {""tk"": ""in"", ""act"": 38.414180755615234}, {""tk"": ""the"", ""act"": 38.37458801269531}, {""tk"": ""entity"", ""act"": 0.0}, {""tk"": ""city"", ""act"": 0.0}, {""tk"": ""Oklahoma"", ""act"": 0.0}, {""tk"": ""USA"", ""act"": 0.0}, {""tk"": ""is"", ""act"": 0.0}, {""tk"": ""Tulsa"", ""act"": 0.0}, {""tk"": ""capital"", ""act"": 0.0}, {""tk"": ""state"", ""act"": 0.0}, {""tk"": ""United"", ""act"": 0.0}, {""tk"": ""attribute"", ""act"": 0.0}, {""tk"": ""seat"", ""act"": 0.0}, {""tk"": ""government"", ""act"": 0.0}, {""tk"": ""relationship"", ""act"": 0.0}, {""tk"": ""which"", ""act"": 0.0}, {""tk"": ""containing"", ""act"": 0.0}]"
0_2161,0,2161,"entity: A major city in Oklahoma, USA is Tulsa",",",8,57.99615478515625,0.816903938430196,functional,"[{""token"": "" USA"", ""index"": 9, ""distance"": 1, ""direction"": ""forward""}, {""token"": "" Oklahoma"", ""index"": 7, ""distance"": 1, ""direction"": ""backward""}]",json,Semantic,Dictionary,1.0,False,,punctuation,"[{""tk"": ""of"", ""act"": 35.450897216796875}, {""tk"": ""in"", ""act"": 23.877574920654297}, {""tk"": ""entity"", ""act"": 0.0}, {""tk"": ""city"", ""act"": 0.0}, {""tk"": ""Oklahoma"", ""act"": 0.0}, {""tk"": ""USA"", ""act"": 0.0}, {""tk"": ""is"", ""act"": 0.0}, {""tk"": ""Tulsa"", ""act"": 0.0}, {""tk"": ""The"", ""act"": 0.0}, {""tk"": ""capital"", ""act"": 0.0}, {""tk"": ""state"", ""act"": 0.0}, {""tk"": ""United"", ""act"": 0.0}, {""tk"": ""attribute"", ""act"": 0.0}, {""tk"": ""seat"", ""act"": 0.0}, {""tk"": ""government"", ""act"": 0.0}, {""tk"": ""relationship"", ""act"": 0.0}, {""tk"": ""which"", ""act"": 0.0}, {""tk"": ""containing"", ""act"": 0.0}]"
0_32742,0,32742,"entity: A major city in Oklahoma, USA is Tulsa", Oklahoma,7,57.37395095825195,0.8468557981560337,semantic,"[{""token"": "" Oklahoma"", ""index"": 7, ""distance"": 0, ""direction"": ""self""}]",n/a,Semantic,Dictionary (fallback),0.9,False,,Oklahoma,"[{""tk"": ""Oklahoma"", ""act"": 57.54841995239258}, {""tk"": ""Tulsa"", ""act"": 39.27741622924805}, {""tk"": ""entity"", ""act"": 0.0}, {""tk"": ""city"", ""act"": 0.0}, {""tk"": ""in"", ""act"": 0.0}, {""tk"": ""USA"", ""act"": 0.0}, {""tk"": ""is"", ""act"": 0.0}, {""tk"": ""The"", ""act"": 0.0}, {""tk"": ""capital"", ""act"": 0.0}, {""tk"": ""of"", ""act"": 0.0}, {""tk"": ""state"", ""act"": 0.0}, {""tk"": ""United"", ""act"": 0.0}, {""tk"": ""attribute"", ""act"": 0.0}, {""tk"": ""seat"", ""act"": 0.0}, {""tk"": ""government"", ""act"": 0.0}, {""tk"": ""relationship"", ""act"": 0.0}, {""tk"": ""which"", ""act"": 0.0}, {""tk"": ""containing"", ""act"": 0.0}]"
0_40780,0,40780,"entity: A major city in Oklahoma, USA is Tulsa", is,10,50.20193862915039,0.6681194629488072,functional,"[{""token"": "" Tulsa"", ""index"": 11, ""distance"": 1, ""direction"": ""forward""}]",json,Semantic,Dictionary (fallback),0.9,False,,which,"[{""tk"": ""which"", ""act"": 59.63111114501953}, {""tk"": ""the"", ""act"": 57.446224212646484}, {""tk"": ""is"", ""act"": 50.90119552612305}, {""tk"": ""in"", ""act"": 48.9953727722168}, {""tk"": ""of"", ""act"": 37.325950622558594}, {""tk"": ""entity"", ""act"": 2.3564822673797607}, {""tk"": ""city"", ""act"": 0.0}, {""tk"": ""Oklahoma"", ""act"": 0.0}, {""tk"": ""USA"", ""act"": 0.0}, {""tk"": ""Tulsa"", ""act"": 0.0}, {""tk"": ""capital"", ""act"": 0.0}, {""tk"": ""state"", ""act"": 0.0}, {""tk"": ""United"", ""act"": 0.0}, {""tk"": ""attribute"", ""act"": 0.0}, {""tk"": ""seat"", ""act"": 0.0}, {""tk"": ""government"", ""act"": 0.0}, {""tk"": ""relationship"", ""act"": 0.0}, {""tk"": ""containing"", ""act"": 0.0}]"
0_54198,0,54198,"entity: A major city in Oklahoma, USA is Tulsa", A,3,47.78662109375,0.9090909090909092,functional,"[{""token"": "" major"", ""index"": 4, ""distance"": 1, ""direction"": ""forward""}]",json,Semantic,Dictionary (fallback),0.9,False,,The,"[{""tk"": ""The"", ""act"": 58.88051223754883}, {""tk"": ""entity"", ""act"": 0.0}, {""tk"": ""city"", ""act"": 0.0}, {""tk"": ""in"", ""act"": 0.0}, {""tk"": ""Oklahoma"", ""act"": 0.0}, {""tk"": ""USA"", ""act"": 0.0}, {""tk"": ""is"", ""act"": 0.0}, {""tk"": ""Tulsa"", ""act"": 0.0}, {""tk"": ""capital"", ""act"": 0.0}, {""tk"": ""of"", ""act"": 0.0}, {""tk"": ""state"", ""act"": 0.0}, {""tk"": ""United"", ""act"": 0.0}, {""tk"": ""attribute"", ""act"": 0.0}, {""tk"": ""seat"", ""act"": 0.0}, {""tk"": ""government"", ""act"": 0.0}, {""tk"": ""relationship"", ""act"": 0.0}, {""tk"": ""which"", ""act"": 0.0}, {""tk"": ""containing"", ""act"": 0.0}]"
0_5200,0,5200,"entity: A major city in Oklahoma, USA is Tulsa", is,10,47.42398452758789,0.9090909090909092,functional,"[{""token"": "" Tulsa"", ""index"": 11, ""distance"": 1, ""direction"": ""forward""}]",json,Semantic,Dictionary,0.8333333333333334,False,,is,"[{""tk"": ""is"", ""act"": 47.42398452758789}, {""tk"": ""entity"", ""act"": 0.0}, {""tk"": ""city"", ""act"": 0.0}, {""tk"": ""in"", ""act"": 0.0}, {""tk"": ""Oklahoma"", ""act"": 0.0}, {""tk"": ""USA"", ""act"": 0.0}, {""tk"": ""Tulsa"", ""act"": 0.0}, {""tk"": ""The"", ""act"": 0.0}, {""tk"": ""capital"", ""act"": 0.0}, {""tk"": ""of"", ""act"": 0.0}, {""tk"": ""state"", ""act"": 0.0}, {""tk"": ""United"", ""act"": 0.0}, {""tk"": ""attribute"", ""act"": 0.0}, {""tk"": ""seat"", ""act"": 0.0}, {""tk"": ""government"", ""act"": 0.0}, {""tk"": ""relationship"", ""act"": 0.0}, {""tk"": ""which"", ""act"": 0.0}, {""tk"": ""containing"", ""act"": 0.0}]"
0_91045,0,91045,"entity: A major city in Oklahoma, USA is Tulsa", is,10,46.84683227539063,0.9090909090909092,functional,"[{""token"": "" Tulsa"", ""index"": 11, ""distance"": 1, ""direction"": ""forward""}]",json,Semantic,Dictionary,0.8333333333333334,False,,is,"[{""tk"": ""is"", ""act"": 62.202613830566406}, {""tk"": ""entity"", ""act"": 0.0}, {""tk"": ""city"", ""act"": 0.0}, {""tk"": ""in"", ""act"": 0.0}, {""tk"": ""Oklahoma"", ""act"": 0.0}, {""tk"": ""USA"", ""act"": 0.0}, {""tk"": ""Tulsa"", ""act"": 0.0}, {""tk"": ""The"", ""act"": 0.0}, {""tk"": ""capital"", ""act"": 0.0}, {""tk"": ""of"", ""act"": 0.0}, {""tk"": ""state"", ""act"": 0.0}, {""tk"": ""United"", ""act"": 0.0}, {""tk"": ""attribute"", ""act"": 0.0}, {""tk"": ""seat"", ""act"": 0.0}, {""tk"": ""government"", ""act"": 0.0}, {""tk"": ""relationship"", ""act"": 0.0}, {""tk"": ""which"", ""act"": 0.0}, {""tk"": ""containing"", ""act"": 0.0}]"
0_95057,0,95057,"entity: A major city in Oklahoma, USA is Tulsa",:,2,44.88917541503906,0.6672639857317086,functional,"[{""token"": "" major"", ""index"": 4, ""distance"": 2, ""direction"": ""forward""}, {""token"": ""entity"", ""index"": 1, ""distance"": 1, ""direction"": ""backward""}]",json,Semantic,Dictionary (fallback),0.9,False,,punctuation,"[{""tk"": ""is"", ""act"": 35.278743743896484}, {""tk"": ""The"", ""act"": 34.39540481567383}, {""tk"": ""in"", ""act"": 20.475749969482422}, {""tk"": ""entity"", ""act"": 0.0}, {""tk"": ""city"", ""act"": 0.0}, {""tk"": ""Oklahoma"", ""act"": 0.0}, {""tk"": ""USA"", ""act"": 0.0}, {""tk"": ""Tulsa"", ""act"": 0.0}, {""tk"": ""capital"", ""act"": 0.0}, {""tk"": ""of"", ""act"": 0.0}, {""tk"": ""state"", ""act"": 0.0}, {""tk"": ""United"", ""act"": 0.0}, {""tk"": ""attribute"", ""act"": 0.0}, {""tk"": ""seat"", ""act"": 0.0}, {""tk"": ""government"", ""act"": 0.0}, {""tk"": ""relationship"", ""act"": 0.0}, {""tk"": ""which"", ""act"": 0.0}, {""tk"": ""containing"", ""act"": 0.0}]"
0_230,0,230,"entity: A major city in Oklahoma, USA is Tulsa", is,10,42.87945556640625,0.9090909090909092,functional,"[{""token"": "" Tulsa"", ""index"": 11, ""distance"": 1, ""direction"": ""forward""}]",json,Semantic,Dictionary,0.8333333333333334,False,,is,"[{""tk"": ""is"", ""act"": 47.854530334472656}, {""tk"": ""entity"", ""act"": 0.0}, {""tk"": ""city"", ""act"": 0.0}, {""tk"": ""in"", ""act"": 0.0}, {""tk"": ""Oklahoma"", ""act"": 0.0}, {""tk"": ""USA"", ""act"": 0.0}, {""tk"": ""Tulsa"", ""act"": 0.0}, {""tk"": ""The"", ""act"": 0.0}, {""tk"": ""capital"", ""act"": 0.0}, {""tk"": ""of"", ""act"": 0.0}, {""tk"": ""state"", ""act"": 0.0}, {""tk"": ""United"", ""act"": 0.0}, {""tk"": ""attribute"", ""act"": 0.0}, {""tk"": ""seat"", ""act"": 0.0}, {""tk"": ""government"", ""act"": 0.0}, {""tk"": ""relationship"", ""act"": 0.0}, {""tk"": ""which"", ""act"": 0.0}, {""tk"": ""containing"", ""act"": 0.0}]"
0_49560,0,49560,"entity: A major city in Oklahoma, USA is Tulsa", is,10,41.792964935302734,0.9090909090909092,functional,"[{""token"": "" Tulsa"", ""index"": 11, ""distance"": 1, ""direction"": ""forward""}]",json,Semantic,Dictionary,0.8333333333333334,False,,is,"[{""tk"": ""is"", ""act"": 54.54280471801758}, {""tk"": ""entity"", ""act"": 0.0}, {""tk"": ""city"", ""act"": 0.0}, {""tk"": ""in"", ""act"": 0.0}, {""tk"": ""Oklahoma"", ""act"": 0.0}, {""tk"": ""USA"", ""act"": 0.0}, {""tk"": ""Tulsa"", ""act"": 0.0}, {""tk"": ""The"", ""act"": 0.0}, {""tk"": ""capital"", ""act"": 0.0}, {""tk"": ""of"", ""act"": 0.0}, {""tk"": ""state"", ""act"": 0.0}, {""tk"": ""United"", ""act"": 0.0}, {""tk"": ""attribute"", ""act"": 0.0}, {""tk"": ""seat"", ""act"": 0.0}, {""tk"": ""government"", ""act"": 0.0}, {""tk"": ""relationship"", ""act"": 0.0}, {""tk"": ""which"", ""act"": 0.0}, {""tk"": ""containing"", ""act"": 0.0}]"
0_98149,0,98149,"entity: A major city in Oklahoma, USA is Tulsa",entity,1,25.97108268737793,0.8098780102873424,semantic,"[{""token"": ""entity"", ""index"": 1, ""distance"": 0, ""direction"": ""self""}]",n/a,Semantic,Dictionary (fallback),0.9,False,,state,"[{""tk"": ""state"", ""act"": 31.780366897583008}, {""tk"": ""attribute"", ""act"": 26.52439308166504}, {""tk"": ""entity"", ""act"": 25.97108268737793}, {""tk"": ""relationship"", ""act"": 23.118804931640625}, {""tk"": ""city"", ""act"": 17.828733444213867}, {""tk"": ""capital"", ""act"": 16.205841064453125}, {""tk"": ""United"", ""act"": 7.620537757873535}, {""tk"": ""government"", ""act"": 4.9040398597717285}, {""tk"": ""seat"", ""act"": 0.8987782001495361}, {""tk"": ""in"", ""act"": 0.0}, {""tk"": ""Oklahoma"", ""act"": 0.0}, {""tk"": ""USA"", ""act"": 0.0}, {""tk"": ""is"", ""act"": 0.0}, {""tk"": ""Tulsa"", ""act"": 0.0}, {""tk"": ""The"", ""act"": 0.0}, {""tk"": ""of"", ""act"": 0.0}, {""tk"": ""which"", ""act"": 0.0}, {""tk"": ""containing"", ""act"": 0.0}]"
0_61562,0,61562,"entity: A major city in Oklahoma, USA is Tulsa",entity,1,0.0,0.0,semantic,"[{""token"": ""entity"", ""index"": 1, ""distance"": 0, ""direction"": ""self""}]",n/a,Semantic,Dictionary,1.0,False,,of,"[{""tk"": ""of"", ""act"": 21.94182014465332}, {""tk"": ""entity"", ""act"": 0.0}, {""tk"": ""city"", ""act"": 0.0}, {""tk"": ""in"", ""act"": 0.0}, {""tk"": ""Oklahoma"", ""act"": 0.0}, {""tk"": ""USA"", ""act"": 0.0}, {""tk"": ""is"", ""act"": 0.0}, {""tk"": ""Tulsa"", ""act"": 0.0}, {""tk"": ""The"", ""act"": 0.0}, {""tk"": ""capital"", ""act"": 0.0}, {""tk"": ""state"", ""act"": 0.0}, {""tk"": ""United"", ""act"": 0.0}, {""tk"": ""attribute"", ""act"": 0.0}, {""tk"": ""seat"", ""act"": 0.0}, {""tk"": ""government"", ""act"": 0.0}, {""tk"": ""relationship"", ""act"": 0.0}, {""tk"": ""which"", ""act"": 0.0}, {""tk"": ""containing"", ""act"": 0.0}]"
0_44634,0,44634,"entity: A major city in Oklahoma, USA is Tulsa",entity,1,14.3582763671875,0.9090909090909092,semantic,"[{""token"": ""entity"", ""index"": 1, ""distance"": 0, ""direction"": ""self""}]",n/a,Semantic,Dictionary (fallback),0.9,False,,relationship,"[{""tk"": ""relationship"", ""act"": 23.549901962280273}, {""tk"": ""attribute"", ""act"": 19.139753341674805}, {""tk"": ""entity"", ""act"": 14.3582763671875}, {""tk"": ""city"", ""act"": 0.0}, {""tk"": ""in"", ""act"": 0.0}, {""tk"": ""Oklahoma"", ""act"": 0.0}, {""tk"": ""USA"", ""act"": 0.0}, {""tk"": ""is"", ""act"": 0.0}, {""tk"": ""Tulsa"", ""act"": 0.0}, {""tk"": ""The"", ""act"": 0.0}, {""tk"": ""capital"", ""act"": 0.0}, {""tk"": ""of"", ""act"": 0.0}, {""tk"": ""state"", ""act"": 0.0}, {""tk"": ""United"", ""act"": 0.0}, {""tk"": ""seat"", ""act"": 0.0}, {""tk"": ""government"", ""act"": 0.0}, {""tk"": ""which"", ""act"": 0.0}, {""tk"": ""containing"", ""act"": 0.0}]"
0_19204,0,19204,"entity: A major city in Oklahoma, USA is Tulsa",entity,1,0.0,0.0,semantic,"[{""token"": ""entity"", ""index"": 1, ""distance"": 0, ""direction"": ""self""}]",n/a,Relationship,,1.0,False,,(entity) related,"[{""tk"": ""entity"", ""act"": 0.0}, {""tk"": ""city"", ""act"": 0.0}, {""tk"": ""in"", ""act"": 0.0}, {""tk"": ""Oklahoma"", ""act"": 0.0}, {""tk"": ""USA"", ""act"": 0.0}, {""tk"": ""is"", ""act"": 0.0}, {""tk"": ""Tulsa"", ""act"": 0.0}, {""tk"": ""The"", ""act"": 0.0}, {""tk"": ""capital"", ""act"": 0.0}, {""tk"": ""of"", ""act"": 0.0}, {""tk"": ""state"", ""act"": 0.0}, {""tk"": ""United"", ""act"": 0.0}, {""tk"": ""attribute"", ""act"": 0.0}, {""tk"": ""seat"", ""act"": 0.0}, {""tk"": ""government"", ""act"": 0.0}, {""tk"": ""relationship"", ""act"": 0.0}, {""tk"": ""which"", ""act"": 0.0}, {""tk"": ""containing"", ""act"": 0.0}]"
0_39374,0,39374,"entity: A major city in Oklahoma, USA is Tulsa", is,10,19.241863250732425,0.9090909090909092,functional,"[{""token"": "" Tulsa"", ""index"": 11, ""distance"": 1, ""direction"": ""forward""}]",json,Semantic,Dictionary,0.8333333333333334,False,,is,"[{""tk"": ""is"", ""act"": 19.61667823791504}, {""tk"": ""entity"", ""act"": 0.0}, {""tk"": ""city"", ""act"": 0.0}, {""tk"": ""in"", ""act"": 0.0}, {""tk"": ""Oklahoma"", ""act"": 0.0}, {""tk"": ""USA"", ""act"": 0.0}, {""tk"": ""Tulsa"", ""act"": 0.0}, {""tk"": ""The"", ""act"": 0.0}, {""tk"": ""capital"", ""act"": 0.0}, {""tk"": ""of"", ""act"": 0.0}, {""tk"": ""state"", ""act"": 0.0}, {""tk"": ""United"", ""act"": 0.0}, {""tk"": ""attribute"", ""act"": 0.0}, {""tk"": ""seat"", ""act"": 0.0}, {""tk"": ""government"", ""act"": 0.0}, {""tk"": ""relationship"", ""act"": 0.0}, {""tk"": ""which"", ""act"": 0.0}, {""tk"": ""containing"", ""act"": 0.0}]"
0_76137,0,76137,"entity: A major city in Oklahoma, USA is Tulsa", Oklahoma,7,16.745393753051758,0.8646385070918886,semantic,"[{""token"": "" Oklahoma"", ""index"": 7, ""distance"": 0, ""direction"": ""self""}]",n/a,Semantic,Dictionary (fallback),0.9,False,,Oklahoma,"[{""tk"": ""Oklahoma"", ""act"": 16.745393753051758}, {""tk"": ""USA"", ""act"": 5.198422908782959}, {""tk"": ""Tulsa"", ""act"": 2.9896798133850098}, {""tk"": ""entity"", ""act"": 0.0}, {""tk"": ""city"", ""act"": 0.0}, {""tk"": ""in"", ""act"": 0.0}, {""tk"": ""is"", ""act"": 0.0}, {""tk"": ""The"", ""act"": 0.0}, {""tk"": ""capital"", ""act"": 0.0}, {""tk"": ""of"", ""act"": 0.0}, {""tk"": ""state"", ""act"": 0.0}, {""tk"": ""United"", ""act"": 0.0}, {""tk"": ""attribute"", ""act"": 0.0}, {""tk"": ""seat"", ""act"": 0.0}, {""tk"": ""government"", ""act"": 0.0}, {""tk"": ""relationship"", ""act"": 0.0}, {""tk"": ""which"", ""act"": 0.0}, {""tk"": ""containing"", ""act"": 0.0}]"
0_17761,0,17761,"entity: A major city in Oklahoma, USA is Tulsa", Tulsa,11,15.078821182250977,0.9090909090909092,semantic,"[{""token"": "" Tulsa"", ""index"": 11, ""distance"": 0, ""direction"": ""self""}]",n/a,Semantic,Dictionary,1.0,False,,Tulsa,"[{""tk"": ""Tulsa"", ""act"": 15.078821182250977}, {""tk"": ""entity"", ""act"": 0.0}, {""tk"": ""city"", ""act"": 0.0}, {""tk"": ""in"", ""act"": 0.0}, {""tk"": ""Oklahoma"", ""act"": 0.0}, {""tk"": ""USA"", ""act"": 0.0}, {""tk"": ""is"", ""act"": 0.0}, {""tk"": ""The"", ""act"": 0.0}, {""tk"": ""capital"", ""act"": 0.0}, {""tk"": ""of"", ""act"": 0.0}, {""tk"": ""state"", ""act"": 0.0}, {""tk"": ""United"", ""act"": 0.0}, {""tk"": ""attribute"", ""act"": 0.0}, {""tk"": ""seat"", ""act"": 0.0}, {""tk"": ""government"", ""act"": 0.0}, {""tk"": ""relationship"", ""act"": 0.0}, {""tk"": ""which"", ""act"": 0.0}, {""tk"": ""containing"", ""act"": 0.0}]"
0_87610,0,87610,"entity: A major city in Oklahoma, USA is Tulsa", Tulsa,11,14.490642547607422,0.8639866778700531,semantic,"[{""token"": "" Tulsa"", ""index"": 11, ""distance"": 0, ""direction"": ""self""}]",n/a,Semantic,Dictionary (fallback),0.9,False,,Tulsa,"[{""tk"": ""Tulsa"", ""act"": 14.490642547607422}, {""tk"": ""Oklahoma"", ""act"": 8.371271133422852}, {""tk"": ""entity"", ""act"": 0.0}, {""tk"": ""city"", ""act"": 0.0}, {""tk"": ""in"", ""act"": 0.0}, {""tk"": ""USA"", ""act"": 0.0}, {""tk"": ""is"", ""act"": 0.0}, {""tk"": ""The"", ""act"": 0.0}, {""tk"": ""capital"", ""act"": 0.0}, {""tk"": ""of"", ""act"": 0.0}, {""tk"": ""state"", ""act"": 0.0}, {""tk"": ""United"", ""act"": 0.0}, {""tk"": ""attribute"", ""act"": 0.0}, {""tk"": ""seat"", ""act"": 0.0}, {""tk"": ""government"", ""act"": 0.0}, {""tk"": ""relationship"", ""act"": 0.0}, {""tk"": ""which"", ""act"": 0.0}, {""tk"": ""containing"", ""act"": 0.0}]"
0_8411,0,8411,"entity: A major city in Oklahoma, USA is Tulsa", Tulsa,11,13.844260215759276,0.9090909090909092,semantic,"[{""token"": "" Tulsa"", ""index"": 11, ""distance"": 0, ""direction"": ""self""}]",n/a,Semantic,Dictionary,1.0,False,,Tulsa,"[{""tk"": ""Tulsa"", ""act"": 13.844260215759277}, {""tk"": ""entity"", ""act"": 0.0}, {""tk"": ""city"", ""act"": 0.0}, {""tk"": ""in"", ""act"": 0.0}, {""tk"": ""Oklahoma"", ""act"": 0.0}, {""tk"": ""USA"", ""act"": 0.0}, {""tk"": ""is"", ""act"": 0.0}, {""tk"": ""The"", ""act"": 0.0}, {""tk"": ""capital"", ""act"": 0.0}, {""tk"": ""of"", ""act"": 0.0}, {""tk"": ""state"", ""act"": 0.0}, {""tk"": ""United"", ""act"": 0.0}, {""tk"": ""attribute"", ""act"": 0.0}, {""tk"": ""seat"", ""act"": 0.0}, {""tk"": ""government"", ""act"": 0.0}, {""tk"": ""relationship"", ""act"": 0.0}, {""tk"": ""which"", ""act"": 0.0}, {""tk"": ""containing"", ""act"": 0.0}]"
0_56812,0,56812,"entity: A major city in Oklahoma, USA is Tulsa", Tulsa,11,13.3536376953125,0.9090909090909092,semantic,"[{""token"": "" Tulsa"", ""index"": 11, ""distance"": 0, ""direction"": ""self""}]",n/a,Semantic,Dictionary,1.0,False,,Tulsa,"[{""tk"": ""Tulsa"", ""act"": 13.3536376953125}, {""tk"": ""entity"", ""act"": 0.0}, {""tk"": ""city"", ""act"": 0.0}, {""tk"": ""in"", ""act"": 0.0}, {""tk"": ""Oklahoma"", ""act"": 0.0}, {""tk"": ""USA"", ""act"": 0.0}, {""tk"": ""is"", ""act"": 0.0}, {""tk"": ""The"", ""act"": 0.0}, {""tk"": ""capital"", ""act"": 0.0}, {""tk"": ""of"", ""act"": 0.0}, {""tk"": ""state"", ""act"": 0.0}, {""tk"": ""United"", ""act"": 0.0}, {""tk"": ""attribute"", ""act"": 0.0}, {""tk"": ""seat"", ""act"": 0.0}, {""tk"": ""government"", ""act"": 0.0}, {""tk"": ""relationship"", ""act"": 0.0}, {""tk"": ""which"", ""act"": 0.0}, {""tk"": ""containing"", ""act"": 0.0}]"
0_79529,0,79529,"entity: A major city in Oklahoma, USA is Tulsa", is,10,13.23198699951172,0.9090909090909092,functional,"[{""token"": "" Tulsa"", ""index"": 11, ""distance"": 1, ""direction"": ""forward""}]",json,Semantic,Dictionary,0.8333333333333334,False,,is,"[{""tk"": ""is"", ""act"": 15.42864990234375}, {""tk"": ""entity"", ""act"": 0.0}, {""tk"": ""city"", ""act"": 0.0}, {""tk"": ""in"", ""act"": 0.0}, {""tk"": ""Oklahoma"", ""act"": 0.0}, {""tk"": ""USA"", ""act"": 0.0}, {""tk"": ""Tulsa"", ""act"": 0.0}, {""tk"": ""The"", ""act"": 0.0}, {""tk"": ""capital"", ""act"": 0.0}, {""tk"": ""of"", ""act"": 0.0}, {""tk"": ""state"", ""act"": 0.0}, {""tk"": ""United"", ""act"": 0.0}, {""tk"": ""attribute"", ""act"": 0.0}, {""tk"": ""seat"", ""act"": 0.0}, {""tk"": ""government"", ""act"": 0.0}, {""tk"": ""relationship"", ""act"": 0.0}, {""tk"": ""which"", ""act"": 0.0}, {""tk"": ""containing"", ""act"": 0.0}]"
0_81830,0,81830,"entity: A major city in Oklahoma, USA is Tulsa", is,10,5.611411094665527,0.9090909090909092,functional,"[{""token"": "" Tulsa"", ""index"": 11, ""distance"": 1, ""direction"": ""forward""}]",json,Semantic,Dictionary (fallback),0.9,False,,is,"[{""tk"": ""is"", ""act"": 5.611411094665527}, {""tk"": ""entity"", ""act"": 0.0}, {""tk"": ""city"", ""act"": 0.0}, {""tk"": ""in"", ""act"": 0.0}, {""tk"": ""Oklahoma"", ""act"": 0.0}, {""tk"": ""USA"", ""act"": 0.0}, {""tk"": ""Tulsa"", ""act"": 0.0}, {""tk"": ""The"", ""act"": 0.0}, {""tk"": ""capital"", ""act"": 0.0}, {""tk"": ""of"", ""act"": 0.0}, {""tk"": ""state"", ""act"": 0.0}, {""tk"": ""United"", ""act"": 0.0}, {""tk"": ""attribute"", ""act"": 0.0}, {""tk"": ""seat"", ""act"": 0.0}, {""tk"": ""government"", ""act"": 0.0}, {""tk"": ""relationship"", ""act"": 0.0}, {""tk"": ""which"", ""act"": 0.0}, {""tk"": ""containing"", ""act"": 0.0}]"
0_94884,0,94884,"entity: A major city in Oklahoma, USA is Tulsa", Tulsa,11,10.35931396484375,0.9090909090909092,semantic,"[{""token"": "" Tulsa"", ""index"": 11, ""distance"": 0, ""direction"": ""self""}]",n/a,Semantic,Dictionary,1.0,False,,Tulsa,"[{""tk"": ""Tulsa"", ""act"": 10.35931396484375}, {""tk"": ""entity"", ""act"": 0.0}, {""tk"": ""city"", ""act"": 0.0}, {""tk"": ""in"", ""act"": 0.0}, {""tk"": ""Oklahoma"", ""act"": 0.0}, {""tk"": ""USA"", ""act"": 0.0}, {""tk"": ""is"", ""act"": 0.0}, {""tk"": ""The"", ""act"": 0.0}, {""tk"": ""capital"", ""act"": 0.0}, {""tk"": ""of"", ""act"": 0.0}, {""tk"": ""state"", ""act"": 0.0}, {""tk"": ""United"", ""act"": 0.0}, {""tk"": ""attribute"", ""act"": 0.0}, {""tk"": ""seat"", ""act"": 0.0}, {""tk"": ""government"", ""act"": 0.0}, {""tk"": ""relationship"", ""act"": 0.0}, {""tk"": ""which"", ""act"": 0.0}, {""tk"": ""containing"", ""act"": 0.0}]"
0_49298,0,49298,"entity: A major city in Oklahoma, USA is Tulsa", Tulsa,11,9.717588424682615,0.9090909090909092,semantic,"[{""token"": "" Tulsa"", ""index"": 11, ""distance"": 0, ""direction"": ""self""}]",n/a,Semantic,Dictionary,1.0,False,,Tulsa,"[{""tk"": ""Tulsa"", ""act"": 9.717588424682617}, {""tk"": ""entity"", ""act"": 0.0}, {""tk"": ""city"", ""act"": 0.0}, {""tk"": ""in"", ""act"": 0.0}, {""tk"": ""Oklahoma"", ""act"": 0.0}, {""tk"": ""USA"", ""act"": 0.0}, {""tk"": ""is"", ""act"": 0.0}, {""tk"": ""The"", ""act"": 0.0}, {""tk"": ""capital"", ""act"": 0.0}, {""tk"": ""of"", ""act"": 0.0}, {""tk"": ""state"", ""act"": 0.0}, {""tk"": ""United"", ""act"": 0.0}, {""tk"": ""attribute"", ""act"": 0.0}, {""tk"": ""seat"", ""act"": 0.0}, {""tk"": ""government"", ""act"": 0.0}, {""tk"": ""relationship"", ""act"": 0.0}, {""tk"": ""which"", ""act"": 0.0}, {""tk"": ""containing"", ""act"": 0.0}]"
0_92029,0,92029,"entity: A major city in Oklahoma, USA is Tulsa",entity,1,0.0,0.0,semantic,"[{""token"": ""entity"", ""index"": 1, ""distance"": 0, ""direction"": ""self""}]",n/a,Semantic,Dictionary (fallback),0.9,False,,the,"[{""tk"": ""the"", ""act"": 28.859010696411133}, {""tk"": ""entity"", ""act"": 0.0}, {""tk"": ""city"", ""act"": 0.0}, {""tk"": ""in"", ""act"": 0.0}, {""tk"": ""Oklahoma"", ""act"": 0.0}, {""tk"": ""USA"", ""act"": 0.0}, {""tk"": ""is"", ""act"": 0.0}, {""tk"": ""Tulsa"", ""act"": 0.0}, {""tk"": ""capital"", ""act"": 0.0}, {""tk"": ""of"", ""act"": 0.0}, {""tk"": ""state"", ""act"": 0.0}, {""tk"": ""United"", ""act"": 0.0}, {""tk"": ""attribute"", ""act"": 0.0}, {""tk"": ""seat"", ""act"": 0.0}, {""tk"": ""government"", ""act"": 0.0}, {""tk"": ""relationship"", ""act"": 0.0}, {""tk"": ""which"", ""act"": 0.0}, {""tk"": ""containing"", ""act"": 0.0}]"
0_20368,0,20368,"entity: A major city in Oklahoma, USA is Tulsa",entity,1,0.0,0.0,semantic,"[{""token"": ""entity"", ""index"": 1, ""distance"": 0, ""direction"": ""self""}]",n/a,Semantic,Dictionary (fallback),0.9,False,,containing,"[{""tk"": ""containing"", ""act"": 8.030762672424316}, {""tk"": ""is"", ""act"": 6.553821563720703}, {""tk"": ""entity"", ""act"": 0.0}, {""tk"": ""city"", ""act"": 0.0}, {""tk"": ""in"", ""act"": 0.0}, {""tk"": ""Oklahoma"", ""act"": 0.0}, {""tk"": ""USA"", ""act"": 0.0}, {""tk"": ""Tulsa"", ""act"": 0.0}, {""tk"": ""The"", ""act"": 0.0}, {""tk"": ""capital"", ""act"": 0.0}, {""tk"": ""of"", ""act"": 0.0}, {""tk"": ""state"", ""act"": 0.0}, {""tk"": ""United"", ""act"": 0.0}, {""tk"": ""attribute"", ""act"": 0.0}, {""tk"": ""seat"", ""act"": 0.0}, {""tk"": ""government"", ""act"": 0.0}, {""tk"": ""relationship"", ""act"": 0.0}, {""tk"": ""which"", ""act"": 0.0}]"
0_51434,0,51434,"entity: A major city in Oklahoma, USA is Tulsa",entity,1,0.0,0.0,semantic,"[{""token"": ""entity"", ""index"": 1, ""distance"": 0, ""direction"": ""self""}]",n/a,Semantic,Dictionary (fallback),0.9,False,,The,"[{""tk"": ""the"", ""act"": 79.98755645751953}, {""tk"": ""entity"", ""act"": 0.0}, {""tk"": ""city"", ""act"": 0.0}, {""tk"": ""in"", ""act"": 0.0}, {""tk"": ""Oklahoma"", ""act"": 0.0}, {""tk"": ""USA"", ""act"": 0.0}, {""tk"": ""is"", ""act"": 0.0}, {""tk"": ""Tulsa"", ""act"": 0.0}, {""tk"": ""capital"", ""act"": 0.0}, {""tk"": ""of"", ""act"": 0.0}, {""tk"": ""state"", ""act"": 0.0}, {""tk"": ""United"", ""act"": 0.0}, {""tk"": ""attribute"", ""act"": 0.0}, {""tk"": ""seat"", ""act"": 0.0}, {""tk"": ""government"", ""act"": 0.0}, {""tk"": ""relationship"", ""act"": 0.0}, {""tk"": ""which"", ""act"": 0.0}, {""tk"": ""containing"", ""act"": 0.0}]"
0_46235,0,46235,"entity: A major city in Oklahoma, USA is Tulsa",entity,1,0.0,0.0,semantic,"[{""token"": ""entity"", ""index"": 1, ""distance"": 0, ""direction"": ""self""}]",n/a,Semantic,Dictionary (fallback),0.9,False,,state,"[{""tk"": ""state"", ""act"": 10.627107620239258}, {""tk"": ""capital"", ""act"": 9.485153198242188}, {""tk"": ""entity"", ""act"": 0.0}, {""tk"": ""city"", ""act"": 0.0}, {""tk"": ""in"", ""act"": 0.0}, {""tk"": ""Oklahoma"", ""act"": 0.0}, {""tk"": ""USA"", ""act"": 0.0}, {""tk"": ""is"", ""act"": 0.0}, {""tk"": ""Tulsa"", ""act"": 0.0}, {""tk"": ""The"", ""act"": 0.0}, {""tk"": ""of"", ""act"": 0.0}, {""tk"": ""United"", ""act"": 0.0}, {""tk"": ""attribute"", ""act"": 0.0}, {""tk"": ""seat"", ""act"": 0.0}, {""tk"": ""government"", ""act"": 0.0}, {""tk"": ""relationship"", ""act"": 0.0}, {""tk"": ""which"", ""act"": 0.0}, {""tk"": ""containing"", ""act"": 0.0}]"
0_73557,0,73557,"entity: A major city in Oklahoma, USA is Tulsa", Oklahoma,7,6.76896333694458,0.8190533207937613,semantic,"[{""token"": "" Oklahoma"", ""index"": 7, ""distance"": 0, ""direction"": ""self""}]",n/a,Semantic,Dictionary (fallback),0.9,False,,Oklahoma,"[{""tk"": ""Oklahoma"", ""act"": 6.943502902984619}, {""tk"": ""Tulsa"", ""act"": 6.70407247543335}, {""tk"": ""entity"", ""act"": 0.0}, {""tk"": ""city"", ""act"": 0.0}, {""tk"": ""in"", ""act"": 0.0}, {""tk"": ""USA"", ""act"": 0.0}, {""tk"": ""is"", ""act"": 0.0}, {""tk"": ""The"", ""act"": 0.0}, {""tk"": ""capital"", ""act"": 0.0}, {""tk"": ""of"", ""act"": 0.0}, {""tk"": ""state"", ""act"": 0.0}, {""tk"": ""United"", ""act"": 0.0}, {""tk"": ""attribute"", ""act"": 0.0}, {""tk"": ""seat"", ""act"": 0.0}, {""tk"": ""government"", ""act"": 0.0}, {""tk"": ""relationship"", ""act"": 0.0}, {""tk"": ""which"", ""act"": 0.0}, {""tk"": ""containing"", ""act"": 0.0}]"
0_17405,0,17405,"entity: A major city in Oklahoma, USA is Tulsa", Tulsa,11,5.863439559936523,0.9090909090909092,semantic,"[{""token"": "" Tulsa"", ""index"": 11, ""distance"": 0, ""direction"": ""self""}]",n/a,Semantic,Dictionary,1.0,False,,Tulsa,"[{""tk"": ""Tulsa"", ""act"": 5.863439559936523}, {""tk"": ""entity"", ""act"": 0.0}, {""tk"": ""city"", ""act"": 0.0}, {""tk"": ""in"", ""act"": 0.0}, {""tk"": ""Oklahoma"", ""act"": 0.0}, {""tk"": ""USA"", ""act"": 0.0}, {""tk"": ""is"", ""act"": 0.0}, {""tk"": ""The"", ""act"": 0.0}, {""tk"": ""capital"", ""act"": 0.0}, {""tk"": ""of"", ""act"": 0.0}, {""tk"": ""state"", ""act"": 0.0}, {""tk"": ""United"", ""act"": 0.0}, {""tk"": ""attribute"", ""act"": 0.0}, {""tk"": ""seat"", ""act"": 0.0}, {""tk"": ""government"", ""act"": 0.0}, {""tk"": ""relationship"", ""act"": 0.0}, {""tk"": ""which"", ""act"": 0.0}, {""tk"": ""containing"", ""act"": 0.0}]"
0_39328,0,39328,"entity: A major city in Oklahoma, USA is Tulsa", Tulsa,11,5.716144561767578,0.9090909090909092,semantic,"[{""token"": "" Tulsa"", ""index"": 11, ""distance"": 0, ""direction"": ""self""}]",n/a,Semantic,Dictionary,1.0,False,,Tulsa,"[{""tk"": ""Tulsa"", ""act"": 5.716144561767578}, {""tk"": ""entity"", ""act"": 0.0}, {""tk"": ""city"", ""act"": 0.0}, {""tk"": ""in"", ""act"": 0.0}, {""tk"": ""Oklahoma"", ""act"": 0.0}, {""tk"": ""USA"", ""act"": 0.0}, {""tk"": ""is"", ""act"": 0.0}, {""tk"": ""The"", ""act"": 0.0}, {""tk"": ""capital"", ""act"": 0.0}, {""tk"": ""of"", ""act"": 0.0}, {""tk"": ""state"", ""act"": 0.0}, {""tk"": ""United"", ""act"": 0.0}, {""tk"": ""attribute"", ""act"": 0.0}, {""tk"": ""seat"", ""act"": 0.0}, {""tk"": ""government"", ""act"": 0.0}, {""tk"": ""relationship"", ""act"": 0.0}, {""tk"": ""which"", ""act"": 0.0}, {""tk"": ""containing"", ""act"": 0.0}]"
0_81124,0,81124,"entity: A major city in Oklahoma, USA is Tulsa",entity,1,0.0,0.0,semantic,"[{""token"": ""entity"", ""index"": 1, ""distance"": 0, ""direction"": ""self""}]",n/a,Relationship,,1.0,False,,(entity) related,"[{""tk"": ""entity"", ""act"": 0.0}, {""tk"": ""city"", ""act"": 0.0}, {""tk"": ""in"", ""act"": 0.0}, {""tk"": ""Oklahoma"", ""act"": 0.0}, {""tk"": ""USA"", ""act"": 0.0}, {""tk"": ""is"", ""act"": 0.0}, {""tk"": ""Tulsa"", ""act"": 0.0}, {""tk"": ""The"", ""act"": 0.0}, {""tk"": ""capital"", ""act"": 0.0}, {""tk"": ""of"", ""act"": 0.0}, {""tk"": ""state"", ""act"": 0.0}, {""tk"": ""United"", ""act"": 0.0}, {""tk"": ""attribute"", ""act"": 0.0}, {""tk"": ""seat"", ""act"": 0.0}, {""tk"": ""government"", ""act"": 0.0}, {""tk"": ""relationship"", ""act"": 0.0}, {""tk"": ""which"", ""act"": 0.0}, {""tk"": ""containing"", ""act"": 0.0}]"
0_12284,0,12284,"entity: A major city in Oklahoma, USA is Tulsa",entity,1,0.0,0.0,semantic,"[{""token"": ""entity"", ""index"": 1, ""distance"": 0, ""direction"": ""self""}]",n/a,Relationship,,1.0,False,,(entity) related,"[{""tk"": ""entity"", ""act"": 0.0}, {""tk"": ""city"", ""act"": 0.0}, {""tk"": ""in"", ""act"": 0.0}, {""tk"": ""Oklahoma"", ""act"": 0.0}, {""tk"": ""USA"", ""act"": 0.0}, {""tk"": ""is"", ""act"": 0.0}, {""tk"": ""Tulsa"", ""act"": 0.0}, {""tk"": ""The"", ""act"": 0.0}, {""tk"": ""capital"", ""act"": 0.0}, {""tk"": ""of"", ""act"": 0.0}, {""tk"": ""state"", ""act"": 0.0}, {""tk"": ""United"", ""act"": 0.0}, {""tk"": ""attribute"", ""act"": 0.0}, {""tk"": ""seat"", ""act"": 0.0}, {""tk"": ""government"", ""act"": 0.0}, {""tk"": ""relationship"", ""act"": 0.0}, {""tk"": ""which"", ""act"": 0.0}, {""tk"": ""containing"", ""act"": 0.0}]"
0_13347,0,13347,"entity: A major city in Oklahoma, USA is Tulsa",entity,1,0.0,0.0,semantic,"[{""token"": ""entity"", ""index"": 1, ""distance"": 0, ""direction"": ""self""}]",n/a,Semantic,Dictionary (fallback),0.9,False,,state,"[{""tk"": ""state"", ""act"": 30.316205978393555}, {""tk"": ""entity"", ""act"": 0.0}, {""tk"": ""city"", ""act"": 0.0}, {""tk"": ""in"", ""act"": 0.0}, {""tk"": ""Oklahoma"", ""act"": 0.0}, {""tk"": ""USA"", ""act"": 0.0}, {""tk"": ""is"", ""act"": 0.0}, {""tk"": ""Tulsa"", ""act"": 0.0}, {""tk"": ""The"", ""act"": 0.0}, {""tk"": ""capital"", ""act"": 0.0}, {""tk"": ""of"", ""act"": 0.0}, {""tk"": ""United"", ""act"": 0.0}, {""tk"": ""attribute"", ""act"": 0.0}, {""tk"": ""seat"", ""act"": 0.0}, {""tk"": ""government"", ""act"": 0.0}, {""tk"": ""relationship"", ""act"": 0.0}, {""tk"": ""which"", ""act"": 0.0}, {""tk"": ""containing"", ""act"": 0.0}]"
0_47638,0,47638,"entity: A major city in Oklahoma, USA is Tulsa",entity,1,0.0,0.0,semantic,"[{""token"": ""entity"", ""index"": 1, ""distance"": 0, ""direction"": ""self""}]",n/a,Semantic,Dictionary,1.0,False,,containing,"[{""tk"": ""containing"", ""act"": 11.569823265075684}, {""tk"": ""entity"", ""act"": 0.0}, {""tk"": ""city"", ""act"": 0.0}, {""tk"": ""in"", ""act"": 0.0}, {""tk"": ""Oklahoma"", ""act"": 0.0}, {""tk"": ""USA"", ""act"": 0.0}, {""tk"": ""is"", ""act"": 0.0}, {""tk"": ""Tulsa"", ""act"": 0.0}, {""tk"": ""The"", ""act"": 0.0}, {""tk"": ""capital"", ""act"": 0.0}, {""tk"": ""of"", ""act"": 0.0}, {""tk"": ""state"", ""act"": 0.0}, {""tk"": ""United"", ""act"": 0.0}, {""tk"": ""attribute"", ""act"": 0.0}, {""tk"": ""seat"", ""act"": 0.0}, {""tk"": ""government"", ""act"": 0.0}, {""tk"": ""relationship"", ""act"": 0.0}, {""tk"": ""which"", ""act"": 0.0}]"
0_57840,0,57840,"entity: A major city in Oklahoma, USA is Tulsa",entity,1,0.0,0.0,semantic,"[{""token"": ""entity"", ""index"": 1, ""distance"": 0, ""direction"": ""self""}]",n/a,Semantic,Dictionary (fallback),0.9,False,,state,"[{""tk"": ""state"", ""act"": 37.14567565917969}, {""tk"": ""entity"", ""act"": 0.0}, {""tk"": ""city"", ""act"": 0.0}, {""tk"": ""in"", ""act"": 0.0}, {""tk"": ""Oklahoma"", ""act"": 0.0}, {""tk"": ""USA"", ""act"": 0.0}, {""tk"": ""is"", ""act"": 0.0}, {""tk"": ""Tulsa"", ""act"": 0.0}, {""tk"": ""The"", ""act"": 0.0}, {""tk"": ""capital"", ""act"": 0.0}, {""tk"": ""of"", ""act"": 0.0}, {""tk"": ""United"", ""act"": 0.0}, {""tk"": ""attribute"", ""act"": 0.0}, {""tk"": ""seat"", ""act"": 0.0}, {""tk"": ""government"", ""act"": 0.0}, {""tk"": ""relationship"", ""act"": 0.0}, {""tk"": ""which"", ""act"": 0.0}, {""tk"": ""containing"", ""act"": 0.0}]"
0_73759,0,73759,"entity: A major city in Oklahoma, USA is Tulsa",entity,1,0.0,0.0,semantic,"[{""token"": ""entity"", ""index"": 1, ""distance"": 0, ""direction"": ""self""}]",n/a,Semantic,Dictionary,1.0,False,,of,"[{""tk"": ""of"", ""act"": 53.35567855834961}, {""tk"": ""entity"", ""act"": 0.0}, {""tk"": ""city"", ""act"": 0.0}, {""tk"": ""in"", ""act"": 0.0}, {""tk"": ""Oklahoma"", ""act"": 0.0}, {""tk"": ""USA"", ""act"": 0.0}, {""tk"": ""is"", ""act"": 0.0}, {""tk"": ""Tulsa"", ""act"": 0.0}, {""tk"": ""The"", ""act"": 0.0}, {""tk"": ""capital"", ""act"": 0.0}, {""tk"": ""state"", ""act"": 0.0}, {""tk"": ""United"", ""act"": 0.0}, {""tk"": ""attribute"", ""act"": 0.0}, {""tk"": ""seat"", ""act"": 0.0}, {""tk"": ""government"", ""act"": 0.0}, {""tk"": ""relationship"", ""act"": 0.0}, {""tk"": ""which"", ""act"": 0.0}, {""tk"": ""containing"", ""act"": 0.0}]"
0_5916,0,5916,"entity: A major city in Oklahoma, USA is Tulsa",entity,1,0.0,0.0,semantic,"[{""token"": ""entity"", ""index"": 1, ""distance"": 0, ""direction"": ""self""}]",n/a,Semantic,Dictionary (fallback),0.9,False,,capital,"[{""tk"": ""capital"", ""act"": 18.749942779541016}, {""tk"": ""entity"", ""act"": 0.0}, {""tk"": ""city"", ""act"": 0.0}, {""tk"": ""in"", ""act"": 0.0}, {""tk"": ""Oklahoma"", ""act"": 0.0}, {""tk"": ""USA"", ""act"": 0.0}, {""tk"": ""is"", ""act"": 0.0}, {""tk"": ""Tulsa"", ""act"": 0.0}, {""tk"": ""The"", ""act"": 0.0}, {""tk"": ""of"", ""act"": 0.0}, {""tk"": ""state"", ""act"": 0.0}, {""tk"": ""United"", ""act"": 0.0}, {""tk"": ""attribute"", ""act"": 0.0}, {""tk"": ""seat"", ""act"": 0.0}, {""tk"": ""government"", ""act"": 0.0}, {""tk"": ""relationship"", ""act"": 0.0}, {""tk"": ""which"", ""act"": 0.0}, {""tk"": ""containing"", ""act"": 0.0}]"
0_6264,0,6264,"entity: A major city in Oklahoma, USA is Tulsa",entity,1,0.0,0.0,semantic,"[{""token"": ""entity"", ""index"": 1, ""distance"": 0, ""direction"": ""self""}]",n/a,Semantic,Dictionary,1.0,False,,capital,"[{""tk"": ""capital"", ""act"": 9.430625915527344}, {""tk"": ""entity"", ""act"": 0.0}, {""tk"": ""city"", ""act"": 0.0}, {""tk"": ""in"", ""act"": 0.0}, {""tk"": ""Oklahoma"", ""act"": 0.0}, {""tk"": ""USA"", ""act"": 0.0}, {""tk"": ""is"", ""act"": 0.0}, {""tk"": ""Tulsa"", ""act"": 0.0}, {""tk"": ""The"", ""act"": 0.0}, {""tk"": ""of"", ""act"": 0.0}, {""tk"": ""state"", ""act"": 0.0}, {""tk"": ""United"", ""act"": 0.0}, {""tk"": ""attribute"", ""act"": 0.0}, {""tk"": ""seat"", ""act"": 0.0}, {""tk"": ""government"", ""act"": 0.0}, {""tk"": ""relationship"", ""act"": 0.0}, {""tk"": ""which"", ""act"": 0.0}, {""tk"": ""containing"", ""act"": 0.0}]"
0_15430,0,15430,"entity: A major city in Oklahoma, USA is Tulsa",entity,1,0.0,0.0,semantic,"[{""token"": ""entity"", ""index"": 1, ""distance"": 0, ""direction"": ""self""}]",n/a,Semantic,Dictionary,1.0,False,,capital,"[{""tk"": ""capital"", ""act"": 8.16793155670166}, {""tk"": ""entity"", ""act"": 0.0}, {""tk"": ""city"", ""act"": 0.0}, {""tk"": ""in"", ""act"": 0.0}, {""tk"": ""Oklahoma"", ""act"": 0.0}, {""tk"": ""USA"", ""act"": 0.0}, {""tk"": ""is"", ""act"": 0.0}, {""tk"": ""Tulsa"", ""act"": 0.0}, {""tk"": ""The"", ""act"": 0.0}, {""tk"": ""of"", ""act"": 0.0}, {""tk"": ""state"", ""act"": 0.0}, {""tk"": ""United"", ""act"": 0.0}, {""tk"": ""attribute"", ""act"": 0.0}, {""tk"": ""seat"", ""act"": 0.0}, {""tk"": ""government"", ""act"": 0.0}, {""tk"": ""relationship"", ""act"": 0.0}, {""tk"": ""which"", ""act"": 0.0}, {""tk"": ""containing"", ""act"": 0.0}]"
0_15636,0,15636,"entity: A major city in Oklahoma, USA is Tulsa",entity,1,0.0,0.0,semantic,"[{""token"": ""entity"", ""index"": 1, ""distance"": 0, ""direction"": ""self""}]",n/a,Semantic,Dictionary (fallback),0.9,False,,of,"[{""tk"": ""of"", ""act"": 6.796746253967285}, {""tk"": ""entity"", ""act"": 0.0}, {""tk"": ""city"", ""act"": 0.0}, {""tk"": ""in"", ""act"": 0.0}, {""tk"": ""Oklahoma"", ""act"": 0.0}, {""tk"": ""USA"", ""act"": 0.0}, {""tk"": ""is"", ""act"": 0.0}, {""tk"": ""Tulsa"", ""act"": 0.0}, {""tk"": ""The"", ""act"": 0.0}, {""tk"": ""capital"", ""act"": 0.0}, {""tk"": ""state"", ""act"": 0.0}, {""tk"": ""United"", ""act"": 0.0}, {""tk"": ""attribute"", ""act"": 0.0}, {""tk"": ""seat"", ""act"": 0.0}, {""tk"": ""government"", ""act"": 0.0}, {""tk"": ""relationship"", ""act"": 0.0}, {""tk"": ""which"", ""act"": 0.0}, {""tk"": ""containing"", ""act"": 0.0}]"
0_23293,0,23293,"entity: A major city in Oklahoma, USA is Tulsa",entity,1,0.0,0.0,semantic,"[{""token"": ""entity"", ""index"": 1, ""distance"": 0, ""direction"": ""self""}]",n/a,Semantic,Dictionary,1.0,False,,capital,"[{""tk"": ""capital"", ""act"": 12.355522155761719}, {""tk"": ""entity"", ""act"": 0.0}, {""tk"": ""city"", ""act"": 0.0}, {""tk"": ""in"", ""act"": 0.0}, {""tk"": ""Oklahoma"", ""act"": 0.0}, {""tk"": ""USA"", ""act"": 0.0}, {""tk"": ""is"", ""act"": 0.0}, {""tk"": ""Tulsa"", ""act"": 0.0}, {""tk"": ""The"", ""act"": 0.0}, {""tk"": ""of"", ""act"": 0.0}, {""tk"": ""state"", ""act"": 0.0}, {""tk"": ""United"", ""act"": 0.0}, {""tk"": ""attribute"", ""act"": 0.0}, {""tk"": ""seat"", ""act"": 0.0}, {""tk"": ""government"", ""act"": 0.0}, {""tk"": ""relationship"", ""act"": 0.0}, {""tk"": ""which"", ""act"": 0.0}, {""tk"": ""containing"", ""act"": 0.0}]"
0_23477,0,23477,"entity: A major city in Oklahoma, USA is Tulsa",entity,1,0.0,0.0,semantic,"[{""token"": ""entity"", ""index"": 1, ""distance"": 0, ""direction"": ""self""}]",n/a,Relationship,,1.0,False,,(entity) related,"[{""tk"": ""entity"", ""act"": 0.0}, {""tk"": ""city"", ""act"": 0.0}, {""tk"": ""in"", ""act"": 0.0}, {""tk"": ""Oklahoma"", ""act"": 0.0}, {""tk"": ""USA"", ""act"": 0.0}, {""tk"": ""is"", ""act"": 0.0}, {""tk"": ""Tulsa"", ""act"": 0.0}, {""tk"": ""The"", ""act"": 0.0}, {""tk"": ""capital"", ""act"": 0.0}, {""tk"": ""of"", ""act"": 0.0}, {""tk"": ""state"", ""act"": 0.0}, {""tk"": ""United"", ""act"": 0.0}, {""tk"": ""attribute"", ""act"": 0.0}, {""tk"": ""seat"", ""act"": 0.0}, {""tk"": ""government"", ""act"": 0.0}, {""tk"": ""relationship"", ""act"": 0.0}, {""tk"": ""which"", ""act"": 0.0}, {""tk"": ""containing"", ""act"": 0.0}]"
0_29904,0,29904,"entity: A major city in Oklahoma, USA is Tulsa",entity,1,0.0,0.0,semantic,"[{""token"": ""entity"", ""index"": 1, ""distance"": 0, ""direction"": ""self""}]",n/a,Semantic,Dictionary,1.0,False,,containing,"[{""tk"": ""containing"", ""act"": 9.819502830505371}, {""tk"": ""entity"", ""act"": 0.0}, {""tk"": ""city"", ""act"": 0.0}, {""tk"": ""in"", ""act"": 0.0}, {""tk"": ""Oklahoma"", ""act"": 0.0}, {""tk"": ""USA"", ""act"": 0.0}, {""tk"": ""is"", ""act"": 0.0}, {""tk"": ""Tulsa"", ""act"": 0.0}, {""tk"": ""The"", ""act"": 0.0}, {""tk"": ""capital"", ""act"": 0.0}, {""tk"": ""of"", ""act"": 0.0}, {""tk"": ""state"", ""act"": 0.0}, {""tk"": ""United"", ""act"": 0.0}, {""tk"": ""attribute"", ""act"": 0.0}, {""tk"": ""seat"", ""act"": 0.0}, {""tk"": ""government"", ""act"": 0.0}, {""tk"": ""relationship"", ""act"": 0.0}, {""tk"": ""which"", ""act"": 0.0}]"
0_31953,0,31953,"entity: A major city in Oklahoma, USA is Tulsa",entity,1,0.0,0.0,semantic,"[{""token"": ""entity"", ""index"": 1, ""distance"": 0, ""direction"": ""self""}]",n/a,Semantic,Dictionary,1.0,False,,capital,"[{""tk"": ""capital"", ""act"": 5.960221767425537}, {""tk"": ""entity"", ""act"": 0.0}, {""tk"": ""city"", ""act"": 0.0}, {""tk"": ""in"", ""act"": 0.0}, {""tk"": ""Oklahoma"", ""act"": 0.0}, {""tk"": ""USA"", ""act"": 0.0}, {""tk"": ""is"", ""act"": 0.0}, {""tk"": ""Tulsa"", ""act"": 0.0}, {""tk"": ""The"", ""act"": 0.0}, {""tk"": ""of"", ""act"": 0.0}, {""tk"": ""state"", ""act"": 0.0}, {""tk"": ""United"", ""act"": 0.0}, {""tk"": ""attribute"", ""act"": 0.0}, {""tk"": ""seat"", ""act"": 0.0}, {""tk"": ""government"", ""act"": 0.0}, {""tk"": ""relationship"", ""act"": 0.0}, {""tk"": ""which"", ""act"": 0.0}, {""tk"": ""containing"", ""act"": 0.0}]"
0_35945,0,35945,"entity: A major city in Oklahoma, USA is Tulsa",entity,1,0.0,0.0,semantic,"[{""token"": ""entity"", ""index"": 1, ""distance"": 0, ""direction"": ""self""}]",n/a,Semantic,Dictionary (fallback),0.9,False,,The,"[{""tk"": ""The"", ""act"": 47.74628829956055}, {""tk"": ""entity"", ""act"": 0.0}, {""tk"": ""city"", ""act"": 0.0}, {""tk"": ""in"", ""act"": 0.0}, {""tk"": ""Oklahoma"", ""act"": 0.0}, {""tk"": ""USA"", ""act"": 0.0}, {""tk"": ""is"", ""act"": 0.0}, {""tk"": ""Tulsa"", ""act"": 0.0}, {""tk"": ""capital"", ""act"": 0.0}, {""tk"": ""of"", ""act"": 0.0}, {""tk"": ""state"", ""act"": 0.0}, {""tk"": ""United"", ""act"": 0.0}, {""tk"": ""attribute"", ""act"": 0.0}, {""tk"": ""seat"", ""act"": 0.0}, {""tk"": ""government"", ""act"": 0.0}, {""tk"": ""relationship"", ""act"": 0.0}, {""tk"": ""which"", ""act"": 0.0}, {""tk"": ""containing"", ""act"": 0.0}]"
0_37416,0,37416,"entity: A major city in Oklahoma, USA is Tulsa",entity,1,0.0,0.0,semantic,"[{""token"": ""entity"", ""index"": 1, ""distance"": 0, ""direction"": ""self""}]",n/a,Semantic,Dictionary,1.0,False,,capital,"[{""tk"": ""capital"", ""act"": 12.284197807312012}, {""tk"": ""entity"", ""act"": 0.0}, {""tk"": ""city"", ""act"": 0.0}, {""tk"": ""in"", ""act"": 0.0}, {""tk"": ""Oklahoma"", ""act"": 0.0}, {""tk"": ""USA"", ""act"": 0.0}, {""tk"": ""is"", ""act"": 0.0}, {""tk"": ""Tulsa"", ""act"": 0.0}, {""tk"": ""The"", ""act"": 0.0}, {""tk"": ""of"", ""act"": 0.0}, {""tk"": ""state"", ""act"": 0.0}, {""tk"": ""United"", ""act"": 0.0}, {""tk"": ""attribute"", ""act"": 0.0}, {""tk"": ""seat"", ""act"": 0.0}, {""tk"": ""government"", ""act"": 0.0}, {""tk"": ""relationship"", ""act"": 0.0}, {""tk"": ""which"", ""act"": 0.0}, {""tk"": ""containing"", ""act"": 0.0}]"
0_37567,0,37567,"entity: A major city in Oklahoma, USA is Tulsa",entity,1,0.0,0.0,semantic,"[{""token"": ""entity"", ""index"": 1, ""distance"": 0, ""direction"": ""self""}]",n/a,Semantic,Dictionary,1.0,False,,containing,"[{""tk"": ""containing"", ""act"": 41.110591888427734}, {""tk"": ""entity"", ""act"": 0.0}, {""tk"": ""city"", ""act"": 0.0}, {""tk"": ""in"", ""act"": 0.0}, {""tk"": ""Oklahoma"", ""act"": 0.0}, {""tk"": ""USA"", ""act"": 0.0}, {""tk"": ""is"", ""act"": 0.0}, {""tk"": ""Tulsa"", ""act"": 0.0}, {""tk"": ""The"", ""act"": 0.0}, {""tk"": ""capital"", ""act"": 0.0}, {""tk"": ""of"", ""act"": 0.0}, {""tk"": ""state"", ""act"": 0.0}, {""tk"": ""United"", ""act"": 0.0}, {""tk"": ""attribute"", ""act"": 0.0}, {""tk"": ""seat"", ""act"": 0.0}, {""tk"": ""government"", ""act"": 0.0}, {""tk"": ""relationship"", ""act"": 0.0}, {""tk"": ""which"", ""act"": 0.0}]"
0_40936,0,40936,"entity: A major city in Oklahoma, USA is Tulsa",entity,1,0.0,0.0,semantic,"[{""token"": ""entity"", ""index"": 1, ""distance"": 0, ""direction"": ""self""}]",n/a,Semantic,Dictionary,1.0,False,,of,"[{""tk"": ""of"", ""act"": 80.84564208984375}, {""tk"": ""entity"", ""act"": 0.0}, {""tk"": ""city"", ""act"": 0.0}, {""tk"": ""in"", ""act"": 0.0}, {""tk"": ""Oklahoma"", ""act"": 0.0}, {""tk"": ""USA"", ""act"": 0.0}, {""tk"": ""is"", ""act"": 0.0}, {""tk"": ""Tulsa"", ""act"": 0.0}, {""tk"": ""The"", ""act"": 0.0}, {""tk"": ""capital"", ""act"": 0.0}, {""tk"": ""state"", ""act"": 0.0}, {""tk"": ""United"", ""act"": 0.0}, {""tk"": ""attribute"", ""act"": 0.0}, {""tk"": ""seat"", ""act"": 0.0}, {""tk"": ""government"", ""act"": 0.0}, {""tk"": ""relationship"", ""act"": 0.0}, {""tk"": ""which"", ""act"": 0.0}, {""tk"": ""containing"", ""act"": 0.0}]"
0_41589,0,41589,"entity: A major city in Oklahoma, USA is Tulsa",entity,1,0.0,0.0,semantic,"[{""token"": ""entity"", ""index"": 1, ""distance"": 0, ""direction"": ""self""}]",n/a,Semantic,Dictionary,1.0,False,,capital,"[{""tk"": ""capital"", ""act"": 7.369453430175781}, {""tk"": ""entity"", ""act"": 0.0}, {""tk"": ""city"", ""act"": 0.0}, {""tk"": ""in"", ""act"": 0.0}, {""tk"": ""Oklahoma"", ""act"": 0.0}, {""tk"": ""USA"", ""act"": 0.0}, {""tk"": ""is"", ""act"": 0.0}, {""tk"": ""Tulsa"", ""act"": 0.0}, {""tk"": ""The"", ""act"": 0.0}, {""tk"": ""of"", ""act"": 0.0}, {""tk"": ""state"", ""act"": 0.0}, {""tk"": ""United"", ""act"": 0.0}, {""tk"": ""attribute"", ""act"": 0.0}, {""tk"": ""seat"", ""act"": 0.0}, {""tk"": ""government"", ""act"": 0.0}, {""tk"": ""relationship"", ""act"": 0.0}, {""tk"": ""which"", ""act"": 0.0}, {""tk"": ""containing"", ""act"": 0.0}]"
0_42481,0,42481,"entity: A major city in Oklahoma, USA is Tulsa",entity,1,0.0,0.0,semantic,"[{""token"": ""entity"", ""index"": 1, ""distance"": 0, ""direction"": ""self""}]",n/a,Semantic,Dictionary (fallback),0.9,False,,state,"[{""tk"": ""state"", ""act"": 22.62320899963379}, {""tk"": ""entity"", ""act"": 0.0}, {""tk"": ""city"", ""act"": 0.0}, {""tk"": ""in"", ""act"": 0.0}, {""tk"": ""Oklahoma"", ""act"": 0.0}, {""tk"": ""USA"", ""act"": 0.0}, {""tk"": ""is"", ""act"": 0.0}, {""tk"": ""Tulsa"", ""act"": 0.0}, {""tk"": ""The"", ""act"": 0.0}, {""tk"": ""capital"", ""act"": 0.0}, {""tk"": ""of"", ""act"": 0.0}, {""tk"": ""United"", ""act"": 0.0}, {""tk"": ""attribute"", ""act"": 0.0}, {""tk"": ""seat"", ""act"": 0.0}, {""tk"": ""government"", ""act"": 0.0}, {""tk"": ""relationship"", ""act"": 0.0}, {""tk"": ""which"", ""act"": 0.0}, {""tk"": ""containing"", ""act"": 0.0}]"
0_42832,0,42832,"entity: A major city in Oklahoma, USA is Tulsa",entity,1,0.0,0.0,semantic,"[{""token"": ""entity"", ""index"": 1, ""distance"": 0, ""direction"": ""self""}]",n/a,Semantic,Dictionary,1.0,False,,containing,"[{""tk"": ""containing"", ""act"": 11.472331047058105}, {""tk"": ""entity"", ""act"": 0.0}, {""tk"": ""city"", ""act"": 0.0}, {""tk"": ""in"", ""act"": 0.0}, {""tk"": ""Oklahoma"", ""act"": 0.0}, {""tk"": ""USA"", ""act"": 0.0}, {""tk"": ""is"", ""act"": 0.0}, {""tk"": ""Tulsa"", ""act"": 0.0}, {""tk"": ""The"", ""act"": 0.0}, {""tk"": ""capital"", ""act"": 0.0}, {""tk"": ""of"", ""act"": 0.0}, {""tk"": ""state"", ""act"": 0.0}, {""tk"": ""United"", ""act"": 0.0}, {""tk"": ""attribute"", ""act"": 0.0}, {""tk"": ""seat"", ""act"": 0.0}, {""tk"": ""government"", ""act"": 0.0}, {""tk"": ""relationship"", ""act"": 0.0}, {""tk"": ""which"", ""act"": 0.0}]"
0_43624,0,43624,"entity: A major city in Oklahoma, USA is Tulsa",entity,1,0.0,0.0,semantic,"[{""token"": ""entity"", ""index"": 1, ""distance"": 0, ""direction"": ""self""}]",n/a,Semantic,Dictionary,1.0,False,,capital,"[{""tk"": ""capital"", ""act"": 10.143529891967773}, {""tk"": ""entity"", ""act"": 0.0}, {""tk"": ""city"", ""act"": 0.0}, {""tk"": ""in"", ""act"": 0.0}, {""tk"": ""Oklahoma"", ""act"": 0.0}, {""tk"": ""USA"", ""act"": 0.0}, {""tk"": ""is"", ""act"": 0.0}, {""tk"": ""Tulsa"", ""act"": 0.0}, {""tk"": ""The"", ""act"": 0.0}, {""tk"": ""of"", ""act"": 0.0}, {""tk"": ""state"", ""act"": 0.0}, {""tk"": ""United"", ""act"": 0.0}, {""tk"": ""attribute"", ""act"": 0.0}, {""tk"": ""seat"", ""act"": 0.0}, {""tk"": ""government"", ""act"": 0.0}, {""tk"": ""relationship"", ""act"": 0.0}, {""tk"": ""which"", ""act"": 0.0}, {""tk"": ""containing"", ""act"": 0.0}]"
0_44489,0,44489,"entity: A major city in Oklahoma, USA is Tulsa",entity,1,0.0,0.0,semantic,"[{""token"": ""entity"", ""index"": 1, ""distance"": 0, ""direction"": ""self""}]",n/a,Relationship,,1.0,False,,(entity) related,"[{""tk"": ""entity"", ""act"": 0.0}, {""tk"": ""city"", ""act"": 0.0}, {""tk"": ""in"", ""act"": 0.0}, {""tk"": ""Oklahoma"", ""act"": 0.0}, {""tk"": ""USA"", ""act"": 0.0}, {""tk"": ""is"", ""act"": 0.0}, {""tk"": ""Tulsa"", ""act"": 0.0}, {""tk"": ""The"", ""act"": 0.0}, {""tk"": ""capital"", ""act"": 0.0}, {""tk"": ""of"", ""act"": 0.0}, {""tk"": ""state"", ""act"": 0.0}, {""tk"": ""United"", ""act"": 0.0}, {""tk"": ""attribute"", ""act"": 0.0}, {""tk"": ""seat"", ""act"": 0.0}, {""tk"": ""government"", ""act"": 0.0}, {""tk"": ""relationship"", ""act"": 0.0}, {""tk"": ""which"", ""act"": 0.0}, {""tk"": ""containing"", ""act"": 0.0}]"
0_44709,0,44709,"entity: A major city in Oklahoma, USA is Tulsa",entity,1,0.0,0.0,semantic,"[{""token"": ""entity"", ""index"": 1, ""distance"": 0, ""direction"": ""self""}]",n/a,Semantic,Dictionary,1.0,False,,containing,"[{""tk"": ""containing"", ""act"": 6.07918643951416}, {""tk"": ""entity"", ""act"": 0.0}, {""tk"": ""city"", ""act"": 0.0}, {""tk"": ""in"", ""act"": 0.0}, {""tk"": ""Oklahoma"", ""act"": 0.0}, {""tk"": ""USA"", ""act"": 0.0}, {""tk"": ""is"", ""act"": 0.0}, {""tk"": ""Tulsa"", ""act"": 0.0}, {""tk"": ""The"", ""act"": 0.0}, {""tk"": ""capital"", ""act"": 0.0}, {""tk"": ""of"", ""act"": 0.0}, {""tk"": ""state"", ""act"": 0.0}, {""tk"": ""United"", ""act"": 0.0}, {""tk"": ""attribute"", ""act"": 0.0}, {""tk"": ""seat"", ""act"": 0.0}, {""tk"": ""government"", ""act"": 0.0}, {""tk"": ""relationship"", ""act"": 0.0}, {""tk"": ""which"", ""act"": 0.0}]"
0_48445,0,48445,"entity: A major city in Oklahoma, USA is Tulsa",entity,1,0.0,0.0,semantic,"[{""token"": ""entity"", ""index"": 1, ""distance"": 0, ""direction"": ""self""}]",n/a,Semantic,Dictionary,1.0,False,,containing,"[{""tk"": ""containing"", ""act"": 6.267477512359619}, {""tk"": ""entity"", ""act"": 0.0}, {""tk"": ""city"", ""act"": 0.0}, {""tk"": ""in"", ""act"": 0.0}, {""tk"": ""Oklahoma"", ""act"": 0.0}, {""tk"": ""USA"", ""act"": 0.0}, {""tk"": ""is"", ""act"": 0.0}, {""tk"": ""Tulsa"", ""act"": 0.0}, {""tk"": ""The"", ""act"": 0.0}, {""tk"": ""capital"", ""act"": 0.0}, {""tk"": ""of"", ""act"": 0.0}, {""tk"": ""state"", ""act"": 0.0}, {""tk"": ""United"", ""act"": 0.0}, {""tk"": ""attribute"", ""act"": 0.0}, {""tk"": ""seat"", ""act"": 0.0}, {""tk"": ""government"", ""act"": 0.0}, {""tk"": ""relationship"", ""act"": 0.0}, {""tk"": ""which"", ""act"": 0.0}]"
0_50774,0,50774,"entity: A major city in Oklahoma, USA is Tulsa",entity,1,0.0,0.0,semantic,"[{""token"": ""entity"", ""index"": 1, ""distance"": 0, ""direction"": ""self""}]",n/a,Semantic,Dictionary,1.0,False,,capital,"[{""tk"": ""capital"", ""act"": 14.198838233947754}, {""tk"": ""entity"", ""act"": 0.0}, {""tk"": ""city"", ""act"": 0.0}, {""tk"": ""in"", ""act"": 0.0}, {""tk"": ""Oklahoma"", ""act"": 0.0}, {""tk"": ""USA"", ""act"": 0.0}, {""tk"": ""is"", ""act"": 0.0}, {""tk"": ""Tulsa"", ""act"": 0.0}, {""tk"": ""The"", ""act"": 0.0}, {""tk"": ""of"", ""act"": 0.0}, {""tk"": ""state"", ""act"": 0.0}, {""tk"": ""United"", ""act"": 0.0}, {""tk"": ""attribute"", ""act"": 0.0}, {""tk"": ""seat"", ""act"": 0.0}, {""tk"": ""government"", ""act"": 0.0}, {""tk"": ""relationship"", ""act"": 0.0}, {""tk"": ""which"", ""act"": 0.0}, {""tk"": ""containing"", ""act"": 0.0}]"
0_52264,0,52264,"entity: A major city in Oklahoma, USA is Tulsa",entity,1,0.0,0.0,semantic,"[{""token"": ""entity"", ""index"": 1, ""distance"": 0, ""direction"": ""self""}]",n/a,Semantic,Dictionary,1.0,False,,containing,"[{""tk"": ""containing"", ""act"": 9.985231399536133}, {""tk"": ""entity"", ""act"": 0.0}, {""tk"": ""city"", ""act"": 0.0}, {""tk"": ""in"", ""act"": 0.0}, {""tk"": ""Oklahoma"", ""act"": 0.0}, {""tk"": ""USA"", ""act"": 0.0}, {""tk"": ""is"", ""act"": 0.0}, {""tk"": ""Tulsa"", ""act"": 0.0}, {""tk"": ""The"", ""act"": 0.0}, {""tk"": ""capital"", ""act"": 0.0}, {""tk"": ""of"", ""act"": 0.0}, {""tk"": ""state"", ""act"": 0.0}, {""tk"": ""United"", ""act"": 0.0}, {""tk"": ""attribute"", ""act"": 0.0}, {""tk"": ""seat"", ""act"": 0.0}, {""tk"": ""government"", ""act"": 0.0}, {""tk"": ""relationship"", ""act"": 0.0}, {""tk"": ""which"", ""act"": 0.0}]"
0_53491,0,53491,"entity: A major city in Oklahoma, USA is Tulsa",entity,1,0.0,0.0,semantic,"[{""token"": ""entity"", ""index"": 1, ""distance"": 0, ""direction"": ""self""}]",n/a,Semantic,Dictionary,1.0,False,,capital,"[{""tk"": ""capital"", ""act"": 16.344919204711914}, {""tk"": ""entity"", ""act"": 0.0}, {""tk"": ""city"", ""act"": 0.0}, {""tk"": ""in"", ""act"": 0.0}, {""tk"": ""Oklahoma"", ""act"": 0.0}, {""tk"": ""USA"", ""act"": 0.0}, {""tk"": ""is"", ""act"": 0.0}, {""tk"": ""Tulsa"", ""act"": 0.0}, {""tk"": ""The"", ""act"": 0.0}, {""tk"": ""of"", ""act"": 0.0}, {""tk"": ""state"", ""act"": 0.0}, {""tk"": ""United"", ""act"": 0.0}, {""tk"": ""attribute"", ""act"": 0.0}, {""tk"": ""seat"", ""act"": 0.0}, {""tk"": ""government"", ""act"": 0.0}, {""tk"": ""relationship"", ""act"": 0.0}, {""tk"": ""which"", ""act"": 0.0}, {""tk"": ""containing"", ""act"": 0.0}]"
0_53531,0,53531,"entity: A major city in Oklahoma, USA is Tulsa",entity,1,0.0,0.0,semantic,"[{""token"": ""entity"", ""index"": 1, ""distance"": 0, ""direction"": ""self""}]",n/a,Semantic,Dictionary,1.0,False,,capital,"[{""tk"": ""capital"", ""act"": 8.328258514404297}, {""tk"": ""entity"", ""act"": 0.0}, {""tk"": ""city"", ""act"": 0.0}, {""tk"": ""in"", ""act"": 0.0}, {""tk"": ""Oklahoma"", ""act"": 0.0}, {""tk"": ""USA"", ""act"": 0.0}, {""tk"": ""is"", ""act"": 0.0}, {""tk"": ""Tulsa"", ""act"": 0.0}, {""tk"": ""The"", ""act"": 0.0}, {""tk"": ""of"", ""act"": 0.0}, {""tk"": ""state"", ""act"": 0.0}, {""tk"": ""United"", ""act"": 0.0}, {""tk"": ""attribute"", ""act"": 0.0}, {""tk"": ""seat"", ""act"": 0.0}, {""tk"": ""government"", ""act"": 0.0}, {""tk"": ""relationship"", ""act"": 0.0}, {""tk"": ""which"", ""act"": 0.0}, {""tk"": ""containing"", ""act"": 0.0}]"
0_54197,0,54197,"entity: A major city in Oklahoma, USA is Tulsa",entity,1,0.0,0.0,semantic,"[{""token"": ""entity"", ""index"": 1, ""distance"": 0, ""direction"": ""self""}]",n/a,Semantic,Dictionary,1.0,False,,containing,"[{""tk"": ""containing"", ""act"": 11.77919864654541}, {""tk"": ""entity"", ""act"": 0.0}, {""tk"": ""city"", ""act"": 0.0}, {""tk"": ""in"", ""act"": 0.0}, {""tk"": ""Oklahoma"", ""act"": 0.0}, {""tk"": ""USA"", ""act"": 0.0}, {""tk"": ""is"", ""act"": 0.0}, {""tk"": ""Tulsa"", ""act"": 0.0}, {""tk"": ""The"", ""act"": 0.0}, {""tk"": ""capital"", ""act"": 0.0}, {""tk"": ""of"", ""act"": 0.0}, {""tk"": ""state"", ""act"": 0.0}, {""tk"": ""United"", ""act"": 0.0}, {""tk"": ""attribute"", ""act"": 0.0}, {""tk"": ""seat"", ""act"": 0.0}, {""tk"": ""government"", ""act"": 0.0}, {""tk"": ""relationship"", ""act"": 0.0}, {""tk"": ""which"", ""act"": 0.0}]"
0_54572,0,54572,"entity: A major city in Oklahoma, USA is Tulsa",entity,1,0.0,0.0,semantic,"[{""token"": ""entity"", ""index"": 1, ""distance"": 0, ""direction"": ""self""}]",n/a,Semantic,Dictionary (fallback),0.9,False,,The,"[{""tk"": ""The"", ""act"": 30.514068603515625}, {""tk"": ""entity"", ""act"": 0.0}, {""tk"": ""city"", ""act"": 0.0}, {""tk"": ""in"", ""act"": 0.0}, {""tk"": ""Oklahoma"", ""act"": 0.0}, {""tk"": ""USA"", ""act"": 0.0}, {""tk"": ""is"", ""act"": 0.0}, {""tk"": ""Tulsa"", ""act"": 0.0}, {""tk"": ""capital"", ""act"": 0.0}, {""tk"": ""of"", ""act"": 0.0}, {""tk"": ""state"", ""act"": 0.0}, {""tk"": ""United"", ""act"": 0.0}, {""tk"": ""attribute"", ""act"": 0.0}, {""tk"": ""seat"", ""act"": 0.0}, {""tk"": ""government"", ""act"": 0.0}, {""tk"": ""relationship"", ""act"": 0.0}, {""tk"": ""which"", ""act"": 0.0}, {""tk"": ""containing"", ""act"": 0.0}]"
0_55815,0,55815,"entity: A major city in Oklahoma, USA is Tulsa",entity,1,0.0,0.0,semantic,"[{""token"": ""entity"", ""index"": 1, ""distance"": 0, ""direction"": ""self""}]",n/a,Semantic,Dictionary,1.0,False,,capital,"[{""tk"": ""capital"", ""act"": 57.7287712097168}, {""tk"": ""entity"", ""act"": 0.0}, {""tk"": ""city"", ""act"": 0.0}, {""tk"": ""in"", ""act"": 0.0}, {""tk"": ""Oklahoma"", ""act"": 0.0}, {""tk"": ""USA"", ""act"": 0.0}, {""tk"": ""is"", ""act"": 0.0}, {""tk"": ""Tulsa"", ""act"": 0.0}, {""tk"": ""The"", ""act"": 0.0}, {""tk"": ""of"", ""act"": 0.0}, {""tk"": ""state"", ""act"": 0.0}, {""tk"": ""United"", ""act"": 0.0}, {""tk"": ""attribute"", ""act"": 0.0}, {""tk"": ""seat"", ""act"": 0.0}, {""tk"": ""government"", ""act"": 0.0}, {""tk"": ""relationship"", ""act"": 0.0}, {""tk"": ""which"", ""act"": 0.0}, {""tk"": ""containing"", ""act"": 0.0}]"
0_56748,0,56748,"entity: A major city in Oklahoma, USA is Tulsa",entity,1,0.0,0.0,semantic,"[{""token"": ""entity"", ""index"": 1, ""distance"": 0, ""direction"": ""self""}]",n/a,Semantic,Dictionary (fallback),0.9,False,,state,"[{""tk"": ""state"", ""act"": 13.299398422241211}, {""tk"": ""entity"", ""act"": 0.0}, {""tk"": ""city"", ""act"": 0.0}, {""tk"": ""in"", ""act"": 0.0}, {""tk"": ""Oklahoma"", ""act"": 0.0}, {""tk"": ""USA"", ""act"": 0.0}, {""tk"": ""is"", ""act"": 0.0}, {""tk"": ""Tulsa"", ""act"": 0.0}, {""tk"": ""The"", ""act"": 0.0}, {""tk"": ""capital"", ""act"": 0.0}, {""tk"": ""of"", ""act"": 0.0}, {""tk"": ""United"", ""act"": 0.0}, {""tk"": ""attribute"", ""act"": 0.0}, {""tk"": ""seat"", ""act"": 0.0}, {""tk"": ""government"", ""act"": 0.0}, {""tk"": ""relationship"", ""act"": 0.0}, {""tk"": ""which"", ""act"": 0.0}, {""tk"": ""containing"", ""act"": 0.0}]"
0_61257,0,61257,"entity: A major city in Oklahoma, USA is Tulsa",entity,1,0.0,0.0,semantic,"[{""token"": ""entity"", ""index"": 1, ""distance"": 0, ""direction"": ""self""}]",n/a,Semantic,Dictionary (fallback),0.9,False,,state,"[{""tk"": ""state"", ""act"": 15.710807800292969}, {""tk"": ""entity"", ""act"": 0.0}, {""tk"": ""city"", ""act"": 0.0}, {""tk"": ""in"", ""act"": 0.0}, {""tk"": ""Oklahoma"", ""act"": 0.0}, {""tk"": ""USA"", ""act"": 0.0}, {""tk"": ""is"", ""act"": 0.0}, {""tk"": ""Tulsa"", ""act"": 0.0}, {""tk"": ""The"", ""act"": 0.0}, {""tk"": ""capital"", ""act"": 0.0}, {""tk"": ""of"", ""act"": 0.0}, {""tk"": ""United"", ""act"": 0.0}, {""tk"": ""attribute"", ""act"": 0.0}, {""tk"": ""seat"", ""act"": 0.0}, {""tk"": ""government"", ""act"": 0.0}, {""tk"": ""relationship"", ""act"": 0.0}, {""tk"": ""which"", ""act"": 0.0}, {""tk"": ""containing"", ""act"": 0.0}]"
0_62872,0,62872,"entity: A major city in Oklahoma, USA is Tulsa",entity,1,0.0,0.0,semantic,"[{""token"": ""entity"", ""index"": 1, ""distance"": 0, ""direction"": ""self""}]",n/a,Relationship,,1.0,False,,(entity) related,"[{""tk"": ""entity"", ""act"": 0.0}, {""tk"": ""city"", ""act"": 0.0}, {""tk"": ""in"", ""act"": 0.0}, {""tk"": ""Oklahoma"", ""act"": 0.0}, {""tk"": ""USA"", ""act"": 0.0}, {""tk"": ""is"", ""act"": 0.0}, {""tk"": ""Tulsa"", ""act"": 0.0}, {""tk"": ""The"", ""act"": 0.0}, {""tk"": ""capital"", ""act"": 0.0}, {""tk"": ""of"", ""act"": 0.0}, {""tk"": ""state"", ""act"": 0.0}, {""tk"": ""United"", ""act"": 0.0}, {""tk"": ""attribute"", ""act"": 0.0}, {""tk"": ""seat"", ""act"": 0.0}, {""tk"": ""government"", ""act"": 0.0}, {""tk"": ""relationship"", ""act"": 0.0}, {""tk"": ""which"", ""act"": 0.0}, {""tk"": ""containing"", ""act"": 0.0}]"
0_63548,0,63548,"entity: A major city in Oklahoma, USA is Tulsa",entity,1,0.0,0.0,semantic,"[{""token"": ""entity"", ""index"": 1, ""distance"": 0, ""direction"": ""self""}]",n/a,Semantic,Dictionary,1.0,False,,capital,"[{""tk"": ""capital"", ""act"": 9.130105972290039}, {""tk"": ""entity"", ""act"": 0.0}, {""tk"": ""city"", ""act"": 0.0}, {""tk"": ""in"", ""act"": 0.0}, {""tk"": ""Oklahoma"", ""act"": 0.0}, {""tk"": ""USA"", ""act"": 0.0}, {""tk"": ""is"", ""act"": 0.0}, {""tk"": ""Tulsa"", ""act"": 0.0}, {""tk"": ""The"", ""act"": 0.0}, {""tk"": ""of"", ""act"": 0.0}, {""tk"": ""state"", ""act"": 0.0}, {""tk"": ""United"", ""act"": 0.0}, {""tk"": ""attribute"", ""act"": 0.0}, {""tk"": ""seat"", ""act"": 0.0}, {""tk"": ""government"", ""act"": 0.0}, {""tk"": ""relationship"", ""act"": 0.0}, {""tk"": ""which"", ""act"": 0.0}, {""tk"": ""containing"", ""act"": 0.0}]"
0_66754,0,66754,"entity: A major city in Oklahoma, USA is Tulsa",entity,1,0.0,0.0,semantic,"[{""token"": ""entity"", ""index"": 1, ""distance"": 0, ""direction"": ""self""}]",n/a,Semantic,Dictionary,1.0,False,,containing,"[{""tk"": ""containing"", ""act"": 12.251155853271484}, {""tk"": ""entity"", ""act"": 0.0}, {""tk"": ""city"", ""act"": 0.0}, {""tk"": ""in"", ""act"": 0.0}, {""tk"": ""Oklahoma"", ""act"": 0.0}, {""tk"": ""USA"", ""act"": 0.0}, {""tk"": ""is"", ""act"": 0.0}, {""tk"": ""Tulsa"", ""act"": 0.0}, {""tk"": ""The"", ""act"": 0.0}, {""tk"": ""capital"", ""act"": 0.0}, {""tk"": ""of"", ""act"": 0.0}, {""tk"": ""state"", ""act"": 0.0}, {""tk"": ""United"", ""act"": 0.0}, {""tk"": ""attribute"", ""act"": 0.0}, {""tk"": ""seat"", ""act"": 0.0}, {""tk"": ""government"", ""act"": 0.0}, {""tk"": ""relationship"", ""act"": 0.0}, {""tk"": ""which"", ""act"": 0.0}]"
0_67553,0,67553,"entity: A major city in Oklahoma, USA is Tulsa",entity,1,0.0,0.0,semantic,"[{""token"": ""entity"", ""index"": 1, ""distance"": 0, ""direction"": ""self""}]",n/a,Semantic,Dictionary,1.0,False,,containing,"[{""tk"": ""containing"", ""act"": 16.307926177978516}, {""tk"": ""entity"", ""act"": 0.0}, {""tk"": ""city"", ""act"": 0.0}, {""tk"": ""in"", ""act"": 0.0}, {""tk"": ""Oklahoma"", ""act"": 0.0}, {""tk"": ""USA"", ""act"": 0.0}, {""tk"": ""is"", ""act"": 0.0}, {""tk"": ""Tulsa"", ""act"": 0.0}, {""tk"": ""The"", ""act"": 0.0}, {""tk"": ""capital"", ""act"": 0.0}, {""tk"": ""of"", ""act"": 0.0}, {""tk"": ""state"", ""act"": 0.0}, {""tk"": ""United"", ""act"": 0.0}, {""tk"": ""attribute"", ""act"": 0.0}, {""tk"": ""seat"", ""act"": 0.0}, {""tk"": ""government"", ""act"": 0.0}, {""tk"": ""relationship"", ""act"": 0.0}, {""tk"": ""which"", ""act"": 0.0}]"
0_73095,0,73095,"entity: A major city in Oklahoma, USA is Tulsa",entity,1,0.0,0.0,semantic,"[{""token"": ""entity"", ""index"": 1, ""distance"": 0, ""direction"": ""self""}]",n/a,Semantic,Dictionary,1.0,False,,containing,"[{""tk"": ""containing"", ""act"": 15.30929946899414}, {""tk"": ""entity"", ""act"": 0.0}, {""tk"": ""city"", ""act"": 0.0}, {""tk"": ""in"", ""act"": 0.0}, {""tk"": ""Oklahoma"", ""act"": 0.0}, {""tk"": ""USA"", ""act"": 0.0}, {""tk"": ""is"", ""act"": 0.0}, {""tk"": ""Tulsa"", ""act"": 0.0}, {""tk"": ""The"", ""act"": 0.0}, {""tk"": ""capital"", ""act"": 0.0}, {""tk"": ""of"", ""act"": 0.0}, {""tk"": ""state"", ""act"": 0.0}, {""tk"": ""United"", ""act"": 0.0}, {""tk"": ""attribute"", ""act"": 0.0}, {""tk"": ""seat"", ""act"": 0.0}, {""tk"": ""government"", ""act"": 0.0}, {""tk"": ""relationship"", ""act"": 0.0}, {""tk"": ""which"", ""act"": 0.0}]"
0_73833,0,73833,"entity: A major city in Oklahoma, USA is Tulsa",entity,1,0.0,0.0,semantic,"[{""token"": ""entity"", ""index"": 1, ""distance"": 0, ""direction"": ""self""}]",n/a,Semantic,Dictionary,1.0,False,,containing,"[{""tk"": ""containing"", ""act"": 11.570135116577148}, {""tk"": ""entity"", ""act"": 0.0}, {""tk"": ""city"", ""act"": 0.0}, {""tk"": ""in"", ""act"": 0.0}, {""tk"": ""Oklahoma"", ""act"": 0.0}, {""tk"": ""USA"", ""act"": 0.0}, {""tk"": ""is"", ""act"": 0.0}, {""tk"": ""Tulsa"", ""act"": 0.0}, {""tk"": ""The"", ""act"": 0.0}, {""tk"": ""capital"", ""act"": 0.0}, {""tk"": ""of"", ""act"": 0.0}, {""tk"": ""state"", ""act"": 0.0}, {""tk"": ""United"", ""act"": 0.0}, {""tk"": ""attribute"", ""act"": 0.0}, {""tk"": ""seat"", ""act"": 0.0}, {""tk"": ""government"", ""act"": 0.0}, {""tk"": ""relationship"", ""act"": 0.0}, {""tk"": ""which"", ""act"": 0.0}]"
0_82862,0,82862,"entity: A major city in Oklahoma, USA is Tulsa",entity,1,0.0,0.0,semantic,"[{""token"": ""entity"", ""index"": 1, ""distance"": 0, ""direction"": ""self""}]",n/a,Semantic,Dictionary (fallback),0.9,False,,government,"[{""tk"": ""government"", ""act"": 9.586883544921875}, {""tk"": ""capital"", ""act"": 8.219970703125}, {""tk"": ""state"", ""act"": 5.531653881072998}, {""tk"": ""relationship"", ""act"": 1.4258275032043457}, {""tk"": ""entity"", ""act"": 0.0}, {""tk"": ""city"", ""act"": 0.0}, {""tk"": ""in"", ""act"": 0.0}, {""tk"": ""Oklahoma"", ""act"": 0.0}, {""tk"": ""USA"", ""act"": 0.0}, {""tk"": ""is"", ""act"": 0.0}, {""tk"": ""Tulsa"", ""act"": 0.0}, {""tk"": ""The"", ""act"": 0.0}, {""tk"": ""of"", ""act"": 0.0}, {""tk"": ""United"", ""act"": 0.0}, {""tk"": ""attribute"", ""act"": 0.0}, {""tk"": ""seat"", ""act"": 0.0}, {""tk"": ""which"", ""act"": 0.0}, {""tk"": ""containing"", ""act"": 0.0}]"
0_88875,0,88875,"entity: A major city in Oklahoma, USA is Tulsa",entity,1,0.0,0.0,semantic,"[{""token"": ""entity"", ""index"": 1, ""distance"": 0, ""direction"": ""self""}]",n/a,Semantic,Dictionary,1.0,False,,containing,"[{""tk"": ""containing"", ""act"": 13.765202522277832}, {""tk"": ""entity"", ""act"": 0.0}, {""tk"": ""city"", ""act"": 0.0}, {""tk"": ""in"", ""act"": 0.0}, {""tk"": ""Oklahoma"", ""act"": 0.0}, {""tk"": ""USA"", ""act"": 0.0}, {""tk"": ""is"", ""act"": 0.0}, {""tk"": ""Tulsa"", ""act"": 0.0}, {""tk"": ""The"", ""act"": 0.0}, {""tk"": ""capital"", ""act"": 0.0}, {""tk"": ""of"", ""act"": 0.0}, {""tk"": ""state"", ""act"": 0.0}, {""tk"": ""United"", ""act"": 0.0}, {""tk"": ""attribute"", ""act"": 0.0}, {""tk"": ""seat"", ""act"": 0.0}, {""tk"": ""government"", ""act"": 0.0}, {""tk"": ""relationship"", ""act"": 0.0}, {""tk"": ""which"", ""act"": 0.0}]"
0_89974,0,89974,"entity: A major city in Oklahoma, USA is Tulsa",entity,1,0.0,0.0,semantic,"[{""token"": ""entity"", ""index"": 1, ""distance"": 0, ""direction"": ""self""}]",n/a,Semantic,Dictionary (fallback),0.9,False,,containing,"[{""tk"": ""containing"", ""act"": 30.332237243652344}, {""tk"": ""entity"", ""act"": 0.0}, {""tk"": ""city"", ""act"": 0.0}, {""tk"": ""in"", ""act"": 0.0}, {""tk"": ""Oklahoma"", ""act"": 0.0}, {""tk"": ""USA"", ""act"": 0.0}, {""tk"": ""is"", ""act"": 0.0}, {""tk"": ""Tulsa"", ""act"": 0.0}, {""tk"": ""The"", ""act"": 0.0}, {""tk"": ""capital"", ""act"": 0.0}, {""tk"": ""of"", ""act"": 0.0}, {""tk"": ""state"", ""act"": 0.0}, {""tk"": ""United"", ""act"": 0.0}, {""tk"": ""attribute"", ""act"": 0.0}, {""tk"": ""seat"", ""act"": 0.0}, {""tk"": ""government"", ""act"": 0.0}, {""tk"": ""relationship"", ""act"": 0.0}, {""tk"": ""which"", ""act"": 0.0}]"
0_95264,0,95264,"entity: A major city in Oklahoma, USA is Tulsa",entity,1,0.0,0.0,semantic,"[{""token"": ""entity"", ""index"": 1, ""distance"": 0, ""direction"": ""self""}]",n/a,Semantic,Dictionary (fallback),0.9,False,,attribute,"[{""tk"": ""attribute"", ""act"": 4.412742614746094}, {""tk"": ""relationship"", ""act"": 1.6707706451416016}, {""tk"": ""entity"", ""act"": 0.0}, {""tk"": ""city"", ""act"": 0.0}, {""tk"": ""in"", ""act"": 0.0}, {""tk"": ""Oklahoma"", ""act"": 0.0}, {""tk"": ""USA"", ""act"": 0.0}, {""tk"": ""is"", ""act"": 0.0}, {""tk"": ""Tulsa"", ""act"": 0.0}, {""tk"": ""The"", ""act"": 0.0}, {""tk"": ""capital"", ""act"": 0.0}, {""tk"": ""of"", ""act"": 0.0}, {""tk"": ""state"", ""act"": 0.0}, {""tk"": ""United"", ""act"": 0.0}, {""tk"": ""seat"", ""act"": 0.0}, {""tk"": ""government"", ""act"": 0.0}, {""tk"": ""which"", ""act"": 0.0}, {""tk"": ""containing"", ""act"": 0.0}]"
1_12928,1,12928,"entity: A major city in Oklahoma, USA is Tulsa", Oklahoma,7,113.96753692626952,0.3124617299548095,semantic,"[{""token"": "" Oklahoma"", ""index"": 7, ""distance"": 0, ""direction"": ""self""}]",n/a,Relationship,,1.0,False,,(attribute) related,"[{""tk"": ""attribute"", ""act"": 116.61937713623047}, {""tk"": ""relationship"", ""act"": 115.05401611328125}, {""tk"": ""Oklahoma"", ""act"": 113.96753692626953}, {""tk"": ""entity"", ""act"": 105.53134155273438}, {""tk"": ""United"", ""act"": 103.95380401611328}, {""tk"": ""city"", ""act"": 102.33412170410156}, {""tk"": ""state"", ""act"": 91.09199523925781}, {""tk"": ""Tulsa"", ""act"": 89.87969970703125}, {""tk"": ""is"", ""act"": 87.51624298095703}, {""tk"": ""government"", ""act"": 86.91158294677734}, {""tk"": ""the"", ""act"": 86.17095947265625}, {""tk"": ""which"", ""act"": 82.6561279296875}, {""tk"": ""capital"", ""act"": 74.68241882324219}, {""tk"": ""in"", ""act"": 73.71795654296875}, {""tk"": ""USA"", ""act"": 73.03155517578125}, {""tk"": ""seat"", ""act"": 70.52598571777344}, {""tk"": ""of"", ""act"": 68.17405700683594}, {""tk"": ""containing"", ""act"": 62.237648010253906}]"
1_57794,1,57794,"entity: A major city in Oklahoma, USA is Tulsa",entity,1,113.9979019165039,0.293270969814828,semantic,"[{""token"": ""entity"", ""index"": 1, ""distance"": 0, ""direction"": ""self""}]",n/a,Relationship,,1.0,False,,(attribute) related,"[{""tk"": ""attribute"", ""act"": 125.1230239868164}, {""tk"": ""relationship"", ""act"": 121.0589599609375}, {""tk"": ""entity"", ""act"": 113.9979019165039}, {""tk"": ""Oklahoma"", ""act"": 95.80353546142578}, {""tk"": ""The"", ""act"": 90.81844329833984}, {""tk"": ""United"", ""act"": 90.7586898803711}, {""tk"": ""Tulsa"", ""act"": 89.61299896240234}, {""tk"": ""state"", ""act"": 85.2448959350586}, {""tk"": ""is"", ""act"": 84.57393646240234}, {""tk"": ""seat"", ""act"": 83.95726776123047}, {""tk"": ""of"", ""act"": 81.49526977539062}, {""tk"": ""in"", ""act"": 80.10187530517578}, {""tk"": ""USA"", ""act"": 78.79046630859375}, {""tk"": ""which"", ""act"": 78.58411407470703}, {""tk"": ""city"", ""act"": 78.5748291015625}, {""tk"": ""government"", ""act"": 78.36383819580078}, {""tk"": ""capital"", ""act"": 77.23419952392578}, {""tk"": ""containing"", ""act"": 74.69670104980469}]"
1_72774,1,72774,"entity: A major city in Oklahoma, USA is Tulsa", major,4,120.7496337890625,0.4107752886432863,semantic,"[{""token"": "" major"", ""index"": 4, ""distance"": 0, ""direction"": ""self""}]",n/a,Relationship,,1.0,False,,(capital) related,"[{""tk"": ""capital"", ""act"": 102.21701049804688}, {""tk"": ""city"", ""act"": 98.39340209960938}, {""tk"": ""containing"", ""act"": 97.6826171875}, {""tk"": ""seat"", ""act"": 92.99653625488281}, {""tk"": ""state"", ""act"": 91.85028076171875}, {""tk"": ""is"", ""act"": 90.29220581054688}, {""tk"": ""government"", ""act"": 84.53697204589844}, {""tk"": ""USA"", ""act"": 84.1927490234375}, {""tk"": ""Oklahoma"", ""act"": 79.41793823242188}, {""tk"": ""the"", ""act"": 78.6541748046875}, {""tk"": ""of"", ""act"": 78.48052978515625}, {""tk"": ""which"", ""act"": 71.98298645019531}, {""tk"": ""in"", ""act"": 71.59417724609375}, {""tk"": ""United"", ""act"": 71.54949951171875}, {""tk"": ""Tulsa"", ""act"": 71.27827453613281}, {""tk"": ""entity"", ""act"": 41.08169174194336}, {""tk"": ""relationship"", ""act"": 40.78220748901367}, {""tk"": ""attribute"", ""act"": 23.17362403869629}]"
1_52044,1,52044,"entity: A major city in Oklahoma, USA is Tulsa", major,4,118.81828308105467,0.3423957037264045,semantic,"[{""token"": "" major"", ""index"": 4, ""distance"": 0, ""direction"": ""self""}]",n/a,Relationship,,1.0,False,,(containing) related,"[{""tk"": ""containing"", ""act"": 125.91358184814453}, {""tk"": ""capital"", ""act"": 118.56844329833984}, {""tk"": ""city"", ""act"": 112.72059631347656}, {""tk"": ""state"", ""act"": 110.67672729492188}, {""tk"": ""USA"", ""act"": 106.47532653808594}, {""tk"": ""is"", ""act"": 100.27664184570312}, {""tk"": ""seat"", ""act"": 93.41542053222656}, {""tk"": ""government"", ""act"": 92.29335021972656}, {""tk"": ""which"", ""act"": 87.12095642089844}, {""tk"": ""United"", ""act"": 85.41799926757812}, {""tk"": ""The"", ""act"": 81.9691162109375}, {""tk"": ""Tulsa"", ""act"": 81.490478515625}, {""tk"": ""Oklahoma"", ""act"": 79.02906036376953}, {""tk"": ""in"", ""act"": 78.93173217773438}, {""tk"": ""of"", ""act"": 75.42842864990234}, {""tk"": ""entity"", ""act"": 61.78181838989258}, {""tk"": ""relationship"", ""act"": 56.93061447143555}, {""tk"": ""attribute"", ""act"": 43.5494384765625}]"
1_72233,1,72233,"entity: A major city in Oklahoma, USA is Tulsa", Oklahoma,7,50.62027359008789,0.8769824396421209,semantic,"[{""token"": "" Oklahoma"", ""index"": 7, ""distance"": 0, ""direction"": ""self""}]",n/a,Semantic,Dictionary (fallback),0.9,False,,Oklahoma,"[{""tk"": ""Oklahoma"", ""act"": 50.62027359008789}, {""tk"": ""Tulsa"", ""act"": 17.878734588623047}, {""tk"": ""entity"", ""act"": 0.0}, {""tk"": ""city"", ""act"": 0.0}, {""tk"": ""in"", ""act"": 0.0}, {""tk"": ""USA"", ""act"": 0.0}, {""tk"": ""is"", ""act"": 0.0}, {""tk"": ""The"", ""act"": 0.0}, {""tk"": ""capital"", ""act"": 0.0}, {""tk"": ""of"", ""act"": 0.0}, {""tk"": ""state"", ""act"": 0.0}, {""tk"": ""United"", ""act"": 0.0}, {""tk"": ""attribute"", ""act"": 0.0}, {""tk"": ""seat"", ""act"": 0.0}, {""tk"": ""government"", ""act"": 0.0}, {""tk"": ""relationship"", ""act"": 0.0}, {""tk"": ""which"", ""act"": 0.0}, {""tk"": ""containing"", ""act"": 0.0}]"
1_24006,1,24006,"entity: A major city in Oklahoma, USA is Tulsa", Tulsa,11,18.00099754333496,0.9090909090909092,semantic,"[{""token"": "" Tulsa"", ""index"": 11, ""distance"": 0, ""direction"": ""self""}]",n/a,Semantic,Dictionary,1.0,False,,Tulsa,"[{""tk"": ""Tulsa"", ""act"": 18.00099754333496}, {""tk"": ""entity"", ""act"": 0.0}, {""tk"": ""city"", ""act"": 0.0}, {""tk"": ""in"", ""act"": 0.0}, {""tk"": ""Oklahoma"", ""act"": 0.0}, {""tk"": ""USA"", ""act"": 0.0}, {""tk"": ""is"", ""act"": 0.0}, {""tk"": ""The"", ""act"": 0.0}, {""tk"": ""capital"", ""act"": 0.0}, {""tk"": ""of"", ""act"": 0.0}, {""tk"": ""state"", ""act"": 0.0}, {""tk"": ""United"", ""act"": 0.0}, {""tk"": ""attribute"", ""act"": 0.0}, {""tk"": ""seat"", ""act"": 0.0}, {""tk"": ""government"", ""act"": 0.0}, {""tk"": ""relationship"", ""act"": 0.0}, {""tk"": ""which"", ""act"": 0.0}, {""tk"": ""containing"", ""act"": 0.0}]"
1_9286,1,9286,"entity: A major city in Oklahoma, USA is Tulsa", Tulsa,11,17.467994689941406,0.9090909090909092,semantic,"[{""token"": "" Tulsa"", ""index"": 11, ""distance"": 0, ""direction"": ""self""}]",n/a,Semantic,Dictionary,1.0,False,,Tulsa,"[{""tk"": ""Tulsa"", ""act"": 17.467994689941406}, {""tk"": ""entity"", ""act"": 0.0}, {""tk"": ""city"", ""act"": 0.0}, {""tk"": ""in"", ""act"": 0.0}, {""tk"": ""Oklahoma"", ""act"": 0.0}, {""tk"": ""USA"", ""act"": 0.0}, {""tk"": ""is"", ""act"": 0.0}, {""tk"": ""The"", ""act"": 0.0}, {""tk"": ""capital"", ""act"": 0.0}, {""tk"": ""of"", ""act"": 0.0}, {""tk"": ""state"", ""act"": 0.0}, {""tk"": ""United"", ""act"": 0.0}, {""tk"": ""attribute"", ""act"": 0.0}, {""tk"": ""seat"", ""act"": 0.0}, {""tk"": ""government"", ""act"": 0.0}, {""tk"": ""relationship"", ""act"": 0.0}, {""tk"": ""which"", ""act"": 0.0}, {""tk"": ""containing"", ""act"": 0.0}]"
1_60564,1,60564,"entity: A major city in Oklahoma, USA is Tulsa", Tulsa,11,13.770854949951172,0.9090909090909092,semantic,"[{""token"": "" Tulsa"", ""index"": 11, ""distance"": 0, ""direction"": ""self""}]",n/a,Semantic,Dictionary,1.0,False,,Tulsa,"[{""tk"": ""Tulsa"", ""act"": 13.770854949951172}, {""tk"": ""entity"", ""act"": 0.0}, {""tk"": ""city"", ""act"": 0.0}, {""tk"": ""in"", ""act"": 0.0}, {""tk"": ""Oklahoma"", ""act"": 0.0}, {""tk"": ""USA"", ""act"": 0.0}, {""tk"": ""is"", ""act"": 0.0}, {""tk"": ""The"", ""act"": 0.0}, {""tk"": ""capital"", ""act"": 0.0}, {""tk"": ""of"", ""act"": 0.0}, {""tk"": ""state"", ""act"": 0.0}, {""tk"": ""United"", ""act"": 0.0}, {""tk"": ""attribute"", ""act"": 0.0}, {""tk"": ""seat"", ""act"": 0.0}, {""tk"": ""government"", ""act"": 0.0}, {""tk"": ""relationship"", ""act"": 0.0}, {""tk"": ""which"", ""act"": 0.0}, {""tk"": ""containing"", ""act"": 0.0}]"
1_20399,1,20399,"entity: A major city in Oklahoma, USA is Tulsa", Tulsa,11,8.231454849243164,0.9090909090909092,semantic,"[{""token"": "" Tulsa"", ""index"": 11, ""distance"": 0, ""direction"": ""self""}]",n/a,Semantic,Dictionary,1.0,False,,Tulsa,"[{""tk"": ""Tulsa"", ""act"": 8.231454849243164}, {""tk"": ""entity"", ""act"": 0.0}, {""tk"": ""city"", ""act"": 0.0}, {""tk"": ""in"", ""act"": 0.0}, {""tk"": ""Oklahoma"", ""act"": 0.0}, {""tk"": ""USA"", ""act"": 0.0}, {""tk"": ""is"", ""act"": 0.0}, {""tk"": ""The"", ""act"": 0.0}, {""tk"": ""capital"", ""act"": 0.0}, {""tk"": ""of"", ""act"": 0.0}, {""tk"": ""state"", ""act"": 0.0}, {""tk"": ""United"", ""act"": 0.0}, {""tk"": ""attribute"", ""act"": 0.0}, {""tk"": ""seat"", ""act"": 0.0}, {""tk"": ""government"", ""act"": 0.0}, {""tk"": ""relationship"", ""act"": 0.0}, {""tk"": ""which"", ""act"": 0.0}, {""tk"": ""containing"", ""act"": 0.0}]"
1_74380,1,74380,"entity: A major city in Oklahoma, USA is Tulsa",entity,1,0.0,0.0,semantic,"[{""token"": ""entity"", ""index"": 1, ""distance"": 0, ""direction"": ""self""}]",n/a,Semantic,Dictionary,1.0,False,,capital,"[{""tk"": ""capital"", ""act"": 17.934070587158203}, {""tk"": ""entity"", ""act"": 0.0}, {""tk"": ""city"", ""act"": 0.0}, {""tk"": ""in"", ""act"": 0.0}, {""tk"": ""Oklahoma"", ""act"": 0.0}, {""tk"": ""USA"", ""act"": 0.0}, {""tk"": ""is"", ""act"": 0.0}, {""tk"": ""Tulsa"", ""act"": 0.0}, {""tk"": ""The"", ""act"": 0.0}, {""tk"": ""of"", ""act"": 0.0}, {""tk"": ""state"", ""act"": 0.0}, {""tk"": ""United"", ""act"": 0.0}, {""tk"": ""attribute"", ""act"": 0.0}, {""tk"": ""seat"", ""act"": 0.0}, {""tk"": ""government"", ""act"": 0.0}, {""tk"": ""relationship"", ""act"": 0.0}, {""tk"": ""which"", ""act"": 0.0}, {""tk"": ""containing"", ""act"": 0.0}]"
1_18568,1,18568,"entity: A major city in Oklahoma, USA is Tulsa", is,10,1.99772310256958,0.9090909090909092,functional,"[{""token"": "" Tulsa"", ""index"": 11, ""distance"": 1, ""direction"": ""forward""}]",json,Semantic,Dictionary,0.8333333333333334,False,,is,"[{""tk"": ""is"", ""act"": 5.408833980560303}, {""tk"": ""entity"", ""act"": 0.0}, {""tk"": ""city"", ""act"": 0.0}, {""tk"": ""in"", ""act"": 0.0}, {""tk"": ""Oklahoma"", ""act"": 0.0}, {""tk"": ""USA"", ""act"": 0.0}, {""tk"": ""Tulsa"", ""act"": 0.0}, {""tk"": ""The"", ""act"": 0.0}, {""tk"": ""capital"", ""act"": 0.0}, {""tk"": ""of"", ""act"": 0.0}, {""tk"": ""state"", ""act"": 0.0}, {""tk"": ""United"", ""act"": 0.0}, {""tk"": ""attribute"", ""act"": 0.0}, {""tk"": ""seat"", ""act"": 0.0}, {""tk"": ""government"", ""act"": 0.0}, {""tk"": ""relationship"", ""act"": 0.0}, {""tk"": ""which"", ""act"": 0.0}, {""tk"": ""containing"", ""act"": 0.0}]"
1_56907,1,56907,"entity: A major city in Oklahoma, USA is Tulsa",entity,1,0.0,0.0,semantic,"[{""token"": ""entity"", ""index"": 1, ""distance"": 0, ""direction"": ""self""}]",n/a,Semantic,Dictionary (fallback),0.9,False,,is,"[{""tk"": ""is"", ""act"": 6.065802097320557}, {""tk"": ""entity"", ""act"": 0.0}, {""tk"": ""city"", ""act"": 0.0}, {""tk"": ""in"", ""act"": 0.0}, {""tk"": ""Oklahoma"", ""act"": 0.0}, {""tk"": ""USA"", ""act"": 0.0}, {""tk"": ""Tulsa"", ""act"": 0.0}, {""tk"": ""The"", ""act"": 0.0}, {""tk"": ""capital"", ""act"": 0.0}, {""tk"": ""of"", ""act"": 0.0}, {""tk"": ""state"", ""act"": 0.0}, {""tk"": ""United"", ""act"": 0.0}, {""tk"": ""attribute"", ""act"": 0.0}, {""tk"": ""seat"", ""act"": 0.0}, {""tk"": ""government"", ""act"": 0.0}, {""tk"": ""relationship"", ""act"": 0.0}, {""tk"": ""which"", ""act"": 0.0}, {""tk"": ""containing"", ""act"": 0.0}]"
1_64129,1,64129,"entity: A major city in Oklahoma, USA is Tulsa",entity,1,0.0,0.0,semantic,"[{""token"": ""entity"", ""index"": 1, ""distance"": 0, ""direction"": ""self""}]",n/a,Relationship,,1.0,False,,(entity) related,"[{""tk"": ""entity"", ""act"": 0.0}, {""tk"": ""city"", ""act"": 0.0}, {""tk"": ""in"", ""act"": 0.0}, {""tk"": ""Oklahoma"", ""act"": 0.0}, {""tk"": ""USA"", ""act"": 0.0}, {""tk"": ""is"", ""act"": 0.0}, {""tk"": ""Tulsa"", ""act"": 0.0}, {""tk"": ""The"", ""act"": 0.0}, {""tk"": ""capital"", ""act"": 0.0}, {""tk"": ""of"", ""act"": 0.0}, {""tk"": ""state"", ""act"": 0.0}, {""tk"": ""United"", ""act"": 0.0}, {""tk"": ""attribute"", ""act"": 0.0}, {""tk"": ""seat"", ""act"": 0.0}, {""tk"": ""government"", ""act"": 0.0}, {""tk"": ""relationship"", ""act"": 0.0}, {""tk"": ""which"", ""act"": 0.0}, {""tk"": ""containing"", ""act"": 0.0}]"
1_73733,1,73733,"entity: A major city in Oklahoma, USA is Tulsa",entity,1,0.0,0.0,semantic,"[{""token"": ""entity"", ""index"": 1, ""distance"": 0, ""direction"": ""self""}]",n/a,Relationship,,1.0,False,,(entity) related,"[{""tk"": ""entity"", ""act"": 0.0}, {""tk"": ""city"", ""act"": 0.0}, {""tk"": ""in"", ""act"": 0.0}, {""tk"": ""Oklahoma"", ""act"": 0.0}, {""tk"": ""USA"", ""act"": 0.0}, {""tk"": ""is"", ""act"": 0.0}, {""tk"": ""Tulsa"", ""act"": 0.0}, {""tk"": ""The"", ""act"": 0.0}, {""tk"": ""capital"", ""act"": 0.0}, {""tk"": ""of"", ""act"": 0.0}, {""tk"": ""state"", ""act"": 0.0}, {""tk"": ""United"", ""act"": 0.0}, {""tk"": ""attribute"", ""act"": 0.0}, {""tk"": ""seat"", ""act"": 0.0}, {""tk"": ""government"", ""act"": 0.0}, {""tk"": ""relationship"", ""act"": 0.0}, {""tk"": ""which"", ""act"": 0.0}, {""tk"": ""containing"", ""act"": 0.0}]"
1_82299,1,82299,"entity: A major city in Oklahoma, USA is Tulsa",entity,1,0.0,0.0,semantic,"[{""token"": ""entity"", ""index"": 1, ""distance"": 0, ""direction"": ""self""}]",n/a,Semantic,Dictionary,1.0,False,,capital,"[{""tk"": ""capital"", ""act"": 12.999090194702148}, {""tk"": ""entity"", ""act"": 0.0}, {""tk"": ""city"", ""act"": 0.0}, {""tk"": ""in"", ""act"": 0.0}, {""tk"": ""Oklahoma"", ""act"": 0.0}, {""tk"": ""USA"", ""act"": 0.0}, {""tk"": ""is"", ""act"": 0.0}, {""tk"": ""Tulsa"", ""act"": 0.0}, {""tk"": ""The"", ""act"": 0.0}, {""tk"": ""of"", ""act"": 0.0}, {""tk"": ""state"", ""act"": 0.0}, {""tk"": ""United"", ""act"": 0.0}, {""tk"": ""attribute"", ""act"": 0.0}, {""tk"": ""seat"", ""act"": 0.0}, {""tk"": ""government"", ""act"": 0.0}, {""tk"": ""relationship"", ""act"": 0.0}, {""tk"": ""which"", ""act"": 0.0}, {""tk"": ""containing"", ""act"": 0.0}]"
1_85217,1,85217,"entity: A major city in Oklahoma, USA is Tulsa",entity,1,0.0,0.0,semantic,"[{""token"": ""entity"", ""index"": 1, ""distance"": 0, ""direction"": ""self""}]",n/a,Semantic,Dictionary,1.0,False,,capital,"[{""tk"": ""capital"", ""act"": 20.99380874633789}, {""tk"": ""entity"", ""act"": 0.0}, {""tk"": ""city"", ""act"": 0.0}, {""tk"": ""in"", ""act"": 0.0}, {""tk"": ""Oklahoma"", ""act"": 0.0}, {""tk"": ""USA"", ""act"": 0.0}, {""tk"": ""is"", ""act"": 0.0}, {""tk"": ""Tulsa"", ""act"": 0.0}, {""tk"": ""The"", ""act"": 0.0}, {""tk"": ""of"", ""act"": 0.0}, {""tk"": ""state"", ""act"": 0.0}, {""tk"": ""United"", ""act"": 0.0}, {""tk"": ""attribute"", ""act"": 0.0}, {""tk"": ""seat"", ""act"": 0.0}, {""tk"": ""government"", ""act"": 0.0}, {""tk"": ""relationship"", ""act"": 0.0}, {""tk"": ""which"", ""act"": 0.0}, {""tk"": ""containing"", ""act"": 0.0}]"
1_92117,1,92117,"entity: A major city in Oklahoma, USA is Tulsa",entity,1,0.0,0.0,semantic,"[{""token"": ""entity"", ""index"": 1, ""distance"": 0, ""direction"": ""self""}]",n/a,Semantic,Dictionary (fallback),0.9,False,,is,"[{""tk"": ""is"", ""act"": 0.20768213272094727}, {""tk"": ""entity"", ""act"": 0.0}, {""tk"": ""city"", ""act"": 0.0}, {""tk"": ""in"", ""act"": 0.0}, {""tk"": ""Oklahoma"", ""act"": 0.0}, {""tk"": ""USA"", ""act"": 0.0}, {""tk"": ""Tulsa"", ""act"": 0.0}, {""tk"": ""The"", ""act"": 0.0}, {""tk"": ""capital"", ""act"": 0.0}, {""tk"": ""of"", ""act"": 0.0}, {""tk"": ""state"", ""act"": 0.0}, {""tk"": ""United"", ""act"": 0.0}, {""tk"": ""attribute"", ""act"": 0.0}, {""tk"": ""seat"", ""act"": 0.0}, {""tk"": ""government"", ""act"": 0.0}, {""tk"": ""relationship"", ""act"": 0.0}, {""tk"": ""which"", ""act"": 0.0}, {""tk"": ""containing"", ""act"": 0.0}]"
2_96724,2,96724,"entity: A major city in Oklahoma, USA is Tulsa", Tulsa,11,22.0113468170166,0.9090909090909092,semantic,"[{""token"": "" Tulsa"", ""index"": 11, ""distance"": 0, ""direction"": ""self""}]",n/a,Semantic,Dictionary (fallback),0.9,False,,Tulsa,"[{""tk"": ""Tulsa"", ""act"": 22.0113468170166}, {""tk"": ""City"", ""act"": 20.220914840698242}, {""tk"": ""entity"", ""act"": 0.0}, {""tk"": ""in"", ""act"": 0.0}, {""tk"": ""Oklahoma"", ""act"": 0.0}, {""tk"": ""USA"", ""act"": 0.0}, {""tk"": ""is"", ""act"": 0.0}, {""tk"": ""The"", ""act"": 0.0}, {""tk"": ""capital"", ""act"": 0.0}, {""tk"": ""of"", ""act"": 0.0}, {""tk"": ""state"", ""act"": 0.0}, {""tk"": ""United"", ""act"": 0.0}, {""tk"": ""attribute"", ""act"": 0.0}, {""tk"": ""seat"", ""act"": 0.0}, {""tk"": ""government"", ""act"": 0.0}, {""tk"": ""relationship"", ""act"": 0.0}, {""tk"": ""which"", ""act"": 0.0}, {""tk"": ""containing"", ""act"": 0.0}]"
2_36902,2,36902,"entity: A major city in Oklahoma, USA is Tulsa",entity,1,0.0,0.0,semantic,"[{""token"": ""entity"", ""index"": 1, ""distance"": 0, ""direction"": ""self""}]",n/a,Semantic,Dictionary,1.0,False,,capital,"[{""tk"": ""capital"", ""act"": 20.3389949798584}, {""tk"": ""entity"", ""act"": 0.0}, {""tk"": ""city"", ""act"": 0.0}, {""tk"": ""in"", ""act"": 0.0}, {""tk"": ""Oklahoma"", ""act"": 0.0}, {""tk"": ""USA"", ""act"": 0.0}, {""tk"": ""is"", ""act"": 0.0}, {""tk"": ""Tulsa"", ""act"": 0.0}, {""tk"": ""The"", ""act"": 0.0}, {""tk"": ""of"", ""act"": 0.0}, {""tk"": ""state"", ""act"": 0.0}, {""tk"": ""United"", ""act"": 0.0}, {""tk"": ""attribute"", ""act"": 0.0}, {""tk"": ""seat"", ""act"": 0.0}, {""tk"": ""government"", ""act"": 0.0}, {""tk"": ""relationship"", ""act"": 0.0}, {""tk"": ""which"", ""act"": 0.0}, {""tk"": ""containing"", ""act"": 0.0}]"
2_76232,2,76232,"entity: A major city in Oklahoma, USA is Tulsa", is,10,0.0279006958007812,0.9090909090909092,functional,"[{""token"": "" Tulsa"", ""index"": 11, ""distance"": 1, ""direction"": ""forward""}]",json,Semantic,Dictionary,0.8333333333333334,False,,is,"[{""tk"": ""is"", ""act"": 11.182415008544922}, {""tk"": ""entity"", ""act"": 0.0}, {""tk"": ""city"", ""act"": 0.0}, {""tk"": ""in"", ""act"": 0.0}, {""tk"": ""Oklahoma"", ""act"": 0.0}, {""tk"": ""USA"", ""act"": 0.0}, {""tk"": ""Tulsa"", ""act"": 0.0}, {""tk"": ""The"", ""act"": 0.0}, {""tk"": ""capital"", ""act"": 0.0}, {""tk"": ""of"", ""act"": 0.0}, {""tk"": ""state"", ""act"": 0.0}, {""tk"": ""United"", ""act"": 0.0}, {""tk"": ""attribute"", ""act"": 0.0}, {""tk"": ""seat"", ""act"": 0.0}, {""tk"": ""government"", ""act"": 0.0}, {""tk"": ""relationship"", ""act"": 0.0}, {""tk"": ""which"", ""act"": 0.0}, {""tk"": ""containing"", ""act"": 0.0}]"
2_1890,2,1890,"entity: A major city in Oklahoma, USA is Tulsa",entity,1,0.0,0.0,semantic,"[{""token"": ""entity"", ""index"": 1, ""distance"": 0, ""direction"": ""self""}]",n/a,Semantic,Dictionary,1.0,False,,capital,"[{""tk"": ""capital"", ""act"": 25.489017486572266}, {""tk"": ""entity"", ""act"": 0.0}, {""tk"": ""city"", ""act"": 0.0}, {""tk"": ""in"", ""act"": 0.0}, {""tk"": ""Oklahoma"", ""act"": 0.0}, {""tk"": ""USA"", ""act"": 0.0}, {""tk"": ""is"", ""act"": 0.0}, {""tk"": ""Tulsa"", ""act"": 0.0}, {""tk"": ""The"", ""act"": 0.0}, {""tk"": ""of"", ""act"": 0.0}, {""tk"": ""state"", ""act"": 0.0}, {""tk"": ""United"", ""act"": 0.0}, {""tk"": ""attribute"", ""act"": 0.0}, {""tk"": ""seat"", ""act"": 0.0}, {""tk"": ""government"", ""act"": 0.0}, {""tk"": ""relationship"", ""act"": 0.0}, {""tk"": ""which"", ""act"": 0.0}, {""tk"": ""containing"", ""act"": 0.0}]"
2_4865,2,4865,"entity: A major city in Oklahoma, USA is Tulsa",entity,1,0.0,0.0,semantic,"[{""token"": ""entity"", ""index"": 1, ""distance"": 0, ""direction"": ""self""}]",n/a,Semantic,Dictionary,1.0,False,,capital,"[{""tk"": ""capital"", ""act"": 3.5495402812957764}, {""tk"": ""seat"", ""act"": 2.168384313583374}, {""tk"": ""entity"", ""act"": 0.0}, {""tk"": ""city"", ""act"": 0.0}, {""tk"": ""in"", ""act"": 0.0}, {""tk"": ""Oklahoma"", ""act"": 0.0}, {""tk"": ""USA"", ""act"": 0.0}, {""tk"": ""is"", ""act"": 0.0}, {""tk"": ""Tulsa"", ""act"": 0.0}, {""tk"": ""The"", ""act"": 0.0}, {""tk"": ""of"", ""act"": 0.0}, {""tk"": ""state"", ""act"": 0.0}, {""tk"": ""United"", ""act"": 0.0}, {""tk"": ""attribute"", ""act"": 0.0}, {""tk"": ""government"", ""act"": 0.0}, {""tk"": ""relationship"", ""act"": 0.0}, {""tk"": ""which"", ""act"": 0.0}, {""tk"": ""containing"", ""act"": 0.0}]"
2_42602,2,42602,"entity: A major city in Oklahoma, USA is Tulsa",entity,1,0.0,0.0,semantic,"[{""token"": ""entity"", ""index"": 1, ""distance"": 0, ""direction"": ""self""}]",n/a,Semantic,Dictionary (fallback),0.9,False,,is,"[{""tk"": ""is"", ""act"": 10.920089721679688}, {""tk"": ""entity"", ""act"": 0.0}, {""tk"": ""city"", ""act"": 0.0}, {""tk"": ""in"", ""act"": 0.0}, {""tk"": ""Oklahoma"", ""act"": 0.0}, {""tk"": ""USA"", ""act"": 0.0}, {""tk"": ""Tulsa"", ""act"": 0.0}, {""tk"": ""The"", ""act"": 0.0}, {""tk"": ""capital"", ""act"": 0.0}, {""tk"": ""of"", ""act"": 0.0}, {""tk"": ""state"", ""act"": 0.0}, {""tk"": ""United"", ""act"": 0.0}, {""tk"": ""attribute"", ""act"": 0.0}, {""tk"": ""seat"", ""act"": 0.0}, {""tk"": ""government"", ""act"": 0.0}, {""tk"": ""relationship"", ""act"": 0.0}, {""tk"": ""which"", ""act"": 0.0}, {""tk"": ""containing"", ""act"": 0.0}]"
2_82010,2,82010,"entity: A major city in Oklahoma, USA is Tulsa",entity,1,0.0,0.0,semantic,"[{""token"": ""entity"", ""index"": 1, ""distance"": 0, ""direction"": ""self""}]",n/a,Semantic,Dictionary (fallback),0.9,False,,is,"[{""tk"": ""is"", ""act"": 10.153023719787598}, {""tk"": ""entity"", ""act"": 0.0}, {""tk"": ""city"", ""act"": 0.0}, {""tk"": ""in"", ""act"": 0.0}, {""tk"": ""Oklahoma"", ""act"": 0.0}, {""tk"": ""USA"", ""act"": 0.0}, {""tk"": ""Tulsa"", ""act"": 0.0}, {""tk"": ""The"", ""act"": 0.0}, {""tk"": ""capital"", ""act"": 0.0}, {""tk"": ""of"", ""act"": 0.0}, {""tk"": ""state"", ""act"": 0.0}, {""tk"": ""United"", ""act"": 0.0}, {""tk"": ""attribute"", ""act"": 0.0}, {""tk"": ""seat"", ""act"": 0.0}, {""tk"": ""government"", ""act"": 0.0}, {""tk"": ""relationship"", ""act"": 0.0}, {""tk"": ""which"", ""act"": 0.0}, {""tk"": ""containing"", ""act"": 0.0}]"
3_52779,3,52779,"entity: A major city in Oklahoma, USA is Tulsa",entity,1,0.0,0.0,semantic,"[{""token"": ""entity"", ""index"": 1, ""distance"": 0, ""direction"": ""self""}]",n/a,Semantic,Dictionary (fallback),0.9,False,,in,"[{""tk"": ""in"", ""act"": 22.74864959716797}, {""tk"": ""containing"", ""act"": 17.660171508789062}, {""tk"": ""the"", ""act"": 13.811017036437988}, {""tk"": ""is"", ""act"": 13.126309394836426}, {""tk"": ""which"", ""act"": 9.762779235839844}, {""tk"": ""entity"", ""act"": 0.0}, {""tk"": ""city"", ""act"": 0.0}, {""tk"": ""Oklahoma"", ""act"": 0.0}, {""tk"": ""USA"", ""act"": 0.0}, {""tk"": ""Tulsa"", ""act"": 0.0}, {""tk"": ""capital"", ""act"": 0.0}, {""tk"": ""of"", ""act"": 0.0}, {""tk"": ""state"", ""act"": 0.0}, {""tk"": ""United"", ""act"": 0.0}, {""tk"": ""attribute"", ""act"": 0.0}, {""tk"": ""seat"", ""act"": 0.0}, {""tk"": ""government"", ""act"": 0.0}, {""tk"": ""relationship"", ""act"": 0.0}]"
3_39890,3,39890,"entity: A major city in Oklahoma, USA is Tulsa", Tulsa,11,43.94550323486328,0.9090909090909092,semantic,"[{""token"": "" Tulsa"", ""index"": 11, ""distance"": 0, ""direction"": ""self""}]",n/a,Semantic,Dictionary,1.0,False,,Tulsa,"[{""tk"": ""Tulsa"", ""act"": 43.94550323486328}, {""tk"": ""entity"", ""act"": 0.0}, {""tk"": ""city"", ""act"": 0.0}, {""tk"": ""in"", ""act"": 0.0}, {""tk"": ""Oklahoma"", ""act"": 0.0}, {""tk"": ""USA"", ""act"": 0.0}, {""tk"": ""is"", ""act"": 0.0}, {""tk"": ""The"", ""act"": 0.0}, {""tk"": ""capital"", ""act"": 0.0}, {""tk"": ""of"", ""act"": 0.0}, {""tk"": ""state"", ""act"": 0.0}, {""tk"": ""United"", ""act"": 0.0}, {""tk"": ""attribute"", ""act"": 0.0}, {""tk"": ""seat"", ""act"": 0.0}, {""tk"": ""government"", ""act"": 0.0}, {""tk"": ""relationship"", ""act"": 0.0}, {""tk"": ""which"", ""act"": 0.0}, {""tk"": ""containing"", ""act"": 0.0}]"
3_66403,3,66403,"entity: A major city in Oklahoma, USA is Tulsa",entity,1,0.0,0.0,semantic,"[{""token"": ""entity"", ""index"": 1, ""distance"": 0, ""direction"": ""self""}]",n/a,Relationship,,1.0,False,,(entity) related,"[{""tk"": ""entity"", ""act"": 0.0}, {""tk"": ""city"", ""act"": 0.0}, {""tk"": ""in"", ""act"": 0.0}, {""tk"": ""Oklahoma"", ""act"": 0.0}, {""tk"": ""USA"", ""act"": 0.0}, {""tk"": ""is"", ""act"": 0.0}, {""tk"": ""Tulsa"", ""act"": 0.0}, {""tk"": ""The"", ""act"": 0.0}, {""tk"": ""capital"", ""act"": 0.0}, {""tk"": ""of"", ""act"": 0.0}, {""tk"": ""state"", ""act"": 0.0}, {""tk"": ""United"", ""act"": 0.0}, {""tk"": ""attribute"", ""act"": 0.0}, {""tk"": ""seat"", ""act"": 0.0}, {""tk"": ""government"", ""act"": 0.0}, {""tk"": ""relationship"", ""act"": 0.0}, {""tk"": ""which"", ""act"": 0.0}, {""tk"": ""containing"", ""act"": 0.0}]"
3_66599,3,66599,"entity: A major city in Oklahoma, USA is Tulsa", major,4,14.756848335266112,0.5808190551312047,semantic,"[{""token"": "" major"", ""index"": 4, ""distance"": 0, ""direction"": ""self""}]",n/a,Semantic,Dictionary (fallback),0.9,False,,state,"[{""tk"": ""state"", ""act"": 24.969038009643555}, {""tk"": ""capital"", ""act"": 20.673053741455078}, {""tk"": ""city"", ""act"": 15.51809310913086}, {""tk"": ""entity"", ""act"": 13.092288970947266}, {""tk"": ""relationship"", ""act"": 12.83310317993164}, {""tk"": ""Oklahoma"", ""act"": 12.549530982971191}, {""tk"": ""attribute"", ""act"": 11.992534637451172}, {""tk"": ""government"", ""act"": 11.66037654876709}, {""tk"": ""Tulsa"", ""act"": 11.336491584777832}, {""tk"": ""in"", ""act"": 6.152187824249268}, {""tk"": ""United"", ""act"": 5.482564449310303}, {""tk"": ""of"", ""act"": 0.6950088739395142}, {""tk"": ""seat"", ""act"": 0.5684137940406799}, {""tk"": ""USA"", ""act"": 0.0}, {""tk"": ""is"", ""act"": 0.0}, {""tk"": ""The"", ""act"": 0.0}, {""tk"": ""which"", ""act"": 0.0}, {""tk"": ""containing"", ""act"": 0.0}]"
3_91022,3,91022,"entity: A major city in Oklahoma, USA is Tulsa",entity,1,0.0,0.0,semantic,"[{""token"": ""entity"", ""index"": 1, ""distance"": 0, ""direction"": ""self""}]",n/a,Semantic,Dictionary (fallback),0.9,False,,containing,"[{""tk"": ""containing"", ""act"": 6.780716419219971}, {""tk"": ""entity"", ""act"": 0.0}, {""tk"": ""city"", ""act"": 0.0}, {""tk"": ""in"", ""act"": 0.0}, {""tk"": ""Oklahoma"", ""act"": 0.0}, {""tk"": ""USA"", ""act"": 0.0}, {""tk"": ""is"", ""act"": 0.0}, {""tk"": ""Tulsa"", ""act"": 0.0}, {""tk"": ""The"", ""act"": 0.0}, {""tk"": ""capital"", ""act"": 0.0}, {""tk"": ""of"", ""act"": 0.0}, {""tk"": ""state"", ""act"": 0.0}, {""tk"": ""United"", ""act"": 0.0}, {""tk"": ""attribute"", ""act"": 0.0}, {""tk"": ""seat"", ""act"": 0.0}, {""tk"": ""government"", ""act"": 0.0}, {""tk"": ""relationship"", ""act"": 0.0}, {""tk"": ""which"", ""act"": 0.0}]"
3_36499,3,36499,"entity: A major city in Oklahoma, USA is Tulsa",entity,1,0.0,0.0,semantic,"[{""token"": ""entity"", ""index"": 1, ""distance"": 0, ""direction"": ""self""}]",n/a,Semantic,Dictionary (fallback),0.9,False,,of,"[{""tk"": ""of"", ""act"": 17.267471313476562}, {""tk"": ""city"", ""act"": 0.4827706813812256}, {""tk"": ""entity"", ""act"": 0.0}, {""tk"": ""in"", ""act"": 0.0}, {""tk"": ""Oklahoma"", ""act"": 0.0}, {""tk"": ""USA"", ""act"": 0.0}, {""tk"": ""is"", ""act"": 0.0}, {""tk"": ""Tulsa"", ""act"": 0.0}, {""tk"": ""The"", ""act"": 0.0}, {""tk"": ""capital"", ""act"": 0.0}, {""tk"": ""state"", ""act"": 0.0}, {""tk"": ""United"", ""act"": 0.0}, {""tk"": ""attribute"", ""act"": 0.0}, {""tk"": ""seat"", ""act"": 0.0}, {""tk"": ""government"", ""act"": 0.0}, {""tk"": ""relationship"", ""act"": 0.0}, {""tk"": ""which"", ""act"": 0.0}, {""tk"": ""containing"", ""act"": 0.0}]"
3_2751,3,2751,"entity: A major city in Oklahoma, USA is Tulsa",entity,1,0.0,0.0,semantic,"[{""token"": ""entity"", ""index"": 1, ""distance"": 0, ""direction"": ""self""}]",n/a,Semantic,Dictionary (fallback),0.9,False,,is,"[{""tk"": ""is"", ""act"": 16.323118209838867}, {""tk"": ""entity"", ""act"": 0.0}, {""tk"": ""city"", ""act"": 0.0}, {""tk"": ""in"", ""act"": 0.0}, {""tk"": ""Oklahoma"", ""act"": 0.0}, {""tk"": ""USA"", ""act"": 0.0}, {""tk"": ""Tulsa"", ""act"": 0.0}, {""tk"": ""The"", ""act"": 0.0}, {""tk"": ""capital"", ""act"": 0.0}, {""tk"": ""of"", ""act"": 0.0}, {""tk"": ""state"", ""act"": 0.0}, {""tk"": ""United"", ""act"": 0.0}, {""tk"": ""attribute"", ""act"": 0.0}, {""tk"": ""seat"", ""act"": 0.0}, {""tk"": ""government"", ""act"": 0.0}, {""tk"": ""relationship"", ""act"": 0.0}, {""tk"": ""which"", ""act"": 0.0}, {""tk"": ""containing"", ""act"": 0.0}]"
3_93843,3,93843,"entity: A major city in Oklahoma, USA is Tulsa", is,10,3.7262954711914062,0.9090909090909092,functional,"[{""token"": "" Tulsa"", ""index"": 11, ""distance"": 1, ""direction"": ""forward""}]",json,Semantic,Dictionary (fallback),0.9,False,,is,"[{""tk"": ""is"", ""act"": 3.7262954711914062}, {""tk"": ""entity"", ""act"": 0.0}, {""tk"": ""city"", ""act"": 0.0}, {""tk"": ""in"", ""act"": 0.0}, {""tk"": ""Oklahoma"", ""act"": 0.0}, {""tk"": ""USA"", ""act"": 0.0}, {""tk"": ""Tulsa"", ""act"": 0.0}, {""tk"": ""The"", ""act"": 0.0}, {""tk"": ""capital"", ""act"": 0.0}, {""tk"": ""of"", ""act"": 0.0}, {""tk"": ""state"", ""act"": 0.0}, {""tk"": ""United"", ""act"": 0.0}, {""tk"": ""attribute"", ""act"": 0.0}, {""tk"": ""seat"", ""act"": 0.0}, {""tk"": ""government"", ""act"": 0.0}, {""tk"": ""relationship"", ""act"": 0.0}, {""tk"": ""which"", ""act"": 0.0}, {""tk"": ""containing"", ""act"": 0.0}]"
3_13967,3,13967,"entity: A major city in Oklahoma, USA is Tulsa",",",8,2.0882933139801025,0.8951095217480054,functional,"[{""token"": "" USA"", ""index"": 9, ""distance"": 1, ""direction"": ""forward""}, {""token"": "" Oklahoma"", ""index"": 7, ""distance"": 1, ""direction"": ""backward""}]",json,Semantic,Dictionary (fallback),0.9,False,,of,"[{""tk"": ""of"", ""act"": 11.243531227111816}, {""tk"": ""is"", ""act"": 7.620932579040527}, {""tk"": ""the"", ""act"": 0.35361218452453613}, {""tk"": ""entity"", ""act"": 0.0}, {""tk"": ""city"", ""act"": 0.0}, {""tk"": ""in"", ""act"": 0.0}, {""tk"": ""Oklahoma"", ""act"": 0.0}, {""tk"": ""USA"", ""act"": 0.0}, {""tk"": ""Tulsa"", ""act"": 0.0}, {""tk"": ""capital"", ""act"": 0.0}, {""tk"": ""state"", ""act"": 0.0}, {""tk"": ""United"", ""act"": 0.0}, {""tk"": ""attribute"", ""act"": 0.0}, {""tk"": ""seat"", ""act"": 0.0}, {""tk"": ""government"", ""act"": 0.0}, {""tk"": ""relationship"", ""act"": 0.0}, {""tk"": ""which"", ""act"": 0.0}, {""tk"": ""containing"", ""act"": 0.0}]"
3_28747,3,28747,"entity: A major city in Oklahoma, USA is Tulsa",entity,1,0.0,0.0,semantic,"[{""token"": ""entity"", ""index"": 1, ""distance"": 0, ""direction"": ""self""}]",n/a,Semantic,Dictionary (fallback),0.9,False,,of,"[{""tk"": ""of"", ""act"": 17.464412689208984}, {""tk"": ""is"", ""act"": 2.1376309394836426}, {""tk"": ""entity"", ""act"": 0.0}, {""tk"": ""city"", ""act"": 0.0}, {""tk"": ""in"", ""act"": 0.0}, {""tk"": ""Oklahoma"", ""act"": 0.0}, {""tk"": ""USA"", ""act"": 0.0}, {""tk"": ""Tulsa"", ""act"": 0.0}, {""tk"": ""The"", ""act"": 0.0}, {""tk"": ""capital"", ""act"": 0.0}, {""tk"": ""state"", ""act"": 0.0}, {""tk"": ""United"", ""act"": 0.0}, {""tk"": ""attribute"", ""act"": 0.0}, {""tk"": ""seat"", ""act"": 0.0}, {""tk"": ""government"", ""act"": 0.0}, {""tk"": ""relationship"", ""act"": 0.0}, {""tk"": ""which"", ""act"": 0.0}, {""tk"": ""containing"", ""act"": 0.0}]"
4_3920,4,3920,"entity: A major city in Oklahoma, USA is Tulsa",entity,1,24.343236923217773,0.8991399121871569,semantic,"[{""token"": ""entity"", ""index"": 1, ""distance"": 0, ""direction"": ""self""}]",n/a,Semantic,Concept,0.7,False,,entity,"[{""tk"": ""entity"", ""act"": 24.343236923217773}, {""tk"": ""relationship"", ""act"": 23.514083862304688}, {""tk"": ""attribute"", ""act"": 19.900348663330078}, {""tk"": ""city"", ""act"": 0.0}, {""tk"": ""in"", ""act"": 0.0}, {""tk"": ""Oklahoma"", ""act"": 0.0}, {""tk"": ""USA"", ""act"": 0.0}, {""tk"": ""is"", ""act"": 0.0}, {""tk"": ""Tulsa"", ""act"": 0.0}, {""tk"": ""The"", ""act"": 0.0}, {""tk"": ""capital"", ""act"": 0.0}, {""tk"": ""of"", ""act"": 0.0}, {""tk"": ""state"", ""act"": 0.0}, {""tk"": ""United"", ""act"": 0.0}, {""tk"": ""seat"", ""act"": 0.0}, {""tk"": ""government"", ""act"": 0.0}, {""tk"": ""which"", ""act"": 0.0}, {""tk"": ""containing"", ""act"": 0.0}]"
4_95888,4,95888,"entity: A major city in Oklahoma, USA is Tulsa", Tulsa,11,46.79619216918945,0.9090909090909092,semantic,"[{""token"": "" Tulsa"", ""index"": 11, ""distance"": 0, ""direction"": ""self""}]",n/a,Semantic,Dictionary,1.0,False,,Tulsa,"[{""tk"": ""Tulsa"", ""act"": 46.79619216918945}, {""tk"": ""entity"", ""act"": 0.0}, {""tk"": ""city"", ""act"": 0.0}, {""tk"": ""in"", ""act"": 0.0}, {""tk"": ""Oklahoma"", ""act"": 0.0}, {""tk"": ""USA"", ""act"": 0.0}, {""tk"": ""is"", ""act"": 0.0}, {""tk"": ""The"", ""act"": 0.0}, {""tk"": ""capital"", ""act"": 0.0}, {""tk"": ""of"", ""act"": 0.0}, {""tk"": ""state"", ""act"": 0.0}, {""tk"": ""United"", ""act"": 0.0}, {""tk"": ""attribute"", ""act"": 0.0}, {""tk"": ""seat"", ""act"": 0.0}, {""tk"": ""government"", ""act"": 0.0}, {""tk"": ""relationship"", ""act"": 0.0}, {""tk"": ""which"", ""act"": 0.0}, {""tk"": ""containing"", ""act"": 0.0}]"
4_83635,4,83635,"entity: A major city in Oklahoma, USA is Tulsa", Oklahoma,7,19.852418899536133,0.524490588815914,semantic,"[{""token"": "" Oklahoma"", ""index"": 7, ""distance"": 0, ""direction"": ""self""}]",n/a,Semantic,Concept,0.7,False,,city,"[{""tk"": ""city"", ""act"": 29.045270919799805}, {""tk"": ""attribute"", ""act"": 28.14508056640625}, {""tk"": ""Oklahoma"", ""act"": 24.367387771606445}, {""tk"": ""capital"", ""act"": 21.525239944458008}, {""tk"": ""state"", ""act"": 19.251550674438477}, {""tk"": ""USA"", ""act"": 18.27325439453125}, {""tk"": ""entity"", ""act"": 17.712905883789062}, {""tk"": ""relationship"", ""act"": 17.489112854003906}, {""tk"": ""Tulsa"", ""act"": 15.208170890808105}, {""tk"": ""government"", ""act"": 13.456141471862793}, {""tk"": ""of"", ""act"": 8.01102066040039}, {""tk"": ""containing"", ""act"": 7.884756565093994}, {""tk"": ""in"", ""act"": 6.716607570648193}, {""tk"": ""seat"", ""act"": 5.498795509338379}, {""tk"": ""is"", ""act"": 5.114175796508789}, {""tk"": ""United"", ""act"": 3.7701468467712402}, {""tk"": ""which"", ""act"": 2.1635446548461914}, {""tk"": ""The"", ""act"": 0.0}]"
4_3432,4,3432,"entity: A major city in Oklahoma, USA is Tulsa", is,10,16.783905029296875,0.9090909090909092,functional,"[{""token"": "" Tulsa"", ""index"": 11, ""distance"": 1, ""direction"": ""forward""}]",json,Semantic,Ambiguous,0.3,True,"Ambiguous: peak_cons=0.50, n_peaks=1, func_vs_sem=100.0%, layer=4",is,"[{""tk"": ""is"", ""act"": 16.783905029296875}, {""tk"": ""entity"", ""act"": 0.0}, {""tk"": ""city"", ""act"": 0.0}, {""tk"": ""in"", ""act"": 0.0}, {""tk"": ""Oklahoma"", ""act"": 0.0}, {""tk"": ""USA"", ""act"": 0.0}, {""tk"": ""Tulsa"", ""act"": 0.0}, {""tk"": ""The"", ""act"": 0.0}, {""tk"": ""capital"", ""act"": 0.0}, {""tk"": ""of"", ""act"": 0.0}, {""tk"": ""state"", ""act"": 0.0}, {""tk"": ""United"", ""act"": 0.0}, {""tk"": ""attribute"", ""act"": 0.0}, {""tk"": ""seat"", ""act"": 0.0}, {""tk"": ""government"", ""act"": 0.0}, {""tk"": ""relationship"", ""act"": 0.0}, {""tk"": ""which"", ""act"": 0.0}, {""tk"": ""containing"", ""act"": 0.0}]"
4_58113,4,58113,"entity: A major city in Oklahoma, USA is Tulsa", city,5,8.659708023071289,0.8689615518131827,semantic,"[{""token"": "" city"", ""index"": 5, ""distance"": 0, ""direction"": ""self""}]",n/a,Semantic,Concept,0.7077726636889586,False,,city,"[{""tk"": ""city"", ""act"": 8.659708023071289}, {""tk"": ""of"", ""act"": 6.1291046142578125}, {""tk"": ""is"", ""act"": 5.2749223709106445}, {""tk"": ""in"", ""act"": 3.8225936889648438}, {""tk"": ""containing"", ""act"": 0.11254596710205078}, {""tk"": ""entity"", ""act"": 0.0}, {""tk"": ""Oklahoma"", ""act"": 0.0}, {""tk"": ""USA"", ""act"": 0.0}, {""tk"": ""Tulsa"", ""act"": 0.0}, {""tk"": ""The"", ""act"": 0.0}, {""tk"": ""capital"", ""act"": 0.0}, {""tk"": ""state"", ""act"": 0.0}, {""tk"": ""United"", ""act"": 0.0}, {""tk"": ""attribute"", ""act"": 0.0}, {""tk"": ""seat"", ""act"": 0.0}, {""tk"": ""government"", ""act"": 0.0}, {""tk"": ""relationship"", ""act"": 0.0}, {""tk"": ""which"", ""act"": 0.0}]"
4_24267,4,24267,"entity: A major city in Oklahoma, USA is Tulsa", is,10,5.475998401641846,0.9090909090909092,functional,"[{""token"": "" Tulsa"", ""index"": 11, ""distance"": 1, ""direction"": ""forward""}]",json,Semantic,Ambiguous,0.3,True,"Ambiguous: peak_cons=0.50, n_peaks=1, func_vs_sem=100.0%, layer=4",is,"[{""tk"": ""is"", ""act"": 12.455327987670898}, {""tk"": ""entity"", ""act"": 0.0}, {""tk"": ""city"", ""act"": 0.0}, {""tk"": ""in"", ""act"": 0.0}, {""tk"": ""Oklahoma"", ""act"": 0.0}, {""tk"": ""USA"", ""act"": 0.0}, {""tk"": ""Tulsa"", ""act"": 0.0}, {""tk"": ""The"", ""act"": 0.0}, {""tk"": ""capital"", ""act"": 0.0}, {""tk"": ""of"", ""act"": 0.0}, {""tk"": ""state"", ""act"": 0.0}, {""tk"": ""United"", ""act"": 0.0}, {""tk"": ""attribute"", ""act"": 0.0}, {""tk"": ""seat"", ""act"": 0.0}, {""tk"": ""government"", ""act"": 0.0}, {""tk"": ""relationship"", ""act"": 0.0}, {""tk"": ""which"", ""act"": 0.0}, {""tk"": ""containing"", ""act"": 0.0}]"
4_72482,4,72482,"entity: A major city in Oklahoma, USA is Tulsa", is,10,3.80457067489624,0.8908902066876555,functional,"[{""token"": "" Tulsa"", ""index"": 11, ""distance"": 1, ""direction"": ""forward""}]",json,Semantic,Ambiguous,0.3,True,"Ambiguous: peak_cons=0.50, n_peaks=1, func_vs_sem=100.0%, layer=4",is,"[{""tk"": ""is"", ""act"": 13.952035903930664}, {""tk"": ""entity"", ""act"": 0.0}, {""tk"": ""city"", ""act"": 0.0}, {""tk"": ""in"", ""act"": 0.0}, {""tk"": ""Oklahoma"", ""act"": 0.0}, {""tk"": ""USA"", ""act"": 0.0}, {""tk"": ""Tulsa"", ""act"": 0.0}, {""tk"": ""The"", ""act"": 0.0}, {""tk"": ""capital"", ""act"": 0.0}, {""tk"": ""of"", ""act"": 0.0}, {""tk"": ""state"", ""act"": 0.0}, {""tk"": ""United"", ""act"": 0.0}, {""tk"": ""attribute"", ""act"": 0.0}, {""tk"": ""seat"", ""act"": 0.0}, {""tk"": ""government"", ""act"": 0.0}, {""tk"": ""relationship"", ""act"": 0.0}, {""tk"": ""which"", ""act"": 0.0}, {""tk"": ""containing"", ""act"": 0.0}]"
4_83005,4,83005,"entity: A major city in Oklahoma, USA is Tulsa", is,10,2.4747579097747803,0.9090909090909092,functional,"[{""token"": "" Tulsa"", ""index"": 11, ""distance"": 1, ""direction"": ""forward""}]",json,Semantic,Ambiguous,0.3,True,"Ambiguous: peak_cons=0.50, n_peaks=1, func_vs_sem=100.0%, layer=4",is,"[{""tk"": ""is"", ""act"": 13.84489631652832}, {""tk"": ""entity"", ""act"": 0.0}, {""tk"": ""city"", ""act"": 0.0}, {""tk"": ""in"", ""act"": 0.0}, {""tk"": ""Oklahoma"", ""act"": 0.0}, {""tk"": ""USA"", ""act"": 0.0}, {""tk"": ""Tulsa"", ""act"": 0.0}, {""tk"": ""The"", ""act"": 0.0}, {""tk"": ""capital"", ""act"": 0.0}, {""tk"": ""of"", ""act"": 0.0}, {""tk"": ""state"", ""act"": 0.0}, {""tk"": ""United"", ""act"": 0.0}, {""tk"": ""attribute"", ""act"": 0.0}, {""tk"": ""seat"", ""act"": 0.0}, {""tk"": ""government"", ""act"": 0.0}, {""tk"": ""relationship"", ""act"": 0.0}, {""tk"": ""which"", ""act"": 0.0}, {""tk"": ""containing"", ""act"": 0.0}]"
4_52384,4,52384,"entity: A major city in Oklahoma, USA is Tulsa",entity,1,0.0,0.0,semantic,"[{""token"": ""entity"", ""index"": 1, ""distance"": 0, ""direction"": ""self""}]",n/a,Semantic,Ambiguous,0.3,True,"Ambiguous: peak_cons=0.50, n_peaks=2, func_vs_sem=100.0%, layer=4",of,"[{""tk"": ""of"", ""act"": 19.165246963500977}, {""tk"": ""Oklahoma"", ""act"": 9.872367858886719}, {""tk"": ""is"", ""act"": 2.908886432647705}, {""tk"": ""state"", ""act"": 1.426936149597168}, {""tk"": ""entity"", ""act"": 0.0}, {""tk"": ""city"", ""act"": 0.0}, {""tk"": ""in"", ""act"": 0.0}, {""tk"": ""USA"", ""act"": 0.0}, {""tk"": ""Tulsa"", ""act"": 0.0}, {""tk"": ""The"", ""act"": 0.0}, {""tk"": ""capital"", ""act"": 0.0}, {""tk"": ""United"", ""act"": 0.0}, {""tk"": ""attribute"", ""act"": 0.0}, {""tk"": ""seat"", ""act"": 0.0}, {""tk"": ""government"", ""act"": 0.0}, {""tk"": ""relationship"", ""act"": 0.0}, {""tk"": ""which"", ""act"": 0.0}, {""tk"": ""containing"", ""act"": 0.0}]"
4_54078,4,54078,"entity: A major city in Oklahoma, USA is Tulsa",entity,1,0.0,0.0,semantic,"[{""token"": ""entity"", ""index"": 1, ""distance"": 0, ""direction"": ""self""}]",n/a,Relationship,,1.0,False,,(entity) related,"[{""tk"": ""entity"", ""act"": 0.0}, {""tk"": ""city"", ""act"": 0.0}, {""tk"": ""in"", ""act"": 0.0}, {""tk"": ""Oklahoma"", ""act"": 0.0}, {""tk"": ""USA"", ""act"": 0.0}, {""tk"": ""is"", ""act"": 0.0}, {""tk"": ""Tulsa"", ""act"": 0.0}, {""tk"": ""The"", ""act"": 0.0}, {""tk"": ""capital"", ""act"": 0.0}, {""tk"": ""of"", ""act"": 0.0}, {""tk"": ""state"", ""act"": 0.0}, {""tk"": ""United"", ""act"": 0.0}, {""tk"": ""attribute"", ""act"": 0.0}, {""tk"": ""seat"", ""act"": 0.0}, {""tk"": ""government"", ""act"": 0.0}, {""tk"": ""relationship"", ""act"": 0.0}, {""tk"": ""which"", ""act"": 0.0}, {""tk"": ""containing"", ""act"": 0.0}]"
4_54423,4,54423,"entity: A major city in Oklahoma, USA is Tulsa",entity,1,0.0,0.0,semantic,"[{""token"": ""entity"", ""index"": 1, ""distance"": 0, ""direction"": ""self""}]",n/a,Semantic,Dictionary,1.0,False,,containing,"[{""tk"": ""containing"", ""act"": 8.495969772338867}, {""tk"": ""which"", ""act"": 1.9871268272399902}, {""tk"": ""in"", ""act"": 0.26462411880493164}, {""tk"": ""entity"", ""act"": 0.0}, {""tk"": ""city"", ""act"": 0.0}, {""tk"": ""Oklahoma"", ""act"": 0.0}, {""tk"": ""USA"", ""act"": 0.0}, {""tk"": ""is"", ""act"": 0.0}, {""tk"": ""Tulsa"", ""act"": 0.0}, {""tk"": ""The"", ""act"": 0.0}, {""tk"": ""capital"", ""act"": 0.0}, {""tk"": ""of"", ""act"": 0.0}, {""tk"": ""state"", ""act"": 0.0}, {""tk"": ""United"", ""act"": 0.0}, {""tk"": ""attribute"", ""act"": 0.0}, {""tk"": ""seat"", ""act"": 0.0}, {""tk"": ""government"", ""act"": 0.0}, {""tk"": ""relationship"", ""act"": 0.0}]"
4_55831,4,55831,"entity: A major city in Oklahoma, USA is Tulsa",entity,1,0.0,0.0,semantic,"[{""token"": ""entity"", ""index"": 1, ""distance"": 0, ""direction"": ""self""}]",n/a,Semantic,Dictionary,1.0,False,,capital,"[{""tk"": ""capital"", ""act"": 29.359546661376953}, {""tk"": ""city"", ""act"": 11.154122352600098}, {""tk"": ""is"", ""act"": 3.395308494567871}, {""tk"": ""entity"", ""act"": 0.0}, {""tk"": ""in"", ""act"": 0.0}, {""tk"": ""Oklahoma"", ""act"": 0.0}, {""tk"": ""USA"", ""act"": 0.0}, {""tk"": ""Tulsa"", ""act"": 0.0}, {""tk"": ""The"", ""act"": 0.0}, {""tk"": ""of"", ""act"": 0.0}, {""tk"": ""state"", ""act"": 0.0}, {""tk"": ""United"", ""act"": 0.0}, {""tk"": ""attribute"", ""act"": 0.0}, {""tk"": ""seat"", ""act"": 0.0}, {""tk"": ""government"", ""act"": 0.0}, {""tk"": ""relationship"", ""act"": 0.0}, {""tk"": ""which"", ""act"": 0.0}, {""tk"": ""containing"", ""act"": 0.0}]"
4_97813,4,97813,"entity: A major city in Oklahoma, USA is Tulsa",entity,1,0.0,0.0,semantic,"[{""token"": ""entity"", ""index"": 1, ""distance"": 0, ""direction"": ""self""}]",n/a,Semantic,Concept,0.7,False,,government,"[{""tk"": ""government"", ""act"": 17.90291976928711}, {""tk"": ""of"", ""act"": 14.3899507522583}, {""tk"": ""seat"", ""act"": 14.0704984664917}, {""tk"": ""city"", ""act"": 13.028558731079102}, {""tk"": ""capital"", ""act"": 10.718213081359863}, {""tk"": ""is"", ""act"": 5.391778945922852}, {""tk"": ""the"", ""act"": 1.4474035501480103}, {""tk"": ""entity"", ""act"": 0.0}, {""tk"": ""in"", ""act"": 0.0}, {""tk"": ""Oklahoma"", ""act"": 0.0}, {""tk"": ""USA"", ""act"": 0.0}, {""tk"": ""Tulsa"", ""act"": 0.0}, {""tk"": ""state"", ""act"": 0.0}, {""tk"": ""United"", ""act"": 0.0}, {""tk"": ""attribute"", ""act"": 0.0}, {""tk"": ""relationship"", ""act"": 0.0}, {""tk"": ""which"", ""act"": 0.0}, {""tk"": ""containing"", ""act"": 0.0}]"
5_1551,5,1551,"entity: A major city in Oklahoma, USA is Tulsa",entity,1,37.91087341308594,0.9090909090909092,semantic,"[{""token"": ""entity"", ""index"": 1, ""distance"": 0, ""direction"": ""self""}]",n/a,Semantic,Concept,0.7,False,,relationship,"[{""tk"": ""relationship"", ""act"": 40.19044876098633}, {""tk"": ""attribute"", ""act"": 39.44136428833008}, {""tk"": ""entity"", ""act"": 37.91087341308594}, {""tk"": ""city"", ""act"": 0.0}, {""tk"": ""in"", ""act"": 0.0}, {""tk"": ""Oklahoma"", ""act"": 0.0}, {""tk"": ""USA"", ""act"": 0.0}, {""tk"": ""is"", ""act"": 0.0}, {""tk"": ""Tulsa"", ""act"": 0.0}, {""tk"": ""The"", ""act"": 0.0}, {""tk"": ""capital"", ""act"": 0.0}, {""tk"": ""of"", ""act"": 0.0}, {""tk"": ""state"", ""act"": 0.0}, {""tk"": ""United"", ""act"": 0.0}, {""tk"": ""seat"", ""act"": 0.0}, {""tk"": ""government"", ""act"": 0.0}, {""tk"": ""which"", ""act"": 0.0}, {""tk"": ""containing"", ""act"": 0.0}]"
5_25085,5,25085,"entity: A major city in Oklahoma, USA is Tulsa", Oklahoma,7,18.92544937133789,0.8626872082251916,semantic,"[{""token"": "" Oklahoma"", ""index"": 7, ""distance"": 0, ""direction"": ""self""}]",n/a,Semantic,Concept,0.7,False,,Oklahoma,"[{""tk"": ""Oklahoma"", ""act"": 21.459491729736328}, {""tk"": ""USA"", ""act"": 7.712401866912842}, {""tk"": ""City"", ""act"": 5.686503887176514}, {""tk"": ""Tulsa"", ""act"": 1.9479179382324219}, {""tk"": ""entity"", ""act"": 0.0}, {""tk"": ""in"", ""act"": 0.0}, {""tk"": ""is"", ""act"": 0.0}, {""tk"": ""The"", ""act"": 0.0}, {""tk"": ""capital"", ""act"": 0.0}, {""tk"": ""of"", ""act"": 0.0}, {""tk"": ""state"", ""act"": 0.0}, {""tk"": ""United"", ""act"": 0.0}, {""tk"": ""attribute"", ""act"": 0.0}, {""tk"": ""seat"", ""act"": 0.0}, {""tk"": ""government"", ""act"": 0.0}, {""tk"": ""relationship"", ""act"": 0.0}, {""tk"": ""which"", ""act"": 0.0}, {""tk"": ""containing"", ""act"": 0.0}]"
5_5917,5,5917,"entity: A major city in Oklahoma, USA is Tulsa", Oklahoma,7,18.25915908813477,0.8610954162856177,semantic,"[{""token"": "" Oklahoma"", ""index"": 7, ""distance"": 0, ""direction"": ""self""}]",n/a,Semantic,Concept,0.7,False,,City,"[{""tk"": ""City"", ""act"": 18.723318099975586}, {""tk"": ""Oklahoma"", ""act"": 18.681676864624023}, {""tk"": ""Tulsa"", ""act"": 9.639930725097656}, {""tk"": ""entity"", ""act"": 0.0}, {""tk"": ""in"", ""act"": 0.0}, {""tk"": ""USA"", ""act"": 0.0}, {""tk"": ""is"", ""act"": 0.0}, {""tk"": ""The"", ""act"": 0.0}, {""tk"": ""capital"", ""act"": 0.0}, {""tk"": ""of"", ""act"": 0.0}, {""tk"": ""state"", ""act"": 0.0}, {""tk"": ""United"", ""act"": 0.0}, {""tk"": ""attribute"", ""act"": 0.0}, {""tk"": ""seat"", ""act"": 0.0}, {""tk"": ""government"", ""act"": 0.0}, {""tk"": ""relationship"", ""act"": 0.0}, {""tk"": ""which"", ""act"": 0.0}, {""tk"": ""containing"", ""act"": 0.0}]"
5_62103,5,62103,"entity: A major city in Oklahoma, USA is Tulsa", Tulsa,11,5.526529788970947,0.909090909090909,semantic,"[{""token"": "" Tulsa"", ""index"": 11, ""distance"": 0, ""direction"": ""self""}]",n/a,Semantic,Dictionary,1.0,False,,Tulsa,"[{""tk"": ""Tulsa"", ""act"": 5.526529788970947}, {""tk"": ""entity"", ""act"": 0.0}, {""tk"": ""city"", ""act"": 0.0}, {""tk"": ""in"", ""act"": 0.0}, {""tk"": ""Oklahoma"", ""act"": 0.0}, {""tk"": ""USA"", ""act"": 0.0}, {""tk"": ""is"", ""act"": 0.0}, {""tk"": ""The"", ""act"": 0.0}, {""tk"": ""capital"", ""act"": 0.0}, {""tk"": ""of"", ""act"": 0.0}, {""tk"": ""state"", ""act"": 0.0}, {""tk"": ""United"", ""act"": 0.0}, {""tk"": ""attribute"", ""act"": 0.0}, {""tk"": ""seat"", ""act"": 0.0}, {""tk"": ""government"", ""act"": 0.0}, {""tk"": ""relationship"", ""act"": 0.0}, {""tk"": ""which"", ""act"": 0.0}, {""tk"": ""containing"", ""act"": 0.0}]"
5_32184,5,32184,"entity: A major city in Oklahoma, USA is Tulsa", in,6,2.146990776062012,0.9090909090909092,functional,"[{""token"": "" Oklahoma"", ""index"": 7, ""distance"": 1, ""direction"": ""forward""}]",json,Semantic,Ambiguous,0.3,True,"Ambiguous: peak_cons=0.33, n_peaks=3, func_vs_sem=51.1%, layer=5",capital,"[{""tk"": ""of"", ""act"": 32.639617919921875}, {""tk"": ""capital"", ""act"": 15.967439651489258}, {""tk"": ""city"", ""act"": 14.918037414550781}, {""tk"": ""is"", ""act"": 2.2012782096862793}, {""tk"": ""in"", ""act"": 2.1469907760620117}, {""tk"": ""seat"", ""act"": 1.4746685028076172}, {""tk"": ""entity"", ""act"": 0.0}, {""tk"": ""Oklahoma"", ""act"": 0.0}, {""tk"": ""USA"", ""act"": 0.0}, {""tk"": ""Tulsa"", ""act"": 0.0}, {""tk"": ""The"", ""act"": 0.0}, {""tk"": ""state"", ""act"": 0.0}, {""tk"": ""United"", ""act"": 0.0}, {""tk"": ""attribute"", ""act"": 0.0}, {""tk"": ""government"", ""act"": 0.0}, {""tk"": ""relationship"", ""act"": 0.0}, {""tk"": ""which"", ""act"": 0.0}, {""tk"": ""containing"", ""act"": 0.0}]"
5_34406,5,34406,"entity: A major city in Oklahoma, USA is Tulsa",entity,1,0.0,0.0,semantic,"[{""token"": ""entity"", ""index"": 1, ""distance"": 0, ""direction"": ""self""}]",n/a,Semantic,Ambiguous,0.3,True,"Ambiguous: peak_cons=0.17, n_peaks=1, func_vs_sem=100.0%, layer=5",is,"[{""tk"": ""is"", ""act"": 0.6847803592681885}, {""tk"": ""entity"", ""act"": 0.0}, {""tk"": ""city"", ""act"": 0.0}, {""tk"": ""in"", ""act"": 0.0}, {""tk"": ""Oklahoma"", ""act"": 0.0}, {""tk"": ""USA"", ""act"": 0.0}, {""tk"": ""Tulsa"", ""act"": 0.0}, {""tk"": ""The"", ""act"": 0.0}, {""tk"": ""capital"", ""act"": 0.0}, {""tk"": ""of"", ""act"": 0.0}, {""tk"": ""state"", ""act"": 0.0}, {""tk"": ""United"", ""act"": 0.0}, {""tk"": ""attribute"", ""act"": 0.0}, {""tk"": ""seat"", ""act"": 0.0}, {""tk"": ""government"", ""act"": 0.0}, {""tk"": ""relationship"", ""act"": 0.0}, {""tk"": ""which"", ""act"": 0.0}, {""tk"": ""containing"", ""act"": 0.0}]"
5_51213,5,51213,"entity: A major city in Oklahoma, USA is Tulsa",entity,1,0.0,0.0,semantic,"[{""token"": ""entity"", ""index"": 1, ""distance"": 0, ""direction"": ""self""}]",n/a,Semantic,Concept,0.5,False,,capital,"[{""tk"": ""of"", ""act"": 18.14890480041504}, {""tk"": ""city"", ""act"": 8.983392715454102}, {""tk"": ""is"", ""act"": 6.897368431091309}, {""tk"": ""capital"", ""act"": 5.454928398132324}, {""tk"": ""seat"", ""act"": 5.393360137939453}, {""tk"": ""government"", ""act"": 1.9978015422821045}, {""tk"": ""entity"", ""act"": 0.0}, {""tk"": ""in"", ""act"": 0.0}, {""tk"": ""Oklahoma"", ""act"": 0.0}, {""tk"": ""USA"", ""act"": 0.0}, {""tk"": ""Tulsa"", ""act"": 0.0}, {""tk"": ""The"", ""act"": 0.0}, {""tk"": ""state"", ""act"": 0.0}, {""tk"": ""United"", ""act"": 0.0}, {""tk"": ""attribute"", ""act"": 0.0}, {""tk"": ""relationship"", ""act"": 0.0}, {""tk"": ""which"", ""act"": 0.0}, {""tk"": ""containing"", ""act"": 0.0}]"
5_94154,5,94154,"entity: A major city in Oklahoma, USA is Tulsa",entity,1,0.0,0.0,semantic,"[{""token"": ""entity"", ""index"": 1, ""distance"": 0, ""direction"": ""self""}]",n/a,Semantic,Concept,0.8371131296887989,False,,government,"[{""tk"": ""is"", ""act"": 12.922520637512207}, {""tk"": ""government"", ""act"": 10.817611694335938}, {""tk"": ""city"", ""act"": 5.639001846313477}, {""tk"": ""the"", ""act"": 1.1909029483795166}, {""tk"": ""capital"", ""act"": 0.6328201293945312}, {""tk"": ""entity"", ""act"": 0.0}, {""tk"": ""in"", ""act"": 0.0}, {""tk"": ""Oklahoma"", ""act"": 0.0}, {""tk"": ""USA"", ""act"": 0.0}, {""tk"": ""Tulsa"", ""act"": 0.0}, {""tk"": ""of"", ""act"": 0.0}, {""tk"": ""state"", ""act"": 0.0}, {""tk"": ""United"", ""act"": 0.0}, {""tk"": ""attribute"", ""act"": 0.0}, {""tk"": ""seat"", ""act"": 0.0}, {""tk"": ""relationship"", ""act"": 0.0}, {""tk"": ""which"", ""act"": 0.0}, {""tk"": ""containing"", ""act"": 0.0}]"
6_22143,6,22143,"entity: A major city in Oklahoma, USA is Tulsa", USA,9,29.6772518157959,0.4910881270651138,semantic,"[{""token"": "" USA"", ""index"": 9, ""distance"": 0, ""direction"": ""self""}]",n/a,Semantic,Concept,0.7,False,,USA,"[{""tk"": ""USA"", ""act"": 29.6772518157959}, {""tk"": ""capital"", ""act"": 27.022661209106445}, {""tk"": ""attribute"", ""act"": 25.566389083862305}, {""tk"": ""Oklahoma"", ""act"": 24.8913516998291}, {""tk"": ""entity"", ""act"": 23.500473022460938}, {""tk"": ""city"", ""act"": 17.3726863861084}, {""tk"": ""is"", ""act"": 16.952861785888672}, {""tk"": ""state"", ""act"": 13.70422649383545}, {""tk"": ""the"", ""act"": 13.393610000610352}, {""tk"": ""in"", ""act"": 9.335844039916992}, {""tk"": ""Tulsa"", ""act"": 7.9303460121154785}, {""tk"": ""relationship"", ""act"": 6.419626712799072}, {""tk"": ""United"", ""act"": 4.0318522453308105}, {""tk"": ""which"", ""act"": 0.24917440116405487}, {""tk"": ""of"", ""act"": 0.0}, {""tk"": ""seat"", ""act"": 0.0}, {""tk"": ""government"", ""act"": 0.0}, {""tk"": ""containing"", ""act"": 0.0}]"
6_78249,6,78249,"entity: A major city in Oklahoma, USA is Tulsa", Tulsa,11,13.081111907958984,0.9090909090909092,semantic,"[{""token"": "" Tulsa"", ""index"": 11, ""distance"": 0, ""direction"": ""self""}]",n/a,Semantic,Concept,0.7,False,,Tulsa,"[{""tk"": ""Tulsa"", ""act"": 13.081111907958984}, {""tk"": ""City"", ""act"": 10.932038307189941}, {""tk"": ""entity"", ""act"": 0.0}, {""tk"": ""in"", ""act"": 0.0}, {""tk"": ""Oklahoma"", ""act"": 0.0}, {""tk"": ""USA"", ""act"": 0.0}, {""tk"": ""is"", ""act"": 0.0}, {""tk"": ""The"", ""act"": 0.0}, {""tk"": ""capital"", ""act"": 0.0}, {""tk"": ""of"", ""act"": 0.0}, {""tk"": ""state"", ""act"": 0.0}, {""tk"": ""United"", ""act"": 0.0}, {""tk"": ""attribute"", ""act"": 0.0}, {""tk"": ""seat"", ""act"": 0.0}, {""tk"": ""government"", ""act"": 0.0}, {""tk"": ""relationship"", ""act"": 0.0}, {""tk"": ""which"", ""act"": 0.0}, {""tk"": ""containing"", ""act"": 0.0}]"
6_34521,6,34521,"entity: A major city in Oklahoma, USA is Tulsa", Oklahoma,7,7.291080951690674,0.8724095770545185,semantic,"[{""token"": "" Oklahoma"", ""index"": 7, ""distance"": 0, ""direction"": ""self""}]",n/a,Semantic,Concept,0.7,False,,Oklahoma,"[{""tk"": ""Oklahoma"", ""act"": 7.293138027191162}, {""tk"": ""Tulsa"", ""act"": 2.9419121742248535}, {""tk"": ""entity"", ""act"": 0.0}, {""tk"": ""city"", ""act"": 0.0}, {""tk"": ""in"", ""act"": 0.0}, {""tk"": ""USA"", ""act"": 0.0}, {""tk"": ""is"", ""act"": 0.0}, {""tk"": ""The"", ""act"": 0.0}, {""tk"": ""capital"", ""act"": 0.0}, {""tk"": ""of"", ""act"": 0.0}, {""tk"": ""state"", ""act"": 0.0}, {""tk"": ""United"", ""act"": 0.0}, {""tk"": ""attribute"", ""act"": 0.0}, {""tk"": ""seat"", ""act"": 0.0}, {""tk"": ""government"", ""act"": 0.0}, {""tk"": ""relationship"", ""act"": 0.0}, {""tk"": ""which"", ""act"": 0.0}, {""tk"": ""containing"", ""act"": 0.0}]"
6_82979,6,82979,"entity: A major city in Oklahoma, USA is Tulsa", Oklahoma,7,6.748495101928711,0.8301260505443193,semantic,"[{""token"": "" Oklahoma"", ""index"": 7, ""distance"": 0, ""direction"": ""self""}]",n/a,Semantic,Concept,0.7,False,,Oklahoma,"[{""tk"": ""Oklahoma"", ""act"": 6.748495101928711}, {""tk"": ""Tulsa"", ""act"": 5.861833572387695}, {""tk"": ""City"", ""act"": 0.40500813722610474}, {""tk"": ""entity"", ""act"": 0.0}, {""tk"": ""in"", ""act"": 0.0}, {""tk"": ""USA"", ""act"": 0.0}, {""tk"": ""is"", ""act"": 0.0}, {""tk"": ""The"", ""act"": 0.0}, {""tk"": ""capital"", ""act"": 0.0}, {""tk"": ""of"", ""act"": 0.0}, {""tk"": ""state"", ""act"": 0.0}, {""tk"": ""United"", ""act"": 0.0}, {""tk"": ""attribute"", ""act"": 0.0}, {""tk"": ""seat"", ""act"": 0.0}, {""tk"": ""government"", ""act"": 0.0}, {""tk"": ""relationship"", ""act"": 0.0}, {""tk"": ""which"", ""act"": 0.0}, {""tk"": ""containing"", ""act"": 0.0}]"
7_66851,7,66851,"entity: A major city in Oklahoma, USA is Tulsa", major,4,41.34712219238281,0.2430810112398188,semantic,"[{""token"": "" major"", ""index"": 4, ""distance"": 0, ""direction"": ""self""}]",n/a,Relationship,,1.0,False,,(capital) related,"[{""tk"": ""capital"", ""act"": 51.12392044067383}, {""tk"": ""The"", ""act"": 49.53570556640625}, {""tk"": ""city"", ""act"": 47.1239128112793}, {""tk"": ""attribute"", ""act"": 44.321834564208984}, {""tk"": ""state"", ""act"": 40.79597854614258}, {""tk"": ""Oklahoma"", ""act"": 37.870025634765625}, {""tk"": ""relationship"", ""act"": 36.99917984008789}, {""tk"": ""Tulsa"", ""act"": 36.14399719238281}, {""tk"": ""entity"", ""act"": 35.37952423095703}, {""tk"": ""in"", ""act"": 33.60566329956055}, {""tk"": ""is"", ""act"": 30.233966827392578}, {""tk"": ""USA"", ""act"": 25.287979125976562}, {""tk"": ""United"", ""act"": 24.42596435546875}, {""tk"": ""of"", ""act"": 15.559822082519531}, {""tk"": ""government"", ""act"": 14.86802864074707}, {""tk"": ""which"", ""act"": 12.457620620727539}, {""tk"": ""containing"", ""act"": 9.191671371459961}, {""tk"": ""seat"", ""act"": 7.343652248382568}]"
7_4843,7,4843,"entity: A major city in Oklahoma, USA is Tulsa", Oklahoma,7,22.43785858154297,0.889263490230899,semantic,"[{""token"": "" Oklahoma"", ""index"": 7, ""distance"": 0, ""direction"": ""self""}]",n/a,Semantic,Concept,0.7,False,,Oklahoma,"[{""tk"": ""Oklahoma"", ""act"": 22.43785858154297}, {""tk"": ""City"", ""act"": 5.043588638305664}, {""tk"": ""Tulsa"", ""act"": 4.893733024597168}, {""tk"": ""entity"", ""act"": 0.0}, {""tk"": ""in"", ""act"": 0.0}, {""tk"": ""USA"", ""act"": 0.0}, {""tk"": ""is"", ""act"": 0.0}, {""tk"": ""The"", ""act"": 0.0}, {""tk"": ""capital"", ""act"": 0.0}, {""tk"": ""of"", ""act"": 0.0}, {""tk"": ""state"", ""act"": 0.0}, {""tk"": ""United"", ""act"": 0.0}, {""tk"": ""attribute"", ""act"": 0.0}, {""tk"": ""seat"", ""act"": 0.0}, {""tk"": ""government"", ""act"": 0.0}, {""tk"": ""relationship"", ""act"": 0.0}, {""tk"": ""which"", ""act"": 0.0}, {""tk"": ""containing"", ""act"": 0.0}]"
7_35934,7,35934,"entity: A major city in Oklahoma, USA is Tulsa", Oklahoma,7,15.183358192443848,0.8447360989729027,semantic,"[{""token"": "" Oklahoma"", ""index"": 7, ""distance"": 0, ""direction"": ""self""}]",n/a,Semantic,Concept,0.7,False,,Oklahoma,"[{""tk"": ""Oklahoma"", ""act"": 15.385884284973145}, {""tk"": ""Tulsa"", ""act"": 10.748343467712402}, {""tk"": ""City"", ""act"": 9.092178344726562}, {""tk"": ""is"", ""act"": 1.6983782052993774}, {""tk"": ""entity"", ""act"": 0.0}, {""tk"": ""in"", ""act"": 0.0}, {""tk"": ""USA"", ""act"": 0.0}, {""tk"": ""The"", ""act"": 0.0}, {""tk"": ""capital"", ""act"": 0.0}, {""tk"": ""of"", ""act"": 0.0}, {""tk"": ""state"", ""act"": 0.0}, {""tk"": ""United"", ""act"": 0.0}, {""tk"": ""attribute"", ""act"": 0.0}, {""tk"": ""seat"", ""act"": 0.0}, {""tk"": ""government"", ""act"": 0.0}, {""tk"": ""relationship"", ""act"": 0.0}, {""tk"": ""which"", ""act"": 0.0}, {""tk"": ""containing"", ""act"": 0.0}]"
7_61400,7,61400,"entity: A major city in Oklahoma, USA is Tulsa", in,6,11.801795959472656,0.756175365037126,functional,"[{""token"": "" Oklahoma"", ""index"": 7, ""distance"": 1, ""direction"": ""forward""}]",json,Semantic,Concept,0.9038342904144644,False,,seat,"[{""tk"": ""seat"", ""act"": 27.047378540039062}, {""tk"": ""of"", ""act"": 24.446348190307617}, {""tk"": ""city"", ""act"": 17.92447280883789}, {""tk"": ""capital"", ""act"": 17.00651741027832}, {""tk"": ""government"", ""act"": 15.848814010620117}, {""tk"": ""the"", ""act"": 15.074621200561523}, {""tk"": ""in"", ""act"": 11.801795959472656}, {""tk"": ""is"", ""act"": 9.871255874633789}, {""tk"": ""state"", ""act"": 3.8132119178771973}, {""tk"": ""entity"", ""act"": 0.0}, {""tk"": ""Oklahoma"", ""act"": 0.0}, {""tk"": ""USA"", ""act"": 0.0}, {""tk"": ""Tulsa"", ""act"": 0.0}, {""tk"": ""United"", ""act"": 0.0}, {""tk"": ""attribute"", ""act"": 0.0}, {""tk"": ""relationship"", ""act"": 0.0}, {""tk"": ""which"", ""act"": 0.0}, {""tk"": ""containing"", ""act"": 0.0}]"
7_79007,7,79007,"entity: A major city in Oklahoma, USA is Tulsa", is,10,2.8259811401367188,0.8813400660072447,functional,"[{""token"": "" Tulsa"", ""index"": 11, ""distance"": 1, ""direction"": ""forward""}]",json,"Say ""X""",,1.0,False,,Say (Oklahoma),"[{""tk"": ""is"", ""act"": 6.294589042663574}, {""tk"": ""Oklahoma"", ""act"": 2.8953616619110107}, {""tk"": ""the"", ""act"": 1.0101656913757324}, {""tk"": ""containing"", ""act"": 0.4453907310962677}, {""tk"": ""state"", ""act"": 0.40794315934181213}, {""tk"": ""entity"", ""act"": 0.0}, {""tk"": ""city"", ""act"": 0.0}, {""tk"": ""in"", ""act"": 0.0}, {""tk"": ""USA"", ""act"": 0.0}, {""tk"": ""Tulsa"", ""act"": 0.0}, {""tk"": ""capital"", ""act"": 0.0}, {""tk"": ""of"", ""act"": 0.0}, {""tk"": ""United"", ""act"": 0.0}, {""tk"": ""attribute"", ""act"": 0.0}, {""tk"": ""seat"", ""act"": 0.0}, {""tk"": ""government"", ""act"": 0.0}, {""tk"": ""relationship"", ""act"": 0.0}, {""tk"": ""which"", ""act"": 0.0}]"
7_89264,7,89264,"entity: A major city in Oklahoma, USA is Tulsa",",",8,4.511308670043945,0.8603106950232489,functional,"[{""token"": "" USA"", ""index"": 9, ""distance"": 1, ""direction"": ""forward""}, {""token"": "" Oklahoma"", ""index"": 7, ""distance"": 1, ""direction"": ""backward""}]",json,"Say ""X""",,1.0,False,,Say (Oklahoma),"[{""tk"": ""is"", ""act"": 5.935651779174805}, {""tk"": ""entity"", ""act"": 0.0}, {""tk"": ""city"", ""act"": 0.0}, {""tk"": ""in"", ""act"": 0.0}, {""tk"": ""Oklahoma"", ""act"": 0.0}, {""tk"": ""USA"", ""act"": 0.0}, {""tk"": ""Tulsa"", ""act"": 0.0}, {""tk"": ""The"", ""act"": 0.0}, {""tk"": ""capital"", ""act"": 0.0}, {""tk"": ""of"", ""act"": 0.0}, {""tk"": ""state"", ""act"": 0.0}, {""tk"": ""United"", ""act"": 0.0}, {""tk"": ""attribute"", ""act"": 0.0}, {""tk"": ""seat"", ""act"": 0.0}, {""tk"": ""government"", ""act"": 0.0}, {""tk"": ""relationship"", ""act"": 0.0}, {""tk"": ""which"", ""act"": 0.0}, {""tk"": ""containing"", ""act"": 0.0}]"
7_3144,7,3144,"entity: A major city in Oklahoma, USA is Tulsa",",",8,1.9476256370544436,0.9090909090909092,functional,"[{""token"": "" USA"", ""index"": 9, ""distance"": 1, ""direction"": ""forward""}, {""token"": "" Oklahoma"", ""index"": 7, ""distance"": 1, ""direction"": ""backward""}]",json,Semantic,Concept,0.7,False,,seat,"[{""tk"": ""seat"", ""act"": 19.122955322265625}, {""tk"": ""of"", ""act"": 17.120378494262695}, {""tk"": ""is"", ""act"": 12.879249572753906}, {""tk"": ""government"", ""act"": 9.54631233215332}, {""tk"": ""the"", ""act"": 6.785433292388916}, {""tk"": ""capital"", ""act"": 4.430372714996338}, {""tk"": ""state"", ""act"": 0.8215770721435547}, {""tk"": ""entity"", ""act"": 0.0}, {""tk"": ""city"", ""act"": 0.0}, {""tk"": ""in"", ""act"": 0.0}, {""tk"": ""Oklahoma"", ""act"": 0.0}, {""tk"": ""USA"", ""act"": 0.0}, {""tk"": ""Tulsa"", ""act"": 0.0}, {""tk"": ""United"", ""act"": 0.0}, {""tk"": ""attribute"", ""act"": 0.0}, {""tk"": ""relationship"", ""act"": 0.0}, {""tk"": ""which"", ""act"": 0.0}, {""tk"": ""containing"", ""act"": 0.0}]"
7_70223,7,70223,"entity: A major city in Oklahoma, USA is Tulsa",entity,1,0.0,0.0,semantic,"[{""token"": ""entity"", ""index"": 1, ""distance"": 0, ""direction"": ""self""}]",n/a,Relationship,,1.0,False,,(entity) related,"[{""tk"": ""entity"", ""act"": 0.0}, {""tk"": ""city"", ""act"": 0.0}, {""tk"": ""in"", ""act"": 0.0}, {""tk"": ""Oklahoma"", ""act"": 0.0}, {""tk"": ""USA"", ""act"": 0.0}, {""tk"": ""is"", ""act"": 0.0}, {""tk"": ""Tulsa"", ""act"": 0.0}, {""tk"": ""The"", ""act"": 0.0}, {""tk"": ""capital"", ""act"": 0.0}, {""tk"": ""of"", ""act"": 0.0}, {""tk"": ""state"", ""act"": 0.0}, {""tk"": ""United"", ""act"": 0.0}, {""tk"": ""attribute"", ""act"": 0.0}, {""tk"": ""seat"", ""act"": 0.0}, {""tk"": ""government"", ""act"": 0.0}, {""tk"": ""relationship"", ""act"": 0.0}, {""tk"": ""which"", ""act"": 0.0}, {""tk"": ""containing"", ""act"": 0.0}]"
8_37691,8,37691,"entity: A major city in Oklahoma, USA is Tulsa", Oklahoma,7,54.46947860717773,0.5384190795721048,semantic,"[{""token"": "" Oklahoma"", ""index"": 7, ""distance"": 0, ""direction"": ""self""}]",n/a,Semantic,Concept,0.7,False,,Oklahoma,"[{""tk"": ""Oklahoma"", ""act"": 59.9482421875}, {""tk"": ""Tulsa"", ""act"": 47.75476837158203}, {""tk"": ""city"", ""act"": 42.40685272216797}, {""tk"": ""state"", ""act"": 38.081817626953125}, {""tk"": ""United"", ""act"": 34.35245132446289}, {""tk"": ""is"", ""act"": 34.14787673950195}, {""tk"": ""in"", ""act"": 33.59162902832031}, {""tk"": ""capital"", ""act"": 32.52396774291992}, {""tk"": ""the"", ""act"": 31.789443969726562}, {""tk"": ""which"", ""act"": 26.694414138793945}, {""tk"": ""USA"", ""act"": 21.671632766723633}, {""tk"": ""containing"", ""act"": 20.22340965270996}, {""tk"": ""attribute"", ""act"": 13.858716011047363}, {""tk"": ""of"", ""act"": 9.817935943603516}, {""tk"": ""seat"", ""act"": 7.010494709014893}, {""tk"": ""entity"", ""act"": 6.141034126281738}, {""tk"": ""government"", ""act"": 3.096951723098755}, {""tk"": ""relationship"", ""act"": 0.0}]"
8_43333,8,43333,"entity: A major city in Oklahoma, USA is Tulsa",",",8,9.210195541381836,0.9090909090909092,functional,"[{""token"": "" USA"", ""index"": 9, ""distance"": 1, ""direction"": ""forward""}, {""token"": "" Oklahoma"", ""index"": 7, ""distance"": 1, ""direction"": ""backward""}]",json,"Say ""X""",,1.0,False,,Say (Oklahoma),"[{""tk"": ""is"", ""act"": 5.2949371337890625}, {""tk"": ""entity"", ""act"": 0.0}, {""tk"": ""city"", ""act"": 0.0}, {""tk"": ""in"", ""act"": 0.0}, {""tk"": ""Oklahoma"", ""act"": 0.0}, {""tk"": ""USA"", ""act"": 0.0}, {""tk"": ""Tulsa"", ""act"": 0.0}, {""tk"": ""The"", ""act"": 0.0}, {""tk"": ""capital"", ""act"": 0.0}, {""tk"": ""of"", ""act"": 0.0}, {""tk"": ""state"", ""act"": 0.0}, {""tk"": ""United"", ""act"": 0.0}, {""tk"": ""attribute"", ""act"": 0.0}, {""tk"": ""seat"", ""act"": 0.0}, {""tk"": ""government"", ""act"": 0.0}, {""tk"": ""relationship"", ""act"": 0.0}, {""tk"": ""which"", ""act"": 0.0}, {""tk"": ""containing"", ""act"": 0.0}]"
8_49126,8,49126,"entity: A major city in Oklahoma, USA is Tulsa",",",8,8.600813865661621,0.8534251502577848,functional,"[{""token"": "" USA"", ""index"": 9, ""distance"": 1, ""direction"": ""forward""}, {""token"": "" Oklahoma"", ""index"": 7, ""distance"": 1, ""direction"": ""backward""}]",json,Semantic,Concept,0.7,False,,city,"[{""tk"": ""the"", ""act"": 9.22913646697998}, {""tk"": ""city"", ""act"": 5.420082092285156}, {""tk"": ""seat"", ""act"": 4.043637275695801}, {""tk"": ""is"", ""act"": 1.78456711769104}, {""tk"": ""containing"", ""act"": 1.69818115234375}, {""tk"": ""in"", ""act"": 1.0876405239105225}, {""tk"": ""of"", ""act"": 0.6516338586807251}, {""tk"": ""entity"", ""act"": 0.0}, {""tk"": ""Oklahoma"", ""act"": 0.0}, {""tk"": ""USA"", ""act"": 0.0}, {""tk"": ""Tulsa"", ""act"": 0.0}, {""tk"": ""capital"", ""act"": 0.0}, {""tk"": ""state"", ""act"": 0.0}, {""tk"": ""United"", ""act"": 0.0}, {""tk"": ""attribute"", ""act"": 0.0}, {""tk"": ""government"", ""act"": 0.0}, {""tk"": ""relationship"", ""act"": 0.0}, {""tk"": ""which"", ""act"": 0.0}]"
8_33722,8,33722,"entity: A major city in Oklahoma, USA is Tulsa", Oklahoma,7,6.238415718078613,0.8855510284669448,semantic,"[{""token"": "" Oklahoma"", ""index"": 7, ""distance"": 0, ""direction"": ""self""}]",n/a,Semantic,Concept,0.7,False,,Oklahoma,"[{""tk"": ""Oklahoma"", ""act"": 8.021228790283203}, {""tk"": ""Tulsa"", ""act"": 1.6153671741485596}, {""tk"": ""entity"", ""act"": 0.0}, {""tk"": ""city"", ""act"": 0.0}, {""tk"": ""in"", ""act"": 0.0}, {""tk"": ""USA"", ""act"": 0.0}, {""tk"": ""is"", ""act"": 0.0}, {""tk"": ""The"", ""act"": 0.0}, {""tk"": ""capital"", ""act"": 0.0}, {""tk"": ""of"", ""act"": 0.0}, {""tk"": ""state"", ""act"": 0.0}, {""tk"": ""United"", ""act"": 0.0}, {""tk"": ""attribute"", ""act"": 0.0}, {""tk"": ""seat"", ""act"": 0.0}, {""tk"": ""government"", ""act"": 0.0}, {""tk"": ""relationship"", ""act"": 0.0}, {""tk"": ""which"", ""act"": 0.0}, {""tk"": ""containing"", ""act"": 0.0}]"
8_27025,8,27025,"entity: A major city in Oklahoma, USA is Tulsa",entity,1,0.0,0.0,semantic,"[{""token"": ""entity"", ""index"": 1, ""distance"": 0, ""direction"": ""self""}]",n/a,Semantic,Concept,0.7,False,,city,"[{""tk"": ""city"", ""act"": 18.328699111938477}, {""tk"": ""is"", ""act"": 16.004262924194336}, {""tk"": ""capital"", ""act"": 9.931890487670898}, {""tk"": ""of"", ""act"": 9.516048431396484}, {""tk"": ""entity"", ""act"": 0.0}, {""tk"": ""in"", ""act"": 0.0}, {""tk"": ""Oklahoma"", ""act"": 0.0}, {""tk"": ""USA"", ""act"": 0.0}, {""tk"": ""Tulsa"", ""act"": 0.0}, {""tk"": ""The"", ""act"": 0.0}, {""tk"": ""state"", ""act"": 0.0}, {""tk"": ""United"", ""act"": 0.0}, {""tk"": ""attribute"", ""act"": 0.0}, {""tk"": ""seat"", ""act"": 0.0}, {""tk"": ""government"", ""act"": 0.0}, {""tk"": ""relationship"", ""act"": 0.0}, {""tk"": ""which"", ""act"": 0.0}, {""tk"": ""containing"", ""act"": 0.0}]"
8_91259,8,91259,"entity: A major city in Oklahoma, USA is Tulsa",entity,1,0.0,0.0,semantic,"[{""token"": ""entity"", ""index"": 1, ""distance"": 0, ""direction"": ""self""}]",n/a,"Say ""X""",,1.0,False,,Say (Oklahoma),"[{""tk"": ""is"", ""act"": 6.2996134757995605}, {""tk"": ""city"", ""act"": 1.4647231101989746}, {""tk"": ""entity"", ""act"": 0.0}, {""tk"": ""in"", ""act"": 0.0}, {""tk"": ""Oklahoma"", ""act"": 0.0}, {""tk"": ""USA"", ""act"": 0.0}, {""tk"": ""Tulsa"", ""act"": 0.0}, {""tk"": ""The"", ""act"": 0.0}, {""tk"": ""capital"", ""act"": 0.0}, {""tk"": ""of"", ""act"": 0.0}, {""tk"": ""state"", ""act"": 0.0}, {""tk"": ""United"", ""act"": 0.0}, {""tk"": ""attribute"", ""act"": 0.0}, {""tk"": ""seat"", ""act"": 0.0}, {""tk"": ""government"", ""act"": 0.0}, {""tk"": ""relationship"", ""act"": 0.0}, {""tk"": ""which"", ""act"": 0.0}, {""tk"": ""containing"", ""act"": 0.0}]"
8_94844,8,94844,"entity: A major city in Oklahoma, USA is Tulsa",entity,1,0.0,0.0,semantic,"[{""token"": ""entity"", ""index"": 1, ""distance"": 0, ""direction"": ""self""}]",n/a,"Say ""X""",,1.0,False,,Say (Oklahoma),"[{""tk"": ""is"", ""act"": 4.347738742828369}, {""tk"": ""entity"", ""act"": 0.0}, {""tk"": ""city"", ""act"": 0.0}, {""tk"": ""in"", ""act"": 0.0}, {""tk"": ""Oklahoma"", ""act"": 0.0}, {""tk"": ""USA"", ""act"": 0.0}, {""tk"": ""Tulsa"", ""act"": 0.0}, {""tk"": ""The"", ""act"": 0.0}, {""tk"": ""capital"", ""act"": 0.0}, {""tk"": ""of"", ""act"": 0.0}, {""tk"": ""state"", ""act"": 0.0}, {""tk"": ""United"", ""act"": 0.0}, {""tk"": ""attribute"", ""act"": 0.0}, {""tk"": ""seat"", ""act"": 0.0}, {""tk"": ""government"", ""act"": 0.0}, {""tk"": ""relationship"", ""act"": 0.0}, {""tk"": ""which"", ""act"": 0.0}, {""tk"": ""containing"", ""act"": 0.0}]"
9_4679,9,4679,"entity: A major city in Oklahoma, USA is Tulsa",",",8,10.070280075073242,0.9090909090909092,functional,"[{""token"": "" USA"", ""index"": 9, ""distance"": 1, ""direction"": ""forward""}, {""token"": "" Oklahoma"", ""index"": 7, ""distance"": 1, ""direction"": ""backward""}]",json,"Say ""X""",,1.0,False,,Say (Oklahoma),"[{""tk"": ""is"", ""act"": 3.1898462772369385}, {""tk"": ""the"", ""act"": 0.06924128532409668}, {""tk"": ""entity"", ""act"": 0.0}, {""tk"": ""city"", ""act"": 0.0}, {""tk"": ""in"", ""act"": 0.0}, {""tk"": ""Oklahoma"", ""act"": 0.0}, {""tk"": ""USA"", ""act"": 0.0}, {""tk"": ""Tulsa"", ""act"": 0.0}, {""tk"": ""capital"", ""act"": 0.0}, {""tk"": ""of"", ""act"": 0.0}, {""tk"": ""state"", ""act"": 0.0}, {""tk"": ""United"", ""act"": 0.0}, {""tk"": ""attribute"", ""act"": 0.0}, {""tk"": ""seat"", ""act"": 0.0}, {""tk"": ""government"", ""act"": 0.0}, {""tk"": ""relationship"", ""act"": 0.0}, {""tk"": ""which"", ""act"": 0.0}, {""tk"": ""containing"", ""act"": 0.0}]"
10_75793,10,75793,"entity: A major city in Oklahoma, USA is Tulsa", Oklahoma,7,45.17329406738281,0.4271429725759488,semantic,"[{""token"": "" Oklahoma"", ""index"": 7, ""distance"": 0, ""direction"": ""self""}]",n/a,Semantic,Concept,0.7,False,,Oklahoma,"[{""tk"": ""Oklahoma"", ""act"": 51.05384826660156}, {""tk"": ""is"", ""act"": 39.36930847167969}, {""tk"": ""city"", ""act"": 39.18864440917969}, {""tk"": ""USA"", ""act"": 38.450809478759766}, {""tk"": ""in"", ""act"": 31.05699920654297}, {""tk"": ""the"", ""act"": 30.694744110107422}, {""tk"": ""Tulsa"", ""act"": 26.914066314697266}, {""tk"": ""of"", ""act"": 26.388446807861328}, {""tk"": ""containing"", ""act"": 24.20592498779297}, {""tk"": ""United"", ""act"": 19.758338928222656}, {""tk"": ""government"", ""act"": 19.719295501708984}, {""tk"": ""capital"", ""act"": 15.062984466552734}, {""tk"": ""state"", ""act"": 14.852208137512207}, {""tk"": ""seat"", ""act"": 6.060904502868652}, {""tk"": ""entity"", ""act"": 0.0}, {""tk"": ""attribute"", ""act"": 0.0}, {""tk"": ""relationship"", ""act"": 0.0}, {""tk"": ""which"", ""act"": 0.0}]"
10_40368,10,40368,"entity: A major city in Oklahoma, USA is Tulsa",entity,1,0.0,0.0,semantic,"[{""token"": ""entity"", ""index"": 1, ""distance"": 0, ""direction"": ""self""}]",n/a,"Say ""X""",,1.0,False,,Say (Oklahoma),"[{""tk"": ""is"", ""act"": 25.52902603149414}, {""tk"": ""entity"", ""act"": 0.0}, {""tk"": ""city"", ""act"": 0.0}, {""tk"": ""in"", ""act"": 0.0}, {""tk"": ""Oklahoma"", ""act"": 0.0}, {""tk"": ""USA"", ""act"": 0.0}, {""tk"": ""Tulsa"", ""act"": 0.0}, {""tk"": ""The"", ""act"": 0.0}, {""tk"": ""capital"", ""act"": 0.0}, {""tk"": ""of"", ""act"": 0.0}, {""tk"": ""state"", ""act"": 0.0}, {""tk"": ""United"", ""act"": 0.0}, {""tk"": ""attribute"", ""act"": 0.0}, {""tk"": ""seat"", ""act"": 0.0}, {""tk"": ""government"", ""act"": 0.0}, {""tk"": ""relationship"", ""act"": 0.0}, {""tk"": ""which"", ""act"": 0.0}, {""tk"": ""containing"", ""act"": 0.0}]"
11_50131,11,50131,"entity: A major city in Oklahoma, USA is Tulsa", Oklahoma,7,51.476806640625,0.5707850231655441,semantic,"[{""token"": "" Oklahoma"", ""index"": 7, ""distance"": 0, ""direction"": ""self""}]",n/a,Semantic,Concept,0.7,False,,Oklahoma,"[{""tk"": ""Oklahoma"", ""act"": 51.476806640625}, {""tk"": ""City"", ""act"": 42.90842056274414}, {""tk"": ""Tulsa"", ""act"": 40.00016784667969}, {""tk"": ""capital"", ""act"": 32.42369842529297}, {""tk"": ""state"", ""act"": 31.960853576660156}, {""tk"": ""USA"", ""act"": 28.9772891998291}, {""tk"": ""is"", ""act"": 25.885787963867188}, {""tk"": ""seat"", ""act"": 20.70366859436035}, {""tk"": ""United"", ""act"": 20.259521484375}, {""tk"": ""government"", ""act"": 16.808237075805664}, {""tk"": ""the"", ""act"": 14.164325714111328}, {""tk"": ""of"", ""act"": 13.586553573608398}, {""tk"": ""containing"", ""act"": 11.94537353515625}, {""tk"": ""in"", ""act"": 10.796977996826172}, {""tk"": ""entity"", ""act"": 0.0}, {""tk"": ""attribute"", ""act"": 0.0}, {""tk"": ""relationship"", ""act"": 0.0}, {""tk"": ""which"", ""act"": 0.0}]"
12_27348,12,27348,"entity: A major city in Oklahoma, USA is Tulsa",entity,1,0.0,0.0,semantic,"[{""token"": ""entity"", ""index"": 1, ""distance"": 0, ""direction"": ""self""}]",n/a,"Say ""X""",,1.0,False,,Say (Oklahoma),"[{""tk"": ""is"", ""act"": 26.881675720214844}, {""tk"": ""entity"", ""act"": 0.0}, {""tk"": ""city"", ""act"": 0.0}, {""tk"": ""in"", ""act"": 0.0}, {""tk"": ""Oklahoma"", ""act"": 0.0}, {""tk"": ""USA"", ""act"": 0.0}, {""tk"": ""Tulsa"", ""act"": 0.0}, {""tk"": ""The"", ""act"": 0.0}, {""tk"": ""capital"", ""act"": 0.0}, {""tk"": ""of"", ""act"": 0.0}, {""tk"": ""state"", ""act"": 0.0}, {""tk"": ""United"", ""act"": 0.0}, {""tk"": ""attribute"", ""act"": 0.0}, {""tk"": ""seat"", ""act"": 0.0}, {""tk"": ""government"", ""act"": 0.0}, {""tk"": ""relationship"", ""act"": 0.0}, {""tk"": ""which"", ""act"": 0.0}, {""tk"": ""containing"", ""act"": 0.0}]"
12_5597,12,5597,"entity: A major city in Oklahoma, USA is Tulsa",entity,1,0.0,0.0,semantic,"[{""token"": ""entity"", ""index"": 1, ""distance"": 0, ""direction"": ""self""}]",n/a,"Say ""X""",,1.0,False,,Say (Oklahoma),"[{""tk"": ""is"", ""act"": 24.96383285522461}, {""tk"": ""entity"", ""act"": 0.0}, {""tk"": ""city"", ""act"": 0.0}, {""tk"": ""in"", ""act"": 0.0}, {""tk"": ""Oklahoma"", ""act"": 0.0}, {""tk"": ""USA"", ""act"": 0.0}, {""tk"": ""Tulsa"", ""act"": 0.0}, {""tk"": ""The"", ""act"": 0.0}, {""tk"": ""capital"", ""act"": 0.0}, {""tk"": ""of"", ""act"": 0.0}, {""tk"": ""state"", ""act"": 0.0}, {""tk"": ""United"", ""act"": 0.0}, {""tk"": ""attribute"", ""act"": 0.0}, {""tk"": ""seat"", ""act"": 0.0}, {""tk"": ""government"", ""act"": 0.0}, {""tk"": ""relationship"", ""act"": 0.0}, {""tk"": ""which"", ""act"": 0.0}, {""tk"": ""containing"", ""act"": 0.0}]"
12_87969,12,87969,"entity: A major city in Oklahoma, USA is Tulsa",entity,1,0.0,0.0,semantic,"[{""token"": ""entity"", ""index"": 1, ""distance"": 0, ""direction"": ""self""}]",n/a,"Say ""X""",,1.0,False,,Say (capital),"[{""tk"": ""the"", ""act"": 30.410320281982422}, {""tk"": ""city"", ""act"": 23.238815307617188}, {""tk"": ""is"", ""act"": 19.98517608642578}, {""tk"": ""capital"", ""act"": 15.231819152832031}, {""tk"": ""Oklahoma"", ""act"": 2.618972063064575}, {""tk"": ""entity"", ""act"": 0.0}, {""tk"": ""in"", ""act"": 0.0}, {""tk"": ""USA"", ""act"": 0.0}, {""tk"": ""Tulsa"", ""act"": 0.0}, {""tk"": ""of"", ""act"": 0.0}, {""tk"": ""state"", ""act"": 0.0}, {""tk"": ""United"", ""act"": 0.0}, {""tk"": ""attribute"", ""act"": 0.0}, {""tk"": ""seat"", ""act"": 0.0}, {""tk"": ""government"", ""act"": 0.0}, {""tk"": ""relationship"", ""act"": 0.0}, {""tk"": ""which"", ""act"": 0.0}, {""tk"": ""containing"", ""act"": 0.0}]"
13_16947,13,16947,"entity: A major city in Oklahoma, USA is Tulsa", is,10,11.28164768218994,0.8445257901908618,functional,"[{""token"": "" Tulsa"", ""index"": 11, ""distance"": 1, ""direction"": ""forward""}]",json,Semantic,Dictionary,0.8333333333333334,False,,is,"[{""tk"": ""is"", ""act"": 15.5658540725708}, {""tk"": ""the"", ""act"": 11.20738410949707}, {""tk"": ""capital"", ""act"": 10.91185188293457}, {""tk"": ""city"", ""act"": 9.3563232421875}, {""tk"": ""Oklahoma"", ""act"": 8.947060585021973}, {""tk"": ""entity"", ""act"": 0.0}, {""tk"": ""in"", ""act"": 0.0}, {""tk"": ""USA"", ""act"": 0.0}, {""tk"": ""Tulsa"", ""act"": 0.0}, {""tk"": ""of"", ""act"": 0.0}, {""tk"": ""state"", ""act"": 0.0}, {""tk"": ""United"", ""act"": 0.0}, {""tk"": ""attribute"", ""act"": 0.0}, {""tk"": ""seat"", ""act"": 0.0}, {""tk"": ""government"", ""act"": 0.0}, {""tk"": ""relationship"", ""act"": 0.0}, {""tk"": ""which"", ""act"": 0.0}, {""tk"": ""containing"", ""act"": 0.0}]"
13_83324,13,83324,"entity: A major city in Oklahoma, USA is Tulsa",entity,1,0.0,0.0,semantic,"[{""token"": ""entity"", ""index"": 1, ""distance"": 0, ""direction"": ""self""}]",n/a,"Say ""X""",,1.0,False,,Say (Oklahoma),"[{""tk"": ""is"", ""act"": 0.5473306775093079}, {""tk"": ""entity"", ""act"": 0.0}, {""tk"": ""city"", ""act"": 0.0}, {""tk"": ""in"", ""act"": 0.0}, {""tk"": ""Oklahoma"", ""act"": 0.0}, {""tk"": ""USA"", ""act"": 0.0}, {""tk"": ""Tulsa"", ""act"": 0.0}, {""tk"": ""The"", ""act"": 0.0}, {""tk"": ""capital"", ""act"": 0.0}, {""tk"": ""of"", ""act"": 0.0}, {""tk"": ""state"", ""act"": 0.0}, {""tk"": ""United"", ""act"": 0.0}, {""tk"": ""attribute"", ""act"": 0.0}, {""tk"": ""seat"", ""act"": 0.0}, {""tk"": ""government"", ""act"": 0.0}, {""tk"": ""relationship"", ""act"": 0.0}, {""tk"": ""which"", ""act"": 0.0}, {""tk"": ""containing"", ""act"": 0.0}]"
14_66317,14,66317,"entity: A major city in Oklahoma, USA is Tulsa", is,10,9.826780319213867,0.9090909090909092,functional,"[{""token"": "" Tulsa"", ""index"": 11, ""distance"": 1, ""direction"": ""forward""}]",json,"Say ""X""",,1.0,False,,Say (Oklahoma),"[{""tk"": ""is"", ""act"": 24.174097061157227}, {""tk"": ""entity"", ""act"": 0.0}, {""tk"": ""city"", ""act"": 0.0}, {""tk"": ""in"", ""act"": 0.0}, {""tk"": ""Oklahoma"", ""act"": 0.0}, {""tk"": ""USA"", ""act"": 0.0}, {""tk"": ""Tulsa"", ""act"": 0.0}, {""tk"": ""The"", ""act"": 0.0}, {""tk"": ""capital"", ""act"": 0.0}, {""tk"": ""of"", ""act"": 0.0}, {""tk"": ""state"", ""act"": 0.0}, {""tk"": ""United"", ""act"": 0.0}, {""tk"": ""attribute"", ""act"": 0.0}, {""tk"": ""seat"", ""act"": 0.0}, {""tk"": ""government"", ""act"": 0.0}, {""tk"": ""relationship"", ""act"": 0.0}, {""tk"": ""which"", ""act"": 0.0}, {""tk"": ""containing"", ""act"": 0.0}]"
15_57611,15,57611,"entity: A major city in Oklahoma, USA is Tulsa",entity,1,0.0,0.0,semantic,"[{""token"": ""entity"", ""index"": 1, ""distance"": 0, ""direction"": ""self""}]",n/a,"Say ""X""",,1.0,False,,Say (Oklahoma),"[{""tk"": ""is"", ""act"": 6.814482688903809}, {""tk"": ""entity"", ""act"": 0.0}, {""tk"": ""city"", ""act"": 0.0}, {""tk"": ""in"", ""act"": 0.0}, {""tk"": ""Oklahoma"", ""act"": 0.0}, {""tk"": ""USA"", ""act"": 0.0}, {""tk"": ""Tulsa"", ""act"": 0.0}, {""tk"": ""The"", ""act"": 0.0}, {""tk"": ""capital"", ""act"": 0.0}, {""tk"": ""of"", ""act"": 0.0}, {""tk"": ""state"", ""act"": 0.0}, {""tk"": ""United"", ""act"": 0.0}, {""tk"": ""attribute"", ""act"": 0.0}, {""tk"": ""seat"", ""act"": 0.0}, {""tk"": ""government"", ""act"": 0.0}, {""tk"": ""relationship"", ""act"": 0.0}, {""tk"": ""which"", ""act"": 0.0}, {""tk"": ""containing"", ""act"": 0.0}]"
15_83184,15,83184,"entity: A major city in Oklahoma, USA is Tulsa",entity,1,0.0,0.0,semantic,"[{""token"": ""entity"", ""index"": 1, ""distance"": 0, ""direction"": ""self""}]",n/a,"Say ""X""",,1.0,False,,Say (Oklahoma),"[{""tk"": ""is"", ""act"": 7.846880912780762}, {""tk"": ""entity"", ""act"": 0.0}, {""tk"": ""city"", ""act"": 0.0}, {""tk"": ""in"", ""act"": 0.0}, {""tk"": ""Oklahoma"", ""act"": 0.0}, {""tk"": ""USA"", ""act"": 0.0}, {""tk"": ""Tulsa"", ""act"": 0.0}, {""tk"": ""The"", ""act"": 0.0}, {""tk"": ""capital"", ""act"": 0.0}, {""tk"": ""of"", ""act"": 0.0}, {""tk"": ""state"", ""act"": 0.0}, {""tk"": ""United"", ""act"": 0.0}, {""tk"": ""attribute"", ""act"": 0.0}, {""tk"": ""seat"", ""act"": 0.0}, {""tk"": ""government"", ""act"": 0.0}, {""tk"": ""relationship"", ""act"": 0.0}, {""tk"": ""which"", ""act"": 0.0}, {""tk"": ""containing"", ""act"": 0.0}]"
16_22056,16,22056,"entity: A major city in Oklahoma, USA is Tulsa", Tulsa,11,58.11924362182617,0.5858916354227308,semantic,"[{""token"": "" Tulsa"", ""index"": 11, ""distance"": 0, ""direction"": ""self""}]",n/a,Semantic,Concept,0.8861219408559267,False,,city,"[{""tk"": ""city"", ""act"": 58.84897232055664}, {""tk"": ""Tulsa"", ""act"": 58.11924362182617}, {""tk"": ""The"", ""act"": 52.14736557006836}, {""tk"": ""capital"", ""act"": 41.83122634887695}, {""tk"": ""in"", ""act"": 40.52579116821289}, {""tk"": ""state"", ""act"": 39.050052642822266}, {""tk"": ""is"", ""act"": 38.97221374511719}, {""tk"": ""Oklahoma"", ""act"": 34.988651275634766}, {""tk"": ""containing"", ""act"": 32.611183166503906}, {""tk"": ""USA"", ""act"": 17.352821350097656}, {""tk"": ""seat"", ""act"": 13.986998558044434}, {""tk"": ""of"", ""act"": 7.393336296081543}, {""tk"": ""entity"", ""act"": 0.0}, {""tk"": ""United"", ""act"": 0.0}, {""tk"": ""attribute"", ""act"": 0.0}, {""tk"": ""government"", ""act"": 0.0}, {""tk"": ""relationship"", ""act"": 0.0}, {""tk"": ""which"", ""act"": 0.0}]"
16_98048,16,98048,"entity: A major city in Oklahoma, USA is Tulsa",",",8,1.2403833866119385,0.9090909090909092,functional,"[{""token"": "" USA"", ""index"": 9, ""distance"": 1, ""direction"": ""forward""}, {""token"": "" Oklahoma"", ""index"": 7, ""distance"": 1, ""direction"": ""backward""}]",json,"Say ""X""",,1.0,False,,Say (Oklahoma),"[{""tk"": ""is"", ""act"": 24.898752212524414}, {""tk"": ""Oklahoma"", ""act"": 8.417558670043945}, {""tk"": ""the"", ""act"": 5.146300315856934}, {""tk"": ""entity"", ""act"": 0.0}, {""tk"": ""city"", ""act"": 0.0}, {""tk"": ""in"", ""act"": 0.0}, {""tk"": ""USA"", ""act"": 0.0}, {""tk"": ""Tulsa"", ""act"": 0.0}, {""tk"": ""capital"", ""act"": 0.0}, {""tk"": ""of"", ""act"": 0.0}, {""tk"": ""state"", ""act"": 0.0}, {""tk"": ""United"", ""act"": 0.0}, {""tk"": ""attribute"", ""act"": 0.0}, {""tk"": ""seat"", ""act"": 0.0}, {""tk"": ""government"", ""act"": 0.0}, {""tk"": ""relationship"", ""act"": 0.0}, {""tk"": ""which"", ""act"": 0.0}, {""tk"": ""containing"", ""act"": 0.0}]"
16_29578,16,29578,"entity: A major city in Oklahoma, USA is Tulsa",entity,1,0.0,0.0,semantic,"[{""token"": ""entity"", ""index"": 1, ""distance"": 0, ""direction"": ""self""}]",n/a,"Say ""X""",,1.0,False,,Say (state),"[{""tk"": ""is"", ""act"": 1.8383522033691406}, {""tk"": ""Oklahoma"", ""act"": 1.6916999816894531}, {""tk"": ""in"", ""act"": 1.6670656204223633}, {""tk"": ""entity"", ""act"": 0.0}, {""tk"": ""city"", ""act"": 0.0}, {""tk"": ""USA"", ""act"": 0.0}, {""tk"": ""Tulsa"", ""act"": 0.0}, {""tk"": ""The"", ""act"": 0.0}, {""tk"": ""capital"", ""act"": 0.0}, {""tk"": ""of"", ""act"": 0.0}, {""tk"": ""state"", ""act"": 0.0}, {""tk"": ""United"", ""act"": 0.0}, {""tk"": ""attribute"", ""act"": 0.0}, {""tk"": ""seat"", ""act"": 0.0}, {""tk"": ""government"", ""act"": 0.0}, {""tk"": ""relationship"", ""act"": 0.0}, {""tk"": ""which"", ""act"": 0.0}, {""tk"": ""containing"", ""act"": 0.0}]"
16_37465,16,37465,"entity: A major city in Oklahoma, USA is Tulsa",entity,1,0.0,0.0,semantic,"[{""token"": ""entity"", ""index"": 1, ""distance"": 0, ""direction"": ""self""}]",n/a,"Say ""X""",,1.0,False,,Say (Oklahoma),"[{""tk"": ""is"", ""act"": 6.640685081481934}, {""tk"": ""entity"", ""act"": 0.0}, {""tk"": ""city"", ""act"": 0.0}, {""tk"": ""in"", ""act"": 0.0}, {""tk"": ""Oklahoma"", ""act"": 0.0}, {""tk"": ""USA"", ""act"": 0.0}, {""tk"": ""Tulsa"", ""act"": 0.0}, {""tk"": ""The"", ""act"": 0.0}, {""tk"": ""capital"", ""act"": 0.0}, {""tk"": ""of"", ""act"": 0.0}, {""tk"": ""state"", ""act"": 0.0}, {""tk"": ""United"", ""act"": 0.0}, {""tk"": ""attribute"", ""act"": 0.0}, {""tk"": ""seat"", ""act"": 0.0}, {""tk"": ""government"", ""act"": 0.0}, {""tk"": ""relationship"", ""act"": 0.0}, {""tk"": ""which"", ""act"": 0.0}, {""tk"": ""containing"", ""act"": 0.0}]"
16_49319,16,49319,"entity: A major city in Oklahoma, USA is Tulsa",entity,1,0.0,0.0,semantic,"[{""token"": ""entity"", ""index"": 1, ""distance"": 0, ""direction"": ""self""}]",n/a,"Say ""X""",,1.0,False,,Say (Oklahoma),"[{""tk"": ""is"", ""act"": 12.913878440856934}, {""tk"": ""Oklahoma"", ""act"": 9.430219650268555}, {""tk"": ""the"", ""act"": 5.03242301940918}, {""tk"": ""entity"", ""act"": 0.0}, {""tk"": ""city"", ""act"": 0.0}, {""tk"": ""in"", ""act"": 0.0}, {""tk"": ""USA"", ""act"": 0.0}, {""tk"": ""Tulsa"", ""act"": 0.0}, {""tk"": ""capital"", ""act"": 0.0}, {""tk"": ""of"", ""act"": 0.0}, {""tk"": ""state"", ""act"": 0.0}, {""tk"": ""United"", ""act"": 0.0}, {""tk"": ""attribute"", ""act"": 0.0}, {""tk"": ""seat"", ""act"": 0.0}, {""tk"": ""government"", ""act"": 0.0}, {""tk"": ""relationship"", ""act"": 0.0}, {""tk"": ""which"", ""act"": 0.0}, {""tk"": ""containing"", ""act"": 0.0}]"
16_49478,16,49478,"entity: A major city in Oklahoma, USA is Tulsa",entity,1,0.0,0.0,semantic,"[{""token"": ""entity"", ""index"": 1, ""distance"": 0, ""direction"": ""self""}]",n/a,Semantic,Concept,0.9780169741706266,False,,Oklahoma,"[{""tk"": ""Oklahoma"", ""act"": 19.08812713623047}, {""tk"": ""the"", ""act"": 18.66851234436035}, {""tk"": ""is"", ""act"": 15.202108383178711}, {""tk"": ""capital"", ""act"": 6.205168724060059}, {""tk"": ""entity"", ""act"": 0.0}, {""tk"": ""city"", ""act"": 0.0}, {""tk"": ""in"", ""act"": 0.0}, {""tk"": ""USA"", ""act"": 0.0}, {""tk"": ""Tulsa"", ""act"": 0.0}, {""tk"": ""of"", ""act"": 0.0}, {""tk"": ""state"", ""act"": 0.0}, {""tk"": ""United"", ""act"": 0.0}, {""tk"": ""attribute"", ""act"": 0.0}, {""tk"": ""seat"", ""act"": 0.0}, {""tk"": ""government"", ""act"": 0.0}, {""tk"": ""relationship"", ""act"": 0.0}, {""tk"": ""which"", ""act"": 0.0}, {""tk"": ""containing"", ""act"": 0.0}]"
17_21573,17,21573,"entity: A major city in Oklahoma, USA is Tulsa", Oklahoma,7,17.588882446289062,0.9090909090909092,semantic,"[{""token"": "" Oklahoma"", ""index"": 7, ""distance"": 0, ""direction"": ""self""}]",n/a,Semantic,Concept,0.7,False,,Oklahoma,"[{""tk"": ""Oklahoma"", ""act"": 17.588882446289062}, {""tk"": ""is"", ""act"": 0.5502123832702637}, {""tk"": ""entity"", ""act"": 0.0}, {""tk"": ""city"", ""act"": 0.0}, {""tk"": ""in"", ""act"": 0.0}, {""tk"": ""USA"", ""act"": 0.0}, {""tk"": ""Tulsa"", ""act"": 0.0}, {""tk"": ""The"", ""act"": 0.0}, {""tk"": ""capital"", ""act"": 0.0}, {""tk"": ""of"", ""act"": 0.0}, {""tk"": ""state"", ""act"": 0.0}, {""tk"": ""United"", ""act"": 0.0}, {""tk"": ""attribute"", ""act"": 0.0}, {""tk"": ""seat"", ""act"": 0.0}, {""tk"": ""government"", ""act"": 0.0}, {""tk"": ""relationship"", ""act"": 0.0}, {""tk"": ""which"", ""act"": 0.0}, {""tk"": ""containing"", ""act"": 0.0}]"
17_1822,17,1822,"entity: A major city in Oklahoma, USA is Tulsa",",",8,3.684359550476074,0.9090909090909092,functional,"[{""token"": "" USA"", ""index"": 9, ""distance"": 1, ""direction"": ""forward""}, {""token"": "" Oklahoma"", ""index"": 7, ""distance"": 1, ""direction"": ""backward""}]",json,"Say ""X""",,1.0,False,,Say (Oklahoma),"[{""tk"": ""is"", ""act"": 19.381927490234375}, {""tk"": ""of"", ""act"": 0.04216814041137695}, {""tk"": ""entity"", ""act"": 0.0}, {""tk"": ""city"", ""act"": 0.0}, {""tk"": ""in"", ""act"": 0.0}, {""tk"": ""Oklahoma"", ""act"": 0.0}, {""tk"": ""USA"", ""act"": 0.0}, {""tk"": ""Tulsa"", ""act"": 0.0}, {""tk"": ""The"", ""act"": 0.0}, {""tk"": ""capital"", ""act"": 0.0}, {""tk"": ""state"", ""act"": 0.0}, {""tk"": ""United"", ""act"": 0.0}, {""tk"": ""attribute"", ""act"": 0.0}, {""tk"": ""seat"", ""act"": 0.0}, {""tk"": ""government"", ""act"": 0.0}, {""tk"": ""relationship"", ""act"": 0.0}, {""tk"": ""which"", ""act"": 0.0}, {""tk"": ""containing"", ""act"": 0.0}]"
17_93962,17,93962,"entity: A major city in Oklahoma, USA is Tulsa",entity,1,0.0,0.0,semantic,"[{""token"": ""entity"", ""index"": 1, ""distance"": 0, ""direction"": ""self""}]",n/a,"Say ""X""",,1.0,False,,Say (Oklahoma),"[{""tk"": ""is"", ""act"": 28.98556137084961}, {""tk"": ""Oklahoma"", ""act"": 14.1744384765625}, {""tk"": ""entity"", ""act"": 0.0}, {""tk"": ""city"", ""act"": 0.0}, {""tk"": ""in"", ""act"": 0.0}, {""tk"": ""USA"", ""act"": 0.0}, {""tk"": ""Tulsa"", ""act"": 0.0}, {""tk"": ""The"", ""act"": 0.0}, {""tk"": ""capital"", ""act"": 0.0}, {""tk"": ""of"", ""act"": 0.0}, {""tk"": ""state"", ""act"": 0.0}, {""tk"": ""United"", ""act"": 0.0}, {""tk"": ""attribute"", ""act"": 0.0}, {""tk"": ""seat"", ""act"": 0.0}, {""tk"": ""government"", ""act"": 0.0}, {""tk"": ""relationship"", ""act"": 0.0}, {""tk"": ""which"", ""act"": 0.0}, {""tk"": ""containing"", ""act"": 0.0}]"
17_98126,17,98126,"entity: A major city in Oklahoma, USA is Tulsa",entity,1,0.0,0.0,semantic,"[{""token"": ""entity"", ""index"": 1, ""distance"": 0, ""direction"": ""self""}]",n/a,"Say ""X""",,1.0,False,,Say (Oklahoma),"[{""tk"": ""is"", ""act"": 21.174270629882812}, {""tk"": ""the"", ""act"": 20.31070899963379}, {""tk"": ""seat"", ""act"": 7.896273136138916}, {""tk"": ""government"", ""act"": 6.976686954498291}, {""tk"": ""Oklahoma"", ""act"": 4.842320919036865}, {""tk"": ""of"", ""act"": 3.8759498596191406}, {""tk"": ""city"", ""act"": 3.3820605278015137}, {""tk"": ""entity"", ""act"": 0.0}, {""tk"": ""in"", ""act"": 0.0}, {""tk"": ""USA"", ""act"": 0.0}, {""tk"": ""Tulsa"", ""act"": 0.0}, {""tk"": ""capital"", ""act"": 0.0}, {""tk"": ""state"", ""act"": 0.0}, {""tk"": ""United"", ""act"": 0.0}, {""tk"": ""attribute"", ""act"": 0.0}, {""tk"": ""relationship"", ""act"": 0.0}, {""tk"": ""which"", ""act"": 0.0}, {""tk"": ""containing"", ""act"": 0.0}]"
18_71275,18,71275,"entity: A major city in Oklahoma, USA is Tulsa", Oklahoma,7,58.45271301269531,0.7727089165167853,semantic,"[{""token"": "" Oklahoma"", ""index"": 7, ""distance"": 0, ""direction"": ""self""}]",n/a,Semantic,Concept,0.7,False,,Oklahoma,"[{""tk"": ""Oklahoma"", ""act"": 78.87437438964844}, {""tk"": ""is"", ""act"": 68.56643676757812}, {""tk"": ""Tulsa"", ""act"": 33.247100830078125}, {""tk"": ""City"", ""act"": 23.11736297607422}, {""tk"": ""entity"", ""act"": 0.0}, {""tk"": ""in"", ""act"": 0.0}, {""tk"": ""USA"", ""act"": 0.0}, {""tk"": ""The"", ""act"": 0.0}, {""tk"": ""capital"", ""act"": 0.0}, {""tk"": ""of"", ""act"": 0.0}, {""tk"": ""state"", ""act"": 0.0}, {""tk"": ""United"", ""act"": 0.0}, {""tk"": ""attribute"", ""act"": 0.0}, {""tk"": ""seat"", ""act"": 0.0}, {""tk"": ""government"", ""act"": 0.0}, {""tk"": ""relationship"", ""act"": 0.0}, {""tk"": ""which"", ""act"": 0.0}, {""tk"": ""containing"", ""act"": 0.0}]"
18_52821,18,52821,"entity: A major city in Oklahoma, USA is Tulsa",",",8,8.365043640136719,0.8204796829823393,functional,"[{""token"": "" USA"", ""index"": 9, ""distance"": 1, ""direction"": ""forward""}, {""token"": "" Oklahoma"", ""index"": 7, ""distance"": 1, ""direction"": ""backward""}]",json,Semantic,Concept,0.7,False,,Oklahoma,"[{""tk"": ""Oklahoma"", ""act"": 34.7286262512207}, {""tk"": ""is"", ""act"": 14.72661018371582}, {""tk"": ""entity"", ""act"": 0.0}, {""tk"": ""city"", ""act"": 0.0}, {""tk"": ""in"", ""act"": 0.0}, {""tk"": ""USA"", ""act"": 0.0}, {""tk"": ""Tulsa"", ""act"": 0.0}, {""tk"": ""The"", ""act"": 0.0}, {""tk"": ""capital"", ""act"": 0.0}, {""tk"": ""of"", ""act"": 0.0}, {""tk"": ""state"", ""act"": 0.0}, {""tk"": ""United"", ""act"": 0.0}, {""tk"": ""attribute"", ""act"": 0.0}, {""tk"": ""seat"", ""act"": 0.0}, {""tk"": ""government"", ""act"": 0.0}, {""tk"": ""relationship"", ""act"": 0.0}, {""tk"": ""which"", ""act"": 0.0}, {""tk"": ""containing"", ""act"": 0.0}]"
18_38181,18,38181,"entity: A major city in Oklahoma, USA is Tulsa", Tulsa,11,5.259476661682129,0.9090909090909092,semantic,"[{""token"": "" Tulsa"", ""index"": 11, ""distance"": 0, ""direction"": ""self""}]",n/a,Semantic,Concept,0.7,False,,Tulsa,"[{""tk"": ""Tulsa"", ""act"": 5.259476661682129}, {""tk"": ""is"", ""act"": 2.4442901611328125}, {""tk"": ""entity"", ""act"": 0.0}, {""tk"": ""city"", ""act"": 0.0}, {""tk"": ""in"", ""act"": 0.0}, {""tk"": ""Oklahoma"", ""act"": 0.0}, {""tk"": ""USA"", ""act"": 0.0}, {""tk"": ""The"", ""act"": 0.0}, {""tk"": ""capital"", ""act"": 0.0}, {""tk"": ""of"", ""act"": 0.0}, {""tk"": ""state"", ""act"": 0.0}, {""tk"": ""United"", ""act"": 0.0}, {""tk"": ""attribute"", ""act"": 0.0}, {""tk"": ""seat"", ""act"": 0.0}, {""tk"": ""government"", ""act"": 0.0}, {""tk"": ""relationship"", ""act"": 0.0}, {""tk"": ""which"", ""act"": 0.0}, {""tk"": ""containing"", ""act"": 0.0}]"
18_3623,18,3623,"entity: A major city in Oklahoma, USA is Tulsa",entity,1,0.0,0.0,semantic,"[{""token"": ""entity"", ""index"": 1, ""distance"": 0, ""direction"": ""self""}]",n/a,"Say ""X""",,1.0,False,,Say (Oklahoma),"[{""tk"": ""is"", ""act"": 15.450040817260742}, {""tk"": ""entity"", ""act"": 0.0}, {""tk"": ""city"", ""act"": 0.0}, {""tk"": ""in"", ""act"": 0.0}, {""tk"": ""Oklahoma"", ""act"": 0.0}, {""tk"": ""USA"", ""act"": 0.0}, {""tk"": ""Tulsa"", ""act"": 0.0}, {""tk"": ""The"", ""act"": 0.0}, {""tk"": ""capital"", ""act"": 0.0}, {""tk"": ""of"", ""act"": 0.0}, {""tk"": ""state"", ""act"": 0.0}, {""tk"": ""United"", ""act"": 0.0}, {""tk"": ""attribute"", ""act"": 0.0}, {""tk"": ""seat"", ""act"": 0.0}, {""tk"": ""government"", ""act"": 0.0}, {""tk"": ""relationship"", ""act"": 0.0}, {""tk"": ""which"", ""act"": 0.0}, {""tk"": ""containing"", ""act"": 0.0}]"
18_44719,18,44719,"entity: A major city in Oklahoma, USA is Tulsa",entity,1,0.0,0.0,semantic,"[{""token"": ""entity"", ""index"": 1, ""distance"": 0, ""direction"": ""self""}]",n/a,"Say ""X""",,1.0,False,,Say (capital),"[{""tk"": ""the"", ""act"": 6.164579391479492}, {""tk"": ""is"", ""act"": 2.4551093578338623}, {""tk"": ""entity"", ""act"": 0.0}, {""tk"": ""city"", ""act"": 0.0}, {""tk"": ""in"", ""act"": 0.0}, {""tk"": ""Oklahoma"", ""act"": 0.0}, {""tk"": ""USA"", ""act"": 0.0}, {""tk"": ""Tulsa"", ""act"": 0.0}, {""tk"": ""capital"", ""act"": 0.0}, {""tk"": ""of"", ""act"": 0.0}, {""tk"": ""state"", ""act"": 0.0}, {""tk"": ""United"", ""act"": 0.0}, {""tk"": ""attribute"", ""act"": 0.0}, {""tk"": ""seat"", ""act"": 0.0}, {""tk"": ""government"", ""act"": 0.0}, {""tk"": ""relationship"", ""act"": 0.0}, {""tk"": ""which"", ""act"": 0.0}, {""tk"": ""containing"", ""act"": 0.0}]"
18_53951,18,53951,"entity: A major city in Oklahoma, USA is Tulsa",entity,1,0.0,0.0,semantic,"[{""token"": ""entity"", ""index"": 1, ""distance"": 0, ""direction"": ""self""}]",n/a,"Say ""X""",,1.0,False,,Say (capital),"[{""tk"": ""the"", ""act"": 30.32887840270996}, {""tk"": ""is"", ""act"": 19.56104850769043}, {""tk"": ""entity"", ""act"": 0.0}, {""tk"": ""city"", ""act"": 0.0}, {""tk"": ""in"", ""act"": 0.0}, {""tk"": ""Oklahoma"", ""act"": 0.0}, {""tk"": ""USA"", ""act"": 0.0}, {""tk"": ""Tulsa"", ""act"": 0.0}, {""tk"": ""capital"", ""act"": 0.0}, {""tk"": ""of"", ""act"": 0.0}, {""tk"": ""state"", ""act"": 0.0}, {""tk"": ""United"", ""act"": 0.0}, {""tk"": ""attribute"", ""act"": 0.0}, {""tk"": ""seat"", ""act"": 0.0}, {""tk"": ""government"", ""act"": 0.0}, {""tk"": ""relationship"", ""act"": 0.0}, {""tk"": ""which"", ""act"": 0.0}, {""tk"": ""containing"", ""act"": 0.0}]"
19_25978,19,25978,"entity: A major city in Oklahoma, USA is Tulsa",",",8,6.784084320068359,0.9090909090909092,functional,"[{""token"": "" USA"", ""index"": 9, ""distance"": 1, ""direction"": ""forward""}, {""token"": "" Oklahoma"", ""index"": 7, ""distance"": 1, ""direction"": ""backward""}]",json,"Say ""X""",,1.0,False,,Say (Oklahoma),"[{""tk"": ""is"", ""act"": 33.509159088134766}, {""tk"": ""Oklahoma"", ""act"": 0.7145435810089111}, {""tk"": ""entity"", ""act"": 0.0}, {""tk"": ""city"", ""act"": 0.0}, {""tk"": ""in"", ""act"": 0.0}, {""tk"": ""USA"", ""act"": 0.0}, {""tk"": ""Tulsa"", ""act"": 0.0}, {""tk"": ""The"", ""act"": 0.0}, {""tk"": ""capital"", ""act"": 0.0}, {""tk"": ""of"", ""act"": 0.0}, {""tk"": ""state"", ""act"": 0.0}, {""tk"": ""United"", ""act"": 0.0}, {""tk"": ""attribute"", ""act"": 0.0}, {""tk"": ""seat"", ""act"": 0.0}, {""tk"": ""government"", ""act"": 0.0}, {""tk"": ""relationship"", ""act"": 0.0}, {""tk"": ""which"", ""act"": 0.0}, {""tk"": ""containing"", ""act"": 0.0}]"
19_13946,19,13946,"entity: A major city in Oklahoma, USA is Tulsa", is,10,13.345511436462402,0.9090909090909092,functional,"[{""token"": "" Tulsa"", ""index"": 11, ""distance"": 1, ""direction"": ""forward""}]",json,"Say ""X""",,1.0,False,,Say (capital),"[{""tk"": ""the"", ""act"": 66.9089584350586}, {""tk"": ""is"", ""act"": 54.66865158081055}, {""tk"": ""Oklahoma"", ""act"": 17.119903564453125}, {""tk"": ""of"", ""act"": 6.158909797668457}, {""tk"": ""entity"", ""act"": 0.0}, {""tk"": ""city"", ""act"": 0.0}, {""tk"": ""in"", ""act"": 0.0}, {""tk"": ""USA"", ""act"": 0.0}, {""tk"": ""Tulsa"", ""act"": 0.0}, {""tk"": ""capital"", ""act"": 0.0}, {""tk"": ""state"", ""act"": 0.0}, {""tk"": ""United"", ""act"": 0.0}, {""tk"": ""attribute"", ""act"": 0.0}, {""tk"": ""seat"", ""act"": 0.0}, {""tk"": ""government"", ""act"": 0.0}, {""tk"": ""relationship"", ""act"": 0.0}, {""tk"": ""which"", ""act"": 0.0}, {""tk"": ""containing"", ""act"": 0.0}]"
19_54790,19,54790,"entity: A major city in Oklahoma, USA is Tulsa", is,10,0.3884391784667969,0.9090909090909092,functional,"[{""token"": "" Tulsa"", ""index"": 11, ""distance"": 1, ""direction"": ""forward""}]",json,"Say ""X""",,1.0,False,,Say (Oklahoma),"[{""tk"": ""is"", ""act"": 46.23932647705078}, {""tk"": ""Oklahoma"", ""act"": 5.599758148193359}, {""tk"": ""entity"", ""act"": 0.0}, {""tk"": ""city"", ""act"": 0.0}, {""tk"": ""in"", ""act"": 0.0}, {""tk"": ""USA"", ""act"": 0.0}, {""tk"": ""Tulsa"", ""act"": 0.0}, {""tk"": ""The"", ""act"": 0.0}, {""tk"": ""capital"", ""act"": 0.0}, {""tk"": ""of"", ""act"": 0.0}, {""tk"": ""state"", ""act"": 0.0}, {""tk"": ""United"", ""act"": 0.0}, {""tk"": ""attribute"", ""act"": 0.0}, {""tk"": ""seat"", ""act"": 0.0}, {""tk"": ""government"", ""act"": 0.0}, {""tk"": ""relationship"", ""act"": 0.0}, {""tk"": ""which"", ""act"": 0.0}, {""tk"": ""containing"", ""act"": 0.0}]"
19_8271,19,8271,"entity: A major city in Oklahoma, USA is Tulsa",entity,1,0.0,0.0,semantic,"[{""token"": ""entity"", ""index"": 1, ""distance"": 0, ""direction"": ""self""}]",n/a,"Say ""X""",,1.0,False,,Say (Oklahoma),"[{""tk"": ""is"", ""act"": 29.61412811279297}, {""tk"": ""Oklahoma"", ""act"": 0.861600399017334}, {""tk"": ""entity"", ""act"": 0.0}, {""tk"": ""city"", ""act"": 0.0}, {""tk"": ""in"", ""act"": 0.0}, {""tk"": ""USA"", ""act"": 0.0}, {""tk"": ""Tulsa"", ""act"": 0.0}, {""tk"": ""The"", ""act"": 0.0}, {""tk"": ""capital"", ""act"": 0.0}, {""tk"": ""of"", ""act"": 0.0}, {""tk"": ""state"", ""act"": 0.0}, {""tk"": ""United"", ""act"": 0.0}, {""tk"": ""attribute"", ""act"": 0.0}, {""tk"": ""seat"", ""act"": 0.0}, {""tk"": ""government"", ""act"": 0.0}, {""tk"": ""relationship"", ""act"": 0.0}, {""tk"": ""which"", ""act"": 0.0}, {""tk"": ""containing"", ""act"": 0.0}]"
19_55351,19,55351,"entity: A major city in Oklahoma, USA is Tulsa",entity,1,0.0,0.0,semantic,"[{""token"": ""entity"", ""index"": 1, ""distance"": 0, ""direction"": ""self""}]",n/a,Relationship,,1.0,False,,(entity) related,"[{""tk"": ""entity"", ""act"": 0.0}, {""tk"": ""city"", ""act"": 0.0}, {""tk"": ""in"", ""act"": 0.0}, {""tk"": ""Oklahoma"", ""act"": 0.0}, {""tk"": ""USA"", ""act"": 0.0}, {""tk"": ""is"", ""act"": 0.0}, {""tk"": ""Tulsa"", ""act"": 0.0}, {""tk"": ""The"", ""act"": 0.0}, {""tk"": ""capital"", ""act"": 0.0}, {""tk"": ""of"", ""act"": 0.0}, {""tk"": ""state"", ""act"": 0.0}, {""tk"": ""United"", ""act"": 0.0}, {""tk"": ""attribute"", ""act"": 0.0}, {""tk"": ""seat"", ""act"": 0.0}, {""tk"": ""government"", ""act"": 0.0}, {""tk"": ""relationship"", ""act"": 0.0}, {""tk"": ""which"", ""act"": 0.0}, {""tk"": ""containing"", ""act"": 0.0}]"
20_57028,20,57028,"entity: A major city in Oklahoma, USA is Tulsa",entity,1,0.0,0.0,semantic,"[{""token"": ""entity"", ""index"": 1, ""distance"": 0, ""direction"": ""self""}]",n/a,"Say ""X""",,1.0,False,,Say (Oklahoma),"[{""tk"": ""is"", ""act"": 23.78998565673828}, {""tk"": ""Oklahoma"", ""act"": 6.051364898681641}, {""tk"": ""City"", ""act"": 1.7309446334838867}, {""tk"": ""entity"", ""act"": 0.0}, {""tk"": ""in"", ""act"": 0.0}, {""tk"": ""USA"", ""act"": 0.0}, {""tk"": ""Tulsa"", ""act"": 0.0}, {""tk"": ""The"", ""act"": 0.0}, {""tk"": ""capital"", ""act"": 0.0}, {""tk"": ""of"", ""act"": 0.0}, {""tk"": ""state"", ""act"": 0.0}, {""tk"": ""United"", ""act"": 0.0}, {""tk"": ""attribute"", ""act"": 0.0}, {""tk"": ""seat"", ""act"": 0.0}, {""tk"": ""government"", ""act"": 0.0}, {""tk"": ""relationship"", ""act"": 0.0}, {""tk"": ""which"", ""act"": 0.0}, {""tk"": ""containing"", ""act"": 0.0}]"
20_68115,20,68115,"entity: A major city in Oklahoma, USA is Tulsa",",",8,12.876376152038574,0.90742842084998,functional,"[{""token"": "" USA"", ""index"": 9, ""distance"": 1, ""direction"": ""forward""}, {""token"": "" Oklahoma"", ""index"": 7, ""distance"": 1, ""direction"": ""backward""}]",json,"Say ""X""",,1.0,False,,Say (Oklahoma),"[{""tk"": ""is"", ""act"": 31.62493133544922}, {""tk"": ""Oklahoma"", ""act"": 2.1612229347229004}, {""tk"": ""entity"", ""act"": 0.0}, {""tk"": ""city"", ""act"": 0.0}, {""tk"": ""in"", ""act"": 0.0}, {""tk"": ""USA"", ""act"": 0.0}, {""tk"": ""Tulsa"", ""act"": 0.0}, {""tk"": ""The"", ""act"": 0.0}, {""tk"": ""capital"", ""act"": 0.0}, {""tk"": ""of"", ""act"": 0.0}, {""tk"": ""state"", ""act"": 0.0}, {""tk"": ""United"", ""act"": 0.0}, {""tk"": ""attribute"", ""act"": 0.0}, {""tk"": ""seat"", ""act"": 0.0}, {""tk"": ""government"", ""act"": 0.0}, {""tk"": ""relationship"", ""act"": 0.0}, {""tk"": ""which"", ""act"": 0.0}, {""tk"": ""containing"", ""act"": 0.0}]"
20_14775,20,14775,"entity: A major city in Oklahoma, USA is Tulsa",entity,1,0.0,0.0,semantic,"[{""token"": ""entity"", ""index"": 1, ""distance"": 0, ""direction"": ""self""}]",n/a,"Say ""X""",,1.0,False,,Say (Oklahoma),"[{""tk"": ""is"", ""act"": 21.148719787597656}, {""tk"": ""entity"", ""act"": 0.0}, {""tk"": ""city"", ""act"": 0.0}, {""tk"": ""in"", ""act"": 0.0}, {""tk"": ""Oklahoma"", ""act"": 0.0}, {""tk"": ""USA"", ""act"": 0.0}, {""tk"": ""Tulsa"", ""act"": 0.0}, {""tk"": ""The"", ""act"": 0.0}, {""tk"": ""capital"", ""act"": 0.0}, {""tk"": ""of"", ""act"": 0.0}, {""tk"": ""state"", ""act"": 0.0}, {""tk"": ""United"", ""act"": 0.0}, {""tk"": ""attribute"", ""act"": 0.0}, {""tk"": ""seat"", ""act"": 0.0}, {""tk"": ""government"", ""act"": 0.0}, {""tk"": ""relationship"", ""act"": 0.0}, {""tk"": ""which"", ""act"": 0.0}, {""tk"": ""containing"", ""act"": 0.0}]"
20_67784,20,67784,"entity: A major city in Oklahoma, USA is Tulsa",entity,1,0.0,0.0,semantic,"[{""token"": ""entity"", ""index"": 1, ""distance"": 0, ""direction"": ""self""}]",n/a,"Say ""X""",,1.0,False,,Say (city),"[{""tk"": ""of"", ""act"": 3.863483428955078}, {""tk"": ""entity"", ""act"": 0.0}, {""tk"": ""city"", ""act"": 0.0}, {""tk"": ""in"", ""act"": 0.0}, {""tk"": ""Oklahoma"", ""act"": 0.0}, {""tk"": ""USA"", ""act"": 0.0}, {""tk"": ""is"", ""act"": 0.0}, {""tk"": ""Tulsa"", ""act"": 0.0}, {""tk"": ""The"", ""act"": 0.0}, {""tk"": ""capital"", ""act"": 0.0}, {""tk"": ""state"", ""act"": 0.0}, {""tk"": ""United"", ""act"": 0.0}, {""tk"": ""attribute"", ""act"": 0.0}, {""tk"": ""seat"", ""act"": 0.0}, {""tk"": ""government"", ""act"": 0.0}, {""tk"": ""relationship"", ""act"": 0.0}, {""tk"": ""which"", ""act"": 0.0}, {""tk"": ""containing"", ""act"": 0.0}]"
20_74108,20,74108,"entity: A major city in Oklahoma, USA is Tulsa",entity,1,0.0,0.0,semantic,"[{""token"": ""entity"", ""index"": 1, ""distance"": 0, ""direction"": ""self""}]",n/a,"Say ""X""",,1.0,False,,Say (capital),"[{""tk"": ""the"", ""act"": 62.93037033081055}, {""tk"": ""is"", ""act"": 29.901948928833008}, {""tk"": ""city"", ""act"": 5.083075046539307}, {""tk"": ""entity"", ""act"": 0.0}, {""tk"": ""in"", ""act"": 0.0}, {""tk"": ""Oklahoma"", ""act"": 0.0}, {""tk"": ""USA"", ""act"": 0.0}, {""tk"": ""Tulsa"", ""act"": 0.0}, {""tk"": ""capital"", ""act"": 0.0}, {""tk"": ""of"", ""act"": 0.0}, {""tk"": ""state"", ""act"": 0.0}, {""tk"": ""United"", ""act"": 0.0}, {""tk"": ""attribute"", ""act"": 0.0}, {""tk"": ""seat"", ""act"": 0.0}, {""tk"": ""government"", ""act"": 0.0}, {""tk"": ""relationship"", ""act"": 0.0}, {""tk"": ""which"", ""act"": 0.0}, {""tk"": ""containing"", ""act"": 0.0}]"
21_16875,21,16875,"entity: A major city in Oklahoma, USA is Tulsa",entity,1,0.0,0.0,semantic,"[{""token"": ""entity"", ""index"": 1, ""distance"": 0, ""direction"": ""self""}]",n/a,"Say ""X""",,1.0,False,,Say (Oklahoma),"[{""tk"": ""is"", ""act"": 12.641754150390625}, {""tk"": ""entity"", ""act"": 0.0}, {""tk"": ""city"", ""act"": 0.0}, {""tk"": ""in"", ""act"": 0.0}, {""tk"": ""Oklahoma"", ""act"": 0.0}, {""tk"": ""USA"", ""act"": 0.0}, {""tk"": ""Tulsa"", ""act"": 0.0}, {""tk"": ""The"", ""act"": 0.0}, {""tk"": ""capital"", ""act"": 0.0}, {""tk"": ""of"", ""act"": 0.0}, {""tk"": ""state"", ""act"": 0.0}, {""tk"": ""United"", ""act"": 0.0}, {""tk"": ""attribute"", ""act"": 0.0}, {""tk"": ""seat"", ""act"": 0.0}, {""tk"": ""government"", ""act"": 0.0}, {""tk"": ""relationship"", ""act"": 0.0}, {""tk"": ""which"", ""act"": 0.0}, {""tk"": ""containing"", ""act"": 0.0}]"
21_34379,21,34379,"entity: A major city in Oklahoma, USA is Tulsa",entity,1,0.0,0.0,semantic,"[{""token"": ""entity"", ""index"": 1, ""distance"": 0, ""direction"": ""self""}]",n/a,"Say ""X""",,1.0,False,,Say (Oklahoma),"[{""tk"": ""is"", ""act"": 21.422075271606445}, {""tk"": ""entity"", ""act"": 0.0}, {""tk"": ""city"", ""act"": 0.0}, {""tk"": ""in"", ""act"": 0.0}, {""tk"": ""Oklahoma"", ""act"": 0.0}, {""tk"": ""USA"", ""act"": 0.0}, {""tk"": ""Tulsa"", ""act"": 0.0}, {""tk"": ""The"", ""act"": 0.0}, {""tk"": ""capital"", ""act"": 0.0}, {""tk"": ""of"", ""act"": 0.0}, {""tk"": ""state"", ""act"": 0.0}, {""tk"": ""United"", ""act"": 0.0}, {""tk"": ""attribute"", ""act"": 0.0}, {""tk"": ""seat"", ""act"": 0.0}, {""tk"": ""government"", ""act"": 0.0}, {""tk"": ""relationship"", ""act"": 0.0}, {""tk"": ""which"", ""act"": 0.0}, {""tk"": ""containing"", ""act"": 0.0}]"
21_69456,21,69456,"entity: A major city in Oklahoma, USA is Tulsa",entity,1,0.0,0.0,semantic,"[{""token"": ""entity"", ""index"": 1, ""distance"": 0, ""direction"": ""self""}]",n/a,Relationship,,1.0,False,,(entity) related,"[{""tk"": ""entity"", ""act"": 0.0}, {""tk"": ""city"", ""act"": 0.0}, {""tk"": ""in"", ""act"": 0.0}, {""tk"": ""Oklahoma"", ""act"": 0.0}, {""tk"": ""USA"", ""act"": 0.0}, {""tk"": ""is"", ""act"": 0.0}, {""tk"": ""Tulsa"", ""act"": 0.0}, {""tk"": ""The"", ""act"": 0.0}, {""tk"": ""capital"", ""act"": 0.0}, {""tk"": ""of"", ""act"": 0.0}, {""tk"": ""state"", ""act"": 0.0}, {""tk"": ""United"", ""act"": 0.0}, {""tk"": ""attribute"", ""act"": 0.0}, {""tk"": ""seat"", ""act"": 0.0}, {""tk"": ""government"", ""act"": 0.0}, {""tk"": ""relationship"", ""act"": 0.0}, {""tk"": ""which"", ""act"": 0.0}, {""tk"": ""containing"", ""act"": 0.0}]"
21_84338,21,84338,"entity: A major city in Oklahoma, USA is Tulsa",entity,1,0.0,0.0,semantic,"[{""token"": ""entity"", ""index"": 1, ""distance"": 0, ""direction"": ""self""}]",n/a,"Say ""X""",,1.0,False,,Say (Oklahoma),"[{""tk"": ""is"", ""act"": 29.175933837890625}, {""tk"": ""city"", ""act"": 16.715389251708984}, {""tk"": ""entity"", ""act"": 0.0}, {""tk"": ""in"", ""act"": 0.0}, {""tk"": ""Oklahoma"", ""act"": 0.0}, {""tk"": ""USA"", ""act"": 0.0}, {""tk"": ""Tulsa"", ""act"": 0.0}, {""tk"": ""The"", ""act"": 0.0}, {""tk"": ""capital"", ""act"": 0.0}, {""tk"": ""of"", ""act"": 0.0}, {""tk"": ""state"", ""act"": 0.0}, {""tk"": ""United"", ""act"": 0.0}, {""tk"": ""attribute"", ""act"": 0.0}, {""tk"": ""seat"", ""act"": 0.0}, {""tk"": ""government"", ""act"": 0.0}, {""tk"": ""relationship"", ""act"": 0.0}, {""tk"": ""which"", ""act"": 0.0}, {""tk"": ""containing"", ""act"": 0.0}]"
22_96447,22,96447,"entity: A major city in Oklahoma, USA is Tulsa",",",8,48.82075881958008,0.8423212579605138,functional,"[{""token"": "" USA"", ""index"": 9, ""distance"": 1, ""direction"": ""forward""}, {""token"": "" Oklahoma"", ""index"": 7, ""distance"": 1, ""direction"": ""backward""}]",json,"Say ""X""",,1.0,False,,Say (Oklahoma),"[{""tk"": ""is"", ""act"": 59.35166931152344}, {""tk"": ""Tulsa"", ""act"": 2.7046289443969727}, {""tk"": ""City"", ""act"": 2.3859939575195312}, {""tk"": ""USA"", ""act"": 0.6145110130310059}, {""tk"": ""entity"", ""act"": 0.0}, {""tk"": ""in"", ""act"": 0.0}, {""tk"": ""Oklahoma"", ""act"": 0.0}, {""tk"": ""The"", ""act"": 0.0}, {""tk"": ""capital"", ""act"": 0.0}, {""tk"": ""of"", ""act"": 0.0}, {""tk"": ""state"", ""act"": 0.0}, {""tk"": ""United"", ""act"": 0.0}, {""tk"": ""attribute"", ""act"": 0.0}, {""tk"": ""seat"", ""act"": 0.0}, {""tk"": ""government"", ""act"": 0.0}, {""tk"": ""relationship"", ""act"": 0.0}, {""tk"": ""which"", ""act"": 0.0}, {""tk"": ""containing"", ""act"": 0.0}]"
22_70475,22,70475,"entity: A major city in Oklahoma, USA is Tulsa",entity,1,0.0,0.0,semantic,"[{""token"": ""entity"", ""index"": 1, ""distance"": 0, ""direction"": ""self""}]",n/a,"Say ""X""",,1.0,False,,Say (Oklahoma),"[{""tk"": ""is"", ""act"": 47.78974533081055}, {""tk"": ""entity"", ""act"": 0.0}, {""tk"": ""city"", ""act"": 0.0}, {""tk"": ""in"", ""act"": 0.0}, {""tk"": ""Oklahoma"", ""act"": 0.0}, {""tk"": ""USA"", ""act"": 0.0}, {""tk"": ""Tulsa"", ""act"": 0.0}, {""tk"": ""The"", ""act"": 0.0}, {""tk"": ""capital"", ""act"": 0.0}, {""tk"": ""of"", ""act"": 0.0}, {""tk"": ""state"", ""act"": 0.0}, {""tk"": ""United"", ""act"": 0.0}, {""tk"": ""attribute"", ""act"": 0.0}, {""tk"": ""seat"", ""act"": 0.0}, {""tk"": ""government"", ""act"": 0.0}, {""tk"": ""relationship"", ""act"": 0.0}, {""tk"": ""which"", ""act"": 0.0}, {""tk"": ""containing"", ""act"": 0.0}]"
22_62229,22,62229,"entity: A major city in Oklahoma, USA is Tulsa",entity,1,0.0,0.0,semantic,"[{""token"": ""entity"", ""index"": 1, ""distance"": 0, ""direction"": ""self""}]",n/a,"Say ""X""",,1.0,False,,Say (Oklahoma),"[{""tk"": ""is"", ""act"": 2.072920799255371}, {""tk"": ""entity"", ""act"": 0.0}, {""tk"": ""city"", ""act"": 0.0}, {""tk"": ""in"", ""act"": 0.0}, {""tk"": ""Oklahoma"", ""act"": 0.0}, {""tk"": ""USA"", ""act"": 0.0}, {""tk"": ""Tulsa"", ""act"": 0.0}, {""tk"": ""The"", ""act"": 0.0}, {""tk"": ""capital"", ""act"": 0.0}, {""tk"": ""of"", ""act"": 0.0}, {""tk"": ""state"", ""act"": 0.0}, {""tk"": ""United"", ""act"": 0.0}, {""tk"": ""attribute"", ""act"": 0.0}, {""tk"": ""seat"", ""act"": 0.0}, {""tk"": ""government"", ""act"": 0.0}, {""tk"": ""relationship"", ""act"": 0.0}, {""tk"": ""which"", ""act"": 0.0}, {""tk"": ""containing"", ""act"": 0.0}]"
22_71237,22,71237,"entity: A major city in Oklahoma, USA is Tulsa",entity,1,0.0,0.0,semantic,"[{""token"": ""entity"", ""index"": 1, ""distance"": 0, ""direction"": ""self""}]",n/a,"Say ""X""",,1.0,False,,Say (Oklahoma),"[{""tk"": ""is"", ""act"": 33.04965591430664}, {""tk"": ""entity"", ""act"": 0.0}, {""tk"": ""city"", ""act"": 0.0}, {""tk"": ""in"", ""act"": 0.0}, {""tk"": ""Oklahoma"", ""act"": 0.0}, {""tk"": ""USA"", ""act"": 0.0}, {""tk"": ""Tulsa"", ""act"": 0.0}, {""tk"": ""The"", ""act"": 0.0}, {""tk"": ""capital"", ""act"": 0.0}, {""tk"": ""of"", ""act"": 0.0}, {""tk"": ""state"", ""act"": 0.0}, {""tk"": ""United"", ""act"": 0.0}, {""tk"": ""attribute"", ""act"": 0.0}, {""tk"": ""seat"", ""act"": 0.0}, {""tk"": ""government"", ""act"": 0.0}, {""tk"": ""relationship"", ""act"": 0.0}, {""tk"": ""which"", ""act"": 0.0}, {""tk"": ""containing"", ""act"": 0.0}]"
23_29602,23,29602,"entity: A major city in Oklahoma, USA is Tulsa",entity,1,0.0,0.0,semantic,"[{""token"": ""entity"", ""index"": 1, ""distance"": 0, ""direction"": ""self""}]",n/a,"Say ""X""",,1.0,False,,Say (Oklahoma),"[{""tk"": ""is"", ""act"": 32.2626953125}, {""tk"": ""entity"", ""act"": 0.0}, {""tk"": ""city"", ""act"": 0.0}, {""tk"": ""in"", ""act"": 0.0}, {""tk"": ""Oklahoma"", ""act"": 0.0}, {""tk"": ""USA"", ""act"": 0.0}, {""tk"": ""Tulsa"", ""act"": 0.0}, {""tk"": ""The"", ""act"": 0.0}, {""tk"": ""capital"", ""act"": 0.0}, {""tk"": ""of"", ""act"": 0.0}, {""tk"": ""state"", ""act"": 0.0}, {""tk"": ""United"", ""act"": 0.0}, {""tk"": ""attribute"", ""act"": 0.0}, {""tk"": ""seat"", ""act"": 0.0}, {""tk"": ""government"", ""act"": 0.0}, {""tk"": ""relationship"", ""act"": 0.0}, {""tk"": ""which"", ""act"": 0.0}, {""tk"": ""containing"", ""act"": 0.0}]"
23_57479,23,57479,"entity: A major city in Oklahoma, USA is Tulsa",",",8,7.885091304779053,0.9090909090909092,functional,"[{""token"": "" USA"", ""index"": 9, ""distance"": 1, ""direction"": ""forward""}, {""token"": "" Oklahoma"", ""index"": 7, ""distance"": 1, ""direction"": ""backward""}]",json,"Say ""X""",,1.0,False,,Say (Oklahoma),"[{""tk"": ""is"", ""act"": 38.4189453125}, {""tk"": ""entity"", ""act"": 0.0}, {""tk"": ""city"", ""act"": 0.0}, {""tk"": ""in"", ""act"": 0.0}, {""tk"": ""Oklahoma"", ""act"": 0.0}, {""tk"": ""USA"", ""act"": 0.0}, {""tk"": ""Tulsa"", ""act"": 0.0}, {""tk"": ""The"", ""act"": 0.0}, {""tk"": ""capital"", ""act"": 0.0}, {""tk"": ""of"", ""act"": 0.0}, {""tk"": ""state"", ""act"": 0.0}, {""tk"": ""United"", ""act"": 0.0}, {""tk"": ""attribute"", ""act"": 0.0}, {""tk"": ""seat"", ""act"": 0.0}, {""tk"": ""government"", ""act"": 0.0}, {""tk"": ""relationship"", ""act"": 0.0}, {""tk"": ""which"", ""act"": 0.0}, {""tk"": ""containing"", ""act"": 0.0}]"
23_24150,23,24150,"entity: A major city in Oklahoma, USA is Tulsa",",",8,1.9846272468566892,0.9090909090909092,functional,"[{""token"": "" USA"", ""index"": 9, ""distance"": 1, ""direction"": ""forward""}, {""token"": "" Oklahoma"", ""index"": 7, ""distance"": 1, ""direction"": ""backward""}]",json,"Say ""X""",,1.0,False,,Say (Oklahoma),"[{""tk"": ""is"", ""act"": 22.94991111755371}, {""tk"": ""entity"", ""act"": 0.0}, {""tk"": ""city"", ""act"": 0.0}, {""tk"": ""in"", ""act"": 0.0}, {""tk"": ""Oklahoma"", ""act"": 0.0}, {""tk"": ""USA"", ""act"": 0.0}, {""tk"": ""Tulsa"", ""act"": 0.0}, {""tk"": ""The"", ""act"": 0.0}, {""tk"": ""capital"", ""act"": 0.0}, {""tk"": ""of"", ""act"": 0.0}, {""tk"": ""state"", ""act"": 0.0}, {""tk"": ""United"", ""act"": 0.0}, {""tk"": ""attribute"", ""act"": 0.0}, {""tk"": ""seat"", ""act"": 0.0}, {""tk"": ""government"", ""act"": 0.0}, {""tk"": ""relationship"", ""act"": 0.0}, {""tk"": ""which"", ""act"": 0.0}, {""tk"": ""containing"", ""act"": 0.0}]"
24_79427,24,79427,"entity: A major city in Oklahoma, USA is Tulsa",",",8,56.15092468261719,0.8190297722321391,functional,"[{""token"": "" USA"", ""index"": 9, ""distance"": 1, ""direction"": ""forward""}, {""token"": "" Oklahoma"", ""index"": 7, ""distance"": 1, ""direction"": ""backward""}]",json,Semantic,Concept,0.7,False,,Oklahoma,"[{""tk"": ""Oklahoma"", ""act"": 122.13128662109375}, {""tk"": ""of"", ""act"": 80.25637817382812}, {""tk"": ""which"", ""act"": 70.40821075439453}, {""tk"": ""the"", ""act"": 64.7374038696289}, {""tk"": ""capital"", ""act"": 64.40751647949219}, {""tk"": ""is"", ""act"": 60.35307312011719}, {""tk"": ""containing"", ""act"": 55.67041015625}, {""tk"": ""in"", ""act"": 47.66194152832031}, {""tk"": ""city"", ""act"": 36.942447662353516}, {""tk"": ""state"", ""act"": 30.00804901123047}, {""tk"": ""United"", ""act"": 26.750457763671875}, {""tk"": ""seat"", ""act"": 11.499489784240723}, {""tk"": ""entity"", ""act"": 0.0}, {""tk"": ""USA"", ""act"": 0.0}, {""tk"": ""Tulsa"", ""act"": 0.0}, {""tk"": ""attribute"", ""act"": 0.0}, {""tk"": ""government"", ""act"": 0.0}, {""tk"": ""relationship"", ""act"": 0.0}]"
24_2574,24,2574,"entity: A major city in Oklahoma, USA is Tulsa",entity,1,0.0,0.0,semantic,"[{""token"": ""entity"", ""index"": 1, ""distance"": 0, ""direction"": ""self""}]",n/a,"Say ""X""",,1.0,False,,Say (Oklahoma),"[{""tk"": ""is"", ""act"": 2.328598976135254}, {""tk"": ""entity"", ""act"": 0.0}, {""tk"": ""city"", ""act"": 0.0}, {""tk"": ""in"", ""act"": 0.0}, {""tk"": ""Oklahoma"", ""act"": 0.0}, {""tk"": ""USA"", ""act"": 0.0}, {""tk"": ""Tulsa"", ""act"": 0.0}, {""tk"": ""The"", ""act"": 0.0}, {""tk"": ""capital"", ""act"": 0.0}, {""tk"": ""of"", ""act"": 0.0}, {""tk"": ""state"", ""act"": 0.0}, {""tk"": ""United"", ""act"": 0.0}, {""tk"": ""attribute"", ""act"": 0.0}, {""tk"": ""seat"", ""act"": 0.0}, {""tk"": ""government"", ""act"": 0.0}, {""tk"": ""relationship"", ""act"": 0.0}, {""tk"": ""which"", ""act"": 0.0}, {""tk"": ""containing"", ""act"": 0.0}]"
25_288,25,288,"entity: A major city in Oklahoma, USA is Tulsa",entity,1,0.0,0.0,semantic,"[{""token"": ""entity"", ""index"": 1, ""distance"": 0, ""direction"": ""self""}]",n/a,Semantic,Concept,0.7,False,,United,"[{""tk"": ""United"", ""act"": 421.7867736816406}, {""tk"": ""Oklahoma"", ""act"": 395.3050842285156}, {""tk"": ""attribute"", ""act"": 281.9482727050781}, {""tk"": ""in"", ""act"": 234.10520935058594}, {""tk"": ""seat"", ""act"": 230.17575073242188}, {""tk"": ""capital"", ""act"": 95.55261993408203}, {""tk"": ""the"", ""act"": 93.36248779296875}, {""tk"": ""which"", ""act"": 90.41435241699219}, {""tk"": ""state"", ""act"": 48.24603271484375}, {""tk"": ""is"", ""act"": 42.80223846435547}, {""tk"": ""of"", ""act"": 19.77794647216797}, {""tk"": ""entity"", ""act"": 0.0}, {""tk"": ""city"", ""act"": 0.0}, {""tk"": ""USA"", ""act"": 0.0}, {""tk"": ""Tulsa"", ""act"": 0.0}, {""tk"": ""government"", ""act"": 0.0}, {""tk"": ""relationship"", ""act"": 0.0}, {""tk"": ""containing"", ""act"": 0.0}]"
0_40936,0,40936,entity: The capital city of Oklahoma is Oklahoma City, of,6,76.2033920288086,0.9,functional,"[{""token"": "" city"", ""index"": 5, ""distance"": 1, ""direction"": ""backward""}]",json,Semantic,Dictionary,1.0,False,,of,"[{""tk"": ""of"", ""act"": 80.84564208984375}, {""tk"": ""entity"", ""act"": 0.0}, {""tk"": ""city"", ""act"": 0.0}, {""tk"": ""in"", ""act"": 0.0}, {""tk"": ""Oklahoma"", ""act"": 0.0}, {""tk"": ""USA"", ""act"": 0.0}, {""tk"": ""is"", ""act"": 0.0}, {""tk"": ""Tulsa"", ""act"": 0.0}, {""tk"": ""The"", ""act"": 0.0}, {""tk"": ""capital"", ""act"": 0.0}, {""tk"": ""state"", ""act"": 0.0}, {""tk"": ""United"", ""act"": 0.0}, {""tk"": ""attribute"", ""act"": 0.0}, {""tk"": ""seat"", ""act"": 0.0}, {""tk"": ""government"", ""act"": 0.0}, {""tk"": ""relationship"", ""act"": 0.0}, {""tk"": ""which"", ""act"": 0.0}, {""tk"": ""containing"", ""act"": 0.0}]"
0_95475,0,95475,entity: The capital city of Oklahoma is Oklahoma City, capital,4,60.64950942993164,0.4908118137695647,semantic,"[{""token"": "" capital"", ""index"": 4, ""distance"": 0, ""direction"": ""self""}]",n/a,Semantic,Dictionary (fallback),0.9,False,,government,"[{""tk"": ""government"", ""act"": 73.73577117919922}, {""tk"": ""state"", ""act"": 72.12992095947266}, {""tk"": ""city"", ""act"": 69.083984375}, {""tk"": ""capital"", ""act"": 60.64950942993164}, {""tk"": ""Oklahoma"", ""act"": 59.78224182128906}, {""tk"": ""USA"", ""act"": 57.357418060302734}, {""tk"": ""relationship"", ""act"": 51.8544807434082}, {""tk"": ""attribute"", ""act"": 50.58573913574219}, {""tk"": ""United"", ""act"": 44.38002395629883}, {""tk"": ""seat"", ""act"": 44.13238525390625}, {""tk"": ""Tulsa"", ""act"": 42.2085075378418}, {""tk"": ""entity"", ""act"": 40.56538009643555}, {""tk"": ""containing"", ""act"": 27.732948303222656}, {""tk"": ""in"", ""act"": 0.0}, {""tk"": ""is"", ""act"": 0.0}, {""tk"": ""The"", ""act"": 0.0}, {""tk"": ""of"", ""act"": 0.0}, {""tk"": ""which"", ""act"": 0.0}]"
0_54198,0,54198,entity: The capital city of Oklahoma is Oklahoma City, The,3,58.88051223754883,0.8999999999999999,functional,"[{""token"": "" capital"", ""index"": 4, ""distance"": 1, ""direction"": ""forward""}]",json,Semantic,Dictionary (fallback),0.9,False,,The,"[{""tk"": ""The"", ""act"": 58.88051223754883}, {""tk"": ""entity"", ""act"": 0.0}, {""tk"": ""city"", ""act"": 0.0}, {""tk"": ""in"", ""act"": 0.0}, {""tk"": ""Oklahoma"", ""act"": 0.0}, {""tk"": ""USA"", ""act"": 0.0}, {""tk"": ""is"", ""act"": 0.0}, {""tk"": ""Tulsa"", ""act"": 0.0}, {""tk"": ""capital"", ""act"": 0.0}, {""tk"": ""of"", ""act"": 0.0}, {""tk"": ""state"", ""act"": 0.0}, {""tk"": ""United"", ""act"": 0.0}, {""tk"": ""attribute"", ""act"": 0.0}, {""tk"": ""seat"", ""act"": 0.0}, {""tk"": ""government"", ""act"": 0.0}, {""tk"": ""relationship"", ""act"": 0.0}, {""tk"": ""which"", ""act"": 0.0}, {""tk"": ""containing"", ""act"": 0.0}]"
0_32742,0,32742,entity: The capital city of Oklahoma is Oklahoma City, Oklahoma,7,57.54841995239258,0.8037676853856227,semantic,"[{""token"": "" Oklahoma"", ""index"": 7, ""distance"": 0, ""direction"": ""self""}]",n/a,Semantic,Dictionary (fallback),0.9,False,,Oklahoma,"[{""tk"": ""Oklahoma"", ""act"": 57.54841995239258}, {""tk"": ""Tulsa"", ""act"": 39.27741622924805}, {""tk"": ""entity"", ""act"": 0.0}, {""tk"": ""city"", ""act"": 0.0}, {""tk"": ""in"", ""act"": 0.0}, {""tk"": ""USA"", ""act"": 0.0}, {""tk"": ""is"", ""act"": 0.0}, {""tk"": ""The"", ""act"": 0.0}, {""tk"": ""capital"", ""act"": 0.0}, {""tk"": ""of"", ""act"": 0.0}, {""tk"": ""state"", ""act"": 0.0}, {""tk"": ""United"", ""act"": 0.0}, {""tk"": ""attribute"", ""act"": 0.0}, {""tk"": ""seat"", ""act"": 0.0}, {""tk"": ""government"", ""act"": 0.0}, {""tk"": ""relationship"", ""act"": 0.0}, {""tk"": ""which"", ""act"": 0.0}, {""tk"": ""containing"", ""act"": 0.0}]"
0_39122,0,39122,entity: The capital city of Oklahoma is Oklahoma City,:,2,55.24974060058594,0.8357060240324985,functional,"[{""token"": "" capital"", ""index"": 4, ""distance"": 2, ""direction"": ""forward""}, {""token"": ""entity"", ""index"": 1, ""distance"": 1, ""direction"": ""backward""}]",json,Semantic,Dictionary,1.0,False,,punctuation,"[{""tk"": ""of"", ""act"": 40.620758056640625}, {""tk"": ""in"", ""act"": 38.414180755615234}, {""tk"": ""the"", ""act"": 38.37458801269531}, {""tk"": ""entity"", ""act"": 0.0}, {""tk"": ""city"", ""act"": 0.0}, {""tk"": ""Oklahoma"", ""act"": 0.0}, {""tk"": ""USA"", ""act"": 0.0}, {""tk"": ""is"", ""act"": 0.0}, {""tk"": ""Tulsa"", ""act"": 0.0}, {""tk"": ""capital"", ""act"": 0.0}, {""tk"": ""state"", ""act"": 0.0}, {""tk"": ""United"", ""act"": 0.0}, {""tk"": ""attribute"", ""act"": 0.0}, {""tk"": ""seat"", ""act"": 0.0}, {""tk"": ""government"", ""act"": 0.0}, {""tk"": ""relationship"", ""act"": 0.0}, {""tk"": ""which"", ""act"": 0.0}, {""tk"": ""containing"", ""act"": 0.0}]"
0_55815,0,55815,entity: The capital city of Oklahoma is Oklahoma City, capital,4,53.659629821777344,0.9,semantic,"[{""token"": "" capital"", ""index"": 4, ""distance"": 0, ""direction"": ""self""}]",n/a,Semantic,Dictionary,1.0,False,,capital,"[{""tk"": ""capital"", ""act"": 57.7287712097168}, {""tk"": ""entity"", ""act"": 0.0}, {""tk"": ""city"", ""act"": 0.0}, {""tk"": ""in"", ""act"": 0.0}, {""tk"": ""Oklahoma"", ""act"": 0.0}, {""tk"": ""USA"", ""act"": 0.0}, {""tk"": ""is"", ""act"": 0.0}, {""tk"": ""Tulsa"", ""act"": 0.0}, {""tk"": ""The"", ""act"": 0.0}, {""tk"": ""of"", ""act"": 0.0}, {""tk"": ""state"", ""act"": 0.0}, {""tk"": ""United"", ""act"": 0.0}, {""tk"": ""attribute"", ""act"": 0.0}, {""tk"": ""seat"", ""act"": 0.0}, {""tk"": ""government"", ""act"": 0.0}, {""tk"": ""relationship"", ""act"": 0.0}, {""tk"": ""which"", ""act"": 0.0}, {""tk"": ""containing"", ""act"": 0.0}]"
0_73759,0,73759,entity: The capital city of Oklahoma is Oklahoma City, of,6,53.35567855834961,0.9,functional,"[{""token"": "" city"", ""index"": 5, ""distance"": 1, ""direction"": ""backward""}]",json,Semantic,Dictionary,1.0,False,,of,"[{""tk"": ""of"", ""act"": 53.35567855834961}, {""tk"": ""entity"", ""act"": 0.0}, {""tk"": ""city"", ""act"": 0.0}, {""tk"": ""in"", ""act"": 0.0}, {""tk"": ""Oklahoma"", ""act"": 0.0}, {""tk"": ""USA"", ""act"": 0.0}, {""tk"": ""is"", ""act"": 0.0}, {""tk"": ""Tulsa"", ""act"": 0.0}, {""tk"": ""The"", ""act"": 0.0}, {""tk"": ""capital"", ""act"": 0.0}, {""tk"": ""state"", ""act"": 0.0}, {""tk"": ""United"", ""act"": 0.0}, {""tk"": ""attribute"", ""act"": 0.0}, {""tk"": ""seat"", ""act"": 0.0}, {""tk"": ""government"", ""act"": 0.0}, {""tk"": ""relationship"", ""act"": 0.0}, {""tk"": ""which"", ""act"": 0.0}, {""tk"": ""containing"", ""act"": 0.0}]"
0_18753,0,18753,entity: The capital city of Oklahoma is Oklahoma City,:,2,51.9667854309082,0.7467835605666714,functional,"[{""token"": "" capital"", ""index"": 4, ""distance"": 2, ""direction"": ""forward""}, {""token"": ""entity"", ""index"": 1, ""distance"": 1, ""direction"": ""backward""}]",json,Semantic,Dictionary,1.0,False,,punctuation,"[{""tk"": ""the"", ""act"": 45.698326110839844}, {""tk"": ""is"", ""act"": 44.101776123046875}, {""tk"": ""of"", ""act"": 41.465484619140625}, {""tk"": ""in"", ""act"": 39.97174072265625}, {""tk"": ""entity"", ""act"": 0.0}, {""tk"": ""city"", ""act"": 0.0}, {""tk"": ""Oklahoma"", ""act"": 0.0}, {""tk"": ""USA"", ""act"": 0.0}, {""tk"": ""Tulsa"", ""act"": 0.0}, {""tk"": ""capital"", ""act"": 0.0}, {""tk"": ""state"", ""act"": 0.0}, {""tk"": ""United"", ""act"": 0.0}, {""tk"": ""attribute"", ""act"": 0.0}, {""tk"": ""seat"", ""act"": 0.0}, {""tk"": ""government"", ""act"": 0.0}, {""tk"": ""relationship"", ""act"": 0.0}, {""tk"": ""which"", ""act"": 0.0}, {""tk"": ""containing"", ""act"": 0.0}]"
0_35945,0,35945,entity: The capital city of Oklahoma is Oklahoma City, The,3,47.74628829956055,0.8999999999999999,functional,"[{""token"": "" capital"", ""index"": 4, ""distance"": 1, ""direction"": ""forward""}]",json,Semantic,Dictionary (fallback),0.9,False,,The,"[{""tk"": ""The"", ""act"": 47.74628829956055}, {""tk"": ""entity"", ""act"": 0.0}, {""tk"": ""city"", ""act"": 0.0}, {""tk"": ""in"", ""act"": 0.0}, {""tk"": ""Oklahoma"", ""act"": 0.0}, {""tk"": ""USA"", ""act"": 0.0}, {""tk"": ""is"", ""act"": 0.0}, {""tk"": ""Tulsa"", ""act"": 0.0}, {""tk"": ""capital"", ""act"": 0.0}, {""tk"": ""of"", ""act"": 0.0}, {""tk"": ""state"", ""act"": 0.0}, {""tk"": ""United"", ""act"": 0.0}, {""tk"": ""attribute"", ""act"": 0.0}, {""tk"": ""seat"", ""act"": 0.0}, {""tk"": ""government"", ""act"": 0.0}, {""tk"": ""relationship"", ""act"": 0.0}, {""tk"": ""which"", ""act"": 0.0}, {""tk"": ""containing"", ""act"": 0.0}]"
0_40780,0,40780,entity: The capital city of Oklahoma is Oklahoma City, is,8,47.62105178833008,0.7321113058937534,functional,"[{""token"": "" Oklahoma"", ""index"": 9, ""distance"": 1, ""direction"": ""forward""}]",json,Semantic,Dictionary (fallback),0.9,False,,which,"[{""tk"": ""which"", ""act"": 59.63111114501953}, {""tk"": ""the"", ""act"": 57.446224212646484}, {""tk"": ""is"", ""act"": 50.90119552612305}, {""tk"": ""in"", ""act"": 48.9953727722168}, {""tk"": ""of"", ""act"": 37.325950622558594}, {""tk"": ""entity"", ""act"": 2.3564822673797607}, {""tk"": ""city"", ""act"": 0.0}, {""tk"": ""Oklahoma"", ""act"": 0.0}, {""tk"": ""USA"", ""act"": 0.0}, {""tk"": ""Tulsa"", ""act"": 0.0}, {""tk"": ""capital"", ""act"": 0.0}, {""tk"": ""state"", ""act"": 0.0}, {""tk"": ""United"", ""act"": 0.0}, {""tk"": ""attribute"", ""act"": 0.0}, {""tk"": ""seat"", ""act"": 0.0}, {""tk"": ""government"", ""act"": 0.0}, {""tk"": ""relationship"", ""act"": 0.0}, {""tk"": ""containing"", ""act"": 0.0}]"
0_230,0,230,entity: The capital city of Oklahoma is Oklahoma City, is,8,47.127689361572266,0.9,functional,"[{""token"": "" Oklahoma"", ""index"": 9, ""distance"": 1, ""direction"": ""forward""}]",json,Semantic,Dictionary,0.8333333333333334,False,,is,"[{""tk"": ""is"", ""act"": 47.854530334472656}, {""tk"": ""entity"", ""act"": 0.0}, {""tk"": ""city"", ""act"": 0.0}, {""tk"": ""in"", ""act"": 0.0}, {""tk"": ""Oklahoma"", ""act"": 0.0}, {""tk"": ""USA"", ""act"": 0.0}, {""tk"": ""Tulsa"", ""act"": 0.0}, {""tk"": ""The"", ""act"": 0.0}, {""tk"": ""capital"", ""act"": 0.0}, {""tk"": ""of"", ""act"": 0.0}, {""tk"": ""state"", ""act"": 0.0}, {""tk"": ""United"", ""act"": 0.0}, {""tk"": ""attribute"", ""act"": 0.0}, {""tk"": ""seat"", ""act"": 0.0}, {""tk"": ""government"", ""act"": 0.0}, {""tk"": ""relationship"", ""act"": 0.0}, {""tk"": ""which"", ""act"": 0.0}, {""tk"": ""containing"", ""act"": 0.0}]"
0_95057,0,95057,entity: The capital city of Oklahoma is Oklahoma City,:,2,44.88917541503906,0.7532237545876636,functional,"[{""token"": "" capital"", ""index"": 4, ""distance"": 2, ""direction"": ""forward""}, {""token"": ""entity"", ""index"": 1, ""distance"": 1, ""direction"": ""backward""}]",json,Semantic,Dictionary (fallback),0.9,False,,punctuation,"[{""tk"": ""is"", ""act"": 35.278743743896484}, {""tk"": ""The"", ""act"": 34.39540481567383}, {""tk"": ""in"", ""act"": 20.475749969482422}, {""tk"": ""entity"", ""act"": 0.0}, {""tk"": ""city"", ""act"": 0.0}, {""tk"": ""Oklahoma"", ""act"": 0.0}, {""tk"": ""USA"", ""act"": 0.0}, {""tk"": ""Tulsa"", ""act"": 0.0}, {""tk"": ""capital"", ""act"": 0.0}, {""tk"": ""of"", ""act"": 0.0}, {""tk"": ""state"", ""act"": 0.0}, {""tk"": ""United"", ""act"": 0.0}, {""tk"": ""attribute"", ""act"": 0.0}, {""tk"": ""seat"", ""act"": 0.0}, {""tk"": ""government"", ""act"": 0.0}, {""tk"": ""relationship"", ""act"": 0.0}, {""tk"": ""which"", ""act"": 0.0}, {""tk"": ""containing"", ""act"": 0.0}]"
0_49560,0,49560,entity: The capital city of Oklahoma is Oklahoma City, is,8,44.691524505615234,0.9,functional,"[{""token"": "" Oklahoma"", ""index"": 9, ""distance"": 1, ""direction"": ""forward""}]",json,Semantic,Dictionary,0.8333333333333334,False,,is,"[{""tk"": ""is"", ""act"": 54.54280471801758}, {""tk"": ""entity"", ""act"": 0.0}, {""tk"": ""city"", ""act"": 0.0}, {""tk"": ""in"", ""act"": 0.0}, {""tk"": ""Oklahoma"", ""act"": 0.0}, {""tk"": ""USA"", ""act"": 0.0}, {""tk"": ""Tulsa"", ""act"": 0.0}, {""tk"": ""The"", ""act"": 0.0}, {""tk"": ""capital"", ""act"": 0.0}, {""tk"": ""of"", ""act"": 0.0}, {""tk"": ""state"", ""act"": 0.0}, {""tk"": ""United"", ""act"": 0.0}, {""tk"": ""attribute"", ""act"": 0.0}, {""tk"": ""seat"", ""act"": 0.0}, {""tk"": ""government"", ""act"": 0.0}, {""tk"": ""relationship"", ""act"": 0.0}, {""tk"": ""which"", ""act"": 0.0}, {""tk"": ""containing"", ""act"": 0.0}]"
0_91045,0,91045,entity: The capital city of Oklahoma is Oklahoma City, is,8,43.42754364013672,0.9,functional,"[{""token"": "" Oklahoma"", ""index"": 9, ""distance"": 1, ""direction"": ""forward""}]",json,Semantic,Dictionary,0.8333333333333334,False,,is,"[{""tk"": ""is"", ""act"": 62.202613830566406}, {""tk"": ""entity"", ""act"": 0.0}, {""tk"": ""city"", ""act"": 0.0}, {""tk"": ""in"", ""act"": 0.0}, {""tk"": ""Oklahoma"", ""act"": 0.0}, {""tk"": ""USA"", ""act"": 0.0}, {""tk"": ""Tulsa"", ""act"": 0.0}, {""tk"": ""The"", ""act"": 0.0}, {""tk"": ""capital"", ""act"": 0.0}, {""tk"": ""of"", ""act"": 0.0}, {""tk"": ""state"", ""act"": 0.0}, {""tk"": ""United"", ""act"": 0.0}, {""tk"": ""attribute"", ""act"": 0.0}, {""tk"": ""seat"", ""act"": 0.0}, {""tk"": ""government"", ""act"": 0.0}, {""tk"": ""relationship"", ""act"": 0.0}, {""tk"": ""which"", ""act"": 0.0}, {""tk"": ""containing"", ""act"": 0.0}]"
0_5200,0,5200,entity: The capital city of Oklahoma is Oklahoma City, is,8,42.41508102416992,0.8999999999999999,functional,"[{""token"": "" Oklahoma"", ""index"": 9, ""distance"": 1, ""direction"": ""forward""}]",json,Semantic,Dictionary,0.8333333333333334,False,,is,"[{""tk"": ""is"", ""act"": 47.42398452758789}, {""tk"": ""entity"", ""act"": 0.0}, {""tk"": ""city"", ""act"": 0.0}, {""tk"": ""in"", ""act"": 0.0}, {""tk"": ""Oklahoma"", ""act"": 0.0}, {""tk"": ""USA"", ""act"": 0.0}, {""tk"": ""Tulsa"", ""act"": 0.0}, {""tk"": ""The"", ""act"": 0.0}, {""tk"": ""capital"", ""act"": 0.0}, {""tk"": ""of"", ""act"": 0.0}, {""tk"": ""state"", ""act"": 0.0}, {""tk"": ""United"", ""act"": 0.0}, {""tk"": ""attribute"", ""act"": 0.0}, {""tk"": ""seat"", ""act"": 0.0}, {""tk"": ""government"", ""act"": 0.0}, {""tk"": ""relationship"", ""act"": 0.0}, {""tk"": ""which"", ""act"": 0.0}, {""tk"": ""containing"", ""act"": 0.0}]"
0_51434,0,51434,entity: The capital city of Oklahoma is Oklahoma City, The,3,36.72917175292969,0.9,functional,"[{""token"": "" capital"", ""index"": 4, ""distance"": 1, ""direction"": ""forward""}]",json,Semantic,Dictionary (fallback),0.9,False,,The,"[{""tk"": ""the"", ""act"": 79.98755645751953}, {""tk"": ""entity"", ""act"": 0.0}, {""tk"": ""city"", ""act"": 0.0}, {""tk"": ""in"", ""act"": 0.0}, {""tk"": ""Oklahoma"", ""act"": 0.0}, {""tk"": ""USA"", ""act"": 0.0}, {""tk"": ""is"", ""act"": 0.0}, {""tk"": ""Tulsa"", ""act"": 0.0}, {""tk"": ""capital"", ""act"": 0.0}, {""tk"": ""of"", ""act"": 0.0}, {""tk"": ""state"", ""act"": 0.0}, {""tk"": ""United"", ""act"": 0.0}, {""tk"": ""attribute"", ""act"": 0.0}, {""tk"": ""seat"", ""act"": 0.0}, {""tk"": ""government"", ""act"": 0.0}, {""tk"": ""relationship"", ""act"": 0.0}, {""tk"": ""which"", ""act"": 0.0}, {""tk"": ""containing"", ""act"": 0.0}]"
0_2161,0,2161,entity: The capital city of Oklahoma is Oklahoma City,:,2,35.73111724853516,0.8007842464868623,functional,"[{""token"": "" capital"", ""index"": 4, ""distance"": 2, ""direction"": ""forward""}, {""token"": ""entity"", ""index"": 1, ""distance"": 1, ""direction"": ""backward""}]",json,Semantic,Dictionary,1.0,False,,punctuation,"[{""tk"": ""of"", ""act"": 35.450897216796875}, {""tk"": ""in"", ""act"": 23.877574920654297}, {""tk"": ""entity"", ""act"": 0.0}, {""tk"": ""city"", ""act"": 0.0}, {""tk"": ""Oklahoma"", ""act"": 0.0}, {""tk"": ""USA"", ""act"": 0.0}, {""tk"": ""is"", ""act"": 0.0}, {""tk"": ""Tulsa"", ""act"": 0.0}, {""tk"": ""The"", ""act"": 0.0}, {""tk"": ""capital"", ""act"": 0.0}, {""tk"": ""state"", ""act"": 0.0}, {""tk"": ""United"", ""act"": 0.0}, {""tk"": ""attribute"", ""act"": 0.0}, {""tk"": ""seat"", ""act"": 0.0}, {""tk"": ""government"", ""act"": 0.0}, {""tk"": ""relationship"", ""act"": 0.0}, {""tk"": ""which"", ""act"": 0.0}, {""tk"": ""containing"", ""act"": 0.0}]"
0_54572,0,54572,entity: The capital city of Oklahoma is Oklahoma City, The,3,30.514068603515625,0.9,functional,"[{""token"": "" capital"", ""index"": 4, ""distance"": 1, ""direction"": ""forward""}]",json,Semantic,Dictionary (fallback),0.9,False,,The,"[{""tk"": ""The"", ""act"": 30.514068603515625}, {""tk"": ""entity"", ""act"": 0.0}, {""tk"": ""city"", ""act"": 0.0}, {""tk"": ""in"", ""act"": 0.0}, {""tk"": ""Oklahoma"", ""act"": 0.0}, {""tk"": ""USA"", ""act"": 0.0}, {""tk"": ""is"", ""act"": 0.0}, {""tk"": ""Tulsa"", ""act"": 0.0}, {""tk"": ""capital"", ""act"": 0.0}, {""tk"": ""of"", ""act"": 0.0}, {""tk"": ""state"", ""act"": 0.0}, {""tk"": ""United"", ""act"": 0.0}, {""tk"": ""attribute"", ""act"": 0.0}, {""tk"": ""seat"", ""act"": 0.0}, {""tk"": ""government"", ""act"": 0.0}, {""tk"": ""relationship"", ""act"": 0.0}, {""tk"": ""which"", ""act"": 0.0}, {""tk"": ""containing"", ""act"": 0.0}]"
0_98149,0,98149,entity: The capital city of Oklahoma is Oklahoma City,entity,1,25.97108268737793,0.8237838699085297,semantic,"[{""token"": ""entity"", ""index"": 1, ""distance"": 0, ""direction"": ""self""}]",n/a,Semantic,Dictionary (fallback),0.9,False,,state,"[{""tk"": ""state"", ""act"": 31.780366897583008}, {""tk"": ""attribute"", ""act"": 26.52439308166504}, {""tk"": ""entity"", ""act"": 25.97108268737793}, {""tk"": ""relationship"", ""act"": 23.118804931640625}, {""tk"": ""city"", ""act"": 17.828733444213867}, {""tk"": ""capital"", ""act"": 16.205841064453125}, {""tk"": ""United"", ""act"": 7.620537757873535}, {""tk"": ""government"", ""act"": 4.9040398597717285}, {""tk"": ""seat"", ""act"": 0.8987782001495361}, {""tk"": ""in"", ""act"": 0.0}, {""tk"": ""Oklahoma"", ""act"": 0.0}, {""tk"": ""USA"", ""act"": 0.0}, {""tk"": ""is"", ""act"": 0.0}, {""tk"": ""Tulsa"", ""act"": 0.0}, {""tk"": ""The"", ""act"": 0.0}, {""tk"": ""of"", ""act"": 0.0}, {""tk"": ""which"", ""act"": 0.0}, {""tk"": ""containing"", ""act"": 0.0}]"
0_61562,0,61562,entity: The capital city of Oklahoma is Oklahoma City, of,6,21.94182014465332,0.8999999999999999,functional,"[{""token"": "" city"", ""index"": 5, ""distance"": 1, ""direction"": ""backward""}]",json,Semantic,Dictionary,1.0,False,,of,"[{""tk"": ""of"", ""act"": 21.94182014465332}, {""tk"": ""entity"", ""act"": 0.0}, {""tk"": ""city"", ""act"": 0.0}, {""tk"": ""in"", ""act"": 0.0}, {""tk"": ""Oklahoma"", ""act"": 0.0}, {""tk"": ""USA"", ""act"": 0.0}, {""tk"": ""is"", ""act"": 0.0}, {""tk"": ""Tulsa"", ""act"": 0.0}, {""tk"": ""The"", ""act"": 0.0}, {""tk"": ""capital"", ""act"": 0.0}, {""tk"": ""state"", ""act"": 0.0}, {""tk"": ""United"", ""act"": 0.0}, {""tk"": ""attribute"", ""act"": 0.0}, {""tk"": ""seat"", ""act"": 0.0}, {""tk"": ""government"", ""act"": 0.0}, {""tk"": ""relationship"", ""act"": 0.0}, {""tk"": ""which"", ""act"": 0.0}, {""tk"": ""containing"", ""act"": 0.0}]"
0_44634,0,44634,entity: The capital city of Oklahoma is Oklahoma City,entity,1,14.3582763671875,0.9,semantic,"[{""token"": ""entity"", ""index"": 1, ""distance"": 0, ""direction"": ""self""}]",n/a,Semantic,Dictionary (fallback),0.9,False,,relationship,"[{""tk"": ""relationship"", ""act"": 23.549901962280273}, {""tk"": ""attribute"", ""act"": 19.139753341674805}, {""tk"": ""entity"", ""act"": 14.3582763671875}, {""tk"": ""city"", ""act"": 0.0}, {""tk"": ""in"", ""act"": 0.0}, {""tk"": ""Oklahoma"", ""act"": 0.0}, {""tk"": ""USA"", ""act"": 0.0}, {""tk"": ""is"", ""act"": 0.0}, {""tk"": ""Tulsa"", ""act"": 0.0}, {""tk"": ""The"", ""act"": 0.0}, {""tk"": ""capital"", ""act"": 0.0}, {""tk"": ""of"", ""act"": 0.0}, {""tk"": ""state"", ""act"": 0.0}, {""tk"": ""United"", ""act"": 0.0}, {""tk"": ""seat"", ""act"": 0.0}, {""tk"": ""government"", ""act"": 0.0}, {""tk"": ""which"", ""act"": 0.0}, {""tk"": ""containing"", ""act"": 0.0}]"
0_19204,0,19204,entity: The capital city of Oklahoma is Oklahoma City,entity,1,0.0,0.0,semantic,"[{""token"": ""entity"", ""index"": 1, ""distance"": 0, ""direction"": ""self""}]",n/a,Relationship,,1.0,False,,(entity) related,"[{""tk"": ""entity"", ""act"": 0.0}, {""tk"": ""city"", ""act"": 0.0}, {""tk"": ""in"", ""act"": 0.0}, {""tk"": ""Oklahoma"", ""act"": 0.0}, {""tk"": ""USA"", ""act"": 0.0}, {""tk"": ""is"", ""act"": 0.0}, {""tk"": ""Tulsa"", ""act"": 0.0}, {""tk"": ""The"", ""act"": 0.0}, {""tk"": ""capital"", ""act"": 0.0}, {""tk"": ""of"", ""act"": 0.0}, {""tk"": ""state"", ""act"": 0.0}, {""tk"": ""United"", ""act"": 0.0}, {""tk"": ""attribute"", ""act"": 0.0}, {""tk"": ""seat"", ""act"": 0.0}, {""tk"": ""government"", ""act"": 0.0}, {""tk"": ""relationship"", ""act"": 0.0}, {""tk"": ""which"", ""act"": 0.0}, {""tk"": ""containing"", ""act"": 0.0}]"
0_5916,0,5916,entity: The capital city of Oklahoma is Oklahoma City, capital,4,18.749942779541016,0.9,semantic,"[{""token"": "" capital"", ""index"": 4, ""distance"": 0, ""direction"": ""self""}]",n/a,Semantic,Dictionary (fallback),0.9,False,,capital,"[{""tk"": ""capital"", ""act"": 18.749942779541016}, {""tk"": ""entity"", ""act"": 0.0}, {""tk"": ""city"", ""act"": 0.0}, {""tk"": ""in"", ""act"": 0.0}, {""tk"": ""Oklahoma"", ""act"": 0.0}, {""tk"": ""USA"", ""act"": 0.0}, {""tk"": ""is"", ""act"": 0.0}, {""tk"": ""Tulsa"", ""act"": 0.0}, {""tk"": ""The"", ""act"": 0.0}, {""tk"": ""of"", ""act"": 0.0}, {""tk"": ""state"", ""act"": 0.0}, {""tk"": ""United"", ""act"": 0.0}, {""tk"": ""attribute"", ""act"": 0.0}, {""tk"": ""seat"", ""act"": 0.0}, {""tk"": ""government"", ""act"": 0.0}, {""tk"": ""relationship"", ""act"": 0.0}, {""tk"": ""which"", ""act"": 0.0}, {""tk"": ""containing"", ""act"": 0.0}]"
0_39374,0,39374,entity: The capital city of Oklahoma is Oklahoma City, is,8,17.93488311767578,0.8999999999999999,functional,"[{""token"": "" Oklahoma"", ""index"": 9, ""distance"": 1, ""direction"": ""forward""}]",json,Semantic,Dictionary,0.8333333333333334,False,,is,"[{""tk"": ""is"", ""act"": 19.61667823791504}, {""tk"": ""entity"", ""act"": 0.0}, {""tk"": ""city"", ""act"": 0.0}, {""tk"": ""in"", ""act"": 0.0}, {""tk"": ""Oklahoma"", ""act"": 0.0}, {""tk"": ""USA"", ""act"": 0.0}, {""tk"": ""Tulsa"", ""act"": 0.0}, {""tk"": ""The"", ""act"": 0.0}, {""tk"": ""capital"", ""act"": 0.0}, {""tk"": ""of"", ""act"": 0.0}, {""tk"": ""state"", ""act"": 0.0}, {""tk"": ""United"", ""act"": 0.0}, {""tk"": ""attribute"", ""act"": 0.0}, {""tk"": ""seat"", ""act"": 0.0}, {""tk"": ""government"", ""act"": 0.0}, {""tk"": ""relationship"", ""act"": 0.0}, {""tk"": ""which"", ""act"": 0.0}, {""tk"": ""containing"", ""act"": 0.0}]"
0_76137,0,76137,entity: The capital city of Oklahoma is Oklahoma City, Oklahoma,7,16.3568172454834,0.8554421875202244,semantic,"[{""token"": "" Oklahoma"", ""index"": 7, ""distance"": 0, ""direction"": ""self""}]",n/a,Semantic,Dictionary (fallback),0.9,False,,Oklahoma,"[{""tk"": ""Oklahoma"", ""act"": 16.745393753051758}, {""tk"": ""USA"", ""act"": 5.198422908782959}, {""tk"": ""Tulsa"", ""act"": 2.9896798133850098}, {""tk"": ""entity"", ""act"": 0.0}, {""tk"": ""city"", ""act"": 0.0}, {""tk"": ""in"", ""act"": 0.0}, {""tk"": ""is"", ""act"": 0.0}, {""tk"": ""The"", ""act"": 0.0}, {""tk"": ""capital"", ""act"": 0.0}, {""tk"": ""of"", ""act"": 0.0}, {""tk"": ""state"", ""act"": 0.0}, {""tk"": ""United"", ""act"": 0.0}, {""tk"": ""attribute"", ""act"": 0.0}, {""tk"": ""seat"", ""act"": 0.0}, {""tk"": ""government"", ""act"": 0.0}, {""tk"": ""relationship"", ""act"": 0.0}, {""tk"": ""which"", ""act"": 0.0}, {""tk"": ""containing"", ""act"": 0.0}]"
0_53491,0,53491,entity: The capital city of Oklahoma is Oklahoma City, capital,4,14.992042541503906,0.9,semantic,"[{""token"": "" capital"", ""index"": 4, ""distance"": 0, ""direction"": ""self""}]",n/a,Semantic,Dictionary,1.0,False,,capital,"[{""tk"": ""capital"", ""act"": 16.344919204711914}, {""tk"": ""entity"", ""act"": 0.0}, {""tk"": ""city"", ""act"": 0.0}, {""tk"": ""in"", ""act"": 0.0}, {""tk"": ""Oklahoma"", ""act"": 0.0}, {""tk"": ""USA"", ""act"": 0.0}, {""tk"": ""is"", ""act"": 0.0}, {""tk"": ""Tulsa"", ""act"": 0.0}, {""tk"": ""The"", ""act"": 0.0}, {""tk"": ""of"", ""act"": 0.0}, {""tk"": ""state"", ""act"": 0.0}, {""tk"": ""United"", ""act"": 0.0}, {""tk"": ""attribute"", ""act"": 0.0}, {""tk"": ""seat"", ""act"": 0.0}, {""tk"": ""government"", ""act"": 0.0}, {""tk"": ""relationship"", ""act"": 0.0}, {""tk"": ""which"", ""act"": 0.0}, {""tk"": ""containing"", ""act"": 0.0}]"
0_50774,0,50774,entity: The capital city of Oklahoma is Oklahoma City, capital,4,14.198838233947754,0.9,semantic,"[{""token"": "" capital"", ""index"": 4, ""distance"": 0, ""direction"": ""self""}]",n/a,Semantic,Dictionary,1.0,False,,capital,"[{""tk"": ""capital"", ""act"": 14.198838233947754}, {""tk"": ""entity"", ""act"": 0.0}, {""tk"": ""city"", ""act"": 0.0}, {""tk"": ""in"", ""act"": 0.0}, {""tk"": ""Oklahoma"", ""act"": 0.0}, {""tk"": ""USA"", ""act"": 0.0}, {""tk"": ""is"", ""act"": 0.0}, {""tk"": ""Tulsa"", ""act"": 0.0}, {""tk"": ""The"", ""act"": 0.0}, {""tk"": ""of"", ""act"": 0.0}, {""tk"": ""state"", ""act"": 0.0}, {""tk"": ""United"", ""act"": 0.0}, {""tk"": ""attribute"", ""act"": 0.0}, {""tk"": ""seat"", ""act"": 0.0}, {""tk"": ""government"", ""act"": 0.0}, {""tk"": ""relationship"", ""act"": 0.0}, {""tk"": ""which"", ""act"": 0.0}, {""tk"": ""containing"", ""act"": 0.0}]"
0_23293,0,23293,entity: The capital city of Oklahoma is Oklahoma City, capital,4,12.35552215576172,0.9,semantic,"[{""token"": "" capital"", ""index"": 4, ""distance"": 0, ""direction"": ""self""}]",n/a,Semantic,Dictionary,1.0,False,,capital,"[{""tk"": ""capital"", ""act"": 12.355522155761719}, {""tk"": ""entity"", ""act"": 0.0}, {""tk"": ""city"", ""act"": 0.0}, {""tk"": ""in"", ""act"": 0.0}, {""tk"": ""Oklahoma"", ""act"": 0.0}, {""tk"": ""USA"", ""act"": 0.0}, {""tk"": ""is"", ""act"": 0.0}, {""tk"": ""Tulsa"", ""act"": 0.0}, {""tk"": ""The"", ""act"": 0.0}, {""tk"": ""of"", ""act"": 0.0}, {""tk"": ""state"", ""act"": 0.0}, {""tk"": ""United"", ""act"": 0.0}, {""tk"": ""attribute"", ""act"": 0.0}, {""tk"": ""seat"", ""act"": 0.0}, {""tk"": ""government"", ""act"": 0.0}, {""tk"": ""relationship"", ""act"": 0.0}, {""tk"": ""which"", ""act"": 0.0}, {""tk"": ""containing"", ""act"": 0.0}]"
0_37416,0,37416,entity: The capital city of Oklahoma is Oklahoma City, capital,4,12.284197807312012,0.9,semantic,"[{""token"": "" capital"", ""index"": 4, ""distance"": 0, ""direction"": ""self""}]",n/a,Semantic,Dictionary,1.0,False,,capital,"[{""tk"": ""capital"", ""act"": 12.284197807312012}, {""tk"": ""entity"", ""act"": 0.0}, {""tk"": ""city"", ""act"": 0.0}, {""tk"": ""in"", ""act"": 0.0}, {""tk"": ""Oklahoma"", ""act"": 0.0}, {""tk"": ""USA"", ""act"": 0.0}, {""tk"": ""is"", ""act"": 0.0}, {""tk"": ""Tulsa"", ""act"": 0.0}, {""tk"": ""The"", ""act"": 0.0}, {""tk"": ""of"", ""act"": 0.0}, {""tk"": ""state"", ""act"": 0.0}, {""tk"": ""United"", ""act"": 0.0}, {""tk"": ""attribute"", ""act"": 0.0}, {""tk"": ""seat"", ""act"": 0.0}, {""tk"": ""government"", ""act"": 0.0}, {""tk"": ""relationship"", ""act"": 0.0}, {""tk"": ""which"", ""act"": 0.0}, {""tk"": ""containing"", ""act"": 0.0}]"
0_79529,0,79529,entity: The capital city of Oklahoma is Oklahoma City, is,8,12.179191589355469,0.8999999999999999,functional,"[{""token"": "" Oklahoma"", ""index"": 9, ""distance"": 1, ""direction"": ""forward""}]",json,Semantic,Dictionary,0.8333333333333334,False,,is,"[{""tk"": ""is"", ""act"": 15.42864990234375}, {""tk"": ""entity"", ""act"": 0.0}, {""tk"": ""city"", ""act"": 0.0}, {""tk"": ""in"", ""act"": 0.0}, {""tk"": ""Oklahoma"", ""act"": 0.0}, {""tk"": ""USA"", ""act"": 0.0}, {""tk"": ""Tulsa"", ""act"": 0.0}, {""tk"": ""The"", ""act"": 0.0}, {""tk"": ""capital"", ""act"": 0.0}, {""tk"": ""of"", ""act"": 0.0}, {""tk"": ""state"", ""act"": 0.0}, {""tk"": ""United"", ""act"": 0.0}, {""tk"": ""attribute"", ""act"": 0.0}, {""tk"": ""seat"", ""act"": 0.0}, {""tk"": ""government"", ""act"": 0.0}, {""tk"": ""relationship"", ""act"": 0.0}, {""tk"": ""which"", ""act"": 0.0}, {""tk"": ""containing"", ""act"": 0.0}]"
0_81830,0,81830,entity: The capital city of Oklahoma is Oklahoma City, is,8,4.365978240966797,0.9,functional,"[{""token"": "" Oklahoma"", ""index"": 9, ""distance"": 1, ""direction"": ""forward""}]",json,Semantic,Dictionary (fallback),0.9,False,,is,"[{""tk"": ""is"", ""act"": 5.611411094665527}, {""tk"": ""entity"", ""act"": 0.0}, {""tk"": ""city"", ""act"": 0.0}, {""tk"": ""in"", ""act"": 0.0}, {""tk"": ""Oklahoma"", ""act"": 0.0}, {""tk"": ""USA"", ""act"": 0.0}, {""tk"": ""Tulsa"", ""act"": 0.0}, {""tk"": ""The"", ""act"": 0.0}, {""tk"": ""capital"", ""act"": 0.0}, {""tk"": ""of"", ""act"": 0.0}, {""tk"": ""state"", ""act"": 0.0}, {""tk"": ""United"", ""act"": 0.0}, {""tk"": ""attribute"", ""act"": 0.0}, {""tk"": ""seat"", ""act"": 0.0}, {""tk"": ""government"", ""act"": 0.0}, {""tk"": ""relationship"", ""act"": 0.0}, {""tk"": ""which"", ""act"": 0.0}, {""tk"": ""containing"", ""act"": 0.0}]"
0_92029,0,92029,entity: The capital city of Oklahoma is Oklahoma City,entity,1,0.0,0.0,semantic,"[{""token"": ""entity"", ""index"": 1, ""distance"": 0, ""direction"": ""self""}]",n/a,Semantic,Dictionary (fallback),0.9,False,,the,"[{""tk"": ""the"", ""act"": 28.859010696411133}, {""tk"": ""entity"", ""act"": 0.0}, {""tk"": ""city"", ""act"": 0.0}, {""tk"": ""in"", ""act"": 0.0}, {""tk"": ""Oklahoma"", ""act"": 0.0}, {""tk"": ""USA"", ""act"": 0.0}, {""tk"": ""is"", ""act"": 0.0}, {""tk"": ""Tulsa"", ""act"": 0.0}, {""tk"": ""capital"", ""act"": 0.0}, {""tk"": ""of"", ""act"": 0.0}, {""tk"": ""state"", ""act"": 0.0}, {""tk"": ""United"", ""act"": 0.0}, {""tk"": ""attribute"", ""act"": 0.0}, {""tk"": ""seat"", ""act"": 0.0}, {""tk"": ""government"", ""act"": 0.0}, {""tk"": ""relationship"", ""act"": 0.0}, {""tk"": ""which"", ""act"": 0.0}, {""tk"": ""containing"", ""act"": 0.0}]"
0_46235,0,46235,entity: The capital city of Oklahoma is Oklahoma City, capital,4,9.485153198242188,0.8999999999999999,semantic,"[{""token"": "" capital"", ""index"": 4, ""distance"": 0, ""direction"": ""self""}]",n/a,Semantic,Dictionary (fallback),0.9,False,,state,"[{""tk"": ""state"", ""act"": 10.627107620239258}, {""tk"": ""capital"", ""act"": 9.485153198242188}, {""tk"": ""entity"", ""act"": 0.0}, {""tk"": ""city"", ""act"": 0.0}, {""tk"": ""in"", ""act"": 0.0}, {""tk"": ""Oklahoma"", ""act"": 0.0}, {""tk"": ""USA"", ""act"": 0.0}, {""tk"": ""is"", ""act"": 0.0}, {""tk"": ""Tulsa"", ""act"": 0.0}, {""tk"": ""The"", ""act"": 0.0}, {""tk"": ""of"", ""act"": 0.0}, {""tk"": ""United"", ""act"": 0.0}, {""tk"": ""attribute"", ""act"": 0.0}, {""tk"": ""seat"", ""act"": 0.0}, {""tk"": ""government"", ""act"": 0.0}, {""tk"": ""relationship"", ""act"": 0.0}, {""tk"": ""which"", ""act"": 0.0}, {""tk"": ""containing"", ""act"": 0.0}]"
0_6264,0,6264,entity: The capital city of Oklahoma is Oklahoma City, capital,4,9.430625915527344,0.8999999999999999,semantic,"[{""token"": "" capital"", ""index"": 4, ""distance"": 0, ""direction"": ""self""}]",n/a,Semantic,Dictionary,1.0,False,,capital,"[{""tk"": ""capital"", ""act"": 9.430625915527344}, {""tk"": ""entity"", ""act"": 0.0}, {""tk"": ""city"", ""act"": 0.0}, {""tk"": ""in"", ""act"": 0.0}, {""tk"": ""Oklahoma"", ""act"": 0.0}, {""tk"": ""USA"", ""act"": 0.0}, {""tk"": ""is"", ""act"": 0.0}, {""tk"": ""Tulsa"", ""act"": 0.0}, {""tk"": ""The"", ""act"": 0.0}, {""tk"": ""of"", ""act"": 0.0}, {""tk"": ""state"", ""act"": 0.0}, {""tk"": ""United"", ""act"": 0.0}, {""tk"": ""attribute"", ""act"": 0.0}, {""tk"": ""seat"", ""act"": 0.0}, {""tk"": ""government"", ""act"": 0.0}, {""tk"": ""relationship"", ""act"": 0.0}, {""tk"": ""which"", ""act"": 0.0}, {""tk"": ""containing"", ""act"": 0.0}]"
0_63548,0,63548,entity: The capital city of Oklahoma is Oklahoma City, capital,4,9.13010597229004,0.9,semantic,"[{""token"": "" capital"", ""index"": 4, ""distance"": 0, ""direction"": ""self""}]",n/a,Semantic,Dictionary,1.0,False,,capital,"[{""tk"": ""capital"", ""act"": 9.130105972290039}, {""tk"": ""entity"", ""act"": 0.0}, {""tk"": ""city"", ""act"": 0.0}, {""tk"": ""in"", ""act"": 0.0}, {""tk"": ""Oklahoma"", ""act"": 0.0}, {""tk"": ""USA"", ""act"": 0.0}, {""tk"": ""is"", ""act"": 0.0}, {""tk"": ""Tulsa"", ""act"": 0.0}, {""tk"": ""The"", ""act"": 0.0}, {""tk"": ""of"", ""act"": 0.0}, {""tk"": ""state"", ""act"": 0.0}, {""tk"": ""United"", ""act"": 0.0}, {""tk"": ""attribute"", ""act"": 0.0}, {""tk"": ""seat"", ""act"": 0.0}, {""tk"": ""government"", ""act"": 0.0}, {""tk"": ""relationship"", ""act"": 0.0}, {""tk"": ""which"", ""act"": 0.0}, {""tk"": ""containing"", ""act"": 0.0}]"
0_87610,0,87610,entity: The capital city of Oklahoma is Oklahoma City, Oklahoma,9,8.371271133422852,0.8140156590734428,semantic,"[{""token"": "" Oklahoma"", ""index"": 9, ""distance"": 0, ""direction"": ""self""}]",n/a,Semantic,Dictionary (fallback),0.9,False,,Tulsa,"[{""tk"": ""Tulsa"", ""act"": 14.490642547607422}, {""tk"": ""Oklahoma"", ""act"": 8.371271133422852}, {""tk"": ""entity"", ""act"": 0.0}, {""tk"": ""city"", ""act"": 0.0}, {""tk"": ""in"", ""act"": 0.0}, {""tk"": ""USA"", ""act"": 0.0}, {""tk"": ""is"", ""act"": 0.0}, {""tk"": ""The"", ""act"": 0.0}, {""tk"": ""capital"", ""act"": 0.0}, {""tk"": ""of"", ""act"": 0.0}, {""tk"": ""state"", ""act"": 0.0}, {""tk"": ""United"", ""act"": 0.0}, {""tk"": ""attribute"", ""act"": 0.0}, {""tk"": ""seat"", ""act"": 0.0}, {""tk"": ""government"", ""act"": 0.0}, {""tk"": ""relationship"", ""act"": 0.0}, {""tk"": ""which"", ""act"": 0.0}, {""tk"": ""containing"", ""act"": 0.0}]"
0_53531,0,53531,entity: The capital city of Oklahoma is Oklahoma City, capital,4,8.328258514404297,0.9,semantic,"[{""token"": "" capital"", ""index"": 4, ""distance"": 0, ""direction"": ""self""}]",n/a,Semantic,Dictionary,1.0,False,,capital,"[{""tk"": ""capital"", ""act"": 8.328258514404297}, {""tk"": ""entity"", ""act"": 0.0}, {""tk"": ""city"", ""act"": 0.0}, {""tk"": ""in"", ""act"": 0.0}, {""tk"": ""Oklahoma"", ""act"": 0.0}, {""tk"": ""USA"", ""act"": 0.0}, {""tk"": ""is"", ""act"": 0.0}, {""tk"": ""Tulsa"", ""act"": 0.0}, {""tk"": ""The"", ""act"": 0.0}, {""tk"": ""of"", ""act"": 0.0}, {""tk"": ""state"", ""act"": 0.0}, {""tk"": ""United"", ""act"": 0.0}, {""tk"": ""attribute"", ""act"": 0.0}, {""tk"": ""seat"", ""act"": 0.0}, {""tk"": ""government"", ""act"": 0.0}, {""tk"": ""relationship"", ""act"": 0.0}, {""tk"": ""which"", ""act"": 0.0}, {""tk"": ""containing"", ""act"": 0.0}]"
0_20368,0,20368,entity: The capital city of Oklahoma is Oklahoma City,entity,1,0.0,0.0,semantic,"[{""token"": ""entity"", ""index"": 1, ""distance"": 0, ""direction"": ""self""}]",n/a,Semantic,Dictionary (fallback),0.9,False,,containing,"[{""tk"": ""containing"", ""act"": 8.030762672424316}, {""tk"": ""is"", ""act"": 6.553821563720703}, {""tk"": ""entity"", ""act"": 0.0}, {""tk"": ""city"", ""act"": 0.0}, {""tk"": ""in"", ""act"": 0.0}, {""tk"": ""Oklahoma"", ""act"": 0.0}, {""tk"": ""USA"", ""act"": 0.0}, {""tk"": ""Tulsa"", ""act"": 0.0}, {""tk"": ""The"", ""act"": 0.0}, {""tk"": ""capital"", ""act"": 0.0}, {""tk"": ""of"", ""act"": 0.0}, {""tk"": ""state"", ""act"": 0.0}, {""tk"": ""United"", ""act"": 0.0}, {""tk"": ""attribute"", ""act"": 0.0}, {""tk"": ""seat"", ""act"": 0.0}, {""tk"": ""government"", ""act"": 0.0}, {""tk"": ""relationship"", ""act"": 0.0}, {""tk"": ""which"", ""act"": 0.0}]"
0_82862,0,82862,entity: The capital city of Oklahoma is Oklahoma City, capital,4,8.219970703125,0.8999999999999999,semantic,"[{""token"": "" capital"", ""index"": 4, ""distance"": 0, ""direction"": ""self""}]",n/a,Semantic,Dictionary (fallback),0.9,False,,government,"[{""tk"": ""government"", ""act"": 9.586883544921875}, {""tk"": ""capital"", ""act"": 8.219970703125}, {""tk"": ""state"", ""act"": 5.531653881072998}, {""tk"": ""relationship"", ""act"": 1.4258275032043457}, {""tk"": ""entity"", ""act"": 0.0}, {""tk"": ""city"", ""act"": 0.0}, {""tk"": ""in"", ""act"": 0.0}, {""tk"": ""Oklahoma"", ""act"": 0.0}, {""tk"": ""USA"", ""act"": 0.0}, {""tk"": ""is"", ""act"": 0.0}, {""tk"": ""Tulsa"", ""act"": 0.0}, {""tk"": ""The"", ""act"": 0.0}, {""tk"": ""of"", ""act"": 0.0}, {""tk"": ""United"", ""act"": 0.0}, {""tk"": ""attribute"", ""act"": 0.0}, {""tk"": ""seat"", ""act"": 0.0}, {""tk"": ""which"", ""act"": 0.0}, {""tk"": ""containing"", ""act"": 0.0}]"
0_15430,0,15430,entity: The capital city of Oklahoma is Oklahoma City, capital,4,8.16793155670166,0.9,semantic,"[{""token"": "" capital"", ""index"": 4, ""distance"": 0, ""direction"": ""self""}]",n/a,Semantic,Dictionary,1.0,False,,capital,"[{""tk"": ""capital"", ""act"": 8.16793155670166}, {""tk"": ""entity"", ""act"": 0.0}, {""tk"": ""city"", ""act"": 0.0}, {""tk"": ""in"", ""act"": 0.0}, {""tk"": ""Oklahoma"", ""act"": 0.0}, {""tk"": ""USA"", ""act"": 0.0}, {""tk"": ""is"", ""act"": 0.0}, {""tk"": ""Tulsa"", ""act"": 0.0}, {""tk"": ""The"", ""act"": 0.0}, {""tk"": ""of"", ""act"": 0.0}, {""tk"": ""state"", ""act"": 0.0}, {""tk"": ""United"", ""act"": 0.0}, {""tk"": ""attribute"", ""act"": 0.0}, {""tk"": ""seat"", ""act"": 0.0}, {""tk"": ""government"", ""act"": 0.0}, {""tk"": ""relationship"", ""act"": 0.0}, {""tk"": ""which"", ""act"": 0.0}, {""tk"": ""containing"", ""act"": 0.0}]"
0_41589,0,41589,entity: The capital city of Oklahoma is Oklahoma City, capital,4,7.369453430175781,0.9,semantic,"[{""token"": "" capital"", ""index"": 4, ""distance"": 0, ""direction"": ""self""}]",n/a,Semantic,Dictionary,1.0,False,,capital,"[{""tk"": ""capital"", ""act"": 7.369453430175781}, {""tk"": ""entity"", ""act"": 0.0}, {""tk"": ""city"", ""act"": 0.0}, {""tk"": ""in"", ""act"": 0.0}, {""tk"": ""Oklahoma"", ""act"": 0.0}, {""tk"": ""USA"", ""act"": 0.0}, {""tk"": ""is"", ""act"": 0.0}, {""tk"": ""Tulsa"", ""act"": 0.0}, {""tk"": ""The"", ""act"": 0.0}, {""tk"": ""of"", ""act"": 0.0}, {""tk"": ""state"", ""act"": 0.0}, {""tk"": ""United"", ""act"": 0.0}, {""tk"": ""attribute"", ""act"": 0.0}, {""tk"": ""seat"", ""act"": 0.0}, {""tk"": ""government"", ""act"": 0.0}, {""tk"": ""relationship"", ""act"": 0.0}, {""tk"": ""which"", ""act"": 0.0}, {""tk"": ""containing"", ""act"": 0.0}]"
0_73557,0,73557,entity: The capital city of Oklahoma is Oklahoma City, Oklahoma,7,6.943502902984619,0.8036790922634018,semantic,"[{""token"": "" Oklahoma"", ""index"": 7, ""distance"": 0, ""direction"": ""self""}]",n/a,Semantic,Dictionary (fallback),0.9,False,,Oklahoma,"[{""tk"": ""Oklahoma"", ""act"": 6.943502902984619}, {""tk"": ""Tulsa"", ""act"": 6.70407247543335}, {""tk"": ""entity"", ""act"": 0.0}, {""tk"": ""city"", ""act"": 0.0}, {""tk"": ""in"", ""act"": 0.0}, {""tk"": ""USA"", ""act"": 0.0}, {""tk"": ""is"", ""act"": 0.0}, {""tk"": ""The"", ""act"": 0.0}, {""tk"": ""capital"", ""act"": 0.0}, {""tk"": ""of"", ""act"": 0.0}, {""tk"": ""state"", ""act"": 0.0}, {""tk"": ""United"", ""act"": 0.0}, {""tk"": ""attribute"", ""act"": 0.0}, {""tk"": ""seat"", ""act"": 0.0}, {""tk"": ""government"", ""act"": 0.0}, {""tk"": ""relationship"", ""act"": 0.0}, {""tk"": ""which"", ""act"": 0.0}, {""tk"": ""containing"", ""act"": 0.0}]"
0_15636,0,15636,entity: The capital city of Oklahoma is Oklahoma City, of,6,6.796746253967285,0.9,functional,"[{""token"": "" city"", ""index"": 5, ""distance"": 1, ""direction"": ""backward""}]",json,Semantic,Dictionary (fallback),0.9,False,,of,"[{""tk"": ""of"", ""act"": 6.796746253967285}, {""tk"": ""entity"", ""act"": 0.0}, {""tk"": ""city"", ""act"": 0.0}, {""tk"": ""in"", ""act"": 0.0}, {""tk"": ""Oklahoma"", ""act"": 0.0}, {""tk"": ""USA"", ""act"": 0.0}, {""tk"": ""is"", ""act"": 0.0}, {""tk"": ""Tulsa"", ""act"": 0.0}, {""tk"": ""The"", ""act"": 0.0}, {""tk"": ""capital"", ""act"": 0.0}, {""tk"": ""state"", ""act"": 0.0}, {""tk"": ""United"", ""act"": 0.0}, {""tk"": ""attribute"", ""act"": 0.0}, {""tk"": ""seat"", ""act"": 0.0}, {""tk"": ""government"", ""act"": 0.0}, {""tk"": ""relationship"", ""act"": 0.0}, {""tk"": ""which"", ""act"": 0.0}, {""tk"": ""containing"", ""act"": 0.0}]"
0_31953,0,31953,entity: The capital city of Oklahoma is Oklahoma City, capital,4,5.960221767425537,0.9,semantic,"[{""token"": "" capital"", ""index"": 4, ""distance"": 0, ""direction"": ""self""}]",n/a,Semantic,Dictionary,1.0,False,,capital,"[{""tk"": ""capital"", ""act"": 5.960221767425537}, {""tk"": ""entity"", ""act"": 0.0}, {""tk"": ""city"", ""act"": 0.0}, {""tk"": ""in"", ""act"": 0.0}, {""tk"": ""Oklahoma"", ""act"": 0.0}, {""tk"": ""USA"", ""act"": 0.0}, {""tk"": ""is"", ""act"": 0.0}, {""tk"": ""Tulsa"", ""act"": 0.0}, {""tk"": ""The"", ""act"": 0.0}, {""tk"": ""of"", ""act"": 0.0}, {""tk"": ""state"", ""act"": 0.0}, {""tk"": ""United"", ""act"": 0.0}, {""tk"": ""attribute"", ""act"": 0.0}, {""tk"": ""seat"", ""act"": 0.0}, {""tk"": ""government"", ""act"": 0.0}, {""tk"": ""relationship"", ""act"": 0.0}, {""tk"": ""which"", ""act"": 0.0}, {""tk"": ""containing"", ""act"": 0.0}]"
0_81124,0,81124,entity: The capital city of Oklahoma is Oklahoma City,entity,1,0.0,0.0,semantic,"[{""token"": ""entity"", ""index"": 1, ""distance"": 0, ""direction"": ""self""}]",n/a,Relationship,,1.0,False,,(entity) related,"[{""tk"": ""entity"", ""act"": 0.0}, {""tk"": ""city"", ""act"": 0.0}, {""tk"": ""in"", ""act"": 0.0}, {""tk"": ""Oklahoma"", ""act"": 0.0}, {""tk"": ""USA"", ""act"": 0.0}, {""tk"": ""is"", ""act"": 0.0}, {""tk"": ""Tulsa"", ""act"": 0.0}, {""tk"": ""The"", ""act"": 0.0}, {""tk"": ""capital"", ""act"": 0.0}, {""tk"": ""of"", ""act"": 0.0}, {""tk"": ""state"", ""act"": 0.0}, {""tk"": ""United"", ""act"": 0.0}, {""tk"": ""attribute"", ""act"": 0.0}, {""tk"": ""seat"", ""act"": 0.0}, {""tk"": ""government"", ""act"": 0.0}, {""tk"": ""relationship"", ""act"": 0.0}, {""tk"": ""which"", ""act"": 0.0}, {""tk"": ""containing"", ""act"": 0.0}]"
0_43624,0,43624,entity: The capital city of Oklahoma is Oklahoma City, capital,4,4.858582496643066,0.9,semantic,"[{""token"": "" capital"", ""index"": 4, ""distance"": 0, ""direction"": ""self""}]",n/a,Semantic,Dictionary,1.0,False,,capital,"[{""tk"": ""capital"", ""act"": 10.143529891967773}, {""tk"": ""entity"", ""act"": 0.0}, {""tk"": ""city"", ""act"": 0.0}, {""tk"": ""in"", ""act"": 0.0}, {""tk"": ""Oklahoma"", ""act"": 0.0}, {""tk"": ""USA"", ""act"": 0.0}, {""tk"": ""is"", ""act"": 0.0}, {""tk"": ""Tulsa"", ""act"": 0.0}, {""tk"": ""The"", ""act"": 0.0}, {""tk"": ""of"", ""act"": 0.0}, {""tk"": ""state"", ""act"": 0.0}, {""tk"": ""United"", ""act"": 0.0}, {""tk"": ""attribute"", ""act"": 0.0}, {""tk"": ""seat"", ""act"": 0.0}, {""tk"": ""government"", ""act"": 0.0}, {""tk"": ""relationship"", ""act"": 0.0}, {""tk"": ""which"", ""act"": 0.0}, {""tk"": ""containing"", ""act"": 0.0}]"
0_12284,0,12284,entity: The capital city of Oklahoma is Oklahoma City,entity,1,0.0,0.0,semantic,"[{""token"": ""entity"", ""index"": 1, ""distance"": 0, ""direction"": ""self""}]",n/a,Relationship,,1.0,False,,(entity) related,"[{""tk"": ""entity"", ""act"": 0.0}, {""tk"": ""city"", ""act"": 0.0}, {""tk"": ""in"", ""act"": 0.0}, {""tk"": ""Oklahoma"", ""act"": 0.0}, {""tk"": ""USA"", ""act"": 0.0}, {""tk"": ""is"", ""act"": 0.0}, {""tk"": ""Tulsa"", ""act"": 0.0}, {""tk"": ""The"", ""act"": 0.0}, {""tk"": ""capital"", ""act"": 0.0}, {""tk"": ""of"", ""act"": 0.0}, {""tk"": ""state"", ""act"": 0.0}, {""tk"": ""United"", ""act"": 0.0}, {""tk"": ""attribute"", ""act"": 0.0}, {""tk"": ""seat"", ""act"": 0.0}, {""tk"": ""government"", ""act"": 0.0}, {""tk"": ""relationship"", ""act"": 0.0}, {""tk"": ""which"", ""act"": 0.0}, {""tk"": ""containing"", ""act"": 0.0}]"
0_13347,0,13347,entity: The capital city of Oklahoma is Oklahoma City,entity,1,0.0,0.0,semantic,"[{""token"": ""entity"", ""index"": 1, ""distance"": 0, ""direction"": ""self""}]",n/a,Semantic,Dictionary (fallback),0.9,False,,state,"[{""tk"": ""state"", ""act"": 30.316205978393555}, {""tk"": ""entity"", ""act"": 0.0}, {""tk"": ""city"", ""act"": 0.0}, {""tk"": ""in"", ""act"": 0.0}, {""tk"": ""Oklahoma"", ""act"": 0.0}, {""tk"": ""USA"", ""act"": 0.0}, {""tk"": ""is"", ""act"": 0.0}, {""tk"": ""Tulsa"", ""act"": 0.0}, {""tk"": ""The"", ""act"": 0.0}, {""tk"": ""capital"", ""act"": 0.0}, {""tk"": ""of"", ""act"": 0.0}, {""tk"": ""United"", ""act"": 0.0}, {""tk"": ""attribute"", ""act"": 0.0}, {""tk"": ""seat"", ""act"": 0.0}, {""tk"": ""government"", ""act"": 0.0}, {""tk"": ""relationship"", ""act"": 0.0}, {""tk"": ""which"", ""act"": 0.0}, {""tk"": ""containing"", ""act"": 0.0}]"
0_47638,0,47638,entity: The capital city of Oklahoma is Oklahoma City,entity,1,0.0,0.0,semantic,"[{""token"": ""entity"", ""index"": 1, ""distance"": 0, ""direction"": ""self""}]",n/a,Semantic,Dictionary,1.0,False,,containing,"[{""tk"": ""containing"", ""act"": 11.569823265075684}, {""tk"": ""entity"", ""act"": 0.0}, {""tk"": ""city"", ""act"": 0.0}, {""tk"": ""in"", ""act"": 0.0}, {""tk"": ""Oklahoma"", ""act"": 0.0}, {""tk"": ""USA"", ""act"": 0.0}, {""tk"": ""is"", ""act"": 0.0}, {""tk"": ""Tulsa"", ""act"": 0.0}, {""tk"": ""The"", ""act"": 0.0}, {""tk"": ""capital"", ""act"": 0.0}, {""tk"": ""of"", ""act"": 0.0}, {""tk"": ""state"", ""act"": 0.0}, {""tk"": ""United"", ""act"": 0.0}, {""tk"": ""attribute"", ""act"": 0.0}, {""tk"": ""seat"", ""act"": 0.0}, {""tk"": ""government"", ""act"": 0.0}, {""tk"": ""relationship"", ""act"": 0.0}, {""tk"": ""which"", ""act"": 0.0}]"
0_57840,0,57840,entity: The capital city of Oklahoma is Oklahoma City,entity,1,0.0,0.0,semantic,"[{""token"": ""entity"", ""index"": 1, ""distance"": 0, ""direction"": ""self""}]",n/a,Semantic,Dictionary (fallback),0.9,False,,state,"[{""tk"": ""state"", ""act"": 37.14567565917969}, {""tk"": ""entity"", ""act"": 0.0}, {""tk"": ""city"", ""act"": 0.0}, {""tk"": ""in"", ""act"": 0.0}, {""tk"": ""Oklahoma"", ""act"": 0.0}, {""tk"": ""USA"", ""act"": 0.0}, {""tk"": ""is"", ""act"": 0.0}, {""tk"": ""Tulsa"", ""act"": 0.0}, {""tk"": ""The"", ""act"": 0.0}, {""tk"": ""capital"", ""act"": 0.0}, {""tk"": ""of"", ""act"": 0.0}, {""tk"": ""United"", ""act"": 0.0}, {""tk"": ""attribute"", ""act"": 0.0}, {""tk"": ""seat"", ""act"": 0.0}, {""tk"": ""government"", ""act"": 0.0}, {""tk"": ""relationship"", ""act"": 0.0}, {""tk"": ""which"", ""act"": 0.0}, {""tk"": ""containing"", ""act"": 0.0}]"
0_8411,0,8411,entity: The capital city of Oklahoma is Oklahoma City,entity,1,0.0,0.0,semantic,"[{""token"": ""entity"", ""index"": 1, ""distance"": 0, ""direction"": ""self""}]",n/a,Semantic,Dictionary,1.0,False,,Tulsa,"[{""tk"": ""Tulsa"", ""act"": 13.844260215759277}, {""tk"": ""entity"", ""act"": 0.0}, {""tk"": ""city"", ""act"": 0.0}, {""tk"": ""in"", ""act"": 0.0}, {""tk"": ""Oklahoma"", ""act"": 0.0}, {""tk"": ""USA"", ""act"": 0.0}, {""tk"": ""is"", ""act"": 0.0}, {""tk"": ""The"", ""act"": 0.0}, {""tk"": ""capital"", ""act"": 0.0}, {""tk"": ""of"", ""act"": 0.0}, {""tk"": ""state"", ""act"": 0.0}, {""tk"": ""United"", ""act"": 0.0}, {""tk"": ""attribute"", ""act"": 0.0}, {""tk"": ""seat"", ""act"": 0.0}, {""tk"": ""government"", ""act"": 0.0}, {""tk"": ""relationship"", ""act"": 0.0}, {""tk"": ""which"", ""act"": 0.0}, {""tk"": ""containing"", ""act"": 0.0}]"
0_17405,0,17405,entity: The capital city of Oklahoma is Oklahoma City,entity,1,0.0,0.0,semantic,"[{""token"": ""entity"", ""index"": 1, ""distance"": 0, ""direction"": ""self""}]",n/a,Semantic,Dictionary,1.0,False,,Tulsa,"[{""tk"": ""Tulsa"", ""act"": 5.863439559936523}, {""tk"": ""entity"", ""act"": 0.0}, {""tk"": ""city"", ""act"": 0.0}, {""tk"": ""in"", ""act"": 0.0}, {""tk"": ""Oklahoma"", ""act"": 0.0}, {""tk"": ""USA"", ""act"": 0.0}, {""tk"": ""is"", ""act"": 0.0}, {""tk"": ""The"", ""act"": 0.0}, {""tk"": ""capital"", ""act"": 0.0}, {""tk"": ""of"", ""act"": 0.0}, {""tk"": ""state"", ""act"": 0.0}, {""tk"": ""United"", ""act"": 0.0}, {""tk"": ""attribute"", ""act"": 0.0}, {""tk"": ""seat"", ""act"": 0.0}, {""tk"": ""government"", ""act"": 0.0}, {""tk"": ""relationship"", ""act"": 0.0}, {""tk"": ""which"", ""act"": 0.0}, {""tk"": ""containing"", ""act"": 0.0}]"
0_17761,0,17761,entity: The capital city of Oklahoma is Oklahoma City,entity,1,0.0,0.0,semantic,"[{""token"": ""entity"", ""index"": 1, ""distance"": 0, ""direction"": ""self""}]",n/a,Semantic,Dictionary,1.0,False,,Tulsa,"[{""tk"": ""Tulsa"", ""act"": 15.078821182250977}, {""tk"": ""entity"", ""act"": 0.0}, {""tk"": ""city"", ""act"": 0.0}, {""tk"": ""in"", ""act"": 0.0}, {""tk"": ""Oklahoma"", ""act"": 0.0}, {""tk"": ""USA"", ""act"": 0.0}, {""tk"": ""is"", ""act"": 0.0}, {""tk"": ""The"", ""act"": 0.0}, {""tk"": ""capital"", ""act"": 0.0}, {""tk"": ""of"", ""act"": 0.0}, {""tk"": ""state"", ""act"": 0.0}, {""tk"": ""United"", ""act"": 0.0}, {""tk"": ""attribute"", ""act"": 0.0}, {""tk"": ""seat"", ""act"": 0.0}, {""tk"": ""government"", ""act"": 0.0}, {""tk"": ""relationship"", ""act"": 0.0}, {""tk"": ""which"", ""act"": 0.0}, {""tk"": ""containing"", ""act"": 0.0}]"
0_23477,0,23477,entity: The capital city of Oklahoma is Oklahoma City,entity,1,0.0,0.0,semantic,"[{""token"": ""entity"", ""index"": 1, ""distance"": 0, ""direction"": ""self""}]",n/a,Relationship,,1.0,False,,(entity) related,"[{""tk"": ""entity"", ""act"": 0.0}, {""tk"": ""city"", ""act"": 0.0}, {""tk"": ""in"", ""act"": 0.0}, {""tk"": ""Oklahoma"", ""act"": 0.0}, {""tk"": ""USA"", ""act"": 0.0}, {""tk"": ""is"", ""act"": 0.0}, {""tk"": ""Tulsa"", ""act"": 0.0}, {""tk"": ""The"", ""act"": 0.0}, {""tk"": ""capital"", ""act"": 0.0}, {""tk"": ""of"", ""act"": 0.0}, {""tk"": ""state"", ""act"": 0.0}, {""tk"": ""United"", ""act"": 0.0}, {""tk"": ""attribute"", ""act"": 0.0}, {""tk"": ""seat"", ""act"": 0.0}, {""tk"": ""government"", ""act"": 0.0}, {""tk"": ""relationship"", ""act"": 0.0}, {""tk"": ""which"", ""act"": 0.0}, {""tk"": ""containing"", ""act"": 0.0}]"
0_29904,0,29904,entity: The capital city of Oklahoma is Oklahoma City,entity,1,0.0,0.0,semantic,"[{""token"": ""entity"", ""index"": 1, ""distance"": 0, ""direction"": ""self""}]",n/a,Semantic,Dictionary,1.0,False,,containing,"[{""tk"": ""containing"", ""act"": 9.819502830505371}, {""tk"": ""entity"", ""act"": 0.0}, {""tk"": ""city"", ""act"": 0.0}, {""tk"": ""in"", ""act"": 0.0}, {""tk"": ""Oklahoma"", ""act"": 0.0}, {""tk"": ""USA"", ""act"": 0.0}, {""tk"": ""is"", ""act"": 0.0}, {""tk"": ""Tulsa"", ""act"": 0.0}, {""tk"": ""The"", ""act"": 0.0}, {""tk"": ""capital"", ""act"": 0.0}, {""tk"": ""of"", ""act"": 0.0}, {""tk"": ""state"", ""act"": 0.0}, {""tk"": ""United"", ""act"": 0.0}, {""tk"": ""attribute"", ""act"": 0.0}, {""tk"": ""seat"", ""act"": 0.0}, {""tk"": ""government"", ""act"": 0.0}, {""tk"": ""relationship"", ""act"": 0.0}, {""tk"": ""which"", ""act"": 0.0}]"
0_37567,0,37567,entity: The capital city of Oklahoma is Oklahoma City,entity,1,0.0,0.0,semantic,"[{""token"": ""entity"", ""index"": 1, ""distance"": 0, ""direction"": ""self""}]",n/a,Semantic,Dictionary,1.0,False,,containing,"[{""tk"": ""containing"", ""act"": 41.110591888427734}, {""tk"": ""entity"", ""act"": 0.0}, {""tk"": ""city"", ""act"": 0.0}, {""tk"": ""in"", ""act"": 0.0}, {""tk"": ""Oklahoma"", ""act"": 0.0}, {""tk"": ""USA"", ""act"": 0.0}, {""tk"": ""is"", ""act"": 0.0}, {""tk"": ""Tulsa"", ""act"": 0.0}, {""tk"": ""The"", ""act"": 0.0}, {""tk"": ""capital"", ""act"": 0.0}, {""tk"": ""of"", ""act"": 0.0}, {""tk"": ""state"", ""act"": 0.0}, {""tk"": ""United"", ""act"": 0.0}, {""tk"": ""attribute"", ""act"": 0.0}, {""tk"": ""seat"", ""act"": 0.0}, {""tk"": ""government"", ""act"": 0.0}, {""tk"": ""relationship"", ""act"": 0.0}, {""tk"": ""which"", ""act"": 0.0}]"
0_39328,0,39328,entity: The capital city of Oklahoma is Oklahoma City,entity,1,0.0,0.0,semantic,"[{""token"": ""entity"", ""index"": 1, ""distance"": 0, ""direction"": ""self""}]",n/a,Semantic,Dictionary,1.0,False,,Tulsa,"[{""tk"": ""Tulsa"", ""act"": 5.716144561767578}, {""tk"": ""entity"", ""act"": 0.0}, {""tk"": ""city"", ""act"": 0.0}, {""tk"": ""in"", ""act"": 0.0}, {""tk"": ""Oklahoma"", ""act"": 0.0}, {""tk"": ""USA"", ""act"": 0.0}, {""tk"": ""is"", ""act"": 0.0}, {""tk"": ""The"", ""act"": 0.0}, {""tk"": ""capital"", ""act"": 0.0}, {""tk"": ""of"", ""act"": 0.0}, {""tk"": ""state"", ""act"": 0.0}, {""tk"": ""United"", ""act"": 0.0}, {""tk"": ""attribute"", ""act"": 0.0}, {""tk"": ""seat"", ""act"": 0.0}, {""tk"": ""government"", ""act"": 0.0}, {""tk"": ""relationship"", ""act"": 0.0}, {""tk"": ""which"", ""act"": 0.0}, {""tk"": ""containing"", ""act"": 0.0}]"
0_42481,0,42481,entity: The capital city of Oklahoma is Oklahoma City,entity,1,0.0,0.0,semantic,"[{""token"": ""entity"", ""index"": 1, ""distance"": 0, ""direction"": ""self""}]",n/a,Semantic,Dictionary (fallback),0.9,False,,state,"[{""tk"": ""state"", ""act"": 22.62320899963379}, {""tk"": ""entity"", ""act"": 0.0}, {""tk"": ""city"", ""act"": 0.0}, {""tk"": ""in"", ""act"": 0.0}, {""tk"": ""Oklahoma"", ""act"": 0.0}, {""tk"": ""USA"", ""act"": 0.0}, {""tk"": ""is"", ""act"": 0.0}, {""tk"": ""Tulsa"", ""act"": 0.0}, {""tk"": ""The"", ""act"": 0.0}, {""tk"": ""capital"", ""act"": 0.0}, {""tk"": ""of"", ""act"": 0.0}, {""tk"": ""United"", ""act"": 0.0}, {""tk"": ""attribute"", ""act"": 0.0}, {""tk"": ""seat"", ""act"": 0.0}, {""tk"": ""government"", ""act"": 0.0}, {""tk"": ""relationship"", ""act"": 0.0}, {""tk"": ""which"", ""act"": 0.0}, {""tk"": ""containing"", ""act"": 0.0}]"
0_42832,0,42832,entity: The capital city of Oklahoma is Oklahoma City,entity,1,0.0,0.0,semantic,"[{""token"": ""entity"", ""index"": 1, ""distance"": 0, ""direction"": ""self""}]",n/a,Semantic,Dictionary,1.0,False,,containing,"[{""tk"": ""containing"", ""act"": 11.472331047058105}, {""tk"": ""entity"", ""act"": 0.0}, {""tk"": ""city"", ""act"": 0.0}, {""tk"": ""in"", ""act"": 0.0}, {""tk"": ""Oklahoma"", ""act"": 0.0}, {""tk"": ""USA"", ""act"": 0.0}, {""tk"": ""is"", ""act"": 0.0}, {""tk"": ""Tulsa"", ""act"": 0.0}, {""tk"": ""The"", ""act"": 0.0}, {""tk"": ""capital"", ""act"": 0.0}, {""tk"": ""of"", ""act"": 0.0}, {""tk"": ""state"", ""act"": 0.0}, {""tk"": ""United"", ""act"": 0.0}, {""tk"": ""attribute"", ""act"": 0.0}, {""tk"": ""seat"", ""act"": 0.0}, {""tk"": ""government"", ""act"": 0.0}, {""tk"": ""relationship"", ""act"": 0.0}, {""tk"": ""which"", ""act"": 0.0}]"
0_44489,0,44489,entity: The capital city of Oklahoma is Oklahoma City,entity,1,0.0,0.0,semantic,"[{""token"": ""entity"", ""index"": 1, ""distance"": 0, ""direction"": ""self""}]",n/a,Relationship,,1.0,False,,(entity) related,"[{""tk"": ""entity"", ""act"": 0.0}, {""tk"": ""city"", ""act"": 0.0}, {""tk"": ""in"", ""act"": 0.0}, {""tk"": ""Oklahoma"", ""act"": 0.0}, {""tk"": ""USA"", ""act"": 0.0}, {""tk"": ""is"", ""act"": 0.0}, {""tk"": ""Tulsa"", ""act"": 0.0}, {""tk"": ""The"", ""act"": 0.0}, {""tk"": ""capital"", ""act"": 0.0}, {""tk"": ""of"", ""act"": 0.0}, {""tk"": ""state"", ""act"": 0.0}, {""tk"": ""United"", ""act"": 0.0}, {""tk"": ""attribute"", ""act"": 0.0}, {""tk"": ""seat"", ""act"": 0.0}, {""tk"": ""government"", ""act"": 0.0}, {""tk"": ""relationship"", ""act"": 0.0}, {""tk"": ""which"", ""act"": 0.0}, {""tk"": ""containing"", ""act"": 0.0}]"
0_44709,0,44709,entity: The capital city of Oklahoma is Oklahoma City,entity,1,0.0,0.0,semantic,"[{""token"": ""entity"", ""index"": 1, ""distance"": 0, ""direction"": ""self""}]",n/a,Semantic,Dictionary,1.0,False,,containing,"[{""tk"": ""containing"", ""act"": 6.07918643951416}, {""tk"": ""entity"", ""act"": 0.0}, {""tk"": ""city"", ""act"": 0.0}, {""tk"": ""in"", ""act"": 0.0}, {""tk"": ""Oklahoma"", ""act"": 0.0}, {""tk"": ""USA"", ""act"": 0.0}, {""tk"": ""is"", ""act"": 0.0}, {""tk"": ""Tulsa"", ""act"": 0.0}, {""tk"": ""The"", ""act"": 0.0}, {""tk"": ""capital"", ""act"": 0.0}, {""tk"": ""of"", ""act"": 0.0}, {""tk"": ""state"", ""act"": 0.0}, {""tk"": ""United"", ""act"": 0.0}, {""tk"": ""attribute"", ""act"": 0.0}, {""tk"": ""seat"", ""act"": 0.0}, {""tk"": ""government"", ""act"": 0.0}, {""tk"": ""relationship"", ""act"": 0.0}, {""tk"": ""which"", ""act"": 0.0}]"
0_48445,0,48445,entity: The capital city of Oklahoma is Oklahoma City,entity,1,0.0,0.0,semantic,"[{""token"": ""entity"", ""index"": 1, ""distance"": 0, ""direction"": ""self""}]",n/a,Semantic,Dictionary,1.0,False,,containing,"[{""tk"": ""containing"", ""act"": 6.267477512359619}, {""tk"": ""entity"", ""act"": 0.0}, {""tk"": ""city"", ""act"": 0.0}, {""tk"": ""in"", ""act"": 0.0}, {""tk"": ""Oklahoma"", ""act"": 0.0}, {""tk"": ""USA"", ""act"": 0.0}, {""tk"": ""is"", ""act"": 0.0}, {""tk"": ""Tulsa"", ""act"": 0.0}, {""tk"": ""The"", ""act"": 0.0}, {""tk"": ""capital"", ""act"": 0.0}, {""tk"": ""of"", ""act"": 0.0}, {""tk"": ""state"", ""act"": 0.0}, {""tk"": ""United"", ""act"": 0.0}, {""tk"": ""attribute"", ""act"": 0.0}, {""tk"": ""seat"", ""act"": 0.0}, {""tk"": ""government"", ""act"": 0.0}, {""tk"": ""relationship"", ""act"": 0.0}, {""tk"": ""which"", ""act"": 0.0}]"
0_49298,0,49298,entity: The capital city of Oklahoma is Oklahoma City,entity,1,0.0,0.0,semantic,"[{""token"": ""entity"", ""index"": 1, ""distance"": 0, ""direction"": ""self""}]",n/a,Semantic,Dictionary,1.0,False,,Tulsa,"[{""tk"": ""Tulsa"", ""act"": 9.717588424682617}, {""tk"": ""entity"", ""act"": 0.0}, {""tk"": ""city"", ""act"": 0.0}, {""tk"": ""in"", ""act"": 0.0}, {""tk"": ""Oklahoma"", ""act"": 0.0}, {""tk"": ""USA"", ""act"": 0.0}, {""tk"": ""is"", ""act"": 0.0}, {""tk"": ""The"", ""act"": 0.0}, {""tk"": ""capital"", ""act"": 0.0}, {""tk"": ""of"", ""act"": 0.0}, {""tk"": ""state"", ""act"": 0.0}, {""tk"": ""United"", ""act"": 0.0}, {""tk"": ""attribute"", ""act"": 0.0}, {""tk"": ""seat"", ""act"": 0.0}, {""tk"": ""government"", ""act"": 0.0}, {""tk"": ""relationship"", ""act"": 0.0}, {""tk"": ""which"", ""act"": 0.0}, {""tk"": ""containing"", ""act"": 0.0}]"
0_52264,0,52264,entity: The capital city of Oklahoma is Oklahoma City,entity,1,0.0,0.0,semantic,"[{""token"": ""entity"", ""index"": 1, ""distance"": 0, ""direction"": ""self""}]",n/a,Semantic,Dictionary,1.0,False,,containing,"[{""tk"": ""containing"", ""act"": 9.985231399536133}, {""tk"": ""entity"", ""act"": 0.0}, {""tk"": ""city"", ""act"": 0.0}, {""tk"": ""in"", ""act"": 0.0}, {""tk"": ""Oklahoma"", ""act"": 0.0}, {""tk"": ""USA"", ""act"": 0.0}, {""tk"": ""is"", ""act"": 0.0}, {""tk"": ""Tulsa"", ""act"": 0.0}, {""tk"": ""The"", ""act"": 0.0}, {""tk"": ""capital"", ""act"": 0.0}, {""tk"": ""of"", ""act"": 0.0}, {""tk"": ""state"", ""act"": 0.0}, {""tk"": ""United"", ""act"": 0.0}, {""tk"": ""attribute"", ""act"": 0.0}, {""tk"": ""seat"", ""act"": 0.0}, {""tk"": ""government"", ""act"": 0.0}, {""tk"": ""relationship"", ""act"": 0.0}, {""tk"": ""which"", ""act"": 0.0}]"
0_54197,0,54197,entity: The capital city of Oklahoma is Oklahoma City,entity,1,0.0,0.0,semantic,"[{""token"": ""entity"", ""index"": 1, ""distance"": 0, ""direction"": ""self""}]",n/a,Semantic,Dictionary,1.0,False,,containing,"[{""tk"": ""containing"", ""act"": 11.77919864654541}, {""tk"": ""entity"", ""act"": 0.0}, {""tk"": ""city"", ""act"": 0.0}, {""tk"": ""in"", ""act"": 0.0}, {""tk"": ""Oklahoma"", ""act"": 0.0}, {""tk"": ""USA"", ""act"": 0.0}, {""tk"": ""is"", ""act"": 0.0}, {""tk"": ""Tulsa"", ""act"": 0.0}, {""tk"": ""The"", ""act"": 0.0}, {""tk"": ""capital"", ""act"": 0.0}, {""tk"": ""of"", ""act"": 0.0}, {""tk"": ""state"", ""act"": 0.0}, {""tk"": ""United"", ""act"": 0.0}, {""tk"": ""attribute"", ""act"": 0.0}, {""tk"": ""seat"", ""act"": 0.0}, {""tk"": ""government"", ""act"": 0.0}, {""tk"": ""relationship"", ""act"": 0.0}, {""tk"": ""which"", ""act"": 0.0}]"
0_56748,0,56748,entity: The capital city of Oklahoma is Oklahoma City,entity,1,0.0,0.0,semantic,"[{""token"": ""entity"", ""index"": 1, ""distance"": 0, ""direction"": ""self""}]",n/a,Semantic,Dictionary (fallback),0.9,False,,state,"[{""tk"": ""state"", ""act"": 13.299398422241211}, {""tk"": ""entity"", ""act"": 0.0}, {""tk"": ""city"", ""act"": 0.0}, {""tk"": ""in"", ""act"": 0.0}, {""tk"": ""Oklahoma"", ""act"": 0.0}, {""tk"": ""USA"", ""act"": 0.0}, {""tk"": ""is"", ""act"": 0.0}, {""tk"": ""Tulsa"", ""act"": 0.0}, {""tk"": ""The"", ""act"": 0.0}, {""tk"": ""capital"", ""act"": 0.0}, {""tk"": ""of"", ""act"": 0.0}, {""tk"": ""United"", ""act"": 0.0}, {""tk"": ""attribute"", ""act"": 0.0}, {""tk"": ""seat"", ""act"": 0.0}, {""tk"": ""government"", ""act"": 0.0}, {""tk"": ""relationship"", ""act"": 0.0}, {""tk"": ""which"", ""act"": 0.0}, {""tk"": ""containing"", ""act"": 0.0}]"
0_56812,0,56812,entity: The capital city of Oklahoma is Oklahoma City,entity,1,0.0,0.0,semantic,"[{""token"": ""entity"", ""index"": 1, ""distance"": 0, ""direction"": ""self""}]",n/a,Semantic,Dictionary,1.0,False,,Tulsa,"[{""tk"": ""Tulsa"", ""act"": 13.3536376953125}, {""tk"": ""entity"", ""act"": 0.0}, {""tk"": ""city"", ""act"": 0.0}, {""tk"": ""in"", ""act"": 0.0}, {""tk"": ""Oklahoma"", ""act"": 0.0}, {""tk"": ""USA"", ""act"": 0.0}, {""tk"": ""is"", ""act"": 0.0}, {""tk"": ""The"", ""act"": 0.0}, {""tk"": ""capital"", ""act"": 0.0}, {""tk"": ""of"", ""act"": 0.0}, {""tk"": ""state"", ""act"": 0.0}, {""tk"": ""United"", ""act"": 0.0}, {""tk"": ""attribute"", ""act"": 0.0}, {""tk"": ""seat"", ""act"": 0.0}, {""tk"": ""government"", ""act"": 0.0}, {""tk"": ""relationship"", ""act"": 0.0}, {""tk"": ""which"", ""act"": 0.0}, {""tk"": ""containing"", ""act"": 0.0}]"
0_61257,0,61257,entity: The capital city of Oklahoma is Oklahoma City,entity,1,0.0,0.0,semantic,"[{""token"": ""entity"", ""index"": 1, ""distance"": 0, ""direction"": ""self""}]",n/a,Semantic,Dictionary (fallback),0.9,False,,state,"[{""tk"": ""state"", ""act"": 15.710807800292969}, {""tk"": ""entity"", ""act"": 0.0}, {""tk"": ""city"", ""act"": 0.0}, {""tk"": ""in"", ""act"": 0.0}, {""tk"": ""Oklahoma"", ""act"": 0.0}, {""tk"": ""USA"", ""act"": 0.0}, {""tk"": ""is"", ""act"": 0.0}, {""tk"": ""Tulsa"", ""act"": 0.0}, {""tk"": ""The"", ""act"": 0.0}, {""tk"": ""capital"", ""act"": 0.0}, {""tk"": ""of"", ""act"": 0.0}, {""tk"": ""United"", ""act"": 0.0}, {""tk"": ""attribute"", ""act"": 0.0}, {""tk"": ""seat"", ""act"": 0.0}, {""tk"": ""government"", ""act"": 0.0}, {""tk"": ""relationship"", ""act"": 0.0}, {""tk"": ""which"", ""act"": 0.0}, {""tk"": ""containing"", ""act"": 0.0}]"
0_62872,0,62872,entity: The capital city of Oklahoma is Oklahoma City,entity,1,0.0,0.0,semantic,"[{""token"": ""entity"", ""index"": 1, ""distance"": 0, ""direction"": ""self""}]",n/a,Relationship,,1.0,False,,(entity) related,"[{""tk"": ""entity"", ""act"": 0.0}, {""tk"": ""city"", ""act"": 0.0}, {""tk"": ""in"", ""act"": 0.0}, {""tk"": ""Oklahoma"", ""act"": 0.0}, {""tk"": ""USA"", ""act"": 0.0}, {""tk"": ""is"", ""act"": 0.0}, {""tk"": ""Tulsa"", ""act"": 0.0}, {""tk"": ""The"", ""act"": 0.0}, {""tk"": ""capital"", ""act"": 0.0}, {""tk"": ""of"", ""act"": 0.0}, {""tk"": ""state"", ""act"": 0.0}, {""tk"": ""United"", ""act"": 0.0}, {""tk"": ""attribute"", ""act"": 0.0}, {""tk"": ""seat"", ""act"": 0.0}, {""tk"": ""government"", ""act"": 0.0}, {""tk"": ""relationship"", ""act"": 0.0}, {""tk"": ""which"", ""act"": 0.0}, {""tk"": ""containing"", ""act"": 0.0}]"
0_66754,0,66754,entity: The capital city of Oklahoma is Oklahoma City,entity,1,0.0,0.0,semantic,"[{""token"": ""entity"", ""index"": 1, ""distance"": 0, ""direction"": ""self""}]",n/a,Semantic,Dictionary,1.0,False,,containing,"[{""tk"": ""containing"", ""act"": 12.251155853271484}, {""tk"": ""entity"", ""act"": 0.0}, {""tk"": ""city"", ""act"": 0.0}, {""tk"": ""in"", ""act"": 0.0}, {""tk"": ""Oklahoma"", ""act"": 0.0}, {""tk"": ""USA"", ""act"": 0.0}, {""tk"": ""is"", ""act"": 0.0}, {""tk"": ""Tulsa"", ""act"": 0.0}, {""tk"": ""The"", ""act"": 0.0}, {""tk"": ""capital"", ""act"": 0.0}, {""tk"": ""of"", ""act"": 0.0}, {""tk"": ""state"", ""act"": 0.0}, {""tk"": ""United"", ""act"": 0.0}, {""tk"": ""attribute"", ""act"": 0.0}, {""tk"": ""seat"", ""act"": 0.0}, {""tk"": ""government"", ""act"": 0.0}, {""tk"": ""relationship"", ""act"": 0.0}, {""tk"": ""which"", ""act"": 0.0}]"
0_67553,0,67553,entity: The capital city of Oklahoma is Oklahoma City,entity,1,0.0,0.0,semantic,"[{""token"": ""entity"", ""index"": 1, ""distance"": 0, ""direction"": ""self""}]",n/a,Semantic,Dictionary,1.0,False,,containing,"[{""tk"": ""containing"", ""act"": 16.307926177978516}, {""tk"": ""entity"", ""act"": 0.0}, {""tk"": ""city"", ""act"": 0.0}, {""tk"": ""in"", ""act"": 0.0}, {""tk"": ""Oklahoma"", ""act"": 0.0}, {""tk"": ""USA"", ""act"": 0.0}, {""tk"": ""is"", ""act"": 0.0}, {""tk"": ""Tulsa"", ""act"": 0.0}, {""tk"": ""The"", ""act"": 0.0}, {""tk"": ""capital"", ""act"": 0.0}, {""tk"": ""of"", ""act"": 0.0}, {""tk"": ""state"", ""act"": 0.0}, {""tk"": ""United"", ""act"": 0.0}, {""tk"": ""attribute"", ""act"": 0.0}, {""tk"": ""seat"", ""act"": 0.0}, {""tk"": ""government"", ""act"": 0.0}, {""tk"": ""relationship"", ""act"": 0.0}, {""tk"": ""which"", ""act"": 0.0}]"
0_73095,0,73095,entity: The capital city of Oklahoma is Oklahoma City,entity,1,0.0,0.0,semantic,"[{""token"": ""entity"", ""index"": 1, ""distance"": 0, ""direction"": ""self""}]",n/a,Semantic,Dictionary,1.0,False,,containing,"[{""tk"": ""containing"", ""act"": 15.30929946899414}, {""tk"": ""entity"", ""act"": 0.0}, {""tk"": ""city"", ""act"": 0.0}, {""tk"": ""in"", ""act"": 0.0}, {""tk"": ""Oklahoma"", ""act"": 0.0}, {""tk"": ""USA"", ""act"": 0.0}, {""tk"": ""is"", ""act"": 0.0}, {""tk"": ""Tulsa"", ""act"": 0.0}, {""tk"": ""The"", ""act"": 0.0}, {""tk"": ""capital"", ""act"": 0.0}, {""tk"": ""of"", ""act"": 0.0}, {""tk"": ""state"", ""act"": 0.0}, {""tk"": ""United"", ""act"": 0.0}, {""tk"": ""attribute"", ""act"": 0.0}, {""tk"": ""seat"", ""act"": 0.0}, {""tk"": ""government"", ""act"": 0.0}, {""tk"": ""relationship"", ""act"": 0.0}, {""tk"": ""which"", ""act"": 0.0}]"
0_73833,0,73833,entity: The capital city of Oklahoma is Oklahoma City,entity,1,0.0,0.0,semantic,"[{""token"": ""entity"", ""index"": 1, ""distance"": 0, ""direction"": ""self""}]",n/a,Semantic,Dictionary,1.0,False,,containing,"[{""tk"": ""containing"", ""act"": 11.570135116577148}, {""tk"": ""entity"", ""act"": 0.0}, {""tk"": ""city"", ""act"": 0.0}, {""tk"": ""in"", ""act"": 0.0}, {""tk"": ""Oklahoma"", ""act"": 0.0}, {""tk"": ""USA"", ""act"": 0.0}, {""tk"": ""is"", ""act"": 0.0}, {""tk"": ""Tulsa"", ""act"": 0.0}, {""tk"": ""The"", ""act"": 0.0}, {""tk"": ""capital"", ""act"": 0.0}, {""tk"": ""of"", ""act"": 0.0}, {""tk"": ""state"", ""act"": 0.0}, {""tk"": ""United"", ""act"": 0.0}, {""tk"": ""attribute"", ""act"": 0.0}, {""tk"": ""seat"", ""act"": 0.0}, {""tk"": ""government"", ""act"": 0.0}, {""tk"": ""relationship"", ""act"": 0.0}, {""tk"": ""which"", ""act"": 0.0}]"
0_88875,0,88875,entity: The capital city of Oklahoma is Oklahoma City,entity,1,0.0,0.0,semantic,"[{""token"": ""entity"", ""index"": 1, ""distance"": 0, ""direction"": ""self""}]",n/a,Semantic,Dictionary,1.0,False,,containing,"[{""tk"": ""containing"", ""act"": 13.765202522277832}, {""tk"": ""entity"", ""act"": 0.0}, {""tk"": ""city"", ""act"": 0.0}, {""tk"": ""in"", ""act"": 0.0}, {""tk"": ""Oklahoma"", ""act"": 0.0}, {""tk"": ""USA"", ""act"": 0.0}, {""tk"": ""is"", ""act"": 0.0}, {""tk"": ""Tulsa"", ""act"": 0.0}, {""tk"": ""The"", ""act"": 0.0}, {""tk"": ""capital"", ""act"": 0.0}, {""tk"": ""of"", ""act"": 0.0}, {""tk"": ""state"", ""act"": 0.0}, {""tk"": ""United"", ""act"": 0.0}, {""tk"": ""attribute"", ""act"": 0.0}, {""tk"": ""seat"", ""act"": 0.0}, {""tk"": ""government"", ""act"": 0.0}, {""tk"": ""relationship"", ""act"": 0.0}, {""tk"": ""which"", ""act"": 0.0}]"
0_89974,0,89974,entity: The capital city of Oklahoma is Oklahoma City,entity,1,0.0,0.0,semantic,"[{""token"": ""entity"", ""index"": 1, ""distance"": 0, ""direction"": ""self""}]",n/a,Semantic,Dictionary (fallback),0.9,False,,containing,"[{""tk"": ""containing"", ""act"": 30.332237243652344}, {""tk"": ""entity"", ""act"": 0.0}, {""tk"": ""city"", ""act"": 0.0}, {""tk"": ""in"", ""act"": 0.0}, {""tk"": ""Oklahoma"", ""act"": 0.0}, {""tk"": ""USA"", ""act"": 0.0}, {""tk"": ""is"", ""act"": 0.0}, {""tk"": ""Tulsa"", ""act"": 0.0}, {""tk"": ""The"", ""act"": 0.0}, {""tk"": ""capital"", ""act"": 0.0}, {""tk"": ""of"", ""act"": 0.0}, {""tk"": ""state"", ""act"": 0.0}, {""tk"": ""United"", ""act"": 0.0}, {""tk"": ""attribute"", ""act"": 0.0}, {""tk"": ""seat"", ""act"": 0.0}, {""tk"": ""government"", ""act"": 0.0}, {""tk"": ""relationship"", ""act"": 0.0}, {""tk"": ""which"", ""act"": 0.0}]"
0_94884,0,94884,entity: The capital city of Oklahoma is Oklahoma City,entity,1,0.0,0.0,semantic,"[{""token"": ""entity"", ""index"": 1, ""distance"": 0, ""direction"": ""self""}]",n/a,Semantic,Dictionary,1.0,False,,Tulsa,"[{""tk"": ""Tulsa"", ""act"": 10.35931396484375}, {""tk"": ""entity"", ""act"": 0.0}, {""tk"": ""city"", ""act"": 0.0}, {""tk"": ""in"", ""act"": 0.0}, {""tk"": ""Oklahoma"", ""act"": 0.0}, {""tk"": ""USA"", ""act"": 0.0}, {""tk"": ""is"", ""act"": 0.0}, {""tk"": ""The"", ""act"": 0.0}, {""tk"": ""capital"", ""act"": 0.0}, {""tk"": ""of"", ""act"": 0.0}, {""tk"": ""state"", ""act"": 0.0}, {""tk"": ""United"", ""act"": 0.0}, {""tk"": ""attribute"", ""act"": 0.0}, {""tk"": ""seat"", ""act"": 0.0}, {""tk"": ""government"", ""act"": 0.0}, {""tk"": ""relationship"", ""act"": 0.0}, {""tk"": ""which"", ""act"": 0.0}, {""tk"": ""containing"", ""act"": 0.0}]"
0_95264,0,95264,entity: The capital city of Oklahoma is Oklahoma City,entity,1,0.0,0.0,semantic,"[{""token"": ""entity"", ""index"": 1, ""distance"": 0, ""direction"": ""self""}]",n/a,Semantic,Dictionary (fallback),0.9,False,,attribute,"[{""tk"": ""attribute"", ""act"": 4.412742614746094}, {""tk"": ""relationship"", ""act"": 1.6707706451416016}, {""tk"": ""entity"", ""act"": 0.0}, {""tk"": ""city"", ""act"": 0.0}, {""tk"": ""in"", ""act"": 0.0}, {""tk"": ""Oklahoma"", ""act"": 0.0}, {""tk"": ""USA"", ""act"": 0.0}, {""tk"": ""is"", ""act"": 0.0}, {""tk"": ""Tulsa"", ""act"": 0.0}, {""tk"": ""The"", ""act"": 0.0}, {""tk"": ""capital"", ""act"": 0.0}, {""tk"": ""of"", ""act"": 0.0}, {""tk"": ""state"", ""act"": 0.0}, {""tk"": ""United"", ""act"": 0.0}, {""tk"": ""seat"", ""act"": 0.0}, {""tk"": ""government"", ""act"": 0.0}, {""tk"": ""which"", ""act"": 0.0}, {""tk"": ""containing"", ""act"": 0.0}]"
1_12928,1,12928,entity: The capital city of Oklahoma is Oklahoma City,entity,1,105.53134155273438,0.1993639336146285,semantic,"[{""token"": ""entity"", ""index"": 1, ""distance"": 0, ""direction"": ""self""}]",n/a,Relationship,,1.0,False,,(attribute) related,"[{""tk"": ""attribute"", ""act"": 116.61937713623047}, {""tk"": ""relationship"", ""act"": 115.05401611328125}, {""tk"": ""Oklahoma"", ""act"": 113.96753692626953}, {""tk"": ""entity"", ""act"": 105.53134155273438}, {""tk"": ""United"", ""act"": 103.95380401611328}, {""tk"": ""city"", ""act"": 102.33412170410156}, {""tk"": ""state"", ""act"": 91.09199523925781}, {""tk"": ""Tulsa"", ""act"": 89.87969970703125}, {""tk"": ""is"", ""act"": 87.51624298095703}, {""tk"": ""government"", ""act"": 86.91158294677734}, {""tk"": ""the"", ""act"": 86.17095947265625}, {""tk"": ""which"", ""act"": 82.6561279296875}, {""tk"": ""capital"", ""act"": 74.68241882324219}, {""tk"": ""in"", ""act"": 73.71795654296875}, {""tk"": ""USA"", ""act"": 73.03155517578125}, {""tk"": ""seat"", ""act"": 70.52598571777344}, {""tk"": ""of"", ""act"": 68.17405700683594}, {""tk"": ""containing"", ""act"": 62.237648010253906}]"
1_57794,1,57794,entity: The capital city of Oklahoma is Oklahoma City,entity,1,113.9979019165039,0.2520698760996987,semantic,"[{""token"": ""entity"", ""index"": 1, ""distance"": 0, ""direction"": ""self""}]",n/a,Relationship,,1.0,False,,(attribute) related,"[{""tk"": ""attribute"", ""act"": 125.1230239868164}, {""tk"": ""relationship"", ""act"": 121.0589599609375}, {""tk"": ""entity"", ""act"": 113.9979019165039}, {""tk"": ""Oklahoma"", ""act"": 95.80353546142578}, {""tk"": ""The"", ""act"": 90.81844329833984}, {""tk"": ""United"", ""act"": 90.7586898803711}, {""tk"": ""Tulsa"", ""act"": 89.61299896240234}, {""tk"": ""state"", ""act"": 85.2448959350586}, {""tk"": ""is"", ""act"": 84.57393646240234}, {""tk"": ""seat"", ""act"": 83.95726776123047}, {""tk"": ""of"", ""act"": 81.49526977539062}, {""tk"": ""in"", ""act"": 80.10187530517578}, {""tk"": ""USA"", ""act"": 78.79046630859375}, {""tk"": ""which"", ""act"": 78.58411407470703}, {""tk"": ""city"", ""act"": 78.5748291015625}, {""tk"": ""government"", ""act"": 78.36383819580078}, {""tk"": ""capital"", ""act"": 77.23419952392578}, {""tk"": ""containing"", ""act"": 74.69670104980469}]"
1_52044,1,52044,entity: The capital city of Oklahoma is Oklahoma City, capital,4,111.7784652709961,0.3216483765950333,semantic,"[{""token"": "" capital"", ""index"": 4, ""distance"": 0, ""direction"": ""self""}]",n/a,Relationship,,1.0,False,,(containing) related,"[{""tk"": ""containing"", ""act"": 125.91358184814453}, {""tk"": ""capital"", ""act"": 118.56844329833984}, {""tk"": ""city"", ""act"": 112.72059631347656}, {""tk"": ""state"", ""act"": 110.67672729492188}, {""tk"": ""USA"", ""act"": 106.47532653808594}, {""tk"": ""is"", ""act"": 100.27664184570312}, {""tk"": ""seat"", ""act"": 93.41542053222656}, {""tk"": ""government"", ""act"": 92.29335021972656}, {""tk"": ""which"", ""act"": 87.12095642089844}, {""tk"": ""United"", ""act"": 85.41799926757812}, {""tk"": ""The"", ""act"": 81.9691162109375}, {""tk"": ""Tulsa"", ""act"": 81.490478515625}, {""tk"": ""Oklahoma"", ""act"": 79.02906036376953}, {""tk"": ""in"", ""act"": 78.93173217773438}, {""tk"": ""of"", ""act"": 75.42842864990234}, {""tk"": ""entity"", ""act"": 61.78181838989258}, {""tk"": ""relationship"", ""act"": 56.93061447143555}, {""tk"": ""attribute"", ""act"": 43.5494384765625}]"
1_72774,1,72774,entity: The capital city of Oklahoma is Oklahoma City, city,5,84.13316345214844,0.1859055251134845,semantic,"[{""token"": "" city"", ""index"": 5, ""distance"": 0, ""direction"": ""self""}]",n/a,Relationship,,1.0,False,,(capital) related,"[{""tk"": ""capital"", ""act"": 102.21701049804688}, {""tk"": ""city"", ""act"": 98.39340209960938}, {""tk"": ""containing"", ""act"": 97.6826171875}, {""tk"": ""seat"", ""act"": 92.99653625488281}, {""tk"": ""state"", ""act"": 91.85028076171875}, {""tk"": ""is"", ""act"": 90.29220581054688}, {""tk"": ""government"", ""act"": 84.53697204589844}, {""tk"": ""USA"", ""act"": 84.1927490234375}, {""tk"": ""Oklahoma"", ""act"": 79.41793823242188}, {""tk"": ""the"", ""act"": 78.6541748046875}, {""tk"": ""of"", ""act"": 78.48052978515625}, {""tk"": ""which"", ""act"": 71.98298645019531}, {""tk"": ""in"", ""act"": 71.59417724609375}, {""tk"": ""United"", ""act"": 71.54949951171875}, {""tk"": ""Tulsa"", ""act"": 71.27827453613281}, {""tk"": ""entity"", ""act"": 41.08169174194336}, {""tk"": ""relationship"", ""act"": 40.78220748901367}, {""tk"": ""attribute"", ""act"": 23.17362403869629}]"
1_72233,1,72233,entity: The capital city of Oklahoma is Oklahoma City, Oklahoma,7,50.27792739868164,0.8029878626473316,semantic,"[{""token"": "" Oklahoma"", ""index"": 7, ""distance"": 0, ""direction"": ""self""}]",n/a,Semantic,Dictionary (fallback),0.9,False,,Oklahoma,"[{""tk"": ""Oklahoma"", ""act"": 50.62027359008789}, {""tk"": ""Tulsa"", ""act"": 17.878734588623047}, {""tk"": ""entity"", ""act"": 0.0}, {""tk"": ""city"", ""act"": 0.0}, {""tk"": ""in"", ""act"": 0.0}, {""tk"": ""USA"", ""act"": 0.0}, {""tk"": ""is"", ""act"": 0.0}, {""tk"": ""The"", ""act"": 0.0}, {""tk"": ""capital"", ""act"": 0.0}, {""tk"": ""of"", ""act"": 0.0}, {""tk"": ""state"", ""act"": 0.0}, {""tk"": ""United"", ""act"": 0.0}, {""tk"": ""attribute"", ""act"": 0.0}, {""tk"": ""seat"", ""act"": 0.0}, {""tk"": ""government"", ""act"": 0.0}, {""tk"": ""relationship"", ""act"": 0.0}, {""tk"": ""which"", ""act"": 0.0}, {""tk"": ""containing"", ""act"": 0.0}]"
1_74380,1,74380,entity: The capital city of Oklahoma is Oklahoma City, capital,4,17.934070587158203,0.8999999999999999,semantic,"[{""token"": "" capital"", ""index"": 4, ""distance"": 0, ""direction"": ""self""}]",n/a,Semantic,Dictionary,1.0,False,,capital,"[{""tk"": ""capital"", ""act"": 17.934070587158203}, {""tk"": ""entity"", ""act"": 0.0}, {""tk"": ""city"", ""act"": 0.0}, {""tk"": ""in"", ""act"": 0.0}, {""tk"": ""Oklahoma"", ""act"": 0.0}, {""tk"": ""USA"", ""act"": 0.0}, {""tk"": ""is"", ""act"": 0.0}, {""tk"": ""Tulsa"", ""act"": 0.0}, {""tk"": ""The"", ""act"": 0.0}, {""tk"": ""of"", ""act"": 0.0}, {""tk"": ""state"", ""act"": 0.0}, {""tk"": ""United"", ""act"": 0.0}, {""tk"": ""attribute"", ""act"": 0.0}, {""tk"": ""seat"", ""act"": 0.0}, {""tk"": ""government"", ""act"": 0.0}, {""tk"": ""relationship"", ""act"": 0.0}, {""tk"": ""which"", ""act"": 0.0}, {""tk"": ""containing"", ""act"": 0.0}]"
1_85217,1,85217,entity: The capital city of Oklahoma is Oklahoma City, capital,4,8.1768159866333,0.9,semantic,"[{""token"": "" capital"", ""index"": 4, ""distance"": 0, ""direction"": ""self""}]",n/a,Semantic,Dictionary,1.0,False,,capital,"[{""tk"": ""capital"", ""act"": 20.99380874633789}, {""tk"": ""entity"", ""act"": 0.0}, {""tk"": ""city"", ""act"": 0.0}, {""tk"": ""in"", ""act"": 0.0}, {""tk"": ""Oklahoma"", ""act"": 0.0}, {""tk"": ""USA"", ""act"": 0.0}, {""tk"": ""is"", ""act"": 0.0}, {""tk"": ""Tulsa"", ""act"": 0.0}, {""tk"": ""The"", ""act"": 0.0}, {""tk"": ""of"", ""act"": 0.0}, {""tk"": ""state"", ""act"": 0.0}, {""tk"": ""United"", ""act"": 0.0}, {""tk"": ""attribute"", ""act"": 0.0}, {""tk"": ""seat"", ""act"": 0.0}, {""tk"": ""government"", ""act"": 0.0}, {""tk"": ""relationship"", ""act"": 0.0}, {""tk"": ""which"", ""act"": 0.0}, {""tk"": ""containing"", ""act"": 0.0}]"
1_56907,1,56907,entity: The capital city of Oklahoma is Oklahoma City, is,8,6.065802097320557,0.9,functional,"[{""token"": "" Oklahoma"", ""index"": 9, ""distance"": 1, ""direction"": ""forward""}]",json,Semantic,Dictionary (fallback),0.9,False,,is,"[{""tk"": ""is"", ""act"": 6.065802097320557}, {""tk"": ""entity"", ""act"": 0.0}, {""tk"": ""city"", ""act"": 0.0}, {""tk"": ""in"", ""act"": 0.0}, {""tk"": ""Oklahoma"", ""act"": 0.0}, {""tk"": ""USA"", ""act"": 0.0}, {""tk"": ""Tulsa"", ""act"": 0.0}, {""tk"": ""The"", ""act"": 0.0}, {""tk"": ""capital"", ""act"": 0.0}, {""tk"": ""of"", ""act"": 0.0}, {""tk"": ""state"", ""act"": 0.0}, {""tk"": ""United"", ""act"": 0.0}, {""tk"": ""attribute"", ""act"": 0.0}, {""tk"": ""seat"", ""act"": 0.0}, {""tk"": ""government"", ""act"": 0.0}, {""tk"": ""relationship"", ""act"": 0.0}, {""tk"": ""which"", ""act"": 0.0}, {""tk"": ""containing"", ""act"": 0.0}]"
1_18568,1,18568,entity: The capital city of Oklahoma is Oklahoma City, is,8,1.9358277320861816,0.9,functional,"[{""token"": "" Oklahoma"", ""index"": 9, ""distance"": 1, ""direction"": ""forward""}]",json,Semantic,Dictionary,0.8333333333333334,False,,is,"[{""tk"": ""is"", ""act"": 5.408833980560303}, {""tk"": ""entity"", ""act"": 0.0}, {""tk"": ""city"", ""act"": 0.0}, {""tk"": ""in"", ""act"": 0.0}, {""tk"": ""Oklahoma"", ""act"": 0.0}, {""tk"": ""USA"", ""act"": 0.0}, {""tk"": ""Tulsa"", ""act"": 0.0}, {""tk"": ""The"", ""act"": 0.0}, {""tk"": ""capital"", ""act"": 0.0}, {""tk"": ""of"", ""act"": 0.0}, {""tk"": ""state"", ""act"": 0.0}, {""tk"": ""United"", ""act"": 0.0}, {""tk"": ""attribute"", ""act"": 0.0}, {""tk"": ""seat"", ""act"": 0.0}, {""tk"": ""government"", ""act"": 0.0}, {""tk"": ""relationship"", ""act"": 0.0}, {""tk"": ""which"", ""act"": 0.0}, {""tk"": ""containing"", ""act"": 0.0}]"
1_82299,1,82299,entity: The capital city of Oklahoma is Oklahoma City, capital,4,1.3306407928466797,0.8999999999999999,semantic,"[{""token"": "" capital"", ""index"": 4, ""distance"": 0, ""direction"": ""self""}]",n/a,Semantic,Dictionary,1.0,False,,capital,"[{""tk"": ""capital"", ""act"": 12.999090194702148}, {""tk"": ""entity"", ""act"": 0.0}, {""tk"": ""city"", ""act"": 0.0}, {""tk"": ""in"", ""act"": 0.0}, {""tk"": ""Oklahoma"", ""act"": 0.0}, {""tk"": ""USA"", ""act"": 0.0}, {""tk"": ""is"", ""act"": 0.0}, {""tk"": ""Tulsa"", ""act"": 0.0}, {""tk"": ""The"", ""act"": 0.0}, {""tk"": ""of"", ""act"": 0.0}, {""tk"": ""state"", ""act"": 0.0}, {""tk"": ""United"", ""act"": 0.0}, {""tk"": ""attribute"", ""act"": 0.0}, {""tk"": ""seat"", ""act"": 0.0}, {""tk"": ""government"", ""act"": 0.0}, {""tk"": ""relationship"", ""act"": 0.0}, {""tk"": ""which"", ""act"": 0.0}, {""tk"": ""containing"", ""act"": 0.0}]"
1_9286,1,9286,entity: The capital city of Oklahoma is Oklahoma City,entity,1,0.0,0.0,semantic,"[{""token"": ""entity"", ""index"": 1, ""distance"": 0, ""direction"": ""self""}]",n/a,Semantic,Dictionary,1.0,False,,Tulsa,"[{""tk"": ""Tulsa"", ""act"": 17.467994689941406}, {""tk"": ""entity"", ""act"": 0.0}, {""tk"": ""city"", ""act"": 0.0}, {""tk"": ""in"", ""act"": 0.0}, {""tk"": ""Oklahoma"", ""act"": 0.0}, {""tk"": ""USA"", ""act"": 0.0}, {""tk"": ""is"", ""act"": 0.0}, {""tk"": ""The"", ""act"": 0.0}, {""tk"": ""capital"", ""act"": 0.0}, {""tk"": ""of"", ""act"": 0.0}, {""tk"": ""state"", ""act"": 0.0}, {""tk"": ""United"", ""act"": 0.0}, {""tk"": ""attribute"", ""act"": 0.0}, {""tk"": ""seat"", ""act"": 0.0}, {""tk"": ""government"", ""act"": 0.0}, {""tk"": ""relationship"", ""act"": 0.0}, {""tk"": ""which"", ""act"": 0.0}, {""tk"": ""containing"", ""act"": 0.0}]"
1_20399,1,20399,entity: The capital city of Oklahoma is Oklahoma City,entity,1,0.0,0.0,semantic,"[{""token"": ""entity"", ""index"": 1, ""distance"": 0, ""direction"": ""self""}]",n/a,Semantic,Dictionary,1.0,False,,Tulsa,"[{""tk"": ""Tulsa"", ""act"": 8.231454849243164}, {""tk"": ""entity"", ""act"": 0.0}, {""tk"": ""city"", ""act"": 0.0}, {""tk"": ""in"", ""act"": 0.0}, {""tk"": ""Oklahoma"", ""act"": 0.0}, {""tk"": ""USA"", ""act"": 0.0}, {""tk"": ""is"", ""act"": 0.0}, {""tk"": ""The"", ""act"": 0.0}, {""tk"": ""capital"", ""act"": 0.0}, {""tk"": ""of"", ""act"": 0.0}, {""tk"": ""state"", ""act"": 0.0}, {""tk"": ""United"", ""act"": 0.0}, {""tk"": ""attribute"", ""act"": 0.0}, {""tk"": ""seat"", ""act"": 0.0}, {""tk"": ""government"", ""act"": 0.0}, {""tk"": ""relationship"", ""act"": 0.0}, {""tk"": ""which"", ""act"": 0.0}, {""tk"": ""containing"", ""act"": 0.0}]"
1_24006,1,24006,entity: The capital city of Oklahoma is Oklahoma City,entity,1,0.0,0.0,semantic,"[{""token"": ""entity"", ""index"": 1, ""distance"": 0, ""direction"": ""self""}]",n/a,Semantic,Dictionary,1.0,False,,Tulsa,"[{""tk"": ""Tulsa"", ""act"": 18.00099754333496}, {""tk"": ""entity"", ""act"": 0.0}, {""tk"": ""city"", ""act"": 0.0}, {""tk"": ""in"", ""act"": 0.0}, {""tk"": ""Oklahoma"", ""act"": 0.0}, {""tk"": ""USA"", ""act"": 0.0}, {""tk"": ""is"", ""act"": 0.0}, {""tk"": ""The"", ""act"": 0.0}, {""tk"": ""capital"", ""act"": 0.0}, {""tk"": ""of"", ""act"": 0.0}, {""tk"": ""state"", ""act"": 0.0}, {""tk"": ""United"", ""act"": 0.0}, {""tk"": ""attribute"", ""act"": 0.0}, {""tk"": ""seat"", ""act"": 0.0}, {""tk"": ""government"", ""act"": 0.0}, {""tk"": ""relationship"", ""act"": 0.0}, {""tk"": ""which"", ""act"": 0.0}, {""tk"": ""containing"", ""act"": 0.0}]"
1_60564,1,60564,entity: The capital city of Oklahoma is Oklahoma City,entity,1,0.0,0.0,semantic,"[{""token"": ""entity"", ""index"": 1, ""distance"": 0, ""direction"": ""self""}]",n/a,Semantic,Dictionary,1.0,False,,Tulsa,"[{""tk"": ""Tulsa"", ""act"": 13.770854949951172}, {""tk"": ""entity"", ""act"": 0.0}, {""tk"": ""city"", ""act"": 0.0}, {""tk"": ""in"", ""act"": 0.0}, {""tk"": ""Oklahoma"", ""act"": 0.0}, {""tk"": ""USA"", ""act"": 0.0}, {""tk"": ""is"", ""act"": 0.0}, {""tk"": ""The"", ""act"": 0.0}, {""tk"": ""capital"", ""act"": 0.0}, {""tk"": ""of"", ""act"": 0.0}, {""tk"": ""state"", ""act"": 0.0}, {""tk"": ""United"", ""act"": 0.0}, {""tk"": ""attribute"", ""act"": 0.0}, {""tk"": ""seat"", ""act"": 0.0}, {""tk"": ""government"", ""act"": 0.0}, {""tk"": ""relationship"", ""act"": 0.0}, {""tk"": ""which"", ""act"": 0.0}, {""tk"": ""containing"", ""act"": 0.0}]"
1_64129,1,64129,entity: The capital city of Oklahoma is Oklahoma City,entity,1,0.0,0.0,semantic,"[{""token"": ""entity"", ""index"": 1, ""distance"": 0, ""direction"": ""self""}]",n/a,Relationship,,1.0,False,,(entity) related,"[{""tk"": ""entity"", ""act"": 0.0}, {""tk"": ""city"", ""act"": 0.0}, {""tk"": ""in"", ""act"": 0.0}, {""tk"": ""Oklahoma"", ""act"": 0.0}, {""tk"": ""USA"", ""act"": 0.0}, {""tk"": ""is"", ""act"": 0.0}, {""tk"": ""Tulsa"", ""act"": 0.0}, {""tk"": ""The"", ""act"": 0.0}, {""tk"": ""capital"", ""act"": 0.0}, {""tk"": ""of"", ""act"": 0.0}, {""tk"": ""state"", ""act"": 0.0}, {""tk"": ""United"", ""act"": 0.0}, {""tk"": ""attribute"", ""act"": 0.0}, {""tk"": ""seat"", ""act"": 0.0}, {""tk"": ""government"", ""act"": 0.0}, {""tk"": ""relationship"", ""act"": 0.0}, {""tk"": ""which"", ""act"": 0.0}, {""tk"": ""containing"", ""act"": 0.0}]"
1_73733,1,73733,entity: The capital city of Oklahoma is Oklahoma City,entity,1,0.0,0.0,semantic,"[{""token"": ""entity"", ""index"": 1, ""distance"": 0, ""direction"": ""self""}]",n/a,Relationship,,1.0,False,,(entity) related,"[{""tk"": ""entity"", ""act"": 0.0}, {""tk"": ""city"", ""act"": 0.0}, {""tk"": ""in"", ""act"": 0.0}, {""tk"": ""Oklahoma"", ""act"": 0.0}, {""tk"": ""USA"", ""act"": 0.0}, {""tk"": ""is"", ""act"": 0.0}, {""tk"": ""Tulsa"", ""act"": 0.0}, {""tk"": ""The"", ""act"": 0.0}, {""tk"": ""capital"", ""act"": 0.0}, {""tk"": ""of"", ""act"": 0.0}, {""tk"": ""state"", ""act"": 0.0}, {""tk"": ""United"", ""act"": 0.0}, {""tk"": ""attribute"", ""act"": 0.0}, {""tk"": ""seat"", ""act"": 0.0}, {""tk"": ""government"", ""act"": 0.0}, {""tk"": ""relationship"", ""act"": 0.0}, {""tk"": ""which"", ""act"": 0.0}, {""tk"": ""containing"", ""act"": 0.0}]"
1_92117,1,92117,entity: The capital city of Oklahoma is Oklahoma City,entity,1,0.0,0.0,semantic,"[{""token"": ""entity"", ""index"": 1, ""distance"": 0, ""direction"": ""self""}]",n/a,Semantic,Dictionary (fallback),0.9,False,,is,"[{""tk"": ""is"", ""act"": 0.20768213272094727}, {""tk"": ""entity"", ""act"": 0.0}, {""tk"": ""city"", ""act"": 0.0}, {""tk"": ""in"", ""act"": 0.0}, {""tk"": ""Oklahoma"", ""act"": 0.0}, {""tk"": ""USA"", ""act"": 0.0}, {""tk"": ""Tulsa"", ""act"": 0.0}, {""tk"": ""The"", ""act"": 0.0}, {""tk"": ""capital"", ""act"": 0.0}, {""tk"": ""of"", ""act"": 0.0}, {""tk"": ""state"", ""act"": 0.0}, {""tk"": ""United"", ""act"": 0.0}, {""tk"": ""attribute"", ""act"": 0.0}, {""tk"": ""seat"", ""act"": 0.0}, {""tk"": ""government"", ""act"": 0.0}, {""tk"": ""relationship"", ""act"": 0.0}, {""tk"": ""which"", ""act"": 0.0}, {""tk"": ""containing"", ""act"": 0.0}]"
2_36902,2,36902,entity: The capital city of Oklahoma is Oklahoma City, capital,4,20.3389949798584,0.9,semantic,"[{""token"": "" capital"", ""index"": 4, ""distance"": 0, ""direction"": ""self""}]",n/a,Semantic,Dictionary,1.0,False,,capital,"[{""tk"": ""capital"", ""act"": 20.3389949798584}, {""tk"": ""entity"", ""act"": 0.0}, {""tk"": ""city"", ""act"": 0.0}, {""tk"": ""in"", ""act"": 0.0}, {""tk"": ""Oklahoma"", ""act"": 0.0}, {""tk"": ""USA"", ""act"": 0.0}, {""tk"": ""is"", ""act"": 0.0}, {""tk"": ""Tulsa"", ""act"": 0.0}, {""tk"": ""The"", ""act"": 0.0}, {""tk"": ""of"", ""act"": 0.0}, {""tk"": ""state"", ""act"": 0.0}, {""tk"": ""United"", ""act"": 0.0}, {""tk"": ""attribute"", ""act"": 0.0}, {""tk"": ""seat"", ""act"": 0.0}, {""tk"": ""government"", ""act"": 0.0}, {""tk"": ""relationship"", ""act"": 0.0}, {""tk"": ""which"", ""act"": 0.0}, {""tk"": ""containing"", ""act"": 0.0}]"
2_96724,2,96724,entity: The capital city of Oklahoma is Oklahoma City, City,10,20.22091484069824,0.8999999999999999,semantic,"[{""token"": "" City"", ""index"": 10, ""distance"": 0, ""direction"": ""self""}]",n/a,Semantic,Dictionary (fallback),0.9,False,,Tulsa,"[{""tk"": ""Tulsa"", ""act"": 22.0113468170166}, {""tk"": ""City"", ""act"": 20.220914840698242}, {""tk"": ""entity"", ""act"": 0.0}, {""tk"": ""in"", ""act"": 0.0}, {""tk"": ""Oklahoma"", ""act"": 0.0}, {""tk"": ""USA"", ""act"": 0.0}, {""tk"": ""is"", ""act"": 0.0}, {""tk"": ""The"", ""act"": 0.0}, {""tk"": ""capital"", ""act"": 0.0}, {""tk"": ""of"", ""act"": 0.0}, {""tk"": ""state"", ""act"": 0.0}, {""tk"": ""United"", ""act"": 0.0}, {""tk"": ""attribute"", ""act"": 0.0}, {""tk"": ""seat"", ""act"": 0.0}, {""tk"": ""government"", ""act"": 0.0}, {""tk"": ""relationship"", ""act"": 0.0}, {""tk"": ""which"", ""act"": 0.0}, {""tk"": ""containing"", ""act"": 0.0}]"
2_1890,2,1890,entity: The capital city of Oklahoma is Oklahoma City, capital,4,15.066326141357422,0.8999999999999999,semantic,"[{""token"": "" capital"", ""index"": 4, ""distance"": 0, ""direction"": ""self""}]",n/a,Semantic,Dictionary,1.0,False,,capital,"[{""tk"": ""capital"", ""act"": 25.489017486572266}, {""tk"": ""entity"", ""act"": 0.0}, {""tk"": ""city"", ""act"": 0.0}, {""tk"": ""in"", ""act"": 0.0}, {""tk"": ""Oklahoma"", ""act"": 0.0}, {""tk"": ""USA"", ""act"": 0.0}, {""tk"": ""is"", ""act"": 0.0}, {""tk"": ""Tulsa"", ""act"": 0.0}, {""tk"": ""The"", ""act"": 0.0}, {""tk"": ""of"", ""act"": 0.0}, {""tk"": ""state"", ""act"": 0.0}, {""tk"": ""United"", ""act"": 0.0}, {""tk"": ""attribute"", ""act"": 0.0}, {""tk"": ""seat"", ""act"": 0.0}, {""tk"": ""government"", ""act"": 0.0}, {""tk"": ""relationship"", ""act"": 0.0}, {""tk"": ""which"", ""act"": 0.0}, {""tk"": ""containing"", ""act"": 0.0}]"
2_82010,2,82010,entity: The capital city of Oklahoma is Oklahoma City, is,8,10.153023719787598,0.9,functional,"[{""token"": "" Oklahoma"", ""index"": 9, ""distance"": 1, ""direction"": ""forward""}]",json,Semantic,Dictionary (fallback),0.9,False,,is,"[{""tk"": ""is"", ""act"": 10.153023719787598}, {""tk"": ""entity"", ""act"": 0.0}, {""tk"": ""city"", ""act"": 0.0}, {""tk"": ""in"", ""act"": 0.0}, {""tk"": ""Oklahoma"", ""act"": 0.0}, {""tk"": ""USA"", ""act"": 0.0}, {""tk"": ""Tulsa"", ""act"": 0.0}, {""tk"": ""The"", ""act"": 0.0}, {""tk"": ""capital"", ""act"": 0.0}, {""tk"": ""of"", ""act"": 0.0}, {""tk"": ""state"", ""act"": 0.0}, {""tk"": ""United"", ""act"": 0.0}, {""tk"": ""attribute"", ""act"": 0.0}, {""tk"": ""seat"", ""act"": 0.0}, {""tk"": ""government"", ""act"": 0.0}, {""tk"": ""relationship"", ""act"": 0.0}, {""tk"": ""which"", ""act"": 0.0}, {""tk"": ""containing"", ""act"": 0.0}]"
2_76232,2,76232,entity: The capital city of Oklahoma is Oklahoma City, is,8,7.742938995361328,0.9,functional,"[{""token"": "" Oklahoma"", ""index"": 9, ""distance"": 1, ""direction"": ""forward""}]",json,Semantic,Dictionary,0.8333333333333334,False,,is,"[{""tk"": ""is"", ""act"": 11.182415008544922}, {""tk"": ""entity"", ""act"": 0.0}, {""tk"": ""city"", ""act"": 0.0}, {""tk"": ""in"", ""act"": 0.0}, {""tk"": ""Oklahoma"", ""act"": 0.0}, {""tk"": ""USA"", ""act"": 0.0}, {""tk"": ""Tulsa"", ""act"": 0.0}, {""tk"": ""The"", ""act"": 0.0}, {""tk"": ""capital"", ""act"": 0.0}, {""tk"": ""of"", ""act"": 0.0}, {""tk"": ""state"", ""act"": 0.0}, {""tk"": ""United"", ""act"": 0.0}, {""tk"": ""attribute"", ""act"": 0.0}, {""tk"": ""seat"", ""act"": 0.0}, {""tk"": ""government"", ""act"": 0.0}, {""tk"": ""relationship"", ""act"": 0.0}, {""tk"": ""which"", ""act"": 0.0}, {""tk"": ""containing"", ""act"": 0.0}]"
2_42602,2,42602,entity: The capital city of Oklahoma is Oklahoma City, is,8,6.621593952178955,0.9,functional,"[{""token"": "" Oklahoma"", ""index"": 9, ""distance"": 1, ""direction"": ""forward""}]",json,Semantic,Dictionary (fallback),0.9,False,,is,"[{""tk"": ""is"", ""act"": 10.920089721679688}, {""tk"": ""entity"", ""act"": 0.0}, {""tk"": ""city"", ""act"": 0.0}, {""tk"": ""in"", ""act"": 0.0}, {""tk"": ""Oklahoma"", ""act"": 0.0}, {""tk"": ""USA"", ""act"": 0.0}, {""tk"": ""Tulsa"", ""act"": 0.0}, {""tk"": ""The"", ""act"": 0.0}, {""tk"": ""capital"", ""act"": 0.0}, {""tk"": ""of"", ""act"": 0.0}, {""tk"": ""state"", ""act"": 0.0}, {""tk"": ""United"", ""act"": 0.0}, {""tk"": ""attribute"", ""act"": 0.0}, {""tk"": ""seat"", ""act"": 0.0}, {""tk"": ""government"", ""act"": 0.0}, {""tk"": ""relationship"", ""act"": 0.0}, {""tk"": ""which"", ""act"": 0.0}, {""tk"": ""containing"", ""act"": 0.0}]"
2_4865,2,4865,entity: The capital city of Oklahoma is Oklahoma City, capital,4,2.6949265003204346,0.9,semantic,"[{""token"": "" capital"", ""index"": 4, ""distance"": 0, ""direction"": ""self""}]",n/a,Semantic,Dictionary,1.0,False,,capital,"[{""tk"": ""capital"", ""act"": 3.5495402812957764}, {""tk"": ""seat"", ""act"": 2.168384313583374}, {""tk"": ""entity"", ""act"": 0.0}, {""tk"": ""city"", ""act"": 0.0}, {""tk"": ""in"", ""act"": 0.0}, {""tk"": ""Oklahoma"", ""act"": 0.0}, {""tk"": ""USA"", ""act"": 0.0}, {""tk"": ""is"", ""act"": 0.0}, {""tk"": ""Tulsa"", ""act"": 0.0}, {""tk"": ""The"", ""act"": 0.0}, {""tk"": ""of"", ""act"": 0.0}, {""tk"": ""state"", ""act"": 0.0}, {""tk"": ""United"", ""act"": 0.0}, {""tk"": ""attribute"", ""act"": 0.0}, {""tk"": ""government"", ""act"": 0.0}, {""tk"": ""relationship"", ""act"": 0.0}, {""tk"": ""which"", ""act"": 0.0}, {""tk"": ""containing"", ""act"": 0.0}]"
3_52779,3,52779,entity: The capital city of Oklahoma is Oklahoma City,entity,1,0.0,0.0,semantic,"[{""token"": ""entity"", ""index"": 1, ""distance"": 0, ""direction"": ""self""}]",n/a,Semantic,Dictionary (fallback),0.9,False,,in,"[{""tk"": ""in"", ""act"": 22.74864959716797}, {""tk"": ""containing"", ""act"": 17.660171508789062}, {""tk"": ""the"", ""act"": 13.811017036437988}, {""tk"": ""is"", ""act"": 13.126309394836426}, {""tk"": ""which"", ""act"": 9.762779235839844}, {""tk"": ""entity"", ""act"": 0.0}, {""tk"": ""city"", ""act"": 0.0}, {""tk"": ""Oklahoma"", ""act"": 0.0}, {""tk"": ""USA"", ""act"": 0.0}, {""tk"": ""Tulsa"", ""act"": 0.0}, {""tk"": ""capital"", ""act"": 0.0}, {""tk"": ""of"", ""act"": 0.0}, {""tk"": ""state"", ""act"": 0.0}, {""tk"": ""United"", ""act"": 0.0}, {""tk"": ""attribute"", ""act"": 0.0}, {""tk"": ""seat"", ""act"": 0.0}, {""tk"": ""government"", ""act"": 0.0}, {""tk"": ""relationship"", ""act"": 0.0}]"
3_66403,3,66403,entity: The capital city of Oklahoma is Oklahoma City,entity,1,0.0,0.0,semantic,"[{""token"": ""entity"", ""index"": 1, ""distance"": 0, ""direction"": ""self""}]",n/a,Relationship,,1.0,False,,(entity) related,"[{""tk"": ""entity"", ""act"": 0.0}, {""tk"": ""city"", ""act"": 0.0}, {""tk"": ""in"", ""act"": 0.0}, {""tk"": ""Oklahoma"", ""act"": 0.0}, {""tk"": ""USA"", ""act"": 0.0}, {""tk"": ""is"", ""act"": 0.0}, {""tk"": ""Tulsa"", ""act"": 0.0}, {""tk"": ""The"", ""act"": 0.0}, {""tk"": ""capital"", ""act"": 0.0}, {""tk"": ""of"", ""act"": 0.0}, {""tk"": ""state"", ""act"": 0.0}, {""tk"": ""United"", ""act"": 0.0}, {""tk"": ""attribute"", ""act"": 0.0}, {""tk"": ""seat"", ""act"": 0.0}, {""tk"": ""government"", ""act"": 0.0}, {""tk"": ""relationship"", ""act"": 0.0}, {""tk"": ""which"", ""act"": 0.0}, {""tk"": ""containing"", ""act"": 0.0}]"
3_66599,3,66599,entity: The capital city of Oklahoma is Oklahoma City, capital,4,20.67305374145508,0.6248670790756473,semantic,"[{""token"": "" capital"", ""index"": 4, ""distance"": 0, ""direction"": ""self""}]",n/a,Semantic,Dictionary (fallback),0.9,False,,state,"[{""tk"": ""state"", ""act"": 24.969038009643555}, {""tk"": ""capital"", ""act"": 20.673053741455078}, {""tk"": ""city"", ""act"": 15.51809310913086}, {""tk"": ""entity"", ""act"": 13.092288970947266}, {""tk"": ""relationship"", ""act"": 12.83310317993164}, {""tk"": ""Oklahoma"", ""act"": 12.549530982971191}, {""tk"": ""attribute"", ""act"": 11.992534637451172}, {""tk"": ""government"", ""act"": 11.66037654876709}, {""tk"": ""Tulsa"", ""act"": 11.336491584777832}, {""tk"": ""in"", ""act"": 6.152187824249268}, {""tk"": ""United"", ""act"": 5.482564449310303}, {""tk"": ""of"", ""act"": 0.6950088739395142}, {""tk"": ""seat"", ""act"": 0.5684137940406799}, {""tk"": ""USA"", ""act"": 0.0}, {""tk"": ""is"", ""act"": 0.0}, {""tk"": ""The"", ""act"": 0.0}, {""tk"": ""which"", ""act"": 0.0}, {""tk"": ""containing"", ""act"": 0.0}]"
3_28747,3,28747,entity: The capital city of Oklahoma is Oklahoma City, of,6,17.464412689208984,0.8877600754315406,functional,"[{""token"": "" city"", ""index"": 5, ""distance"": 1, ""direction"": ""backward""}]",json,Semantic,Dictionary (fallback),0.9,False,,of,"[{""tk"": ""of"", ""act"": 17.464412689208984}, {""tk"": ""is"", ""act"": 2.1376309394836426}, {""tk"": ""entity"", ""act"": 0.0}, {""tk"": ""city"", ""act"": 0.0}, {""tk"": ""in"", ""act"": 0.0}, {""tk"": ""Oklahoma"", ""act"": 0.0}, {""tk"": ""USA"", ""act"": 0.0}, {""tk"": ""Tulsa"", ""act"": 0.0}, {""tk"": ""The"", ""act"": 0.0}, {""tk"": ""capital"", ""act"": 0.0}, {""tk"": ""state"", ""act"": 0.0}, {""tk"": ""United"", ""act"": 0.0}, {""tk"": ""attribute"", ""act"": 0.0}, {""tk"": ""seat"", ""act"": 0.0}, {""tk"": ""government"", ""act"": 0.0}, {""tk"": ""relationship"", ""act"": 0.0}, {""tk"": ""which"", ""act"": 0.0}, {""tk"": ""containing"", ""act"": 0.0}]"
3_36499,3,36499,entity: The capital city of Oklahoma is Oklahoma City, of,6,17.267471313476562,0.8972041610921662,functional,"[{""token"": "" city"", ""index"": 5, ""distance"": 1, ""direction"": ""backward""}]",json,Semantic,Dictionary (fallback),0.9,False,,of,"[{""tk"": ""of"", ""act"": 17.267471313476562}, {""tk"": ""city"", ""act"": 0.4827706813812256}, {""tk"": ""entity"", ""act"": 0.0}, {""tk"": ""in"", ""act"": 0.0}, {""tk"": ""Oklahoma"", ""act"": 0.0}, {""tk"": ""USA"", ""act"": 0.0}, {""tk"": ""is"", ""act"": 0.0}, {""tk"": ""Tulsa"", ""act"": 0.0}, {""tk"": ""The"", ""act"": 0.0}, {""tk"": ""capital"", ""act"": 0.0}, {""tk"": ""state"", ""act"": 0.0}, {""tk"": ""United"", ""act"": 0.0}, {""tk"": ""attribute"", ""act"": 0.0}, {""tk"": ""seat"", ""act"": 0.0}, {""tk"": ""government"", ""act"": 0.0}, {""tk"": ""relationship"", ""act"": 0.0}, {""tk"": ""which"", ""act"": 0.0}, {""tk"": ""containing"", ""act"": 0.0}]"
3_2751,3,2751,entity: The capital city of Oklahoma is Oklahoma City, is,8,16.323118209838867,0.9,functional,"[{""token"": "" Oklahoma"", ""index"": 9, ""distance"": 1, ""direction"": ""forward""}]",json,Semantic,Dictionary (fallback),0.9,False,,is,"[{""tk"": ""is"", ""act"": 16.323118209838867}, {""tk"": ""entity"", ""act"": 0.0}, {""tk"": ""city"", ""act"": 0.0}, {""tk"": ""in"", ""act"": 0.0}, {""tk"": ""Oklahoma"", ""act"": 0.0}, {""tk"": ""USA"", ""act"": 0.0}, {""tk"": ""Tulsa"", ""act"": 0.0}, {""tk"": ""The"", ""act"": 0.0}, {""tk"": ""capital"", ""act"": 0.0}, {""tk"": ""of"", ""act"": 0.0}, {""tk"": ""state"", ""act"": 0.0}, {""tk"": ""United"", ""act"": 0.0}, {""tk"": ""attribute"", ""act"": 0.0}, {""tk"": ""seat"", ""act"": 0.0}, {""tk"": ""government"", ""act"": 0.0}, {""tk"": ""relationship"", ""act"": 0.0}, {""tk"": ""which"", ""act"": 0.0}, {""tk"": ""containing"", ""act"": 0.0}]"
3_13967,3,13967,entity: The capital city of Oklahoma is Oklahoma City, of,6,11.243531227111816,0.8322194030940744,functional,"[{""token"": "" city"", ""index"": 5, ""distance"": 1, ""direction"": ""backward""}]",json,Semantic,Dictionary (fallback),0.9,False,,of,"[{""tk"": ""of"", ""act"": 11.243531227111816}, {""tk"": ""is"", ""act"": 7.620932579040527}, {""tk"": ""the"", ""act"": 0.35361218452453613}, {""tk"": ""entity"", ""act"": 0.0}, {""tk"": ""city"", ""act"": 0.0}, {""tk"": ""in"", ""act"": 0.0}, {""tk"": ""Oklahoma"", ""act"": 0.0}, {""tk"": ""USA"", ""act"": 0.0}, {""tk"": ""Tulsa"", ""act"": 0.0}, {""tk"": ""capital"", ""act"": 0.0}, {""tk"": ""state"", ""act"": 0.0}, {""tk"": ""United"", ""act"": 0.0}, {""tk"": ""attribute"", ""act"": 0.0}, {""tk"": ""seat"", ""act"": 0.0}, {""tk"": ""government"", ""act"": 0.0}, {""tk"": ""relationship"", ""act"": 0.0}, {""tk"": ""which"", ""act"": 0.0}, {""tk"": ""containing"", ""act"": 0.0}]"
3_91022,3,91022,entity: The capital city of Oklahoma is Oklahoma City,entity,1,0.0,0.0,semantic,"[{""token"": ""entity"", ""index"": 1, ""distance"": 0, ""direction"": ""self""}]",n/a,Semantic,Dictionary (fallback),0.9,False,,containing,"[{""tk"": ""containing"", ""act"": 6.780716419219971}, {""tk"": ""entity"", ""act"": 0.0}, {""tk"": ""city"", ""act"": 0.0}, {""tk"": ""in"", ""act"": 0.0}, {""tk"": ""Oklahoma"", ""act"": 0.0}, {""tk"": ""USA"", ""act"": 0.0}, {""tk"": ""is"", ""act"": 0.0}, {""tk"": ""Tulsa"", ""act"": 0.0}, {""tk"": ""The"", ""act"": 0.0}, {""tk"": ""capital"", ""act"": 0.0}, {""tk"": ""of"", ""act"": 0.0}, {""tk"": ""state"", ""act"": 0.0}, {""tk"": ""United"", ""act"": 0.0}, {""tk"": ""attribute"", ""act"": 0.0}, {""tk"": ""seat"", ""act"": 0.0}, {""tk"": ""government"", ""act"": 0.0}, {""tk"": ""relationship"", ""act"": 0.0}, {""tk"": ""which"", ""act"": 0.0}]"
3_39890,3,39890,entity: The capital city of Oklahoma is Oklahoma City,entity,1,0.0,0.0,semantic,"[{""token"": ""entity"", ""index"": 1, ""distance"": 0, ""direction"": ""self""}]",n/a,Semantic,Dictionary,1.0,False,,Tulsa,"[{""tk"": ""Tulsa"", ""act"": 43.94550323486328}, {""tk"": ""entity"", ""act"": 0.0}, {""tk"": ""city"", ""act"": 0.0}, {""tk"": ""in"", ""act"": 0.0}, {""tk"": ""Oklahoma"", ""act"": 0.0}, {""tk"": ""USA"", ""act"": 0.0}, {""tk"": ""is"", ""act"": 0.0}, {""tk"": ""The"", ""act"": 0.0}, {""tk"": ""capital"", ""act"": 0.0}, {""tk"": ""of"", ""act"": 0.0}, {""tk"": ""state"", ""act"": 0.0}, {""tk"": ""United"", ""act"": 0.0}, {""tk"": ""attribute"", ""act"": 0.0}, {""tk"": ""seat"", ""act"": 0.0}, {""tk"": ""government"", ""act"": 0.0}, {""tk"": ""relationship"", ""act"": 0.0}, {""tk"": ""which"", ""act"": 0.0}, {""tk"": ""containing"", ""act"": 0.0}]"
3_93843,3,93843,entity: The capital city of Oklahoma is Oklahoma City, is,8,2.9922332763671875,0.9,functional,"[{""token"": "" Oklahoma"", ""index"": 9, ""distance"": 1, ""direction"": ""forward""}]",json,Semantic,Dictionary (fallback),0.9,False,,is,"[{""tk"": ""is"", ""act"": 3.7262954711914062}, {""tk"": ""entity"", ""act"": 0.0}, {""tk"": ""city"", ""act"": 0.0}, {""tk"": ""in"", ""act"": 0.0}, {""tk"": ""Oklahoma"", ""act"": 0.0}, {""tk"": ""USA"", ""act"": 0.0}, {""tk"": ""Tulsa"", ""act"": 0.0}, {""tk"": ""The"", ""act"": 0.0}, {""tk"": ""capital"", ""act"": 0.0}, {""tk"": ""of"", ""act"": 0.0}, {""tk"": ""state"", ""act"": 0.0}, {""tk"": ""United"", ""act"": 0.0}, {""tk"": ""attribute"", ""act"": 0.0}, {""tk"": ""seat"", ""act"": 0.0}, {""tk"": ""government"", ""act"": 0.0}, {""tk"": ""relationship"", ""act"": 0.0}, {""tk"": ""which"", ""act"": 0.0}, {""tk"": ""containing"", ""act"": 0.0}]"
4_3920,4,3920,entity: The capital city of Oklahoma is Oklahoma City,entity,1,24.343236923217773,0.8890539034058726,semantic,"[{""token"": ""entity"", ""index"": 1, ""distance"": 0, ""direction"": ""self""}]",n/a,Semantic,Concept,0.7,False,,entity,"[{""tk"": ""entity"", ""act"": 24.343236923217773}, {""tk"": ""relationship"", ""act"": 23.514083862304688}, {""tk"": ""attribute"", ""act"": 19.900348663330078}, {""tk"": ""city"", ""act"": 0.0}, {""tk"": ""in"", ""act"": 0.0}, {""tk"": ""Oklahoma"", ""act"": 0.0}, {""tk"": ""USA"", ""act"": 0.0}, {""tk"": ""is"", ""act"": 0.0}, {""tk"": ""Tulsa"", ""act"": 0.0}, {""tk"": ""The"", ""act"": 0.0}, {""tk"": ""capital"", ""act"": 0.0}, {""tk"": ""of"", ""act"": 0.0}, {""tk"": ""state"", ""act"": 0.0}, {""tk"": ""United"", ""act"": 0.0}, {""tk"": ""seat"", ""act"": 0.0}, {""tk"": ""government"", ""act"": 0.0}, {""tk"": ""which"", ""act"": 0.0}, {""tk"": ""containing"", ""act"": 0.0}]"
4_55831,4,55831,entity: The capital city of Oklahoma is Oklahoma City, capital,4,29.359546661376957,0.8504439526434922,semantic,"[{""token"": "" capital"", ""index"": 4, ""distance"": 0, ""direction"": ""self""}]",n/a,Semantic,Dictionary,1.0,False,,capital,"[{""tk"": ""capital"", ""act"": 29.359546661376953}, {""tk"": ""city"", ""act"": 11.154122352600098}, {""tk"": ""is"", ""act"": 3.395308494567871}, {""tk"": ""entity"", ""act"": 0.0}, {""tk"": ""in"", ""act"": 0.0}, {""tk"": ""Oklahoma"", ""act"": 0.0}, {""tk"": ""USA"", ""act"": 0.0}, {""tk"": ""Tulsa"", ""act"": 0.0}, {""tk"": ""The"", ""act"": 0.0}, {""tk"": ""of"", ""act"": 0.0}, {""tk"": ""state"", ""act"": 0.0}, {""tk"": ""United"", ""act"": 0.0}, {""tk"": ""attribute"", ""act"": 0.0}, {""tk"": ""seat"", ""act"": 0.0}, {""tk"": ""government"", ""act"": 0.0}, {""tk"": ""relationship"", ""act"": 0.0}, {""tk"": ""which"", ""act"": 0.0}, {""tk"": ""containing"", ""act"": 0.0}]"
4_83635,4,83635,entity: The capital city of Oklahoma is Oklahoma City, capital,4,21.525239944458008,0.5322578591413262,semantic,"[{""token"": "" capital"", ""index"": 4, ""distance"": 0, ""direction"": ""self""}]",n/a,Semantic,Concept,0.7,False,,city,"[{""tk"": ""city"", ""act"": 29.045270919799805}, {""tk"": ""attribute"", ""act"": 28.14508056640625}, {""tk"": ""Oklahoma"", ""act"": 24.367387771606445}, {""tk"": ""capital"", ""act"": 21.525239944458008}, {""tk"": ""state"", ""act"": 19.251550674438477}, {""tk"": ""USA"", ""act"": 18.27325439453125}, {""tk"": ""entity"", ""act"": 17.712905883789062}, {""tk"": ""relationship"", ""act"": 17.489112854003906}, {""tk"": ""Tulsa"", ""act"": 15.208170890808105}, {""tk"": ""government"", ""act"": 13.456141471862793}, {""tk"": ""of"", ""act"": 8.01102066040039}, {""tk"": ""containing"", ""act"": 7.884756565093994}, {""tk"": ""in"", ""act"": 6.716607570648193}, {""tk"": ""seat"", ""act"": 5.498795509338379}, {""tk"": ""is"", ""act"": 5.114175796508789}, {""tk"": ""United"", ""act"": 3.7701468467712402}, {""tk"": ""which"", ""act"": 2.1635446548461914}, {""tk"": ""The"", ""act"": 0.0}]"
4_52384,4,52384,entity: The capital city of Oklahoma is Oklahoma City, of,6,19.165246963500977,0.8333102551932906,functional,"[{""token"": "" city"", ""index"": 5, ""distance"": 1, ""direction"": ""backward""}]",json,Semantic,Ambiguous,0.3,True,"Ambiguous: peak_cons=0.50, n_peaks=2, func_vs_sem=100.0%, layer=4",of,"[{""tk"": ""of"", ""act"": 19.165246963500977}, {""tk"": ""Oklahoma"", ""act"": 9.872367858886719}, {""tk"": ""is"", ""act"": 2.908886432647705}, {""tk"": ""state"", ""act"": 1.426936149597168}, {""tk"": ""entity"", ""act"": 0.0}, {""tk"": ""city"", ""act"": 0.0}, {""tk"": ""in"", ""act"": 0.0}, {""tk"": ""USA"", ""act"": 0.0}, {""tk"": ""Tulsa"", ""act"": 0.0}, {""tk"": ""The"", ""act"": 0.0}, {""tk"": ""capital"", ""act"": 0.0}, {""tk"": ""United"", ""act"": 0.0}, {""tk"": ""attribute"", ""act"": 0.0}, {""tk"": ""seat"", ""act"": 0.0}, {""tk"": ""government"", ""act"": 0.0}, {""tk"": ""relationship"", ""act"": 0.0}, {""tk"": ""which"", ""act"": 0.0}, {""tk"": ""containing"", ""act"": 0.0}]"
4_72482,4,72482,entity: The capital city of Oklahoma is Oklahoma City, is,8,13.952035903930664,0.9,functional,"[{""token"": "" Oklahoma"", ""index"": 9, ""distance"": 1, ""direction"": ""forward""}]",json,Semantic,Ambiguous,0.3,True,"Ambiguous: peak_cons=0.50, n_peaks=1, func_vs_sem=100.0%, layer=4",is,"[{""tk"": ""is"", ""act"": 13.952035903930664}, {""tk"": ""entity"", ""act"": 0.0}, {""tk"": ""city"", ""act"": 0.0}, {""tk"": ""in"", ""act"": 0.0}, {""tk"": ""Oklahoma"", ""act"": 0.0}, {""tk"": ""USA"", ""act"": 0.0}, {""tk"": ""Tulsa"", ""act"": 0.0}, {""tk"": ""The"", ""act"": 0.0}, {""tk"": ""capital"", ""act"": 0.0}, {""tk"": ""of"", ""act"": 0.0}, {""tk"": ""state"", ""act"": 0.0}, {""tk"": ""United"", ""act"": 0.0}, {""tk"": ""attribute"", ""act"": 0.0}, {""tk"": ""seat"", ""act"": 0.0}, {""tk"": ""government"", ""act"": 0.0}, {""tk"": ""relationship"", ""act"": 0.0}, {""tk"": ""which"", ""act"": 0.0}, {""tk"": ""containing"", ""act"": 0.0}]"
4_83005,4,83005,entity: The capital city of Oklahoma is Oklahoma City, is,8,13.84489631652832,0.9,functional,"[{""token"": "" Oklahoma"", ""index"": 9, ""distance"": 1, ""direction"": ""forward""}]",json,Semantic,Ambiguous,0.3,True,"Ambiguous: peak_cons=0.50, n_peaks=1, func_vs_sem=100.0%, layer=4",is,"[{""tk"": ""is"", ""act"": 13.84489631652832}, {""tk"": ""entity"", ""act"": 0.0}, {""tk"": ""city"", ""act"": 0.0}, {""tk"": ""in"", ""act"": 0.0}, {""tk"": ""Oklahoma"", ""act"": 0.0}, {""tk"": ""USA"", ""act"": 0.0}, {""tk"": ""Tulsa"", ""act"": 0.0}, {""tk"": ""The"", ""act"": 0.0}, {""tk"": ""capital"", ""act"": 0.0}, {""tk"": ""of"", ""act"": 0.0}, {""tk"": ""state"", ""act"": 0.0}, {""tk"": ""United"", ""act"": 0.0}, {""tk"": ""attribute"", ""act"": 0.0}, {""tk"": ""seat"", ""act"": 0.0}, {""tk"": ""government"", ""act"": 0.0}, {""tk"": ""relationship"", ""act"": 0.0}, {""tk"": ""which"", ""act"": 0.0}, {""tk"": ""containing"", ""act"": 0.0}]"
4_97813,4,97813,entity: The capital city of Oklahoma is Oklahoma City, city,5,13.028558731079102,0.7375000237895963,semantic,"[{""token"": "" city"", ""index"": 5, ""distance"": 0, ""direction"": ""self""}]",n/a,Semantic,Concept,0.7,False,,government,"[{""tk"": ""government"", ""act"": 17.90291976928711}, {""tk"": ""of"", ""act"": 14.3899507522583}, {""tk"": ""seat"", ""act"": 14.0704984664917}, {""tk"": ""city"", ""act"": 13.028558731079102}, {""tk"": ""capital"", ""act"": 10.718213081359863}, {""tk"": ""is"", ""act"": 5.391778945922852}, {""tk"": ""the"", ""act"": 1.4474035501480103}, {""tk"": ""entity"", ""act"": 0.0}, {""tk"": ""in"", ""act"": 0.0}, {""tk"": ""Oklahoma"", ""act"": 0.0}, {""tk"": ""USA"", ""act"": 0.0}, {""tk"": ""Tulsa"", ""act"": 0.0}, {""tk"": ""state"", ""act"": 0.0}, {""tk"": ""United"", ""act"": 0.0}, {""tk"": ""attribute"", ""act"": 0.0}, {""tk"": ""relationship"", ""act"": 0.0}, {""tk"": ""which"", ""act"": 0.0}, {""tk"": ""containing"", ""act"": 0.0}]"
4_24267,4,24267,entity: The capital city of Oklahoma is Oklahoma City, is,8,12.455327987670898,0.8999999999999999,functional,"[{""token"": "" Oklahoma"", ""index"": 9, ""distance"": 1, ""direction"": ""forward""}]",json,Semantic,Ambiguous,0.3,True,"Ambiguous: peak_cons=0.50, n_peaks=1, func_vs_sem=100.0%, layer=4",is,"[{""tk"": ""is"", ""act"": 12.455327987670898}, {""tk"": ""entity"", ""act"": 0.0}, {""tk"": ""city"", ""act"": 0.0}, {""tk"": ""in"", ""act"": 0.0}, {""tk"": ""Oklahoma"", ""act"": 0.0}, {""tk"": ""USA"", ""act"": 0.0}, {""tk"": ""Tulsa"", ""act"": 0.0}, {""tk"": ""The"", ""act"": 0.0}, {""tk"": ""capital"", ""act"": 0.0}, {""tk"": ""of"", ""act"": 0.0}, {""tk"": ""state"", ""act"": 0.0}, {""tk"": ""United"", ""act"": 0.0}, {""tk"": ""attribute"", ""act"": 0.0}, {""tk"": ""seat"", ""act"": 0.0}, {""tk"": ""government"", ""act"": 0.0}, {""tk"": ""relationship"", ""act"": 0.0}, {""tk"": ""which"", ""act"": 0.0}, {""tk"": ""containing"", ""act"": 0.0}]"
4_3432,4,3432,entity: The capital city of Oklahoma is Oklahoma City, is,8,12.0611572265625,0.9,functional,"[{""token"": "" Oklahoma"", ""index"": 9, ""distance"": 1, ""direction"": ""forward""}]",json,Semantic,Ambiguous,0.3,True,"Ambiguous: peak_cons=0.50, n_peaks=1, func_vs_sem=100.0%, layer=4",is,"[{""tk"": ""is"", ""act"": 16.783905029296875}, {""tk"": ""entity"", ""act"": 0.0}, {""tk"": ""city"", ""act"": 0.0}, {""tk"": ""in"", ""act"": 0.0}, {""tk"": ""Oklahoma"", ""act"": 0.0}, {""tk"": ""USA"", ""act"": 0.0}, {""tk"": ""Tulsa"", ""act"": 0.0}, {""tk"": ""The"", ""act"": 0.0}, {""tk"": ""capital"", ""act"": 0.0}, {""tk"": ""of"", ""act"": 0.0}, {""tk"": ""state"", ""act"": 0.0}, {""tk"": ""United"", ""act"": 0.0}, {""tk"": ""attribute"", ""act"": 0.0}, {""tk"": ""seat"", ""act"": 0.0}, {""tk"": ""government"", ""act"": 0.0}, {""tk"": ""relationship"", ""act"": 0.0}, {""tk"": ""which"", ""act"": 0.0}, {""tk"": ""containing"", ""act"": 0.0}]"
4_58113,4,58113,entity: The capital city of Oklahoma is Oklahoma City, of,6,6.1291046142578125,0.7731882520034754,functional,"[{""token"": "" city"", ""index"": 5, ""distance"": 1, ""direction"": ""backward""}]",json,Semantic,Concept,0.7077726636889586,False,,city,"[{""tk"": ""city"", ""act"": 8.659708023071289}, {""tk"": ""of"", ""act"": 6.1291046142578125}, {""tk"": ""is"", ""act"": 5.2749223709106445}, {""tk"": ""in"", ""act"": 3.8225936889648438}, {""tk"": ""containing"", ""act"": 0.11254596710205078}, {""tk"": ""entity"", ""act"": 0.0}, {""tk"": ""Oklahoma"", ""act"": 0.0}, {""tk"": ""USA"", ""act"": 0.0}, {""tk"": ""Tulsa"", ""act"": 0.0}, {""tk"": ""The"", ""act"": 0.0}, {""tk"": ""capital"", ""act"": 0.0}, {""tk"": ""state"", ""act"": 0.0}, {""tk"": ""United"", ""act"": 0.0}, {""tk"": ""attribute"", ""act"": 0.0}, {""tk"": ""seat"", ""act"": 0.0}, {""tk"": ""government"", ""act"": 0.0}, {""tk"": ""relationship"", ""act"": 0.0}, {""tk"": ""which"", ""act"": 0.0}]"
4_54078,4,54078,entity: The capital city of Oklahoma is Oklahoma City,entity,1,0.0,0.0,semantic,"[{""token"": ""entity"", ""index"": 1, ""distance"": 0, ""direction"": ""self""}]",n/a,Relationship,,1.0,False,,(entity) related,"[{""tk"": ""entity"", ""act"": 0.0}, {""tk"": ""city"", ""act"": 0.0}, {""tk"": ""in"", ""act"": 0.0}, {""tk"": ""Oklahoma"", ""act"": 0.0}, {""tk"": ""USA"", ""act"": 0.0}, {""tk"": ""is"", ""act"": 0.0}, {""tk"": ""Tulsa"", ""act"": 0.0}, {""tk"": ""The"", ""act"": 0.0}, {""tk"": ""capital"", ""act"": 0.0}, {""tk"": ""of"", ""act"": 0.0}, {""tk"": ""state"", ""act"": 0.0}, {""tk"": ""United"", ""act"": 0.0}, {""tk"": ""attribute"", ""act"": 0.0}, {""tk"": ""seat"", ""act"": 0.0}, {""tk"": ""government"", ""act"": 0.0}, {""tk"": ""relationship"", ""act"": 0.0}, {""tk"": ""which"", ""act"": 0.0}, {""tk"": ""containing"", ""act"": 0.0}]"
4_54423,4,54423,entity: The capital city of Oklahoma is Oklahoma City,entity,1,0.0,0.0,semantic,"[{""token"": ""entity"", ""index"": 1, ""distance"": 0, ""direction"": ""self""}]",n/a,Semantic,Dictionary,1.0,False,,containing,"[{""tk"": ""containing"", ""act"": 8.495969772338867}, {""tk"": ""which"", ""act"": 1.9871268272399902}, {""tk"": ""in"", ""act"": 0.26462411880493164}, {""tk"": ""entity"", ""act"": 0.0}, {""tk"": ""city"", ""act"": 0.0}, {""tk"": ""Oklahoma"", ""act"": 0.0}, {""tk"": ""USA"", ""act"": 0.0}, {""tk"": ""is"", ""act"": 0.0}, {""tk"": ""Tulsa"", ""act"": 0.0}, {""tk"": ""The"", ""act"": 0.0}, {""tk"": ""capital"", ""act"": 0.0}, {""tk"": ""of"", ""act"": 0.0}, {""tk"": ""state"", ""act"": 0.0}, {""tk"": ""United"", ""act"": 0.0}, {""tk"": ""attribute"", ""act"": 0.0}, {""tk"": ""seat"", ""act"": 0.0}, {""tk"": ""government"", ""act"": 0.0}, {""tk"": ""relationship"", ""act"": 0.0}]"
4_95888,4,95888,entity: The capital city of Oklahoma is Oklahoma City,entity,1,0.0,0.0,semantic,"[{""token"": ""entity"", ""index"": 1, ""distance"": 0, ""direction"": ""self""}]",n/a,Semantic,Dictionary,1.0,False,,Tulsa,"[{""tk"": ""Tulsa"", ""act"": 46.79619216918945}, {""tk"": ""entity"", ""act"": 0.0}, {""tk"": ""city"", ""act"": 0.0}, {""tk"": ""in"", ""act"": 0.0}, {""tk"": ""Oklahoma"", ""act"": 0.0}, {""tk"": ""USA"", ""act"": 0.0}, {""tk"": ""is"", ""act"": 0.0}, {""tk"": ""The"", ""act"": 0.0}, {""tk"": ""capital"", ""act"": 0.0}, {""tk"": ""of"", ""act"": 0.0}, {""tk"": ""state"", ""act"": 0.0}, {""tk"": ""United"", ""act"": 0.0}, {""tk"": ""attribute"", ""act"": 0.0}, {""tk"": ""seat"", ""act"": 0.0}, {""tk"": ""government"", ""act"": 0.0}, {""tk"": ""relationship"", ""act"": 0.0}, {""tk"": ""which"", ""act"": 0.0}, {""tk"": ""containing"", ""act"": 0.0}]"
5_1551,5,1551,entity: The capital city of Oklahoma is Oklahoma City,entity,1,37.91087341308594,0.8999999999999999,semantic,"[{""token"": ""entity"", ""index"": 1, ""distance"": 0, ""direction"": ""self""}]",n/a,Semantic,Concept,0.7,False,,relationship,"[{""tk"": ""relationship"", ""act"": 40.19044876098633}, {""tk"": ""attribute"", ""act"": 39.44136428833008}, {""tk"": ""entity"", ""act"": 37.91087341308594}, {""tk"": ""city"", ""act"": 0.0}, {""tk"": ""in"", ""act"": 0.0}, {""tk"": ""Oklahoma"", ""act"": 0.0}, {""tk"": ""USA"", ""act"": 0.0}, {""tk"": ""is"", ""act"": 0.0}, {""tk"": ""Tulsa"", ""act"": 0.0}, {""tk"": ""The"", ""act"": 0.0}, {""tk"": ""capital"", ""act"": 0.0}, {""tk"": ""of"", ""act"": 0.0}, {""tk"": ""state"", ""act"": 0.0}, {""tk"": ""United"", ""act"": 0.0}, {""tk"": ""seat"", ""act"": 0.0}, {""tk"": ""government"", ""act"": 0.0}, {""tk"": ""which"", ""act"": 0.0}, {""tk"": ""containing"", ""act"": 0.0}]"
5_32184,5,32184,entity: The capital city of Oklahoma is Oklahoma City, of,6,32.639617919921875,0.8324341302528669,functional,"[{""token"": "" city"", ""index"": 5, ""distance"": 1, ""direction"": ""backward""}]",json,Semantic,Ambiguous,0.3,True,"Ambiguous: peak_cons=0.33, n_peaks=3, func_vs_sem=51.1%, layer=5",capital,"[{""tk"": ""of"", ""act"": 32.639617919921875}, {""tk"": ""capital"", ""act"": 15.967439651489258}, {""tk"": ""city"", ""act"": 14.918037414550781}, {""tk"": ""is"", ""act"": 2.2012782096862793}, {""tk"": ""in"", ""act"": 2.1469907760620117}, {""tk"": ""seat"", ""act"": 1.4746685028076172}, {""tk"": ""entity"", ""act"": 0.0}, {""tk"": ""Oklahoma"", ""act"": 0.0}, {""tk"": ""USA"", ""act"": 0.0}, {""tk"": ""Tulsa"", ""act"": 0.0}, {""tk"": ""The"", ""act"": 0.0}, {""tk"": ""state"", ""act"": 0.0}, {""tk"": ""United"", ""act"": 0.0}, {""tk"": ""attribute"", ""act"": 0.0}, {""tk"": ""government"", ""act"": 0.0}, {""tk"": ""relationship"", ""act"": 0.0}, {""tk"": ""which"", ""act"": 0.0}, {""tk"": ""containing"", ""act"": 0.0}]"
5_25085,5,25085,entity: The capital city of Oklahoma is Oklahoma City, Oklahoma,7,21.459491729736328,0.8643313091494287,semantic,"[{""token"": "" Oklahoma"", ""index"": 7, ""distance"": 0, ""direction"": ""self""}]",n/a,Semantic,Concept,0.7,False,,Oklahoma,"[{""tk"": ""Oklahoma"", ""act"": 21.459491729736328}, {""tk"": ""USA"", ""act"": 7.712401866912842}, {""tk"": ""City"", ""act"": 5.686503887176514}, {""tk"": ""Tulsa"", ""act"": 1.9479179382324219}, {""tk"": ""entity"", ""act"": 0.0}, {""tk"": ""in"", ""act"": 0.0}, {""tk"": ""is"", ""act"": 0.0}, {""tk"": ""The"", ""act"": 0.0}, {""tk"": ""capital"", ""act"": 0.0}, {""tk"": ""of"", ""act"": 0.0}, {""tk"": ""state"", ""act"": 0.0}, {""tk"": ""United"", ""act"": 0.0}, {""tk"": ""attribute"", ""act"": 0.0}, {""tk"": ""seat"", ""act"": 0.0}, {""tk"": ""government"", ""act"": 0.0}, {""tk"": ""relationship"", ""act"": 0.0}, {""tk"": ""which"", ""act"": 0.0}, {""tk"": ""containing"", ""act"": 0.0}]"
5_5917,5,5917,entity: The capital city of Oklahoma is Oklahoma City, City,10,18.723318099975582,0.7424424873815898,semantic,"[{""token"": "" City"", ""index"": 10, ""distance"": 0, ""direction"": ""self""}]",n/a,Semantic,Concept,0.7,False,,City,"[{""tk"": ""City"", ""act"": 18.723318099975586}, {""tk"": ""Oklahoma"", ""act"": 18.681676864624023}, {""tk"": ""Tulsa"", ""act"": 9.639930725097656}, {""tk"": ""entity"", ""act"": 0.0}, {""tk"": ""in"", ""act"": 0.0}, {""tk"": ""USA"", ""act"": 0.0}, {""tk"": ""is"", ""act"": 0.0}, {""tk"": ""The"", ""act"": 0.0}, {""tk"": ""capital"", ""act"": 0.0}, {""tk"": ""of"", ""act"": 0.0}, {""tk"": ""state"", ""act"": 0.0}, {""tk"": ""United"", ""act"": 0.0}, {""tk"": ""attribute"", ""act"": 0.0}, {""tk"": ""seat"", ""act"": 0.0}, {""tk"": ""government"", ""act"": 0.0}, {""tk"": ""relationship"", ""act"": 0.0}, {""tk"": ""which"", ""act"": 0.0}, {""tk"": ""containing"", ""act"": 0.0}]"
5_51213,5,51213,entity: The capital city of Oklahoma is Oklahoma City, of,6,18.14890480041504,0.7912211648497418,functional,"[{""token"": "" city"", ""index"": 5, ""distance"": 1, ""direction"": ""backward""}]",json,Semantic,Concept,0.5,False,,capital,"[{""tk"": ""of"", ""act"": 18.14890480041504}, {""tk"": ""city"", ""act"": 8.983392715454102}, {""tk"": ""is"", ""act"": 6.897368431091309}, {""tk"": ""capital"", ""act"": 5.454928398132324}, {""tk"": ""seat"", ""act"": 5.393360137939453}, {""tk"": ""government"", ""act"": 1.9978015422821045}, {""tk"": ""entity"", ""act"": 0.0}, {""tk"": ""in"", ""act"": 0.0}, {""tk"": ""Oklahoma"", ""act"": 0.0}, {""tk"": ""USA"", ""act"": 0.0}, {""tk"": ""Tulsa"", ""act"": 0.0}, {""tk"": ""The"", ""act"": 0.0}, {""tk"": ""state"", ""act"": 0.0}, {""tk"": ""United"", ""act"": 0.0}, {""tk"": ""attribute"", ""act"": 0.0}, {""tk"": ""relationship"", ""act"": 0.0}, {""tk"": ""which"", ""act"": 0.0}, {""tk"": ""containing"", ""act"": 0.0}]"
5_62103,5,62103,entity: The capital city of Oklahoma is Oklahoma City,entity,1,0.0,0.0,semantic,"[{""token"": ""entity"", ""index"": 1, ""distance"": 0, ""direction"": ""self""}]",n/a,Semantic,Dictionary,1.0,False,,Tulsa,"[{""tk"": ""Tulsa"", ""act"": 5.526529788970947}, {""tk"": ""entity"", ""act"": 0.0}, {""tk"": ""city"", ""act"": 0.0}, {""tk"": ""in"", ""act"": 0.0}, {""tk"": ""Oklahoma"", ""act"": 0.0}, {""tk"": ""USA"", ""act"": 0.0}, {""tk"": ""is"", ""act"": 0.0}, {""tk"": ""The"", ""act"": 0.0}, {""tk"": ""capital"", ""act"": 0.0}, {""tk"": ""of"", ""act"": 0.0}, {""tk"": ""state"", ""act"": 0.0}, {""tk"": ""United"", ""act"": 0.0}, {""tk"": ""attribute"", ""act"": 0.0}, {""tk"": ""seat"", ""act"": 0.0}, {""tk"": ""government"", ""act"": 0.0}, {""tk"": ""relationship"", ""act"": 0.0}, {""tk"": ""which"", ""act"": 0.0}, {""tk"": ""containing"", ""act"": 0.0}]"
5_94154,5,94154,entity: The capital city of Oklahoma is Oklahoma City, is,8,12.922520637512209,0.9,functional,"[{""token"": "" Oklahoma"", ""index"": 9, ""distance"": 1, ""direction"": ""forward""}]",json,Semantic,Concept,0.8371131296887989,False,,government,"[{""tk"": ""is"", ""act"": 12.922520637512207}, {""tk"": ""government"", ""act"": 10.817611694335938}, {""tk"": ""city"", ""act"": 5.639001846313477}, {""tk"": ""the"", ""act"": 1.1909029483795166}, {""tk"": ""capital"", ""act"": 0.6328201293945312}, {""tk"": ""entity"", ""act"": 0.0}, {""tk"": ""in"", ""act"": 0.0}, {""tk"": ""Oklahoma"", ""act"": 0.0}, {""tk"": ""USA"", ""act"": 0.0}, {""tk"": ""Tulsa"", ""act"": 0.0}, {""tk"": ""of"", ""act"": 0.0}, {""tk"": ""state"", ""act"": 0.0}, {""tk"": ""United"", ""act"": 0.0}, {""tk"": ""attribute"", ""act"": 0.0}, {""tk"": ""seat"", ""act"": 0.0}, {""tk"": ""relationship"", ""act"": 0.0}, {""tk"": ""which"", ""act"": 0.0}, {""tk"": ""containing"", ""act"": 0.0}]"
5_34406,5,34406,entity: The capital city of Oklahoma is Oklahoma City, is,8,0.6847803592681885,0.8999999999999999,functional,"[{""token"": "" Oklahoma"", ""index"": 9, ""distance"": 1, ""direction"": ""forward""}]",json,Semantic,Ambiguous,0.3,True,"Ambiguous: peak_cons=0.17, n_peaks=1, func_vs_sem=100.0%, layer=5",is,"[{""tk"": ""is"", ""act"": 0.6847803592681885}, {""tk"": ""entity"", ""act"": 0.0}, {""tk"": ""city"", ""act"": 0.0}, {""tk"": ""in"", ""act"": 0.0}, {""tk"": ""Oklahoma"", ""act"": 0.0}, {""tk"": ""USA"", ""act"": 0.0}, {""tk"": ""Tulsa"", ""act"": 0.0}, {""tk"": ""The"", ""act"": 0.0}, {""tk"": ""capital"", ""act"": 0.0}, {""tk"": ""of"", ""act"": 0.0}, {""tk"": ""state"", ""act"": 0.0}, {""tk"": ""United"", ""act"": 0.0}, {""tk"": ""attribute"", ""act"": 0.0}, {""tk"": ""seat"", ""act"": 0.0}, {""tk"": ""government"", ""act"": 0.0}, {""tk"": ""relationship"", ""act"": 0.0}, {""tk"": ""which"", ""act"": 0.0}, {""tk"": ""containing"", ""act"": 0.0}]"
6_22143,6,22143,entity: The capital city of Oklahoma is Oklahoma City, capital,4,27.022661209106445,0.4996876267631973,semantic,"[{""token"": "" capital"", ""index"": 4, ""distance"": 0, ""direction"": ""self""}]",n/a,Semantic,Concept,0.7,False,,USA,"[{""tk"": ""USA"", ""act"": 29.6772518157959}, {""tk"": ""capital"", ""act"": 27.022661209106445}, {""tk"": ""attribute"", ""act"": 25.566389083862305}, {""tk"": ""Oklahoma"", ""act"": 24.8913516998291}, {""tk"": ""entity"", ""act"": 23.500473022460938}, {""tk"": ""city"", ""act"": 17.3726863861084}, {""tk"": ""is"", ""act"": 16.952861785888672}, {""tk"": ""state"", ""act"": 13.70422649383545}, {""tk"": ""the"", ""act"": 13.393610000610352}, {""tk"": ""in"", ""act"": 9.335844039916992}, {""tk"": ""Tulsa"", ""act"": 7.9303460121154785}, {""tk"": ""relationship"", ""act"": 6.419626712799072}, {""tk"": ""United"", ""act"": 4.0318522453308105}, {""tk"": ""which"", ""act"": 0.24917440116405487}, {""tk"": ""of"", ""act"": 0.0}, {""tk"": ""seat"", ""act"": 0.0}, {""tk"": ""government"", ""act"": 0.0}, {""tk"": ""containing"", ""act"": 0.0}]"
6_78249,6,78249,entity: The capital city of Oklahoma is Oklahoma City, City,10,10.93203830718994,0.8999999999999999,semantic,"[{""token"": "" City"", ""index"": 10, ""distance"": 0, ""direction"": ""self""}]",n/a,Semantic,Concept,0.7,False,,Tulsa,"[{""tk"": ""Tulsa"", ""act"": 13.081111907958984}, {""tk"": ""City"", ""act"": 10.932038307189941}, {""tk"": ""entity"", ""act"": 0.0}, {""tk"": ""in"", ""act"": 0.0}, {""tk"": ""Oklahoma"", ""act"": 0.0}, {""tk"": ""USA"", ""act"": 0.0}, {""tk"": ""is"", ""act"": 0.0}, {""tk"": ""The"", ""act"": 0.0}, {""tk"": ""capital"", ""act"": 0.0}, {""tk"": ""of"", ""act"": 0.0}, {""tk"": ""state"", ""act"": 0.0}, {""tk"": ""United"", ""act"": 0.0}, {""tk"": ""attribute"", ""act"": 0.0}, {""tk"": ""seat"", ""act"": 0.0}, {""tk"": ""government"", ""act"": 0.0}, {""tk"": ""relationship"", ""act"": 0.0}, {""tk"": ""which"", ""act"": 0.0}, {""tk"": ""containing"", ""act"": 0.0}]"
6_34521,6,34521,entity: The capital city of Oklahoma is Oklahoma City, Oklahoma,7,7.293138027191162,0.9,semantic,"[{""token"": "" Oklahoma"", ""index"": 7, ""distance"": 0, ""direction"": ""self""}]",n/a,Semantic,Concept,0.7,False,,Oklahoma,"[{""tk"": ""Oklahoma"", ""act"": 7.293138027191162}, {""tk"": ""Tulsa"", ""act"": 2.9419121742248535}, {""tk"": ""entity"", ""act"": 0.0}, {""tk"": ""city"", ""act"": 0.0}, {""tk"": ""in"", ""act"": 0.0}, {""tk"": ""USA"", ""act"": 0.0}, {""tk"": ""is"", ""act"": 0.0}, {""tk"": ""The"", ""act"": 0.0}, {""tk"": ""capital"", ""act"": 0.0}, {""tk"": ""of"", ""act"": 0.0}, {""tk"": ""state"", ""act"": 0.0}, {""tk"": ""United"", ""act"": 0.0}, {""tk"": ""attribute"", ""act"": 0.0}, {""tk"": ""seat"", ""act"": 0.0}, {""tk"": ""government"", ""act"": 0.0}, {""tk"": ""relationship"", ""act"": 0.0}, {""tk"": ""which"", ""act"": 0.0}, {""tk"": ""containing"", ""act"": 0.0}]"
6_82979,6,82979,entity: The capital city of Oklahoma is Oklahoma City, Oklahoma,7,5.312705993652344,0.8923766130158527,semantic,"[{""token"": "" Oklahoma"", ""index"": 7, ""distance"": 0, ""direction"": ""self""}]",n/a,Semantic,Concept,0.7,False,,Oklahoma,"[{""tk"": ""Oklahoma"", ""act"": 6.748495101928711}, {""tk"": ""Tulsa"", ""act"": 5.861833572387695}, {""tk"": ""City"", ""act"": 0.40500813722610474}, {""tk"": ""entity"", ""act"": 0.0}, {""tk"": ""in"", ""act"": 0.0}, {""tk"": ""USA"", ""act"": 0.0}, {""tk"": ""is"", ""act"": 0.0}, {""tk"": ""The"", ""act"": 0.0}, {""tk"": ""capital"", ""act"": 0.0}, {""tk"": ""of"", ""act"": 0.0}, {""tk"": ""state"", ""act"": 0.0}, {""tk"": ""United"", ""act"": 0.0}, {""tk"": ""attribute"", ""act"": 0.0}, {""tk"": ""seat"", ""act"": 0.0}, {""tk"": ""government"", ""act"": 0.0}, {""tk"": ""relationship"", ""act"": 0.0}, {""tk"": ""which"", ""act"": 0.0}, {""tk"": ""containing"", ""act"": 0.0}]"
7_66851,7,66851,entity: The capital city of Oklahoma is Oklahoma City, capital,4,51.12392044067383,0.3790366038844399,semantic,"[{""token"": "" capital"", ""index"": 4, ""distance"": 0, ""direction"": ""self""}]",n/a,Relationship,,1.0,False,,(capital) related,"[{""tk"": ""capital"", ""act"": 51.12392044067383}, {""tk"": ""The"", ""act"": 49.53570556640625}, {""tk"": ""city"", ""act"": 47.1239128112793}, {""tk"": ""attribute"", ""act"": 44.321834564208984}, {""tk"": ""state"", ""act"": 40.79597854614258}, {""tk"": ""Oklahoma"", ""act"": 37.870025634765625}, {""tk"": ""relationship"", ""act"": 36.99917984008789}, {""tk"": ""Tulsa"", ""act"": 36.14399719238281}, {""tk"": ""entity"", ""act"": 35.37952423095703}, {""tk"": ""in"", ""act"": 33.60566329956055}, {""tk"": ""is"", ""act"": 30.233966827392578}, {""tk"": ""USA"", ""act"": 25.287979125976562}, {""tk"": ""United"", ""act"": 24.42596435546875}, {""tk"": ""of"", ""act"": 15.559822082519531}, {""tk"": ""government"", ""act"": 14.86802864074707}, {""tk"": ""which"", ""act"": 12.457620620727539}, {""tk"": ""containing"", ""act"": 9.191671371459961}, {""tk"": ""seat"", ""act"": 7.343652248382568}]"
7_61400,7,61400,entity: The capital city of Oklahoma is Oklahoma City, of,6,24.446348190307617,0.7343031153255379,functional,"[{""token"": "" city"", ""index"": 5, ""distance"": 1, ""direction"": ""backward""}]",json,Semantic,Concept,0.9038342904144644,False,,seat,"[{""tk"": ""seat"", ""act"": 27.047378540039062}, {""tk"": ""of"", ""act"": 24.446348190307617}, {""tk"": ""city"", ""act"": 17.92447280883789}, {""tk"": ""capital"", ""act"": 17.00651741027832}, {""tk"": ""government"", ""act"": 15.848814010620117}, {""tk"": ""the"", ""act"": 15.074621200561523}, {""tk"": ""in"", ""act"": 11.801795959472656}, {""tk"": ""is"", ""act"": 9.871255874633789}, {""tk"": ""state"", ""act"": 3.8132119178771973}, {""tk"": ""entity"", ""act"": 0.0}, {""tk"": ""Oklahoma"", ""act"": 0.0}, {""tk"": ""USA"", ""act"": 0.0}, {""tk"": ""Tulsa"", ""act"": 0.0}, {""tk"": ""United"", ""act"": 0.0}, {""tk"": ""attribute"", ""act"": 0.0}, {""tk"": ""relationship"", ""act"": 0.0}, {""tk"": ""which"", ""act"": 0.0}, {""tk"": ""containing"", ""act"": 0.0}]"
7_4843,7,4843,entity: The capital city of Oklahoma is Oklahoma City, Oklahoma,7,21.382781982421875,0.8720245781588293,semantic,"[{""token"": "" Oklahoma"", ""index"": 7, ""distance"": 0, ""direction"": ""self""}]",n/a,Semantic,Concept,0.7,False,,Oklahoma,"[{""tk"": ""Oklahoma"", ""act"": 22.43785858154297}, {""tk"": ""City"", ""act"": 5.043588638305664}, {""tk"": ""Tulsa"", ""act"": 4.893733024597168}, {""tk"": ""entity"", ""act"": 0.0}, {""tk"": ""in"", ""act"": 0.0}, {""tk"": ""USA"", ""act"": 0.0}, {""tk"": ""is"", ""act"": 0.0}, {""tk"": ""The"", ""act"": 0.0}, {""tk"": ""capital"", ""act"": 0.0}, {""tk"": ""of"", ""act"": 0.0}, {""tk"": ""state"", ""act"": 0.0}, {""tk"": ""United"", ""act"": 0.0}, {""tk"": ""attribute"", ""act"": 0.0}, {""tk"": ""seat"", ""act"": 0.0}, {""tk"": ""government"", ""act"": 0.0}, {""tk"": ""relationship"", ""act"": 0.0}, {""tk"": ""which"", ""act"": 0.0}, {""tk"": ""containing"", ""act"": 0.0}]"
7_35934,7,35934,entity: The capital city of Oklahoma is Oklahoma City, Oklahoma,7,15.385884284973145,0.7849144917561345,semantic,"[{""token"": "" Oklahoma"", ""index"": 7, ""distance"": 0, ""direction"": ""self""}]",n/a,Semantic,Concept,0.7,False,,Oklahoma,"[{""tk"": ""Oklahoma"", ""act"": 15.385884284973145}, {""tk"": ""Tulsa"", ""act"": 10.748343467712402}, {""tk"": ""City"", ""act"": 9.092178344726562}, {""tk"": ""is"", ""act"": 1.6983782052993774}, {""tk"": ""entity"", ""act"": 0.0}, {""tk"": ""in"", ""act"": 0.0}, {""tk"": ""USA"", ""act"": 0.0}, {""tk"": ""The"", ""act"": 0.0}, {""tk"": ""capital"", ""act"": 0.0}, {""tk"": ""of"", ""act"": 0.0}, {""tk"": ""state"", ""act"": 0.0}, {""tk"": ""United"", ""act"": 0.0}, {""tk"": ""attribute"", ""act"": 0.0}, {""tk"": ""seat"", ""act"": 0.0}, {""tk"": ""government"", ""act"": 0.0}, {""tk"": ""relationship"", ""act"": 0.0}, {""tk"": ""which"", ""act"": 0.0}, {""tk"": ""containing"", ""act"": 0.0}]"
7_3144,7,3144,entity: The capital city of Oklahoma is Oklahoma City, is,8,12.879249572753906,0.8716400459034339,functional,"[{""token"": "" Oklahoma"", ""index"": 9, ""distance"": 1, ""direction"": ""forward""}]",json,Semantic,Concept,0.7,False,,seat,"[{""tk"": ""seat"", ""act"": 19.122955322265625}, {""tk"": ""of"", ""act"": 17.120378494262695}, {""tk"": ""is"", ""act"": 12.879249572753906}, {""tk"": ""government"", ""act"": 9.54631233215332}, {""tk"": ""the"", ""act"": 6.785433292388916}, {""tk"": ""capital"", ""act"": 4.430372714996338}, {""tk"": ""state"", ""act"": 0.8215770721435547}, {""tk"": ""entity"", ""act"": 0.0}, {""tk"": ""city"", ""act"": 0.0}, {""tk"": ""in"", ""act"": 0.0}, {""tk"": ""Oklahoma"", ""act"": 0.0}, {""tk"": ""USA"", ""act"": 0.0}, {""tk"": ""Tulsa"", ""act"": 0.0}, {""tk"": ""United"", ""act"": 0.0}, {""tk"": ""attribute"", ""act"": 0.0}, {""tk"": ""relationship"", ""act"": 0.0}, {""tk"": ""which"", ""act"": 0.0}, {""tk"": ""containing"", ""act"": 0.0}]"
7_79007,7,79007,entity: The capital city of Oklahoma is Oklahoma City, is,8,6.294589042663574,0.8540023718421207,functional,"[{""token"": "" Oklahoma"", ""index"": 9, ""distance"": 1, ""direction"": ""forward""}]",json,"Say ""X""",,1.0,False,,Say (Oklahoma),"[{""tk"": ""is"", ""act"": 6.294589042663574}, {""tk"": ""Oklahoma"", ""act"": 2.8953616619110107}, {""tk"": ""the"", ""act"": 1.0101656913757324}, {""tk"": ""containing"", ""act"": 0.4453907310962677}, {""tk"": ""state"", ""act"": 0.40794315934181213}, {""tk"": ""entity"", ""act"": 0.0}, {""tk"": ""city"", ""act"": 0.0}, {""tk"": ""in"", ""act"": 0.0}, {""tk"": ""USA"", ""act"": 0.0}, {""tk"": ""Tulsa"", ""act"": 0.0}, {""tk"": ""capital"", ""act"": 0.0}, {""tk"": ""of"", ""act"": 0.0}, {""tk"": ""United"", ""act"": 0.0}, {""tk"": ""attribute"", ""act"": 0.0}, {""tk"": ""seat"", ""act"": 0.0}, {""tk"": ""government"", ""act"": 0.0}, {""tk"": ""relationship"", ""act"": 0.0}, {""tk"": ""which"", ""act"": 0.0}]"
7_89264,7,89264,entity: The capital city of Oklahoma is Oklahoma City, is,8,5.935651779174805,0.9,functional,"[{""token"": "" Oklahoma"", ""index"": 9, ""distance"": 1, ""direction"": ""forward""}]",json,"Say ""X""",,1.0,False,,Say (Oklahoma),"[{""tk"": ""is"", ""act"": 5.935651779174805}, {""tk"": ""entity"", ""act"": 0.0}, {""tk"": ""city"", ""act"": 0.0}, {""tk"": ""in"", ""act"": 0.0}, {""tk"": ""Oklahoma"", ""act"": 0.0}, {""tk"": ""USA"", ""act"": 0.0}, {""tk"": ""Tulsa"", ""act"": 0.0}, {""tk"": ""The"", ""act"": 0.0}, {""tk"": ""capital"", ""act"": 0.0}, {""tk"": ""of"", ""act"": 0.0}, {""tk"": ""state"", ""act"": 0.0}, {""tk"": ""United"", ""act"": 0.0}, {""tk"": ""attribute"", ""act"": 0.0}, {""tk"": ""seat"", ""act"": 0.0}, {""tk"": ""government"", ""act"": 0.0}, {""tk"": ""relationship"", ""act"": 0.0}, {""tk"": ""which"", ""act"": 0.0}, {""tk"": ""containing"", ""act"": 0.0}]"
7_70223,7,70223,entity: The capital city of Oklahoma is Oklahoma City,entity,1,0.0,0.0,semantic,"[{""token"": ""entity"", ""index"": 1, ""distance"": 0, ""direction"": ""self""}]",n/a,Relationship,,1.0,False,,(entity) related,"[{""tk"": ""entity"", ""act"": 0.0}, {""tk"": ""city"", ""act"": 0.0}, {""tk"": ""in"", ""act"": 0.0}, {""tk"": ""Oklahoma"", ""act"": 0.0}, {""tk"": ""USA"", ""act"": 0.0}, {""tk"": ""is"", ""act"": 0.0}, {""tk"": ""Tulsa"", ""act"": 0.0}, {""tk"": ""The"", ""act"": 0.0}, {""tk"": ""capital"", ""act"": 0.0}, {""tk"": ""of"", ""act"": 0.0}, {""tk"": ""state"", ""act"": 0.0}, {""tk"": ""United"", ""act"": 0.0}, {""tk"": ""attribute"", ""act"": 0.0}, {""tk"": ""seat"", ""act"": 0.0}, {""tk"": ""government"", ""act"": 0.0}, {""tk"": ""relationship"", ""act"": 0.0}, {""tk"": ""which"", ""act"": 0.0}, {""tk"": ""containing"", ""act"": 0.0}]"
8_37691,8,37691,entity: The capital city of Oklahoma is Oklahoma City, Oklahoma,7,59.9482421875,0.6198402288580033,semantic,"[{""token"": "" Oklahoma"", ""index"": 7, ""distance"": 0, ""direction"": ""self""}]",n/a,Semantic,Concept,0.7,False,,Oklahoma,"[{""tk"": ""Oklahoma"", ""act"": 59.9482421875}, {""tk"": ""Tulsa"", ""act"": 47.75476837158203}, {""tk"": ""city"", ""act"": 42.40685272216797}, {""tk"": ""state"", ""act"": 38.081817626953125}, {""tk"": ""United"", ""act"": 34.35245132446289}, {""tk"": ""is"", ""act"": 34.14787673950195}, {""tk"": ""in"", ""act"": 33.59162902832031}, {""tk"": ""capital"", ""act"": 32.52396774291992}, {""tk"": ""the"", ""act"": 31.789443969726562}, {""tk"": ""which"", ""act"": 26.694414138793945}, {""tk"": ""USA"", ""act"": 21.671632766723633}, {""tk"": ""containing"", ""act"": 20.22340965270996}, {""tk"": ""attribute"", ""act"": 13.858716011047363}, {""tk"": ""of"", ""act"": 9.817935943603516}, {""tk"": ""seat"", ""act"": 7.010494709014893}, {""tk"": ""entity"", ""act"": 6.141034126281738}, {""tk"": ""government"", ""act"": 3.096951723098755}, {""tk"": ""relationship"", ""act"": 0.0}]"
8_27025,8,27025,entity: The capital city of Oklahoma is Oklahoma City, city,5,18.32869911193848,0.7065754605564463,semantic,"[{""token"": "" city"", ""index"": 5, ""distance"": 0, ""direction"": ""self""}]",n/a,Semantic,Concept,0.7,False,,city,"[{""tk"": ""city"", ""act"": 18.328699111938477}, {""tk"": ""is"", ""act"": 16.004262924194336}, {""tk"": ""capital"", ""act"": 9.931890487670898}, {""tk"": ""of"", ""act"": 9.516048431396484}, {""tk"": ""entity"", ""act"": 0.0}, {""tk"": ""in"", ""act"": 0.0}, {""tk"": ""Oklahoma"", ""act"": 0.0}, {""tk"": ""USA"", ""act"": 0.0}, {""tk"": ""Tulsa"", ""act"": 0.0}, {""tk"": ""The"", ""act"": 0.0}, {""tk"": ""state"", ""act"": 0.0}, {""tk"": ""United"", ""act"": 0.0}, {""tk"": ""attribute"", ""act"": 0.0}, {""tk"": ""seat"", ""act"": 0.0}, {""tk"": ""government"", ""act"": 0.0}, {""tk"": ""relationship"", ""act"": 0.0}, {""tk"": ""which"", ""act"": 0.0}, {""tk"": ""containing"", ""act"": 0.0}]"
8_33722,8,33722,entity: The capital city of Oklahoma is Oklahoma City, Oklahoma,7,8.021228790283203,0.9,semantic,"[{""token"": "" Oklahoma"", ""index"": 7, ""distance"": 0, ""direction"": ""self""}]",n/a,Semantic,Concept,0.7,False,,Oklahoma,"[{""tk"": ""Oklahoma"", ""act"": 8.021228790283203}, {""tk"": ""Tulsa"", ""act"": 1.6153671741485596}, {""tk"": ""entity"", ""act"": 0.0}, {""tk"": ""city"", ""act"": 0.0}, {""tk"": ""in"", ""act"": 0.0}, {""tk"": ""USA"", ""act"": 0.0}, {""tk"": ""is"", ""act"": 0.0}, {""tk"": ""The"", ""act"": 0.0}, {""tk"": ""capital"", ""act"": 0.0}, {""tk"": ""of"", ""act"": 0.0}, {""tk"": ""state"", ""act"": 0.0}, {""tk"": ""United"", ""act"": 0.0}, {""tk"": ""attribute"", ""act"": 0.0}, {""tk"": ""seat"", ""act"": 0.0}, {""tk"": ""government"", ""act"": 0.0}, {""tk"": ""relationship"", ""act"": 0.0}, {""tk"": ""which"", ""act"": 0.0}, {""tk"": ""containing"", ""act"": 0.0}]"
8_91259,8,91259,entity: The capital city of Oklahoma is Oklahoma City, is,8,6.2996134757995605,0.8767490003025452,functional,"[{""token"": "" Oklahoma"", ""index"": 9, ""distance"": 1, ""direction"": ""forward""}]",json,"Say ""X""",,1.0,False,,Say (Oklahoma),"[{""tk"": ""is"", ""act"": 6.2996134757995605}, {""tk"": ""city"", ""act"": 1.4647231101989746}, {""tk"": ""entity"", ""act"": 0.0}, {""tk"": ""in"", ""act"": 0.0}, {""tk"": ""Oklahoma"", ""act"": 0.0}, {""tk"": ""USA"", ""act"": 0.0}, {""tk"": ""Tulsa"", ""act"": 0.0}, {""tk"": ""The"", ""act"": 0.0}, {""tk"": ""capital"", ""act"": 0.0}, {""tk"": ""of"", ""act"": 0.0}, {""tk"": ""state"", ""act"": 0.0}, {""tk"": ""United"", ""act"": 0.0}, {""tk"": ""attribute"", ""act"": 0.0}, {""tk"": ""seat"", ""act"": 0.0}, {""tk"": ""government"", ""act"": 0.0}, {""tk"": ""relationship"", ""act"": 0.0}, {""tk"": ""which"", ""act"": 0.0}, {""tk"": ""containing"", ""act"": 0.0}]"
8_43333,8,43333,entity: The capital city of Oklahoma is Oklahoma City, is,8,5.294937133789063,0.8999999999999999,functional,"[{""token"": "" Oklahoma"", ""index"": 9, ""distance"": 1, ""direction"": ""forward""}]",json,"Say ""X""",,1.0,False,,Say (Oklahoma),"[{""tk"": ""is"", ""act"": 5.2949371337890625}, {""tk"": ""entity"", ""act"": 0.0}, {""tk"": ""city"", ""act"": 0.0}, {""tk"": ""in"", ""act"": 0.0}, {""tk"": ""Oklahoma"", ""act"": 0.0}, {""tk"": ""USA"", ""act"": 0.0}, {""tk"": ""Tulsa"", ""act"": 0.0}, {""tk"": ""The"", ""act"": 0.0}, {""tk"": ""capital"", ""act"": 0.0}, {""tk"": ""of"", ""act"": 0.0}, {""tk"": ""state"", ""act"": 0.0}, {""tk"": ""United"", ""act"": 0.0}, {""tk"": ""attribute"", ""act"": 0.0}, {""tk"": ""seat"", ""act"": 0.0}, {""tk"": ""government"", ""act"": 0.0}, {""tk"": ""relationship"", ""act"": 0.0}, {""tk"": ""which"", ""act"": 0.0}, {""tk"": ""containing"", ""act"": 0.0}]"
8_94844,8,94844,entity: The capital city of Oklahoma is Oklahoma City, is,8,4.347738742828369,0.8999999999999999,functional,"[{""token"": "" Oklahoma"", ""index"": 9, ""distance"": 1, ""direction"": ""forward""}]",json,"Say ""X""",,1.0,False,,Say (Oklahoma),"[{""tk"": ""is"", ""act"": 4.347738742828369}, {""tk"": ""entity"", ""act"": 0.0}, {""tk"": ""city"", ""act"": 0.0}, {""tk"": ""in"", ""act"": 0.0}, {""tk"": ""Oklahoma"", ""act"": 0.0}, {""tk"": ""USA"", ""act"": 0.0}, {""tk"": ""Tulsa"", ""act"": 0.0}, {""tk"": ""The"", ""act"": 0.0}, {""tk"": ""capital"", ""act"": 0.0}, {""tk"": ""of"", ""act"": 0.0}, {""tk"": ""state"", ""act"": 0.0}, {""tk"": ""United"", ""act"": 0.0}, {""tk"": ""attribute"", ""act"": 0.0}, {""tk"": ""seat"", ""act"": 0.0}, {""tk"": ""government"", ""act"": 0.0}, {""tk"": ""relationship"", ""act"": 0.0}, {""tk"": ""which"", ""act"": 0.0}, {""tk"": ""containing"", ""act"": 0.0}]"
8_49126,8,49126,entity: The capital city of Oklahoma is Oklahoma City, city,5,1.2391650676727295,0.8403729050964562,semantic,"[{""token"": "" city"", ""index"": 5, ""distance"": 0, ""direction"": ""self""}]",n/a,Semantic,Concept,0.7,False,,city,"[{""tk"": ""the"", ""act"": 9.22913646697998}, {""tk"": ""city"", ""act"": 5.420082092285156}, {""tk"": ""seat"", ""act"": 4.043637275695801}, {""tk"": ""is"", ""act"": 1.78456711769104}, {""tk"": ""containing"", ""act"": 1.69818115234375}, {""tk"": ""in"", ""act"": 1.0876405239105225}, {""tk"": ""of"", ""act"": 0.6516338586807251}, {""tk"": ""entity"", ""act"": 0.0}, {""tk"": ""Oklahoma"", ""act"": 0.0}, {""tk"": ""USA"", ""act"": 0.0}, {""tk"": ""Tulsa"", ""act"": 0.0}, {""tk"": ""capital"", ""act"": 0.0}, {""tk"": ""state"", ""act"": 0.0}, {""tk"": ""United"", ""act"": 0.0}, {""tk"": ""attribute"", ""act"": 0.0}, {""tk"": ""government"", ""act"": 0.0}, {""tk"": ""relationship"", ""act"": 0.0}, {""tk"": ""which"", ""act"": 0.0}]"
9_4679,9,4679,entity: The capital city of Oklahoma is Oklahoma City, is,8,3.1898462772369385,0.9,functional,"[{""token"": "" Oklahoma"", ""index"": 9, ""distance"": 1, ""direction"": ""forward""}]",json,"Say ""X""",,1.0,False,,Say (Oklahoma),"[{""tk"": ""is"", ""act"": 3.1898462772369385}, {""tk"": ""the"", ""act"": 0.06924128532409668}, {""tk"": ""entity"", ""act"": 0.0}, {""tk"": ""city"", ""act"": 0.0}, {""tk"": ""in"", ""act"": 0.0}, {""tk"": ""Oklahoma"", ""act"": 0.0}, {""tk"": ""USA"", ""act"": 0.0}, {""tk"": ""Tulsa"", ""act"": 0.0}, {""tk"": ""capital"", ""act"": 0.0}, {""tk"": ""of"", ""act"": 0.0}, {""tk"": ""state"", ""act"": 0.0}, {""tk"": ""United"", ""act"": 0.0}, {""tk"": ""attribute"", ""act"": 0.0}, {""tk"": ""seat"", ""act"": 0.0}, {""tk"": ""government"", ""act"": 0.0}, {""tk"": ""relationship"", ""act"": 0.0}, {""tk"": ""which"", ""act"": 0.0}, {""tk"": ""containing"", ""act"": 0.0}]"
10_75793,10,75793,entity: The capital city of Oklahoma is Oklahoma City, Oklahoma,7,48.287628173828125,0.577986086335998,semantic,"[{""token"": "" Oklahoma"", ""index"": 7, ""distance"": 0, ""direction"": ""self""}]",n/a,Semantic,Concept,0.7,False,,Oklahoma,"[{""tk"": ""Oklahoma"", ""act"": 51.05384826660156}, {""tk"": ""is"", ""act"": 39.36930847167969}, {""tk"": ""city"", ""act"": 39.18864440917969}, {""tk"": ""USA"", ""act"": 38.450809478759766}, {""tk"": ""in"", ""act"": 31.05699920654297}, {""tk"": ""the"", ""act"": 30.694744110107422}, {""tk"": ""Tulsa"", ""act"": 26.914066314697266}, {""tk"": ""of"", ""act"": 26.388446807861328}, {""tk"": ""containing"", ""act"": 24.20592498779297}, {""tk"": ""United"", ""act"": 19.758338928222656}, {""tk"": ""government"", ""act"": 19.719295501708984}, {""tk"": ""capital"", ""act"": 15.062984466552734}, {""tk"": ""state"", ""act"": 14.852208137512207}, {""tk"": ""seat"", ""act"": 6.060904502868652}, {""tk"": ""entity"", ""act"": 0.0}, {""tk"": ""attribute"", ""act"": 0.0}, {""tk"": ""relationship"", ""act"": 0.0}, {""tk"": ""which"", ""act"": 0.0}]"
10_40368,10,40368,entity: The capital city of Oklahoma is Oklahoma City, is,8,25.52902603149414,0.9,functional,"[{""token"": "" Oklahoma"", ""index"": 9, ""distance"": 1, ""direction"": ""forward""}]",json,"Say ""X""",,1.0,False,,Say (Oklahoma),"[{""tk"": ""is"", ""act"": 25.52902603149414}, {""tk"": ""entity"", ""act"": 0.0}, {""tk"": ""city"", ""act"": 0.0}, {""tk"": ""in"", ""act"": 0.0}, {""tk"": ""Oklahoma"", ""act"": 0.0}, {""tk"": ""USA"", ""act"": 0.0}, {""tk"": ""Tulsa"", ""act"": 0.0}, {""tk"": ""The"", ""act"": 0.0}, {""tk"": ""capital"", ""act"": 0.0}, {""tk"": ""of"", ""act"": 0.0}, {""tk"": ""state"", ""act"": 0.0}, {""tk"": ""United"", ""act"": 0.0}, {""tk"": ""attribute"", ""act"": 0.0}, {""tk"": ""seat"", ""act"": 0.0}, {""tk"": ""government"", ""act"": 0.0}, {""tk"": ""relationship"", ""act"": 0.0}, {""tk"": ""which"", ""act"": 0.0}, {""tk"": ""containing"", ""act"": 0.0}]"
11_50131,11,50131,entity: The capital city of Oklahoma is Oklahoma City, Oklahoma,7,48.00299453735352,0.5379152207813014,semantic,"[{""token"": "" Oklahoma"", ""index"": 7, ""distance"": 0, ""direction"": ""self""}]",n/a,Semantic,Concept,0.7,False,,Oklahoma,"[{""tk"": ""Oklahoma"", ""act"": 51.476806640625}, {""tk"": ""City"", ""act"": 42.90842056274414}, {""tk"": ""Tulsa"", ""act"": 40.00016784667969}, {""tk"": ""capital"", ""act"": 32.42369842529297}, {""tk"": ""state"", ""act"": 31.960853576660156}, {""tk"": ""USA"", ""act"": 28.9772891998291}, {""tk"": ""is"", ""act"": 25.885787963867188}, {""tk"": ""seat"", ""act"": 20.70366859436035}, {""tk"": ""United"", ""act"": 20.259521484375}, {""tk"": ""government"", ""act"": 16.808237075805664}, {""tk"": ""the"", ""act"": 14.164325714111328}, {""tk"": ""of"", ""act"": 13.586553573608398}, {""tk"": ""containing"", ""act"": 11.94537353515625}, {""tk"": ""in"", ""act"": 10.796977996826172}, {""tk"": ""entity"", ""act"": 0.0}, {""tk"": ""attribute"", ""act"": 0.0}, {""tk"": ""relationship"", ""act"": 0.0}, {""tk"": ""which"", ""act"": 0.0}]"
12_27348,12,27348,entity: The capital city of Oklahoma is Oklahoma City, is,8,26.881675720214844,0.9,functional,"[{""token"": "" Oklahoma"", ""index"": 9, ""distance"": 1, ""direction"": ""forward""}]",json,"Say ""X""",,1.0,False,,Say (Oklahoma),"[{""tk"": ""is"", ""act"": 26.881675720214844}, {""tk"": ""entity"", ""act"": 0.0}, {""tk"": ""city"", ""act"": 0.0}, {""tk"": ""in"", ""act"": 0.0}, {""tk"": ""Oklahoma"", ""act"": 0.0}, {""tk"": ""USA"", ""act"": 0.0}, {""tk"": ""Tulsa"", ""act"": 0.0}, {""tk"": ""The"", ""act"": 0.0}, {""tk"": ""capital"", ""act"": 0.0}, {""tk"": ""of"", ""act"": 0.0}, {""tk"": ""state"", ""act"": 0.0}, {""tk"": ""United"", ""act"": 0.0}, {""tk"": ""attribute"", ""act"": 0.0}, {""tk"": ""seat"", ""act"": 0.0}, {""tk"": ""government"", ""act"": 0.0}, {""tk"": ""relationship"", ""act"": 0.0}, {""tk"": ""which"", ""act"": 0.0}, {""tk"": ""containing"", ""act"": 0.0}]"
12_5597,12,5597,entity: The capital city of Oklahoma is Oklahoma City, is,8,24.96383285522461,0.8999999999999999,functional,"[{""token"": "" Oklahoma"", ""index"": 9, ""distance"": 1, ""direction"": ""forward""}]",json,"Say ""X""",,1.0,False,,Say (Oklahoma),"[{""tk"": ""is"", ""act"": 24.96383285522461}, {""tk"": ""entity"", ""act"": 0.0}, {""tk"": ""city"", ""act"": 0.0}, {""tk"": ""in"", ""act"": 0.0}, {""tk"": ""Oklahoma"", ""act"": 0.0}, {""tk"": ""USA"", ""act"": 0.0}, {""tk"": ""Tulsa"", ""act"": 0.0}, {""tk"": ""The"", ""act"": 0.0}, {""tk"": ""capital"", ""act"": 0.0}, {""tk"": ""of"", ""act"": 0.0}, {""tk"": ""state"", ""act"": 0.0}, {""tk"": ""United"", ""act"": 0.0}, {""tk"": ""attribute"", ""act"": 0.0}, {""tk"": ""seat"", ""act"": 0.0}, {""tk"": ""government"", ""act"": 0.0}, {""tk"": ""relationship"", ""act"": 0.0}, {""tk"": ""which"", ""act"": 0.0}, {""tk"": ""containing"", ""act"": 0.0}]"
12_87969,12,87969,entity: The capital city of Oklahoma is Oklahoma City, is,8,19.98517608642578,0.886895426631525,functional,"[{""token"": "" Oklahoma"", ""index"": 9, ""distance"": 1, ""direction"": ""forward""}]",json,"Say ""X""",,1.0,False,,Say (capital),"[{""tk"": ""the"", ""act"": 30.410320281982422}, {""tk"": ""city"", ""act"": 23.238815307617188}, {""tk"": ""is"", ""act"": 19.98517608642578}, {""tk"": ""capital"", ""act"": 15.231819152832031}, {""tk"": ""Oklahoma"", ""act"": 2.618972063064575}, {""tk"": ""entity"", ""act"": 0.0}, {""tk"": ""in"", ""act"": 0.0}, {""tk"": ""USA"", ""act"": 0.0}, {""tk"": ""Tulsa"", ""act"": 0.0}, {""tk"": ""of"", ""act"": 0.0}, {""tk"": ""state"", ""act"": 0.0}, {""tk"": ""United"", ""act"": 0.0}, {""tk"": ""attribute"", ""act"": 0.0}, {""tk"": ""seat"", ""act"": 0.0}, {""tk"": ""government"", ""act"": 0.0}, {""tk"": ""relationship"", ""act"": 0.0}, {""tk"": ""which"", ""act"": 0.0}, {""tk"": ""containing"", ""act"": 0.0}]"
13_16947,13,16947,entity: The capital city of Oklahoma is Oklahoma City, is,8,12.767518043518066,0.8497057114982969,functional,"[{""token"": "" Oklahoma"", ""index"": 9, ""distance"": 1, ""direction"": ""forward""}]",json,Semantic,Dictionary,0.8333333333333334,False,,is,"[{""tk"": ""is"", ""act"": 15.5658540725708}, {""tk"": ""the"", ""act"": 11.20738410949707}, {""tk"": ""capital"", ""act"": 10.91185188293457}, {""tk"": ""city"", ""act"": 9.3563232421875}, {""tk"": ""Oklahoma"", ""act"": 8.947060585021973}, {""tk"": ""entity"", ""act"": 0.0}, {""tk"": ""in"", ""act"": 0.0}, {""tk"": ""USA"", ""act"": 0.0}, {""tk"": ""Tulsa"", ""act"": 0.0}, {""tk"": ""of"", ""act"": 0.0}, {""tk"": ""state"", ""act"": 0.0}, {""tk"": ""United"", ""act"": 0.0}, {""tk"": ""attribute"", ""act"": 0.0}, {""tk"": ""seat"", ""act"": 0.0}, {""tk"": ""government"", ""act"": 0.0}, {""tk"": ""relationship"", ""act"": 0.0}, {""tk"": ""which"", ""act"": 0.0}, {""tk"": ""containing"", ""act"": 0.0}]"
13_83324,13,83324,entity: The capital city of Oklahoma is Oklahoma City, is,8,0.5473306775093079,0.9,functional,"[{""token"": "" Oklahoma"", ""index"": 9, ""distance"": 1, ""direction"": ""forward""}]",json,"Say ""X""",,1.0,False,,Say (Oklahoma),"[{""tk"": ""is"", ""act"": 0.5473306775093079}, {""tk"": ""entity"", ""act"": 0.0}, {""tk"": ""city"", ""act"": 0.0}, {""tk"": ""in"", ""act"": 0.0}, {""tk"": ""Oklahoma"", ""act"": 0.0}, {""tk"": ""USA"", ""act"": 0.0}, {""tk"": ""Tulsa"", ""act"": 0.0}, {""tk"": ""The"", ""act"": 0.0}, {""tk"": ""capital"", ""act"": 0.0}, {""tk"": ""of"", ""act"": 0.0}, {""tk"": ""state"", ""act"": 0.0}, {""tk"": ""United"", ""act"": 0.0}, {""tk"": ""attribute"", ""act"": 0.0}, {""tk"": ""seat"", ""act"": 0.0}, {""tk"": ""government"", ""act"": 0.0}, {""tk"": ""relationship"", ""act"": 0.0}, {""tk"": ""which"", ""act"": 0.0}, {""tk"": ""containing"", ""act"": 0.0}]"
14_66317,14,66317,entity: The capital city of Oklahoma is Oklahoma City, is,8,24.174097061157227,0.9,functional,"[{""token"": "" Oklahoma"", ""index"": 9, ""distance"": 1, ""direction"": ""forward""}]",json,"Say ""X""",,1.0,False,,Say (Oklahoma),"[{""tk"": ""is"", ""act"": 24.174097061157227}, {""tk"": ""entity"", ""act"": 0.0}, {""tk"": ""city"", ""act"": 0.0}, {""tk"": ""in"", ""act"": 0.0}, {""tk"": ""Oklahoma"", ""act"": 0.0}, {""tk"": ""USA"", ""act"": 0.0}, {""tk"": ""Tulsa"", ""act"": 0.0}, {""tk"": ""The"", ""act"": 0.0}, {""tk"": ""capital"", ""act"": 0.0}, {""tk"": ""of"", ""act"": 0.0}, {""tk"": ""state"", ""act"": 0.0}, {""tk"": ""United"", ""act"": 0.0}, {""tk"": ""attribute"", ""act"": 0.0}, {""tk"": ""seat"", ""act"": 0.0}, {""tk"": ""government"", ""act"": 0.0}, {""tk"": ""relationship"", ""act"": 0.0}, {""tk"": ""which"", ""act"": 0.0}, {""tk"": ""containing"", ""act"": 0.0}]"
15_83184,15,83184,entity: The capital city of Oklahoma is Oklahoma City, is,8,7.846880912780762,0.9,functional,"[{""token"": "" Oklahoma"", ""index"": 9, ""distance"": 1, ""direction"": ""forward""}]",json,"Say ""X""",,1.0,False,,Say (Oklahoma),"[{""tk"": ""is"", ""act"": 7.846880912780762}, {""tk"": ""entity"", ""act"": 0.0}, {""tk"": ""city"", ""act"": 0.0}, {""tk"": ""in"", ""act"": 0.0}, {""tk"": ""Oklahoma"", ""act"": 0.0}, {""tk"": ""USA"", ""act"": 0.0}, {""tk"": ""Tulsa"", ""act"": 0.0}, {""tk"": ""The"", ""act"": 0.0}, {""tk"": ""capital"", ""act"": 0.0}, {""tk"": ""of"", ""act"": 0.0}, {""tk"": ""state"", ""act"": 0.0}, {""tk"": ""United"", ""act"": 0.0}, {""tk"": ""attribute"", ""act"": 0.0}, {""tk"": ""seat"", ""act"": 0.0}, {""tk"": ""government"", ""act"": 0.0}, {""tk"": ""relationship"", ""act"": 0.0}, {""tk"": ""which"", ""act"": 0.0}, {""tk"": ""containing"", ""act"": 0.0}]"
15_57611,15,57611,entity: The capital city of Oklahoma is Oklahoma City, is,8,6.814482688903809,0.9,functional,"[{""token"": "" Oklahoma"", ""index"": 9, ""distance"": 1, ""direction"": ""forward""}]",json,"Say ""X""",,1.0,False,,Say (Oklahoma),"[{""tk"": ""is"", ""act"": 6.814482688903809}, {""tk"": ""entity"", ""act"": 0.0}, {""tk"": ""city"", ""act"": 0.0}, {""tk"": ""in"", ""act"": 0.0}, {""tk"": ""Oklahoma"", ""act"": 0.0}, {""tk"": ""USA"", ""act"": 0.0}, {""tk"": ""Tulsa"", ""act"": 0.0}, {""tk"": ""The"", ""act"": 0.0}, {""tk"": ""capital"", ""act"": 0.0}, {""tk"": ""of"", ""act"": 0.0}, {""tk"": ""state"", ""act"": 0.0}, {""tk"": ""United"", ""act"": 0.0}, {""tk"": ""attribute"", ""act"": 0.0}, {""tk"": ""seat"", ""act"": 0.0}, {""tk"": ""government"", ""act"": 0.0}, {""tk"": ""relationship"", ""act"": 0.0}, {""tk"": ""which"", ""act"": 0.0}, {""tk"": ""containing"", ""act"": 0.0}]"
16_22056,16,22056,entity: The capital city of Oklahoma is Oklahoma City, The,3,52.14736557006836,0.5541884821924374,functional,"[{""token"": "" capital"", ""index"": 4, ""distance"": 1, ""direction"": ""forward""}]",json,Semantic,Concept,0.8861219408559267,False,,city,"[{""tk"": ""city"", ""act"": 58.84897232055664}, {""tk"": ""Tulsa"", ""act"": 58.11924362182617}, {""tk"": ""The"", ""act"": 52.14736557006836}, {""tk"": ""capital"", ""act"": 41.83122634887695}, {""tk"": ""in"", ""act"": 40.52579116821289}, {""tk"": ""state"", ""act"": 39.050052642822266}, {""tk"": ""is"", ""act"": 38.97221374511719}, {""tk"": ""Oklahoma"", ""act"": 34.988651275634766}, {""tk"": ""containing"", ""act"": 32.611183166503906}, {""tk"": ""USA"", ""act"": 17.352821350097656}, {""tk"": ""seat"", ""act"": 13.986998558044434}, {""tk"": ""of"", ""act"": 7.393336296081543}, {""tk"": ""entity"", ""act"": 0.0}, {""tk"": ""United"", ""act"": 0.0}, {""tk"": ""attribute"", ""act"": 0.0}, {""tk"": ""government"", ""act"": 0.0}, {""tk"": ""relationship"", ""act"": 0.0}, {""tk"": ""which"", ""act"": 0.0}]"
16_98048,16,98048,entity: The capital city of Oklahoma is Oklahoma City, is,8,24.89875221252441,0.8661928493516644,functional,"[{""token"": "" Oklahoma"", ""index"": 9, ""distance"": 1, ""direction"": ""forward""}]",json,"Say ""X""",,1.0,False,,Say (Oklahoma),"[{""tk"": ""is"", ""act"": 24.898752212524414}, {""tk"": ""Oklahoma"", ""act"": 8.417558670043945}, {""tk"": ""the"", ""act"": 5.146300315856934}, {""tk"": ""entity"", ""act"": 0.0}, {""tk"": ""city"", ""act"": 0.0}, {""tk"": ""in"", ""act"": 0.0}, {""tk"": ""USA"", ""act"": 0.0}, {""tk"": ""Tulsa"", ""act"": 0.0}, {""tk"": ""capital"", ""act"": 0.0}, {""tk"": ""of"", ""act"": 0.0}, {""tk"": ""state"", ""act"": 0.0}, {""tk"": ""United"", ""act"": 0.0}, {""tk"": ""attribute"", ""act"": 0.0}, {""tk"": ""seat"", ""act"": 0.0}, {""tk"": ""government"", ""act"": 0.0}, {""tk"": ""relationship"", ""act"": 0.0}, {""tk"": ""which"", ""act"": 0.0}, {""tk"": ""containing"", ""act"": 0.0}]"
16_49478,16,49478,entity: The capital city of Oklahoma is Oklahoma City, Oklahoma,9,19.08812713623047,0.8393992171609074,semantic,"[{""token"": "" Oklahoma"", ""index"": 9, ""distance"": 0, ""direction"": ""self""}]",n/a,Semantic,Concept,0.9780169741706266,False,,Oklahoma,"[{""tk"": ""Oklahoma"", ""act"": 19.08812713623047}, {""tk"": ""the"", ""act"": 18.66851234436035}, {""tk"": ""is"", ""act"": 15.202108383178711}, {""tk"": ""capital"", ""act"": 6.205168724060059}, {""tk"": ""entity"", ""act"": 0.0}, {""tk"": ""city"", ""act"": 0.0}, {""tk"": ""in"", ""act"": 0.0}, {""tk"": ""USA"", ""act"": 0.0}, {""tk"": ""Tulsa"", ""act"": 0.0}, {""tk"": ""of"", ""act"": 0.0}, {""tk"": ""state"", ""act"": 0.0}, {""tk"": ""United"", ""act"": 0.0}, {""tk"": ""attribute"", ""act"": 0.0}, {""tk"": ""seat"", ""act"": 0.0}, {""tk"": ""government"", ""act"": 0.0}, {""tk"": ""relationship"", ""act"": 0.0}, {""tk"": ""which"", ""act"": 0.0}, {""tk"": ""containing"", ""act"": 0.0}]"
16_49319,16,49319,entity: The capital city of Oklahoma is Oklahoma City, is,8,12.913878440856934,0.8269760847335126,functional,"[{""token"": "" Oklahoma"", ""index"": 9, ""distance"": 1, ""direction"": ""forward""}]",json,"Say ""X""",,1.0,False,,Say (Oklahoma),"[{""tk"": ""is"", ""act"": 12.913878440856934}, {""tk"": ""Oklahoma"", ""act"": 9.430219650268555}, {""tk"": ""the"", ""act"": 5.03242301940918}, {""tk"": ""entity"", ""act"": 0.0}, {""tk"": ""city"", ""act"": 0.0}, {""tk"": ""in"", ""act"": 0.0}, {""tk"": ""USA"", ""act"": 0.0}, {""tk"": ""Tulsa"", ""act"": 0.0}, {""tk"": ""capital"", ""act"": 0.0}, {""tk"": ""of"", ""act"": 0.0}, {""tk"": ""state"", ""act"": 0.0}, {""tk"": ""United"", ""act"": 0.0}, {""tk"": ""attribute"", ""act"": 0.0}, {""tk"": ""seat"", ""act"": 0.0}, {""tk"": ""government"", ""act"": 0.0}, {""tk"": ""relationship"", ""act"": 0.0}, {""tk"": ""which"", ""act"": 0.0}, {""tk"": ""containing"", ""act"": 0.0}]"
16_37465,16,37465,entity: The capital city of Oklahoma is Oklahoma City, is,8,6.640685081481934,0.9,functional,"[{""token"": "" Oklahoma"", ""index"": 9, ""distance"": 1, ""direction"": ""forward""}]",json,"Say ""X""",,1.0,False,,Say (Oklahoma),"[{""tk"": ""is"", ""act"": 6.640685081481934}, {""tk"": ""entity"", ""act"": 0.0}, {""tk"": ""city"", ""act"": 0.0}, {""tk"": ""in"", ""act"": 0.0}, {""tk"": ""Oklahoma"", ""act"": 0.0}, {""tk"": ""USA"", ""act"": 0.0}, {""tk"": ""Tulsa"", ""act"": 0.0}, {""tk"": ""The"", ""act"": 0.0}, {""tk"": ""capital"", ""act"": 0.0}, {""tk"": ""of"", ""act"": 0.0}, {""tk"": ""state"", ""act"": 0.0}, {""tk"": ""United"", ""act"": 0.0}, {""tk"": ""attribute"", ""act"": 0.0}, {""tk"": ""seat"", ""act"": 0.0}, {""tk"": ""government"", ""act"": 0.0}, {""tk"": ""relationship"", ""act"": 0.0}, {""tk"": ""which"", ""act"": 0.0}, {""tk"": ""containing"", ""act"": 0.0}]"
16_29578,16,29578,entity: The capital city of Oklahoma is Oklahoma City,entity,1,0.0,0.0,semantic,"[{""token"": ""entity"", ""index"": 1, ""distance"": 0, ""direction"": ""self""}]",n/a,"Say ""X""",,1.0,False,,Say (state),"[{""tk"": ""is"", ""act"": 1.8383522033691406}, {""tk"": ""Oklahoma"", ""act"": 1.6916999816894531}, {""tk"": ""in"", ""act"": 1.6670656204223633}, {""tk"": ""entity"", ""act"": 0.0}, {""tk"": ""city"", ""act"": 0.0}, {""tk"": ""USA"", ""act"": 0.0}, {""tk"": ""Tulsa"", ""act"": 0.0}, {""tk"": ""The"", ""act"": 0.0}, {""tk"": ""capital"", ""act"": 0.0}, {""tk"": ""of"", ""act"": 0.0}, {""tk"": ""state"", ""act"": 0.0}, {""tk"": ""United"", ""act"": 0.0}, {""tk"": ""attribute"", ""act"": 0.0}, {""tk"": ""seat"", ""act"": 0.0}, {""tk"": ""government"", ""act"": 0.0}, {""tk"": ""relationship"", ""act"": 0.0}, {""tk"": ""which"", ""act"": 0.0}, {""tk"": ""containing"", ""act"": 0.0}]"
17_93962,17,93962,entity: The capital city of Oklahoma is Oklahoma City, is,8,28.98556137084961,0.8510982785697656,functional,"[{""token"": "" Oklahoma"", ""index"": 9, ""distance"": 1, ""direction"": ""forward""}]",json,"Say ""X""",,1.0,False,,Say (Oklahoma),"[{""tk"": ""is"", ""act"": 28.98556137084961}, {""tk"": ""Oklahoma"", ""act"": 14.1744384765625}, {""tk"": ""entity"", ""act"": 0.0}, {""tk"": ""city"", ""act"": 0.0}, {""tk"": ""in"", ""act"": 0.0}, {""tk"": ""USA"", ""act"": 0.0}, {""tk"": ""Tulsa"", ""act"": 0.0}, {""tk"": ""The"", ""act"": 0.0}, {""tk"": ""capital"", ""act"": 0.0}, {""tk"": ""of"", ""act"": 0.0}, {""tk"": ""state"", ""act"": 0.0}, {""tk"": ""United"", ""act"": 0.0}, {""tk"": ""attribute"", ""act"": 0.0}, {""tk"": ""seat"", ""act"": 0.0}, {""tk"": ""government"", ""act"": 0.0}, {""tk"": ""relationship"", ""act"": 0.0}, {""tk"": ""which"", ""act"": 0.0}, {""tk"": ""containing"", ""act"": 0.0}]"
17_98126,17,98126,entity: The capital city of Oklahoma is Oklahoma City, is,8,21.17427062988281,0.8611586080550444,functional,"[{""token"": "" Oklahoma"", ""index"": 9, ""distance"": 1, ""direction"": ""forward""}]",json,"Say ""X""",,1.0,False,,Say (Oklahoma),"[{""tk"": ""is"", ""act"": 21.174270629882812}, {""tk"": ""the"", ""act"": 20.31070899963379}, {""tk"": ""seat"", ""act"": 7.896273136138916}, {""tk"": ""government"", ""act"": 6.976686954498291}, {""tk"": ""Oklahoma"", ""act"": 4.842320919036865}, {""tk"": ""of"", ""act"": 3.8759498596191406}, {""tk"": ""city"", ""act"": 3.3820605278015137}, {""tk"": ""entity"", ""act"": 0.0}, {""tk"": ""in"", ""act"": 0.0}, {""tk"": ""USA"", ""act"": 0.0}, {""tk"": ""Tulsa"", ""act"": 0.0}, {""tk"": ""capital"", ""act"": 0.0}, {""tk"": ""state"", ""act"": 0.0}, {""tk"": ""United"", ""act"": 0.0}, {""tk"": ""attribute"", ""act"": 0.0}, {""tk"": ""relationship"", ""act"": 0.0}, {""tk"": ""which"", ""act"": 0.0}, {""tk"": ""containing"", ""act"": 0.0}]"
17_1822,17,1822,entity: The capital city of Oklahoma is Oklahoma City, is,8,19.38192749023437,0.8997824357746017,functional,"[{""token"": "" Oklahoma"", ""index"": 9, ""distance"": 1, ""direction"": ""forward""}]",json,"Say ""X""",,1.0,False,,Say (Oklahoma),"[{""tk"": ""is"", ""act"": 19.381927490234375}, {""tk"": ""of"", ""act"": 0.04216814041137695}, {""tk"": ""entity"", ""act"": 0.0}, {""tk"": ""city"", ""act"": 0.0}, {""tk"": ""in"", ""act"": 0.0}, {""tk"": ""Oklahoma"", ""act"": 0.0}, {""tk"": ""USA"", ""act"": 0.0}, {""tk"": ""Tulsa"", ""act"": 0.0}, {""tk"": ""The"", ""act"": 0.0}, {""tk"": ""capital"", ""act"": 0.0}, {""tk"": ""state"", ""act"": 0.0}, {""tk"": ""United"", ""act"": 0.0}, {""tk"": ""attribute"", ""act"": 0.0}, {""tk"": ""seat"", ""act"": 0.0}, {""tk"": ""government"", ""act"": 0.0}, {""tk"": ""relationship"", ""act"": 0.0}, {""tk"": ""which"", ""act"": 0.0}, {""tk"": ""containing"", ""act"": 0.0}]"
17_21573,17,21573,entity: The capital city of Oklahoma is Oklahoma City, Oklahoma,7,10.25313949584961,0.8168769130429768,semantic,"[{""token"": "" Oklahoma"", ""index"": 7, ""distance"": 0, ""direction"": ""self""}]",n/a,Semantic,Concept,0.7,False,,Oklahoma,"[{""tk"": ""Oklahoma"", ""act"": 17.588882446289062}, {""tk"": ""is"", ""act"": 0.5502123832702637}, {""tk"": ""entity"", ""act"": 0.0}, {""tk"": ""city"", ""act"": 0.0}, {""tk"": ""in"", ""act"": 0.0}, {""tk"": ""USA"", ""act"": 0.0}, {""tk"": ""Tulsa"", ""act"": 0.0}, {""tk"": ""The"", ""act"": 0.0}, {""tk"": ""capital"", ""act"": 0.0}, {""tk"": ""of"", ""act"": 0.0}, {""tk"": ""state"", ""act"": 0.0}, {""tk"": ""United"", ""act"": 0.0}, {""tk"": ""attribute"", ""act"": 0.0}, {""tk"": ""seat"", ""act"": 0.0}, {""tk"": ""government"", ""act"": 0.0}, {""tk"": ""relationship"", ""act"": 0.0}, {""tk"": ""which"", ""act"": 0.0}, {""tk"": ""containing"", ""act"": 0.0}]"
18_71275,18,71275,entity: The capital city of Oklahoma is Oklahoma City, Oklahoma,9,78.87437438964844,0.7036343967076737,semantic,"[{""token"": "" Oklahoma"", ""index"": 9, ""distance"": 0, ""direction"": ""self""}]",n/a,Semantic,Concept,0.7,False,,Oklahoma,"[{""tk"": ""Oklahoma"", ""act"": 78.87437438964844}, {""tk"": ""is"", ""act"": 68.56643676757812}, {""tk"": ""Tulsa"", ""act"": 33.247100830078125}, {""tk"": ""City"", ""act"": 23.11736297607422}, {""tk"": ""entity"", ""act"": 0.0}, {""tk"": ""in"", ""act"": 0.0}, {""tk"": ""USA"", ""act"": 0.0}, {""tk"": ""The"", ""act"": 0.0}, {""tk"": ""capital"", ""act"": 0.0}, {""tk"": ""of"", ""act"": 0.0}, {""tk"": ""state"", ""act"": 0.0}, {""tk"": ""United"", ""act"": 0.0}, {""tk"": ""attribute"", ""act"": 0.0}, {""tk"": ""seat"", ""act"": 0.0}, {""tk"": ""government"", ""act"": 0.0}, {""tk"": ""relationship"", ""act"": 0.0}, {""tk"": ""which"", ""act"": 0.0}, {""tk"": ""containing"", ""act"": 0.0}]"
18_52821,18,52821,entity: The capital city of Oklahoma is Oklahoma City, Oklahoma,9,34.7286262512207,0.8240948797663771,semantic,"[{""token"": "" Oklahoma"", ""index"": 9, ""distance"": 0, ""direction"": ""self""}]",n/a,Semantic,Concept,0.7,False,,Oklahoma,"[{""tk"": ""Oklahoma"", ""act"": 34.7286262512207}, {""tk"": ""is"", ""act"": 14.72661018371582}, {""tk"": ""entity"", ""act"": 0.0}, {""tk"": ""city"", ""act"": 0.0}, {""tk"": ""in"", ""act"": 0.0}, {""tk"": ""USA"", ""act"": 0.0}, {""tk"": ""Tulsa"", ""act"": 0.0}, {""tk"": ""The"", ""act"": 0.0}, {""tk"": ""capital"", ""act"": 0.0}, {""tk"": ""of"", ""act"": 0.0}, {""tk"": ""state"", ""act"": 0.0}, {""tk"": ""United"", ""act"": 0.0}, {""tk"": ""attribute"", ""act"": 0.0}, {""tk"": ""seat"", ""act"": 0.0}, {""tk"": ""government"", ""act"": 0.0}, {""tk"": ""relationship"", ""act"": 0.0}, {""tk"": ""which"", ""act"": 0.0}, {""tk"": ""containing"", ""act"": 0.0}]"
18_53951,18,53951,entity: The capital city of Oklahoma is Oklahoma City, is,8,19.56104850769043,0.8999999999999999,functional,"[{""token"": "" Oklahoma"", ""index"": 9, ""distance"": 1, ""direction"": ""forward""}]",json,"Say ""X""",,1.0,False,,Say (capital),"[{""tk"": ""the"", ""act"": 30.32887840270996}, {""tk"": ""is"", ""act"": 19.56104850769043}, {""tk"": ""entity"", ""act"": 0.0}, {""tk"": ""city"", ""act"": 0.0}, {""tk"": ""in"", ""act"": 0.0}, {""tk"": ""Oklahoma"", ""act"": 0.0}, {""tk"": ""USA"", ""act"": 0.0}, {""tk"": ""Tulsa"", ""act"": 0.0}, {""tk"": ""capital"", ""act"": 0.0}, {""tk"": ""of"", ""act"": 0.0}, {""tk"": ""state"", ""act"": 0.0}, {""tk"": ""United"", ""act"": 0.0}, {""tk"": ""attribute"", ""act"": 0.0}, {""tk"": ""seat"", ""act"": 0.0}, {""tk"": ""government"", ""act"": 0.0}, {""tk"": ""relationship"", ""act"": 0.0}, {""tk"": ""which"", ""act"": 0.0}, {""tk"": ""containing"", ""act"": 0.0}]"
18_3623,18,3623,entity: The capital city of Oklahoma is Oklahoma City, is,8,15.450040817260742,0.9,functional,"[{""token"": "" Oklahoma"", ""index"": 9, ""distance"": 1, ""direction"": ""forward""}]",json,"Say ""X""",,1.0,False,,Say (Oklahoma),"[{""tk"": ""is"", ""act"": 15.450040817260742}, {""tk"": ""entity"", ""act"": 0.0}, {""tk"": ""city"", ""act"": 0.0}, {""tk"": ""in"", ""act"": 0.0}, {""tk"": ""Oklahoma"", ""act"": 0.0}, {""tk"": ""USA"", ""act"": 0.0}, {""tk"": ""Tulsa"", ""act"": 0.0}, {""tk"": ""The"", ""act"": 0.0}, {""tk"": ""capital"", ""act"": 0.0}, {""tk"": ""of"", ""act"": 0.0}, {""tk"": ""state"", ""act"": 0.0}, {""tk"": ""United"", ""act"": 0.0}, {""tk"": ""attribute"", ""act"": 0.0}, {""tk"": ""seat"", ""act"": 0.0}, {""tk"": ""government"", ""act"": 0.0}, {""tk"": ""relationship"", ""act"": 0.0}, {""tk"": ""which"", ""act"": 0.0}, {""tk"": ""containing"", ""act"": 0.0}]"
18_44719,18,44719,entity: The capital city of Oklahoma is Oklahoma City, is,8,2.4551093578338623,0.9,functional,"[{""token"": "" Oklahoma"", ""index"": 9, ""distance"": 1, ""direction"": ""forward""}]",json,"Say ""X""",,1.0,False,,Say (capital),"[{""tk"": ""the"", ""act"": 6.164579391479492}, {""tk"": ""is"", ""act"": 2.4551093578338623}, {""tk"": ""entity"", ""act"": 0.0}, {""tk"": ""city"", ""act"": 0.0}, {""tk"": ""in"", ""act"": 0.0}, {""tk"": ""Oklahoma"", ""act"": 0.0}, {""tk"": ""USA"", ""act"": 0.0}, {""tk"": ""Tulsa"", ""act"": 0.0}, {""tk"": ""capital"", ""act"": 0.0}, {""tk"": ""of"", ""act"": 0.0}, {""tk"": ""state"", ""act"": 0.0}, {""tk"": ""United"", ""act"": 0.0}, {""tk"": ""attribute"", ""act"": 0.0}, {""tk"": ""seat"", ""act"": 0.0}, {""tk"": ""government"", ""act"": 0.0}, {""tk"": ""relationship"", ""act"": 0.0}, {""tk"": ""which"", ""act"": 0.0}, {""tk"": ""containing"", ""act"": 0.0}]"
18_38181,18,38181,entity: The capital city of Oklahoma is Oklahoma City, is,8,2.4442901611328125,0.9,functional,"[{""token"": "" Oklahoma"", ""index"": 9, ""distance"": 1, ""direction"": ""forward""}]",json,Semantic,Concept,0.7,False,,Tulsa,"[{""tk"": ""Tulsa"", ""act"": 5.259476661682129}, {""tk"": ""is"", ""act"": 2.4442901611328125}, {""tk"": ""entity"", ""act"": 0.0}, {""tk"": ""city"", ""act"": 0.0}, {""tk"": ""in"", ""act"": 0.0}, {""tk"": ""Oklahoma"", ""act"": 0.0}, {""tk"": ""USA"", ""act"": 0.0}, {""tk"": ""The"", ""act"": 0.0}, {""tk"": ""capital"", ""act"": 0.0}, {""tk"": ""of"", ""act"": 0.0}, {""tk"": ""state"", ""act"": 0.0}, {""tk"": ""United"", ""act"": 0.0}, {""tk"": ""attribute"", ""act"": 0.0}, {""tk"": ""seat"", ""act"": 0.0}, {""tk"": ""government"", ""act"": 0.0}, {""tk"": ""relationship"", ""act"": 0.0}, {""tk"": ""which"", ""act"": 0.0}, {""tk"": ""containing"", ""act"": 0.0}]"
19_25978,19,25978,entity: The capital city of Oklahoma is Oklahoma City, is,8,33.509159088134766,0.897867617092003,functional,"[{""token"": "" Oklahoma"", ""index"": 9, ""distance"": 1, ""direction"": ""forward""}]",json,"Say ""X""",,1.0,False,,Say (Oklahoma),"[{""tk"": ""is"", ""act"": 33.509159088134766}, {""tk"": ""Oklahoma"", ""act"": 0.7145435810089111}, {""tk"": ""entity"", ""act"": 0.0}, {""tk"": ""city"", ""act"": 0.0}, {""tk"": ""in"", ""act"": 0.0}, {""tk"": ""USA"", ""act"": 0.0}, {""tk"": ""Tulsa"", ""act"": 0.0}, {""tk"": ""The"", ""act"": 0.0}, {""tk"": ""capital"", ""act"": 0.0}, {""tk"": ""of"", ""act"": 0.0}, {""tk"": ""state"", ""act"": 0.0}, {""tk"": ""United"", ""act"": 0.0}, {""tk"": ""attribute"", ""act"": 0.0}, {""tk"": ""seat"", ""act"": 0.0}, {""tk"": ""government"", ""act"": 0.0}, {""tk"": ""relationship"", ""act"": 0.0}, {""tk"": ""which"", ""act"": 0.0}, {""tk"": ""containing"", ""act"": 0.0}]"
19_13946,19,13946,entity: The capital city of Oklahoma is Oklahoma City, is,8,54.66865158081055,0.8686842402923608,functional,"[{""token"": "" Oklahoma"", ""index"": 9, ""distance"": 1, ""direction"": ""forward""}]",json,"Say ""X""",,1.0,False,,Say (capital),"[{""tk"": ""the"", ""act"": 66.9089584350586}, {""tk"": ""is"", ""act"": 54.66865158081055}, {""tk"": ""Oklahoma"", ""act"": 17.119903564453125}, {""tk"": ""of"", ""act"": 6.158909797668457}, {""tk"": ""entity"", ""act"": 0.0}, {""tk"": ""city"", ""act"": 0.0}, {""tk"": ""in"", ""act"": 0.0}, {""tk"": ""USA"", ""act"": 0.0}, {""tk"": ""Tulsa"", ""act"": 0.0}, {""tk"": ""capital"", ""act"": 0.0}, {""tk"": ""state"", ""act"": 0.0}, {""tk"": ""United"", ""act"": 0.0}, {""tk"": ""attribute"", ""act"": 0.0}, {""tk"": ""seat"", ""act"": 0.0}, {""tk"": ""government"", ""act"": 0.0}, {""tk"": ""relationship"", ""act"": 0.0}, {""tk"": ""which"", ""act"": 0.0}, {""tk"": ""containing"", ""act"": 0.0}]"
19_54790,19,54790,entity: The capital city of Oklahoma is Oklahoma City, is,8,46.23932647705078,0.8878896199948487,functional,"[{""token"": "" Oklahoma"", ""index"": 9, ""distance"": 1, ""direction"": ""forward""}]",json,"Say ""X""",,1.0,False,,Say (Oklahoma),"[{""tk"": ""is"", ""act"": 46.23932647705078}, {""tk"": ""Oklahoma"", ""act"": 5.599758148193359}, {""tk"": ""entity"", ""act"": 0.0}, {""tk"": ""city"", ""act"": 0.0}, {""tk"": ""in"", ""act"": 0.0}, {""tk"": ""USA"", ""act"": 0.0}, {""tk"": ""Tulsa"", ""act"": 0.0}, {""tk"": ""The"", ""act"": 0.0}, {""tk"": ""capital"", ""act"": 0.0}, {""tk"": ""of"", ""act"": 0.0}, {""tk"": ""state"", ""act"": 0.0}, {""tk"": ""United"", ""act"": 0.0}, {""tk"": ""attribute"", ""act"": 0.0}, {""tk"": ""seat"", ""act"": 0.0}, {""tk"": ""government"", ""act"": 0.0}, {""tk"": ""relationship"", ""act"": 0.0}, {""tk"": ""which"", ""act"": 0.0}, {""tk"": ""containing"", ""act"": 0.0}]"
19_8271,19,8271,entity: The capital city of Oklahoma is Oklahoma City, is,8,29.61412811279297,0.8970905765122117,functional,"[{""token"": "" Oklahoma"", ""index"": 9, ""distance"": 1, ""direction"": ""forward""}]",json,"Say ""X""",,1.0,False,,Say (Oklahoma),"[{""tk"": ""is"", ""act"": 29.61412811279297}, {""tk"": ""Oklahoma"", ""act"": 0.861600399017334}, {""tk"": ""entity"", ""act"": 0.0}, {""tk"": ""city"", ""act"": 0.0}, {""tk"": ""in"", ""act"": 0.0}, {""tk"": ""USA"", ""act"": 0.0}, {""tk"": ""Tulsa"", ""act"": 0.0}, {""tk"": ""The"", ""act"": 0.0}, {""tk"": ""capital"", ""act"": 0.0}, {""tk"": ""of"", ""act"": 0.0}, {""tk"": ""state"", ""act"": 0.0}, {""tk"": ""United"", ""act"": 0.0}, {""tk"": ""attribute"", ""act"": 0.0}, {""tk"": ""seat"", ""act"": 0.0}, {""tk"": ""government"", ""act"": 0.0}, {""tk"": ""relationship"", ""act"": 0.0}, {""tk"": ""which"", ""act"": 0.0}, {""tk"": ""containing"", ""act"": 0.0}]"
19_55351,19,55351,entity: The capital city of Oklahoma is Oklahoma City,entity,1,0.0,0.0,semantic,"[{""token"": ""entity"", ""index"": 1, ""distance"": 0, ""direction"": ""self""}]",n/a,Relationship,,1.0,False,,(entity) related,"[{""tk"": ""entity"", ""act"": 0.0}, {""tk"": ""city"", ""act"": 0.0}, {""tk"": ""in"", ""act"": 0.0}, {""tk"": ""Oklahoma"", ""act"": 0.0}, {""tk"": ""USA"", ""act"": 0.0}, {""tk"": ""is"", ""act"": 0.0}, {""tk"": ""Tulsa"", ""act"": 0.0}, {""tk"": ""The"", ""act"": 0.0}, {""tk"": ""capital"", ""act"": 0.0}, {""tk"": ""of"", ""act"": 0.0}, {""tk"": ""state"", ""act"": 0.0}, {""tk"": ""United"", ""act"": 0.0}, {""tk"": ""attribute"", ""act"": 0.0}, {""tk"": ""seat"", ""act"": 0.0}, {""tk"": ""government"", ""act"": 0.0}, {""tk"": ""relationship"", ""act"": 0.0}, {""tk"": ""which"", ""act"": 0.0}, {""tk"": ""containing"", ""act"": 0.0}]"
20_57028,20,57028,entity: The capital city of Oklahoma is Oklahoma City, is,8,23.78998565673828,0.8672874559722096,functional,"[{""token"": "" Oklahoma"", ""index"": 9, ""distance"": 1, ""direction"": ""forward""}]",json,"Say ""X""",,1.0,False,,Say (Oklahoma),"[{""tk"": ""is"", ""act"": 23.78998565673828}, {""tk"": ""Oklahoma"", ""act"": 6.051364898681641}, {""tk"": ""City"", ""act"": 1.7309446334838867}, {""tk"": ""entity"", ""act"": 0.0}, {""tk"": ""in"", ""act"": 0.0}, {""tk"": ""USA"", ""act"": 0.0}, {""tk"": ""Tulsa"", ""act"": 0.0}, {""tk"": ""The"", ""act"": 0.0}, {""tk"": ""capital"", ""act"": 0.0}, {""tk"": ""of"", ""act"": 0.0}, {""tk"": ""state"", ""act"": 0.0}, {""tk"": ""United"", ""act"": 0.0}, {""tk"": ""attribute"", ""act"": 0.0}, {""tk"": ""seat"", ""act"": 0.0}, {""tk"": ""government"", ""act"": 0.0}, {""tk"": ""relationship"", ""act"": 0.0}, {""tk"": ""which"", ""act"": 0.0}, {""tk"": ""containing"", ""act"": 0.0}]"
20_68115,20,68115,entity: The capital city of Oklahoma is Oklahoma City, is,8,31.62493133544922,0.8931660786491563,functional,"[{""token"": "" Oklahoma"", ""index"": 9, ""distance"": 1, ""direction"": ""forward""}]",json,"Say ""X""",,1.0,False,,Say (Oklahoma),"[{""tk"": ""is"", ""act"": 31.62493133544922}, {""tk"": ""Oklahoma"", ""act"": 2.1612229347229004}, {""tk"": ""entity"", ""act"": 0.0}, {""tk"": ""city"", ""act"": 0.0}, {""tk"": ""in"", ""act"": 0.0}, {""tk"": ""USA"", ""act"": 0.0}, {""tk"": ""Tulsa"", ""act"": 0.0}, {""tk"": ""The"", ""act"": 0.0}, {""tk"": ""capital"", ""act"": 0.0}, {""tk"": ""of"", ""act"": 0.0}, {""tk"": ""state"", ""act"": 0.0}, {""tk"": ""United"", ""act"": 0.0}, {""tk"": ""attribute"", ""act"": 0.0}, {""tk"": ""seat"", ""act"": 0.0}, {""tk"": ""government"", ""act"": 0.0}, {""tk"": ""relationship"", ""act"": 0.0}, {""tk"": ""which"", ""act"": 0.0}, {""tk"": ""containing"", ""act"": 0.0}]"
20_74108,20,74108,entity: The capital city of Oklahoma is Oklahoma City, is,8,23.159934997558597,0.8780522913942758,functional,"[{""token"": "" Oklahoma"", ""index"": 9, ""distance"": 1, ""direction"": ""forward""}]",json,"Say ""X""",,1.0,False,,Say (capital),"[{""tk"": ""the"", ""act"": 62.93037033081055}, {""tk"": ""is"", ""act"": 29.901948928833008}, {""tk"": ""city"", ""act"": 5.083075046539307}, {""tk"": ""entity"", ""act"": 0.0}, {""tk"": ""in"", ""act"": 0.0}, {""tk"": ""Oklahoma"", ""act"": 0.0}, {""tk"": ""USA"", ""act"": 0.0}, {""tk"": ""Tulsa"", ""act"": 0.0}, {""tk"": ""capital"", ""act"": 0.0}, {""tk"": ""of"", ""act"": 0.0}, {""tk"": ""state"", ""act"": 0.0}, {""tk"": ""United"", ""act"": 0.0}, {""tk"": ""attribute"", ""act"": 0.0}, {""tk"": ""seat"", ""act"": 0.0}, {""tk"": ""government"", ""act"": 0.0}, {""tk"": ""relationship"", ""act"": 0.0}, {""tk"": ""which"", ""act"": 0.0}, {""tk"": ""containing"", ""act"": 0.0}]"
20_14775,20,14775,entity: The capital city of Oklahoma is Oklahoma City, is,8,21.148719787597656,0.9,functional,"[{""token"": "" Oklahoma"", ""index"": 9, ""distance"": 1, ""direction"": ""forward""}]",json,"Say ""X""",,1.0,False,,Say (Oklahoma),"[{""tk"": ""is"", ""act"": 21.148719787597656}, {""tk"": ""entity"", ""act"": 0.0}, {""tk"": ""city"", ""act"": 0.0}, {""tk"": ""in"", ""act"": 0.0}, {""tk"": ""Oklahoma"", ""act"": 0.0}, {""tk"": ""USA"", ""act"": 0.0}, {""tk"": ""Tulsa"", ""act"": 0.0}, {""tk"": ""The"", ""act"": 0.0}, {""tk"": ""capital"", ""act"": 0.0}, {""tk"": ""of"", ""act"": 0.0}, {""tk"": ""state"", ""act"": 0.0}, {""tk"": ""United"", ""act"": 0.0}, {""tk"": ""attribute"", ""act"": 0.0}, {""tk"": ""seat"", ""act"": 0.0}, {""tk"": ""government"", ""act"": 0.0}, {""tk"": ""relationship"", ""act"": 0.0}, {""tk"": ""which"", ""act"": 0.0}, {""tk"": ""containing"", ""act"": 0.0}]"
20_67784,20,67784,entity: The capital city of Oklahoma is Oklahoma City, of,6,3.863483428955078,0.9,functional,"[{""token"": "" city"", ""index"": 5, ""distance"": 1, ""direction"": ""backward""}]",json,"Say ""X""",,1.0,False,,Say (city),"[{""tk"": ""of"", ""act"": 3.863483428955078}, {""tk"": ""entity"", ""act"": 0.0}, {""tk"": ""city"", ""act"": 0.0}, {""tk"": ""in"", ""act"": 0.0}, {""tk"": ""Oklahoma"", ""act"": 0.0}, {""tk"": ""USA"", ""act"": 0.0}, {""tk"": ""is"", ""act"": 0.0}, {""tk"": ""Tulsa"", ""act"": 0.0}, {""tk"": ""The"", ""act"": 0.0}, {""tk"": ""capital"", ""act"": 0.0}, {""tk"": ""state"", ""act"": 0.0}, {""tk"": ""United"", ""act"": 0.0}, {""tk"": ""attribute"", ""act"": 0.0}, {""tk"": ""seat"", ""act"": 0.0}, {""tk"": ""government"", ""act"": 0.0}, {""tk"": ""relationship"", ""act"": 0.0}, {""tk"": ""which"", ""act"": 0.0}, {""tk"": ""containing"", ""act"": 0.0}]"
21_84338,21,84338,entity: The capital city of Oklahoma is Oklahoma City, is,8,29.175933837890625,0.842708297377612,functional,"[{""token"": "" Oklahoma"", ""index"": 9, ""distance"": 1, ""direction"": ""forward""}]",json,"Say ""X""",,1.0,False,,Say (Oklahoma),"[{""tk"": ""is"", ""act"": 29.175933837890625}, {""tk"": ""city"", ""act"": 16.715389251708984}, {""tk"": ""entity"", ""act"": 0.0}, {""tk"": ""in"", ""act"": 0.0}, {""tk"": ""Oklahoma"", ""act"": 0.0}, {""tk"": ""USA"", ""act"": 0.0}, {""tk"": ""Tulsa"", ""act"": 0.0}, {""tk"": ""The"", ""act"": 0.0}, {""tk"": ""capital"", ""act"": 0.0}, {""tk"": ""of"", ""act"": 0.0}, {""tk"": ""state"", ""act"": 0.0}, {""tk"": ""United"", ""act"": 0.0}, {""tk"": ""attribute"", ""act"": 0.0}, {""tk"": ""seat"", ""act"": 0.0}, {""tk"": ""government"", ""act"": 0.0}, {""tk"": ""relationship"", ""act"": 0.0}, {""tk"": ""which"", ""act"": 0.0}, {""tk"": ""containing"", ""act"": 0.0}]"
21_16875,21,16875,entity: The capital city of Oklahoma is Oklahoma City, is,8,12.641754150390623,0.9,functional,"[{""token"": "" Oklahoma"", ""index"": 9, ""distance"": 1, ""direction"": ""forward""}]",json,"Say ""X""",,1.0,False,,Say (Oklahoma),"[{""tk"": ""is"", ""act"": 12.641754150390625}, {""tk"": ""entity"", ""act"": 0.0}, {""tk"": ""city"", ""act"": 0.0}, {""tk"": ""in"", ""act"": 0.0}, {""tk"": ""Oklahoma"", ""act"": 0.0}, {""tk"": ""USA"", ""act"": 0.0}, {""tk"": ""Tulsa"", ""act"": 0.0}, {""tk"": ""The"", ""act"": 0.0}, {""tk"": ""capital"", ""act"": 0.0}, {""tk"": ""of"", ""act"": 0.0}, {""tk"": ""state"", ""act"": 0.0}, {""tk"": ""United"", ""act"": 0.0}, {""tk"": ""attribute"", ""act"": 0.0}, {""tk"": ""seat"", ""act"": 0.0}, {""tk"": ""government"", ""act"": 0.0}, {""tk"": ""relationship"", ""act"": 0.0}, {""tk"": ""which"", ""act"": 0.0}, {""tk"": ""containing"", ""act"": 0.0}]"
21_34379,21,34379,entity: The capital city of Oklahoma is Oklahoma City, is,8,21.422075271606445,0.9,functional,"[{""token"": "" Oklahoma"", ""index"": 9, ""distance"": 1, ""direction"": ""forward""}]",json,"Say ""X""",,1.0,False,,Say (Oklahoma),"[{""tk"": ""is"", ""act"": 21.422075271606445}, {""tk"": ""entity"", ""act"": 0.0}, {""tk"": ""city"", ""act"": 0.0}, {""tk"": ""in"", ""act"": 0.0}, {""tk"": ""Oklahoma"", ""act"": 0.0}, {""tk"": ""USA"", ""act"": 0.0}, {""tk"": ""Tulsa"", ""act"": 0.0}, {""tk"": ""The"", ""act"": 0.0}, {""tk"": ""capital"", ""act"": 0.0}, {""tk"": ""of"", ""act"": 0.0}, {""tk"": ""state"", ""act"": 0.0}, {""tk"": ""United"", ""act"": 0.0}, {""tk"": ""attribute"", ""act"": 0.0}, {""tk"": ""seat"", ""act"": 0.0}, {""tk"": ""government"", ""act"": 0.0}, {""tk"": ""relationship"", ""act"": 0.0}, {""tk"": ""which"", ""act"": 0.0}, {""tk"": ""containing"", ""act"": 0.0}]"
21_69456,21,69456,entity: The capital city of Oklahoma is Oklahoma City,entity,1,0.0,0.0,semantic,"[{""token"": ""entity"", ""index"": 1, ""distance"": 0, ""direction"": ""self""}]",n/a,Relationship,,1.0,False,,(entity) related,"[{""tk"": ""entity"", ""act"": 0.0}, {""tk"": ""city"", ""act"": 0.0}, {""tk"": ""in"", ""act"": 0.0}, {""tk"": ""Oklahoma"", ""act"": 0.0}, {""tk"": ""USA"", ""act"": 0.0}, {""tk"": ""is"", ""act"": 0.0}, {""tk"": ""Tulsa"", ""act"": 0.0}, {""tk"": ""The"", ""act"": 0.0}, {""tk"": ""capital"", ""act"": 0.0}, {""tk"": ""of"", ""act"": 0.0}, {""tk"": ""state"", ""act"": 0.0}, {""tk"": ""United"", ""act"": 0.0}, {""tk"": ""attribute"", ""act"": 0.0}, {""tk"": ""seat"", ""act"": 0.0}, {""tk"": ""government"", ""act"": 0.0}, {""tk"": ""relationship"", ""act"": 0.0}, {""tk"": ""which"", ""act"": 0.0}, {""tk"": ""containing"", ""act"": 0.0}]"
22_96447,22,96447,entity: The capital city of Oklahoma is Oklahoma City, is,8,59.35166931152344,0.8959799042129784,functional,"[{""token"": "" Oklahoma"", ""index"": 9, ""distance"": 1, ""direction"": ""forward""}]",json,"Say ""X""",,1.0,False,,Say (Oklahoma),"[{""tk"": ""is"", ""act"": 59.35166931152344}, {""tk"": ""Tulsa"", ""act"": 2.7046289443969727}, {""tk"": ""City"", ""act"": 2.3859939575195312}, {""tk"": ""USA"", ""act"": 0.6145110130310059}, {""tk"": ""entity"", ""act"": 0.0}, {""tk"": ""in"", ""act"": 0.0}, {""tk"": ""Oklahoma"", ""act"": 0.0}, {""tk"": ""The"", ""act"": 0.0}, {""tk"": ""capital"", ""act"": 0.0}, {""tk"": ""of"", ""act"": 0.0}, {""tk"": ""state"", ""act"": 0.0}, {""tk"": ""United"", ""act"": 0.0}, {""tk"": ""attribute"", ""act"": 0.0}, {""tk"": ""seat"", ""act"": 0.0}, {""tk"": ""government"", ""act"": 0.0}, {""tk"": ""relationship"", ""act"": 0.0}, {""tk"": ""which"", ""act"": 0.0}, {""tk"": ""containing"", ""act"": 0.0}]"
22_70475,22,70475,entity: The capital city of Oklahoma is Oklahoma City, is,8,47.78974533081055,0.9,functional,"[{""token"": "" Oklahoma"", ""index"": 9, ""distance"": 1, ""direction"": ""forward""}]",json,"Say ""X""",,1.0,False,,Say (Oklahoma),"[{""tk"": ""is"", ""act"": 47.78974533081055}, {""tk"": ""entity"", ""act"": 0.0}, {""tk"": ""city"", ""act"": 0.0}, {""tk"": ""in"", ""act"": 0.0}, {""tk"": ""Oklahoma"", ""act"": 0.0}, {""tk"": ""USA"", ""act"": 0.0}, {""tk"": ""Tulsa"", ""act"": 0.0}, {""tk"": ""The"", ""act"": 0.0}, {""tk"": ""capital"", ""act"": 0.0}, {""tk"": ""of"", ""act"": 0.0}, {""tk"": ""state"", ""act"": 0.0}, {""tk"": ""United"", ""act"": 0.0}, {""tk"": ""attribute"", ""act"": 0.0}, {""tk"": ""seat"", ""act"": 0.0}, {""tk"": ""government"", ""act"": 0.0}, {""tk"": ""relationship"", ""act"": 0.0}, {""tk"": ""which"", ""act"": 0.0}, {""tk"": ""containing"", ""act"": 0.0}]"
22_71237,22,71237,entity: The capital city of Oklahoma is Oklahoma City, is,8,33.04965591430664,0.8999999999999999,functional,"[{""token"": "" Oklahoma"", ""index"": 9, ""distance"": 1, ""direction"": ""forward""}]",json,"Say ""X""",,1.0,False,,Say (Oklahoma),"[{""tk"": ""is"", ""act"": 33.04965591430664}, {""tk"": ""entity"", ""act"": 0.0}, {""tk"": ""city"", ""act"": 0.0}, {""tk"": ""in"", ""act"": 0.0}, {""tk"": ""Oklahoma"", ""act"": 0.0}, {""tk"": ""USA"", ""act"": 0.0}, {""tk"": ""Tulsa"", ""act"": 0.0}, {""tk"": ""The"", ""act"": 0.0}, {""tk"": ""capital"", ""act"": 0.0}, {""tk"": ""of"", ""act"": 0.0}, {""tk"": ""state"", ""act"": 0.0}, {""tk"": ""United"", ""act"": 0.0}, {""tk"": ""attribute"", ""act"": 0.0}, {""tk"": ""seat"", ""act"": 0.0}, {""tk"": ""government"", ""act"": 0.0}, {""tk"": ""relationship"", ""act"": 0.0}, {""tk"": ""which"", ""act"": 0.0}, {""tk"": ""containing"", ""act"": 0.0}]"
22_62229,22,62229,entity: The capital city of Oklahoma is Oklahoma City, is,8,2.072920799255371,0.9,functional,"[{""token"": "" Oklahoma"", ""index"": 9, ""distance"": 1, ""direction"": ""forward""}]",json,"Say ""X""",,1.0,False,,Say (Oklahoma),"[{""tk"": ""is"", ""act"": 2.072920799255371}, {""tk"": ""entity"", ""act"": 0.0}, {""tk"": ""city"", ""act"": 0.0}, {""tk"": ""in"", ""act"": 0.0}, {""tk"": ""Oklahoma"", ""act"": 0.0}, {""tk"": ""USA"", ""act"": 0.0}, {""tk"": ""Tulsa"", ""act"": 0.0}, {""tk"": ""The"", ""act"": 0.0}, {""tk"": ""capital"", ""act"": 0.0}, {""tk"": ""of"", ""act"": 0.0}, {""tk"": ""state"", ""act"": 0.0}, {""tk"": ""United"", ""act"": 0.0}, {""tk"": ""attribute"", ""act"": 0.0}, {""tk"": ""seat"", ""act"": 0.0}, {""tk"": ""government"", ""act"": 0.0}, {""tk"": ""relationship"", ""act"": 0.0}, {""tk"": ""which"", ""act"": 0.0}, {""tk"": ""containing"", ""act"": 0.0}]"
23_29602,23,29602,entity: The capital city of Oklahoma is Oklahoma City, is,8,32.2626953125,0.9,functional,"[{""token"": "" Oklahoma"", ""index"": 9, ""distance"": 1, ""direction"": ""forward""}]",json,"Say ""X""",,1.0,False,,Say (Oklahoma),"[{""tk"": ""is"", ""act"": 32.2626953125}, {""tk"": ""entity"", ""act"": 0.0}, {""tk"": ""city"", ""act"": 0.0}, {""tk"": ""in"", ""act"": 0.0}, {""tk"": ""Oklahoma"", ""act"": 0.0}, {""tk"": ""USA"", ""act"": 0.0}, {""tk"": ""Tulsa"", ""act"": 0.0}, {""tk"": ""The"", ""act"": 0.0}, {""tk"": ""capital"", ""act"": 0.0}, {""tk"": ""of"", ""act"": 0.0}, {""tk"": ""state"", ""act"": 0.0}, {""tk"": ""United"", ""act"": 0.0}, {""tk"": ""attribute"", ""act"": 0.0}, {""tk"": ""seat"", ""act"": 0.0}, {""tk"": ""government"", ""act"": 0.0}, {""tk"": ""relationship"", ""act"": 0.0}, {""tk"": ""which"", ""act"": 0.0}, {""tk"": ""containing"", ""act"": 0.0}]"
23_57479,23,57479,entity: The capital city of Oklahoma is Oklahoma City, is,8,38.4189453125,0.9,functional,"[{""token"": "" Oklahoma"", ""index"": 9, ""distance"": 1, ""direction"": ""forward""}]",json,"Say ""X""",,1.0,False,,Say (Oklahoma),"[{""tk"": ""is"", ""act"": 38.4189453125}, {""tk"": ""entity"", ""act"": 0.0}, {""tk"": ""city"", ""act"": 0.0}, {""tk"": ""in"", ""act"": 0.0}, {""tk"": ""Oklahoma"", ""act"": 0.0}, {""tk"": ""USA"", ""act"": 0.0}, {""tk"": ""Tulsa"", ""act"": 0.0}, {""tk"": ""The"", ""act"": 0.0}, {""tk"": ""capital"", ""act"": 0.0}, {""tk"": ""of"", ""act"": 0.0}, {""tk"": ""state"", ""act"": 0.0}, {""tk"": ""United"", ""act"": 0.0}, {""tk"": ""attribute"", ""act"": 0.0}, {""tk"": ""seat"", ""act"": 0.0}, {""tk"": ""government"", ""act"": 0.0}, {""tk"": ""relationship"", ""act"": 0.0}, {""tk"": ""which"", ""act"": 0.0}, {""tk"": ""containing"", ""act"": 0.0}]"
23_24150,23,24150,entity: The capital city of Oklahoma is Oklahoma City, is,8,22.94991111755371,0.8999999999999999,functional,"[{""token"": "" Oklahoma"", ""index"": 9, ""distance"": 1, ""direction"": ""forward""}]",json,"Say ""X""",,1.0,False,,Say (Oklahoma),"[{""tk"": ""is"", ""act"": 22.94991111755371}, {""tk"": ""entity"", ""act"": 0.0}, {""tk"": ""city"", ""act"": 0.0}, {""tk"": ""in"", ""act"": 0.0}, {""tk"": ""Oklahoma"", ""act"": 0.0}, {""tk"": ""USA"", ""act"": 0.0}, {""tk"": ""Tulsa"", ""act"": 0.0}, {""tk"": ""The"", ""act"": 0.0}, {""tk"": ""capital"", ""act"": 0.0}, {""tk"": ""of"", ""act"": 0.0}, {""tk"": ""state"", ""act"": 0.0}, {""tk"": ""United"", ""act"": 0.0}, {""tk"": ""attribute"", ""act"": 0.0}, {""tk"": ""seat"", ""act"": 0.0}, {""tk"": ""government"", ""act"": 0.0}, {""tk"": ""relationship"", ""act"": 0.0}, {""tk"": ""which"", ""act"": 0.0}, {""tk"": ""containing"", ""act"": 0.0}]"
24_79427,24,79427,entity: The capital city of Oklahoma is Oklahoma City, Oklahoma,9,122.13128662109376,0.8085008788110338,semantic,"[{""token"": "" Oklahoma"", ""index"": 9, ""distance"": 0, ""direction"": ""self""}]",n/a,Semantic,Concept,0.7,False,,Oklahoma,"[{""tk"": ""Oklahoma"", ""act"": 122.13128662109375}, {""tk"": ""of"", ""act"": 80.25637817382812}, {""tk"": ""which"", ""act"": 70.40821075439453}, {""tk"": ""the"", ""act"": 64.7374038696289}, {""tk"": ""capital"", ""act"": 64.40751647949219}, {""tk"": ""is"", ""act"": 60.35307312011719}, {""tk"": ""containing"", ""act"": 55.67041015625}, {""tk"": ""in"", ""act"": 47.66194152832031}, {""tk"": ""city"", ""act"": 36.942447662353516}, {""tk"": ""state"", ""act"": 30.00804901123047}, {""tk"": ""United"", ""act"": 26.750457763671875}, {""tk"": ""seat"", ""act"": 11.499489784240723}, {""tk"": ""entity"", ""act"": 0.0}, {""tk"": ""USA"", ""act"": 0.0}, {""tk"": ""Tulsa"", ""act"": 0.0}, {""tk"": ""attribute"", ""act"": 0.0}, {""tk"": ""government"", ""act"": 0.0}, {""tk"": ""relationship"", ""act"": 0.0}]"
24_2574,24,2574,entity: The capital city of Oklahoma is Oklahoma City, is,8,2.328598976135254,0.9,functional,"[{""token"": "" Oklahoma"", ""index"": 9, ""distance"": 1, ""direction"": ""forward""}]",json,"Say ""X""",,1.0,False,,Say (Oklahoma),"[{""tk"": ""is"", ""act"": 2.328598976135254}, {""tk"": ""entity"", ""act"": 0.0}, {""tk"": ""city"", ""act"": 0.0}, {""tk"": ""in"", ""act"": 0.0}, {""tk"": ""Oklahoma"", ""act"": 0.0}, {""tk"": ""USA"", ""act"": 0.0}, {""tk"": ""Tulsa"", ""act"": 0.0}, {""tk"": ""The"", ""act"": 0.0}, {""tk"": ""capital"", ""act"": 0.0}, {""tk"": ""of"", ""act"": 0.0}, {""tk"": ""state"", ""act"": 0.0}, {""tk"": ""United"", ""act"": 0.0}, {""tk"": ""attribute"", ""act"": 0.0}, {""tk"": ""seat"", ""act"": 0.0}, {""tk"": ""government"", ""act"": 0.0}, {""tk"": ""relationship"", ""act"": 0.0}, {""tk"": ""which"", ""act"": 0.0}, {""tk"": ""containing"", ""act"": 0.0}]"
25_288,25,288,entity: The capital city of Oklahoma is Oklahoma City, Oklahoma,9,395.3050842285156,0.8891643931086746,semantic,"[{""token"": "" Oklahoma"", ""index"": 9, ""distance"": 0, ""direction"": ""self""}]",n/a,Semantic,Concept,0.7,False,,United,"[{""tk"": ""United"", ""act"": 421.7867736816406}, {""tk"": ""Oklahoma"", ""act"": 395.3050842285156}, {""tk"": ""attribute"", ""act"": 281.9482727050781}, {""tk"": ""in"", ""act"": 234.10520935058594}, {""tk"": ""seat"", ""act"": 230.17575073242188}, {""tk"": ""capital"", ""act"": 95.55261993408203}, {""tk"": ""the"", ""act"": 93.36248779296875}, {""tk"": ""which"", ""act"": 90.41435241699219}, {""tk"": ""state"", ""act"": 48.24603271484375}, {""tk"": ""is"", ""act"": 42.80223846435547}, {""tk"": ""of"", ""act"": 19.77794647216797}, {""tk"": ""entity"", ""act"": 0.0}, {""tk"": ""city"", ""act"": 0.0}, {""tk"": ""USA"", ""act"": 0.0}, {""tk"": ""Tulsa"", ""act"": 0.0}, {""tk"": ""government"", ""act"": 0.0}, {""tk"": ""relationship"", ""act"": 0.0}, {""tk"": ""containing"", ""act"": 0.0}]"
0_51434,0,51434,entity: A state in the United States is Oklahoma, the,6,75.88053894042969,0.8999999999999999,functional,"[{""token"": "" United"", ""index"": 7, ""distance"": 1, ""direction"": ""forward""}]",json,Semantic,Dictionary (fallback),0.9,False,,The,"[{""tk"": ""the"", ""act"": 79.98755645751953}, {""tk"": ""entity"", ""act"": 0.0}, {""tk"": ""city"", ""act"": 0.0}, {""tk"": ""in"", ""act"": 0.0}, {""tk"": ""Oklahoma"", ""act"": 0.0}, {""tk"": ""USA"", ""act"": 0.0}, {""tk"": ""is"", ""act"": 0.0}, {""tk"": ""Tulsa"", ""act"": 0.0}, {""tk"": ""capital"", ""act"": 0.0}, {""tk"": ""of"", ""act"": 0.0}, {""tk"": ""state"", ""act"": 0.0}, {""tk"": ""United"", ""act"": 0.0}, {""tk"": ""attribute"", ""act"": 0.0}, {""tk"": ""seat"", ""act"": 0.0}, {""tk"": ""government"", ""act"": 0.0}, {""tk"": ""relationship"", ""act"": 0.0}, {""tk"": ""which"", ""act"": 0.0}, {""tk"": ""containing"", ""act"": 0.0}]"
0_95475,0,95475,entity: A state in the United States is Oklahoma, state,4,72.12992095947266,0.6446733376961149,semantic,"[{""token"": "" state"", ""index"": 4, ""distance"": 0, ""direction"": ""self""}]",n/a,Semantic,Dictionary (fallback),0.9,False,,government,"[{""tk"": ""government"", ""act"": 73.73577117919922}, {""tk"": ""state"", ""act"": 72.12992095947266}, {""tk"": ""city"", ""act"": 69.083984375}, {""tk"": ""capital"", ""act"": 60.64950942993164}, {""tk"": ""Oklahoma"", ""act"": 59.78224182128906}, {""tk"": ""USA"", ""act"": 57.357418060302734}, {""tk"": ""relationship"", ""act"": 51.8544807434082}, {""tk"": ""attribute"", ""act"": 50.58573913574219}, {""tk"": ""United"", ""act"": 44.38002395629883}, {""tk"": ""seat"", ""act"": 44.13238525390625}, {""tk"": ""Tulsa"", ""act"": 42.2085075378418}, {""tk"": ""entity"", ""act"": 40.56538009643555}, {""tk"": ""containing"", ""act"": 27.732948303222656}, {""tk"": ""in"", ""act"": 0.0}, {""tk"": ""is"", ""act"": 0.0}, {""tk"": ""The"", ""act"": 0.0}, {""tk"": ""of"", ""act"": 0.0}, {""tk"": ""which"", ""act"": 0.0}]"
0_32742,0,32742,entity: A state in the United States is Oklahoma, Oklahoma,10,55.81424331665039,0.9,semantic,"[{""token"": "" Oklahoma"", ""index"": 10, ""distance"": 0, ""direction"": ""self""}]",n/a,Semantic,Dictionary (fallback),0.9,False,,Oklahoma,"[{""tk"": ""Oklahoma"", ""act"": 57.54841995239258}, {""tk"": ""Tulsa"", ""act"": 39.27741622924805}, {""tk"": ""entity"", ""act"": 0.0}, {""tk"": ""city"", ""act"": 0.0}, {""tk"": ""in"", ""act"": 0.0}, {""tk"": ""USA"", ""act"": 0.0}, {""tk"": ""is"", ""act"": 0.0}, {""tk"": ""The"", ""act"": 0.0}, {""tk"": ""capital"", ""act"": 0.0}, {""tk"": ""of"", ""act"": 0.0}, {""tk"": ""state"", ""act"": 0.0}, {""tk"": ""United"", ""act"": 0.0}, {""tk"": ""attribute"", ""act"": 0.0}, {""tk"": ""seat"", ""act"": 0.0}, {""tk"": ""government"", ""act"": 0.0}, {""tk"": ""relationship"", ""act"": 0.0}, {""tk"": ""which"", ""act"": 0.0}, {""tk"": ""containing"", ""act"": 0.0}]"
0_39122,0,39122,entity: A state in the United States is Oklahoma,:,2,55.24974060058594,0.7731416709957643,functional,"[{""token"": "" state"", ""index"": 4, ""distance"": 2, ""direction"": ""forward""}, {""token"": ""entity"", ""index"": 1, ""distance"": 1, ""direction"": ""backward""}]",json,Semantic,Dictionary,1.0,False,,punctuation,"[{""tk"": ""of"", ""act"": 40.620758056640625}, {""tk"": ""in"", ""act"": 38.414180755615234}, {""tk"": ""the"", ""act"": 38.37458801269531}, {""tk"": ""entity"", ""act"": 0.0}, {""tk"": ""city"", ""act"": 0.0}, {""tk"": ""Oklahoma"", ""act"": 0.0}, {""tk"": ""USA"", ""act"": 0.0}, {""tk"": ""is"", ""act"": 0.0}, {""tk"": ""Tulsa"", ""act"": 0.0}, {""tk"": ""capital"", ""act"": 0.0}, {""tk"": ""state"", ""act"": 0.0}, {""tk"": ""United"", ""act"": 0.0}, {""tk"": ""attribute"", ""act"": 0.0}, {""tk"": ""seat"", ""act"": 0.0}, {""tk"": ""government"", ""act"": 0.0}, {""tk"": ""relationship"", ""act"": 0.0}, {""tk"": ""which"", ""act"": 0.0}, {""tk"": ""containing"", ""act"": 0.0}]"
0_40780,0,40780,entity: A state in the United States is Oklahoma, the,6,53.09765625,0.6377692627905046,functional,"[{""token"": "" United"", ""index"": 7, ""distance"": 1, ""direction"": ""forward""}]",json,Semantic,Dictionary (fallback),0.9,False,,which,"[{""tk"": ""which"", ""act"": 59.63111114501953}, {""tk"": ""the"", ""act"": 57.446224212646484}, {""tk"": ""is"", ""act"": 50.90119552612305}, {""tk"": ""in"", ""act"": 48.9953727722168}, {""tk"": ""of"", ""act"": 37.325950622558594}, {""tk"": ""entity"", ""act"": 2.3564822673797607}, {""tk"": ""city"", ""act"": 0.0}, {""tk"": ""Oklahoma"", ""act"": 0.0}, {""tk"": ""USA"", ""act"": 0.0}, {""tk"": ""Tulsa"", ""act"": 0.0}, {""tk"": ""capital"", ""act"": 0.0}, {""tk"": ""state"", ""act"": 0.0}, {""tk"": ""United"", ""act"": 0.0}, {""tk"": ""attribute"", ""act"": 0.0}, {""tk"": ""seat"", ""act"": 0.0}, {""tk"": ""government"", ""act"": 0.0}, {""tk"": ""relationship"", ""act"": 0.0}, {""tk"": ""containing"", ""act"": 0.0}]"
0_18753,0,18753,entity: A state in the United States is Oklahoma,:,2,51.9667854309082,0.6607469209113763,functional,"[{""token"": "" state"", ""index"": 4, ""distance"": 2, ""direction"": ""forward""}, {""token"": ""entity"", ""index"": 1, ""distance"": 1, ""direction"": ""backward""}]",json,Semantic,Dictionary,1.0,False,,punctuation,"[{""tk"": ""the"", ""act"": 45.698326110839844}, {""tk"": ""is"", ""act"": 44.101776123046875}, {""tk"": ""of"", ""act"": 41.465484619140625}, {""tk"": ""in"", ""act"": 39.97174072265625}, {""tk"": ""entity"", ""act"": 0.0}, {""tk"": ""city"", ""act"": 0.0}, {""tk"": ""Oklahoma"", ""act"": 0.0}, {""tk"": ""USA"", ""act"": 0.0}, {""tk"": ""Tulsa"", ""act"": 0.0}, {""tk"": ""capital"", ""act"": 0.0}, {""tk"": ""state"", ""act"": 0.0}, {""tk"": ""United"", ""act"": 0.0}, {""tk"": ""attribute"", ""act"": 0.0}, {""tk"": ""seat"", ""act"": 0.0}, {""tk"": ""government"", ""act"": 0.0}, {""tk"": ""relationship"", ""act"": 0.0}, {""tk"": ""which"", ""act"": 0.0}, {""tk"": ""containing"", ""act"": 0.0}]"
0_230,0,230,entity: A state in the United States is Oklahoma, is,9,47.854530334472656,0.8999999999999999,functional,"[{""token"": "" Oklahoma"", ""index"": 10, ""distance"": 1, ""direction"": ""forward""}]",json,Semantic,Dictionary,0.8333333333333334,False,,is,"[{""tk"": ""is"", ""act"": 47.854530334472656}, {""tk"": ""entity"", ""act"": 0.0}, {""tk"": ""city"", ""act"": 0.0}, {""tk"": ""in"", ""act"": 0.0}, {""tk"": ""Oklahoma"", ""act"": 0.0}, {""tk"": ""USA"", ""act"": 0.0}, {""tk"": ""Tulsa"", ""act"": 0.0}, {""tk"": ""The"", ""act"": 0.0}, {""tk"": ""capital"", ""act"": 0.0}, {""tk"": ""of"", ""act"": 0.0}, {""tk"": ""state"", ""act"": 0.0}, {""tk"": ""United"", ""act"": 0.0}, {""tk"": ""attribute"", ""act"": 0.0}, {""tk"": ""seat"", ""act"": 0.0}, {""tk"": ""government"", ""act"": 0.0}, {""tk"": ""relationship"", ""act"": 0.0}, {""tk"": ""which"", ""act"": 0.0}, {""tk"": ""containing"", ""act"": 0.0}]"
0_54198,0,54198,entity: A state in the United States is Oklahoma, A,3,47.78662109375,0.9,functional,"[{""token"": "" state"", ""index"": 4, ""distance"": 1, ""direction"": ""forward""}]",json,Semantic,Dictionary (fallback),0.9,False,,The,"[{""tk"": ""The"", ""act"": 58.88051223754883}, {""tk"": ""entity"", ""act"": 0.0}, {""tk"": ""city"", ""act"": 0.0}, {""tk"": ""in"", ""act"": 0.0}, {""tk"": ""Oklahoma"", ""act"": 0.0}, {""tk"": ""USA"", ""act"": 0.0}, {""tk"": ""is"", ""act"": 0.0}, {""tk"": ""Tulsa"", ""act"": 0.0}, {""tk"": ""capital"", ""act"": 0.0}, {""tk"": ""of"", ""act"": 0.0}, {""tk"": ""state"", ""act"": 0.0}, {""tk"": ""United"", ""act"": 0.0}, {""tk"": ""attribute"", ""act"": 0.0}, {""tk"": ""seat"", ""act"": 0.0}, {""tk"": ""government"", ""act"": 0.0}, {""tk"": ""relationship"", ""act"": 0.0}, {""tk"": ""which"", ""act"": 0.0}, {""tk"": ""containing"", ""act"": 0.0}]"
0_49560,0,49560,entity: A state in the United States is Oklahoma, is,9,47.69589614868164,0.8999999999999999,functional,"[{""token"": "" Oklahoma"", ""index"": 10, ""distance"": 1, ""direction"": ""forward""}]",json,Semantic,Dictionary,0.8333333333333334,False,,is,"[{""tk"": ""is"", ""act"": 54.54280471801758}, {""tk"": ""entity"", ""act"": 0.0}, {""tk"": ""city"", ""act"": 0.0}, {""tk"": ""in"", ""act"": 0.0}, {""tk"": ""Oklahoma"", ""act"": 0.0}, {""tk"": ""USA"", ""act"": 0.0}, {""tk"": ""Tulsa"", ""act"": 0.0}, {""tk"": ""The"", ""act"": 0.0}, {""tk"": ""capital"", ""act"": 0.0}, {""tk"": ""of"", ""act"": 0.0}, {""tk"": ""state"", ""act"": 0.0}, {""tk"": ""United"", ""act"": 0.0}, {""tk"": ""attribute"", ""act"": 0.0}, {""tk"": ""seat"", ""act"": 0.0}, {""tk"": ""government"", ""act"": 0.0}, {""tk"": ""relationship"", ""act"": 0.0}, {""tk"": ""which"", ""act"": 0.0}, {""tk"": ""containing"", ""act"": 0.0}]"
0_91045,0,91045,entity: A state in the United States is Oklahoma, is,9,45.08112335205078,0.9,functional,"[{""token"": "" Oklahoma"", ""index"": 10, ""distance"": 1, ""direction"": ""forward""}]",json,Semantic,Dictionary,0.8333333333333334,False,,is,"[{""tk"": ""is"", ""act"": 62.202613830566406}, {""tk"": ""entity"", ""act"": 0.0}, {""tk"": ""city"", ""act"": 0.0}, {""tk"": ""in"", ""act"": 0.0}, {""tk"": ""Oklahoma"", ""act"": 0.0}, {""tk"": ""USA"", ""act"": 0.0}, {""tk"": ""Tulsa"", ""act"": 0.0}, {""tk"": ""The"", ""act"": 0.0}, {""tk"": ""capital"", ""act"": 0.0}, {""tk"": ""of"", ""act"": 0.0}, {""tk"": ""state"", ""act"": 0.0}, {""tk"": ""United"", ""act"": 0.0}, {""tk"": ""attribute"", ""act"": 0.0}, {""tk"": ""seat"", ""act"": 0.0}, {""tk"": ""government"", ""act"": 0.0}, {""tk"": ""relationship"", ""act"": 0.0}, {""tk"": ""which"", ""act"": 0.0}, {""tk"": ""containing"", ""act"": 0.0}]"
0_95057,0,95057,entity: A state in the United States is Oklahoma,:,2,44.88917541503906,0.6641380427396708,functional,"[{""token"": "" state"", ""index"": 4, ""distance"": 2, ""direction"": ""forward""}, {""token"": ""entity"", ""index"": 1, ""distance"": 1, ""direction"": ""backward""}]",json,Semantic,Dictionary (fallback),0.9,False,,punctuation,"[{""tk"": ""is"", ""act"": 35.278743743896484}, {""tk"": ""The"", ""act"": 34.39540481567383}, {""tk"": ""in"", ""act"": 20.475749969482422}, {""tk"": ""entity"", ""act"": 0.0}, {""tk"": ""city"", ""act"": 0.0}, {""tk"": ""Oklahoma"", ""act"": 0.0}, {""tk"": ""USA"", ""act"": 0.0}, {""tk"": ""Tulsa"", ""act"": 0.0}, {""tk"": ""capital"", ""act"": 0.0}, {""tk"": ""of"", ""act"": 0.0}, {""tk"": ""state"", ""act"": 0.0}, {""tk"": ""United"", ""act"": 0.0}, {""tk"": ""attribute"", ""act"": 0.0}, {""tk"": ""seat"", ""act"": 0.0}, {""tk"": ""government"", ""act"": 0.0}, {""tk"": ""relationship"", ""act"": 0.0}, {""tk"": ""which"", ""act"": 0.0}, {""tk"": ""containing"", ""act"": 0.0}]"
0_57840,0,57840,entity: A state in the United States is Oklahoma, state,4,37.14567565917969,0.9,semantic,"[{""token"": "" state"", ""index"": 4, ""distance"": 0, ""direction"": ""self""}]",n/a,Semantic,Dictionary (fallback),0.9,False,,state,"[{""tk"": ""state"", ""act"": 37.14567565917969}, {""tk"": ""entity"", ""act"": 0.0}, {""tk"": ""city"", ""act"": 0.0}, {""tk"": ""in"", ""act"": 0.0}, {""tk"": ""Oklahoma"", ""act"": 0.0}, {""tk"": ""USA"", ""act"": 0.0}, {""tk"": ""is"", ""act"": 0.0}, {""tk"": ""Tulsa"", ""act"": 0.0}, {""tk"": ""The"", ""act"": 0.0}, {""tk"": ""capital"", ""act"": 0.0}, {""tk"": ""of"", ""act"": 0.0}, {""tk"": ""United"", ""act"": 0.0}, {""tk"": ""attribute"", ""act"": 0.0}, {""tk"": ""seat"", ""act"": 0.0}, {""tk"": ""government"", ""act"": 0.0}, {""tk"": ""relationship"", ""act"": 0.0}, {""tk"": ""which"", ""act"": 0.0}, {""tk"": ""containing"", ""act"": 0.0}]"
0_5200,0,5200,entity: A state in the United States is Oklahoma, is,9,36.14437103271485,0.9,functional,"[{""token"": "" Oklahoma"", ""index"": 10, ""distance"": 1, ""direction"": ""forward""}]",json,Semantic,Dictionary,0.8333333333333334,False,,is,"[{""tk"": ""is"", ""act"": 47.42398452758789}, {""tk"": ""entity"", ""act"": 0.0}, {""tk"": ""city"", ""act"": 0.0}, {""tk"": ""in"", ""act"": 0.0}, {""tk"": ""Oklahoma"", ""act"": 0.0}, {""tk"": ""USA"", ""act"": 0.0}, {""tk"": ""Tulsa"", ""act"": 0.0}, {""tk"": ""The"", ""act"": 0.0}, {""tk"": ""capital"", ""act"": 0.0}, {""tk"": ""of"", ""act"": 0.0}, {""tk"": ""state"", ""act"": 0.0}, {""tk"": ""United"", ""act"": 0.0}, {""tk"": ""attribute"", ""act"": 0.0}, {""tk"": ""seat"", ""act"": 0.0}, {""tk"": ""government"", ""act"": 0.0}, {""tk"": ""relationship"", ""act"": 0.0}, {""tk"": ""which"", ""act"": 0.0}, {""tk"": ""containing"", ""act"": 0.0}]"
0_2161,0,2161,entity: A state in the United States is Oklahoma,:,2,35.73111724853516,0.8376530128333378,functional,"[{""token"": "" state"", ""index"": 4, ""distance"": 2, ""direction"": ""forward""}, {""token"": ""entity"", ""index"": 1, ""distance"": 1, ""direction"": ""backward""}]",json,Semantic,Dictionary,1.0,False,,punctuation,"[{""tk"": ""of"", ""act"": 35.450897216796875}, {""tk"": ""in"", ""act"": 23.877574920654297}, {""tk"": ""entity"", ""act"": 0.0}, {""tk"": ""city"", ""act"": 0.0}, {""tk"": ""Oklahoma"", ""act"": 0.0}, {""tk"": ""USA"", ""act"": 0.0}, {""tk"": ""is"", ""act"": 0.0}, {""tk"": ""Tulsa"", ""act"": 0.0}, {""tk"": ""The"", ""act"": 0.0}, {""tk"": ""capital"", ""act"": 0.0}, {""tk"": ""state"", ""act"": 0.0}, {""tk"": ""United"", ""act"": 0.0}, {""tk"": ""attribute"", ""act"": 0.0}, {""tk"": ""seat"", ""act"": 0.0}, {""tk"": ""government"", ""act"": 0.0}, {""tk"": ""relationship"", ""act"": 0.0}, {""tk"": ""which"", ""act"": 0.0}, {""tk"": ""containing"", ""act"": 0.0}]"
0_98149,0,98149,entity: A state in the United States is Oklahoma,entity,1,25.97108268737793,0.7876256019703405,semantic,"[{""token"": ""entity"", ""index"": 1, ""distance"": 0, ""direction"": ""self""}]",n/a,Semantic,Dictionary (fallback),0.9,False,,state,"[{""tk"": ""state"", ""act"": 31.780366897583008}, {""tk"": ""attribute"", ""act"": 26.52439308166504}, {""tk"": ""entity"", ""act"": 25.97108268737793}, {""tk"": ""relationship"", ""act"": 23.118804931640625}, {""tk"": ""city"", ""act"": 17.828733444213867}, {""tk"": ""capital"", ""act"": 16.205841064453125}, {""tk"": ""United"", ""act"": 7.620537757873535}, {""tk"": ""government"", ""act"": 4.9040398597717285}, {""tk"": ""seat"", ""act"": 0.8987782001495361}, {""tk"": ""in"", ""act"": 0.0}, {""tk"": ""Oklahoma"", ""act"": 0.0}, {""tk"": ""USA"", ""act"": 0.0}, {""tk"": ""is"", ""act"": 0.0}, {""tk"": ""Tulsa"", ""act"": 0.0}, {""tk"": ""The"", ""act"": 0.0}, {""tk"": ""of"", ""act"": 0.0}, {""tk"": ""which"", ""act"": 0.0}, {""tk"": ""containing"", ""act"": 0.0}]"
0_61562,0,61562,entity: A state in the United States is Oklahoma,entity,1,0.0,0.0,semantic,"[{""token"": ""entity"", ""index"": 1, ""distance"": 0, ""direction"": ""self""}]",n/a,Semantic,Dictionary,1.0,False,,of,"[{""tk"": ""of"", ""act"": 21.94182014465332}, {""tk"": ""entity"", ""act"": 0.0}, {""tk"": ""city"", ""act"": 0.0}, {""tk"": ""in"", ""act"": 0.0}, {""tk"": ""Oklahoma"", ""act"": 0.0}, {""tk"": ""USA"", ""act"": 0.0}, {""tk"": ""is"", ""act"": 0.0}, {""tk"": ""Tulsa"", ""act"": 0.0}, {""tk"": ""The"", ""act"": 0.0}, {""tk"": ""capital"", ""act"": 0.0}, {""tk"": ""state"", ""act"": 0.0}, {""tk"": ""United"", ""act"": 0.0}, {""tk"": ""attribute"", ""act"": 0.0}, {""tk"": ""seat"", ""act"": 0.0}, {""tk"": ""government"", ""act"": 0.0}, {""tk"": ""relationship"", ""act"": 0.0}, {""tk"": ""which"", ""act"": 0.0}, {""tk"": ""containing"", ""act"": 0.0}]"
0_44634,0,44634,entity: A state in the United States is Oklahoma,entity,1,14.3582763671875,0.9,semantic,"[{""token"": ""entity"", ""index"": 1, ""distance"": 0, ""direction"": ""self""}]",n/a,Semantic,Dictionary (fallback),0.9,False,,relationship,"[{""tk"": ""relationship"", ""act"": 23.549901962280273}, {""tk"": ""attribute"", ""act"": 19.139753341674805}, {""tk"": ""entity"", ""act"": 14.3582763671875}, {""tk"": ""city"", ""act"": 0.0}, {""tk"": ""in"", ""act"": 0.0}, {""tk"": ""Oklahoma"", ""act"": 0.0}, {""tk"": ""USA"", ""act"": 0.0}, {""tk"": ""is"", ""act"": 0.0}, {""tk"": ""Tulsa"", ""act"": 0.0}, {""tk"": ""The"", ""act"": 0.0}, {""tk"": ""capital"", ""act"": 0.0}, {""tk"": ""of"", ""act"": 0.0}, {""tk"": ""state"", ""act"": 0.0}, {""tk"": ""United"", ""act"": 0.0}, {""tk"": ""seat"", ""act"": 0.0}, {""tk"": ""government"", ""act"": 0.0}, {""tk"": ""which"", ""act"": 0.0}, {""tk"": ""containing"", ""act"": 0.0}]"
0_39374,0,39374,entity: A state in the United States is Oklahoma, is,9,19.61667823791504,0.8999999999999999,functional,"[{""token"": "" Oklahoma"", ""index"": 10, ""distance"": 1, ""direction"": ""forward""}]",json,Semantic,Dictionary,0.8333333333333334,False,,is,"[{""tk"": ""is"", ""act"": 19.61667823791504}, {""tk"": ""entity"", ""act"": 0.0}, {""tk"": ""city"", ""act"": 0.0}, {""tk"": ""in"", ""act"": 0.0}, {""tk"": ""Oklahoma"", ""act"": 0.0}, {""tk"": ""USA"", ""act"": 0.0}, {""tk"": ""Tulsa"", ""act"": 0.0}, {""tk"": ""The"", ""act"": 0.0}, {""tk"": ""capital"", ""act"": 0.0}, {""tk"": ""of"", ""act"": 0.0}, {""tk"": ""state"", ""act"": 0.0}, {""tk"": ""United"", ""act"": 0.0}, {""tk"": ""attribute"", ""act"": 0.0}, {""tk"": ""seat"", ""act"": 0.0}, {""tk"": ""government"", ""act"": 0.0}, {""tk"": ""relationship"", ""act"": 0.0}, {""tk"": ""which"", ""act"": 0.0}, {""tk"": ""containing"", ""act"": 0.0}]"
0_19204,0,19204,entity: A state in the United States is Oklahoma,entity,1,0.0,0.0,semantic,"[{""token"": ""entity"", ""index"": 1, ""distance"": 0, ""direction"": ""self""}]",n/a,Relationship,,1.0,False,,(entity) related,"[{""tk"": ""entity"", ""act"": 0.0}, {""tk"": ""city"", ""act"": 0.0}, {""tk"": ""in"", ""act"": 0.0}, {""tk"": ""Oklahoma"", ""act"": 0.0}, {""tk"": ""USA"", ""act"": 0.0}, {""tk"": ""is"", ""act"": 0.0}, {""tk"": ""Tulsa"", ""act"": 0.0}, {""tk"": ""The"", ""act"": 0.0}, {""tk"": ""capital"", ""act"": 0.0}, {""tk"": ""of"", ""act"": 0.0}, {""tk"": ""state"", ""act"": 0.0}, {""tk"": ""United"", ""act"": 0.0}, {""tk"": ""attribute"", ""act"": 0.0}, {""tk"": ""seat"", ""act"": 0.0}, {""tk"": ""government"", ""act"": 0.0}, {""tk"": ""relationship"", ""act"": 0.0}, {""tk"": ""which"", ""act"": 0.0}, {""tk"": ""containing"", ""act"": 0.0}]"
0_92029,0,92029,entity: A state in the United States is Oklahoma, the,6,19.15092658996582,0.9,functional,"[{""token"": "" United"", ""index"": 7, ""distance"": 1, ""direction"": ""forward""}]",json,Semantic,Dictionary (fallback),0.9,False,,the,"[{""tk"": ""the"", ""act"": 28.859010696411133}, {""tk"": ""entity"", ""act"": 0.0}, {""tk"": ""city"", ""act"": 0.0}, {""tk"": ""in"", ""act"": 0.0}, {""tk"": ""Oklahoma"", ""act"": 0.0}, {""tk"": ""USA"", ""act"": 0.0}, {""tk"": ""is"", ""act"": 0.0}, {""tk"": ""Tulsa"", ""act"": 0.0}, {""tk"": ""capital"", ""act"": 0.0}, {""tk"": ""of"", ""act"": 0.0}, {""tk"": ""state"", ""act"": 0.0}, {""tk"": ""United"", ""act"": 0.0}, {""tk"": ""attribute"", ""act"": 0.0}, {""tk"": ""seat"", ""act"": 0.0}, {""tk"": ""government"", ""act"": 0.0}, {""tk"": ""relationship"", ""act"": 0.0}, {""tk"": ""which"", ""act"": 0.0}, {""tk"": ""containing"", ""act"": 0.0}]"
0_79529,0,79529,entity: A state in the United States is Oklahoma, is,9,15.42864990234375,0.9,functional,"[{""token"": "" Oklahoma"", ""index"": 10, ""distance"": 1, ""direction"": ""forward""}]",json,Semantic,Dictionary,0.8333333333333334,False,,is,"[{""tk"": ""is"", ""act"": 15.42864990234375}, {""tk"": ""entity"", ""act"": 0.0}, {""tk"": ""city"", ""act"": 0.0}, {""tk"": ""in"", ""act"": 0.0}, {""tk"": ""Oklahoma"", ""act"": 0.0}, {""tk"": ""USA"", ""act"": 0.0}, {""tk"": ""Tulsa"", ""act"": 0.0}, {""tk"": ""The"", ""act"": 0.0}, {""tk"": ""capital"", ""act"": 0.0}, {""tk"": ""of"", ""act"": 0.0}, {""tk"": ""state"", ""act"": 0.0}, {""tk"": ""United"", ""act"": 0.0}, {""tk"": ""attribute"", ""act"": 0.0}, {""tk"": ""seat"", ""act"": 0.0}, {""tk"": ""government"", ""act"": 0.0}, {""tk"": ""relationship"", ""act"": 0.0}, {""tk"": ""which"", ""act"": 0.0}, {""tk"": ""containing"", ""act"": 0.0}]"
0_13347,0,13347,entity: A state in the United States is Oklahoma, state,4,14.239542007446287,0.9,semantic,"[{""token"": "" state"", ""index"": 4, ""distance"": 0, ""direction"": ""self""}]",n/a,Semantic,Dictionary (fallback),0.9,False,,state,"[{""tk"": ""state"", ""act"": 30.316205978393555}, {""tk"": ""entity"", ""act"": 0.0}, {""tk"": ""city"", ""act"": 0.0}, {""tk"": ""in"", ""act"": 0.0}, {""tk"": ""Oklahoma"", ""act"": 0.0}, {""tk"": ""USA"", ""act"": 0.0}, {""tk"": ""is"", ""act"": 0.0}, {""tk"": ""Tulsa"", ""act"": 0.0}, {""tk"": ""The"", ""act"": 0.0}, {""tk"": ""capital"", ""act"": 0.0}, {""tk"": ""of"", ""act"": 0.0}, {""tk"": ""United"", ""act"": 0.0}, {""tk"": ""attribute"", ""act"": 0.0}, {""tk"": ""seat"", ""act"": 0.0}, {""tk"": ""government"", ""act"": 0.0}, {""tk"": ""relationship"", ""act"": 0.0}, {""tk"": ""which"", ""act"": 0.0}, {""tk"": ""containing"", ""act"": 0.0}]"
0_42481,0,42481,entity: A state in the United States is Oklahoma, state,4,12.181055068969728,0.9,semantic,"[{""token"": "" state"", ""index"": 4, ""distance"": 0, ""direction"": ""self""}]",n/a,Semantic,Dictionary (fallback),0.9,False,,state,"[{""tk"": ""state"", ""act"": 22.62320899963379}, {""tk"": ""entity"", ""act"": 0.0}, {""tk"": ""city"", ""act"": 0.0}, {""tk"": ""in"", ""act"": 0.0}, {""tk"": ""Oklahoma"", ""act"": 0.0}, {""tk"": ""USA"", ""act"": 0.0}, {""tk"": ""is"", ""act"": 0.0}, {""tk"": ""Tulsa"", ""act"": 0.0}, {""tk"": ""The"", ""act"": 0.0}, {""tk"": ""capital"", ""act"": 0.0}, {""tk"": ""of"", ""act"": 0.0}, {""tk"": ""United"", ""act"": 0.0}, {""tk"": ""attribute"", ""act"": 0.0}, {""tk"": ""seat"", ""act"": 0.0}, {""tk"": ""government"", ""act"": 0.0}, {""tk"": ""relationship"", ""act"": 0.0}, {""tk"": ""which"", ""act"": 0.0}, {""tk"": ""containing"", ""act"": 0.0}]"
0_76137,0,76137,entity: A state in the United States is Oklahoma, Oklahoma,10,11.747711181640623,0.8999999999999999,semantic,"[{""token"": "" Oklahoma"", ""index"": 10, ""distance"": 0, ""direction"": ""self""}]",n/a,Semantic,Dictionary (fallback),0.9,False,,Oklahoma,"[{""tk"": ""Oklahoma"", ""act"": 16.745393753051758}, {""tk"": ""USA"", ""act"": 5.198422908782959}, {""tk"": ""Tulsa"", ""act"": 2.9896798133850098}, {""tk"": ""entity"", ""act"": 0.0}, {""tk"": ""city"", ""act"": 0.0}, {""tk"": ""in"", ""act"": 0.0}, {""tk"": ""is"", ""act"": 0.0}, {""tk"": ""The"", ""act"": 0.0}, {""tk"": ""capital"", ""act"": 0.0}, {""tk"": ""of"", ""act"": 0.0}, {""tk"": ""state"", ""act"": 0.0}, {""tk"": ""United"", ""act"": 0.0}, {""tk"": ""attribute"", ""act"": 0.0}, {""tk"": ""seat"", ""act"": 0.0}, {""tk"": ""government"", ""act"": 0.0}, {""tk"": ""relationship"", ""act"": 0.0}, {""tk"": ""which"", ""act"": 0.0}, {""tk"": ""containing"", ""act"": 0.0}]"
0_81830,0,81830,entity: A state in the United States is Oklahoma, is,9,1.9259614944458008,0.9,functional,"[{""token"": "" Oklahoma"", ""index"": 10, ""distance"": 1, ""direction"": ""forward""}]",json,Semantic,Dictionary (fallback),0.9,False,,is,"[{""tk"": ""is"", ""act"": 5.611411094665527}, {""tk"": ""entity"", ""act"": 0.0}, {""tk"": ""city"", ""act"": 0.0}, {""tk"": ""in"", ""act"": 0.0}, {""tk"": ""Oklahoma"", ""act"": 0.0}, {""tk"": ""USA"", ""act"": 0.0}, {""tk"": ""Tulsa"", ""act"": 0.0}, {""tk"": ""The"", ""act"": 0.0}, {""tk"": ""capital"", ""act"": 0.0}, {""tk"": ""of"", ""act"": 0.0}, {""tk"": ""state"", ""act"": 0.0}, {""tk"": ""United"", ""act"": 0.0}, {""tk"": ""attribute"", ""act"": 0.0}, {""tk"": ""seat"", ""act"": 0.0}, {""tk"": ""government"", ""act"": 0.0}, {""tk"": ""relationship"", ""act"": 0.0}, {""tk"": ""which"", ""act"": 0.0}, {""tk"": ""containing"", ""act"": 0.0}]"
0_20368,0,20368,entity: A state in the United States is Oklahoma,entity,1,0.0,0.0,semantic,"[{""token"": ""entity"", ""index"": 1, ""distance"": 0, ""direction"": ""self""}]",n/a,Semantic,Dictionary (fallback),0.9,False,,containing,"[{""tk"": ""containing"", ""act"": 8.030762672424316}, {""tk"": ""is"", ""act"": 6.553821563720703}, {""tk"": ""entity"", ""act"": 0.0}, {""tk"": ""city"", ""act"": 0.0}, {""tk"": ""in"", ""act"": 0.0}, {""tk"": ""Oklahoma"", ""act"": 0.0}, {""tk"": ""USA"", ""act"": 0.0}, {""tk"": ""Tulsa"", ""act"": 0.0}, {""tk"": ""The"", ""act"": 0.0}, {""tk"": ""capital"", ""act"": 0.0}, {""tk"": ""of"", ""act"": 0.0}, {""tk"": ""state"", ""act"": 0.0}, {""tk"": ""United"", ""act"": 0.0}, {""tk"": ""attribute"", ""act"": 0.0}, {""tk"": ""seat"", ""act"": 0.0}, {""tk"": ""government"", ""act"": 0.0}, {""tk"": ""relationship"", ""act"": 0.0}, {""tk"": ""which"", ""act"": 0.0}]"
0_46235,0,46235,entity: A state in the United States is Oklahoma,entity,1,0.0,0.0,semantic,"[{""token"": ""entity"", ""index"": 1, ""distance"": 0, ""direction"": ""self""}]",n/a,Semantic,Dictionary (fallback),0.9,False,,state,"[{""tk"": ""state"", ""act"": 10.627107620239258}, {""tk"": ""capital"", ""act"": 9.485153198242188}, {""tk"": ""entity"", ""act"": 0.0}, {""tk"": ""city"", ""act"": 0.0}, {""tk"": ""in"", ""act"": 0.0}, {""tk"": ""Oklahoma"", ""act"": 0.0}, {""tk"": ""USA"", ""act"": 0.0}, {""tk"": ""is"", ""act"": 0.0}, {""tk"": ""Tulsa"", ""act"": 0.0}, {""tk"": ""The"", ""act"": 0.0}, {""tk"": ""of"", ""act"": 0.0}, {""tk"": ""United"", ""act"": 0.0}, {""tk"": ""attribute"", ""act"": 0.0}, {""tk"": ""seat"", ""act"": 0.0}, {""tk"": ""government"", ""act"": 0.0}, {""tk"": ""relationship"", ""act"": 0.0}, {""tk"": ""which"", ""act"": 0.0}, {""tk"": ""containing"", ""act"": 0.0}]"
0_87610,0,87610,entity: A state in the United States is Oklahoma, Oklahoma,10,7.051226139068604,0.8999999999999999,semantic,"[{""token"": "" Oklahoma"", ""index"": 10, ""distance"": 0, ""direction"": ""self""}]",n/a,Semantic,Dictionary (fallback),0.9,False,,Tulsa,"[{""tk"": ""Tulsa"", ""act"": 14.490642547607422}, {""tk"": ""Oklahoma"", ""act"": 8.371271133422852}, {""tk"": ""entity"", ""act"": 0.0}, {""tk"": ""city"", ""act"": 0.0}, {""tk"": ""in"", ""act"": 0.0}, {""tk"": ""USA"", ""act"": 0.0}, {""tk"": ""is"", ""act"": 0.0}, {""tk"": ""The"", ""act"": 0.0}, {""tk"": ""capital"", ""act"": 0.0}, {""tk"": ""of"", ""act"": 0.0}, {""tk"": ""state"", ""act"": 0.0}, {""tk"": ""United"", ""act"": 0.0}, {""tk"": ""attribute"", ""act"": 0.0}, {""tk"": ""seat"", ""act"": 0.0}, {""tk"": ""government"", ""act"": 0.0}, {""tk"": ""relationship"", ""act"": 0.0}, {""tk"": ""which"", ""act"": 0.0}, {""tk"": ""containing"", ""act"": 0.0}]"
0_73557,0,73557,entity: A state in the United States is Oklahoma, Oklahoma,10,5.724796772003174,0.9,semantic,"[{""token"": "" Oklahoma"", ""index"": 10, ""distance"": 0, ""direction"": ""self""}]",n/a,Semantic,Dictionary (fallback),0.9,False,,Oklahoma,"[{""tk"": ""Oklahoma"", ""act"": 6.943502902984619}, {""tk"": ""Tulsa"", ""act"": 6.70407247543335}, {""tk"": ""entity"", ""act"": 0.0}, {""tk"": ""city"", ""act"": 0.0}, {""tk"": ""in"", ""act"": 0.0}, {""tk"": ""USA"", ""act"": 0.0}, {""tk"": ""is"", ""act"": 0.0}, {""tk"": ""The"", ""act"": 0.0}, {""tk"": ""capital"", ""act"": 0.0}, {""tk"": ""of"", ""act"": 0.0}, {""tk"": ""state"", ""act"": 0.0}, {""tk"": ""United"", ""act"": 0.0}, {""tk"": ""attribute"", ""act"": 0.0}, {""tk"": ""seat"", ""act"": 0.0}, {""tk"": ""government"", ""act"": 0.0}, {""tk"": ""relationship"", ""act"": 0.0}, {""tk"": ""which"", ""act"": 0.0}, {""tk"": ""containing"", ""act"": 0.0}]"
0_81124,0,81124,entity: A state in the United States is Oklahoma,entity,1,0.0,0.0,semantic,"[{""token"": ""entity"", ""index"": 1, ""distance"": 0, ""direction"": ""self""}]",n/a,Relationship,,1.0,False,,(entity) related,"[{""tk"": ""entity"", ""act"": 0.0}, {""tk"": ""city"", ""act"": 0.0}, {""tk"": ""in"", ""act"": 0.0}, {""tk"": ""Oklahoma"", ""act"": 0.0}, {""tk"": ""USA"", ""act"": 0.0}, {""tk"": ""is"", ""act"": 0.0}, {""tk"": ""Tulsa"", ""act"": 0.0}, {""tk"": ""The"", ""act"": 0.0}, {""tk"": ""capital"", ""act"": 0.0}, {""tk"": ""of"", ""act"": 0.0}, {""tk"": ""state"", ""act"": 0.0}, {""tk"": ""United"", ""act"": 0.0}, {""tk"": ""attribute"", ""act"": 0.0}, {""tk"": ""seat"", ""act"": 0.0}, {""tk"": ""government"", ""act"": 0.0}, {""tk"": ""relationship"", ""act"": 0.0}, {""tk"": ""which"", ""act"": 0.0}, {""tk"": ""containing"", ""act"": 0.0}]"
0_12284,0,12284,entity: A state in the United States is Oklahoma,entity,1,0.0,0.0,semantic,"[{""token"": ""entity"", ""index"": 1, ""distance"": 0, ""direction"": ""self""}]",n/a,Relationship,,1.0,False,,(entity) related,"[{""tk"": ""entity"", ""act"": 0.0}, {""tk"": ""city"", ""act"": 0.0}, {""tk"": ""in"", ""act"": 0.0}, {""tk"": ""Oklahoma"", ""act"": 0.0}, {""tk"": ""USA"", ""act"": 0.0}, {""tk"": ""is"", ""act"": 0.0}, {""tk"": ""Tulsa"", ""act"": 0.0}, {""tk"": ""The"", ""act"": 0.0}, {""tk"": ""capital"", ""act"": 0.0}, {""tk"": ""of"", ""act"": 0.0}, {""tk"": ""state"", ""act"": 0.0}, {""tk"": ""United"", ""act"": 0.0}, {""tk"": ""attribute"", ""act"": 0.0}, {""tk"": ""seat"", ""act"": 0.0}, {""tk"": ""government"", ""act"": 0.0}, {""tk"": ""relationship"", ""act"": 0.0}, {""tk"": ""which"", ""act"": 0.0}, {""tk"": ""containing"", ""act"": 0.0}]"
0_47638,0,47638,entity: A state in the United States is Oklahoma,entity,1,0.0,0.0,semantic,"[{""token"": ""entity"", ""index"": 1, ""distance"": 0, ""direction"": ""self""}]",n/a,Semantic,Dictionary,1.0,False,,containing,"[{""tk"": ""containing"", ""act"": 11.569823265075684}, {""tk"": ""entity"", ""act"": 0.0}, {""tk"": ""city"", ""act"": 0.0}, {""tk"": ""in"", ""act"": 0.0}, {""tk"": ""Oklahoma"", ""act"": 0.0}, {""tk"": ""USA"", ""act"": 0.0}, {""tk"": ""is"", ""act"": 0.0}, {""tk"": ""Tulsa"", ""act"": 0.0}, {""tk"": ""The"", ""act"": 0.0}, {""tk"": ""capital"", ""act"": 0.0}, {""tk"": ""of"", ""act"": 0.0}, {""tk"": ""state"", ""act"": 0.0}, {""tk"": ""United"", ""act"": 0.0}, {""tk"": ""attribute"", ""act"": 0.0}, {""tk"": ""seat"", ""act"": 0.0}, {""tk"": ""government"", ""act"": 0.0}, {""tk"": ""relationship"", ""act"": 0.0}, {""tk"": ""which"", ""act"": 0.0}]"
0_82862,0,82862,entity: A state in the United States is Oklahoma, state,4,1.646881103515625,0.9,semantic,"[{""token"": "" state"", ""index"": 4, ""distance"": 0, ""direction"": ""self""}]",n/a,Semantic,Dictionary (fallback),0.9,False,,government,"[{""tk"": ""government"", ""act"": 9.586883544921875}, {""tk"": ""capital"", ""act"": 8.219970703125}, {""tk"": ""state"", ""act"": 5.531653881072998}, {""tk"": ""relationship"", ""act"": 1.4258275032043457}, {""tk"": ""entity"", ""act"": 0.0}, {""tk"": ""city"", ""act"": 0.0}, {""tk"": ""in"", ""act"": 0.0}, {""tk"": ""Oklahoma"", ""act"": 0.0}, {""tk"": ""USA"", ""act"": 0.0}, {""tk"": ""is"", ""act"": 0.0}, {""tk"": ""Tulsa"", ""act"": 0.0}, {""tk"": ""The"", ""act"": 0.0}, {""tk"": ""of"", ""act"": 0.0}, {""tk"": ""United"", ""act"": 0.0}, {""tk"": ""attribute"", ""act"": 0.0}, {""tk"": ""seat"", ""act"": 0.0}, {""tk"": ""which"", ""act"": 0.0}, {""tk"": ""containing"", ""act"": 0.0}]"
0_73759,0,73759,entity: A state in the United States is Oklahoma,entity,1,0.0,0.0,semantic,"[{""token"": ""entity"", ""index"": 1, ""distance"": 0, ""direction"": ""self""}]",n/a,Semantic,Dictionary,1.0,False,,of,"[{""tk"": ""of"", ""act"": 53.35567855834961}, {""tk"": ""entity"", ""act"": 0.0}, {""tk"": ""city"", ""act"": 0.0}, {""tk"": ""in"", ""act"": 0.0}, {""tk"": ""Oklahoma"", ""act"": 0.0}, {""tk"": ""USA"", ""act"": 0.0}, {""tk"": ""is"", ""act"": 0.0}, {""tk"": ""Tulsa"", ""act"": 0.0}, {""tk"": ""The"", ""act"": 0.0}, {""tk"": ""capital"", ""act"": 0.0}, {""tk"": ""state"", ""act"": 0.0}, {""tk"": ""United"", ""act"": 0.0}, {""tk"": ""attribute"", ""act"": 0.0}, {""tk"": ""seat"", ""act"": 0.0}, {""tk"": ""government"", ""act"": 0.0}, {""tk"": ""relationship"", ""act"": 0.0}, {""tk"": ""which"", ""act"": 0.0}, {""tk"": ""containing"", ""act"": 0.0}]"
0_5916,0,5916,entity: A state in the United States is Oklahoma,entity,1,0.0,0.0,semantic,"[{""token"": ""entity"", ""index"": 1, ""distance"": 0, ""direction"": ""self""}]",n/a,Semantic,Dictionary (fallback),0.9,False,,capital,"[{""tk"": ""capital"", ""act"": 18.749942779541016}, {""tk"": ""entity"", ""act"": 0.0}, {""tk"": ""city"", ""act"": 0.0}, {""tk"": ""in"", ""act"": 0.0}, {""tk"": ""Oklahoma"", ""act"": 0.0}, {""tk"": ""USA"", ""act"": 0.0}, {""tk"": ""is"", ""act"": 0.0}, {""tk"": ""Tulsa"", ""act"": 0.0}, {""tk"": ""The"", ""act"": 0.0}, {""tk"": ""of"", ""act"": 0.0}, {""tk"": ""state"", ""act"": 0.0}, {""tk"": ""United"", ""act"": 0.0}, {""tk"": ""attribute"", ""act"": 0.0}, {""tk"": ""seat"", ""act"": 0.0}, {""tk"": ""government"", ""act"": 0.0}, {""tk"": ""relationship"", ""act"": 0.0}, {""tk"": ""which"", ""act"": 0.0}, {""tk"": ""containing"", ""act"": 0.0}]"
0_6264,0,6264,entity: A state in the United States is Oklahoma,entity,1,0.0,0.0,semantic,"[{""token"": ""entity"", ""index"": 1, ""distance"": 0, ""direction"": ""self""}]",n/a,Semantic,Dictionary,1.0,False,,capital,"[{""tk"": ""capital"", ""act"": 9.430625915527344}, {""tk"": ""entity"", ""act"": 0.0}, {""tk"": ""city"", ""act"": 0.0}, {""tk"": ""in"", ""act"": 0.0}, {""tk"": ""Oklahoma"", ""act"": 0.0}, {""tk"": ""USA"", ""act"": 0.0}, {""tk"": ""is"", ""act"": 0.0}, {""tk"": ""Tulsa"", ""act"": 0.0}, {""tk"": ""The"", ""act"": 0.0}, {""tk"": ""of"", ""act"": 0.0}, {""tk"": ""state"", ""act"": 0.0}, {""tk"": ""United"", ""act"": 0.0}, {""tk"": ""attribute"", ""act"": 0.0}, {""tk"": ""seat"", ""act"": 0.0}, {""tk"": ""government"", ""act"": 0.0}, {""tk"": ""relationship"", ""act"": 0.0}, {""tk"": ""which"", ""act"": 0.0}, {""tk"": ""containing"", ""act"": 0.0}]"
0_8411,0,8411,entity: A state in the United States is Oklahoma,entity,1,0.0,0.0,semantic,"[{""token"": ""entity"", ""index"": 1, ""distance"": 0, ""direction"": ""self""}]",n/a,Semantic,Dictionary,1.0,False,,Tulsa,"[{""tk"": ""Tulsa"", ""act"": 13.844260215759277}, {""tk"": ""entity"", ""act"": 0.0}, {""tk"": ""city"", ""act"": 0.0}, {""tk"": ""in"", ""act"": 0.0}, {""tk"": ""Oklahoma"", ""act"": 0.0}, {""tk"": ""USA"", ""act"": 0.0}, {""tk"": ""is"", ""act"": 0.0}, {""tk"": ""The"", ""act"": 0.0}, {""tk"": ""capital"", ""act"": 0.0}, {""tk"": ""of"", ""act"": 0.0}, {""tk"": ""state"", ""act"": 0.0}, {""tk"": ""United"", ""act"": 0.0}, {""tk"": ""attribute"", ""act"": 0.0}, {""tk"": ""seat"", ""act"": 0.0}, {""tk"": ""government"", ""act"": 0.0}, {""tk"": ""relationship"", ""act"": 0.0}, {""tk"": ""which"", ""act"": 0.0}, {""tk"": ""containing"", ""act"": 0.0}]"
0_15430,0,15430,entity: A state in the United States is Oklahoma,entity,1,0.0,0.0,semantic,"[{""token"": ""entity"", ""index"": 1, ""distance"": 0, ""direction"": ""self""}]",n/a,Semantic,Dictionary,1.0,False,,capital,"[{""tk"": ""capital"", ""act"": 8.16793155670166}, {""tk"": ""entity"", ""act"": 0.0}, {""tk"": ""city"", ""act"": 0.0}, {""tk"": ""in"", ""act"": 0.0}, {""tk"": ""Oklahoma"", ""act"": 0.0}, {""tk"": ""USA"", ""act"": 0.0}, {""tk"": ""is"", ""act"": 0.0}, {""tk"": ""Tulsa"", ""act"": 0.0}, {""tk"": ""The"", ""act"": 0.0}, {""tk"": ""of"", ""act"": 0.0}, {""tk"": ""state"", ""act"": 0.0}, {""tk"": ""United"", ""act"": 0.0}, {""tk"": ""attribute"", ""act"": 0.0}, {""tk"": ""seat"", ""act"": 0.0}, {""tk"": ""government"", ""act"": 0.0}, {""tk"": ""relationship"", ""act"": 0.0}, {""tk"": ""which"", ""act"": 0.0}, {""tk"": ""containing"", ""act"": 0.0}]"
0_15636,0,15636,entity: A state in the United States is Oklahoma,entity,1,0.0,0.0,semantic,"[{""token"": ""entity"", ""index"": 1, ""distance"": 0, ""direction"": ""self""}]",n/a,Semantic,Dictionary (fallback),0.9,False,,of,"[{""tk"": ""of"", ""act"": 6.796746253967285}, {""tk"": ""entity"", ""act"": 0.0}, {""tk"": ""city"", ""act"": 0.0}, {""tk"": ""in"", ""act"": 0.0}, {""tk"": ""Oklahoma"", ""act"": 0.0}, {""tk"": ""USA"", ""act"": 0.0}, {""tk"": ""is"", ""act"": 0.0}, {""tk"": ""Tulsa"", ""act"": 0.0}, {""tk"": ""The"", ""act"": 0.0}, {""tk"": ""capital"", ""act"": 0.0}, {""tk"": ""state"", ""act"": 0.0}, {""tk"": ""United"", ""act"": 0.0}, {""tk"": ""attribute"", ""act"": 0.0}, {""tk"": ""seat"", ""act"": 0.0}, {""tk"": ""government"", ""act"": 0.0}, {""tk"": ""relationship"", ""act"": 0.0}, {""tk"": ""which"", ""act"": 0.0}, {""tk"": ""containing"", ""act"": 0.0}]"
0_17405,0,17405,entity: A state in the United States is Oklahoma,entity,1,0.0,0.0,semantic,"[{""token"": ""entity"", ""index"": 1, ""distance"": 0, ""direction"": ""self""}]",n/a,Semantic,Dictionary,1.0,False,,Tulsa,"[{""tk"": ""Tulsa"", ""act"": 5.863439559936523}, {""tk"": ""entity"", ""act"": 0.0}, {""tk"": ""city"", ""act"": 0.0}, {""tk"": ""in"", ""act"": 0.0}, {""tk"": ""Oklahoma"", ""act"": 0.0}, {""tk"": ""USA"", ""act"": 0.0}, {""tk"": ""is"", ""act"": 0.0}, {""tk"": ""The"", ""act"": 0.0}, {""tk"": ""capital"", ""act"": 0.0}, {""tk"": ""of"", ""act"": 0.0}, {""tk"": ""state"", ""act"": 0.0}, {""tk"": ""United"", ""act"": 0.0}, {""tk"": ""attribute"", ""act"": 0.0}, {""tk"": ""seat"", ""act"": 0.0}, {""tk"": ""government"", ""act"": 0.0}, {""tk"": ""relationship"", ""act"": 0.0}, {""tk"": ""which"", ""act"": 0.0}, {""tk"": ""containing"", ""act"": 0.0}]"
0_17761,0,17761,entity: A state in the United States is Oklahoma,entity,1,0.0,0.0,semantic,"[{""token"": ""entity"", ""index"": 1, ""distance"": 0, ""direction"": ""self""}]",n/a,Semantic,Dictionary,1.0,False,,Tulsa,"[{""tk"": ""Tulsa"", ""act"": 15.078821182250977}, {""tk"": ""entity"", ""act"": 0.0}, {""tk"": ""city"", ""act"": 0.0}, {""tk"": ""in"", ""act"": 0.0}, {""tk"": ""Oklahoma"", ""act"": 0.0}, {""tk"": ""USA"", ""act"": 0.0}, {""tk"": ""is"", ""act"": 0.0}, {""tk"": ""The"", ""act"": 0.0}, {""tk"": ""capital"", ""act"": 0.0}, {""tk"": ""of"", ""act"": 0.0}, {""tk"": ""state"", ""act"": 0.0}, {""tk"": ""United"", ""act"": 0.0}, {""tk"": ""attribute"", ""act"": 0.0}, {""tk"": ""seat"", ""act"": 0.0}, {""tk"": ""government"", ""act"": 0.0}, {""tk"": ""relationship"", ""act"": 0.0}, {""tk"": ""which"", ""act"": 0.0}, {""tk"": ""containing"", ""act"": 0.0}]"
0_23293,0,23293,entity: A state in the United States is Oklahoma,entity,1,0.0,0.0,semantic,"[{""token"": ""entity"", ""index"": 1, ""distance"": 0, ""direction"": ""self""}]",n/a,Semantic,Dictionary,1.0,False,,capital,"[{""tk"": ""capital"", ""act"": 12.355522155761719}, {""tk"": ""entity"", ""act"": 0.0}, {""tk"": ""city"", ""act"": 0.0}, {""tk"": ""in"", ""act"": 0.0}, {""tk"": ""Oklahoma"", ""act"": 0.0}, {""tk"": ""USA"", ""act"": 0.0}, {""tk"": ""is"", ""act"": 0.0}, {""tk"": ""Tulsa"", ""act"": 0.0}, {""tk"": ""The"", ""act"": 0.0}, {""tk"": ""of"", ""act"": 0.0}, {""tk"": ""state"", ""act"": 0.0}, {""tk"": ""United"", ""act"": 0.0}, {""tk"": ""attribute"", ""act"": 0.0}, {""tk"": ""seat"", ""act"": 0.0}, {""tk"": ""government"", ""act"": 0.0}, {""tk"": ""relationship"", ""act"": 0.0}, {""tk"": ""which"", ""act"": 0.0}, {""tk"": ""containing"", ""act"": 0.0}]"
0_23477,0,23477,entity: A state in the United States is Oklahoma,entity,1,0.0,0.0,semantic,"[{""token"": ""entity"", ""index"": 1, ""distance"": 0, ""direction"": ""self""}]",n/a,Relationship,,1.0,False,,(entity) related,"[{""tk"": ""entity"", ""act"": 0.0}, {""tk"": ""city"", ""act"": 0.0}, {""tk"": ""in"", ""act"": 0.0}, {""tk"": ""Oklahoma"", ""act"": 0.0}, {""tk"": ""USA"", ""act"": 0.0}, {""tk"": ""is"", ""act"": 0.0}, {""tk"": ""Tulsa"", ""act"": 0.0}, {""tk"": ""The"", ""act"": 0.0}, {""tk"": ""capital"", ""act"": 0.0}, {""tk"": ""of"", ""act"": 0.0}, {""tk"": ""state"", ""act"": 0.0}, {""tk"": ""United"", ""act"": 0.0}, {""tk"": ""attribute"", ""act"": 0.0}, {""tk"": ""seat"", ""act"": 0.0}, {""tk"": ""government"", ""act"": 0.0}, {""tk"": ""relationship"", ""act"": 0.0}, {""tk"": ""which"", ""act"": 0.0}, {""tk"": ""containing"", ""act"": 0.0}]"
0_29904,0,29904,entity: A state in the United States is Oklahoma,entity,1,0.0,0.0,semantic,"[{""token"": ""entity"", ""index"": 1, ""distance"": 0, ""direction"": ""self""}]",n/a,Semantic,Dictionary,1.0,False,,containing,"[{""tk"": ""containing"", ""act"": 9.819502830505371}, {""tk"": ""entity"", ""act"": 0.0}, {""tk"": ""city"", ""act"": 0.0}, {""tk"": ""in"", ""act"": 0.0}, {""tk"": ""Oklahoma"", ""act"": 0.0}, {""tk"": ""USA"", ""act"": 0.0}, {""tk"": ""is"", ""act"": 0.0}, {""tk"": ""Tulsa"", ""act"": 0.0}, {""tk"": ""The"", ""act"": 0.0}, {""tk"": ""capital"", ""act"": 0.0}, {""tk"": ""of"", ""act"": 0.0}, {""tk"": ""state"", ""act"": 0.0}, {""tk"": ""United"", ""act"": 0.0}, {""tk"": ""attribute"", ""act"": 0.0}, {""tk"": ""seat"", ""act"": 0.0}, {""tk"": ""government"", ""act"": 0.0}, {""tk"": ""relationship"", ""act"": 0.0}, {""tk"": ""which"", ""act"": 0.0}]"
0_31953,0,31953,entity: A state in the United States is Oklahoma,entity,1,0.0,0.0,semantic,"[{""token"": ""entity"", ""index"": 1, ""distance"": 0, ""direction"": ""self""}]",n/a,Semantic,Dictionary,1.0,False,,capital,"[{""tk"": ""capital"", ""act"": 5.960221767425537}, {""tk"": ""entity"", ""act"": 0.0}, {""tk"": ""city"", ""act"": 0.0}, {""tk"": ""in"", ""act"": 0.0}, {""tk"": ""Oklahoma"", ""act"": 0.0}, {""tk"": ""USA"", ""act"": 0.0}, {""tk"": ""is"", ""act"": 0.0}, {""tk"": ""Tulsa"", ""act"": 0.0}, {""tk"": ""The"", ""act"": 0.0}, {""tk"": ""of"", ""act"": 0.0}, {""tk"": ""state"", ""act"": 0.0}, {""tk"": ""United"", ""act"": 0.0}, {""tk"": ""attribute"", ""act"": 0.0}, {""tk"": ""seat"", ""act"": 0.0}, {""tk"": ""government"", ""act"": 0.0}, {""tk"": ""relationship"", ""act"": 0.0}, {""tk"": ""which"", ""act"": 0.0}, {""tk"": ""containing"", ""act"": 0.0}]"
0_35945,0,35945,entity: A state in the United States is Oklahoma,entity,1,0.0,0.0,semantic,"[{""token"": ""entity"", ""index"": 1, ""distance"": 0, ""direction"": ""self""}]",n/a,Semantic,Dictionary (fallback),0.9,False,,The,"[{""tk"": ""The"", ""act"": 47.74628829956055}, {""tk"": ""entity"", ""act"": 0.0}, {""tk"": ""city"", ""act"": 0.0}, {""tk"": ""in"", ""act"": 0.0}, {""tk"": ""Oklahoma"", ""act"": 0.0}, {""tk"": ""USA"", ""act"": 0.0}, {""tk"": ""is"", ""act"": 0.0}, {""tk"": ""Tulsa"", ""act"": 0.0}, {""tk"": ""capital"", ""act"": 0.0}, {""tk"": ""of"", ""act"": 0.0}, {""tk"": ""state"", ""act"": 0.0}, {""tk"": ""United"", ""act"": 0.0}, {""tk"": ""attribute"", ""act"": 0.0}, {""tk"": ""seat"", ""act"": 0.0}, {""tk"": ""government"", ""act"": 0.0}, {""tk"": ""relationship"", ""act"": 0.0}, {""tk"": ""which"", ""act"": 0.0}, {""tk"": ""containing"", ""act"": 0.0}]"
0_37416,0,37416,entity: A state in the United States is Oklahoma,entity,1,0.0,0.0,semantic,"[{""token"": ""entity"", ""index"": 1, ""distance"": 0, ""direction"": ""self""}]",n/a,Semantic,Dictionary,1.0,False,,capital,"[{""tk"": ""capital"", ""act"": 12.284197807312012}, {""tk"": ""entity"", ""act"": 0.0}, {""tk"": ""city"", ""act"": 0.0}, {""tk"": ""in"", ""act"": 0.0}, {""tk"": ""Oklahoma"", ""act"": 0.0}, {""tk"": ""USA"", ""act"": 0.0}, {""tk"": ""is"", ""act"": 0.0}, {""tk"": ""Tulsa"", ""act"": 0.0}, {""tk"": ""The"", ""act"": 0.0}, {""tk"": ""of"", ""act"": 0.0}, {""tk"": ""state"", ""act"": 0.0}, {""tk"": ""United"", ""act"": 0.0}, {""tk"": ""attribute"", ""act"": 0.0}, {""tk"": ""seat"", ""act"": 0.0}, {""tk"": ""government"", ""act"": 0.0}, {""tk"": ""relationship"", ""act"": 0.0}, {""tk"": ""which"", ""act"": 0.0}, {""tk"": ""containing"", ""act"": 0.0}]"
0_37567,0,37567,entity: A state in the United States is Oklahoma,entity,1,0.0,0.0,semantic,"[{""token"": ""entity"", ""index"": 1, ""distance"": 0, ""direction"": ""self""}]",n/a,Semantic,Dictionary,1.0,False,,containing,"[{""tk"": ""containing"", ""act"": 41.110591888427734}, {""tk"": ""entity"", ""act"": 0.0}, {""tk"": ""city"", ""act"": 0.0}, {""tk"": ""in"", ""act"": 0.0}, {""tk"": ""Oklahoma"", ""act"": 0.0}, {""tk"": ""USA"", ""act"": 0.0}, {""tk"": ""is"", ""act"": 0.0}, {""tk"": ""Tulsa"", ""act"": 0.0}, {""tk"": ""The"", ""act"": 0.0}, {""tk"": ""capital"", ""act"": 0.0}, {""tk"": ""of"", ""act"": 0.0}, {""tk"": ""state"", ""act"": 0.0}, {""tk"": ""United"", ""act"": 0.0}, {""tk"": ""attribute"", ""act"": 0.0}, {""tk"": ""seat"", ""act"": 0.0}, {""tk"": ""government"", ""act"": 0.0}, {""tk"": ""relationship"", ""act"": 0.0}, {""tk"": ""which"", ""act"": 0.0}]"
0_39328,0,39328,entity: A state in the United States is Oklahoma,entity,1,0.0,0.0,semantic,"[{""token"": ""entity"", ""index"": 1, ""distance"": 0, ""direction"": ""self""}]",n/a,Semantic,Dictionary,1.0,False,,Tulsa,"[{""tk"": ""Tulsa"", ""act"": 5.716144561767578}, {""tk"": ""entity"", ""act"": 0.0}, {""tk"": ""city"", ""act"": 0.0}, {""tk"": ""in"", ""act"": 0.0}, {""tk"": ""Oklahoma"", ""act"": 0.0}, {""tk"": ""USA"", ""act"": 0.0}, {""tk"": ""is"", ""act"": 0.0}, {""tk"": ""The"", ""act"": 0.0}, {""tk"": ""capital"", ""act"": 0.0}, {""tk"": ""of"", ""act"": 0.0}, {""tk"": ""state"", ""act"": 0.0}, {""tk"": ""United"", ""act"": 0.0}, {""tk"": ""attribute"", ""act"": 0.0}, {""tk"": ""seat"", ""act"": 0.0}, {""tk"": ""government"", ""act"": 0.0}, {""tk"": ""relationship"", ""act"": 0.0}, {""tk"": ""which"", ""act"": 0.0}, {""tk"": ""containing"", ""act"": 0.0}]"
0_40936,0,40936,entity: A state in the United States is Oklahoma,entity,1,0.0,0.0,semantic,"[{""token"": ""entity"", ""index"": 1, ""distance"": 0, ""direction"": ""self""}]",n/a,Semantic,Dictionary,1.0,False,,of,"[{""tk"": ""of"", ""act"": 80.84564208984375}, {""tk"": ""entity"", ""act"": 0.0}, {""tk"": ""city"", ""act"": 0.0}, {""tk"": ""in"", ""act"": 0.0}, {""tk"": ""Oklahoma"", ""act"": 0.0}, {""tk"": ""USA"", ""act"": 0.0}, {""tk"": ""is"", ""act"": 0.0}, {""tk"": ""Tulsa"", ""act"": 0.0}, {""tk"": ""The"", ""act"": 0.0}, {""tk"": ""capital"", ""act"": 0.0}, {""tk"": ""state"", ""act"": 0.0}, {""tk"": ""United"", ""act"": 0.0}, {""tk"": ""attribute"", ""act"": 0.0}, {""tk"": ""seat"", ""act"": 0.0}, {""tk"": ""government"", ""act"": 0.0}, {""tk"": ""relationship"", ""act"": 0.0}, {""tk"": ""which"", ""act"": 0.0}, {""tk"": ""containing"", ""act"": 0.0}]"
0_41589,0,41589,entity: A state in the United States is Oklahoma,entity,1,0.0,0.0,semantic,"[{""token"": ""entity"", ""index"": 1, ""distance"": 0, ""direction"": ""self""}]",n/a,Semantic,Dictionary,1.0,False,,capital,"[{""tk"": ""capital"", ""act"": 7.369453430175781}, {""tk"": ""entity"", ""act"": 0.0}, {""tk"": ""city"", ""act"": 0.0}, {""tk"": ""in"", ""act"": 0.0}, {""tk"": ""Oklahoma"", ""act"": 0.0}, {""tk"": ""USA"", ""act"": 0.0}, {""tk"": ""is"", ""act"": 0.0}, {""tk"": ""Tulsa"", ""act"": 0.0}, {""tk"": ""The"", ""act"": 0.0}, {""tk"": ""of"", ""act"": 0.0}, {""tk"": ""state"", ""act"": 0.0}, {""tk"": ""United"", ""act"": 0.0}, {""tk"": ""attribute"", ""act"": 0.0}, {""tk"": ""seat"", ""act"": 0.0}, {""tk"": ""government"", ""act"": 0.0}, {""tk"": ""relationship"", ""act"": 0.0}, {""tk"": ""which"", ""act"": 0.0}, {""tk"": ""containing"", ""act"": 0.0}]"
0_42832,0,42832,entity: A state in the United States is Oklahoma,entity,1,0.0,0.0,semantic,"[{""token"": ""entity"", ""index"": 1, ""distance"": 0, ""direction"": ""self""}]",n/a,Semantic,Dictionary,1.0,False,,containing,"[{""tk"": ""containing"", ""act"": 11.472331047058105}, {""tk"": ""entity"", ""act"": 0.0}, {""tk"": ""city"", ""act"": 0.0}, {""tk"": ""in"", ""act"": 0.0}, {""tk"": ""Oklahoma"", ""act"": 0.0}, {""tk"": ""USA"", ""act"": 0.0}, {""tk"": ""is"", ""act"": 0.0}, {""tk"": ""Tulsa"", ""act"": 0.0}, {""tk"": ""The"", ""act"": 0.0}, {""tk"": ""capital"", ""act"": 0.0}, {""tk"": ""of"", ""act"": 0.0}, {""tk"": ""state"", ""act"": 0.0}, {""tk"": ""United"", ""act"": 0.0}, {""tk"": ""attribute"", ""act"": 0.0}, {""tk"": ""seat"", ""act"": 0.0}, {""tk"": ""government"", ""act"": 0.0}, {""tk"": ""relationship"", ""act"": 0.0}, {""tk"": ""which"", ""act"": 0.0}]"
0_43624,0,43624,entity: A state in the United States is Oklahoma,entity,1,0.0,0.0,semantic,"[{""token"": ""entity"", ""index"": 1, ""distance"": 0, ""direction"": ""self""}]",n/a,Semantic,Dictionary,1.0,False,,capital,"[{""tk"": ""capital"", ""act"": 10.143529891967773}, {""tk"": ""entity"", ""act"": 0.0}, {""tk"": ""city"", ""act"": 0.0}, {""tk"": ""in"", ""act"": 0.0}, {""tk"": ""Oklahoma"", ""act"": 0.0}, {""tk"": ""USA"", ""act"": 0.0}, {""tk"": ""is"", ""act"": 0.0}, {""tk"": ""Tulsa"", ""act"": 0.0}, {""tk"": ""The"", ""act"": 0.0}, {""tk"": ""of"", ""act"": 0.0}, {""tk"": ""state"", ""act"": 0.0}, {""tk"": ""United"", ""act"": 0.0}, {""tk"": ""attribute"", ""act"": 0.0}, {""tk"": ""seat"", ""act"": 0.0}, {""tk"": ""government"", ""act"": 0.0}, {""tk"": ""relationship"", ""act"": 0.0}, {""tk"": ""which"", ""act"": 0.0}, {""tk"": ""containing"", ""act"": 0.0}]"
0_44489,0,44489,entity: A state in the United States is Oklahoma,entity,1,0.0,0.0,semantic,"[{""token"": ""entity"", ""index"": 1, ""distance"": 0, ""direction"": ""self""}]",n/a,Relationship,,1.0,False,,(entity) related,"[{""tk"": ""entity"", ""act"": 0.0}, {""tk"": ""city"", ""act"": 0.0}, {""tk"": ""in"", ""act"": 0.0}, {""tk"": ""Oklahoma"", ""act"": 0.0}, {""tk"": ""USA"", ""act"": 0.0}, {""tk"": ""is"", ""act"": 0.0}, {""tk"": ""Tulsa"", ""act"": 0.0}, {""tk"": ""The"", ""act"": 0.0}, {""tk"": ""capital"", ""act"": 0.0}, {""tk"": ""of"", ""act"": 0.0}, {""tk"": ""state"", ""act"": 0.0}, {""tk"": ""United"", ""act"": 0.0}, {""tk"": ""attribute"", ""act"": 0.0}, {""tk"": ""seat"", ""act"": 0.0}, {""tk"": ""government"", ""act"": 0.0}, {""tk"": ""relationship"", ""act"": 0.0}, {""tk"": ""which"", ""act"": 0.0}, {""tk"": ""containing"", ""act"": 0.0}]"
0_44709,0,44709,entity: A state in the United States is Oklahoma,entity,1,0.0,0.0,semantic,"[{""token"": ""entity"", ""index"": 1, ""distance"": 0, ""direction"": ""self""}]",n/a,Semantic,Dictionary,1.0,False,,containing,"[{""tk"": ""containing"", ""act"": 6.07918643951416}, {""tk"": ""entity"", ""act"": 0.0}, {""tk"": ""city"", ""act"": 0.0}, {""tk"": ""in"", ""act"": 0.0}, {""tk"": ""Oklahoma"", ""act"": 0.0}, {""tk"": ""USA"", ""act"": 0.0}, {""tk"": ""is"", ""act"": 0.0}, {""tk"": ""Tulsa"", ""act"": 0.0}, {""tk"": ""The"", ""act"": 0.0}, {""tk"": ""capital"", ""act"": 0.0}, {""tk"": ""of"", ""act"": 0.0}, {""tk"": ""state"", ""act"": 0.0}, {""tk"": ""United"", ""act"": 0.0}, {""tk"": ""attribute"", ""act"": 0.0}, {""tk"": ""seat"", ""act"": 0.0}, {""tk"": ""government"", ""act"": 0.0}, {""tk"": ""relationship"", ""act"": 0.0}, {""tk"": ""which"", ""act"": 0.0}]"
0_48445,0,48445,entity: A state in the United States is Oklahoma,entity,1,0.0,0.0,semantic,"[{""token"": ""entity"", ""index"": 1, ""distance"": 0, ""direction"": ""self""}]",n/a,Semantic,Dictionary,1.0,False,,containing,"[{""tk"": ""containing"", ""act"": 6.267477512359619}, {""tk"": ""entity"", ""act"": 0.0}, {""tk"": ""city"", ""act"": 0.0}, {""tk"": ""in"", ""act"": 0.0}, {""tk"": ""Oklahoma"", ""act"": 0.0}, {""tk"": ""USA"", ""act"": 0.0}, {""tk"": ""is"", ""act"": 0.0}, {""tk"": ""Tulsa"", ""act"": 0.0}, {""tk"": ""The"", ""act"": 0.0}, {""tk"": ""capital"", ""act"": 0.0}, {""tk"": ""of"", ""act"": 0.0}, {""tk"": ""state"", ""act"": 0.0}, {""tk"": ""United"", ""act"": 0.0}, {""tk"": ""attribute"", ""act"": 0.0}, {""tk"": ""seat"", ""act"": 0.0}, {""tk"": ""government"", ""act"": 0.0}, {""tk"": ""relationship"", ""act"": 0.0}, {""tk"": ""which"", ""act"": 0.0}]"
0_49298,0,49298,entity: A state in the United States is Oklahoma,entity,1,0.0,0.0,semantic,"[{""token"": ""entity"", ""index"": 1, ""distance"": 0, ""direction"": ""self""}]",n/a,Semantic,Dictionary,1.0,False,,Tulsa,"[{""tk"": ""Tulsa"", ""act"": 9.717588424682617}, {""tk"": ""entity"", ""act"": 0.0}, {""tk"": ""city"", ""act"": 0.0}, {""tk"": ""in"", ""act"": 0.0}, {""tk"": ""Oklahoma"", ""act"": 0.0}, {""tk"": ""USA"", ""act"": 0.0}, {""tk"": ""is"", ""act"": 0.0}, {""tk"": ""The"", ""act"": 0.0}, {""tk"": ""capital"", ""act"": 0.0}, {""tk"": ""of"", ""act"": 0.0}, {""tk"": ""state"", ""act"": 0.0}, {""tk"": ""United"", ""act"": 0.0}, {""tk"": ""attribute"", ""act"": 0.0}, {""tk"": ""seat"", ""act"": 0.0}, {""tk"": ""government"", ""act"": 0.0}, {""tk"": ""relationship"", ""act"": 0.0}, {""tk"": ""which"", ""act"": 0.0}, {""tk"": ""containing"", ""act"": 0.0}]"
0_50774,0,50774,entity: A state in the United States is Oklahoma,entity,1,0.0,0.0,semantic,"[{""token"": ""entity"", ""index"": 1, ""distance"": 0, ""direction"": ""self""}]",n/a,Semantic,Dictionary,1.0,False,,capital,"[{""tk"": ""capital"", ""act"": 14.198838233947754}, {""tk"": ""entity"", ""act"": 0.0}, {""tk"": ""city"", ""act"": 0.0}, {""tk"": ""in"", ""act"": 0.0}, {""tk"": ""Oklahoma"", ""act"": 0.0}, {""tk"": ""USA"", ""act"": 0.0}, {""tk"": ""is"", ""act"": 0.0}, {""tk"": ""Tulsa"", ""act"": 0.0}, {""tk"": ""The"", ""act"": 0.0}, {""tk"": ""of"", ""act"": 0.0}, {""tk"": ""state"", ""act"": 0.0}, {""tk"": ""United"", ""act"": 0.0}, {""tk"": ""attribute"", ""act"": 0.0}, {""tk"": ""seat"", ""act"": 0.0}, {""tk"": ""government"", ""act"": 0.0}, {""tk"": ""relationship"", ""act"": 0.0}, {""tk"": ""which"", ""act"": 0.0}, {""tk"": ""containing"", ""act"": 0.0}]"
0_52264,0,52264,entity: A state in the United States is Oklahoma,entity,1,0.0,0.0,semantic,"[{""token"": ""entity"", ""index"": 1, ""distance"": 0, ""direction"": ""self""}]",n/a,Semantic,Dictionary,1.0,False,,containing,"[{""tk"": ""containing"", ""act"": 9.985231399536133}, {""tk"": ""entity"", ""act"": 0.0}, {""tk"": ""city"", ""act"": 0.0}, {""tk"": ""in"", ""act"": 0.0}, {""tk"": ""Oklahoma"", ""act"": 0.0}, {""tk"": ""USA"", ""act"": 0.0}, {""tk"": ""is"", ""act"": 0.0}, {""tk"": ""Tulsa"", ""act"": 0.0}, {""tk"": ""The"", ""act"": 0.0}, {""tk"": ""capital"", ""act"": 0.0}, {""tk"": ""of"", ""act"": 0.0}, {""tk"": ""state"", ""act"": 0.0}, {""tk"": ""United"", ""act"": 0.0}, {""tk"": ""attribute"", ""act"": 0.0}, {""tk"": ""seat"", ""act"": 0.0}, {""tk"": ""government"", ""act"": 0.0}, {""tk"": ""relationship"", ""act"": 0.0}, {""tk"": ""which"", ""act"": 0.0}]"
0_53491,0,53491,entity: A state in the United States is Oklahoma,entity,1,0.0,0.0,semantic,"[{""token"": ""entity"", ""index"": 1, ""distance"": 0, ""direction"": ""self""}]",n/a,Semantic,Dictionary,1.0,False,,capital,"[{""tk"": ""capital"", ""act"": 16.344919204711914}, {""tk"": ""entity"", ""act"": 0.0}, {""tk"": ""city"", ""act"": 0.0}, {""tk"": ""in"", ""act"": 0.0}, {""tk"": ""Oklahoma"", ""act"": 0.0}, {""tk"": ""USA"", ""act"": 0.0}, {""tk"": ""is"", ""act"": 0.0}, {""tk"": ""Tulsa"", ""act"": 0.0}, {""tk"": ""The"", ""act"": 0.0}, {""tk"": ""of"", ""act"": 0.0}, {""tk"": ""state"", ""act"": 0.0}, {""tk"": ""United"", ""act"": 0.0}, {""tk"": ""attribute"", ""act"": 0.0}, {""tk"": ""seat"", ""act"": 0.0}, {""tk"": ""government"", ""act"": 0.0}, {""tk"": ""relationship"", ""act"": 0.0}, {""tk"": ""which"", ""act"": 0.0}, {""tk"": ""containing"", ""act"": 0.0}]"
0_53531,0,53531,entity: A state in the United States is Oklahoma,entity,1,0.0,0.0,semantic,"[{""token"": ""entity"", ""index"": 1, ""distance"": 0, ""direction"": ""self""}]",n/a,Semantic,Dictionary,1.0,False,,capital,"[{""tk"": ""capital"", ""act"": 8.328258514404297}, {""tk"": ""entity"", ""act"": 0.0}, {""tk"": ""city"", ""act"": 0.0}, {""tk"": ""in"", ""act"": 0.0}, {""tk"": ""Oklahoma"", ""act"": 0.0}, {""tk"": ""USA"", ""act"": 0.0}, {""tk"": ""is"", ""act"": 0.0}, {""tk"": ""Tulsa"", ""act"": 0.0}, {""tk"": ""The"", ""act"": 0.0}, {""tk"": ""of"", ""act"": 0.0}, {""tk"": ""state"", ""act"": 0.0}, {""tk"": ""United"", ""act"": 0.0}, {""tk"": ""attribute"", ""act"": 0.0}, {""tk"": ""seat"", ""act"": 0.0}, {""tk"": ""government"", ""act"": 0.0}, {""tk"": ""relationship"", ""act"": 0.0}, {""tk"": ""which"", ""act"": 0.0}, {""tk"": ""containing"", ""act"": 0.0}]"
0_54197,0,54197,entity: A state in the United States is Oklahoma,entity,1,0.0,0.0,semantic,"[{""token"": ""entity"", ""index"": 1, ""distance"": 0, ""direction"": ""self""}]",n/a,Semantic,Dictionary,1.0,False,,containing,"[{""tk"": ""containing"", ""act"": 11.77919864654541}, {""tk"": ""entity"", ""act"": 0.0}, {""tk"": ""city"", ""act"": 0.0}, {""tk"": ""in"", ""act"": 0.0}, {""tk"": ""Oklahoma"", ""act"": 0.0}, {""tk"": ""USA"", ""act"": 0.0}, {""tk"": ""is"", ""act"": 0.0}, {""tk"": ""Tulsa"", ""act"": 0.0}, {""tk"": ""The"", ""act"": 0.0}, {""tk"": ""capital"", ""act"": 0.0}, {""tk"": ""of"", ""act"": 0.0}, {""tk"": ""state"", ""act"": 0.0}, {""tk"": ""United"", ""act"": 0.0}, {""tk"": ""attribute"", ""act"": 0.0}, {""tk"": ""seat"", ""act"": 0.0}, {""tk"": ""government"", ""act"": 0.0}, {""tk"": ""relationship"", ""act"": 0.0}, {""tk"": ""which"", ""act"": 0.0}]"
0_54572,0,54572,entity: A state in the United States is Oklahoma,entity,1,0.0,0.0,semantic,"[{""token"": ""entity"", ""index"": 1, ""distance"": 0, ""direction"": ""self""}]",n/a,Semantic,Dictionary (fallback),0.9,False,,The,"[{""tk"": ""The"", ""act"": 30.514068603515625}, {""tk"": ""entity"", ""act"": 0.0}, {""tk"": ""city"", ""act"": 0.0}, {""tk"": ""in"", ""act"": 0.0}, {""tk"": ""Oklahoma"", ""act"": 0.0}, {""tk"": ""USA"", ""act"": 0.0}, {""tk"": ""is"", ""act"": 0.0}, {""tk"": ""Tulsa"", ""act"": 0.0}, {""tk"": ""capital"", ""act"": 0.0}, {""tk"": ""of"", ""act"": 0.0}, {""tk"": ""state"", ""act"": 0.0}, {""tk"": ""United"", ""act"": 0.0}, {""tk"": ""attribute"", ""act"": 0.0}, {""tk"": ""seat"", ""act"": 0.0}, {""tk"": ""government"", ""act"": 0.0}, {""tk"": ""relationship"", ""act"": 0.0}, {""tk"": ""which"", ""act"": 0.0}, {""tk"": ""containing"", ""act"": 0.0}]"
0_55815,0,55815,entity: A state in the United States is Oklahoma,entity,1,0.0,0.0,semantic,"[{""token"": ""entity"", ""index"": 1, ""distance"": 0, ""direction"": ""self""}]",n/a,Semantic,Dictionary,1.0,False,,capital,"[{""tk"": ""capital"", ""act"": 57.7287712097168}, {""tk"": ""entity"", ""act"": 0.0}, {""tk"": ""city"", ""act"": 0.0}, {""tk"": ""in"", ""act"": 0.0}, {""tk"": ""Oklahoma"", ""act"": 0.0}, {""tk"": ""USA"", ""act"": 0.0}, {""tk"": ""is"", ""act"": 0.0}, {""tk"": ""Tulsa"", ""act"": 0.0}, {""tk"": ""The"", ""act"": 0.0}, {""tk"": ""of"", ""act"": 0.0}, {""tk"": ""state"", ""act"": 0.0}, {""tk"": ""United"", ""act"": 0.0}, {""tk"": ""attribute"", ""act"": 0.0}, {""tk"": ""seat"", ""act"": 0.0}, {""tk"": ""government"", ""act"": 0.0}, {""tk"": ""relationship"", ""act"": 0.0}, {""tk"": ""which"", ""act"": 0.0}, {""tk"": ""containing"", ""act"": 0.0}]"
0_56748,0,56748,entity: A state in the United States is Oklahoma,entity,1,0.0,0.0,semantic,"[{""token"": ""entity"", ""index"": 1, ""distance"": 0, ""direction"": ""self""}]",n/a,Semantic,Dictionary (fallback),0.9,False,,state,"[{""tk"": ""state"", ""act"": 13.299398422241211}, {""tk"": ""entity"", ""act"": 0.0}, {""tk"": ""city"", ""act"": 0.0}, {""tk"": ""in"", ""act"": 0.0}, {""tk"": ""Oklahoma"", ""act"": 0.0}, {""tk"": ""USA"", ""act"": 0.0}, {""tk"": ""is"", ""act"": 0.0}, {""tk"": ""Tulsa"", ""act"": 0.0}, {""tk"": ""The"", ""act"": 0.0}, {""tk"": ""capital"", ""act"": 0.0}, {""tk"": ""of"", ""act"": 0.0}, {""tk"": ""United"", ""act"": 0.0}, {""tk"": ""attribute"", ""act"": 0.0}, {""tk"": ""seat"", ""act"": 0.0}, {""tk"": ""government"", ""act"": 0.0}, {""tk"": ""relationship"", ""act"": 0.0}, {""tk"": ""which"", ""act"": 0.0}, {""tk"": ""containing"", ""act"": 0.0}]"
0_56812,0,56812,entity: A state in the United States is Oklahoma,entity,1,0.0,0.0,semantic,"[{""token"": ""entity"", ""index"": 1, ""distance"": 0, ""direction"": ""self""}]",n/a,Semantic,Dictionary,1.0,False,,Tulsa,"[{""tk"": ""Tulsa"", ""act"": 13.3536376953125}, {""tk"": ""entity"", ""act"": 0.0}, {""tk"": ""city"", ""act"": 0.0}, {""tk"": ""in"", ""act"": 0.0}, {""tk"": ""Oklahoma"", ""act"": 0.0}, {""tk"": ""USA"", ""act"": 0.0}, {""tk"": ""is"", ""act"": 0.0}, {""tk"": ""The"", ""act"": 0.0}, {""tk"": ""capital"", ""act"": 0.0}, {""tk"": ""of"", ""act"": 0.0}, {""tk"": ""state"", ""act"": 0.0}, {""tk"": ""United"", ""act"": 0.0}, {""tk"": ""attribute"", ""act"": 0.0}, {""tk"": ""seat"", ""act"": 0.0}, {""tk"": ""government"", ""act"": 0.0}, {""tk"": ""relationship"", ""act"": 0.0}, {""tk"": ""which"", ""act"": 0.0}, {""tk"": ""containing"", ""act"": 0.0}]"
0_61257,0,61257,entity: A state in the United States is Oklahoma,entity,1,0.0,0.0,semantic,"[{""token"": ""entity"", ""index"": 1, ""distance"": 0, ""direction"": ""self""}]",n/a,Semantic,Dictionary (fallback),0.9,False,,state,"[{""tk"": ""state"", ""act"": 15.710807800292969}, {""tk"": ""entity"", ""act"": 0.0}, {""tk"": ""city"", ""act"": 0.0}, {""tk"": ""in"", ""act"": 0.0}, {""tk"": ""Oklahoma"", ""act"": 0.0}, {""tk"": ""USA"", ""act"": 0.0}, {""tk"": ""is"", ""act"": 0.0}, {""tk"": ""Tulsa"", ""act"": 0.0}, {""tk"": ""The"", ""act"": 0.0}, {""tk"": ""capital"", ""act"": 0.0}, {""tk"": ""of"", ""act"": 0.0}, {""tk"": ""United"", ""act"": 0.0}, {""tk"": ""attribute"", ""act"": 0.0}, {""tk"": ""seat"", ""act"": 0.0}, {""tk"": ""government"", ""act"": 0.0}, {""tk"": ""relationship"", ""act"": 0.0}, {""tk"": ""which"", ""act"": 0.0}, {""tk"": ""containing"", ""act"": 0.0}]"
0_62872,0,62872,entity: A state in the United States is Oklahoma,entity,1,0.0,0.0,semantic,"[{""token"": ""entity"", ""index"": 1, ""distance"": 0, ""direction"": ""self""}]",n/a,Relationship,,1.0,False,,(entity) related,"[{""tk"": ""entity"", ""act"": 0.0}, {""tk"": ""city"", ""act"": 0.0}, {""tk"": ""in"", ""act"": 0.0}, {""tk"": ""Oklahoma"", ""act"": 0.0}, {""tk"": ""USA"", ""act"": 0.0}, {""tk"": ""is"", ""act"": 0.0}, {""tk"": ""Tulsa"", ""act"": 0.0}, {""tk"": ""The"", ""act"": 0.0}, {""tk"": ""capital"", ""act"": 0.0}, {""tk"": ""of"", ""act"": 0.0}, {""tk"": ""state"", ""act"": 0.0}, {""tk"": ""United"", ""act"": 0.0}, {""tk"": ""attribute"", ""act"": 0.0}, {""tk"": ""seat"", ""act"": 0.0}, {""tk"": ""government"", ""act"": 0.0}, {""tk"": ""relationship"", ""act"": 0.0}, {""tk"": ""which"", ""act"": 0.0}, {""tk"": ""containing"", ""act"": 0.0}]"
0_63548,0,63548,entity: A state in the United States is Oklahoma,entity,1,0.0,0.0,semantic,"[{""token"": ""entity"", ""index"": 1, ""distance"": 0, ""direction"": ""self""}]",n/a,Semantic,Dictionary,1.0,False,,capital,"[{""tk"": ""capital"", ""act"": 9.130105972290039}, {""tk"": ""entity"", ""act"": 0.0}, {""tk"": ""city"", ""act"": 0.0}, {""tk"": ""in"", ""act"": 0.0}, {""tk"": ""Oklahoma"", ""act"": 0.0}, {""tk"": ""USA"", ""act"": 0.0}, {""tk"": ""is"", ""act"": 0.0}, {""tk"": ""Tulsa"", ""act"": 0.0}, {""tk"": ""The"", ""act"": 0.0}, {""tk"": ""of"", ""act"": 0.0}, {""tk"": ""state"", ""act"": 0.0}, {""tk"": ""United"", ""act"": 0.0}, {""tk"": ""attribute"", ""act"": 0.0}, {""tk"": ""seat"", ""act"": 0.0}, {""tk"": ""government"", ""act"": 0.0}, {""tk"": ""relationship"", ""act"": 0.0}, {""tk"": ""which"", ""act"": 0.0}, {""tk"": ""containing"", ""act"": 0.0}]"
0_66754,0,66754,entity: A state in the United States is Oklahoma,entity,1,0.0,0.0,semantic,"[{""token"": ""entity"", ""index"": 1, ""distance"": 0, ""direction"": ""self""}]",n/a,Semantic,Dictionary,1.0,False,,containing,"[{""tk"": ""containing"", ""act"": 12.251155853271484}, {""tk"": ""entity"", ""act"": 0.0}, {""tk"": ""city"", ""act"": 0.0}, {""tk"": ""in"", ""act"": 0.0}, {""tk"": ""Oklahoma"", ""act"": 0.0}, {""tk"": ""USA"", ""act"": 0.0}, {""tk"": ""is"", ""act"": 0.0}, {""tk"": ""Tulsa"", ""act"": 0.0}, {""tk"": ""The"", ""act"": 0.0}, {""tk"": ""capital"", ""act"": 0.0}, {""tk"": ""of"", ""act"": 0.0}, {""tk"": ""state"", ""act"": 0.0}, {""tk"": ""United"", ""act"": 0.0}, {""tk"": ""attribute"", ""act"": 0.0}, {""tk"": ""seat"", ""act"": 0.0}, {""tk"": ""government"", ""act"": 0.0}, {""tk"": ""relationship"", ""act"": 0.0}, {""tk"": ""which"", ""act"": 0.0}]"
0_67553,0,67553,entity: A state in the United States is Oklahoma,entity,1,0.0,0.0,semantic,"[{""token"": ""entity"", ""index"": 1, ""distance"": 0, ""direction"": ""self""}]",n/a,Semantic,Dictionary,1.0,False,,containing,"[{""tk"": ""containing"", ""act"": 16.307926177978516}, {""tk"": ""entity"", ""act"": 0.0}, {""tk"": ""city"", ""act"": 0.0}, {""tk"": ""in"", ""act"": 0.0}, {""tk"": ""Oklahoma"", ""act"": 0.0}, {""tk"": ""USA"", ""act"": 0.0}, {""tk"": ""is"", ""act"": 0.0}, {""tk"": ""Tulsa"", ""act"": 0.0}, {""tk"": ""The"", ""act"": 0.0}, {""tk"": ""capital"", ""act"": 0.0}, {""tk"": ""of"", ""act"": 0.0}, {""tk"": ""state"", ""act"": 0.0}, {""tk"": ""United"", ""act"": 0.0}, {""tk"": ""attribute"", ""act"": 0.0}, {""tk"": ""seat"", ""act"": 0.0}, {""tk"": ""government"", ""act"": 0.0}, {""tk"": ""relationship"", ""act"": 0.0}, {""tk"": ""which"", ""act"": 0.0}]"
0_73095,0,73095,entity: A state in the United States is Oklahoma,entity,1,0.0,0.0,semantic,"[{""token"": ""entity"", ""index"": 1, ""distance"": 0, ""direction"": ""self""}]",n/a,Semantic,Dictionary,1.0,False,,containing,"[{""tk"": ""containing"", ""act"": 15.30929946899414}, {""tk"": ""entity"", ""act"": 0.0}, {""tk"": ""city"", ""act"": 0.0}, {""tk"": ""in"", ""act"": 0.0}, {""tk"": ""Oklahoma"", ""act"": 0.0}, {""tk"": ""USA"", ""act"": 0.0}, {""tk"": ""is"", ""act"": 0.0}, {""tk"": ""Tulsa"", ""act"": 0.0}, {""tk"": ""The"", ""act"": 0.0}, {""tk"": ""capital"", ""act"": 0.0}, {""tk"": ""of"", ""act"": 0.0}, {""tk"": ""state"", ""act"": 0.0}, {""tk"": ""United"", ""act"": 0.0}, {""tk"": ""attribute"", ""act"": 0.0}, {""tk"": ""seat"", ""act"": 0.0}, {""tk"": ""government"", ""act"": 0.0}, {""tk"": ""relationship"", ""act"": 0.0}, {""tk"": ""which"", ""act"": 0.0}]"
0_73833,0,73833,entity: A state in the United States is Oklahoma,entity,1,0.0,0.0,semantic,"[{""token"": ""entity"", ""index"": 1, ""distance"": 0, ""direction"": ""self""}]",n/a,Semantic,Dictionary,1.0,False,,containing,"[{""tk"": ""containing"", ""act"": 11.570135116577148}, {""tk"": ""entity"", ""act"": 0.0}, {""tk"": ""city"", ""act"": 0.0}, {""tk"": ""in"", ""act"": 0.0}, {""tk"": ""Oklahoma"", ""act"": 0.0}, {""tk"": ""USA"", ""act"": 0.0}, {""tk"": ""is"", ""act"": 0.0}, {""tk"": ""Tulsa"", ""act"": 0.0}, {""tk"": ""The"", ""act"": 0.0}, {""tk"": ""capital"", ""act"": 0.0}, {""tk"": ""of"", ""act"": 0.0}, {""tk"": ""state"", ""act"": 0.0}, {""tk"": ""United"", ""act"": 0.0}, {""tk"": ""attribute"", ""act"": 0.0}, {""tk"": ""seat"", ""act"": 0.0}, {""tk"": ""government"", ""act"": 0.0}, {""tk"": ""relationship"", ""act"": 0.0}, {""tk"": ""which"", ""act"": 0.0}]"
0_88875,0,88875,entity: A state in the United States is Oklahoma,entity,1,0.0,0.0,semantic,"[{""token"": ""entity"", ""index"": 1, ""distance"": 0, ""direction"": ""self""}]",n/a,Semantic,Dictionary,1.0,False,,containing,"[{""tk"": ""containing"", ""act"": 13.765202522277832}, {""tk"": ""entity"", ""act"": 0.0}, {""tk"": ""city"", ""act"": 0.0}, {""tk"": ""in"", ""act"": 0.0}, {""tk"": ""Oklahoma"", ""act"": 0.0}, {""tk"": ""USA"", ""act"": 0.0}, {""tk"": ""is"", ""act"": 0.0}, {""tk"": ""Tulsa"", ""act"": 0.0}, {""tk"": ""The"", ""act"": 0.0}, {""tk"": ""capital"", ""act"": 0.0}, {""tk"": ""of"", ""act"": 0.0}, {""tk"": ""state"", ""act"": 0.0}, {""tk"": ""United"", ""act"": 0.0}, {""tk"": ""attribute"", ""act"": 0.0}, {""tk"": ""seat"", ""act"": 0.0}, {""tk"": ""government"", ""act"": 0.0}, {""tk"": ""relationship"", ""act"": 0.0}, {""tk"": ""which"", ""act"": 0.0}]"
0_89974,0,89974,entity: A state in the United States is Oklahoma,entity,1,0.0,0.0,semantic,"[{""token"": ""entity"", ""index"": 1, ""distance"": 0, ""direction"": ""self""}]",n/a,Semantic,Dictionary (fallback),0.9,False,,containing,"[{""tk"": ""containing"", ""act"": 30.332237243652344}, {""tk"": ""entity"", ""act"": 0.0}, {""tk"": ""city"", ""act"": 0.0}, {""tk"": ""in"", ""act"": 0.0}, {""tk"": ""Oklahoma"", ""act"": 0.0}, {""tk"": ""USA"", ""act"": 0.0}, {""tk"": ""is"", ""act"": 0.0}, {""tk"": ""Tulsa"", ""act"": 0.0}, {""tk"": ""The"", ""act"": 0.0}, {""tk"": ""capital"", ""act"": 0.0}, {""tk"": ""of"", ""act"": 0.0}, {""tk"": ""state"", ""act"": 0.0}, {""tk"": ""United"", ""act"": 0.0}, {""tk"": ""attribute"", ""act"": 0.0}, {""tk"": ""seat"", ""act"": 0.0}, {""tk"": ""government"", ""act"": 0.0}, {""tk"": ""relationship"", ""act"": 0.0}, {""tk"": ""which"", ""act"": 0.0}]"
0_94884,0,94884,entity: A state in the United States is Oklahoma,entity,1,0.0,0.0,semantic,"[{""token"": ""entity"", ""index"": 1, ""distance"": 0, ""direction"": ""self""}]",n/a,Semantic,Dictionary,1.0,False,,Tulsa,"[{""tk"": ""Tulsa"", ""act"": 10.35931396484375}, {""tk"": ""entity"", ""act"": 0.0}, {""tk"": ""city"", ""act"": 0.0}, {""tk"": ""in"", ""act"": 0.0}, {""tk"": ""Oklahoma"", ""act"": 0.0}, {""tk"": ""USA"", ""act"": 0.0}, {""tk"": ""is"", ""act"": 0.0}, {""tk"": ""The"", ""act"": 0.0}, {""tk"": ""capital"", ""act"": 0.0}, {""tk"": ""of"", ""act"": 0.0}, {""tk"": ""state"", ""act"": 0.0}, {""tk"": ""United"", ""act"": 0.0}, {""tk"": ""attribute"", ""act"": 0.0}, {""tk"": ""seat"", ""act"": 0.0}, {""tk"": ""government"", ""act"": 0.0}, {""tk"": ""relationship"", ""act"": 0.0}, {""tk"": ""which"", ""act"": 0.0}, {""tk"": ""containing"", ""act"": 0.0}]"
0_95264,0,95264,entity: A state in the United States is Oklahoma,entity,1,0.0,0.0,semantic,"[{""token"": ""entity"", ""index"": 1, ""distance"": 0, ""direction"": ""self""}]",n/a,Semantic,Dictionary (fallback),0.9,False,,attribute,"[{""tk"": ""attribute"", ""act"": 4.412742614746094}, {""tk"": ""relationship"", ""act"": 1.6707706451416016}, {""tk"": ""entity"", ""act"": 0.0}, {""tk"": ""city"", ""act"": 0.0}, {""tk"": ""in"", ""act"": 0.0}, {""tk"": ""Oklahoma"", ""act"": 0.0}, {""tk"": ""USA"", ""act"": 0.0}, {""tk"": ""is"", ""act"": 0.0}, {""tk"": ""Tulsa"", ""act"": 0.0}, {""tk"": ""The"", ""act"": 0.0}, {""tk"": ""capital"", ""act"": 0.0}, {""tk"": ""of"", ""act"": 0.0}, {""tk"": ""state"", ""act"": 0.0}, {""tk"": ""United"", ""act"": 0.0}, {""tk"": ""seat"", ""act"": 0.0}, {""tk"": ""government"", ""act"": 0.0}, {""tk"": ""which"", ""act"": 0.0}, {""tk"": ""containing"", ""act"": 0.0}]"
1_12928,1,12928,entity: A state in the United States is Oklahoma, Oklahoma,10,109.49679565429688,0.2116855574609858,semantic,"[{""token"": "" Oklahoma"", ""index"": 10, ""distance"": 0, ""direction"": ""self""}]",n/a,Relationship,,1.0,False,,(attribute) related,"[{""tk"": ""attribute"", ""act"": 116.61937713623047}, {""tk"": ""relationship"", ""act"": 115.05401611328125}, {""tk"": ""Oklahoma"", ""act"": 113.96753692626953}, {""tk"": ""entity"", ""act"": 105.53134155273438}, {""tk"": ""United"", ""act"": 103.95380401611328}, {""tk"": ""city"", ""act"": 102.33412170410156}, {""tk"": ""state"", ""act"": 91.09199523925781}, {""tk"": ""Tulsa"", ""act"": 89.87969970703125}, {""tk"": ""is"", ""act"": 87.51624298095703}, {""tk"": ""government"", ""act"": 86.91158294677734}, {""tk"": ""the"", ""act"": 86.17095947265625}, {""tk"": ""which"", ""act"": 82.6561279296875}, {""tk"": ""capital"", ""act"": 74.68241882324219}, {""tk"": ""in"", ""act"": 73.71795654296875}, {""tk"": ""USA"", ""act"": 73.03155517578125}, {""tk"": ""seat"", ""act"": 70.52598571777344}, {""tk"": ""of"", ""act"": 68.17405700683594}, {""tk"": ""containing"", ""act"": 62.237648010253906}]"
1_57794,1,57794,entity: A state in the United States is Oklahoma,entity,1,113.9979019165039,0.2789685444312995,semantic,"[{""token"": ""entity"", ""index"": 1, ""distance"": 0, ""direction"": ""self""}]",n/a,Relationship,,1.0,False,,(attribute) related,"[{""tk"": ""attribute"", ""act"": 125.1230239868164}, {""tk"": ""relationship"", ""act"": 121.0589599609375}, {""tk"": ""entity"", ""act"": 113.9979019165039}, {""tk"": ""Oklahoma"", ""act"": 95.80353546142578}, {""tk"": ""The"", ""act"": 90.81844329833984}, {""tk"": ""United"", ""act"": 90.7586898803711}, {""tk"": ""Tulsa"", ""act"": 89.61299896240234}, {""tk"": ""state"", ""act"": 85.2448959350586}, {""tk"": ""is"", ""act"": 84.57393646240234}, {""tk"": ""seat"", ""act"": 83.95726776123047}, {""tk"": ""of"", ""act"": 81.49526977539062}, {""tk"": ""in"", ""act"": 80.10187530517578}, {""tk"": ""USA"", ""act"": 78.79046630859375}, {""tk"": ""which"", ""act"": 78.58411407470703}, {""tk"": ""city"", ""act"": 78.5748291015625}, {""tk"": ""government"", ""act"": 78.36383819580078}, {""tk"": ""capital"", ""act"": 77.23419952392578}, {""tk"": ""containing"", ""act"": 74.69670104980469}]"
1_52044,1,52044,entity: A state in the United States is Oklahoma, state,4,95.1275634765625,0.2156537122169681,semantic,"[{""token"": "" state"", ""index"": 4, ""distance"": 0, ""direction"": ""self""}]",n/a,Relationship,,1.0,False,,(containing) related,"[{""tk"": ""containing"", ""act"": 125.91358184814453}, {""tk"": ""capital"", ""act"": 118.56844329833984}, {""tk"": ""city"", ""act"": 112.72059631347656}, {""tk"": ""state"", ""act"": 110.67672729492188}, {""tk"": ""USA"", ""act"": 106.47532653808594}, {""tk"": ""is"", ""act"": 100.27664184570312}, {""tk"": ""seat"", ""act"": 93.41542053222656}, {""tk"": ""government"", ""act"": 92.29335021972656}, {""tk"": ""which"", ""act"": 87.12095642089844}, {""tk"": ""United"", ""act"": 85.41799926757812}, {""tk"": ""The"", ""act"": 81.9691162109375}, {""tk"": ""Tulsa"", ""act"": 81.490478515625}, {""tk"": ""Oklahoma"", ""act"": 79.02906036376953}, {""tk"": ""in"", ""act"": 78.93173217773438}, {""tk"": ""of"", ""act"": 75.42842864990234}, {""tk"": ""entity"", ""act"": 61.78181838989258}, {""tk"": ""relationship"", ""act"": 56.93061447143555}, {""tk"": ""attribute"", ""act"": 43.5494384765625}]"
1_72774,1,72774,entity: A state in the United States is Oklahoma, state,4,91.85028076171876,0.2588378062962039,semantic,"[{""token"": "" state"", ""index"": 4, ""distance"": 0, ""direction"": ""self""}]",n/a,Relationship,,1.0,False,,(capital) related,"[{""tk"": ""capital"", ""act"": 102.21701049804688}, {""tk"": ""city"", ""act"": 98.39340209960938}, {""tk"": ""containing"", ""act"": 97.6826171875}, {""tk"": ""seat"", ""act"": 92.99653625488281}, {""tk"": ""state"", ""act"": 91.85028076171875}, {""tk"": ""is"", ""act"": 90.29220581054688}, {""tk"": ""government"", ""act"": 84.53697204589844}, {""tk"": ""USA"", ""act"": 84.1927490234375}, {""tk"": ""Oklahoma"", ""act"": 79.41793823242188}, {""tk"": ""the"", ""act"": 78.6541748046875}, {""tk"": ""of"", ""act"": 78.48052978515625}, {""tk"": ""which"", ""act"": 71.98298645019531}, {""tk"": ""in"", ""act"": 71.59417724609375}, {""tk"": ""United"", ""act"": 71.54949951171875}, {""tk"": ""Tulsa"", ""act"": 71.27827453613281}, {""tk"": ""entity"", ""act"": 41.08169174194336}, {""tk"": ""relationship"", ""act"": 40.78220748901367}, {""tk"": ""attribute"", ""act"": 23.17362403869629}]"
1_72233,1,72233,entity: A state in the United States is Oklahoma, Oklahoma,10,48.89690017700195,0.9,semantic,"[{""token"": "" Oklahoma"", ""index"": 10, ""distance"": 0, ""direction"": ""self""}]",n/a,Semantic,Dictionary (fallback),0.9,False,,Oklahoma,"[{""tk"": ""Oklahoma"", ""act"": 50.62027359008789}, {""tk"": ""Tulsa"", ""act"": 17.878734588623047}, {""tk"": ""entity"", ""act"": 0.0}, {""tk"": ""city"", ""act"": 0.0}, {""tk"": ""in"", ""act"": 0.0}, {""tk"": ""USA"", ""act"": 0.0}, {""tk"": ""is"", ""act"": 0.0}, {""tk"": ""The"", ""act"": 0.0}, {""tk"": ""capital"", ""act"": 0.0}, {""tk"": ""of"", ""act"": 0.0}, {""tk"": ""state"", ""act"": 0.0}, {""tk"": ""United"", ""act"": 0.0}, {""tk"": ""attribute"", ""act"": 0.0}, {""tk"": ""seat"", ""act"": 0.0}, {""tk"": ""government"", ""act"": 0.0}, {""tk"": ""relationship"", ""act"": 0.0}, {""tk"": ""which"", ""act"": 0.0}, {""tk"": ""containing"", ""act"": 0.0}]"
1_74380,1,74380,entity: A state in the United States is Oklahoma,entity,1,0.0,0.0,semantic,"[{""token"": ""entity"", ""index"": 1, ""distance"": 0, ""direction"": ""self""}]",n/a,Semantic,Dictionary,1.0,False,,capital,"[{""tk"": ""capital"", ""act"": 17.934070587158203}, {""tk"": ""entity"", ""act"": 0.0}, {""tk"": ""city"", ""act"": 0.0}, {""tk"": ""in"", ""act"": 0.0}, {""tk"": ""Oklahoma"", ""act"": 0.0}, {""tk"": ""USA"", ""act"": 0.0}, {""tk"": ""is"", ""act"": 0.0}, {""tk"": ""Tulsa"", ""act"": 0.0}, {""tk"": ""The"", ""act"": 0.0}, {""tk"": ""of"", ""act"": 0.0}, {""tk"": ""state"", ""act"": 0.0}, {""tk"": ""United"", ""act"": 0.0}, {""tk"": ""attribute"", ""act"": 0.0}, {""tk"": ""seat"", ""act"": 0.0}, {""tk"": ""government"", ""act"": 0.0}, {""tk"": ""relationship"", ""act"": 0.0}, {""tk"": ""which"", ""act"": 0.0}, {""tk"": ""containing"", ""act"": 0.0}]"
1_18568,1,18568,entity: A state in the United States is Oklahoma, is,9,0.9235835075378418,0.9,functional,"[{""token"": "" Oklahoma"", ""index"": 10, ""distance"": 1, ""direction"": ""forward""}]",json,Semantic,Dictionary,0.8333333333333334,False,,is,"[{""tk"": ""is"", ""act"": 5.408833980560303}, {""tk"": ""entity"", ""act"": 0.0}, {""tk"": ""city"", ""act"": 0.0}, {""tk"": ""in"", ""act"": 0.0}, {""tk"": ""Oklahoma"", ""act"": 0.0}, {""tk"": ""USA"", ""act"": 0.0}, {""tk"": ""Tulsa"", ""act"": 0.0}, {""tk"": ""The"", ""act"": 0.0}, {""tk"": ""capital"", ""act"": 0.0}, {""tk"": ""of"", ""act"": 0.0}, {""tk"": ""state"", ""act"": 0.0}, {""tk"": ""United"", ""act"": 0.0}, {""tk"": ""attribute"", ""act"": 0.0}, {""tk"": ""seat"", ""act"": 0.0}, {""tk"": ""government"", ""act"": 0.0}, {""tk"": ""relationship"", ""act"": 0.0}, {""tk"": ""which"", ""act"": 0.0}, {""tk"": ""containing"", ""act"": 0.0}]"
1_92117,1,92117,entity: A state in the United States is Oklahoma, is,9,0.2076821327209472,0.9,functional,"[{""token"": "" Oklahoma"", ""index"": 10, ""distance"": 1, ""direction"": ""forward""}]",json,Semantic,Dictionary (fallback),0.9,False,,is,"[{""tk"": ""is"", ""act"": 0.20768213272094727}, {""tk"": ""entity"", ""act"": 0.0}, {""tk"": ""city"", ""act"": 0.0}, {""tk"": ""in"", ""act"": 0.0}, {""tk"": ""Oklahoma"", ""act"": 0.0}, {""tk"": ""USA"", ""act"": 0.0}, {""tk"": ""Tulsa"", ""act"": 0.0}, {""tk"": ""The"", ""act"": 0.0}, {""tk"": ""capital"", ""act"": 0.0}, {""tk"": ""of"", ""act"": 0.0}, {""tk"": ""state"", ""act"": 0.0}, {""tk"": ""United"", ""act"": 0.0}, {""tk"": ""attribute"", ""act"": 0.0}, {""tk"": ""seat"", ""act"": 0.0}, {""tk"": ""government"", ""act"": 0.0}, {""tk"": ""relationship"", ""act"": 0.0}, {""tk"": ""which"", ""act"": 0.0}, {""tk"": ""containing"", ""act"": 0.0}]"
1_9286,1,9286,entity: A state in the United States is Oklahoma,entity,1,0.0,0.0,semantic,"[{""token"": ""entity"", ""index"": 1, ""distance"": 0, ""direction"": ""self""}]",n/a,Semantic,Dictionary,1.0,False,,Tulsa,"[{""tk"": ""Tulsa"", ""act"": 17.467994689941406}, {""tk"": ""entity"", ""act"": 0.0}, {""tk"": ""city"", ""act"": 0.0}, {""tk"": ""in"", ""act"": 0.0}, {""tk"": ""Oklahoma"", ""act"": 0.0}, {""tk"": ""USA"", ""act"": 0.0}, {""tk"": ""is"", ""act"": 0.0}, {""tk"": ""The"", ""act"": 0.0}, {""tk"": ""capital"", ""act"": 0.0}, {""tk"": ""of"", ""act"": 0.0}, {""tk"": ""state"", ""act"": 0.0}, {""tk"": ""United"", ""act"": 0.0}, {""tk"": ""attribute"", ""act"": 0.0}, {""tk"": ""seat"", ""act"": 0.0}, {""tk"": ""government"", ""act"": 0.0}, {""tk"": ""relationship"", ""act"": 0.0}, {""tk"": ""which"", ""act"": 0.0}, {""tk"": ""containing"", ""act"": 0.0}]"
1_20399,1,20399,entity: A state in the United States is Oklahoma,entity,1,0.0,0.0,semantic,"[{""token"": ""entity"", ""index"": 1, ""distance"": 0, ""direction"": ""self""}]",n/a,Semantic,Dictionary,1.0,False,,Tulsa,"[{""tk"": ""Tulsa"", ""act"": 8.231454849243164}, {""tk"": ""entity"", ""act"": 0.0}, {""tk"": ""city"", ""act"": 0.0}, {""tk"": ""in"", ""act"": 0.0}, {""tk"": ""Oklahoma"", ""act"": 0.0}, {""tk"": ""USA"", ""act"": 0.0}, {""tk"": ""is"", ""act"": 0.0}, {""tk"": ""The"", ""act"": 0.0}, {""tk"": ""capital"", ""act"": 0.0}, {""tk"": ""of"", ""act"": 0.0}, {""tk"": ""state"", ""act"": 0.0}, {""tk"": ""United"", ""act"": 0.0}, {""tk"": ""attribute"", ""act"": 0.0}, {""tk"": ""seat"", ""act"": 0.0}, {""tk"": ""government"", ""act"": 0.0}, {""tk"": ""relationship"", ""act"": 0.0}, {""tk"": ""which"", ""act"": 0.0}, {""tk"": ""containing"", ""act"": 0.0}]"
1_24006,1,24006,entity: A state in the United States is Oklahoma,entity,1,0.0,0.0,semantic,"[{""token"": ""entity"", ""index"": 1, ""distance"": 0, ""direction"": ""self""}]",n/a,Semantic,Dictionary,1.0,False,,Tulsa,"[{""tk"": ""Tulsa"", ""act"": 18.00099754333496}, {""tk"": ""entity"", ""act"": 0.0}, {""tk"": ""city"", ""act"": 0.0}, {""tk"": ""in"", ""act"": 0.0}, {""tk"": ""Oklahoma"", ""act"": 0.0}, {""tk"": ""USA"", ""act"": 0.0}, {""tk"": ""is"", ""act"": 0.0}, {""tk"": ""The"", ""act"": 0.0}, {""tk"": ""capital"", ""act"": 0.0}, {""tk"": ""of"", ""act"": 0.0}, {""tk"": ""state"", ""act"": 0.0}, {""tk"": ""United"", ""act"": 0.0}, {""tk"": ""attribute"", ""act"": 0.0}, {""tk"": ""seat"", ""act"": 0.0}, {""tk"": ""government"", ""act"": 0.0}, {""tk"": ""relationship"", ""act"": 0.0}, {""tk"": ""which"", ""act"": 0.0}, {""tk"": ""containing"", ""act"": 0.0}]"
1_56907,1,56907,entity: A state in the United States is Oklahoma,entity,1,0.0,0.0,semantic,"[{""token"": ""entity"", ""index"": 1, ""distance"": 0, ""direction"": ""self""}]",n/a,Semantic,Dictionary (fallback),0.9,False,,is,"[{""tk"": ""is"", ""act"": 6.065802097320557}, {""tk"": ""entity"", ""act"": 0.0}, {""tk"": ""city"", ""act"": 0.0}, {""tk"": ""in"", ""act"": 0.0}, {""tk"": ""Oklahoma"", ""act"": 0.0}, {""tk"": ""USA"", ""act"": 0.0}, {""tk"": ""Tulsa"", ""act"": 0.0}, {""tk"": ""The"", ""act"": 0.0}, {""tk"": ""capital"", ""act"": 0.0}, {""tk"": ""of"", ""act"": 0.0}, {""tk"": ""state"", ""act"": 0.0}, {""tk"": ""United"", ""act"": 0.0}, {""tk"": ""attribute"", ""act"": 0.0}, {""tk"": ""seat"", ""act"": 0.0}, {""tk"": ""government"", ""act"": 0.0}, {""tk"": ""relationship"", ""act"": 0.0}, {""tk"": ""which"", ""act"": 0.0}, {""tk"": ""containing"", ""act"": 0.0}]"
1_60564,1,60564,entity: A state in the United States is Oklahoma,entity,1,0.0,0.0,semantic,"[{""token"": ""entity"", ""index"": 1, ""distance"": 0, ""direction"": ""self""}]",n/a,Semantic,Dictionary,1.0,False,,Tulsa,"[{""tk"": ""Tulsa"", ""act"": 13.770854949951172}, {""tk"": ""entity"", ""act"": 0.0}, {""tk"": ""city"", ""act"": 0.0}, {""tk"": ""in"", ""act"": 0.0}, {""tk"": ""Oklahoma"", ""act"": 0.0}, {""tk"": ""USA"", ""act"": 0.0}, {""tk"": ""is"", ""act"": 0.0}, {""tk"": ""The"", ""act"": 0.0}, {""tk"": ""capital"", ""act"": 0.0}, {""tk"": ""of"", ""act"": 0.0}, {""tk"": ""state"", ""act"": 0.0}, {""tk"": ""United"", ""act"": 0.0}, {""tk"": ""attribute"", ""act"": 0.0}, {""tk"": ""seat"", ""act"": 0.0}, {""tk"": ""government"", ""act"": 0.0}, {""tk"": ""relationship"", ""act"": 0.0}, {""tk"": ""which"", ""act"": 0.0}, {""tk"": ""containing"", ""act"": 0.0}]"
1_64129,1,64129,entity: A state in the United States is Oklahoma,entity,1,0.0,0.0,semantic,"[{""token"": ""entity"", ""index"": 1, ""distance"": 0, ""direction"": ""self""}]",n/a,Relationship,,1.0,False,,(entity) related,"[{""tk"": ""entity"", ""act"": 0.0}, {""tk"": ""city"", ""act"": 0.0}, {""tk"": ""in"", ""act"": 0.0}, {""tk"": ""Oklahoma"", ""act"": 0.0}, {""tk"": ""USA"", ""act"": 0.0}, {""tk"": ""is"", ""act"": 0.0}, {""tk"": ""Tulsa"", ""act"": 0.0}, {""tk"": ""The"", ""act"": 0.0}, {""tk"": ""capital"", ""act"": 0.0}, {""tk"": ""of"", ""act"": 0.0}, {""tk"": ""state"", ""act"": 0.0}, {""tk"": ""United"", ""act"": 0.0}, {""tk"": ""attribute"", ""act"": 0.0}, {""tk"": ""seat"", ""act"": 0.0}, {""tk"": ""government"", ""act"": 0.0}, {""tk"": ""relationship"", ""act"": 0.0}, {""tk"": ""which"", ""act"": 0.0}, {""tk"": ""containing"", ""act"": 0.0}]"
1_73733,1,73733,entity: A state in the United States is Oklahoma,entity,1,0.0,0.0,semantic,"[{""token"": ""entity"", ""index"": 1, ""distance"": 0, ""direction"": ""self""}]",n/a,Relationship,,1.0,False,,(entity) related,"[{""tk"": ""entity"", ""act"": 0.0}, {""tk"": ""city"", ""act"": 0.0}, {""tk"": ""in"", ""act"": 0.0}, {""tk"": ""Oklahoma"", ""act"": 0.0}, {""tk"": ""USA"", ""act"": 0.0}, {""tk"": ""is"", ""act"": 0.0}, {""tk"": ""Tulsa"", ""act"": 0.0}, {""tk"": ""The"", ""act"": 0.0}, {""tk"": ""capital"", ""act"": 0.0}, {""tk"": ""of"", ""act"": 0.0}, {""tk"": ""state"", ""act"": 0.0}, {""tk"": ""United"", ""act"": 0.0}, {""tk"": ""attribute"", ""act"": 0.0}, {""tk"": ""seat"", ""act"": 0.0}, {""tk"": ""government"", ""act"": 0.0}, {""tk"": ""relationship"", ""act"": 0.0}, {""tk"": ""which"", ""act"": 0.0}, {""tk"": ""containing"", ""act"": 0.0}]"
1_82299,1,82299,entity: A state in the United States is Oklahoma,entity,1,0.0,0.0,semantic,"[{""token"": ""entity"", ""index"": 1, ""distance"": 0, ""direction"": ""self""}]",n/a,Semantic,Dictionary,1.0,False,,capital,"[{""tk"": ""capital"", ""act"": 12.999090194702148}, {""tk"": ""entity"", ""act"": 0.0}, {""tk"": ""city"", ""act"": 0.0}, {""tk"": ""in"", ""act"": 0.0}, {""tk"": ""Oklahoma"", ""act"": 0.0}, {""tk"": ""USA"", ""act"": 0.0}, {""tk"": ""is"", ""act"": 0.0}, {""tk"": ""Tulsa"", ""act"": 0.0}, {""tk"": ""The"", ""act"": 0.0}, {""tk"": ""of"", ""act"": 0.0}, {""tk"": ""state"", ""act"": 0.0}, {""tk"": ""United"", ""act"": 0.0}, {""tk"": ""attribute"", ""act"": 0.0}, {""tk"": ""seat"", ""act"": 0.0}, {""tk"": ""government"", ""act"": 0.0}, {""tk"": ""relationship"", ""act"": 0.0}, {""tk"": ""which"", ""act"": 0.0}, {""tk"": ""containing"", ""act"": 0.0}]"
1_85217,1,85217,entity: A state in the United States is Oklahoma,entity,1,0.0,0.0,semantic,"[{""token"": ""entity"", ""index"": 1, ""distance"": 0, ""direction"": ""self""}]",n/a,Semantic,Dictionary,1.0,False,,capital,"[{""tk"": ""capital"", ""act"": 20.99380874633789}, {""tk"": ""entity"", ""act"": 0.0}, {""tk"": ""city"", ""act"": 0.0}, {""tk"": ""in"", ""act"": 0.0}, {""tk"": ""Oklahoma"", ""act"": 0.0}, {""tk"": ""USA"", ""act"": 0.0}, {""tk"": ""is"", ""act"": 0.0}, {""tk"": ""Tulsa"", ""act"": 0.0}, {""tk"": ""The"", ""act"": 0.0}, {""tk"": ""of"", ""act"": 0.0}, {""tk"": ""state"", ""act"": 0.0}, {""tk"": ""United"", ""act"": 0.0}, {""tk"": ""attribute"", ""act"": 0.0}, {""tk"": ""seat"", ""act"": 0.0}, {""tk"": ""government"", ""act"": 0.0}, {""tk"": ""relationship"", ""act"": 0.0}, {""tk"": ""which"", ""act"": 0.0}, {""tk"": ""containing"", ""act"": 0.0}]"
2_36902,2,36902,entity: A state in the United States is Oklahoma,entity,1,0.0,0.0,semantic,"[{""token"": ""entity"", ""index"": 1, ""distance"": 0, ""direction"": ""self""}]",n/a,Semantic,Dictionary,1.0,False,,capital,"[{""tk"": ""capital"", ""act"": 20.3389949798584}, {""tk"": ""entity"", ""act"": 0.0}, {""tk"": ""city"", ""act"": 0.0}, {""tk"": ""in"", ""act"": 0.0}, {""tk"": ""Oklahoma"", ""act"": 0.0}, {""tk"": ""USA"", ""act"": 0.0}, {""tk"": ""is"", ""act"": 0.0}, {""tk"": ""Tulsa"", ""act"": 0.0}, {""tk"": ""The"", ""act"": 0.0}, {""tk"": ""of"", ""act"": 0.0}, {""tk"": ""state"", ""act"": 0.0}, {""tk"": ""United"", ""act"": 0.0}, {""tk"": ""attribute"", ""act"": 0.0}, {""tk"": ""seat"", ""act"": 0.0}, {""tk"": ""government"", ""act"": 0.0}, {""tk"": ""relationship"", ""act"": 0.0}, {""tk"": ""which"", ""act"": 0.0}, {""tk"": ""containing"", ""act"": 0.0}]"
2_76232,2,76232,entity: A state in the United States is Oklahoma, is,9,8.669734954833984,0.9,functional,"[{""token"": "" Oklahoma"", ""index"": 10, ""distance"": 1, ""direction"": ""forward""}]",json,Semantic,Dictionary,0.8333333333333334,False,,is,"[{""tk"": ""is"", ""act"": 11.182415008544922}, {""tk"": ""entity"", ""act"": 0.0}, {""tk"": ""city"", ""act"": 0.0}, {""tk"": ""in"", ""act"": 0.0}, {""tk"": ""Oklahoma"", ""act"": 0.0}, {""tk"": ""USA"", ""act"": 0.0}, {""tk"": ""Tulsa"", ""act"": 0.0}, {""tk"": ""The"", ""act"": 0.0}, {""tk"": ""capital"", ""act"": 0.0}, {""tk"": ""of"", ""act"": 0.0}, {""tk"": ""state"", ""act"": 0.0}, {""tk"": ""United"", ""act"": 0.0}, {""tk"": ""attribute"", ""act"": 0.0}, {""tk"": ""seat"", ""act"": 0.0}, {""tk"": ""government"", ""act"": 0.0}, {""tk"": ""relationship"", ""act"": 0.0}, {""tk"": ""which"", ""act"": 0.0}, {""tk"": ""containing"", ""act"": 0.0}]"
2_42602,2,42602,entity: A state in the United States is Oklahoma, is,9,0.8431930541992188,0.9,functional,"[{""token"": "" Oklahoma"", ""index"": 10, ""distance"": 1, ""direction"": ""forward""}]",json,Semantic,Dictionary (fallback),0.9,False,,is,"[{""tk"": ""is"", ""act"": 10.920089721679688}, {""tk"": ""entity"", ""act"": 0.0}, {""tk"": ""city"", ""act"": 0.0}, {""tk"": ""in"", ""act"": 0.0}, {""tk"": ""Oklahoma"", ""act"": 0.0}, {""tk"": ""USA"", ""act"": 0.0}, {""tk"": ""Tulsa"", ""act"": 0.0}, {""tk"": ""The"", ""act"": 0.0}, {""tk"": ""capital"", ""act"": 0.0}, {""tk"": ""of"", ""act"": 0.0}, {""tk"": ""state"", ""act"": 0.0}, {""tk"": ""United"", ""act"": 0.0}, {""tk"": ""attribute"", ""act"": 0.0}, {""tk"": ""seat"", ""act"": 0.0}, {""tk"": ""government"", ""act"": 0.0}, {""tk"": ""relationship"", ""act"": 0.0}, {""tk"": ""which"", ""act"": 0.0}, {""tk"": ""containing"", ""act"": 0.0}]"
2_1890,2,1890,entity: A state in the United States is Oklahoma,entity,1,0.0,0.0,semantic,"[{""token"": ""entity"", ""index"": 1, ""distance"": 0, ""direction"": ""self""}]",n/a,Semantic,Dictionary,1.0,False,,capital,"[{""tk"": ""capital"", ""act"": 25.489017486572266}, {""tk"": ""entity"", ""act"": 0.0}, {""tk"": ""city"", ""act"": 0.0}, {""tk"": ""in"", ""act"": 0.0}, {""tk"": ""Oklahoma"", ""act"": 0.0}, {""tk"": ""USA"", ""act"": 0.0}, {""tk"": ""is"", ""act"": 0.0}, {""tk"": ""Tulsa"", ""act"": 0.0}, {""tk"": ""The"", ""act"": 0.0}, {""tk"": ""of"", ""act"": 0.0}, {""tk"": ""state"", ""act"": 0.0}, {""tk"": ""United"", ""act"": 0.0}, {""tk"": ""attribute"", ""act"": 0.0}, {""tk"": ""seat"", ""act"": 0.0}, {""tk"": ""government"", ""act"": 0.0}, {""tk"": ""relationship"", ""act"": 0.0}, {""tk"": ""which"", ""act"": 0.0}, {""tk"": ""containing"", ""act"": 0.0}]"
2_4865,2,4865,entity: A state in the United States is Oklahoma,entity,1,0.0,0.0,semantic,"[{""token"": ""entity"", ""index"": 1, ""distance"": 0, ""direction"": ""self""}]",n/a,Semantic,Dictionary,1.0,False,,capital,"[{""tk"": ""capital"", ""act"": 3.5495402812957764}, {""tk"": ""seat"", ""act"": 2.168384313583374}, {""tk"": ""entity"", ""act"": 0.0}, {""tk"": ""city"", ""act"": 0.0}, {""tk"": ""in"", ""act"": 0.0}, {""tk"": ""Oklahoma"", ""act"": 0.0}, {""tk"": ""USA"", ""act"": 0.0}, {""tk"": ""is"", ""act"": 0.0}, {""tk"": ""Tulsa"", ""act"": 0.0}, {""tk"": ""The"", ""act"": 0.0}, {""tk"": ""of"", ""act"": 0.0}, {""tk"": ""state"", ""act"": 0.0}, {""tk"": ""United"", ""act"": 0.0}, {""tk"": ""attribute"", ""act"": 0.0}, {""tk"": ""government"", ""act"": 0.0}, {""tk"": ""relationship"", ""act"": 0.0}, {""tk"": ""which"", ""act"": 0.0}, {""tk"": ""containing"", ""act"": 0.0}]"
2_82010,2,82010,entity: A state in the United States is Oklahoma,entity,1,0.0,0.0,semantic,"[{""token"": ""entity"", ""index"": 1, ""distance"": 0, ""direction"": ""self""}]",n/a,Semantic,Dictionary (fallback),0.9,False,,is,"[{""tk"": ""is"", ""act"": 10.153023719787598}, {""tk"": ""entity"", ""act"": 0.0}, {""tk"": ""city"", ""act"": 0.0}, {""tk"": ""in"", ""act"": 0.0}, {""tk"": ""Oklahoma"", ""act"": 0.0}, {""tk"": ""USA"", ""act"": 0.0}, {""tk"": ""Tulsa"", ""act"": 0.0}, {""tk"": ""The"", ""act"": 0.0}, {""tk"": ""capital"", ""act"": 0.0}, {""tk"": ""of"", ""act"": 0.0}, {""tk"": ""state"", ""act"": 0.0}, {""tk"": ""United"", ""act"": 0.0}, {""tk"": ""attribute"", ""act"": 0.0}, {""tk"": ""seat"", ""act"": 0.0}, {""tk"": ""government"", ""act"": 0.0}, {""tk"": ""relationship"", ""act"": 0.0}, {""tk"": ""which"", ""act"": 0.0}, {""tk"": ""containing"", ""act"": 0.0}]"
2_96724,2,96724,entity: A state in the United States is Oklahoma,entity,1,0.0,0.0,semantic,"[{""token"": ""entity"", ""index"": 1, ""distance"": 0, ""direction"": ""self""}]",n/a,Semantic,Dictionary (fallback),0.9,False,,Tulsa,"[{""tk"": ""Tulsa"", ""act"": 22.0113468170166}, {""tk"": ""City"", ""act"": 20.220914840698242}, {""tk"": ""entity"", ""act"": 0.0}, {""tk"": ""in"", ""act"": 0.0}, {""tk"": ""Oklahoma"", ""act"": 0.0}, {""tk"": ""USA"", ""act"": 0.0}, {""tk"": ""is"", ""act"": 0.0}, {""tk"": ""The"", ""act"": 0.0}, {""tk"": ""capital"", ""act"": 0.0}, {""tk"": ""of"", ""act"": 0.0}, {""tk"": ""state"", ""act"": 0.0}, {""tk"": ""United"", ""act"": 0.0}, {""tk"": ""attribute"", ""act"": 0.0}, {""tk"": ""seat"", ""act"": 0.0}, {""tk"": ""government"", ""act"": 0.0}, {""tk"": ""relationship"", ""act"": 0.0}, {""tk"": ""which"", ""act"": 0.0}, {""tk"": ""containing"", ""act"": 0.0}]"
3_52779,3,52779,entity: A state in the United States is Oklahoma, in,5,15.844382286071776,0.6839393118073215,functional,"[{""token"": "" United"", ""index"": 7, ""distance"": 2, ""direction"": ""forward""}]",json,Semantic,Dictionary (fallback),0.9,False,,in,"[{""tk"": ""in"", ""act"": 22.74864959716797}, {""tk"": ""containing"", ""act"": 17.660171508789062}, {""tk"": ""the"", ""act"": 13.811017036437988}, {""tk"": ""is"", ""act"": 13.126309394836426}, {""tk"": ""which"", ""act"": 9.762779235839844}, {""tk"": ""entity"", ""act"": 0.0}, {""tk"": ""city"", ""act"": 0.0}, {""tk"": ""Oklahoma"", ""act"": 0.0}, {""tk"": ""USA"", ""act"": 0.0}, {""tk"": ""Tulsa"", ""act"": 0.0}, {""tk"": ""capital"", ""act"": 0.0}, {""tk"": ""of"", ""act"": 0.0}, {""tk"": ""state"", ""act"": 0.0}, {""tk"": ""United"", ""act"": 0.0}, {""tk"": ""attribute"", ""act"": 0.0}, {""tk"": ""seat"", ""act"": 0.0}, {""tk"": ""government"", ""act"": 0.0}, {""tk"": ""relationship"", ""act"": 0.0}]"
3_66403,3,66403,entity: A state in the United States is Oklahoma,entity,1,0.0,0.0,semantic,"[{""token"": ""entity"", ""index"": 1, ""distance"": 0, ""direction"": ""self""}]",n/a,Relationship,,1.0,False,,(entity) related,"[{""tk"": ""entity"", ""act"": 0.0}, {""tk"": ""city"", ""act"": 0.0}, {""tk"": ""in"", ""act"": 0.0}, {""tk"": ""Oklahoma"", ""act"": 0.0}, {""tk"": ""USA"", ""act"": 0.0}, {""tk"": ""is"", ""act"": 0.0}, {""tk"": ""Tulsa"", ""act"": 0.0}, {""tk"": ""The"", ""act"": 0.0}, {""tk"": ""capital"", ""act"": 0.0}, {""tk"": ""of"", ""act"": 0.0}, {""tk"": ""state"", ""act"": 0.0}, {""tk"": ""United"", ""act"": 0.0}, {""tk"": ""attribute"", ""act"": 0.0}, {""tk"": ""seat"", ""act"": 0.0}, {""tk"": ""government"", ""act"": 0.0}, {""tk"": ""relationship"", ""act"": 0.0}, {""tk"": ""which"", ""act"": 0.0}, {""tk"": ""containing"", ""act"": 0.0}]"
3_66599,3,66599,entity: A state in the United States is Oklahoma,entity,1,13.092288970947266,0.5801205241960744,semantic,"[{""token"": ""entity"", ""index"": 1, ""distance"": 0, ""direction"": ""self""}]",n/a,Semantic,Dictionary (fallback),0.9,False,,state,"[{""tk"": ""state"", ""act"": 24.969038009643555}, {""tk"": ""capital"", ""act"": 20.673053741455078}, {""tk"": ""city"", ""act"": 15.51809310913086}, {""tk"": ""entity"", ""act"": 13.092288970947266}, {""tk"": ""relationship"", ""act"": 12.83310317993164}, {""tk"": ""Oklahoma"", ""act"": 12.549530982971191}, {""tk"": ""attribute"", ""act"": 11.992534637451172}, {""tk"": ""government"", ""act"": 11.66037654876709}, {""tk"": ""Tulsa"", ""act"": 11.336491584777832}, {""tk"": ""in"", ""act"": 6.152187824249268}, {""tk"": ""United"", ""act"": 5.482564449310303}, {""tk"": ""of"", ""act"": 0.6950088739395142}, {""tk"": ""seat"", ""act"": 0.5684137940406799}, {""tk"": ""USA"", ""act"": 0.0}, {""tk"": ""is"", ""act"": 0.0}, {""tk"": ""The"", ""act"": 0.0}, {""tk"": ""which"", ""act"": 0.0}, {""tk"": ""containing"", ""act"": 0.0}]"
3_91022,3,91022,entity: A state in the United States is Oklahoma,entity,1,0.0,0.0,semantic,"[{""token"": ""entity"", ""index"": 1, ""distance"": 0, ""direction"": ""self""}]",n/a,Semantic,Dictionary (fallback),0.9,False,,containing,"[{""tk"": ""containing"", ""act"": 6.780716419219971}, {""tk"": ""entity"", ""act"": 0.0}, {""tk"": ""city"", ""act"": 0.0}, {""tk"": ""in"", ""act"": 0.0}, {""tk"": ""Oklahoma"", ""act"": 0.0}, {""tk"": ""USA"", ""act"": 0.0}, {""tk"": ""is"", ""act"": 0.0}, {""tk"": ""Tulsa"", ""act"": 0.0}, {""tk"": ""The"", ""act"": 0.0}, {""tk"": ""capital"", ""act"": 0.0}, {""tk"": ""of"", ""act"": 0.0}, {""tk"": ""state"", ""act"": 0.0}, {""tk"": ""United"", ""act"": 0.0}, {""tk"": ""attribute"", ""act"": 0.0}, {""tk"": ""seat"", ""act"": 0.0}, {""tk"": ""government"", ""act"": 0.0}, {""tk"": ""relationship"", ""act"": 0.0}, {""tk"": ""which"", ""act"": 0.0}]"
3_39890,3,39890,entity: A state in the United States is Oklahoma,entity,1,0.0,0.0,semantic,"[{""token"": ""entity"", ""index"": 1, ""distance"": 0, ""direction"": ""self""}]",n/a,Semantic,Dictionary,1.0,False,,Tulsa,"[{""tk"": ""Tulsa"", ""act"": 43.94550323486328}, {""tk"": ""entity"", ""act"": 0.0}, {""tk"": ""city"", ""act"": 0.0}, {""tk"": ""in"", ""act"": 0.0}, {""tk"": ""Oklahoma"", ""act"": 0.0}, {""tk"": ""USA"", ""act"": 0.0}, {""tk"": ""is"", ""act"": 0.0}, {""tk"": ""The"", ""act"": 0.0}, {""tk"": ""capital"", ""act"": 0.0}, {""tk"": ""of"", ""act"": 0.0}, {""tk"": ""state"", ""act"": 0.0}, {""tk"": ""United"", ""act"": 0.0}, {""tk"": ""attribute"", ""act"": 0.0}, {""tk"": ""seat"", ""act"": 0.0}, {""tk"": ""government"", ""act"": 0.0}, {""tk"": ""relationship"", ""act"": 0.0}, {""tk"": ""which"", ""act"": 0.0}, {""tk"": ""containing"", ""act"": 0.0}]"
3_36499,3,36499,entity: A state in the United States is Oklahoma,entity,1,0.0,0.0,semantic,"[{""token"": ""entity"", ""index"": 1, ""distance"": 0, ""direction"": ""self""}]",n/a,Semantic,Dictionary (fallback),0.9,False,,of,"[{""tk"": ""of"", ""act"": 17.267471313476562}, {""tk"": ""city"", ""act"": 0.4827706813812256}, {""tk"": ""entity"", ""act"": 0.0}, {""tk"": ""in"", ""act"": 0.0}, {""tk"": ""Oklahoma"", ""act"": 0.0}, {""tk"": ""USA"", ""act"": 0.0}, {""tk"": ""is"", ""act"": 0.0}, {""tk"": ""Tulsa"", ""act"": 0.0}, {""tk"": ""The"", ""act"": 0.0}, {""tk"": ""capital"", ""act"": 0.0}, {""tk"": ""state"", ""act"": 0.0}, {""tk"": ""United"", ""act"": 0.0}, {""tk"": ""attribute"", ""act"": 0.0}, {""tk"": ""seat"", ""act"": 0.0}, {""tk"": ""government"", ""act"": 0.0}, {""tk"": ""relationship"", ""act"": 0.0}, {""tk"": ""which"", ""act"": 0.0}, {""tk"": ""containing"", ""act"": 0.0}]"
3_2751,3,2751,entity: A state in the United States is Oklahoma,entity,1,0.0,0.0,semantic,"[{""token"": ""entity"", ""index"": 1, ""distance"": 0, ""direction"": ""self""}]",n/a,Semantic,Dictionary (fallback),0.9,False,,is,"[{""tk"": ""is"", ""act"": 16.323118209838867}, {""tk"": ""entity"", ""act"": 0.0}, {""tk"": ""city"", ""act"": 0.0}, {""tk"": ""in"", ""act"": 0.0}, {""tk"": ""Oklahoma"", ""act"": 0.0}, {""tk"": ""USA"", ""act"": 0.0}, {""tk"": ""Tulsa"", ""act"": 0.0}, {""tk"": ""The"", ""act"": 0.0}, {""tk"": ""capital"", ""act"": 0.0}, {""tk"": ""of"", ""act"": 0.0}, {""tk"": ""state"", ""act"": 0.0}, {""tk"": ""United"", ""act"": 0.0}, {""tk"": ""attribute"", ""act"": 0.0}, {""tk"": ""seat"", ""act"": 0.0}, {""tk"": ""government"", ""act"": 0.0}, {""tk"": ""relationship"", ""act"": 0.0}, {""tk"": ""which"", ""act"": 0.0}, {""tk"": ""containing"", ""act"": 0.0}]"
3_13967,3,13967,entity: A state in the United States is Oklahoma,entity,1,0.0,0.0,semantic,"[{""token"": ""entity"", ""index"": 1, ""distance"": 0, ""direction"": ""self""}]",n/a,Semantic,Dictionary (fallback),0.9,False,,of,"[{""tk"": ""of"", ""act"": 11.243531227111816}, {""tk"": ""is"", ""act"": 7.620932579040527}, {""tk"": ""the"", ""act"": 0.35361218452453613}, {""tk"": ""entity"", ""act"": 0.0}, {""tk"": ""city"", ""act"": 0.0}, {""tk"": ""in"", ""act"": 0.0}, {""tk"": ""Oklahoma"", ""act"": 0.0}, {""tk"": ""USA"", ""act"": 0.0}, {""tk"": ""Tulsa"", ""act"": 0.0}, {""tk"": ""capital"", ""act"": 0.0}, {""tk"": ""state"", ""act"": 0.0}, {""tk"": ""United"", ""act"": 0.0}, {""tk"": ""attribute"", ""act"": 0.0}, {""tk"": ""seat"", ""act"": 0.0}, {""tk"": ""government"", ""act"": 0.0}, {""tk"": ""relationship"", ""act"": 0.0}, {""tk"": ""which"", ""act"": 0.0}, {""tk"": ""containing"", ""act"": 0.0}]"
3_28747,3,28747,entity: A state in the United States is Oklahoma,entity,1,0.0,0.0,semantic,"[{""token"": ""entity"", ""index"": 1, ""distance"": 0, ""direction"": ""self""}]",n/a,Semantic,Dictionary (fallback),0.9,False,,of,"[{""tk"": ""of"", ""act"": 17.464412689208984}, {""tk"": ""is"", ""act"": 2.1376309394836426}, {""tk"": ""entity"", ""act"": 0.0}, {""tk"": ""city"", ""act"": 0.0}, {""tk"": ""in"", ""act"": 0.0}, {""tk"": ""Oklahoma"", ""act"": 0.0}, {""tk"": ""USA"", ""act"": 0.0}, {""tk"": ""Tulsa"", ""act"": 0.0}, {""tk"": ""The"", ""act"": 0.0}, {""tk"": ""capital"", ""act"": 0.0}, {""tk"": ""state"", ""act"": 0.0}, {""tk"": ""United"", ""act"": 0.0}, {""tk"": ""attribute"", ""act"": 0.0}, {""tk"": ""seat"", ""act"": 0.0}, {""tk"": ""government"", ""act"": 0.0}, {""tk"": ""relationship"", ""act"": 0.0}, {""tk"": ""which"", ""act"": 0.0}, {""tk"": ""containing"", ""act"": 0.0}]"
3_93843,3,93843,entity: A state in the United States is Oklahoma,entity,1,0.0,0.0,semantic,"[{""token"": ""entity"", ""index"": 1, ""distance"": 0, ""direction"": ""self""}]",n/a,Semantic,Dictionary (fallback),0.9,False,,is,"[{""tk"": ""is"", ""act"": 3.7262954711914062}, {""tk"": ""entity"", ""act"": 0.0}, {""tk"": ""city"", ""act"": 0.0}, {""tk"": ""in"", ""act"": 0.0}, {""tk"": ""Oklahoma"", ""act"": 0.0}, {""tk"": ""USA"", ""act"": 0.0}, {""tk"": ""Tulsa"", ""act"": 0.0}, {""tk"": ""The"", ""act"": 0.0}, {""tk"": ""capital"", ""act"": 0.0}, {""tk"": ""of"", ""act"": 0.0}, {""tk"": ""state"", ""act"": 0.0}, {""tk"": ""United"", ""act"": 0.0}, {""tk"": ""attribute"", ""act"": 0.0}, {""tk"": ""seat"", ""act"": 0.0}, {""tk"": ""government"", ""act"": 0.0}, {""tk"": ""relationship"", ""act"": 0.0}, {""tk"": ""which"", ""act"": 0.0}, {""tk"": ""containing"", ""act"": 0.0}]"
4_3920,4,3920,entity: A state in the United States is Oklahoma,entity,1,24.343236923217773,0.8890539034058726,semantic,"[{""token"": ""entity"", ""index"": 1, ""distance"": 0, ""direction"": ""self""}]",n/a,Semantic,Concept,0.7,False,,entity,"[{""tk"": ""entity"", ""act"": 24.343236923217773}, {""tk"": ""relationship"", ""act"": 23.514083862304688}, {""tk"": ""attribute"", ""act"": 19.900348663330078}, {""tk"": ""city"", ""act"": 0.0}, {""tk"": ""in"", ""act"": 0.0}, {""tk"": ""Oklahoma"", ""act"": 0.0}, {""tk"": ""USA"", ""act"": 0.0}, {""tk"": ""is"", ""act"": 0.0}, {""tk"": ""Tulsa"", ""act"": 0.0}, {""tk"": ""The"", ""act"": 0.0}, {""tk"": ""capital"", ""act"": 0.0}, {""tk"": ""of"", ""act"": 0.0}, {""tk"": ""state"", ""act"": 0.0}, {""tk"": ""United"", ""act"": 0.0}, {""tk"": ""seat"", ""act"": 0.0}, {""tk"": ""government"", ""act"": 0.0}, {""tk"": ""which"", ""act"": 0.0}, {""tk"": ""containing"", ""act"": 0.0}]"
4_83635,4,83635,entity: A state in the United States is Oklahoma, Oklahoma,10,24.367387771606445,0.6259574829787871,semantic,"[{""token"": "" Oklahoma"", ""index"": 10, ""distance"": 0, ""direction"": ""self""}]",n/a,Semantic,Concept,0.7,False,,city,"[{""tk"": ""city"", ""act"": 29.045270919799805}, {""tk"": ""attribute"", ""act"": 28.14508056640625}, {""tk"": ""Oklahoma"", ""act"": 24.367387771606445}, {""tk"": ""capital"", ""act"": 21.525239944458008}, {""tk"": ""state"", ""act"": 19.251550674438477}, {""tk"": ""USA"", ""act"": 18.27325439453125}, {""tk"": ""entity"", ""act"": 17.712905883789062}, {""tk"": ""relationship"", ""act"": 17.489112854003906}, {""tk"": ""Tulsa"", ""act"": 15.208170890808105}, {""tk"": ""government"", ""act"": 13.456141471862793}, {""tk"": ""of"", ""act"": 8.01102066040039}, {""tk"": ""containing"", ""act"": 7.884756565093994}, {""tk"": ""in"", ""act"": 6.716607570648193}, {""tk"": ""seat"", ""act"": 5.498795509338379}, {""tk"": ""is"", ""act"": 5.114175796508789}, {""tk"": ""United"", ""act"": 3.7701468467712402}, {""tk"": ""which"", ""act"": 2.1635446548461914}, {""tk"": ""The"", ""act"": 0.0}]"
4_72482,4,72482,entity: A state in the United States is Oklahoma, is,9,6.1400580406188965,0.9,functional,"[{""token"": "" Oklahoma"", ""index"": 10, ""distance"": 1, ""direction"": ""forward""}]",json,Semantic,Ambiguous,0.3,True,"Ambiguous: peak_cons=0.50, n_peaks=1, func_vs_sem=100.0%, layer=4",is,"[{""tk"": ""is"", ""act"": 13.952035903930664}, {""tk"": ""entity"", ""act"": 0.0}, {""tk"": ""city"", ""act"": 0.0}, {""tk"": ""in"", ""act"": 0.0}, {""tk"": ""Oklahoma"", ""act"": 0.0}, {""tk"": ""USA"", ""act"": 0.0}, {""tk"": ""Tulsa"", ""act"": 0.0}, {""tk"": ""The"", ""act"": 0.0}, {""tk"": ""capital"", ""act"": 0.0}, {""tk"": ""of"", ""act"": 0.0}, {""tk"": ""state"", ""act"": 0.0}, {""tk"": ""United"", ""act"": 0.0}, {""tk"": ""attribute"", ""act"": 0.0}, {""tk"": ""seat"", ""act"": 0.0}, {""tk"": ""government"", ""act"": 0.0}, {""tk"": ""relationship"", ""act"": 0.0}, {""tk"": ""which"", ""act"": 0.0}, {""tk"": ""containing"", ""act"": 0.0}]"
4_3432,4,3432,entity: A state in the United States is Oklahoma, is,9,3.6186537742614746,0.9,functional,"[{""token"": "" Oklahoma"", ""index"": 10, ""distance"": 1, ""direction"": ""forward""}]",json,Semantic,Ambiguous,0.3,True,"Ambiguous: peak_cons=0.50, n_peaks=1, func_vs_sem=100.0%, layer=4",is,"[{""tk"": ""is"", ""act"": 16.783905029296875}, {""tk"": ""entity"", ""act"": 0.0}, {""tk"": ""city"", ""act"": 0.0}, {""tk"": ""in"", ""act"": 0.0}, {""tk"": ""Oklahoma"", ""act"": 0.0}, {""tk"": ""USA"", ""act"": 0.0}, {""tk"": ""Tulsa"", ""act"": 0.0}, {""tk"": ""The"", ""act"": 0.0}, {""tk"": ""capital"", ""act"": 0.0}, {""tk"": ""of"", ""act"": 0.0}, {""tk"": ""state"", ""act"": 0.0}, {""tk"": ""United"", ""act"": 0.0}, {""tk"": ""attribute"", ""act"": 0.0}, {""tk"": ""seat"", ""act"": 0.0}, {""tk"": ""government"", ""act"": 0.0}, {""tk"": ""relationship"", ""act"": 0.0}, {""tk"": ""which"", ""act"": 0.0}, {""tk"": ""containing"", ""act"": 0.0}]"
4_52384,4,52384,entity: A state in the United States is Oklahoma,entity,1,0.0,0.0,semantic,"[{""token"": ""entity"", ""index"": 1, ""distance"": 0, ""direction"": ""self""}]",n/a,Semantic,Ambiguous,0.3,True,"Ambiguous: peak_cons=0.50, n_peaks=2, func_vs_sem=100.0%, layer=4",of,"[{""tk"": ""of"", ""act"": 19.165246963500977}, {""tk"": ""Oklahoma"", ""act"": 9.872367858886719}, {""tk"": ""is"", ""act"": 2.908886432647705}, {""tk"": ""state"", ""act"": 1.426936149597168}, {""tk"": ""entity"", ""act"": 0.0}, {""tk"": ""city"", ""act"": 0.0}, {""tk"": ""in"", ""act"": 0.0}, {""tk"": ""USA"", ""act"": 0.0}, {""tk"": ""Tulsa"", ""act"": 0.0}, {""tk"": ""The"", ""act"": 0.0}, {""tk"": ""capital"", ""act"": 0.0}, {""tk"": ""United"", ""act"": 0.0}, {""tk"": ""attribute"", ""act"": 0.0}, {""tk"": ""seat"", ""act"": 0.0}, {""tk"": ""government"", ""act"": 0.0}, {""tk"": ""relationship"", ""act"": 0.0}, {""tk"": ""which"", ""act"": 0.0}, {""tk"": ""containing"", ""act"": 0.0}]"
4_24267,4,24267,entity: A state in the United States is Oklahoma,entity,1,0.0,0.0,semantic,"[{""token"": ""entity"", ""index"": 1, ""distance"": 0, ""direction"": ""self""}]",n/a,Semantic,Ambiguous,0.3,True,"Ambiguous: peak_cons=0.50, n_peaks=1, func_vs_sem=100.0%, layer=4",is,"[{""tk"": ""is"", ""act"": 12.455327987670898}, {""tk"": ""entity"", ""act"": 0.0}, {""tk"": ""city"", ""act"": 0.0}, {""tk"": ""in"", ""act"": 0.0}, {""tk"": ""Oklahoma"", ""act"": 0.0}, {""tk"": ""USA"", ""act"": 0.0}, {""tk"": ""Tulsa"", ""act"": 0.0}, {""tk"": ""The"", ""act"": 0.0}, {""tk"": ""capital"", ""act"": 0.0}, {""tk"": ""of"", ""act"": 0.0}, {""tk"": ""state"", ""act"": 0.0}, {""tk"": ""United"", ""act"": 0.0}, {""tk"": ""attribute"", ""act"": 0.0}, {""tk"": ""seat"", ""act"": 0.0}, {""tk"": ""government"", ""act"": 0.0}, {""tk"": ""relationship"", ""act"": 0.0}, {""tk"": ""which"", ""act"": 0.0}, {""tk"": ""containing"", ""act"": 0.0}]"
4_54078,4,54078,entity: A state in the United States is Oklahoma,entity,1,0.0,0.0,semantic,"[{""token"": ""entity"", ""index"": 1, ""distance"": 0, ""direction"": ""self""}]",n/a,Relationship,,1.0,False,,(entity) related,"[{""tk"": ""entity"", ""act"": 0.0}, {""tk"": ""city"", ""act"": 0.0}, {""tk"": ""in"", ""act"": 0.0}, {""tk"": ""Oklahoma"", ""act"": 0.0}, {""tk"": ""USA"", ""act"": 0.0}, {""tk"": ""is"", ""act"": 0.0}, {""tk"": ""Tulsa"", ""act"": 0.0}, {""tk"": ""The"", ""act"": 0.0}, {""tk"": ""capital"", ""act"": 0.0}, {""tk"": ""of"", ""act"": 0.0}, {""tk"": ""state"", ""act"": 0.0}, {""tk"": ""United"", ""act"": 0.0}, {""tk"": ""attribute"", ""act"": 0.0}, {""tk"": ""seat"", ""act"": 0.0}, {""tk"": ""government"", ""act"": 0.0}, {""tk"": ""relationship"", ""act"": 0.0}, {""tk"": ""which"", ""act"": 0.0}, {""tk"": ""containing"", ""act"": 0.0}]"
4_54423,4,54423,entity: A state in the United States is Oklahoma,entity,1,0.0,0.0,semantic,"[{""token"": ""entity"", ""index"": 1, ""distance"": 0, ""direction"": ""self""}]",n/a,Semantic,Dictionary,1.0,False,,containing,"[{""tk"": ""containing"", ""act"": 8.495969772338867}, {""tk"": ""which"", ""act"": 1.9871268272399902}, {""tk"": ""in"", ""act"": 0.26462411880493164}, {""tk"": ""entity"", ""act"": 0.0}, {""tk"": ""city"", ""act"": 0.0}, {""tk"": ""Oklahoma"", ""act"": 0.0}, {""tk"": ""USA"", ""act"": 0.0}, {""tk"": ""is"", ""act"": 0.0}, {""tk"": ""Tulsa"", ""act"": 0.0}, {""tk"": ""The"", ""act"": 0.0}, {""tk"": ""capital"", ""act"": 0.0}, {""tk"": ""of"", ""act"": 0.0}, {""tk"": ""state"", ""act"": 0.0}, {""tk"": ""United"", ""act"": 0.0}, {""tk"": ""attribute"", ""act"": 0.0}, {""tk"": ""seat"", ""act"": 0.0}, {""tk"": ""government"", ""act"": 0.0}, {""tk"": ""relationship"", ""act"": 0.0}]"
4_55831,4,55831,entity: A state in the United States is Oklahoma,entity,1,0.0,0.0,semantic,"[{""token"": ""entity"", ""index"": 1, ""distance"": 0, ""direction"": ""self""}]",n/a,Semantic,Dictionary,1.0,False,,capital,"[{""tk"": ""capital"", ""act"": 29.359546661376953}, {""tk"": ""city"", ""act"": 11.154122352600098}, {""tk"": ""is"", ""act"": 3.395308494567871}, {""tk"": ""entity"", ""act"": 0.0}, {""tk"": ""in"", ""act"": 0.0}, {""tk"": ""Oklahoma"", ""act"": 0.0}, {""tk"": ""USA"", ""act"": 0.0}, {""tk"": ""Tulsa"", ""act"": 0.0}, {""tk"": ""The"", ""act"": 0.0}, {""tk"": ""of"", ""act"": 0.0}, {""tk"": ""state"", ""act"": 0.0}, {""tk"": ""United"", ""act"": 0.0}, {""tk"": ""attribute"", ""act"": 0.0}, {""tk"": ""seat"", ""act"": 0.0}, {""tk"": ""government"", ""act"": 0.0}, {""tk"": ""relationship"", ""act"": 0.0}, {""tk"": ""which"", ""act"": 0.0}, {""tk"": ""containing"", ""act"": 0.0}]"
4_58113,4,58113,entity: A state in the United States is Oklahoma,entity,1,0.0,0.0,semantic,"[{""token"": ""entity"", ""index"": 1, ""distance"": 0, ""direction"": ""self""}]",n/a,Semantic,Concept,0.7077726636889586,False,,city,"[{""tk"": ""city"", ""act"": 8.659708023071289}, {""tk"": ""of"", ""act"": 6.1291046142578125}, {""tk"": ""is"", ""act"": 5.2749223709106445}, {""tk"": ""in"", ""act"": 3.8225936889648438}, {""tk"": ""containing"", ""act"": 0.11254596710205078}, {""tk"": ""entity"", ""act"": 0.0}, {""tk"": ""Oklahoma"", ""act"": 0.0}, {""tk"": ""USA"", ""act"": 0.0}, {""tk"": ""Tulsa"", ""act"": 0.0}, {""tk"": ""The"", ""act"": 0.0}, {""tk"": ""capital"", ""act"": 0.0}, {""tk"": ""state"", ""act"": 0.0}, {""tk"": ""United"", ""act"": 0.0}, {""tk"": ""attribute"", ""act"": 0.0}, {""tk"": ""seat"", ""act"": 0.0}, {""tk"": ""government"", ""act"": 0.0}, {""tk"": ""relationship"", ""act"": 0.0}, {""tk"": ""which"", ""act"": 0.0}]"
4_83005,4,83005,entity: A state in the United States is Oklahoma,entity,1,0.0,0.0,semantic,"[{""token"": ""entity"", ""index"": 1, ""distance"": 0, ""direction"": ""self""}]",n/a,Semantic,Ambiguous,0.3,True,"Ambiguous: peak_cons=0.50, n_peaks=1, func_vs_sem=100.0%, layer=4",is,"[{""tk"": ""is"", ""act"": 13.84489631652832}, {""tk"": ""entity"", ""act"": 0.0}, {""tk"": ""city"", ""act"": 0.0}, {""tk"": ""in"", ""act"": 0.0}, {""tk"": ""Oklahoma"", ""act"": 0.0}, {""tk"": ""USA"", ""act"": 0.0}, {""tk"": ""Tulsa"", ""act"": 0.0}, {""tk"": ""The"", ""act"": 0.0}, {""tk"": ""capital"", ""act"": 0.0}, {""tk"": ""of"", ""act"": 0.0}, {""tk"": ""state"", ""act"": 0.0}, {""tk"": ""United"", ""act"": 0.0}, {""tk"": ""attribute"", ""act"": 0.0}, {""tk"": ""seat"", ""act"": 0.0}, {""tk"": ""government"", ""act"": 0.0}, {""tk"": ""relationship"", ""act"": 0.0}, {""tk"": ""which"", ""act"": 0.0}, {""tk"": ""containing"", ""act"": 0.0}]"
4_95888,4,95888,entity: A state in the United States is Oklahoma,entity,1,0.0,0.0,semantic,"[{""token"": ""entity"", ""index"": 1, ""distance"": 0, ""direction"": ""self""}]",n/a,Semantic,Dictionary,1.0,False,,Tulsa,"[{""tk"": ""Tulsa"", ""act"": 46.79619216918945}, {""tk"": ""entity"", ""act"": 0.0}, {""tk"": ""city"", ""act"": 0.0}, {""tk"": ""in"", ""act"": 0.0}, {""tk"": ""Oklahoma"", ""act"": 0.0}, {""tk"": ""USA"", ""act"": 0.0}, {""tk"": ""is"", ""act"": 0.0}, {""tk"": ""The"", ""act"": 0.0}, {""tk"": ""capital"", ""act"": 0.0}, {""tk"": ""of"", ""act"": 0.0}, {""tk"": ""state"", ""act"": 0.0}, {""tk"": ""United"", ""act"": 0.0}, {""tk"": ""attribute"", ""act"": 0.0}, {""tk"": ""seat"", ""act"": 0.0}, {""tk"": ""government"", ""act"": 0.0}, {""tk"": ""relationship"", ""act"": 0.0}, {""tk"": ""which"", ""act"": 0.0}, {""tk"": ""containing"", ""act"": 0.0}]"
4_97813,4,97813,entity: A state in the United States is Oklahoma,entity,1,0.0,0.0,semantic,"[{""token"": ""entity"", ""index"": 1, ""distance"": 0, ""direction"": ""self""}]",n/a,Semantic,Concept,0.7,False,,government,"[{""tk"": ""government"", ""act"": 17.90291976928711}, {""tk"": ""of"", ""act"": 14.3899507522583}, {""tk"": ""seat"", ""act"": 14.0704984664917}, {""tk"": ""city"", ""act"": 13.028558731079102}, {""tk"": ""capital"", ""act"": 10.718213081359863}, {""tk"": ""is"", ""act"": 5.391778945922852}, {""tk"": ""the"", ""act"": 1.4474035501480103}, {""tk"": ""entity"", ""act"": 0.0}, {""tk"": ""in"", ""act"": 0.0}, {""tk"": ""Oklahoma"", ""act"": 0.0}, {""tk"": ""USA"", ""act"": 0.0}, {""tk"": ""Tulsa"", ""act"": 0.0}, {""tk"": ""state"", ""act"": 0.0}, {""tk"": ""United"", ""act"": 0.0}, {""tk"": ""attribute"", ""act"": 0.0}, {""tk"": ""relationship"", ""act"": 0.0}, {""tk"": ""which"", ""act"": 0.0}, {""tk"": ""containing"", ""act"": 0.0}]"
5_1551,5,1551,entity: A state in the United States is Oklahoma,entity,1,37.91087341308594,0.8999999999999999,semantic,"[{""token"": ""entity"", ""index"": 1, ""distance"": 0, ""direction"": ""self""}]",n/a,Semantic,Concept,0.7,False,,relationship,"[{""tk"": ""relationship"", ""act"": 40.19044876098633}, {""tk"": ""attribute"", ""act"": 39.44136428833008}, {""tk"": ""entity"", ""act"": 37.91087341308594}, {""tk"": ""city"", ""act"": 0.0}, {""tk"": ""in"", ""act"": 0.0}, {""tk"": ""Oklahoma"", ""act"": 0.0}, {""tk"": ""USA"", ""act"": 0.0}, {""tk"": ""is"", ""act"": 0.0}, {""tk"": ""Tulsa"", ""act"": 0.0}, {""tk"": ""The"", ""act"": 0.0}, {""tk"": ""capital"", ""act"": 0.0}, {""tk"": ""of"", ""act"": 0.0}, {""tk"": ""state"", ""act"": 0.0}, {""tk"": ""United"", ""act"": 0.0}, {""tk"": ""seat"", ""act"": 0.0}, {""tk"": ""government"", ""act"": 0.0}, {""tk"": ""which"", ""act"": 0.0}, {""tk"": ""containing"", ""act"": 0.0}]"
5_5917,5,5917,entity: A state in the United States is Oklahoma, Oklahoma,10,15.953481674194336,0.8999999999999999,semantic,"[{""token"": "" Oklahoma"", ""index"": 10, ""distance"": 0, ""direction"": ""self""}]",n/a,Semantic,Concept,0.7,False,,City,"[{""tk"": ""City"", ""act"": 18.723318099975586}, {""tk"": ""Oklahoma"", ""act"": 18.681676864624023}, {""tk"": ""Tulsa"", ""act"": 9.639930725097656}, {""tk"": ""entity"", ""act"": 0.0}, {""tk"": ""in"", ""act"": 0.0}, {""tk"": ""USA"", ""act"": 0.0}, {""tk"": ""is"", ""act"": 0.0}, {""tk"": ""The"", ""act"": 0.0}, {""tk"": ""capital"", ""act"": 0.0}, {""tk"": ""of"", ""act"": 0.0}, {""tk"": ""state"", ""act"": 0.0}, {""tk"": ""United"", ""act"": 0.0}, {""tk"": ""attribute"", ""act"": 0.0}, {""tk"": ""seat"", ""act"": 0.0}, {""tk"": ""government"", ""act"": 0.0}, {""tk"": ""relationship"", ""act"": 0.0}, {""tk"": ""which"", ""act"": 0.0}, {""tk"": ""containing"", ""act"": 0.0}]"
5_62103,5,62103,entity: A state in the United States is Oklahoma,entity,1,0.0,0.0,semantic,"[{""token"": ""entity"", ""index"": 1, ""distance"": 0, ""direction"": ""self""}]",n/a,Semantic,Dictionary,1.0,False,,Tulsa,"[{""tk"": ""Tulsa"", ""act"": 5.526529788970947}, {""tk"": ""entity"", ""act"": 0.0}, {""tk"": ""city"", ""act"": 0.0}, {""tk"": ""in"", ""act"": 0.0}, {""tk"": ""Oklahoma"", ""act"": 0.0}, {""tk"": ""USA"", ""act"": 0.0}, {""tk"": ""is"", ""act"": 0.0}, {""tk"": ""The"", ""act"": 0.0}, {""tk"": ""capital"", ""act"": 0.0}, {""tk"": ""of"", ""act"": 0.0}, {""tk"": ""state"", ""act"": 0.0}, {""tk"": ""United"", ""act"": 0.0}, {""tk"": ""attribute"", ""act"": 0.0}, {""tk"": ""seat"", ""act"": 0.0}, {""tk"": ""government"", ""act"": 0.0}, {""tk"": ""relationship"", ""act"": 0.0}, {""tk"": ""which"", ""act"": 0.0}, {""tk"": ""containing"", ""act"": 0.0}]"
5_25085,5,25085,entity: A state in the United States is Oklahoma, Oklahoma,10,1.839571475982666,0.8063821895086422,semantic,"[{""token"": "" Oklahoma"", ""index"": 10, ""distance"": 0, ""direction"": ""self""}]",n/a,Semantic,Concept,0.7,False,,Oklahoma,"[{""tk"": ""Oklahoma"", ""act"": 21.459491729736328}, {""tk"": ""USA"", ""act"": 7.712401866912842}, {""tk"": ""City"", ""act"": 5.686503887176514}, {""tk"": ""Tulsa"", ""act"": 1.9479179382324219}, {""tk"": ""entity"", ""act"": 0.0}, {""tk"": ""in"", ""act"": 0.0}, {""tk"": ""is"", ""act"": 0.0}, {""tk"": ""The"", ""act"": 0.0}, {""tk"": ""capital"", ""act"": 0.0}, {""tk"": ""of"", ""act"": 0.0}, {""tk"": ""state"", ""act"": 0.0}, {""tk"": ""United"", ""act"": 0.0}, {""tk"": ""attribute"", ""act"": 0.0}, {""tk"": ""seat"", ""act"": 0.0}, {""tk"": ""government"", ""act"": 0.0}, {""tk"": ""relationship"", ""act"": 0.0}, {""tk"": ""which"", ""act"": 0.0}, {""tk"": ""containing"", ""act"": 0.0}]"
5_32184,5,32184,entity: A state in the United States is Oklahoma,entity,1,0.0,0.0,semantic,"[{""token"": ""entity"", ""index"": 1, ""distance"": 0, ""direction"": ""self""}]",n/a,Semantic,Ambiguous,0.3,True,"Ambiguous: peak_cons=0.33, n_peaks=3, func_vs_sem=51.1%, layer=5",capital,"[{""tk"": ""of"", ""act"": 32.639617919921875}, {""tk"": ""capital"", ""act"": 15.967439651489258}, {""tk"": ""city"", ""act"": 14.918037414550781}, {""tk"": ""is"", ""act"": 2.2012782096862793}, {""tk"": ""in"", ""act"": 2.1469907760620117}, {""tk"": ""seat"", ""act"": 1.4746685028076172}, {""tk"": ""entity"", ""act"": 0.0}, {""tk"": ""Oklahoma"", ""act"": 0.0}, {""tk"": ""USA"", ""act"": 0.0}, {""tk"": ""Tulsa"", ""act"": 0.0}, {""tk"": ""The"", ""act"": 0.0}, {""tk"": ""state"", ""act"": 0.0}, {""tk"": ""United"", ""act"": 0.0}, {""tk"": ""attribute"", ""act"": 0.0}, {""tk"": ""government"", ""act"": 0.0}, {""tk"": ""relationship"", ""act"": 0.0}, {""tk"": ""which"", ""act"": 0.0}, {""tk"": ""containing"", ""act"": 0.0}]"
5_34406,5,34406,entity: A state in the United States is Oklahoma,entity,1,0.0,0.0,semantic,"[{""token"": ""entity"", ""index"": 1, ""distance"": 0, ""direction"": ""self""}]",n/a,Semantic,Ambiguous,0.3,True,"Ambiguous: peak_cons=0.17, n_peaks=1, func_vs_sem=100.0%, layer=5",is,"[{""tk"": ""is"", ""act"": 0.6847803592681885}, {""tk"": ""entity"", ""act"": 0.0}, {""tk"": ""city"", ""act"": 0.0}, {""tk"": ""in"", ""act"": 0.0}, {""tk"": ""Oklahoma"", ""act"": 0.0}, {""tk"": ""USA"", ""act"": 0.0}, {""tk"": ""Tulsa"", ""act"": 0.0}, {""tk"": ""The"", ""act"": 0.0}, {""tk"": ""capital"", ""act"": 0.0}, {""tk"": ""of"", ""act"": 0.0}, {""tk"": ""state"", ""act"": 0.0}, {""tk"": ""United"", ""act"": 0.0}, {""tk"": ""attribute"", ""act"": 0.0}, {""tk"": ""seat"", ""act"": 0.0}, {""tk"": ""government"", ""act"": 0.0}, {""tk"": ""relationship"", ""act"": 0.0}, {""tk"": ""which"", ""act"": 0.0}, {""tk"": ""containing"", ""act"": 0.0}]"
5_51213,5,51213,entity: A state in the United States is Oklahoma,entity,1,0.0,0.0,semantic,"[{""token"": ""entity"", ""index"": 1, ""distance"": 0, ""direction"": ""self""}]",n/a,Semantic,Concept,0.5,False,,capital,"[{""tk"": ""of"", ""act"": 18.14890480041504}, {""tk"": ""city"", ""act"": 8.983392715454102}, {""tk"": ""is"", ""act"": 6.897368431091309}, {""tk"": ""capital"", ""act"": 5.454928398132324}, {""tk"": ""seat"", ""act"": 5.393360137939453}, {""tk"": ""government"", ""act"": 1.9978015422821045}, {""tk"": ""entity"", ""act"": 0.0}, {""tk"": ""in"", ""act"": 0.0}, {""tk"": ""Oklahoma"", ""act"": 0.0}, {""tk"": ""USA"", ""act"": 0.0}, {""tk"": ""Tulsa"", ""act"": 0.0}, {""tk"": ""The"", ""act"": 0.0}, {""tk"": ""state"", ""act"": 0.0}, {""tk"": ""United"", ""act"": 0.0}, {""tk"": ""attribute"", ""act"": 0.0}, {""tk"": ""relationship"", ""act"": 0.0}, {""tk"": ""which"", ""act"": 0.0}, {""tk"": ""containing"", ""act"": 0.0}]"
5_94154,5,94154,entity: A state in the United States is Oklahoma,entity,1,0.0,0.0,semantic,"[{""token"": ""entity"", ""index"": 1, ""distance"": 0, ""direction"": ""self""}]",n/a,Semantic,Concept,0.8371131296887989,False,,government,"[{""tk"": ""is"", ""act"": 12.922520637512207}, {""tk"": ""government"", ""act"": 10.817611694335938}, {""tk"": ""city"", ""act"": 5.639001846313477}, {""tk"": ""the"", ""act"": 1.1909029483795166}, {""tk"": ""capital"", ""act"": 0.6328201293945312}, {""tk"": ""entity"", ""act"": 0.0}, {""tk"": ""in"", ""act"": 0.0}, {""tk"": ""Oklahoma"", ""act"": 0.0}, {""tk"": ""USA"", ""act"": 0.0}, {""tk"": ""Tulsa"", ""act"": 0.0}, {""tk"": ""of"", ""act"": 0.0}, {""tk"": ""state"", ""act"": 0.0}, {""tk"": ""United"", ""act"": 0.0}, {""tk"": ""attribute"", ""act"": 0.0}, {""tk"": ""seat"", ""act"": 0.0}, {""tk"": ""relationship"", ""act"": 0.0}, {""tk"": ""which"", ""act"": 0.0}, {""tk"": ""containing"", ""act"": 0.0}]"
6_22143,6,22143,entity: A state in the United States is Oklahoma,entity,1,23.500473022460938,0.4036381719656885,semantic,"[{""token"": ""entity"", ""index"": 1, ""distance"": 0, ""direction"": ""self""}]",n/a,Semantic,Concept,0.7,False,,USA,"[{""tk"": ""USA"", ""act"": 29.6772518157959}, {""tk"": ""capital"", ""act"": 27.022661209106445}, {""tk"": ""attribute"", ""act"": 25.566389083862305}, {""tk"": ""Oklahoma"", ""act"": 24.8913516998291}, {""tk"": ""entity"", ""act"": 23.500473022460938}, {""tk"": ""city"", ""act"": 17.3726863861084}, {""tk"": ""is"", ""act"": 16.952861785888672}, {""tk"": ""state"", ""act"": 13.70422649383545}, {""tk"": ""the"", ""act"": 13.393610000610352}, {""tk"": ""in"", ""act"": 9.335844039916992}, {""tk"": ""Tulsa"", ""act"": 7.9303460121154785}, {""tk"": ""relationship"", ""act"": 6.419626712799072}, {""tk"": ""United"", ""act"": 4.0318522453308105}, {""tk"": ""which"", ""act"": 0.24917440116405487}, {""tk"": ""of"", ""act"": 0.0}, {""tk"": ""seat"", ""act"": 0.0}, {""tk"": ""government"", ""act"": 0.0}, {""tk"": ""containing"", ""act"": 0.0}]"
6_34521,6,34521,entity: A state in the United States is Oklahoma, States,8,5.241343975067139,0.9,semantic,"[{""token"": "" States"", ""index"": 8, ""distance"": 0, ""direction"": ""self""}]",n/a,Semantic,Concept,0.7,False,,Oklahoma,"[{""tk"": ""Oklahoma"", ""act"": 7.293138027191162}, {""tk"": ""Tulsa"", ""act"": 2.9419121742248535}, {""tk"": ""entity"", ""act"": 0.0}, {""tk"": ""city"", ""act"": 0.0}, {""tk"": ""in"", ""act"": 0.0}, {""tk"": ""USA"", ""act"": 0.0}, {""tk"": ""is"", ""act"": 0.0}, {""tk"": ""The"", ""act"": 0.0}, {""tk"": ""capital"", ""act"": 0.0}, {""tk"": ""of"", ""act"": 0.0}, {""tk"": ""state"", ""act"": 0.0}, {""tk"": ""United"", ""act"": 0.0}, {""tk"": ""attribute"", ""act"": 0.0}, {""tk"": ""seat"", ""act"": 0.0}, {""tk"": ""government"", ""act"": 0.0}, {""tk"": ""relationship"", ""act"": 0.0}, {""tk"": ""which"", ""act"": 0.0}, {""tk"": ""containing"", ""act"": 0.0}]"
6_82979,6,82979,entity: A state in the United States is Oklahoma, Oklahoma,10,2.2403340339660645,0.9000000000000001,semantic,"[{""token"": "" Oklahoma"", ""index"": 10, ""distance"": 0, ""direction"": ""self""}]",n/a,Semantic,Concept,0.7,False,,Oklahoma,"[{""tk"": ""Oklahoma"", ""act"": 6.748495101928711}, {""tk"": ""Tulsa"", ""act"": 5.861833572387695}, {""tk"": ""City"", ""act"": 0.40500813722610474}, {""tk"": ""entity"", ""act"": 0.0}, {""tk"": ""in"", ""act"": 0.0}, {""tk"": ""USA"", ""act"": 0.0}, {""tk"": ""is"", ""act"": 0.0}, {""tk"": ""The"", ""act"": 0.0}, {""tk"": ""capital"", ""act"": 0.0}, {""tk"": ""of"", ""act"": 0.0}, {""tk"": ""state"", ""act"": 0.0}, {""tk"": ""United"", ""act"": 0.0}, {""tk"": ""attribute"", ""act"": 0.0}, {""tk"": ""seat"", ""act"": 0.0}, {""tk"": ""government"", ""act"": 0.0}, {""tk"": ""relationship"", ""act"": 0.0}, {""tk"": ""which"", ""act"": 0.0}, {""tk"": ""containing"", ""act"": 0.0}]"
6_78249,6,78249,entity: A state in the United States is Oklahoma,entity,1,0.0,0.0,semantic,"[{""token"": ""entity"", ""index"": 1, ""distance"": 0, ""direction"": ""self""}]",n/a,Semantic,Concept,0.7,False,,Tulsa,"[{""tk"": ""Tulsa"", ""act"": 13.081111907958984}, {""tk"": ""City"", ""act"": 10.932038307189941}, {""tk"": ""entity"", ""act"": 0.0}, {""tk"": ""in"", ""act"": 0.0}, {""tk"": ""Oklahoma"", ""act"": 0.0}, {""tk"": ""USA"", ""act"": 0.0}, {""tk"": ""is"", ""act"": 0.0}, {""tk"": ""The"", ""act"": 0.0}, {""tk"": ""capital"", ""act"": 0.0}, {""tk"": ""of"", ""act"": 0.0}, {""tk"": ""state"", ""act"": 0.0}, {""tk"": ""United"", ""act"": 0.0}, {""tk"": ""attribute"", ""act"": 0.0}, {""tk"": ""seat"", ""act"": 0.0}, {""tk"": ""government"", ""act"": 0.0}, {""tk"": ""relationship"", ""act"": 0.0}, {""tk"": ""which"", ""act"": 0.0}, {""tk"": ""containing"", ""act"": 0.0}]"
7_66851,7,66851,entity: A state in the United States is Oklahoma, state,4,40.79597854614258,0.2161122467499642,semantic,"[{""token"": "" state"", ""index"": 4, ""distance"": 0, ""direction"": ""self""}]",n/a,Relationship,,1.0,False,,(capital) related,"[{""tk"": ""capital"", ""act"": 51.12392044067383}, {""tk"": ""The"", ""act"": 49.53570556640625}, {""tk"": ""city"", ""act"": 47.1239128112793}, {""tk"": ""attribute"", ""act"": 44.321834564208984}, {""tk"": ""state"", ""act"": 40.79597854614258}, {""tk"": ""Oklahoma"", ""act"": 37.870025634765625}, {""tk"": ""relationship"", ""act"": 36.99917984008789}, {""tk"": ""Tulsa"", ""act"": 36.14399719238281}, {""tk"": ""entity"", ""act"": 35.37952423095703}, {""tk"": ""in"", ""act"": 33.60566329956055}, {""tk"": ""is"", ""act"": 30.233966827392578}, {""tk"": ""USA"", ""act"": 25.287979125976562}, {""tk"": ""United"", ""act"": 24.42596435546875}, {""tk"": ""of"", ""act"": 15.559822082519531}, {""tk"": ""government"", ""act"": 14.86802864074707}, {""tk"": ""which"", ""act"": 12.457620620727539}, {""tk"": ""containing"", ""act"": 9.191671371459961}, {""tk"": ""seat"", ""act"": 7.343652248382568}]"
7_4843,7,4843,entity: A state in the United States is Oklahoma, Oklahoma,10,12.762426376342772,0.9,semantic,"[{""token"": "" Oklahoma"", ""index"": 10, ""distance"": 0, ""direction"": ""self""}]",n/a,Semantic,Concept,0.7,False,,Oklahoma,"[{""tk"": ""Oklahoma"", ""act"": 22.43785858154297}, {""tk"": ""City"", ""act"": 5.043588638305664}, {""tk"": ""Tulsa"", ""act"": 4.893733024597168}, {""tk"": ""entity"", ""act"": 0.0}, {""tk"": ""in"", ""act"": 0.0}, {""tk"": ""USA"", ""act"": 0.0}, {""tk"": ""is"", ""act"": 0.0}, {""tk"": ""The"", ""act"": 0.0}, {""tk"": ""capital"", ""act"": 0.0}, {""tk"": ""of"", ""act"": 0.0}, {""tk"": ""state"", ""act"": 0.0}, {""tk"": ""United"", ""act"": 0.0}, {""tk"": ""attribute"", ""act"": 0.0}, {""tk"": ""seat"", ""act"": 0.0}, {""tk"": ""government"", ""act"": 0.0}, {""tk"": ""relationship"", ""act"": 0.0}, {""tk"": ""which"", ""act"": 0.0}, {""tk"": ""containing"", ""act"": 0.0}]"
7_35934,7,35934,entity: A state in the United States is Oklahoma, Oklahoma,10,12.5209379196167,0.9,semantic,"[{""token"": "" Oklahoma"", ""index"": 10, ""distance"": 0, ""direction"": ""self""}]",n/a,Semantic,Concept,0.7,False,,Oklahoma,"[{""tk"": ""Oklahoma"", ""act"": 15.385884284973145}, {""tk"": ""Tulsa"", ""act"": 10.748343467712402}, {""tk"": ""City"", ""act"": 9.092178344726562}, {""tk"": ""is"", ""act"": 1.6983782052993774}, {""tk"": ""entity"", ""act"": 0.0}, {""tk"": ""in"", ""act"": 0.0}, {""tk"": ""USA"", ""act"": 0.0}, {""tk"": ""The"", ""act"": 0.0}, {""tk"": ""capital"", ""act"": 0.0}, {""tk"": ""of"", ""act"": 0.0}, {""tk"": ""state"", ""act"": 0.0}, {""tk"": ""United"", ""act"": 0.0}, {""tk"": ""attribute"", ""act"": 0.0}, {""tk"": ""seat"", ""act"": 0.0}, {""tk"": ""government"", ""act"": 0.0}, {""tk"": ""relationship"", ""act"": 0.0}, {""tk"": ""which"", ""act"": 0.0}, {""tk"": ""containing"", ""act"": 0.0}]"
7_79007,7,79007,entity: A state in the United States is Oklahoma,entity,1,0.0,0.0,semantic,"[{""token"": ""entity"", ""index"": 1, ""distance"": 0, ""direction"": ""self""}]",n/a,"Say ""X""",,1.0,False,,Say (Oklahoma),"[{""tk"": ""is"", ""act"": 6.294589042663574}, {""tk"": ""Oklahoma"", ""act"": 2.8953616619110107}, {""tk"": ""the"", ""act"": 1.0101656913757324}, {""tk"": ""containing"", ""act"": 0.4453907310962677}, {""tk"": ""state"", ""act"": 0.40794315934181213}, {""tk"": ""entity"", ""act"": 0.0}, {""tk"": ""city"", ""act"": 0.0}, {""tk"": ""in"", ""act"": 0.0}, {""tk"": ""USA"", ""act"": 0.0}, {""tk"": ""Tulsa"", ""act"": 0.0}, {""tk"": ""capital"", ""act"": 0.0}, {""tk"": ""of"", ""act"": 0.0}, {""tk"": ""United"", ""act"": 0.0}, {""tk"": ""attribute"", ""act"": 0.0}, {""tk"": ""seat"", ""act"": 0.0}, {""tk"": ""government"", ""act"": 0.0}, {""tk"": ""relationship"", ""act"": 0.0}, {""tk"": ""which"", ""act"": 0.0}]"
7_3144,7,3144,entity: A state in the United States is Oklahoma,entity,1,0.0,0.0,semantic,"[{""token"": ""entity"", ""index"": 1, ""distance"": 0, ""direction"": ""self""}]",n/a,Semantic,Concept,0.7,False,,seat,"[{""tk"": ""seat"", ""act"": 19.122955322265625}, {""tk"": ""of"", ""act"": 17.120378494262695}, {""tk"": ""is"", ""act"": 12.879249572753906}, {""tk"": ""government"", ""act"": 9.54631233215332}, {""tk"": ""the"", ""act"": 6.785433292388916}, {""tk"": ""capital"", ""act"": 4.430372714996338}, {""tk"": ""state"", ""act"": 0.8215770721435547}, {""tk"": ""entity"", ""act"": 0.0}, {""tk"": ""city"", ""act"": 0.0}, {""tk"": ""in"", ""act"": 0.0}, {""tk"": ""Oklahoma"", ""act"": 0.0}, {""tk"": ""USA"", ""act"": 0.0}, {""tk"": ""Tulsa"", ""act"": 0.0}, {""tk"": ""United"", ""act"": 0.0}, {""tk"": ""attribute"", ""act"": 0.0}, {""tk"": ""relationship"", ""act"": 0.0}, {""tk"": ""which"", ""act"": 0.0}, {""tk"": ""containing"", ""act"": 0.0}]"
7_61400,7,61400,entity: A state in the United States is Oklahoma,entity,1,0.0,0.0,semantic,"[{""token"": ""entity"", ""index"": 1, ""distance"": 0, ""direction"": ""self""}]",n/a,Semantic,Concept,0.9038342904144644,False,,seat,"[{""tk"": ""seat"", ""act"": 27.047378540039062}, {""tk"": ""of"", ""act"": 24.446348190307617}, {""tk"": ""city"", ""act"": 17.92447280883789}, {""tk"": ""capital"", ""act"": 17.00651741027832}, {""tk"": ""government"", ""act"": 15.848814010620117}, {""tk"": ""the"", ""act"": 15.074621200561523}, {""tk"": ""in"", ""act"": 11.801795959472656}, {""tk"": ""is"", ""act"": 9.871255874633789}, {""tk"": ""state"", ""act"": 3.8132119178771973}, {""tk"": ""entity"", ""act"": 0.0}, {""tk"": ""Oklahoma"", ""act"": 0.0}, {""tk"": ""USA"", ""act"": 0.0}, {""tk"": ""Tulsa"", ""act"": 0.0}, {""tk"": ""United"", ""act"": 0.0}, {""tk"": ""attribute"", ""act"": 0.0}, {""tk"": ""relationship"", ""act"": 0.0}, {""tk"": ""which"", ""act"": 0.0}, {""tk"": ""containing"", ""act"": 0.0}]"
7_70223,7,70223,entity: A state in the United States is Oklahoma,entity,1,0.0,0.0,semantic,"[{""token"": ""entity"", ""index"": 1, ""distance"": 0, ""direction"": ""self""}]",n/a,Relationship,,1.0,False,,(entity) related,"[{""tk"": ""entity"", ""act"": 0.0}, {""tk"": ""city"", ""act"": 0.0}, {""tk"": ""in"", ""act"": 0.0}, {""tk"": ""Oklahoma"", ""act"": 0.0}, {""tk"": ""USA"", ""act"": 0.0}, {""tk"": ""is"", ""act"": 0.0}, {""tk"": ""Tulsa"", ""act"": 0.0}, {""tk"": ""The"", ""act"": 0.0}, {""tk"": ""capital"", ""act"": 0.0}, {""tk"": ""of"", ""act"": 0.0}, {""tk"": ""state"", ""act"": 0.0}, {""tk"": ""United"", ""act"": 0.0}, {""tk"": ""attribute"", ""act"": 0.0}, {""tk"": ""seat"", ""act"": 0.0}, {""tk"": ""government"", ""act"": 0.0}, {""tk"": ""relationship"", ""act"": 0.0}, {""tk"": ""which"", ""act"": 0.0}, {""tk"": ""containing"", ""act"": 0.0}]"
7_89264,7,89264,entity: A state in the United States is Oklahoma,entity,1,0.0,0.0,semantic,"[{""token"": ""entity"", ""index"": 1, ""distance"": 0, ""direction"": ""self""}]",n/a,"Say ""X""",,1.0,False,,Say (Oklahoma),"[{""tk"": ""is"", ""act"": 5.935651779174805}, {""tk"": ""entity"", ""act"": 0.0}, {""tk"": ""city"", ""act"": 0.0}, {""tk"": ""in"", ""act"": 0.0}, {""tk"": ""Oklahoma"", ""act"": 0.0}, {""tk"": ""USA"", ""act"": 0.0}, {""tk"": ""Tulsa"", ""act"": 0.0}, {""tk"": ""The"", ""act"": 0.0}, {""tk"": ""capital"", ""act"": 0.0}, {""tk"": ""of"", ""act"": 0.0}, {""tk"": ""state"", ""act"": 0.0}, {""tk"": ""United"", ""act"": 0.0}, {""tk"": ""attribute"", ""act"": 0.0}, {""tk"": ""seat"", ""act"": 0.0}, {""tk"": ""government"", ""act"": 0.0}, {""tk"": ""relationship"", ""act"": 0.0}, {""tk"": ""which"", ""act"": 0.0}, {""tk"": ""containing"", ""act"": 0.0}]"
8_37691,8,37691,entity: A state in the United States is Oklahoma, Oklahoma,10,49.35188293457031,0.375753513097787,semantic,"[{""token"": "" Oklahoma"", ""index"": 10, ""distance"": 0, ""direction"": ""self""}]",n/a,Semantic,Concept,0.7,False,,Oklahoma,"[{""tk"": ""Oklahoma"", ""act"": 59.9482421875}, {""tk"": ""Tulsa"", ""act"": 47.75476837158203}, {""tk"": ""city"", ""act"": 42.40685272216797}, {""tk"": ""state"", ""act"": 38.081817626953125}, {""tk"": ""United"", ""act"": 34.35245132446289}, {""tk"": ""is"", ""act"": 34.14787673950195}, {""tk"": ""in"", ""act"": 33.59162902832031}, {""tk"": ""capital"", ""act"": 32.52396774291992}, {""tk"": ""the"", ""act"": 31.789443969726562}, {""tk"": ""which"", ""act"": 26.694414138793945}, {""tk"": ""USA"", ""act"": 21.671632766723633}, {""tk"": ""containing"", ""act"": 20.22340965270996}, {""tk"": ""attribute"", ""act"": 13.858716011047363}, {""tk"": ""of"", ""act"": 9.817935943603516}, {""tk"": ""seat"", ""act"": 7.010494709014893}, {""tk"": ""entity"", ""act"": 6.141034126281738}, {""tk"": ""government"", ""act"": 3.096951723098755}, {""tk"": ""relationship"", ""act"": 0.0}]"
8_33722,8,33722,entity: A state in the United States is Oklahoma, Oklahoma,10,2.2369117736816406,0.8999999999999999,semantic,"[{""token"": "" Oklahoma"", ""index"": 10, ""distance"": 0, ""direction"": ""self""}]",n/a,Semantic,Concept,0.7,False,,Oklahoma,"[{""tk"": ""Oklahoma"", ""act"": 8.021228790283203}, {""tk"": ""Tulsa"", ""act"": 1.6153671741485596}, {""tk"": ""entity"", ""act"": 0.0}, {""tk"": ""city"", ""act"": 0.0}, {""tk"": ""in"", ""act"": 0.0}, {""tk"": ""USA"", ""act"": 0.0}, {""tk"": ""is"", ""act"": 0.0}, {""tk"": ""The"", ""act"": 0.0}, {""tk"": ""capital"", ""act"": 0.0}, {""tk"": ""of"", ""act"": 0.0}, {""tk"": ""state"", ""act"": 0.0}, {""tk"": ""United"", ""act"": 0.0}, {""tk"": ""attribute"", ""act"": 0.0}, {""tk"": ""seat"", ""act"": 0.0}, {""tk"": ""government"", ""act"": 0.0}, {""tk"": ""relationship"", ""act"": 0.0}, {""tk"": ""which"", ""act"": 0.0}, {""tk"": ""containing"", ""act"": 0.0}]"
8_49126,8,49126,entity: A state in the United States is Oklahoma, States,8,0.2809758484363556,0.9,semantic,"[{""token"": "" States"", ""index"": 8, ""distance"": 0, ""direction"": ""self""}]",n/a,Semantic,Concept,0.7,False,,city,"[{""tk"": ""the"", ""act"": 9.22913646697998}, {""tk"": ""city"", ""act"": 5.420082092285156}, {""tk"": ""seat"", ""act"": 4.043637275695801}, {""tk"": ""is"", ""act"": 1.78456711769104}, {""tk"": ""containing"", ""act"": 1.69818115234375}, {""tk"": ""in"", ""act"": 1.0876405239105225}, {""tk"": ""of"", ""act"": 0.6516338586807251}, {""tk"": ""entity"", ""act"": 0.0}, {""tk"": ""Oklahoma"", ""act"": 0.0}, {""tk"": ""USA"", ""act"": 0.0}, {""tk"": ""Tulsa"", ""act"": 0.0}, {""tk"": ""capital"", ""act"": 0.0}, {""tk"": ""state"", ""act"": 0.0}, {""tk"": ""United"", ""act"": 0.0}, {""tk"": ""attribute"", ""act"": 0.0}, {""tk"": ""government"", ""act"": 0.0}, {""tk"": ""relationship"", ""act"": 0.0}, {""tk"": ""which"", ""act"": 0.0}]"
8_27025,8,27025,entity: A state in the United States is Oklahoma,entity,1,0.0,0.0,semantic,"[{""token"": ""entity"", ""index"": 1, ""distance"": 0, ""direction"": ""self""}]",n/a,Semantic,Concept,0.7,False,,city,"[{""tk"": ""city"", ""act"": 18.328699111938477}, {""tk"": ""is"", ""act"": 16.004262924194336}, {""tk"": ""capital"", ""act"": 9.931890487670898}, {""tk"": ""of"", ""act"": 9.516048431396484}, {""tk"": ""entity"", ""act"": 0.0}, {""tk"": ""in"", ""act"": 0.0}, {""tk"": ""Oklahoma"", ""act"": 0.0}, {""tk"": ""USA"", ""act"": 0.0}, {""tk"": ""Tulsa"", ""act"": 0.0}, {""tk"": ""The"", ""act"": 0.0}, {""tk"": ""state"", ""act"": 0.0}, {""tk"": ""United"", ""act"": 0.0}, {""tk"": ""attribute"", ""act"": 0.0}, {""tk"": ""seat"", ""act"": 0.0}, {""tk"": ""government"", ""act"": 0.0}, {""tk"": ""relationship"", ""act"": 0.0}, {""tk"": ""which"", ""act"": 0.0}, {""tk"": ""containing"", ""act"": 0.0}]"
8_43333,8,43333,entity: A state in the United States is Oklahoma,entity,1,0.0,0.0,semantic,"[{""token"": ""entity"", ""index"": 1, ""distance"": 0, ""direction"": ""self""}]",n/a,"Say ""X""",,1.0,False,,Say (Oklahoma),"[{""tk"": ""is"", ""act"": 5.2949371337890625}, {""tk"": ""entity"", ""act"": 0.0}, {""tk"": ""city"", ""act"": 0.0}, {""tk"": ""in"", ""act"": 0.0}, {""tk"": ""Oklahoma"", ""act"": 0.0}, {""tk"": ""USA"", ""act"": 0.0}, {""tk"": ""Tulsa"", ""act"": 0.0}, {""tk"": ""The"", ""act"": 0.0}, {""tk"": ""capital"", ""act"": 0.0}, {""tk"": ""of"", ""act"": 0.0}, {""tk"": ""state"", ""act"": 0.0}, {""tk"": ""United"", ""act"": 0.0}, {""tk"": ""attribute"", ""act"": 0.0}, {""tk"": ""seat"", ""act"": 0.0}, {""tk"": ""government"", ""act"": 0.0}, {""tk"": ""relationship"", ""act"": 0.0}, {""tk"": ""which"", ""act"": 0.0}, {""tk"": ""containing"", ""act"": 0.0}]"
8_91259,8,91259,entity: A state in the United States is Oklahoma,entity,1,0.0,0.0,semantic,"[{""token"": ""entity"", ""index"": 1, ""distance"": 0, ""direction"": ""self""}]",n/a,"Say ""X""",,1.0,False,,Say (Oklahoma),"[{""tk"": ""is"", ""act"": 6.2996134757995605}, {""tk"": ""city"", ""act"": 1.4647231101989746}, {""tk"": ""entity"", ""act"": 0.0}, {""tk"": ""in"", ""act"": 0.0}, {""tk"": ""Oklahoma"", ""act"": 0.0}, {""tk"": ""USA"", ""act"": 0.0}, {""tk"": ""Tulsa"", ""act"": 0.0}, {""tk"": ""The"", ""act"": 0.0}, {""tk"": ""capital"", ""act"": 0.0}, {""tk"": ""of"", ""act"": 0.0}, {""tk"": ""state"", ""act"": 0.0}, {""tk"": ""United"", ""act"": 0.0}, {""tk"": ""attribute"", ""act"": 0.0}, {""tk"": ""seat"", ""act"": 0.0}, {""tk"": ""government"", ""act"": 0.0}, {""tk"": ""relationship"", ""act"": 0.0}, {""tk"": ""which"", ""act"": 0.0}, {""tk"": ""containing"", ""act"": 0.0}]"
8_94844,8,94844,entity: A state in the United States is Oklahoma,entity,1,0.0,0.0,semantic,"[{""token"": ""entity"", ""index"": 1, ""distance"": 0, ""direction"": ""self""}]",n/a,"Say ""X""",,1.0,False,,Say (Oklahoma),"[{""tk"": ""is"", ""act"": 4.347738742828369}, {""tk"": ""entity"", ""act"": 0.0}, {""tk"": ""city"", ""act"": 0.0}, {""tk"": ""in"", ""act"": 0.0}, {""tk"": ""Oklahoma"", ""act"": 0.0}, {""tk"": ""USA"", ""act"": 0.0}, {""tk"": ""Tulsa"", ""act"": 0.0}, {""tk"": ""The"", ""act"": 0.0}, {""tk"": ""capital"", ""act"": 0.0}, {""tk"": ""of"", ""act"": 0.0}, {""tk"": ""state"", ""act"": 0.0}, {""tk"": ""United"", ""act"": 0.0}, {""tk"": ""attribute"", ""act"": 0.0}, {""tk"": ""seat"", ""act"": 0.0}, {""tk"": ""government"", ""act"": 0.0}, {""tk"": ""relationship"", ""act"": 0.0}, {""tk"": ""which"", ""act"": 0.0}, {""tk"": ""containing"", ""act"": 0.0}]"
9_4679,9,4679,entity: A state in the United States is Oklahoma,entity,1,0.0,0.0,semantic,"[{""token"": ""entity"", ""index"": 1, ""distance"": 0, ""direction"": ""self""}]",n/a,"Say ""X""",,1.0,False,,Say (Oklahoma),"[{""tk"": ""is"", ""act"": 3.1898462772369385}, {""tk"": ""the"", ""act"": 0.06924128532409668}, {""tk"": ""entity"", ""act"": 0.0}, {""tk"": ""city"", ""act"": 0.0}, {""tk"": ""in"", ""act"": 0.0}, {""tk"": ""Oklahoma"", ""act"": 0.0}, {""tk"": ""USA"", ""act"": 0.0}, {""tk"": ""Tulsa"", ""act"": 0.0}, {""tk"": ""capital"", ""act"": 0.0}, {""tk"": ""of"", ""act"": 0.0}, {""tk"": ""state"", ""act"": 0.0}, {""tk"": ""United"", ""act"": 0.0}, {""tk"": ""attribute"", ""act"": 0.0}, {""tk"": ""seat"", ""act"": 0.0}, {""tk"": ""government"", ""act"": 0.0}, {""tk"": ""relationship"", ""act"": 0.0}, {""tk"": ""which"", ""act"": 0.0}, {""tk"": ""containing"", ""act"": 0.0}]"
10_75793,10,75793,entity: A state in the United States is Oklahoma, Oklahoma,10,51.05384826660156,0.6274546828697511,semantic,"[{""token"": "" Oklahoma"", ""index"": 10, ""distance"": 0, ""direction"": ""self""}]",n/a,Semantic,Concept,0.7,False,,Oklahoma,"[{""tk"": ""Oklahoma"", ""act"": 51.05384826660156}, {""tk"": ""is"", ""act"": 39.36930847167969}, {""tk"": ""city"", ""act"": 39.18864440917969}, {""tk"": ""USA"", ""act"": 38.450809478759766}, {""tk"": ""in"", ""act"": 31.05699920654297}, {""tk"": ""the"", ""act"": 30.694744110107422}, {""tk"": ""Tulsa"", ""act"": 26.914066314697266}, {""tk"": ""of"", ""act"": 26.388446807861328}, {""tk"": ""containing"", ""act"": 24.20592498779297}, {""tk"": ""United"", ""act"": 19.758338928222656}, {""tk"": ""government"", ""act"": 19.719295501708984}, {""tk"": ""capital"", ""act"": 15.062984466552734}, {""tk"": ""state"", ""act"": 14.852208137512207}, {""tk"": ""seat"", ""act"": 6.060904502868652}, {""tk"": ""entity"", ""act"": 0.0}, {""tk"": ""attribute"", ""act"": 0.0}, {""tk"": ""relationship"", ""act"": 0.0}, {""tk"": ""which"", ""act"": 0.0}]"
10_40368,10,40368,entity: A state in the United States is Oklahoma,entity,1,0.0,0.0,semantic,"[{""token"": ""entity"", ""index"": 1, ""distance"": 0, ""direction"": ""self""}]",n/a,"Say ""X""",,1.0,False,,Say (Oklahoma),"[{""tk"": ""is"", ""act"": 25.52902603149414}, {""tk"": ""entity"", ""act"": 0.0}, {""tk"": ""city"", ""act"": 0.0}, {""tk"": ""in"", ""act"": 0.0}, {""tk"": ""Oklahoma"", ""act"": 0.0}, {""tk"": ""USA"", ""act"": 0.0}, {""tk"": ""Tulsa"", ""act"": 0.0}, {""tk"": ""The"", ""act"": 0.0}, {""tk"": ""capital"", ""act"": 0.0}, {""tk"": ""of"", ""act"": 0.0}, {""tk"": ""state"", ""act"": 0.0}, {""tk"": ""United"", ""act"": 0.0}, {""tk"": ""attribute"", ""act"": 0.0}, {""tk"": ""seat"", ""act"": 0.0}, {""tk"": ""government"", ""act"": 0.0}, {""tk"": ""relationship"", ""act"": 0.0}, {""tk"": ""which"", ""act"": 0.0}, {""tk"": ""containing"", ""act"": 0.0}]"
11_50131,11,50131,entity: A state in the United States is Oklahoma, Oklahoma,10,45.99023818969727,0.6272149536353694,semantic,"[{""token"": "" Oklahoma"", ""index"": 10, ""distance"": 0, ""direction"": ""self""}]",n/a,Semantic,Concept,0.7,False,,Oklahoma,"[{""tk"": ""Oklahoma"", ""act"": 51.476806640625}, {""tk"": ""City"", ""act"": 42.90842056274414}, {""tk"": ""Tulsa"", ""act"": 40.00016784667969}, {""tk"": ""capital"", ""act"": 32.42369842529297}, {""tk"": ""state"", ""act"": 31.960853576660156}, {""tk"": ""USA"", ""act"": 28.9772891998291}, {""tk"": ""is"", ""act"": 25.885787963867188}, {""tk"": ""seat"", ""act"": 20.70366859436035}, {""tk"": ""United"", ""act"": 20.259521484375}, {""tk"": ""government"", ""act"": 16.808237075805664}, {""tk"": ""the"", ""act"": 14.164325714111328}, {""tk"": ""of"", ""act"": 13.586553573608398}, {""tk"": ""containing"", ""act"": 11.94537353515625}, {""tk"": ""in"", ""act"": 10.796977996826172}, {""tk"": ""entity"", ""act"": 0.0}, {""tk"": ""attribute"", ""act"": 0.0}, {""tk"": ""relationship"", ""act"": 0.0}, {""tk"": ""which"", ""act"": 0.0}]"
12_27348,12,27348,entity: A state in the United States is Oklahoma,entity,1,0.0,0.0,semantic,"[{""token"": ""entity"", ""index"": 1, ""distance"": 0, ""direction"": ""self""}]",n/a,"Say ""X""",,1.0,False,,Say (Oklahoma),"[{""tk"": ""is"", ""act"": 26.881675720214844}, {""tk"": ""entity"", ""act"": 0.0}, {""tk"": ""city"", ""act"": 0.0}, {""tk"": ""in"", ""act"": 0.0}, {""tk"": ""Oklahoma"", ""act"": 0.0}, {""tk"": ""USA"", ""act"": 0.0}, {""tk"": ""Tulsa"", ""act"": 0.0}, {""tk"": ""The"", ""act"": 0.0}, {""tk"": ""capital"", ""act"": 0.0}, {""tk"": ""of"", ""act"": 0.0}, {""tk"": ""state"", ""act"": 0.0}, {""tk"": ""United"", ""act"": 0.0}, {""tk"": ""attribute"", ""act"": 0.0}, {""tk"": ""seat"", ""act"": 0.0}, {""tk"": ""government"", ""act"": 0.0}, {""tk"": ""relationship"", ""act"": 0.0}, {""tk"": ""which"", ""act"": 0.0}, {""tk"": ""containing"", ""act"": 0.0}]"
12_5597,12,5597,entity: A state in the United States is Oklahoma,entity,1,0.0,0.0,semantic,"[{""token"": ""entity"", ""index"": 1, ""distance"": 0, ""direction"": ""self""}]",n/a,"Say ""X""",,1.0,False,,Say (Oklahoma),"[{""tk"": ""is"", ""act"": 24.96383285522461}, {""tk"": ""entity"", ""act"": 0.0}, {""tk"": ""city"", ""act"": 0.0}, {""tk"": ""in"", ""act"": 0.0}, {""tk"": ""Oklahoma"", ""act"": 0.0}, {""tk"": ""USA"", ""act"": 0.0}, {""tk"": ""Tulsa"", ""act"": 0.0}, {""tk"": ""The"", ""act"": 0.0}, {""tk"": ""capital"", ""act"": 0.0}, {""tk"": ""of"", ""act"": 0.0}, {""tk"": ""state"", ""act"": 0.0}, {""tk"": ""United"", ""act"": 0.0}, {""tk"": ""attribute"", ""act"": 0.0}, {""tk"": ""seat"", ""act"": 0.0}, {""tk"": ""government"", ""act"": 0.0}, {""tk"": ""relationship"", ""act"": 0.0}, {""tk"": ""which"", ""act"": 0.0}, {""tk"": ""containing"", ""act"": 0.0}]"
12_87969,12,87969,entity: A state in the United States is Oklahoma,entity,1,0.0,0.0,semantic,"[{""token"": ""entity"", ""index"": 1, ""distance"": 0, ""direction"": ""self""}]",n/a,"Say ""X""",,1.0,False,,Say (capital),"[{""tk"": ""the"", ""act"": 30.410320281982422}, {""tk"": ""city"", ""act"": 23.238815307617188}, {""tk"": ""is"", ""act"": 19.98517608642578}, {""tk"": ""capital"", ""act"": 15.231819152832031}, {""tk"": ""Oklahoma"", ""act"": 2.618972063064575}, {""tk"": ""entity"", ""act"": 0.0}, {""tk"": ""in"", ""act"": 0.0}, {""tk"": ""USA"", ""act"": 0.0}, {""tk"": ""Tulsa"", ""act"": 0.0}, {""tk"": ""of"", ""act"": 0.0}, {""tk"": ""state"", ""act"": 0.0}, {""tk"": ""United"", ""act"": 0.0}, {""tk"": ""attribute"", ""act"": 0.0}, {""tk"": ""seat"", ""act"": 0.0}, {""tk"": ""government"", ""act"": 0.0}, {""tk"": ""relationship"", ""act"": 0.0}, {""tk"": ""which"", ""act"": 0.0}, {""tk"": ""containing"", ""act"": 0.0}]"
13_16947,13,16947,entity: A state in the United States is Oklahoma, is,9,15.5658540725708,0.8425212356269745,functional,"[{""token"": "" Oklahoma"", ""index"": 10, ""distance"": 1, ""direction"": ""forward""}]",json,Semantic,Dictionary,0.8333333333333334,False,,is,"[{""tk"": ""is"", ""act"": 15.5658540725708}, {""tk"": ""the"", ""act"": 11.20738410949707}, {""tk"": ""capital"", ""act"": 10.91185188293457}, {""tk"": ""city"", ""act"": 9.3563232421875}, {""tk"": ""Oklahoma"", ""act"": 8.947060585021973}, {""tk"": ""entity"", ""act"": 0.0}, {""tk"": ""in"", ""act"": 0.0}, {""tk"": ""USA"", ""act"": 0.0}, {""tk"": ""Tulsa"", ""act"": 0.0}, {""tk"": ""of"", ""act"": 0.0}, {""tk"": ""state"", ""act"": 0.0}, {""tk"": ""United"", ""act"": 0.0}, {""tk"": ""attribute"", ""act"": 0.0}, {""tk"": ""seat"", ""act"": 0.0}, {""tk"": ""government"", ""act"": 0.0}, {""tk"": ""relationship"", ""act"": 0.0}, {""tk"": ""which"", ""act"": 0.0}, {""tk"": ""containing"", ""act"": 0.0}]"
13_83324,13,83324,entity: A state in the United States is Oklahoma,entity,1,0.0,0.0,semantic,"[{""token"": ""entity"", ""index"": 1, ""distance"": 0, ""direction"": ""self""}]",n/a,"Say ""X""",,1.0,False,,Say (Oklahoma),"[{""tk"": ""is"", ""act"": 0.5473306775093079}, {""tk"": ""entity"", ""act"": 0.0}, {""tk"": ""city"", ""act"": 0.0}, {""tk"": ""in"", ""act"": 0.0}, {""tk"": ""Oklahoma"", ""act"": 0.0}, {""tk"": ""USA"", ""act"": 0.0}, {""tk"": ""Tulsa"", ""act"": 0.0}, {""tk"": ""The"", ""act"": 0.0}, {""tk"": ""capital"", ""act"": 0.0}, {""tk"": ""of"", ""act"": 0.0}, {""tk"": ""state"", ""act"": 0.0}, {""tk"": ""United"", ""act"": 0.0}, {""tk"": ""attribute"", ""act"": 0.0}, {""tk"": ""seat"", ""act"": 0.0}, {""tk"": ""government"", ""act"": 0.0}, {""tk"": ""relationship"", ""act"": 0.0}, {""tk"": ""which"", ""act"": 0.0}, {""tk"": ""containing"", ""act"": 0.0}]"
14_66317,14,66317,entity: A state in the United States is Oklahoma, is,9,7.143993377685547,0.9,functional,"[{""token"": "" Oklahoma"", ""index"": 10, ""distance"": 1, ""direction"": ""forward""}]",json,"Say ""X""",,1.0,False,,Say (Oklahoma),"[{""tk"": ""is"", ""act"": 24.174097061157227}, {""tk"": ""entity"", ""act"": 0.0}, {""tk"": ""city"", ""act"": 0.0}, {""tk"": ""in"", ""act"": 0.0}, {""tk"": ""Oklahoma"", ""act"": 0.0}, {""tk"": ""USA"", ""act"": 0.0}, {""tk"": ""Tulsa"", ""act"": 0.0}, {""tk"": ""The"", ""act"": 0.0}, {""tk"": ""capital"", ""act"": 0.0}, {""tk"": ""of"", ""act"": 0.0}, {""tk"": ""state"", ""act"": 0.0}, {""tk"": ""United"", ""act"": 0.0}, {""tk"": ""attribute"", ""act"": 0.0}, {""tk"": ""seat"", ""act"": 0.0}, {""tk"": ""government"", ""act"": 0.0}, {""tk"": ""relationship"", ""act"": 0.0}, {""tk"": ""which"", ""act"": 0.0}, {""tk"": ""containing"", ""act"": 0.0}]"
15_57611,15,57611,entity: A state in the United States is Oklahoma,entity,1,0.0,0.0,semantic,"[{""token"": ""entity"", ""index"": 1, ""distance"": 0, ""direction"": ""self""}]",n/a,"Say ""X""",,1.0,False,,Say (Oklahoma),"[{""tk"": ""is"", ""act"": 6.814482688903809}, {""tk"": ""entity"", ""act"": 0.0}, {""tk"": ""city"", ""act"": 0.0}, {""tk"": ""in"", ""act"": 0.0}, {""tk"": ""Oklahoma"", ""act"": 0.0}, {""tk"": ""USA"", ""act"": 0.0}, {""tk"": ""Tulsa"", ""act"": 0.0}, {""tk"": ""The"", ""act"": 0.0}, {""tk"": ""capital"", ""act"": 0.0}, {""tk"": ""of"", ""act"": 0.0}, {""tk"": ""state"", ""act"": 0.0}, {""tk"": ""United"", ""act"": 0.0}, {""tk"": ""attribute"", ""act"": 0.0}, {""tk"": ""seat"", ""act"": 0.0}, {""tk"": ""government"", ""act"": 0.0}, {""tk"": ""relationship"", ""act"": 0.0}, {""tk"": ""which"", ""act"": 0.0}, {""tk"": ""containing"", ""act"": 0.0}]"
15_83184,15,83184,entity: A state in the United States is Oklahoma,entity,1,0.0,0.0,semantic,"[{""token"": ""entity"", ""index"": 1, ""distance"": 0, ""direction"": ""self""}]",n/a,"Say ""X""",,1.0,False,,Say (Oklahoma),"[{""tk"": ""is"", ""act"": 7.846880912780762}, {""tk"": ""entity"", ""act"": 0.0}, {""tk"": ""city"", ""act"": 0.0}, {""tk"": ""in"", ""act"": 0.0}, {""tk"": ""Oklahoma"", ""act"": 0.0}, {""tk"": ""USA"", ""act"": 0.0}, {""tk"": ""Tulsa"", ""act"": 0.0}, {""tk"": ""The"", ""act"": 0.0}, {""tk"": ""capital"", ""act"": 0.0}, {""tk"": ""of"", ""act"": 0.0}, {""tk"": ""state"", ""act"": 0.0}, {""tk"": ""United"", ""act"": 0.0}, {""tk"": ""attribute"", ""act"": 0.0}, {""tk"": ""seat"", ""act"": 0.0}, {""tk"": ""government"", ""act"": 0.0}, {""tk"": ""relationship"", ""act"": 0.0}, {""tk"": ""which"", ""act"": 0.0}, {""tk"": ""containing"", ""act"": 0.0}]"
16_22056,16,22056,entity: A state in the United States is Oklahoma, A,3,48.17655944824219,0.4973472895661767,functional,"[{""token"": "" state"", ""index"": 4, ""distance"": 1, ""direction"": ""forward""}]",json,Semantic,Concept,0.8861219408559267,False,,city,"[{""tk"": ""city"", ""act"": 58.84897232055664}, {""tk"": ""Tulsa"", ""act"": 58.11924362182617}, {""tk"": ""The"", ""act"": 52.14736557006836}, {""tk"": ""capital"", ""act"": 41.83122634887695}, {""tk"": ""in"", ""act"": 40.52579116821289}, {""tk"": ""state"", ""act"": 39.050052642822266}, {""tk"": ""is"", ""act"": 38.97221374511719}, {""tk"": ""Oklahoma"", ""act"": 34.988651275634766}, {""tk"": ""containing"", ""act"": 32.611183166503906}, {""tk"": ""USA"", ""act"": 17.352821350097656}, {""tk"": ""seat"", ""act"": 13.986998558044434}, {""tk"": ""of"", ""act"": 7.393336296081543}, {""tk"": ""entity"", ""act"": 0.0}, {""tk"": ""United"", ""act"": 0.0}, {""tk"": ""attribute"", ""act"": 0.0}, {""tk"": ""government"", ""act"": 0.0}, {""tk"": ""relationship"", ""act"": 0.0}, {""tk"": ""which"", ""act"": 0.0}]"
16_29578,16,29578,entity: A state in the United States is Oklahoma, is,9,1.8383522033691408,0.7172947710478862,functional,"[{""token"": "" Oklahoma"", ""index"": 10, ""distance"": 1, ""direction"": ""forward""}]",json,"Say ""X""",,1.0,False,,Say (state),"[{""tk"": ""is"", ""act"": 1.8383522033691406}, {""tk"": ""Oklahoma"", ""act"": 1.6916999816894531}, {""tk"": ""in"", ""act"": 1.6670656204223633}, {""tk"": ""entity"", ""act"": 0.0}, {""tk"": ""city"", ""act"": 0.0}, {""tk"": ""USA"", ""act"": 0.0}, {""tk"": ""Tulsa"", ""act"": 0.0}, {""tk"": ""The"", ""act"": 0.0}, {""tk"": ""capital"", ""act"": 0.0}, {""tk"": ""of"", ""act"": 0.0}, {""tk"": ""state"", ""act"": 0.0}, {""tk"": ""United"", ""act"": 0.0}, {""tk"": ""attribute"", ""act"": 0.0}, {""tk"": ""seat"", ""act"": 0.0}, {""tk"": ""government"", ""act"": 0.0}, {""tk"": ""relationship"", ""act"": 0.0}, {""tk"": ""which"", ""act"": 0.0}, {""tk"": ""containing"", ""act"": 0.0}]"
16_37465,16,37465,entity: A state in the United States is Oklahoma,entity,1,0.0,0.0,semantic,"[{""token"": ""entity"", ""index"": 1, ""distance"": 0, ""direction"": ""self""}]",n/a,"Say ""X""",,1.0,False,,Say (Oklahoma),"[{""tk"": ""is"", ""act"": 6.640685081481934}, {""tk"": ""entity"", ""act"": 0.0}, {""tk"": ""city"", ""act"": 0.0}, {""tk"": ""in"", ""act"": 0.0}, {""tk"": ""Oklahoma"", ""act"": 0.0}, {""tk"": ""USA"", ""act"": 0.0}, {""tk"": ""Tulsa"", ""act"": 0.0}, {""tk"": ""The"", ""act"": 0.0}, {""tk"": ""capital"", ""act"": 0.0}, {""tk"": ""of"", ""act"": 0.0}, {""tk"": ""state"", ""act"": 0.0}, {""tk"": ""United"", ""act"": 0.0}, {""tk"": ""attribute"", ""act"": 0.0}, {""tk"": ""seat"", ""act"": 0.0}, {""tk"": ""government"", ""act"": 0.0}, {""tk"": ""relationship"", ""act"": 0.0}, {""tk"": ""which"", ""act"": 0.0}, {""tk"": ""containing"", ""act"": 0.0}]"
16_49319,16,49319,entity: A state in the United States is Oklahoma,entity,1,0.0,0.0,semantic,"[{""token"": ""entity"", ""index"": 1, ""distance"": 0, ""direction"": ""self""}]",n/a,"Say ""X""",,1.0,False,,Say (Oklahoma),"[{""tk"": ""is"", ""act"": 12.913878440856934}, {""tk"": ""Oklahoma"", ""act"": 9.430219650268555}, {""tk"": ""the"", ""act"": 5.03242301940918}, {""tk"": ""entity"", ""act"": 0.0}, {""tk"": ""city"", ""act"": 0.0}, {""tk"": ""in"", ""act"": 0.0}, {""tk"": ""USA"", ""act"": 0.0}, {""tk"": ""Tulsa"", ""act"": 0.0}, {""tk"": ""capital"", ""act"": 0.0}, {""tk"": ""of"", ""act"": 0.0}, {""tk"": ""state"", ""act"": 0.0}, {""tk"": ""United"", ""act"": 0.0}, {""tk"": ""attribute"", ""act"": 0.0}, {""tk"": ""seat"", ""act"": 0.0}, {""tk"": ""government"", ""act"": 0.0}, {""tk"": ""relationship"", ""act"": 0.0}, {""tk"": ""which"", ""act"": 0.0}, {""tk"": ""containing"", ""act"": 0.0}]"
16_49478,16,49478,entity: A state in the United States is Oklahoma,entity,1,0.0,0.0,semantic,"[{""token"": ""entity"", ""index"": 1, ""distance"": 0, ""direction"": ""self""}]",n/a,Semantic,Concept,0.9780169741706266,False,,Oklahoma,"[{""tk"": ""Oklahoma"", ""act"": 19.08812713623047}, {""tk"": ""the"", ""act"": 18.66851234436035}, {""tk"": ""is"", ""act"": 15.202108383178711}, {""tk"": ""capital"", ""act"": 6.205168724060059}, {""tk"": ""entity"", ""act"": 0.0}, {""tk"": ""city"", ""act"": 0.0}, {""tk"": ""in"", ""act"": 0.0}, {""tk"": ""USA"", ""act"": 0.0}, {""tk"": ""Tulsa"", ""act"": 0.0}, {""tk"": ""of"", ""act"": 0.0}, {""tk"": ""state"", ""act"": 0.0}, {""tk"": ""United"", ""act"": 0.0}, {""tk"": ""attribute"", ""act"": 0.0}, {""tk"": ""seat"", ""act"": 0.0}, {""tk"": ""government"", ""act"": 0.0}, {""tk"": ""relationship"", ""act"": 0.0}, {""tk"": ""which"", ""act"": 0.0}, {""tk"": ""containing"", ""act"": 0.0}]"
16_98048,16,98048,entity: A state in the United States is Oklahoma,entity,1,0.0,0.0,semantic,"[{""token"": ""entity"", ""index"": 1, ""distance"": 0, ""direction"": ""self""}]",n/a,"Say ""X""",,1.0,False,,Say (Oklahoma),"[{""tk"": ""is"", ""act"": 24.898752212524414}, {""tk"": ""Oklahoma"", ""act"": 8.417558670043945}, {""tk"": ""the"", ""act"": 5.146300315856934}, {""tk"": ""entity"", ""act"": 0.0}, {""tk"": ""city"", ""act"": 0.0}, {""tk"": ""in"", ""act"": 0.0}, {""tk"": ""USA"", ""act"": 0.0}, {""tk"": ""Tulsa"", ""act"": 0.0}, {""tk"": ""capital"", ""act"": 0.0}, {""tk"": ""of"", ""act"": 0.0}, {""tk"": ""state"", ""act"": 0.0}, {""tk"": ""United"", ""act"": 0.0}, {""tk"": ""attribute"", ""act"": 0.0}, {""tk"": ""seat"", ""act"": 0.0}, {""tk"": ""government"", ""act"": 0.0}, {""tk"": ""relationship"", ""act"": 0.0}, {""tk"": ""which"", ""act"": 0.0}, {""tk"": ""containing"", ""act"": 0.0}]"
17_21573,17,21573,entity: A state in the United States is Oklahoma, Oklahoma,10,6.536677360534668,0.9,semantic,"[{""token"": "" Oklahoma"", ""index"": 10, ""distance"": 0, ""direction"": ""self""}]",n/a,Semantic,Concept,0.7,False,,Oklahoma,"[{""tk"": ""Oklahoma"", ""act"": 17.588882446289062}, {""tk"": ""is"", ""act"": 0.5502123832702637}, {""tk"": ""entity"", ""act"": 0.0}, {""tk"": ""city"", ""act"": 0.0}, {""tk"": ""in"", ""act"": 0.0}, {""tk"": ""USA"", ""act"": 0.0}, {""tk"": ""Tulsa"", ""act"": 0.0}, {""tk"": ""The"", ""act"": 0.0}, {""tk"": ""capital"", ""act"": 0.0}, {""tk"": ""of"", ""act"": 0.0}, {""tk"": ""state"", ""act"": 0.0}, {""tk"": ""United"", ""act"": 0.0}, {""tk"": ""attribute"", ""act"": 0.0}, {""tk"": ""seat"", ""act"": 0.0}, {""tk"": ""government"", ""act"": 0.0}, {""tk"": ""relationship"", ""act"": 0.0}, {""tk"": ""which"", ""act"": 0.0}, {""tk"": ""containing"", ""act"": 0.0}]"
17_1822,17,1822,entity: A state in the United States is Oklahoma,entity,1,0.0,0.0,semantic,"[{""token"": ""entity"", ""index"": 1, ""distance"": 0, ""direction"": ""self""}]",n/a,"Say ""X""",,1.0,False,,Say (Oklahoma),"[{""tk"": ""is"", ""act"": 19.381927490234375}, {""tk"": ""of"", ""act"": 0.04216814041137695}, {""tk"": ""entity"", ""act"": 0.0}, {""tk"": ""city"", ""act"": 0.0}, {""tk"": ""in"", ""act"": 0.0}, {""tk"": ""Oklahoma"", ""act"": 0.0}, {""tk"": ""USA"", ""act"": 0.0}, {""tk"": ""Tulsa"", ""act"": 0.0}, {""tk"": ""The"", ""act"": 0.0}, {""tk"": ""capital"", ""act"": 0.0}, {""tk"": ""state"", ""act"": 0.0}, {""tk"": ""United"", ""act"": 0.0}, {""tk"": ""attribute"", ""act"": 0.0}, {""tk"": ""seat"", ""act"": 0.0}, {""tk"": ""government"", ""act"": 0.0}, {""tk"": ""relationship"", ""act"": 0.0}, {""tk"": ""which"", ""act"": 0.0}, {""tk"": ""containing"", ""act"": 0.0}]"
17_93962,17,93962,entity: A state in the United States is Oklahoma,entity,1,0.0,0.0,semantic,"[{""token"": ""entity"", ""index"": 1, ""distance"": 0, ""direction"": ""self""}]",n/a,"Say ""X""",,1.0,False,,Say (Oklahoma),"[{""tk"": ""is"", ""act"": 28.98556137084961}, {""tk"": ""Oklahoma"", ""act"": 14.1744384765625}, {""tk"": ""entity"", ""act"": 0.0}, {""tk"": ""city"", ""act"": 0.0}, {""tk"": ""in"", ""act"": 0.0}, {""tk"": ""USA"", ""act"": 0.0}, {""tk"": ""Tulsa"", ""act"": 0.0}, {""tk"": ""The"", ""act"": 0.0}, {""tk"": ""capital"", ""act"": 0.0}, {""tk"": ""of"", ""act"": 0.0}, {""tk"": ""state"", ""act"": 0.0}, {""tk"": ""United"", ""act"": 0.0}, {""tk"": ""attribute"", ""act"": 0.0}, {""tk"": ""seat"", ""act"": 0.0}, {""tk"": ""government"", ""act"": 0.0}, {""tk"": ""relationship"", ""act"": 0.0}, {""tk"": ""which"", ""act"": 0.0}, {""tk"": ""containing"", ""act"": 0.0}]"
17_98126,17,98126,entity: A state in the United States is Oklahoma,entity,1,0.0,0.0,semantic,"[{""token"": ""entity"", ""index"": 1, ""distance"": 0, ""direction"": ""self""}]",n/a,"Say ""X""",,1.0,False,,Say (Oklahoma),"[{""tk"": ""is"", ""act"": 21.174270629882812}, {""tk"": ""the"", ""act"": 20.31070899963379}, {""tk"": ""seat"", ""act"": 7.896273136138916}, {""tk"": ""government"", ""act"": 6.976686954498291}, {""tk"": ""Oklahoma"", ""act"": 4.842320919036865}, {""tk"": ""of"", ""act"": 3.8759498596191406}, {""tk"": ""city"", ""act"": 3.3820605278015137}, {""tk"": ""entity"", ""act"": 0.0}, {""tk"": ""in"", ""act"": 0.0}, {""tk"": ""USA"", ""act"": 0.0}, {""tk"": ""Tulsa"", ""act"": 0.0}, {""tk"": ""capital"", ""act"": 0.0}, {""tk"": ""state"", ""act"": 0.0}, {""tk"": ""United"", ""act"": 0.0}, {""tk"": ""attribute"", ""act"": 0.0}, {""tk"": ""relationship"", ""act"": 0.0}, {""tk"": ""which"", ""act"": 0.0}, {""tk"": ""containing"", ""act"": 0.0}]"
18_71275,18,71275,entity: A state in the United States is Oklahoma, Oklahoma,10,53.48451232910156,0.9,semantic,"[{""token"": "" Oklahoma"", ""index"": 10, ""distance"": 0, ""direction"": ""self""}]",n/a,Semantic,Concept,0.7,False,,Oklahoma,"[{""tk"": ""Oklahoma"", ""act"": 78.87437438964844}, {""tk"": ""is"", ""act"": 68.56643676757812}, {""tk"": ""Tulsa"", ""act"": 33.247100830078125}, {""tk"": ""City"", ""act"": 23.11736297607422}, {""tk"": ""entity"", ""act"": 0.0}, {""tk"": ""in"", ""act"": 0.0}, {""tk"": ""USA"", ""act"": 0.0}, {""tk"": ""The"", ""act"": 0.0}, {""tk"": ""capital"", ""act"": 0.0}, {""tk"": ""of"", ""act"": 0.0}, {""tk"": ""state"", ""act"": 0.0}, {""tk"": ""United"", ""act"": 0.0}, {""tk"": ""attribute"", ""act"": 0.0}, {""tk"": ""seat"", ""act"": 0.0}, {""tk"": ""government"", ""act"": 0.0}, {""tk"": ""relationship"", ""act"": 0.0}, {""tk"": ""which"", ""act"": 0.0}, {""tk"": ""containing"", ""act"": 0.0}]"
18_53951,18,53951,entity: A state in the United States is Oklahoma, is,9,15.2698974609375,0.8999999999999999,functional,"[{""token"": "" Oklahoma"", ""index"": 10, ""distance"": 1, ""direction"": ""forward""}]",json,"Say ""X""",,1.0,False,,Say (capital),"[{""tk"": ""the"", ""act"": 30.32887840270996}, {""tk"": ""is"", ""act"": 19.56104850769043}, {""tk"": ""entity"", ""act"": 0.0}, {""tk"": ""city"", ""act"": 0.0}, {""tk"": ""in"", ""act"": 0.0}, {""tk"": ""Oklahoma"", ""act"": 0.0}, {""tk"": ""USA"", ""act"": 0.0}, {""tk"": ""Tulsa"", ""act"": 0.0}, {""tk"": ""capital"", ""act"": 0.0}, {""tk"": ""of"", ""act"": 0.0}, {""tk"": ""state"", ""act"": 0.0}, {""tk"": ""United"", ""act"": 0.0}, {""tk"": ""attribute"", ""act"": 0.0}, {""tk"": ""seat"", ""act"": 0.0}, {""tk"": ""government"", ""act"": 0.0}, {""tk"": ""relationship"", ""act"": 0.0}, {""tk"": ""which"", ""act"": 0.0}, {""tk"": ""containing"", ""act"": 0.0}]"
18_52821,18,52821,entity: A state in the United States is Oklahoma, Oklahoma,10,7.022437572479248,0.9,semantic,"[{""token"": "" Oklahoma"", ""index"": 10, ""distance"": 0, ""direction"": ""self""}]",n/a,Semantic,Concept,0.7,False,,Oklahoma,"[{""tk"": ""Oklahoma"", ""act"": 34.7286262512207}, {""tk"": ""is"", ""act"": 14.72661018371582}, {""tk"": ""entity"", ""act"": 0.0}, {""tk"": ""city"", ""act"": 0.0}, {""tk"": ""in"", ""act"": 0.0}, {""tk"": ""USA"", ""act"": 0.0}, {""tk"": ""Tulsa"", ""act"": 0.0}, {""tk"": ""The"", ""act"": 0.0}, {""tk"": ""capital"", ""act"": 0.0}, {""tk"": ""of"", ""act"": 0.0}, {""tk"": ""state"", ""act"": 0.0}, {""tk"": ""United"", ""act"": 0.0}, {""tk"": ""attribute"", ""act"": 0.0}, {""tk"": ""seat"", ""act"": 0.0}, {""tk"": ""government"", ""act"": 0.0}, {""tk"": ""relationship"", ""act"": 0.0}, {""tk"": ""which"", ""act"": 0.0}, {""tk"": ""containing"", ""act"": 0.0}]"
18_3623,18,3623,entity: A state in the United States is Oklahoma,entity,1,0.0,0.0,semantic,"[{""token"": ""entity"", ""index"": 1, ""distance"": 0, ""direction"": ""self""}]",n/a,"Say ""X""",,1.0,False,,Say (Oklahoma),"[{""tk"": ""is"", ""act"": 15.450040817260742}, {""tk"": ""entity"", ""act"": 0.0}, {""tk"": ""city"", ""act"": 0.0}, {""tk"": ""in"", ""act"": 0.0}, {""tk"": ""Oklahoma"", ""act"": 0.0}, {""tk"": ""USA"", ""act"": 0.0}, {""tk"": ""Tulsa"", ""act"": 0.0}, {""tk"": ""The"", ""act"": 0.0}, {""tk"": ""capital"", ""act"": 0.0}, {""tk"": ""of"", ""act"": 0.0}, {""tk"": ""state"", ""act"": 0.0}, {""tk"": ""United"", ""act"": 0.0}, {""tk"": ""attribute"", ""act"": 0.0}, {""tk"": ""seat"", ""act"": 0.0}, {""tk"": ""government"", ""act"": 0.0}, {""tk"": ""relationship"", ""act"": 0.0}, {""tk"": ""which"", ""act"": 0.0}, {""tk"": ""containing"", ""act"": 0.0}]"
18_38181,18,38181,entity: A state in the United States is Oklahoma,entity,1,0.0,0.0,semantic,"[{""token"": ""entity"", ""index"": 1, ""distance"": 0, ""direction"": ""self""}]",n/a,Semantic,Concept,0.7,False,,Tulsa,"[{""tk"": ""Tulsa"", ""act"": 5.259476661682129}, {""tk"": ""is"", ""act"": 2.4442901611328125}, {""tk"": ""entity"", ""act"": 0.0}, {""tk"": ""city"", ""act"": 0.0}, {""tk"": ""in"", ""act"": 0.0}, {""tk"": ""Oklahoma"", ""act"": 0.0}, {""tk"": ""USA"", ""act"": 0.0}, {""tk"": ""The"", ""act"": 0.0}, {""tk"": ""capital"", ""act"": 0.0}, {""tk"": ""of"", ""act"": 0.0}, {""tk"": ""state"", ""act"": 0.0}, {""tk"": ""United"", ""act"": 0.0}, {""tk"": ""attribute"", ""act"": 0.0}, {""tk"": ""seat"", ""act"": 0.0}, {""tk"": ""government"", ""act"": 0.0}, {""tk"": ""relationship"", ""act"": 0.0}, {""tk"": ""which"", ""act"": 0.0}, {""tk"": ""containing"", ""act"": 0.0}]"
18_44719,18,44719,entity: A state in the United States is Oklahoma,entity,1,0.0,0.0,semantic,"[{""token"": ""entity"", ""index"": 1, ""distance"": 0, ""direction"": ""self""}]",n/a,"Say ""X""",,1.0,False,,Say (capital),"[{""tk"": ""the"", ""act"": 6.164579391479492}, {""tk"": ""is"", ""act"": 2.4551093578338623}, {""tk"": ""entity"", ""act"": 0.0}, {""tk"": ""city"", ""act"": 0.0}, {""tk"": ""in"", ""act"": 0.0}, {""tk"": ""Oklahoma"", ""act"": 0.0}, {""tk"": ""USA"", ""act"": 0.0}, {""tk"": ""Tulsa"", ""act"": 0.0}, {""tk"": ""capital"", ""act"": 0.0}, {""tk"": ""of"", ""act"": 0.0}, {""tk"": ""state"", ""act"": 0.0}, {""tk"": ""United"", ""act"": 0.0}, {""tk"": ""attribute"", ""act"": 0.0}, {""tk"": ""seat"", ""act"": 0.0}, {""tk"": ""government"", ""act"": 0.0}, {""tk"": ""relationship"", ""act"": 0.0}, {""tk"": ""which"", ""act"": 0.0}, {""tk"": ""containing"", ""act"": 0.0}]"
19_25978,19,25978,entity: A state in the United States is Oklahoma,entity,1,0.0,0.0,semantic,"[{""token"": ""entity"", ""index"": 1, ""distance"": 0, ""direction"": ""self""}]",n/a,"Say ""X""",,1.0,False,,Say (Oklahoma),"[{""tk"": ""is"", ""act"": 33.509159088134766}, {""tk"": ""Oklahoma"", ""act"": 0.7145435810089111}, {""tk"": ""entity"", ""act"": 0.0}, {""tk"": ""city"", ""act"": 0.0}, {""tk"": ""in"", ""act"": 0.0}, {""tk"": ""USA"", ""act"": 0.0}, {""tk"": ""Tulsa"", ""act"": 0.0}, {""tk"": ""The"", ""act"": 0.0}, {""tk"": ""capital"", ""act"": 0.0}, {""tk"": ""of"", ""act"": 0.0}, {""tk"": ""state"", ""act"": 0.0}, {""tk"": ""United"", ""act"": 0.0}, {""tk"": ""attribute"", ""act"": 0.0}, {""tk"": ""seat"", ""act"": 0.0}, {""tk"": ""government"", ""act"": 0.0}, {""tk"": ""relationship"", ""act"": 0.0}, {""tk"": ""which"", ""act"": 0.0}, {""tk"": ""containing"", ""act"": 0.0}]"
19_13946,19,13946,entity: A state in the United States is Oklahoma,entity,1,0.0,0.0,semantic,"[{""token"": ""entity"", ""index"": 1, ""distance"": 0, ""direction"": ""self""}]",n/a,"Say ""X""",,1.0,False,,Say (capital),"[{""tk"": ""the"", ""act"": 66.9089584350586}, {""tk"": ""is"", ""act"": 54.66865158081055}, {""tk"": ""Oklahoma"", ""act"": 17.119903564453125}, {""tk"": ""of"", ""act"": 6.158909797668457}, {""tk"": ""entity"", ""act"": 0.0}, {""tk"": ""city"", ""act"": 0.0}, {""tk"": ""in"", ""act"": 0.0}, {""tk"": ""USA"", ""act"": 0.0}, {""tk"": ""Tulsa"", ""act"": 0.0}, {""tk"": ""capital"", ""act"": 0.0}, {""tk"": ""state"", ""act"": 0.0}, {""tk"": ""United"", ""act"": 0.0}, {""tk"": ""attribute"", ""act"": 0.0}, {""tk"": ""seat"", ""act"": 0.0}, {""tk"": ""government"", ""act"": 0.0}, {""tk"": ""relationship"", ""act"": 0.0}, {""tk"": ""which"", ""act"": 0.0}, {""tk"": ""containing"", ""act"": 0.0}]"
19_8271,19,8271,entity: A state in the United States is Oklahoma,entity,1,0.0,0.0,semantic,"[{""token"": ""entity"", ""index"": 1, ""distance"": 0, ""direction"": ""self""}]",n/a,"Say ""X""",,1.0,False,,Say (Oklahoma),"[{""tk"": ""is"", ""act"": 29.61412811279297}, {""tk"": ""Oklahoma"", ""act"": 0.861600399017334}, {""tk"": ""entity"", ""act"": 0.0}, {""tk"": ""city"", ""act"": 0.0}, {""tk"": ""in"", ""act"": 0.0}, {""tk"": ""USA"", ""act"": 0.0}, {""tk"": ""Tulsa"", ""act"": 0.0}, {""tk"": ""The"", ""act"": 0.0}, {""tk"": ""capital"", ""act"": 0.0}, {""tk"": ""of"", ""act"": 0.0}, {""tk"": ""state"", ""act"": 0.0}, {""tk"": ""United"", ""act"": 0.0}, {""tk"": ""attribute"", ""act"": 0.0}, {""tk"": ""seat"", ""act"": 0.0}, {""tk"": ""government"", ""act"": 0.0}, {""tk"": ""relationship"", ""act"": 0.0}, {""tk"": ""which"", ""act"": 0.0}, {""tk"": ""containing"", ""act"": 0.0}]"
19_54790,19,54790,entity: A state in the United States is Oklahoma,entity,1,0.0,0.0,semantic,"[{""token"": ""entity"", ""index"": 1, ""distance"": 0, ""direction"": ""self""}]",n/a,"Say ""X""",,1.0,False,,Say (Oklahoma),"[{""tk"": ""is"", ""act"": 46.23932647705078}, {""tk"": ""Oklahoma"", ""act"": 5.599758148193359}, {""tk"": ""entity"", ""act"": 0.0}, {""tk"": ""city"", ""act"": 0.0}, {""tk"": ""in"", ""act"": 0.0}, {""tk"": ""USA"", ""act"": 0.0}, {""tk"": ""Tulsa"", ""act"": 0.0}, {""tk"": ""The"", ""act"": 0.0}, {""tk"": ""capital"", ""act"": 0.0}, {""tk"": ""of"", ""act"": 0.0}, {""tk"": ""state"", ""act"": 0.0}, {""tk"": ""United"", ""act"": 0.0}, {""tk"": ""attribute"", ""act"": 0.0}, {""tk"": ""seat"", ""act"": 0.0}, {""tk"": ""government"", ""act"": 0.0}, {""tk"": ""relationship"", ""act"": 0.0}, {""tk"": ""which"", ""act"": 0.0}, {""tk"": ""containing"", ""act"": 0.0}]"
19_55351,19,55351,entity: A state in the United States is Oklahoma,entity,1,0.0,0.0,semantic,"[{""token"": ""entity"", ""index"": 1, ""distance"": 0, ""direction"": ""self""}]",n/a,Relationship,,1.0,False,,(entity) related,"[{""tk"": ""entity"", ""act"": 0.0}, {""tk"": ""city"", ""act"": 0.0}, {""tk"": ""in"", ""act"": 0.0}, {""tk"": ""Oklahoma"", ""act"": 0.0}, {""tk"": ""USA"", ""act"": 0.0}, {""tk"": ""is"", ""act"": 0.0}, {""tk"": ""Tulsa"", ""act"": 0.0}, {""tk"": ""The"", ""act"": 0.0}, {""tk"": ""capital"", ""act"": 0.0}, {""tk"": ""of"", ""act"": 0.0}, {""tk"": ""state"", ""act"": 0.0}, {""tk"": ""United"", ""act"": 0.0}, {""tk"": ""attribute"", ""act"": 0.0}, {""tk"": ""seat"", ""act"": 0.0}, {""tk"": ""government"", ""act"": 0.0}, {""tk"": ""relationship"", ""act"": 0.0}, {""tk"": ""which"", ""act"": 0.0}, {""tk"": ""containing"", ""act"": 0.0}]"
20_57028,20,57028,entity: A state in the United States is Oklahoma,entity,1,0.0,0.0,semantic,"[{""token"": ""entity"", ""index"": 1, ""distance"": 0, ""direction"": ""self""}]",n/a,"Say ""X""",,1.0,False,,Say (Oklahoma),"[{""tk"": ""is"", ""act"": 23.78998565673828}, {""tk"": ""Oklahoma"", ""act"": 6.051364898681641}, {""tk"": ""City"", ""act"": 1.7309446334838867}, {""tk"": ""entity"", ""act"": 0.0}, {""tk"": ""in"", ""act"": 0.0}, {""tk"": ""USA"", ""act"": 0.0}, {""tk"": ""Tulsa"", ""act"": 0.0}, {""tk"": ""The"", ""act"": 0.0}, {""tk"": ""capital"", ""act"": 0.0}, {""tk"": ""of"", ""act"": 0.0}, {""tk"": ""state"", ""act"": 0.0}, {""tk"": ""United"", ""act"": 0.0}, {""tk"": ""attribute"", ""act"": 0.0}, {""tk"": ""seat"", ""act"": 0.0}, {""tk"": ""government"", ""act"": 0.0}, {""tk"": ""relationship"", ""act"": 0.0}, {""tk"": ""which"", ""act"": 0.0}, {""tk"": ""containing"", ""act"": 0.0}]"
20_14775,20,14775,entity: A state in the United States is Oklahoma,entity,1,0.0,0.0,semantic,"[{""token"": ""entity"", ""index"": 1, ""distance"": 0, ""direction"": ""self""}]",n/a,"Say ""X""",,1.0,False,,Say (Oklahoma),"[{""tk"": ""is"", ""act"": 21.148719787597656}, {""tk"": ""entity"", ""act"": 0.0}, {""tk"": ""city"", ""act"": 0.0}, {""tk"": ""in"", ""act"": 0.0}, {""tk"": ""Oklahoma"", ""act"": 0.0}, {""tk"": ""USA"", ""act"": 0.0}, {""tk"": ""Tulsa"", ""act"": 0.0}, {""tk"": ""The"", ""act"": 0.0}, {""tk"": ""capital"", ""act"": 0.0}, {""tk"": ""of"", ""act"": 0.0}, {""tk"": ""state"", ""act"": 0.0}, {""tk"": ""United"", ""act"": 0.0}, {""tk"": ""attribute"", ""act"": 0.0}, {""tk"": ""seat"", ""act"": 0.0}, {""tk"": ""government"", ""act"": 0.0}, {""tk"": ""relationship"", ""act"": 0.0}, {""tk"": ""which"", ""act"": 0.0}, {""tk"": ""containing"", ""act"": 0.0}]"
20_67784,20,67784,entity: A state in the United States is Oklahoma,entity,1,0.0,0.0,semantic,"[{""token"": ""entity"", ""index"": 1, ""distance"": 0, ""direction"": ""self""}]",n/a,"Say ""X""",,1.0,False,,Say (city),"[{""tk"": ""of"", ""act"": 3.863483428955078}, {""tk"": ""entity"", ""act"": 0.0}, {""tk"": ""city"", ""act"": 0.0}, {""tk"": ""in"", ""act"": 0.0}, {""tk"": ""Oklahoma"", ""act"": 0.0}, {""tk"": ""USA"", ""act"": 0.0}, {""tk"": ""is"", ""act"": 0.0}, {""tk"": ""Tulsa"", ""act"": 0.0}, {""tk"": ""The"", ""act"": 0.0}, {""tk"": ""capital"", ""act"": 0.0}, {""tk"": ""state"", ""act"": 0.0}, {""tk"": ""United"", ""act"": 0.0}, {""tk"": ""attribute"", ""act"": 0.0}, {""tk"": ""seat"", ""act"": 0.0}, {""tk"": ""government"", ""act"": 0.0}, {""tk"": ""relationship"", ""act"": 0.0}, {""tk"": ""which"", ""act"": 0.0}, {""tk"": ""containing"", ""act"": 0.0}]"
20_68115,20,68115,entity: A state in the United States is Oklahoma,entity,1,0.0,0.0,semantic,"[{""token"": ""entity"", ""index"": 1, ""distance"": 0, ""direction"": ""self""}]",n/a,"Say ""X""",,1.0,False,,Say (Oklahoma),"[{""tk"": ""is"", ""act"": 31.62493133544922}, {""tk"": ""Oklahoma"", ""act"": 2.1612229347229004}, {""tk"": ""entity"", ""act"": 0.0}, {""tk"": ""city"", ""act"": 0.0}, {""tk"": ""in"", ""act"": 0.0}, {""tk"": ""USA"", ""act"": 0.0}, {""tk"": ""Tulsa"", ""act"": 0.0}, {""tk"": ""The"", ""act"": 0.0}, {""tk"": ""capital"", ""act"": 0.0}, {""tk"": ""of"", ""act"": 0.0}, {""tk"": ""state"", ""act"": 0.0}, {""tk"": ""United"", ""act"": 0.0}, {""tk"": ""attribute"", ""act"": 0.0}, {""tk"": ""seat"", ""act"": 0.0}, {""tk"": ""government"", ""act"": 0.0}, {""tk"": ""relationship"", ""act"": 0.0}, {""tk"": ""which"", ""act"": 0.0}, {""tk"": ""containing"", ""act"": 0.0}]"
20_74108,20,74108,entity: A state in the United States is Oklahoma,entity,1,0.0,0.0,semantic,"[{""token"": ""entity"", ""index"": 1, ""distance"": 0, ""direction"": ""self""}]",n/a,"Say ""X""",,1.0,False,,Say (capital),"[{""tk"": ""the"", ""act"": 62.93037033081055}, {""tk"": ""is"", ""act"": 29.901948928833008}, {""tk"": ""city"", ""act"": 5.083075046539307}, {""tk"": ""entity"", ""act"": 0.0}, {""tk"": ""in"", ""act"": 0.0}, {""tk"": ""Oklahoma"", ""act"": 0.0}, {""tk"": ""USA"", ""act"": 0.0}, {""tk"": ""Tulsa"", ""act"": 0.0}, {""tk"": ""capital"", ""act"": 0.0}, {""tk"": ""of"", ""act"": 0.0}, {""tk"": ""state"", ""act"": 0.0}, {""tk"": ""United"", ""act"": 0.0}, {""tk"": ""attribute"", ""act"": 0.0}, {""tk"": ""seat"", ""act"": 0.0}, {""tk"": ""government"", ""act"": 0.0}, {""tk"": ""relationship"", ""act"": 0.0}, {""tk"": ""which"", ""act"": 0.0}, {""tk"": ""containing"", ""act"": 0.0}]"
21_16875,21,16875,entity: A state in the United States is Oklahoma,entity,1,0.0,0.0,semantic,"[{""token"": ""entity"", ""index"": 1, ""distance"": 0, ""direction"": ""self""}]",n/a,"Say ""X""",,1.0,False,,Say (Oklahoma),"[{""tk"": ""is"", ""act"": 12.641754150390625}, {""tk"": ""entity"", ""act"": 0.0}, {""tk"": ""city"", ""act"": 0.0}, {""tk"": ""in"", ""act"": 0.0}, {""tk"": ""Oklahoma"", ""act"": 0.0}, {""tk"": ""USA"", ""act"": 0.0}, {""tk"": ""Tulsa"", ""act"": 0.0}, {""tk"": ""The"", ""act"": 0.0}, {""tk"": ""capital"", ""act"": 0.0}, {""tk"": ""of"", ""act"": 0.0}, {""tk"": ""state"", ""act"": 0.0}, {""tk"": ""United"", ""act"": 0.0}, {""tk"": ""attribute"", ""act"": 0.0}, {""tk"": ""seat"", ""act"": 0.0}, {""tk"": ""government"", ""act"": 0.0}, {""tk"": ""relationship"", ""act"": 0.0}, {""tk"": ""which"", ""act"": 0.0}, {""tk"": ""containing"", ""act"": 0.0}]"
21_34379,21,34379,entity: A state in the United States is Oklahoma,entity,1,0.0,0.0,semantic,"[{""token"": ""entity"", ""index"": 1, ""distance"": 0, ""direction"": ""self""}]",n/a,"Say ""X""",,1.0,False,,Say (Oklahoma),"[{""tk"": ""is"", ""act"": 21.422075271606445}, {""tk"": ""entity"", ""act"": 0.0}, {""tk"": ""city"", ""act"": 0.0}, {""tk"": ""in"", ""act"": 0.0}, {""tk"": ""Oklahoma"", ""act"": 0.0}, {""tk"": ""USA"", ""act"": 0.0}, {""tk"": ""Tulsa"", ""act"": 0.0}, {""tk"": ""The"", ""act"": 0.0}, {""tk"": ""capital"", ""act"": 0.0}, {""tk"": ""of"", ""act"": 0.0}, {""tk"": ""state"", ""act"": 0.0}, {""tk"": ""United"", ""act"": 0.0}, {""tk"": ""attribute"", ""act"": 0.0}, {""tk"": ""seat"", ""act"": 0.0}, {""tk"": ""government"", ""act"": 0.0}, {""tk"": ""relationship"", ""act"": 0.0}, {""tk"": ""which"", ""act"": 0.0}, {""tk"": ""containing"", ""act"": 0.0}]"
21_69456,21,69456,entity: A state in the United States is Oklahoma,entity,1,0.0,0.0,semantic,"[{""token"": ""entity"", ""index"": 1, ""distance"": 0, ""direction"": ""self""}]",n/a,Relationship,,1.0,False,,(entity) related,"[{""tk"": ""entity"", ""act"": 0.0}, {""tk"": ""city"", ""act"": 0.0}, {""tk"": ""in"", ""act"": 0.0}, {""tk"": ""Oklahoma"", ""act"": 0.0}, {""tk"": ""USA"", ""act"": 0.0}, {""tk"": ""is"", ""act"": 0.0}, {""tk"": ""Tulsa"", ""act"": 0.0}, {""tk"": ""The"", ""act"": 0.0}, {""tk"": ""capital"", ""act"": 0.0}, {""tk"": ""of"", ""act"": 0.0}, {""tk"": ""state"", ""act"": 0.0}, {""tk"": ""United"", ""act"": 0.0}, {""tk"": ""attribute"", ""act"": 0.0}, {""tk"": ""seat"", ""act"": 0.0}, {""tk"": ""government"", ""act"": 0.0}, {""tk"": ""relationship"", ""act"": 0.0}, {""tk"": ""which"", ""act"": 0.0}, {""tk"": ""containing"", ""act"": 0.0}]"
21_84338,21,84338,entity: A state in the United States is Oklahoma,entity,1,0.0,0.0,semantic,"[{""token"": ""entity"", ""index"": 1, ""distance"": 0, ""direction"": ""self""}]",n/a,"Say ""X""",,1.0,False,,Say (Oklahoma),"[{""tk"": ""is"", ""act"": 29.175933837890625}, {""tk"": ""city"", ""act"": 16.715389251708984}, {""tk"": ""entity"", ""act"": 0.0}, {""tk"": ""in"", ""act"": 0.0}, {""tk"": ""Oklahoma"", ""act"": 0.0}, {""tk"": ""USA"", ""act"": 0.0}, {""tk"": ""Tulsa"", ""act"": 0.0}, {""tk"": ""The"", ""act"": 0.0}, {""tk"": ""capital"", ""act"": 0.0}, {""tk"": ""of"", ""act"": 0.0}, {""tk"": ""state"", ""act"": 0.0}, {""tk"": ""United"", ""act"": 0.0}, {""tk"": ""attribute"", ""act"": 0.0}, {""tk"": ""seat"", ""act"": 0.0}, {""tk"": ""government"", ""act"": 0.0}, {""tk"": ""relationship"", ""act"": 0.0}, {""tk"": ""which"", ""act"": 0.0}, {""tk"": ""containing"", ""act"": 0.0}]"
22_96447,22,96447,entity: A state in the United States is Oklahoma,entity,1,0.0,0.0,semantic,"[{""token"": ""entity"", ""index"": 1, ""distance"": 0, ""direction"": ""self""}]",n/a,"Say ""X""",,1.0,False,,Say (Oklahoma),"[{""tk"": ""is"", ""act"": 59.35166931152344}, {""tk"": ""Tulsa"", ""act"": 2.7046289443969727}, {""tk"": ""City"", ""act"": 2.3859939575195312}, {""tk"": ""USA"", ""act"": 0.6145110130310059}, {""tk"": ""entity"", ""act"": 0.0}, {""tk"": ""in"", ""act"": 0.0}, {""tk"": ""Oklahoma"", ""act"": 0.0}, {""tk"": ""The"", ""act"": 0.0}, {""tk"": ""capital"", ""act"": 0.0}, {""tk"": ""of"", ""act"": 0.0}, {""tk"": ""state"", ""act"": 0.0}, {""tk"": ""United"", ""act"": 0.0}, {""tk"": ""attribute"", ""act"": 0.0}, {""tk"": ""seat"", ""act"": 0.0}, {""tk"": ""government"", ""act"": 0.0}, {""tk"": ""relationship"", ""act"": 0.0}, {""tk"": ""which"", ""act"": 0.0}, {""tk"": ""containing"", ""act"": 0.0}]"
22_70475,22,70475,entity: A state in the United States is Oklahoma,entity,1,0.0,0.0,semantic,"[{""token"": ""entity"", ""index"": 1, ""distance"": 0, ""direction"": ""self""}]",n/a,"Say ""X""",,1.0,False,,Say (Oklahoma),"[{""tk"": ""is"", ""act"": 47.78974533081055}, {""tk"": ""entity"", ""act"": 0.0}, {""tk"": ""city"", ""act"": 0.0}, {""tk"": ""in"", ""act"": 0.0}, {""tk"": ""Oklahoma"", ""act"": 0.0}, {""tk"": ""USA"", ""act"": 0.0}, {""tk"": ""Tulsa"", ""act"": 0.0}, {""tk"": ""The"", ""act"": 0.0}, {""tk"": ""capital"", ""act"": 0.0}, {""tk"": ""of"", ""act"": 0.0}, {""tk"": ""state"", ""act"": 0.0}, {""tk"": ""United"", ""act"": 0.0}, {""tk"": ""attribute"", ""act"": 0.0}, {""tk"": ""seat"", ""act"": 0.0}, {""tk"": ""government"", ""act"": 0.0}, {""tk"": ""relationship"", ""act"": 0.0}, {""tk"": ""which"", ""act"": 0.0}, {""tk"": ""containing"", ""act"": 0.0}]"
22_62229,22,62229,entity: A state in the United States is Oklahoma,entity,1,0.0,0.0,semantic,"[{""token"": ""entity"", ""index"": 1, ""distance"": 0, ""direction"": ""self""}]",n/a,"Say ""X""",,1.0,False,,Say (Oklahoma),"[{""tk"": ""is"", ""act"": 2.072920799255371}, {""tk"": ""entity"", ""act"": 0.0}, {""tk"": ""city"", ""act"": 0.0}, {""tk"": ""in"", ""act"": 0.0}, {""tk"": ""Oklahoma"", ""act"": 0.0}, {""tk"": ""USA"", ""act"": 0.0}, {""tk"": ""Tulsa"", ""act"": 0.0}, {""tk"": ""The"", ""act"": 0.0}, {""tk"": ""capital"", ""act"": 0.0}, {""tk"": ""of"", ""act"": 0.0}, {""tk"": ""state"", ""act"": 0.0}, {""tk"": ""United"", ""act"": 0.0}, {""tk"": ""attribute"", ""act"": 0.0}, {""tk"": ""seat"", ""act"": 0.0}, {""tk"": ""government"", ""act"": 0.0}, {""tk"": ""relationship"", ""act"": 0.0}, {""tk"": ""which"", ""act"": 0.0}, {""tk"": ""containing"", ""act"": 0.0}]"
22_71237,22,71237,entity: A state in the United States is Oklahoma,entity,1,0.0,0.0,semantic,"[{""token"": ""entity"", ""index"": 1, ""distance"": 0, ""direction"": ""self""}]",n/a,"Say ""X""",,1.0,False,,Say (Oklahoma),"[{""tk"": ""is"", ""act"": 33.04965591430664}, {""tk"": ""entity"", ""act"": 0.0}, {""tk"": ""city"", ""act"": 0.0}, {""tk"": ""in"", ""act"": 0.0}, {""tk"": ""Oklahoma"", ""act"": 0.0}, {""tk"": ""USA"", ""act"": 0.0}, {""tk"": ""Tulsa"", ""act"": 0.0}, {""tk"": ""The"", ""act"": 0.0}, {""tk"": ""capital"", ""act"": 0.0}, {""tk"": ""of"", ""act"": 0.0}, {""tk"": ""state"", ""act"": 0.0}, {""tk"": ""United"", ""act"": 0.0}, {""tk"": ""attribute"", ""act"": 0.0}, {""tk"": ""seat"", ""act"": 0.0}, {""tk"": ""government"", ""act"": 0.0}, {""tk"": ""relationship"", ""act"": 0.0}, {""tk"": ""which"", ""act"": 0.0}, {""tk"": ""containing"", ""act"": 0.0}]"
23_29602,23,29602,entity: A state in the United States is Oklahoma,entity,1,0.0,0.0,semantic,"[{""token"": ""entity"", ""index"": 1, ""distance"": 0, ""direction"": ""self""}]",n/a,"Say ""X""",,1.0,False,,Say (Oklahoma),"[{""tk"": ""is"", ""act"": 32.2626953125}, {""tk"": ""entity"", ""act"": 0.0}, {""tk"": ""city"", ""act"": 0.0}, {""tk"": ""in"", ""act"": 0.0}, {""tk"": ""Oklahoma"", ""act"": 0.0}, {""tk"": ""USA"", ""act"": 0.0}, {""tk"": ""Tulsa"", ""act"": 0.0}, {""tk"": ""The"", ""act"": 0.0}, {""tk"": ""capital"", ""act"": 0.0}, {""tk"": ""of"", ""act"": 0.0}, {""tk"": ""state"", ""act"": 0.0}, {""tk"": ""United"", ""act"": 0.0}, {""tk"": ""attribute"", ""act"": 0.0}, {""tk"": ""seat"", ""act"": 0.0}, {""tk"": ""government"", ""act"": 0.0}, {""tk"": ""relationship"", ""act"": 0.0}, {""tk"": ""which"", ""act"": 0.0}, {""tk"": ""containing"", ""act"": 0.0}]"
23_24150,23,24150,entity: A state in the United States is Oklahoma,entity,1,0.0,0.0,semantic,"[{""token"": ""entity"", ""index"": 1, ""distance"": 0, ""direction"": ""self""}]",n/a,"Say ""X""",,1.0,False,,Say (Oklahoma),"[{""tk"": ""is"", ""act"": 22.94991111755371}, {""tk"": ""entity"", ""act"": 0.0}, {""tk"": ""city"", ""act"": 0.0}, {""tk"": ""in"", ""act"": 0.0}, {""tk"": ""Oklahoma"", ""act"": 0.0}, {""tk"": ""USA"", ""act"": 0.0}, {""tk"": ""Tulsa"", ""act"": 0.0}, {""tk"": ""The"", ""act"": 0.0}, {""tk"": ""capital"", ""act"": 0.0}, {""tk"": ""of"", ""act"": 0.0}, {""tk"": ""state"", ""act"": 0.0}, {""tk"": ""United"", ""act"": 0.0}, {""tk"": ""attribute"", ""act"": 0.0}, {""tk"": ""seat"", ""act"": 0.0}, {""tk"": ""government"", ""act"": 0.0}, {""tk"": ""relationship"", ""act"": 0.0}, {""tk"": ""which"", ""act"": 0.0}, {""tk"": ""containing"", ""act"": 0.0}]"
23_57479,23,57479,entity: A state in the United States is Oklahoma,entity,1,0.0,0.0,semantic,"[{""token"": ""entity"", ""index"": 1, ""distance"": 0, ""direction"": ""self""}]",n/a,"Say ""X""",,1.0,False,,Say (Oklahoma),"[{""tk"": ""is"", ""act"": 38.4189453125}, {""tk"": ""entity"", ""act"": 0.0}, {""tk"": ""city"", ""act"": 0.0}, {""tk"": ""in"", ""act"": 0.0}, {""tk"": ""Oklahoma"", ""act"": 0.0}, {""tk"": ""USA"", ""act"": 0.0}, {""tk"": ""Tulsa"", ""act"": 0.0}, {""tk"": ""The"", ""act"": 0.0}, {""tk"": ""capital"", ""act"": 0.0}, {""tk"": ""of"", ""act"": 0.0}, {""tk"": ""state"", ""act"": 0.0}, {""tk"": ""United"", ""act"": 0.0}, {""tk"": ""attribute"", ""act"": 0.0}, {""tk"": ""seat"", ""act"": 0.0}, {""tk"": ""government"", ""act"": 0.0}, {""tk"": ""relationship"", ""act"": 0.0}, {""tk"": ""which"", ""act"": 0.0}, {""tk"": ""containing"", ""act"": 0.0}]"
24_79427,24,79427,entity: A state in the United States is Oklahoma, United,7,26.750457763671875,0.7517010691807398,semantic,"[{""token"": "" United"", ""index"": 7, ""distance"": 0, ""direction"": ""self""}]",n/a,Semantic,Concept,0.7,False,,Oklahoma,"[{""tk"": ""Oklahoma"", ""act"": 122.13128662109375}, {""tk"": ""of"", ""act"": 80.25637817382812}, {""tk"": ""which"", ""act"": 70.40821075439453}, {""tk"": ""the"", ""act"": 64.7374038696289}, {""tk"": ""capital"", ""act"": 64.40751647949219}, {""tk"": ""is"", ""act"": 60.35307312011719}, {""tk"": ""containing"", ""act"": 55.67041015625}, {""tk"": ""in"", ""act"": 47.66194152832031}, {""tk"": ""city"", ""act"": 36.942447662353516}, {""tk"": ""state"", ""act"": 30.00804901123047}, {""tk"": ""United"", ""act"": 26.750457763671875}, {""tk"": ""seat"", ""act"": 11.499489784240723}, {""tk"": ""entity"", ""act"": 0.0}, {""tk"": ""USA"", ""act"": 0.0}, {""tk"": ""Tulsa"", ""act"": 0.0}, {""tk"": ""attribute"", ""act"": 0.0}, {""tk"": ""government"", ""act"": 0.0}, {""tk"": ""relationship"", ""act"": 0.0}]"
24_2574,24,2574,entity: A state in the United States is Oklahoma,entity,1,0.0,0.0,semantic,"[{""token"": ""entity"", ""index"": 1, ""distance"": 0, ""direction"": ""self""}]",n/a,"Say ""X""",,1.0,False,,Say (Oklahoma),"[{""tk"": ""is"", ""act"": 2.328598976135254}, {""tk"": ""entity"", ""act"": 0.0}, {""tk"": ""city"", ""act"": 0.0}, {""tk"": ""in"", ""act"": 0.0}, {""tk"": ""Oklahoma"", ""act"": 0.0}, {""tk"": ""USA"", ""act"": 0.0}, {""tk"": ""Tulsa"", ""act"": 0.0}, {""tk"": ""The"", ""act"": 0.0}, {""tk"": ""capital"", ""act"": 0.0}, {""tk"": ""of"", ""act"": 0.0}, {""tk"": ""state"", ""act"": 0.0}, {""tk"": ""United"", ""act"": 0.0}, {""tk"": ""attribute"", ""act"": 0.0}, {""tk"": ""seat"", ""act"": 0.0}, {""tk"": ""government"", ""act"": 0.0}, {""tk"": ""relationship"", ""act"": 0.0}, {""tk"": ""which"", ""act"": 0.0}, {""tk"": ""containing"", ""act"": 0.0}]"
25_288,25,288,entity: A state in the United States is Oklahoma, United,7,421.7867736816406,0.8945666046045944,semantic,"[{""token"": "" United"", ""index"": 7, ""distance"": 0, ""direction"": ""self""}]",n/a,Semantic,Concept,0.7,False,,United,"[{""tk"": ""United"", ""act"": 421.7867736816406}, {""tk"": ""Oklahoma"", ""act"": 395.3050842285156}, {""tk"": ""attribute"", ""act"": 281.9482727050781}, {""tk"": ""in"", ""act"": 234.10520935058594}, {""tk"": ""seat"", ""act"": 230.17575073242188}, {""tk"": ""capital"", ""act"": 95.55261993408203}, {""tk"": ""the"", ""act"": 93.36248779296875}, {""tk"": ""which"", ""act"": 90.41435241699219}, {""tk"": ""state"", ""act"": 48.24603271484375}, {""tk"": ""is"", ""act"": 42.80223846435547}, {""tk"": ""of"", ""act"": 19.77794647216797}, {""tk"": ""entity"", ""act"": 0.0}, {""tk"": ""city"", ""act"": 0.0}, {""tk"": ""USA"", ""act"": 0.0}, {""tk"": ""Tulsa"", ""act"": 0.0}, {""tk"": ""government"", ""act"": 0.0}, {""tk"": ""relationship"", ""act"": 0.0}, {""tk"": ""containing"", ""act"": 0.0}]"
0_40936,0,40936,attribute: The primary city serving as the seat of government for a state is the capital city, of,10,80.84564208984375,0.9444444444444444,functional,"[{""token"": "" seat"", ""index"": 9, ""distance"": 1, ""direction"": ""backward""}]",json,Semantic,Dictionary,1.0,False,,of,"[{""tk"": ""of"", ""act"": 80.84564208984375}, {""tk"": ""entity"", ""act"": 0.0}, {""tk"": ""city"", ""act"": 0.0}, {""tk"": ""in"", ""act"": 0.0}, {""tk"": ""Oklahoma"", ""act"": 0.0}, {""tk"": ""USA"", ""act"": 0.0}, {""tk"": ""is"", ""act"": 0.0}, {""tk"": ""Tulsa"", ""act"": 0.0}, {""tk"": ""The"", ""act"": 0.0}, {""tk"": ""capital"", ""act"": 0.0}, {""tk"": ""state"", ""act"": 0.0}, {""tk"": ""United"", ""act"": 0.0}, {""tk"": ""attribute"", ""act"": 0.0}, {""tk"": ""seat"", ""act"": 0.0}, {""tk"": ""government"", ""act"": 0.0}, {""tk"": ""relationship"", ""act"": 0.0}, {""tk"": ""which"", ""act"": 0.0}, {""tk"": ""containing"", ""act"": 0.0}]"
0_51434,0,51434,attribute: The primary city serving as the seat of government for a state is the capital city, the,8,78.89613342285156,0.8626360333129379,functional,"[{""token"": "" seat"", ""index"": 9, ""distance"": 1, ""direction"": ""forward""}]",json,Semantic,Dictionary (fallback),0.9,False,,The,"[{""tk"": ""the"", ""act"": 79.98755645751953}, {""tk"": ""entity"", ""act"": 0.0}, {""tk"": ""city"", ""act"": 0.0}, {""tk"": ""in"", ""act"": 0.0}, {""tk"": ""Oklahoma"", ""act"": 0.0}, {""tk"": ""USA"", ""act"": 0.0}, {""tk"": ""is"", ""act"": 0.0}, {""tk"": ""Tulsa"", ""act"": 0.0}, {""tk"": ""capital"", ""act"": 0.0}, {""tk"": ""of"", ""act"": 0.0}, {""tk"": ""state"", ""act"": 0.0}, {""tk"": ""United"", ""act"": 0.0}, {""tk"": ""attribute"", ""act"": 0.0}, {""tk"": ""seat"", ""act"": 0.0}, {""tk"": ""government"", ""act"": 0.0}, {""tk"": ""relationship"", ""act"": 0.0}, {""tk"": ""which"", ""act"": 0.0}, {""tk"": ""containing"", ""act"": 0.0}]"
0_95475,0,95475,attribute: The primary city serving as the seat of government for a state is the capital city, government,11,73.73577117919922,0.6374448256716269,semantic,"[{""token"": "" government"", ""index"": 11, ""distance"": 0, ""direction"": ""self""}]",n/a,Semantic,Dictionary (fallback),0.9,False,,government,"[{""tk"": ""government"", ""act"": 73.73577117919922}, {""tk"": ""state"", ""act"": 72.12992095947266}, {""tk"": ""city"", ""act"": 69.083984375}, {""tk"": ""capital"", ""act"": 60.64950942993164}, {""tk"": ""Oklahoma"", ""act"": 59.78224182128906}, {""tk"": ""USA"", ""act"": 57.357418060302734}, {""tk"": ""relationship"", ""act"": 51.8544807434082}, {""tk"": ""attribute"", ""act"": 50.58573913574219}, {""tk"": ""United"", ""act"": 44.38002395629883}, {""tk"": ""seat"", ""act"": 44.13238525390625}, {""tk"": ""Tulsa"", ""act"": 42.2085075378418}, {""tk"": ""entity"", ""act"": 40.56538009643555}, {""tk"": ""containing"", ""act"": 27.732948303222656}, {""tk"": ""in"", ""act"": 0.0}, {""tk"": ""is"", ""act"": 0.0}, {""tk"": ""The"", ""act"": 0.0}, {""tk"": ""of"", ""act"": 0.0}, {""tk"": ""which"", ""act"": 0.0}]"
0_55815,0,55815,attribute: The primary city serving as the seat of government for a state is the capital city, capital,17,57.7287712097168,0.9444444444444444,semantic,"[{""token"": "" capital"", ""index"": 17, ""distance"": 0, ""direction"": ""self""}]",n/a,Semantic,Dictionary,1.0,False,,capital,"[{""tk"": ""capital"", ""act"": 57.7287712097168}, {""tk"": ""entity"", ""act"": 0.0}, {""tk"": ""city"", ""act"": 0.0}, {""tk"": ""in"", ""act"": 0.0}, {""tk"": ""Oklahoma"", ""act"": 0.0}, {""tk"": ""USA"", ""act"": 0.0}, {""tk"": ""is"", ""act"": 0.0}, {""tk"": ""Tulsa"", ""act"": 0.0}, {""tk"": ""The"", ""act"": 0.0}, {""tk"": ""of"", ""act"": 0.0}, {""tk"": ""state"", ""act"": 0.0}, {""tk"": ""United"", ""act"": 0.0}, {""tk"": ""attribute"", ""act"": 0.0}, {""tk"": ""seat"", ""act"": 0.0}, {""tk"": ""government"", ""act"": 0.0}, {""tk"": ""relationship"", ""act"": 0.0}, {""tk"": ""which"", ""act"": 0.0}, {""tk"": ""containing"", ""act"": 0.0}]"
0_54198,0,54198,attribute: The primary city serving as the seat of government for a state is the capital city, The,3,55.81333923339844,0.9444444444444444,functional,"[{""token"": "" primary"", ""index"": 4, ""distance"": 1, ""direction"": ""forward""}]",json,Semantic,Dictionary (fallback),0.9,False,,The,"[{""tk"": ""The"", ""act"": 58.88051223754883}, {""tk"": ""entity"", ""act"": 0.0}, {""tk"": ""city"", ""act"": 0.0}, {""tk"": ""in"", ""act"": 0.0}, {""tk"": ""Oklahoma"", ""act"": 0.0}, {""tk"": ""USA"", ""act"": 0.0}, {""tk"": ""is"", ""act"": 0.0}, {""tk"": ""Tulsa"", ""act"": 0.0}, {""tk"": ""capital"", ""act"": 0.0}, {""tk"": ""of"", ""act"": 0.0}, {""tk"": ""state"", ""act"": 0.0}, {""tk"": ""United"", ""act"": 0.0}, {""tk"": ""attribute"", ""act"": 0.0}, {""tk"": ""seat"", ""act"": 0.0}, {""tk"": ""government"", ""act"": 0.0}, {""tk"": ""relationship"", ""act"": 0.0}, {""tk"": ""which"", ""act"": 0.0}, {""tk"": ""containing"", ""act"": 0.0}]"
0_39122,0,39122,attribute: The primary city serving as the seat of government for a state is the capital city,:,2,53.89897918701172,0.7347573849840701,functional,"[{""token"": "" primary"", ""index"": 4, ""distance"": 2, ""direction"": ""forward""}, {""token"": ""attribute"", ""index"": 1, ""distance"": 1, ""direction"": ""backward""}]",json,Semantic,Dictionary,1.0,False,,punctuation,"[{""tk"": ""of"", ""act"": 40.620758056640625}, {""tk"": ""in"", ""act"": 38.414180755615234}, {""tk"": ""the"", ""act"": 38.37458801269531}, {""tk"": ""entity"", ""act"": 0.0}, {""tk"": ""city"", ""act"": 0.0}, {""tk"": ""Oklahoma"", ""act"": 0.0}, {""tk"": ""USA"", ""act"": 0.0}, {""tk"": ""is"", ""act"": 0.0}, {""tk"": ""Tulsa"", ""act"": 0.0}, {""tk"": ""capital"", ""act"": 0.0}, {""tk"": ""state"", ""act"": 0.0}, {""tk"": ""United"", ""act"": 0.0}, {""tk"": ""attribute"", ""act"": 0.0}, {""tk"": ""seat"", ""act"": 0.0}, {""tk"": ""government"", ""act"": 0.0}, {""tk"": ""relationship"", ""act"": 0.0}, {""tk"": ""which"", ""act"": 0.0}, {""tk"": ""containing"", ""act"": 0.0}]"
0_91045,0,91045,attribute: The primary city serving as the seat of government for a state is the capital city, is,15,53.52338790893555,0.9444444444444444,functional,"[{""token"": "" capital"", ""index"": 17, ""distance"": 2, ""direction"": ""forward""}]",json,Semantic,Dictionary,0.8333333333333334,False,,is,"[{""tk"": ""is"", ""act"": 62.202613830566406}, {""tk"": ""entity"", ""act"": 0.0}, {""tk"": ""city"", ""act"": 0.0}, {""tk"": ""in"", ""act"": 0.0}, {""tk"": ""Oklahoma"", ""act"": 0.0}, {""tk"": ""USA"", ""act"": 0.0}, {""tk"": ""Tulsa"", ""act"": 0.0}, {""tk"": ""The"", ""act"": 0.0}, {""tk"": ""capital"", ""act"": 0.0}, {""tk"": ""of"", ""act"": 0.0}, {""tk"": ""state"", ""act"": 0.0}, {""tk"": ""United"", ""act"": 0.0}, {""tk"": ""attribute"", ""act"": 0.0}, {""tk"": ""seat"", ""act"": 0.0}, {""tk"": ""government"", ""act"": 0.0}, {""tk"": ""relationship"", ""act"": 0.0}, {""tk"": ""which"", ""act"": 0.0}, {""tk"": ""containing"", ""act"": 0.0}]"
0_18753,0,18753,attribute: The primary city serving as the seat of government for a state is the capital city,:,2,51.15596389770508,0.6315600120541482,functional,"[{""token"": "" primary"", ""index"": 4, ""distance"": 2, ""direction"": ""forward""}, {""token"": ""attribute"", ""index"": 1, ""distance"": 1, ""direction"": ""backward""}]",json,Semantic,Dictionary,1.0,False,,punctuation,"[{""tk"": ""the"", ""act"": 45.698326110839844}, {""tk"": ""is"", ""act"": 44.101776123046875}, {""tk"": ""of"", ""act"": 41.465484619140625}, {""tk"": ""in"", ""act"": 39.97174072265625}, {""tk"": ""entity"", ""act"": 0.0}, {""tk"": ""city"", ""act"": 0.0}, {""tk"": ""Oklahoma"", ""act"": 0.0}, {""tk"": ""USA"", ""act"": 0.0}, {""tk"": ""Tulsa"", ""act"": 0.0}, {""tk"": ""capital"", ""act"": 0.0}, {""tk"": ""state"", ""act"": 0.0}, {""tk"": ""United"", ""act"": 0.0}, {""tk"": ""attribute"", ""act"": 0.0}, {""tk"": ""seat"", ""act"": 0.0}, {""tk"": ""government"", ""act"": 0.0}, {""tk"": ""relationship"", ""act"": 0.0}, {""tk"": ""which"", ""act"": 0.0}, {""tk"": ""containing"", ""act"": 0.0}]"
0_40780,0,40780,attribute: The primary city serving as the seat of government for a state is the capital city, is,15,50.90119552612305,0.6005880982558667,functional,"[{""token"": "" capital"", ""index"": 17, ""distance"": 2, ""direction"": ""forward""}]",json,Semantic,Dictionary (fallback),0.9,False,,which,"[{""tk"": ""which"", ""act"": 59.63111114501953}, {""tk"": ""the"", ""act"": 57.446224212646484}, {""tk"": ""is"", ""act"": 50.90119552612305}, {""tk"": ""in"", ""act"": 48.9953727722168}, {""tk"": ""of"", ""act"": 37.325950622558594}, {""tk"": ""entity"", ""act"": 2.3564822673797607}, {""tk"": ""city"", ""act"": 0.0}, {""tk"": ""Oklahoma"", ""act"": 0.0}, {""tk"": ""USA"", ""act"": 0.0}, {""tk"": ""Tulsa"", ""act"": 0.0}, {""tk"": ""capital"", ""act"": 0.0}, {""tk"": ""state"", ""act"": 0.0}, {""tk"": ""United"", ""act"": 0.0}, {""tk"": ""attribute"", ""act"": 0.0}, {""tk"": ""seat"", ""act"": 0.0}, {""tk"": ""government"", ""act"": 0.0}, {""tk"": ""relationship"", ""act"": 0.0}, {""tk"": ""containing"", ""act"": 0.0}]"
0_49560,0,49560,attribute: The primary city serving as the seat of government for a state is the capital city, is,15,49.55915832519531,0.9444444444444444,functional,"[{""token"": "" capital"", ""index"": 17, ""distance"": 2, ""direction"": ""forward""}]",json,Semantic,Dictionary,0.8333333333333334,False,,is,"[{""tk"": ""is"", ""act"": 54.54280471801758}, {""tk"": ""entity"", ""act"": 0.0}, {""tk"": ""city"", ""act"": 0.0}, {""tk"": ""in"", ""act"": 0.0}, {""tk"": ""Oklahoma"", ""act"": 0.0}, {""tk"": ""USA"", ""act"": 0.0}, {""tk"": ""Tulsa"", ""act"": 0.0}, {""tk"": ""The"", ""act"": 0.0}, {""tk"": ""capital"", ""act"": 0.0}, {""tk"": ""of"", ""act"": 0.0}, {""tk"": ""state"", ""act"": 0.0}, {""tk"": ""United"", ""act"": 0.0}, {""tk"": ""attribute"", ""act"": 0.0}, {""tk"": ""seat"", ""act"": 0.0}, {""tk"": ""government"", ""act"": 0.0}, {""tk"": ""relationship"", ""act"": 0.0}, {""tk"": ""which"", ""act"": 0.0}, {""tk"": ""containing"", ""act"": 0.0}]"
0_35945,0,35945,attribute: The primary city serving as the seat of government for a state is the capital city, The,3,47.65552520751953,0.9444444444444444,functional,"[{""token"": "" primary"", ""index"": 4, ""distance"": 1, ""direction"": ""forward""}]",json,Semantic,Dictionary (fallback),0.9,False,,The,"[{""tk"": ""The"", ""act"": 47.74628829956055}, {""tk"": ""entity"", ""act"": 0.0}, {""tk"": ""city"", ""act"": 0.0}, {""tk"": ""in"", ""act"": 0.0}, {""tk"": ""Oklahoma"", ""act"": 0.0}, {""tk"": ""USA"", ""act"": 0.0}, {""tk"": ""is"", ""act"": 0.0}, {""tk"": ""Tulsa"", ""act"": 0.0}, {""tk"": ""capital"", ""act"": 0.0}, {""tk"": ""of"", ""act"": 0.0}, {""tk"": ""state"", ""act"": 0.0}, {""tk"": ""United"", ""act"": 0.0}, {""tk"": ""attribute"", ""act"": 0.0}, {""tk"": ""seat"", ""act"": 0.0}, {""tk"": ""government"", ""act"": 0.0}, {""tk"": ""relationship"", ""act"": 0.0}, {""tk"": ""which"", ""act"": 0.0}, {""tk"": ""containing"", ""act"": 0.0}]"
0_95057,0,95057,attribute: The primary city serving as the seat of government for a state is the capital city,:,2,45.48605728149414,0.7610058095007771,functional,"[{""token"": "" primary"", ""index"": 4, ""distance"": 2, ""direction"": ""forward""}, {""token"": ""attribute"", ""index"": 1, ""distance"": 1, ""direction"": ""backward""}]",json,Semantic,Dictionary (fallback),0.9,False,,punctuation,"[{""tk"": ""is"", ""act"": 35.278743743896484}, {""tk"": ""The"", ""act"": 34.39540481567383}, {""tk"": ""in"", ""act"": 20.475749969482422}, {""tk"": ""entity"", ""act"": 0.0}, {""tk"": ""city"", ""act"": 0.0}, {""tk"": ""Oklahoma"", ""act"": 0.0}, {""tk"": ""USA"", ""act"": 0.0}, {""tk"": ""Tulsa"", ""act"": 0.0}, {""tk"": ""capital"", ""act"": 0.0}, {""tk"": ""of"", ""act"": 0.0}, {""tk"": ""state"", ""act"": 0.0}, {""tk"": ""United"", ""act"": 0.0}, {""tk"": ""attribute"", ""act"": 0.0}, {""tk"": ""seat"", ""act"": 0.0}, {""tk"": ""government"", ""act"": 0.0}, {""tk"": ""relationship"", ""act"": 0.0}, {""tk"": ""which"", ""act"": 0.0}, {""tk"": ""containing"", ""act"": 0.0}]"
0_73759,0,73759,attribute: The primary city serving as the seat of government for a state is the capital city, of,10,44.29311752319336,0.9444444444444444,functional,"[{""token"": "" seat"", ""index"": 9, ""distance"": 1, ""direction"": ""backward""}]",json,Semantic,Dictionary,1.0,False,,of,"[{""tk"": ""of"", ""act"": 53.35567855834961}, {""tk"": ""entity"", ""act"": 0.0}, {""tk"": ""city"", ""act"": 0.0}, {""tk"": ""in"", ""act"": 0.0}, {""tk"": ""Oklahoma"", ""act"": 0.0}, {""tk"": ""USA"", ""act"": 0.0}, {""tk"": ""is"", ""act"": 0.0}, {""tk"": ""Tulsa"", ""act"": 0.0}, {""tk"": ""The"", ""act"": 0.0}, {""tk"": ""capital"", ""act"": 0.0}, {""tk"": ""state"", ""act"": 0.0}, {""tk"": ""United"", ""act"": 0.0}, {""tk"": ""attribute"", ""act"": 0.0}, {""tk"": ""seat"", ""act"": 0.0}, {""tk"": ""government"", ""act"": 0.0}, {""tk"": ""relationship"", ""act"": 0.0}, {""tk"": ""which"", ""act"": 0.0}, {""tk"": ""containing"", ""act"": 0.0}]"
0_230,0,230,attribute: The primary city serving as the seat of government for a state is the capital city, is,15,41.56205368041992,0.9444444444444444,functional,"[{""token"": "" capital"", ""index"": 17, ""distance"": 2, ""direction"": ""forward""}]",json,Semantic,Dictionary,0.8333333333333334,False,,is,"[{""tk"": ""is"", ""act"": 47.854530334472656}, {""tk"": ""entity"", ""act"": 0.0}, {""tk"": ""city"", ""act"": 0.0}, {""tk"": ""in"", ""act"": 0.0}, {""tk"": ""Oklahoma"", ""act"": 0.0}, {""tk"": ""USA"", ""act"": 0.0}, {""tk"": ""Tulsa"", ""act"": 0.0}, {""tk"": ""The"", ""act"": 0.0}, {""tk"": ""capital"", ""act"": 0.0}, {""tk"": ""of"", ""act"": 0.0}, {""tk"": ""state"", ""act"": 0.0}, {""tk"": ""United"", ""act"": 0.0}, {""tk"": ""attribute"", ""act"": 0.0}, {""tk"": ""seat"", ""act"": 0.0}, {""tk"": ""government"", ""act"": 0.0}, {""tk"": ""relationship"", ""act"": 0.0}, {""tk"": ""which"", ""act"": 0.0}, {""tk"": ""containing"", ""act"": 0.0}]"
0_5200,0,5200,attribute: The primary city serving as the seat of government for a state is the capital city, is,15,37.03398895263672,0.9444444444444444,functional,"[{""token"": "" capital"", ""index"": 17, ""distance"": 2, ""direction"": ""forward""}]",json,Semantic,Dictionary,0.8333333333333334,False,,is,"[{""tk"": ""is"", ""act"": 47.42398452758789}, {""tk"": ""entity"", ""act"": 0.0}, {""tk"": ""city"", ""act"": 0.0}, {""tk"": ""in"", ""act"": 0.0}, {""tk"": ""Oklahoma"", ""act"": 0.0}, {""tk"": ""USA"", ""act"": 0.0}, {""tk"": ""Tulsa"", ""act"": 0.0}, {""tk"": ""The"", ""act"": 0.0}, {""tk"": ""capital"", ""act"": 0.0}, {""tk"": ""of"", ""act"": 0.0}, {""tk"": ""state"", ""act"": 0.0}, {""tk"": ""United"", ""act"": 0.0}, {""tk"": ""attribute"", ""act"": 0.0}, {""tk"": ""seat"", ""act"": 0.0}, {""tk"": ""government"", ""act"": 0.0}, {""tk"": ""relationship"", ""act"": 0.0}, {""tk"": ""which"", ""act"": 0.0}, {""tk"": ""containing"", ""act"": 0.0}]"
0_2161,0,2161,attribute: The primary city serving as the seat of government for a state is the capital city,:,2,33.08920669555664,0.8469565393716465,functional,"[{""token"": "" primary"", ""index"": 4, ""distance"": 2, ""direction"": ""forward""}, {""token"": ""attribute"", ""index"": 1, ""distance"": 1, ""direction"": ""backward""}]",json,Semantic,Dictionary,1.0,False,,punctuation,"[{""tk"": ""of"", ""act"": 35.450897216796875}, {""tk"": ""in"", ""act"": 23.877574920654297}, {""tk"": ""entity"", ""act"": 0.0}, {""tk"": ""city"", ""act"": 0.0}, {""tk"": ""Oklahoma"", ""act"": 0.0}, {""tk"": ""USA"", ""act"": 0.0}, {""tk"": ""is"", ""act"": 0.0}, {""tk"": ""Tulsa"", ""act"": 0.0}, {""tk"": ""The"", ""act"": 0.0}, {""tk"": ""capital"", ""act"": 0.0}, {""tk"": ""state"", ""act"": 0.0}, {""tk"": ""United"", ""act"": 0.0}, {""tk"": ""attribute"", ""act"": 0.0}, {""tk"": ""seat"", ""act"": 0.0}, {""tk"": ""government"", ""act"": 0.0}, {""tk"": ""relationship"", ""act"": 0.0}, {""tk"": ""which"", ""act"": 0.0}, {""tk"": ""containing"", ""act"": 0.0}]"
0_89974,0,89974,attribute: The primary city serving as the seat of government for a state is the capital city, serving,6,29.976207733154297,0.9444444444444444,semantic,"[{""token"": "" serving"", ""index"": 6, ""distance"": 0, ""direction"": ""self""}]",n/a,Semantic,Dictionary (fallback),0.9,False,,containing,"[{""tk"": ""containing"", ""act"": 30.332237243652344}, {""tk"": ""entity"", ""act"": 0.0}, {""tk"": ""city"", ""act"": 0.0}, {""tk"": ""in"", ""act"": 0.0}, {""tk"": ""Oklahoma"", ""act"": 0.0}, {""tk"": ""USA"", ""act"": 0.0}, {""tk"": ""is"", ""act"": 0.0}, {""tk"": ""Tulsa"", ""act"": 0.0}, {""tk"": ""The"", ""act"": 0.0}, {""tk"": ""capital"", ""act"": 0.0}, {""tk"": ""of"", ""act"": 0.0}, {""tk"": ""state"", ""act"": 0.0}, {""tk"": ""United"", ""act"": 0.0}, {""tk"": ""attribute"", ""act"": 0.0}, {""tk"": ""seat"", ""act"": 0.0}, {""tk"": ""government"", ""act"": 0.0}, {""tk"": ""relationship"", ""act"": 0.0}, {""tk"": ""which"", ""act"": 0.0}]"
0_57840,0,57840,attribute: The primary city serving as the seat of government for a state is the capital city, state,14,28.926515579223636,0.9444444444444444,semantic,"[{""token"": "" state"", ""index"": 14, ""distance"": 0, ""direction"": ""self""}]",n/a,Semantic,Dictionary (fallback),0.9,False,,state,"[{""tk"": ""state"", ""act"": 37.14567565917969}, {""tk"": ""entity"", ""act"": 0.0}, {""tk"": ""city"", ""act"": 0.0}, {""tk"": ""in"", ""act"": 0.0}, {""tk"": ""Oklahoma"", ""act"": 0.0}, {""tk"": ""USA"", ""act"": 0.0}, {""tk"": ""is"", ""act"": 0.0}, {""tk"": ""Tulsa"", ""act"": 0.0}, {""tk"": ""The"", ""act"": 0.0}, {""tk"": ""capital"", ""act"": 0.0}, {""tk"": ""of"", ""act"": 0.0}, {""tk"": ""United"", ""act"": 0.0}, {""tk"": ""attribute"", ""act"": 0.0}, {""tk"": ""seat"", ""act"": 0.0}, {""tk"": ""government"", ""act"": 0.0}, {""tk"": ""relationship"", ""act"": 0.0}, {""tk"": ""which"", ""act"": 0.0}, {""tk"": ""containing"", ""act"": 0.0}]"
0_92029,0,92029,attribute: The primary city serving as the seat of government for a state is the capital city, the,16,28.859010696411133,0.8995878960561728,functional,"[{""token"": "" capital"", ""index"": 17, ""distance"": 1, ""direction"": ""forward""}]",json,Semantic,Dictionary (fallback),0.9,False,,the,"[{""tk"": ""the"", ""act"": 28.859010696411133}, {""tk"": ""entity"", ""act"": 0.0}, {""tk"": ""city"", ""act"": 0.0}, {""tk"": ""in"", ""act"": 0.0}, {""tk"": ""Oklahoma"", ""act"": 0.0}, {""tk"": ""USA"", ""act"": 0.0}, {""tk"": ""is"", ""act"": 0.0}, {""tk"": ""Tulsa"", ""act"": 0.0}, {""tk"": ""capital"", ""act"": 0.0}, {""tk"": ""of"", ""act"": 0.0}, {""tk"": ""state"", ""act"": 0.0}, {""tk"": ""United"", ""act"": 0.0}, {""tk"": ""attribute"", ""act"": 0.0}, {""tk"": ""seat"", ""act"": 0.0}, {""tk"": ""government"", ""act"": 0.0}, {""tk"": ""relationship"", ""act"": 0.0}, {""tk"": ""which"", ""act"": 0.0}, {""tk"": ""containing"", ""act"": 0.0}]"
0_54572,0,54572,attribute: The primary city serving as the seat of government for a state is the capital city, The,3,26.957427978515625,0.9444444444444444,functional,"[{""token"": "" primary"", ""index"": 4, ""distance"": 1, ""direction"": ""forward""}]",json,Semantic,Dictionary (fallback),0.9,False,,The,"[{""tk"": ""The"", ""act"": 30.514068603515625}, {""tk"": ""entity"", ""act"": 0.0}, {""tk"": ""city"", ""act"": 0.0}, {""tk"": ""in"", ""act"": 0.0}, {""tk"": ""Oklahoma"", ""act"": 0.0}, {""tk"": ""USA"", ""act"": 0.0}, {""tk"": ""is"", ""act"": 0.0}, {""tk"": ""Tulsa"", ""act"": 0.0}, {""tk"": ""capital"", ""act"": 0.0}, {""tk"": ""of"", ""act"": 0.0}, {""tk"": ""state"", ""act"": 0.0}, {""tk"": ""United"", ""act"": 0.0}, {""tk"": ""attribute"", ""act"": 0.0}, {""tk"": ""seat"", ""act"": 0.0}, {""tk"": ""government"", ""act"": 0.0}, {""tk"": ""relationship"", ""act"": 0.0}, {""tk"": ""which"", ""act"": 0.0}, {""tk"": ""containing"", ""act"": 0.0}]"
0_98149,0,98149,attribute: The primary city serving as the seat of government for a state is the capital city,attribute,1,26.52439308166504,0.8609379741639572,semantic,"[{""token"": ""attribute"", ""index"": 1, ""distance"": 0, ""direction"": ""self""}]",n/a,Semantic,Dictionary (fallback),0.9,False,,state,"[{""tk"": ""state"", ""act"": 31.780366897583008}, {""tk"": ""attribute"", ""act"": 26.52439308166504}, {""tk"": ""entity"", ""act"": 25.97108268737793}, {""tk"": ""relationship"", ""act"": 23.118804931640625}, {""tk"": ""city"", ""act"": 17.828733444213867}, {""tk"": ""capital"", ""act"": 16.205841064453125}, {""tk"": ""United"", ""act"": 7.620537757873535}, {""tk"": ""government"", ""act"": 4.9040398597717285}, {""tk"": ""seat"", ""act"": 0.8987782001495361}, {""tk"": ""in"", ""act"": 0.0}, {""tk"": ""Oklahoma"", ""act"": 0.0}, {""tk"": ""USA"", ""act"": 0.0}, {""tk"": ""is"", ""act"": 0.0}, {""tk"": ""Tulsa"", ""act"": 0.0}, {""tk"": ""The"", ""act"": 0.0}, {""tk"": ""of"", ""act"": 0.0}, {""tk"": ""which"", ""act"": 0.0}, {""tk"": ""containing"", ""act"": 0.0}]"
0_61562,0,61562,attribute: The primary city serving as the seat of government for a state is the capital city, of,10,16.734760284423828,0.9444444444444444,functional,"[{""token"": "" seat"", ""index"": 9, ""distance"": 1, ""direction"": ""backward""}]",json,Semantic,Dictionary,1.0,False,,of,"[{""tk"": ""of"", ""act"": 21.94182014465332}, {""tk"": ""entity"", ""act"": 0.0}, {""tk"": ""city"", ""act"": 0.0}, {""tk"": ""in"", ""act"": 0.0}, {""tk"": ""Oklahoma"", ""act"": 0.0}, {""tk"": ""USA"", ""act"": 0.0}, {""tk"": ""is"", ""act"": 0.0}, {""tk"": ""Tulsa"", ""act"": 0.0}, {""tk"": ""The"", ""act"": 0.0}, {""tk"": ""capital"", ""act"": 0.0}, {""tk"": ""state"", ""act"": 0.0}, {""tk"": ""United"", ""act"": 0.0}, {""tk"": ""attribute"", ""act"": 0.0}, {""tk"": ""seat"", ""act"": 0.0}, {""tk"": ""government"", ""act"": 0.0}, {""tk"": ""relationship"", ""act"": 0.0}, {""tk"": ""which"", ""act"": 0.0}, {""tk"": ""containing"", ""act"": 0.0}]"
0_44634,0,44634,attribute: The primary city serving as the seat of government for a state is the capital city,attribute,1,19.139753341674805,0.9444444444444444,semantic,"[{""token"": ""attribute"", ""index"": 1, ""distance"": 0, ""direction"": ""self""}]",n/a,Semantic,Dictionary (fallback),0.9,False,,relationship,"[{""tk"": ""relationship"", ""act"": 23.549901962280273}, {""tk"": ""attribute"", ""act"": 19.139753341674805}, {""tk"": ""entity"", ""act"": 14.3582763671875}, {""tk"": ""city"", ""act"": 0.0}, {""tk"": ""in"", ""act"": 0.0}, {""tk"": ""Oklahoma"", ""act"": 0.0}, {""tk"": ""USA"", ""act"": 0.0}, {""tk"": ""is"", ""act"": 0.0}, {""tk"": ""Tulsa"", ""act"": 0.0}, {""tk"": ""The"", ""act"": 0.0}, {""tk"": ""capital"", ""act"": 0.0}, {""tk"": ""of"", ""act"": 0.0}, {""tk"": ""state"", ""act"": 0.0}, {""tk"": ""United"", ""act"": 0.0}, {""tk"": ""seat"", ""act"": 0.0}, {""tk"": ""government"", ""act"": 0.0}, {""tk"": ""which"", ""act"": 0.0}, {""tk"": ""containing"", ""act"": 0.0}]"
0_42481,0,42481,attribute: The primary city serving as the seat of government for a state is the capital city, state,14,20.49988555908203,0.9444444444444444,semantic,"[{""token"": "" state"", ""index"": 14, ""distance"": 0, ""direction"": ""self""}]",n/a,Semantic,Dictionary (fallback),0.9,False,,state,"[{""tk"": ""state"", ""act"": 22.62320899963379}, {""tk"": ""entity"", ""act"": 0.0}, {""tk"": ""city"", ""act"": 0.0}, {""tk"": ""in"", ""act"": 0.0}, {""tk"": ""Oklahoma"", ""act"": 0.0}, {""tk"": ""USA"", ""act"": 0.0}, {""tk"": ""is"", ""act"": 0.0}, {""tk"": ""Tulsa"", ""act"": 0.0}, {""tk"": ""The"", ""act"": 0.0}, {""tk"": ""capital"", ""act"": 0.0}, {""tk"": ""of"", ""act"": 0.0}, {""tk"": ""United"", ""act"": 0.0}, {""tk"": ""attribute"", ""act"": 0.0}, {""tk"": ""seat"", ""act"": 0.0}, {""tk"": ""government"", ""act"": 0.0}, {""tk"": ""relationship"", ""act"": 0.0}, {""tk"": ""which"", ""act"": 0.0}, {""tk"": ""containing"", ""act"": 0.0}]"
0_13347,0,13347,attribute: The primary city serving as the seat of government for a state is the capital city, state,14,19.623533248901367,0.9444444444444444,semantic,"[{""token"": "" state"", ""index"": 14, ""distance"": 0, ""direction"": ""self""}]",n/a,Semantic,Dictionary (fallback),0.9,False,,state,"[{""tk"": ""state"", ""act"": 30.316205978393555}, {""tk"": ""entity"", ""act"": 0.0}, {""tk"": ""city"", ""act"": 0.0}, {""tk"": ""in"", ""act"": 0.0}, {""tk"": ""Oklahoma"", ""act"": 0.0}, {""tk"": ""USA"", ""act"": 0.0}, {""tk"": ""is"", ""act"": 0.0}, {""tk"": ""Tulsa"", ""act"": 0.0}, {""tk"": ""The"", ""act"": 0.0}, {""tk"": ""capital"", ""act"": 0.0}, {""tk"": ""of"", ""act"": 0.0}, {""tk"": ""United"", ""act"": 0.0}, {""tk"": ""attribute"", ""act"": 0.0}, {""tk"": ""seat"", ""act"": 0.0}, {""tk"": ""government"", ""act"": 0.0}, {""tk"": ""relationship"", ""act"": 0.0}, {""tk"": ""which"", ""act"": 0.0}, {""tk"": ""containing"", ""act"": 0.0}]"
0_19204,0,19204,attribute: The primary city serving as the seat of government for a state is the capital city,attribute,1,0.0,0.0,semantic,"[{""token"": ""attribute"", ""index"": 1, ""distance"": 0, ""direction"": ""self""}]",n/a,Relationship,,1.0,False,,(entity) related,"[{""tk"": ""entity"", ""act"": 0.0}, {""tk"": ""city"", ""act"": 0.0}, {""tk"": ""in"", ""act"": 0.0}, {""tk"": ""Oklahoma"", ""act"": 0.0}, {""tk"": ""USA"", ""act"": 0.0}, {""tk"": ""is"", ""act"": 0.0}, {""tk"": ""Tulsa"", ""act"": 0.0}, {""tk"": ""The"", ""act"": 0.0}, {""tk"": ""capital"", ""act"": 0.0}, {""tk"": ""of"", ""act"": 0.0}, {""tk"": ""state"", ""act"": 0.0}, {""tk"": ""United"", ""act"": 0.0}, {""tk"": ""attribute"", ""act"": 0.0}, {""tk"": ""seat"", ""act"": 0.0}, {""tk"": ""government"", ""act"": 0.0}, {""tk"": ""relationship"", ""act"": 0.0}, {""tk"": ""which"", ""act"": 0.0}, {""tk"": ""containing"", ""act"": 0.0}]"
0_53491,0,53491,attribute: The primary city serving as the seat of government for a state is the capital city, capital,17,16.344919204711914,0.9444444444444444,semantic,"[{""token"": "" capital"", ""index"": 17, ""distance"": 0, ""direction"": ""self""}]",n/a,Semantic,Dictionary,1.0,False,,capital,"[{""tk"": ""capital"", ""act"": 16.344919204711914}, {""tk"": ""entity"", ""act"": 0.0}, {""tk"": ""city"", ""act"": 0.0}, {""tk"": ""in"", ""act"": 0.0}, {""tk"": ""Oklahoma"", ""act"": 0.0}, {""tk"": ""USA"", ""act"": 0.0}, {""tk"": ""is"", ""act"": 0.0}, {""tk"": ""Tulsa"", ""act"": 0.0}, {""tk"": ""The"", ""act"": 0.0}, {""tk"": ""of"", ""act"": 0.0}, {""tk"": ""state"", ""act"": 0.0}, {""tk"": ""United"", ""act"": 0.0}, {""tk"": ""attribute"", ""act"": 0.0}, {""tk"": ""seat"", ""act"": 0.0}, {""tk"": ""government"", ""act"": 0.0}, {""tk"": ""relationship"", ""act"": 0.0}, {""tk"": ""which"", ""act"": 0.0}, {""tk"": ""containing"", ""act"": 0.0}]"
0_50774,0,50774,attribute: The primary city serving as the seat of government for a state is the capital city, capital,17,11.918103218078612,0.9444444444444444,semantic,"[{""token"": "" capital"", ""index"": 17, ""distance"": 0, ""direction"": ""self""}]",n/a,Semantic,Dictionary,1.0,False,,capital,"[{""tk"": ""capital"", ""act"": 14.198838233947754}, {""tk"": ""entity"", ""act"": 0.0}, {""tk"": ""city"", ""act"": 0.0}, {""tk"": ""in"", ""act"": 0.0}, {""tk"": ""Oklahoma"", ""act"": 0.0}, {""tk"": ""USA"", ""act"": 0.0}, {""tk"": ""is"", ""act"": 0.0}, {""tk"": ""Tulsa"", ""act"": 0.0}, {""tk"": ""The"", ""act"": 0.0}, {""tk"": ""of"", ""act"": 0.0}, {""tk"": ""state"", ""act"": 0.0}, {""tk"": ""United"", ""act"": 0.0}, {""tk"": ""attribute"", ""act"": 0.0}, {""tk"": ""seat"", ""act"": 0.0}, {""tk"": ""government"", ""act"": 0.0}, {""tk"": ""relationship"", ""act"": 0.0}, {""tk"": ""which"", ""act"": 0.0}, {""tk"": ""containing"", ""act"": 0.0}]"
0_23293,0,23293,attribute: The primary city serving as the seat of government for a state is the capital city, capital,17,11.706600189208984,0.9444444444444444,semantic,"[{""token"": "" capital"", ""index"": 17, ""distance"": 0, ""direction"": ""self""}]",n/a,Semantic,Dictionary,1.0,False,,capital,"[{""tk"": ""capital"", ""act"": 12.355522155761719}, {""tk"": ""entity"", ""act"": 0.0}, {""tk"": ""city"", ""act"": 0.0}, {""tk"": ""in"", ""act"": 0.0}, {""tk"": ""Oklahoma"", ""act"": 0.0}, {""tk"": ""USA"", ""act"": 0.0}, {""tk"": ""is"", ""act"": 0.0}, {""tk"": ""Tulsa"", ""act"": 0.0}, {""tk"": ""The"", ""act"": 0.0}, {""tk"": ""of"", ""act"": 0.0}, {""tk"": ""state"", ""act"": 0.0}, {""tk"": ""United"", ""act"": 0.0}, {""tk"": ""attribute"", ""act"": 0.0}, {""tk"": ""seat"", ""act"": 0.0}, {""tk"": ""government"", ""act"": 0.0}, {""tk"": ""relationship"", ""act"": 0.0}, {""tk"": ""which"", ""act"": 0.0}, {""tk"": ""containing"", ""act"": 0.0}]"
0_81830,0,81830,attribute: The primary city serving as the seat of government for a state is the capital city,attribute,1,0.0,0.0,semantic,"[{""token"": ""attribute"", ""index"": 1, ""distance"": 0, ""direction"": ""self""}]",n/a,Semantic,Dictionary (fallback),0.9,False,,is,"[{""tk"": ""is"", ""act"": 5.611411094665527}, {""tk"": ""entity"", ""act"": 0.0}, {""tk"": ""city"", ""act"": 0.0}, {""tk"": ""in"", ""act"": 0.0}, {""tk"": ""Oklahoma"", ""act"": 0.0}, {""tk"": ""USA"", ""act"": 0.0}, {""tk"": ""Tulsa"", ""act"": 0.0}, {""tk"": ""The"", ""act"": 0.0}, {""tk"": ""capital"", ""act"": 0.0}, {""tk"": ""of"", ""act"": 0.0}, {""tk"": ""state"", ""act"": 0.0}, {""tk"": ""United"", ""act"": 0.0}, {""tk"": ""attribute"", ""act"": 0.0}, {""tk"": ""seat"", ""act"": 0.0}, {""tk"": ""government"", ""act"": 0.0}, {""tk"": ""relationship"", ""act"": 0.0}, {""tk"": ""which"", ""act"": 0.0}, {""tk"": ""containing"", ""act"": 0.0}]"
0_43624,0,43624,attribute: The primary city serving as the seat of government for a state is the capital city, capital,17,10.143529891967772,0.9444444444444444,semantic,"[{""token"": "" capital"", ""index"": 17, ""distance"": 0, ""direction"": ""self""}]",n/a,Semantic,Dictionary,1.0,False,,capital,"[{""tk"": ""capital"", ""act"": 10.143529891967773}, {""tk"": ""entity"", ""act"": 0.0}, {""tk"": ""city"", ""act"": 0.0}, {""tk"": ""in"", ""act"": 0.0}, {""tk"": ""Oklahoma"", ""act"": 0.0}, {""tk"": ""USA"", ""act"": 0.0}, {""tk"": ""is"", ""act"": 0.0}, {""tk"": ""Tulsa"", ""act"": 0.0}, {""tk"": ""The"", ""act"": 0.0}, {""tk"": ""of"", ""act"": 0.0}, {""tk"": ""state"", ""act"": 0.0}, {""tk"": ""United"", ""act"": 0.0}, {""tk"": ""attribute"", ""act"": 0.0}, {""tk"": ""seat"", ""act"": 0.0}, {""tk"": ""government"", ""act"": 0.0}, {""tk"": ""relationship"", ""act"": 0.0}, {""tk"": ""which"", ""act"": 0.0}, {""tk"": ""containing"", ""act"": 0.0}]"
0_82862,0,82862,attribute: The primary city serving as the seat of government for a state is the capital city, government,11,9.586883544921877,0.9444444444444444,semantic,"[{""token"": "" government"", ""index"": 11, ""distance"": 0, ""direction"": ""self""}]",n/a,Semantic,Dictionary (fallback),0.9,False,,government,"[{""tk"": ""government"", ""act"": 9.586883544921875}, {""tk"": ""capital"", ""act"": 8.219970703125}, {""tk"": ""state"", ""act"": 5.531653881072998}, {""tk"": ""relationship"", ""act"": 1.4258275032043457}, {""tk"": ""entity"", ""act"": 0.0}, {""tk"": ""city"", ""act"": 0.0}, {""tk"": ""in"", ""act"": 0.0}, {""tk"": ""Oklahoma"", ""act"": 0.0}, {""tk"": ""USA"", ""act"": 0.0}, {""tk"": ""is"", ""act"": 0.0}, {""tk"": ""Tulsa"", ""act"": 0.0}, {""tk"": ""The"", ""act"": 0.0}, {""tk"": ""of"", ""act"": 0.0}, {""tk"": ""United"", ""act"": 0.0}, {""tk"": ""attribute"", ""act"": 0.0}, {""tk"": ""seat"", ""act"": 0.0}, {""tk"": ""which"", ""act"": 0.0}, {""tk"": ""containing"", ""act"": 0.0}]"
0_39374,0,39374,attribute: The primary city serving as the seat of government for a state is the capital city, is,15,8.872506141662598,0.9444444444444444,functional,"[{""token"": "" capital"", ""index"": 17, ""distance"": 2, ""direction"": ""forward""}]",json,Semantic,Dictionary,0.8333333333333334,False,,is,"[{""tk"": ""is"", ""act"": 19.61667823791504}, {""tk"": ""entity"", ""act"": 0.0}, {""tk"": ""city"", ""act"": 0.0}, {""tk"": ""in"", ""act"": 0.0}, {""tk"": ""Oklahoma"", ""act"": 0.0}, {""tk"": ""USA"", ""act"": 0.0}, {""tk"": ""Tulsa"", ""act"": 0.0}, {""tk"": ""The"", ""act"": 0.0}, {""tk"": ""capital"", ""act"": 0.0}, {""tk"": ""of"", ""act"": 0.0}, {""tk"": ""state"", ""act"": 0.0}, {""tk"": ""United"", ""act"": 0.0}, {""tk"": ""attribute"", ""act"": 0.0}, {""tk"": ""seat"", ""act"": 0.0}, {""tk"": ""government"", ""act"": 0.0}, {""tk"": ""relationship"", ""act"": 0.0}, {""tk"": ""which"", ""act"": 0.0}, {""tk"": ""containing"", ""act"": 0.0}]"
0_46235,0,46235,attribute: The primary city serving as the seat of government for a state is the capital city, primary,4,8.337902069091797,0.9444444444444444,semantic,"[{""token"": "" primary"", ""index"": 4, ""distance"": 0, ""direction"": ""self""}]",n/a,Semantic,Dictionary (fallback),0.9,False,,state,"[{""tk"": ""state"", ""act"": 10.627107620239258}, {""tk"": ""capital"", ""act"": 9.485153198242188}, {""tk"": ""entity"", ""act"": 0.0}, {""tk"": ""city"", ""act"": 0.0}, {""tk"": ""in"", ""act"": 0.0}, {""tk"": ""Oklahoma"", ""act"": 0.0}, {""tk"": ""USA"", ""act"": 0.0}, {""tk"": ""is"", ""act"": 0.0}, {""tk"": ""Tulsa"", ""act"": 0.0}, {""tk"": ""The"", ""act"": 0.0}, {""tk"": ""of"", ""act"": 0.0}, {""tk"": ""United"", ""act"": 0.0}, {""tk"": ""attribute"", ""act"": 0.0}, {""tk"": ""seat"", ""act"": 0.0}, {""tk"": ""government"", ""act"": 0.0}, {""tk"": ""relationship"", ""act"": 0.0}, {""tk"": ""which"", ""act"": 0.0}, {""tk"": ""containing"", ""act"": 0.0}]"
0_20368,0,20368,attribute: The primary city serving as the seat of government for a state is the capital city, is,15,4.699363708496094,0.9444444444444444,functional,"[{""token"": "" capital"", ""index"": 17, ""distance"": 2, ""direction"": ""forward""}]",json,Semantic,Dictionary (fallback),0.9,False,,containing,"[{""tk"": ""containing"", ""act"": 8.030762672424316}, {""tk"": ""is"", ""act"": 6.553821563720703}, {""tk"": ""entity"", ""act"": 0.0}, {""tk"": ""city"", ""act"": 0.0}, {""tk"": ""in"", ""act"": 0.0}, {""tk"": ""Oklahoma"", ""act"": 0.0}, {""tk"": ""USA"", ""act"": 0.0}, {""tk"": ""Tulsa"", ""act"": 0.0}, {""tk"": ""The"", ""act"": 0.0}, {""tk"": ""capital"", ""act"": 0.0}, {""tk"": ""of"", ""act"": 0.0}, {""tk"": ""state"", ""act"": 0.0}, {""tk"": ""United"", ""act"": 0.0}, {""tk"": ""attribute"", ""act"": 0.0}, {""tk"": ""seat"", ""act"": 0.0}, {""tk"": ""government"", ""act"": 0.0}, {""tk"": ""relationship"", ""act"": 0.0}, {""tk"": ""which"", ""act"": 0.0}]"
0_6264,0,6264,attribute: The primary city serving as the seat of government for a state is the capital city, capital,17,7.520436763763428,0.9444444444444444,semantic,"[{""token"": "" capital"", ""index"": 17, ""distance"": 0, ""direction"": ""self""}]",n/a,Semantic,Dictionary,1.0,False,,capital,"[{""tk"": ""capital"", ""act"": 9.430625915527344}, {""tk"": ""entity"", ""act"": 0.0}, {""tk"": ""city"", ""act"": 0.0}, {""tk"": ""in"", ""act"": 0.0}, {""tk"": ""Oklahoma"", ""act"": 0.0}, {""tk"": ""USA"", ""act"": 0.0}, {""tk"": ""is"", ""act"": 0.0}, {""tk"": ""Tulsa"", ""act"": 0.0}, {""tk"": ""The"", ""act"": 0.0}, {""tk"": ""of"", ""act"": 0.0}, {""tk"": ""state"", ""act"": 0.0}, {""tk"": ""United"", ""act"": 0.0}, {""tk"": ""attribute"", ""act"": 0.0}, {""tk"": ""seat"", ""act"": 0.0}, {""tk"": ""government"", ""act"": 0.0}, {""tk"": ""relationship"", ""act"": 0.0}, {""tk"": ""which"", ""act"": 0.0}, {""tk"": ""containing"", ""act"": 0.0}]"
0_63548,0,63548,attribute: The primary city serving as the seat of government for a state is the capital city, capital,17,6.786430358886719,0.9444444444444444,semantic,"[{""token"": "" capital"", ""index"": 17, ""distance"": 0, ""direction"": ""self""}]",n/a,Semantic,Dictionary,1.0,False,,capital,"[{""tk"": ""capital"", ""act"": 9.130105972290039}, {""tk"": ""entity"", ""act"": 0.0}, {""tk"": ""city"", ""act"": 0.0}, {""tk"": ""in"", ""act"": 0.0}, {""tk"": ""Oklahoma"", ""act"": 0.0}, {""tk"": ""USA"", ""act"": 0.0}, {""tk"": ""is"", ""act"": 0.0}, {""tk"": ""Tulsa"", ""act"": 0.0}, {""tk"": ""The"", ""act"": 0.0}, {""tk"": ""of"", ""act"": 0.0}, {""tk"": ""state"", ""act"": 0.0}, {""tk"": ""United"", ""act"": 0.0}, {""tk"": ""attribute"", ""act"": 0.0}, {""tk"": ""seat"", ""act"": 0.0}, {""tk"": ""government"", ""act"": 0.0}, {""tk"": ""relationship"", ""act"": 0.0}, {""tk"": ""which"", ""act"": 0.0}, {""tk"": ""containing"", ""act"": 0.0}]"
0_15430,0,15430,attribute: The primary city serving as the seat of government for a state is the capital city, capital,17,6.687129020690918,0.9444444444444444,semantic,"[{""token"": "" capital"", ""index"": 17, ""distance"": 0, ""direction"": ""self""}]",n/a,Semantic,Dictionary,1.0,False,,capital,"[{""tk"": ""capital"", ""act"": 8.16793155670166}, {""tk"": ""entity"", ""act"": 0.0}, {""tk"": ""city"", ""act"": 0.0}, {""tk"": ""in"", ""act"": 0.0}, {""tk"": ""Oklahoma"", ""act"": 0.0}, {""tk"": ""USA"", ""act"": 0.0}, {""tk"": ""is"", ""act"": 0.0}, {""tk"": ""Tulsa"", ""act"": 0.0}, {""tk"": ""The"", ""act"": 0.0}, {""tk"": ""of"", ""act"": 0.0}, {""tk"": ""state"", ""act"": 0.0}, {""tk"": ""United"", ""act"": 0.0}, {""tk"": ""attribute"", ""act"": 0.0}, {""tk"": ""seat"", ""act"": 0.0}, {""tk"": ""government"", ""act"": 0.0}, {""tk"": ""relationship"", ""act"": 0.0}, {""tk"": ""which"", ""act"": 0.0}, {""tk"": ""containing"", ""act"": 0.0}]"
0_37416,0,37416,attribute: The primary city serving as the seat of government for a state is the capital city, capital,17,6.665575981140137,0.9444444444444444,semantic,"[{""token"": "" capital"", ""index"": 17, ""distance"": 0, ""direction"": ""self""}]",n/a,Semantic,Dictionary,1.0,False,,capital,"[{""tk"": ""capital"", ""act"": 12.284197807312012}, {""tk"": ""entity"", ""act"": 0.0}, {""tk"": ""city"", ""act"": 0.0}, {""tk"": ""in"", ""act"": 0.0}, {""tk"": ""Oklahoma"", ""act"": 0.0}, {""tk"": ""USA"", ""act"": 0.0}, {""tk"": ""is"", ""act"": 0.0}, {""tk"": ""Tulsa"", ""act"": 0.0}, {""tk"": ""The"", ""act"": 0.0}, {""tk"": ""of"", ""act"": 0.0}, {""tk"": ""state"", ""act"": 0.0}, {""tk"": ""United"", ""act"": 0.0}, {""tk"": ""attribute"", ""act"": 0.0}, {""tk"": ""seat"", ""act"": 0.0}, {""tk"": ""government"", ""act"": 0.0}, {""tk"": ""relationship"", ""act"": 0.0}, {""tk"": ""which"", ""act"": 0.0}, {""tk"": ""containing"", ""act"": 0.0}]"
0_79529,0,79529,attribute: The primary city serving as the seat of government for a state is the capital city, is,15,5.952613353729248,0.9444444444444444,functional,"[{""token"": "" capital"", ""index"": 17, ""distance"": 2, ""direction"": ""forward""}]",json,Semantic,Dictionary,0.8333333333333334,False,,is,"[{""tk"": ""is"", ""act"": 15.42864990234375}, {""tk"": ""entity"", ""act"": 0.0}, {""tk"": ""city"", ""act"": 0.0}, {""tk"": ""in"", ""act"": 0.0}, {""tk"": ""Oklahoma"", ""act"": 0.0}, {""tk"": ""USA"", ""act"": 0.0}, {""tk"": ""Tulsa"", ""act"": 0.0}, {""tk"": ""The"", ""act"": 0.0}, {""tk"": ""capital"", ""act"": 0.0}, {""tk"": ""of"", ""act"": 0.0}, {""tk"": ""state"", ""act"": 0.0}, {""tk"": ""United"", ""act"": 0.0}, {""tk"": ""attribute"", ""act"": 0.0}, {""tk"": ""seat"", ""act"": 0.0}, {""tk"": ""government"", ""act"": 0.0}, {""tk"": ""relationship"", ""act"": 0.0}, {""tk"": ""which"", ""act"": 0.0}, {""tk"": ""containing"", ""act"": 0.0}]"
0_53531,0,53531,attribute: The primary city serving as the seat of government for a state is the capital city, capital,17,5.883442401885986,0.9444444444444444,semantic,"[{""token"": "" capital"", ""index"": 17, ""distance"": 0, ""direction"": ""self""}]",n/a,Semantic,Dictionary,1.0,False,,capital,"[{""tk"": ""capital"", ""act"": 8.328258514404297}, {""tk"": ""entity"", ""act"": 0.0}, {""tk"": ""city"", ""act"": 0.0}, {""tk"": ""in"", ""act"": 0.0}, {""tk"": ""Oklahoma"", ""act"": 0.0}, {""tk"": ""USA"", ""act"": 0.0}, {""tk"": ""is"", ""act"": 0.0}, {""tk"": ""Tulsa"", ""act"": 0.0}, {""tk"": ""The"", ""act"": 0.0}, {""tk"": ""of"", ""act"": 0.0}, {""tk"": ""state"", ""act"": 0.0}, {""tk"": ""United"", ""act"": 0.0}, {""tk"": ""attribute"", ""act"": 0.0}, {""tk"": ""seat"", ""act"": 0.0}, {""tk"": ""government"", ""act"": 0.0}, {""tk"": ""relationship"", ""act"": 0.0}, {""tk"": ""which"", ""act"": 0.0}, {""tk"": ""containing"", ""act"": 0.0}]"
0_81124,0,81124,attribute: The primary city serving as the seat of government for a state is the capital city,attribute,1,0.0,0.0,semantic,"[{""token"": ""attribute"", ""index"": 1, ""distance"": 0, ""direction"": ""self""}]",n/a,Relationship,,1.0,False,,(entity) related,"[{""tk"": ""entity"", ""act"": 0.0}, {""tk"": ""city"", ""act"": 0.0}, {""tk"": ""in"", ""act"": 0.0}, {""tk"": ""Oklahoma"", ""act"": 0.0}, {""tk"": ""USA"", ""act"": 0.0}, {""tk"": ""is"", ""act"": 0.0}, {""tk"": ""Tulsa"", ""act"": 0.0}, {""tk"": ""The"", ""act"": 0.0}, {""tk"": ""capital"", ""act"": 0.0}, {""tk"": ""of"", ""act"": 0.0}, {""tk"": ""state"", ""act"": 0.0}, {""tk"": ""United"", ""act"": 0.0}, {""tk"": ""attribute"", ""act"": 0.0}, {""tk"": ""seat"", ""act"": 0.0}, {""tk"": ""government"", ""act"": 0.0}, {""tk"": ""relationship"", ""act"": 0.0}, {""tk"": ""which"", ""act"": 0.0}, {""tk"": ""containing"", ""act"": 0.0}]"
0_41589,0,41589,attribute: The primary city serving as the seat of government for a state is the capital city, capital,17,5.249173164367676,0.9444444444444444,semantic,"[{""token"": "" capital"", ""index"": 17, ""distance"": 0, ""direction"": ""self""}]",n/a,Semantic,Dictionary,1.0,False,,capital,"[{""tk"": ""capital"", ""act"": 7.369453430175781}, {""tk"": ""entity"", ""act"": 0.0}, {""tk"": ""city"", ""act"": 0.0}, {""tk"": ""in"", ""act"": 0.0}, {""tk"": ""Oklahoma"", ""act"": 0.0}, {""tk"": ""USA"", ""act"": 0.0}, {""tk"": ""is"", ""act"": 0.0}, {""tk"": ""Tulsa"", ""act"": 0.0}, {""tk"": ""The"", ""act"": 0.0}, {""tk"": ""of"", ""act"": 0.0}, {""tk"": ""state"", ""act"": 0.0}, {""tk"": ""United"", ""act"": 0.0}, {""tk"": ""attribute"", ""act"": 0.0}, {""tk"": ""seat"", ""act"": 0.0}, {""tk"": ""government"", ""act"": 0.0}, {""tk"": ""relationship"", ""act"": 0.0}, {""tk"": ""which"", ""act"": 0.0}, {""tk"": ""containing"", ""act"": 0.0}]"
0_61257,0,61257,attribute: The primary city serving as the seat of government for a state is the capital city, state,14,4.628973960876465,0.9444444444444444,semantic,"[{""token"": "" state"", ""index"": 14, ""distance"": 0, ""direction"": ""self""}]",n/a,Semantic,Dictionary (fallback),0.9,False,,state,"[{""tk"": ""state"", ""act"": 15.710807800292969}, {""tk"": ""entity"", ""act"": 0.0}, {""tk"": ""city"", ""act"": 0.0}, {""tk"": ""in"", ""act"": 0.0}, {""tk"": ""Oklahoma"", ""act"": 0.0}, {""tk"": ""USA"", ""act"": 0.0}, {""tk"": ""is"", ""act"": 0.0}, {""tk"": ""Tulsa"", ""act"": 0.0}, {""tk"": ""The"", ""act"": 0.0}, {""tk"": ""capital"", ""act"": 0.0}, {""tk"": ""of"", ""act"": 0.0}, {""tk"": ""United"", ""act"": 0.0}, {""tk"": ""attribute"", ""act"": 0.0}, {""tk"": ""seat"", ""act"": 0.0}, {""tk"": ""government"", ""act"": 0.0}, {""tk"": ""relationship"", ""act"": 0.0}, {""tk"": ""which"", ""act"": 0.0}, {""tk"": ""containing"", ""act"": 0.0}]"
0_31953,0,31953,attribute: The primary city serving as the seat of government for a state is the capital city, capital,17,4.551955223083496,0.9444444444444444,semantic,"[{""token"": "" capital"", ""index"": 17, ""distance"": 0, ""direction"": ""self""}]",n/a,Semantic,Dictionary,1.0,False,,capital,"[{""tk"": ""capital"", ""act"": 5.960221767425537}, {""tk"": ""entity"", ""act"": 0.0}, {""tk"": ""city"", ""act"": 0.0}, {""tk"": ""in"", ""act"": 0.0}, {""tk"": ""Oklahoma"", ""act"": 0.0}, {""tk"": ""USA"", ""act"": 0.0}, {""tk"": ""is"", ""act"": 0.0}, {""tk"": ""Tulsa"", ""act"": 0.0}, {""tk"": ""The"", ""act"": 0.0}, {""tk"": ""of"", ""act"": 0.0}, {""tk"": ""state"", ""act"": 0.0}, {""tk"": ""United"", ""act"": 0.0}, {""tk"": ""attribute"", ""act"": 0.0}, {""tk"": ""seat"", ""act"": 0.0}, {""tk"": ""government"", ""act"": 0.0}, {""tk"": ""relationship"", ""act"": 0.0}, {""tk"": ""which"", ""act"": 0.0}, {""tk"": ""containing"", ""act"": 0.0}]"
0_95264,0,95264,attribute: The primary city serving as the seat of government for a state is the capital city,attribute,1,4.412742614746094,0.9444444444444444,semantic,"[{""token"": ""attribute"", ""index"": 1, ""distance"": 0, ""direction"": ""self""}]",n/a,Semantic,Dictionary (fallback),0.9,False,,attribute,"[{""tk"": ""attribute"", ""act"": 4.412742614746094}, {""tk"": ""relationship"", ""act"": 1.6707706451416016}, {""tk"": ""entity"", ""act"": 0.0}, {""tk"": ""city"", ""act"": 0.0}, {""tk"": ""in"", ""act"": 0.0}, {""tk"": ""Oklahoma"", ""act"": 0.0}, {""tk"": ""USA"", ""act"": 0.0}, {""tk"": ""is"", ""act"": 0.0}, {""tk"": ""Tulsa"", ""act"": 0.0}, {""tk"": ""The"", ""act"": 0.0}, {""tk"": ""capital"", ""act"": 0.0}, {""tk"": ""of"", ""act"": 0.0}, {""tk"": ""state"", ""act"": 0.0}, {""tk"": ""United"", ""act"": 0.0}, {""tk"": ""seat"", ""act"": 0.0}, {""tk"": ""government"", ""act"": 0.0}, {""tk"": ""which"", ""act"": 0.0}, {""tk"": ""containing"", ""act"": 0.0}]"
0_12284,0,12284,attribute: The primary city serving as the seat of government for a state is the capital city,attribute,1,0.0,0.0,semantic,"[{""token"": ""attribute"", ""index"": 1, ""distance"": 0, ""direction"": ""self""}]",n/a,Relationship,,1.0,False,,(entity) related,"[{""tk"": ""entity"", ""act"": 0.0}, {""tk"": ""city"", ""act"": 0.0}, {""tk"": ""in"", ""act"": 0.0}, {""tk"": ""Oklahoma"", ""act"": 0.0}, {""tk"": ""USA"", ""act"": 0.0}, {""tk"": ""is"", ""act"": 0.0}, {""tk"": ""Tulsa"", ""act"": 0.0}, {""tk"": ""The"", ""act"": 0.0}, {""tk"": ""capital"", ""act"": 0.0}, {""tk"": ""of"", ""act"": 0.0}, {""tk"": ""state"", ""act"": 0.0}, {""tk"": ""United"", ""act"": 0.0}, {""tk"": ""attribute"", ""act"": 0.0}, {""tk"": ""seat"", ""act"": 0.0}, {""tk"": ""government"", ""act"": 0.0}, {""tk"": ""relationship"", ""act"": 0.0}, {""tk"": ""which"", ""act"": 0.0}, {""tk"": ""containing"", ""act"": 0.0}]"
0_47638,0,47638,attribute: The primary city serving as the seat of government for a state is the capital city,attribute,1,0.0,0.0,semantic,"[{""token"": ""attribute"", ""index"": 1, ""distance"": 0, ""direction"": ""self""}]",n/a,Semantic,Dictionary,1.0,False,,containing,"[{""tk"": ""containing"", ""act"": 11.569823265075684}, {""tk"": ""entity"", ""act"": 0.0}, {""tk"": ""city"", ""act"": 0.0}, {""tk"": ""in"", ""act"": 0.0}, {""tk"": ""Oklahoma"", ""act"": 0.0}, {""tk"": ""USA"", ""act"": 0.0}, {""tk"": ""is"", ""act"": 0.0}, {""tk"": ""Tulsa"", ""act"": 0.0}, {""tk"": ""The"", ""act"": 0.0}, {""tk"": ""capital"", ""act"": 0.0}, {""tk"": ""of"", ""act"": 0.0}, {""tk"": ""state"", ""act"": 0.0}, {""tk"": ""United"", ""act"": 0.0}, {""tk"": ""attribute"", ""act"": 0.0}, {""tk"": ""seat"", ""act"": 0.0}, {""tk"": ""government"", ""act"": 0.0}, {""tk"": ""relationship"", ""act"": 0.0}, {""tk"": ""which"", ""act"": 0.0}]"
0_76137,0,76137,attribute: The primary city serving as the seat of government for a state is the capital city,attribute,1,0.0,0.0,semantic,"[{""token"": ""attribute"", ""index"": 1, ""distance"": 0, ""direction"": ""self""}]",n/a,Semantic,Dictionary (fallback),0.9,False,,Oklahoma,"[{""tk"": ""Oklahoma"", ""act"": 16.745393753051758}, {""tk"": ""USA"", ""act"": 5.198422908782959}, {""tk"": ""Tulsa"", ""act"": 2.9896798133850098}, {""tk"": ""entity"", ""act"": 0.0}, {""tk"": ""city"", ""act"": 0.0}, {""tk"": ""in"", ""act"": 0.0}, {""tk"": ""is"", ""act"": 0.0}, {""tk"": ""The"", ""act"": 0.0}, {""tk"": ""capital"", ""act"": 0.0}, {""tk"": ""of"", ""act"": 0.0}, {""tk"": ""state"", ""act"": 0.0}, {""tk"": ""United"", ""act"": 0.0}, {""tk"": ""attribute"", ""act"": 0.0}, {""tk"": ""seat"", ""act"": 0.0}, {""tk"": ""government"", ""act"": 0.0}, {""tk"": ""relationship"", ""act"": 0.0}, {""tk"": ""which"", ""act"": 0.0}, {""tk"": ""containing"", ""act"": 0.0}]"
0_5916,0,5916,attribute: The primary city serving as the seat of government for a state is the capital city,attribute,1,0.0,0.0,semantic,"[{""token"": ""attribute"", ""index"": 1, ""distance"": 0, ""direction"": ""self""}]",n/a,Semantic,Dictionary (fallback),0.9,False,,capital,"[{""tk"": ""capital"", ""act"": 18.749942779541016}, {""tk"": ""entity"", ""act"": 0.0}, {""tk"": ""city"", ""act"": 0.0}, {""tk"": ""in"", ""act"": 0.0}, {""tk"": ""Oklahoma"", ""act"": 0.0}, {""tk"": ""USA"", ""act"": 0.0}, {""tk"": ""is"", ""act"": 0.0}, {""tk"": ""Tulsa"", ""act"": 0.0}, {""tk"": ""The"", ""act"": 0.0}, {""tk"": ""of"", ""act"": 0.0}, {""tk"": ""state"", ""act"": 0.0}, {""tk"": ""United"", ""act"": 0.0}, {""tk"": ""attribute"", ""act"": 0.0}, {""tk"": ""seat"", ""act"": 0.0}, {""tk"": ""government"", ""act"": 0.0}, {""tk"": ""relationship"", ""act"": 0.0}, {""tk"": ""which"", ""act"": 0.0}, {""tk"": ""containing"", ""act"": 0.0}]"
0_8411,0,8411,attribute: The primary city serving as the seat of government for a state is the capital city,attribute,1,0.0,0.0,semantic,"[{""token"": ""attribute"", ""index"": 1, ""distance"": 0, ""direction"": ""self""}]",n/a,Semantic,Dictionary,1.0,False,,Tulsa,"[{""tk"": ""Tulsa"", ""act"": 13.844260215759277}, {""tk"": ""entity"", ""act"": 0.0}, {""tk"": ""city"", ""act"": 0.0}, {""tk"": ""in"", ""act"": 0.0}, {""tk"": ""Oklahoma"", ""act"": 0.0}, {""tk"": ""USA"", ""act"": 0.0}, {""tk"": ""is"", ""act"": 0.0}, {""tk"": ""The"", ""act"": 0.0}, {""tk"": ""capital"", ""act"": 0.0}, {""tk"": ""of"", ""act"": 0.0}, {""tk"": ""state"", ""act"": 0.0}, {""tk"": ""United"", ""act"": 0.0}, {""tk"": ""attribute"", ""act"": 0.0}, {""tk"": ""seat"", ""act"": 0.0}, {""tk"": ""government"", ""act"": 0.0}, {""tk"": ""relationship"", ""act"": 0.0}, {""tk"": ""which"", ""act"": 0.0}, {""tk"": ""containing"", ""act"": 0.0}]"
0_15636,0,15636,attribute: The primary city serving as the seat of government for a state is the capital city,attribute,1,0.0,0.0,semantic,"[{""token"": ""attribute"", ""index"": 1, ""distance"": 0, ""direction"": ""self""}]",n/a,Semantic,Dictionary (fallback),0.9,False,,of,"[{""tk"": ""of"", ""act"": 6.796746253967285}, {""tk"": ""entity"", ""act"": 0.0}, {""tk"": ""city"", ""act"": 0.0}, {""tk"": ""in"", ""act"": 0.0}, {""tk"": ""Oklahoma"", ""act"": 0.0}, {""tk"": ""USA"", ""act"": 0.0}, {""tk"": ""is"", ""act"": 0.0}, {""tk"": ""Tulsa"", ""act"": 0.0}, {""tk"": ""The"", ""act"": 0.0}, {""tk"": ""capital"", ""act"": 0.0}, {""tk"": ""state"", ""act"": 0.0}, {""tk"": ""United"", ""act"": 0.0}, {""tk"": ""attribute"", ""act"": 0.0}, {""tk"": ""seat"", ""act"": 0.0}, {""tk"": ""government"", ""act"": 0.0}, {""tk"": ""relationship"", ""act"": 0.0}, {""tk"": ""which"", ""act"": 0.0}, {""tk"": ""containing"", ""act"": 0.0}]"
0_17405,0,17405,attribute: The primary city serving as the seat of government for a state is the capital city,attribute,1,0.0,0.0,semantic,"[{""token"": ""attribute"", ""index"": 1, ""distance"": 0, ""direction"": ""self""}]",n/a,Semantic,Dictionary,1.0,False,,Tulsa,"[{""tk"": ""Tulsa"", ""act"": 5.863439559936523}, {""tk"": ""entity"", ""act"": 0.0}, {""tk"": ""city"", ""act"": 0.0}, {""tk"": ""in"", ""act"": 0.0}, {""tk"": ""Oklahoma"", ""act"": 0.0}, {""tk"": ""USA"", ""act"": 0.0}, {""tk"": ""is"", ""act"": 0.0}, {""tk"": ""The"", ""act"": 0.0}, {""tk"": ""capital"", ""act"": 0.0}, {""tk"": ""of"", ""act"": 0.0}, {""tk"": ""state"", ""act"": 0.0}, {""tk"": ""United"", ""act"": 0.0}, {""tk"": ""attribute"", ""act"": 0.0}, {""tk"": ""seat"", ""act"": 0.0}, {""tk"": ""government"", ""act"": 0.0}, {""tk"": ""relationship"", ""act"": 0.0}, {""tk"": ""which"", ""act"": 0.0}, {""tk"": ""containing"", ""act"": 0.0}]"
0_17761,0,17761,attribute: The primary city serving as the seat of government for a state is the capital city,attribute,1,0.0,0.0,semantic,"[{""token"": ""attribute"", ""index"": 1, ""distance"": 0, ""direction"": ""self""}]",n/a,Semantic,Dictionary,1.0,False,,Tulsa,"[{""tk"": ""Tulsa"", ""act"": 15.078821182250977}, {""tk"": ""entity"", ""act"": 0.0}, {""tk"": ""city"", ""act"": 0.0}, {""tk"": ""in"", ""act"": 0.0}, {""tk"": ""Oklahoma"", ""act"": 0.0}, {""tk"": ""USA"", ""act"": 0.0}, {""tk"": ""is"", ""act"": 0.0}, {""tk"": ""The"", ""act"": 0.0}, {""tk"": ""capital"", ""act"": 0.0}, {""tk"": ""of"", ""act"": 0.0}, {""tk"": ""state"", ""act"": 0.0}, {""tk"": ""United"", ""act"": 0.0}, {""tk"": ""attribute"", ""act"": 0.0}, {""tk"": ""seat"", ""act"": 0.0}, {""tk"": ""government"", ""act"": 0.0}, {""tk"": ""relationship"", ""act"": 0.0}, {""tk"": ""which"", ""act"": 0.0}, {""tk"": ""containing"", ""act"": 0.0}]"
0_23477,0,23477,attribute: The primary city serving as the seat of government for a state is the capital city,attribute,1,0.0,0.0,semantic,"[{""token"": ""attribute"", ""index"": 1, ""distance"": 0, ""direction"": ""self""}]",n/a,Relationship,,1.0,False,,(entity) related,"[{""tk"": ""entity"", ""act"": 0.0}, {""tk"": ""city"", ""act"": 0.0}, {""tk"": ""in"", ""act"": 0.0}, {""tk"": ""Oklahoma"", ""act"": 0.0}, {""tk"": ""USA"", ""act"": 0.0}, {""tk"": ""is"", ""act"": 0.0}, {""tk"": ""Tulsa"", ""act"": 0.0}, {""tk"": ""The"", ""act"": 0.0}, {""tk"": ""capital"", ""act"": 0.0}, {""tk"": ""of"", ""act"": 0.0}, {""tk"": ""state"", ""act"": 0.0}, {""tk"": ""United"", ""act"": 0.0}, {""tk"": ""attribute"", ""act"": 0.0}, {""tk"": ""seat"", ""act"": 0.0}, {""tk"": ""government"", ""act"": 0.0}, {""tk"": ""relationship"", ""act"": 0.0}, {""tk"": ""which"", ""act"": 0.0}, {""tk"": ""containing"", ""act"": 0.0}]"
0_29904,0,29904,attribute: The primary city serving as the seat of government for a state is the capital city,attribute,1,0.0,0.0,semantic,"[{""token"": ""attribute"", ""index"": 1, ""distance"": 0, ""direction"": ""self""}]",n/a,Semantic,Dictionary,1.0,False,,containing,"[{""tk"": ""containing"", ""act"": 9.819502830505371}, {""tk"": ""entity"", ""act"": 0.0}, {""tk"": ""city"", ""act"": 0.0}, {""tk"": ""in"", ""act"": 0.0}, {""tk"": ""Oklahoma"", ""act"": 0.0}, {""tk"": ""USA"", ""act"": 0.0}, {""tk"": ""is"", ""act"": 0.0}, {""tk"": ""Tulsa"", ""act"": 0.0}, {""tk"": ""The"", ""act"": 0.0}, {""tk"": ""capital"", ""act"": 0.0}, {""tk"": ""of"", ""act"": 0.0}, {""tk"": ""state"", ""act"": 0.0}, {""tk"": ""United"", ""act"": 0.0}, {""tk"": ""attribute"", ""act"": 0.0}, {""tk"": ""seat"", ""act"": 0.0}, {""tk"": ""government"", ""act"": 0.0}, {""tk"": ""relationship"", ""act"": 0.0}, {""tk"": ""which"", ""act"": 0.0}]"
0_32742,0,32742,attribute: The primary city serving as the seat of government for a state is the capital city,attribute,1,0.0,0.0,semantic,"[{""token"": ""attribute"", ""index"": 1, ""distance"": 0, ""direction"": ""self""}]",n/a,Semantic,Dictionary (fallback),0.9,False,,Oklahoma,"[{""tk"": ""Oklahoma"", ""act"": 57.54841995239258}, {""tk"": ""Tulsa"", ""act"": 39.27741622924805}, {""tk"": ""entity"", ""act"": 0.0}, {""tk"": ""city"", ""act"": 0.0}, {""tk"": ""in"", ""act"": 0.0}, {""tk"": ""USA"", ""act"": 0.0}, {""tk"": ""is"", ""act"": 0.0}, {""tk"": ""The"", ""act"": 0.0}, {""tk"": ""capital"", ""act"": 0.0}, {""tk"": ""of"", ""act"": 0.0}, {""tk"": ""state"", ""act"": 0.0}, {""tk"": ""United"", ""act"": 0.0}, {""tk"": ""attribute"", ""act"": 0.0}, {""tk"": ""seat"", ""act"": 0.0}, {""tk"": ""government"", ""act"": 0.0}, {""tk"": ""relationship"", ""act"": 0.0}, {""tk"": ""which"", ""act"": 0.0}, {""tk"": ""containing"", ""act"": 0.0}]"
0_37567,0,37567,attribute: The primary city serving as the seat of government for a state is the capital city,attribute,1,0.0,0.0,semantic,"[{""token"": ""attribute"", ""index"": 1, ""distance"": 0, ""direction"": ""self""}]",n/a,Semantic,Dictionary,1.0,False,,containing,"[{""tk"": ""containing"", ""act"": 41.110591888427734}, {""tk"": ""entity"", ""act"": 0.0}, {""tk"": ""city"", ""act"": 0.0}, {""tk"": ""in"", ""act"": 0.0}, {""tk"": ""Oklahoma"", ""act"": 0.0}, {""tk"": ""USA"", ""act"": 0.0}, {""tk"": ""is"", ""act"": 0.0}, {""tk"": ""Tulsa"", ""act"": 0.0}, {""tk"": ""The"", ""act"": 0.0}, {""tk"": ""capital"", ""act"": 0.0}, {""tk"": ""of"", ""act"": 0.0}, {""tk"": ""state"", ""act"": 0.0}, {""tk"": ""United"", ""act"": 0.0}, {""tk"": ""attribute"", ""act"": 0.0}, {""tk"": ""seat"", ""act"": 0.0}, {""tk"": ""government"", ""act"": 0.0}, {""tk"": ""relationship"", ""act"": 0.0}, {""tk"": ""which"", ""act"": 0.0}]"
0_39328,0,39328,attribute: The primary city serving as the seat of government for a state is the capital city,attribute,1,0.0,0.0,semantic,"[{""token"": ""attribute"", ""index"": 1, ""distance"": 0, ""direction"": ""self""}]",n/a,Semantic,Dictionary,1.0,False,,Tulsa,"[{""tk"": ""Tulsa"", ""act"": 5.716144561767578}, {""tk"": ""entity"", ""act"": 0.0}, {""tk"": ""city"", ""act"": 0.0}, {""tk"": ""in"", ""act"": 0.0}, {""tk"": ""Oklahoma"", ""act"": 0.0}, {""tk"": ""USA"", ""act"": 0.0}, {""tk"": ""is"", ""act"": 0.0}, {""tk"": ""The"", ""act"": 0.0}, {""tk"": ""capital"", ""act"": 0.0}, {""tk"": ""of"", ""act"": 0.0}, {""tk"": ""state"", ""act"": 0.0}, {""tk"": ""United"", ""act"": 0.0}, {""tk"": ""attribute"", ""act"": 0.0}, {""tk"": ""seat"", ""act"": 0.0}, {""tk"": ""government"", ""act"": 0.0}, {""tk"": ""relationship"", ""act"": 0.0}, {""tk"": ""which"", ""act"": 0.0}, {""tk"": ""containing"", ""act"": 0.0}]"
0_42832,0,42832,attribute: The primary city serving as the seat of government for a state is the capital city,attribute,1,0.0,0.0,semantic,"[{""token"": ""attribute"", ""index"": 1, ""distance"": 0, ""direction"": ""self""}]",n/a,Semantic,Dictionary,1.0,False,,containing,"[{""tk"": ""containing"", ""act"": 11.472331047058105}, {""tk"": ""entity"", ""act"": 0.0}, {""tk"": ""city"", ""act"": 0.0}, {""tk"": ""in"", ""act"": 0.0}, {""tk"": ""Oklahoma"", ""act"": 0.0}, {""tk"": ""USA"", ""act"": 0.0}, {""tk"": ""is"", ""act"": 0.0}, {""tk"": ""Tulsa"", ""act"": 0.0}, {""tk"": ""The"", ""act"": 0.0}, {""tk"": ""capital"", ""act"": 0.0}, {""tk"": ""of"", ""act"": 0.0}, {""tk"": ""state"", ""act"": 0.0}, {""tk"": ""United"", ""act"": 0.0}, {""tk"": ""attribute"", ""act"": 0.0}, {""tk"": ""seat"", ""act"": 0.0}, {""tk"": ""government"", ""act"": 0.0}, {""tk"": ""relationship"", ""act"": 0.0}, {""tk"": ""which"", ""act"": 0.0}]"
0_44489,0,44489,attribute: The primary city serving as the seat of government for a state is the capital city,attribute,1,0.0,0.0,semantic,"[{""token"": ""attribute"", ""index"": 1, ""distance"": 0, ""direction"": ""self""}]",n/a,Relationship,,1.0,False,,(entity) related,"[{""tk"": ""entity"", ""act"": 0.0}, {""tk"": ""city"", ""act"": 0.0}, {""tk"": ""in"", ""act"": 0.0}, {""tk"": ""Oklahoma"", ""act"": 0.0}, {""tk"": ""USA"", ""act"": 0.0}, {""tk"": ""is"", ""act"": 0.0}, {""tk"": ""Tulsa"", ""act"": 0.0}, {""tk"": ""The"", ""act"": 0.0}, {""tk"": ""capital"", ""act"": 0.0}, {""tk"": ""of"", ""act"": 0.0}, {""tk"": ""state"", ""act"": 0.0}, {""tk"": ""United"", ""act"": 0.0}, {""tk"": ""attribute"", ""act"": 0.0}, {""tk"": ""seat"", ""act"": 0.0}, {""tk"": ""government"", ""act"": 0.0}, {""tk"": ""relationship"", ""act"": 0.0}, {""tk"": ""which"", ""act"": 0.0}, {""tk"": ""containing"", ""act"": 0.0}]"
0_44709,0,44709,attribute: The primary city serving as the seat of government for a state is the capital city,attribute,1,0.0,0.0,semantic,"[{""token"": ""attribute"", ""index"": 1, ""distance"": 0, ""direction"": ""self""}]",n/a,Semantic,Dictionary,1.0,False,,containing,"[{""tk"": ""containing"", ""act"": 6.07918643951416}, {""tk"": ""entity"", ""act"": 0.0}, {""tk"": ""city"", ""act"": 0.0}, {""tk"": ""in"", ""act"": 0.0}, {""tk"": ""Oklahoma"", ""act"": 0.0}, {""tk"": ""USA"", ""act"": 0.0}, {""tk"": ""is"", ""act"": 0.0}, {""tk"": ""Tulsa"", ""act"": 0.0}, {""tk"": ""The"", ""act"": 0.0}, {""tk"": ""capital"", ""act"": 0.0}, {""tk"": ""of"", ""act"": 0.0}, {""tk"": ""state"", ""act"": 0.0}, {""tk"": ""United"", ""act"": 0.0}, {""tk"": ""attribute"", ""act"": 0.0}, {""tk"": ""seat"", ""act"": 0.0}, {""tk"": ""government"", ""act"": 0.0}, {""tk"": ""relationship"", ""act"": 0.0}, {""tk"": ""which"", ""act"": 0.0}]"
0_48445,0,48445,attribute: The primary city serving as the seat of government for a state is the capital city,attribute,1,0.0,0.0,semantic,"[{""token"": ""attribute"", ""index"": 1, ""distance"": 0, ""direction"": ""self""}]",n/a,Semantic,Dictionary,1.0,False,,containing,"[{""tk"": ""containing"", ""act"": 6.267477512359619}, {""tk"": ""entity"", ""act"": 0.0}, {""tk"": ""city"", ""act"": 0.0}, {""tk"": ""in"", ""act"": 0.0}, {""tk"": ""Oklahoma"", ""act"": 0.0}, {""tk"": ""USA"", ""act"": 0.0}, {""tk"": ""is"", ""act"": 0.0}, {""tk"": ""Tulsa"", ""act"": 0.0}, {""tk"": ""The"", ""act"": 0.0}, {""tk"": ""capital"", ""act"": 0.0}, {""tk"": ""of"", ""act"": 0.0}, {""tk"": ""state"", ""act"": 0.0}, {""tk"": ""United"", ""act"": 0.0}, {""tk"": ""attribute"", ""act"": 0.0}, {""tk"": ""seat"", ""act"": 0.0}, {""tk"": ""government"", ""act"": 0.0}, {""tk"": ""relationship"", ""act"": 0.0}, {""tk"": ""which"", ""act"": 0.0}]"
0_49298,0,49298,attribute: The primary city serving as the seat of government for a state is the capital city,attribute,1,0.0,0.0,semantic,"[{""token"": ""attribute"", ""index"": 1, ""distance"": 0, ""direction"": ""self""}]",n/a,Semantic,Dictionary,1.0,False,,Tulsa,"[{""tk"": ""Tulsa"", ""act"": 9.717588424682617}, {""tk"": ""entity"", ""act"": 0.0}, {""tk"": ""city"", ""act"": 0.0}, {""tk"": ""in"", ""act"": 0.0}, {""tk"": ""Oklahoma"", ""act"": 0.0}, {""tk"": ""USA"", ""act"": 0.0}, {""tk"": ""is"", ""act"": 0.0}, {""tk"": ""The"", ""act"": 0.0}, {""tk"": ""capital"", ""act"": 0.0}, {""tk"": ""of"", ""act"": 0.0}, {""tk"": ""state"", ""act"": 0.0}, {""tk"": ""United"", ""act"": 0.0}, {""tk"": ""attribute"", ""act"": 0.0}, {""tk"": ""seat"", ""act"": 0.0}, {""tk"": ""government"", ""act"": 0.0}, {""tk"": ""relationship"", ""act"": 0.0}, {""tk"": ""which"", ""act"": 0.0}, {""tk"": ""containing"", ""act"": 0.0}]"
0_52264,0,52264,attribute: The primary city serving as the seat of government for a state is the capital city,attribute,1,0.0,0.0,semantic,"[{""token"": ""attribute"", ""index"": 1, ""distance"": 0, ""direction"": ""self""}]",n/a,Semantic,Dictionary,1.0,False,,containing,"[{""tk"": ""containing"", ""act"": 9.985231399536133}, {""tk"": ""entity"", ""act"": 0.0}, {""tk"": ""city"", ""act"": 0.0}, {""tk"": ""in"", ""act"": 0.0}, {""tk"": ""Oklahoma"", ""act"": 0.0}, {""tk"": ""USA"", ""act"": 0.0}, {""tk"": ""is"", ""act"": 0.0}, {""tk"": ""Tulsa"", ""act"": 0.0}, {""tk"": ""The"", ""act"": 0.0}, {""tk"": ""capital"", ""act"": 0.0}, {""tk"": ""of"", ""act"": 0.0}, {""tk"": ""state"", ""act"": 0.0}, {""tk"": ""United"", ""act"": 0.0}, {""tk"": ""attribute"", ""act"": 0.0}, {""tk"": ""seat"", ""act"": 0.0}, {""tk"": ""government"", ""act"": 0.0}, {""tk"": ""relationship"", ""act"": 0.0}, {""tk"": ""which"", ""act"": 0.0}]"
0_54197,0,54197,attribute: The primary city serving as the seat of government for a state is the capital city,attribute,1,0.0,0.0,semantic,"[{""token"": ""attribute"", ""index"": 1, ""distance"": 0, ""direction"": ""self""}]",n/a,Semantic,Dictionary,1.0,False,,containing,"[{""tk"": ""containing"", ""act"": 11.77919864654541}, {""tk"": ""entity"", ""act"": 0.0}, {""tk"": ""city"", ""act"": 0.0}, {""tk"": ""in"", ""act"": 0.0}, {""tk"": ""Oklahoma"", ""act"": 0.0}, {""tk"": ""USA"", ""act"": 0.0}, {""tk"": ""is"", ""act"": 0.0}, {""tk"": ""Tulsa"", ""act"": 0.0}, {""tk"": ""The"", ""act"": 0.0}, {""tk"": ""capital"", ""act"": 0.0}, {""tk"": ""of"", ""act"": 0.0}, {""tk"": ""state"", ""act"": 0.0}, {""tk"": ""United"", ""act"": 0.0}, {""tk"": ""attribute"", ""act"": 0.0}, {""tk"": ""seat"", ""act"": 0.0}, {""tk"": ""government"", ""act"": 0.0}, {""tk"": ""relationship"", ""act"": 0.0}, {""tk"": ""which"", ""act"": 0.0}]"
0_56748,0,56748,attribute: The primary city serving as the seat of government for a state is the capital city,attribute,1,0.0,0.0,semantic,"[{""token"": ""attribute"", ""index"": 1, ""distance"": 0, ""direction"": ""self""}]",n/a,Semantic,Dictionary (fallback),0.9,False,,state,"[{""tk"": ""state"", ""act"": 13.299398422241211}, {""tk"": ""entity"", ""act"": 0.0}, {""tk"": ""city"", ""act"": 0.0}, {""tk"": ""in"", ""act"": 0.0}, {""tk"": ""Oklahoma"", ""act"": 0.0}, {""tk"": ""USA"", ""act"": 0.0}, {""tk"": ""is"", ""act"": 0.0}, {""tk"": ""Tulsa"", ""act"": 0.0}, {""tk"": ""The"", ""act"": 0.0}, {""tk"": ""capital"", ""act"": 0.0}, {""tk"": ""of"", ""act"": 0.0}, {""tk"": ""United"", ""act"": 0.0}, {""tk"": ""attribute"", ""act"": 0.0}, {""tk"": ""seat"", ""act"": 0.0}, {""tk"": ""government"", ""act"": 0.0}, {""tk"": ""relationship"", ""act"": 0.0}, {""tk"": ""which"", ""act"": 0.0}, {""tk"": ""containing"", ""act"": 0.0}]"
0_56812,0,56812,attribute: The primary city serving as the seat of government for a state is the capital city,attribute,1,0.0,0.0,semantic,"[{""token"": ""attribute"", ""index"": 1, ""distance"": 0, ""direction"": ""self""}]",n/a,Semantic,Dictionary,1.0,False,,Tulsa,"[{""tk"": ""Tulsa"", ""act"": 13.3536376953125}, {""tk"": ""entity"", ""act"": 0.0}, {""tk"": ""city"", ""act"": 0.0}, {""tk"": ""in"", ""act"": 0.0}, {""tk"": ""Oklahoma"", ""act"": 0.0}, {""tk"": ""USA"", ""act"": 0.0}, {""tk"": ""is"", ""act"": 0.0}, {""tk"": ""The"", ""act"": 0.0}, {""tk"": ""capital"", ""act"": 0.0}, {""tk"": ""of"", ""act"": 0.0}, {""tk"": ""state"", ""act"": 0.0}, {""tk"": ""United"", ""act"": 0.0}, {""tk"": ""attribute"", ""act"": 0.0}, {""tk"": ""seat"", ""act"": 0.0}, {""tk"": ""government"", ""act"": 0.0}, {""tk"": ""relationship"", ""act"": 0.0}, {""tk"": ""which"", ""act"": 0.0}, {""tk"": ""containing"", ""act"": 0.0}]"
0_62872,0,62872,attribute: The primary city serving as the seat of government for a state is the capital city,attribute,1,0.0,0.0,semantic,"[{""token"": ""attribute"", ""index"": 1, ""distance"": 0, ""direction"": ""self""}]",n/a,Relationship,,1.0,False,,(entity) related,"[{""tk"": ""entity"", ""act"": 0.0}, {""tk"": ""city"", ""act"": 0.0}, {""tk"": ""in"", ""act"": 0.0}, {""tk"": ""Oklahoma"", ""act"": 0.0}, {""tk"": ""USA"", ""act"": 0.0}, {""tk"": ""is"", ""act"": 0.0}, {""tk"": ""Tulsa"", ""act"": 0.0}, {""tk"": ""The"", ""act"": 0.0}, {""tk"": ""capital"", ""act"": 0.0}, {""tk"": ""of"", ""act"": 0.0}, {""tk"": ""state"", ""act"": 0.0}, {""tk"": ""United"", ""act"": 0.0}, {""tk"": ""attribute"", ""act"": 0.0}, {""tk"": ""seat"", ""act"": 0.0}, {""tk"": ""government"", ""act"": 0.0}, {""tk"": ""relationship"", ""act"": 0.0}, {""tk"": ""which"", ""act"": 0.0}, {""tk"": ""containing"", ""act"": 0.0}]"
0_66754,0,66754,attribute: The primary city serving as the seat of government for a state is the capital city,attribute,1,0.0,0.0,semantic,"[{""token"": ""attribute"", ""index"": 1, ""distance"": 0, ""direction"": ""self""}]",n/a,Semantic,Dictionary,1.0,False,,containing,"[{""tk"": ""containing"", ""act"": 12.251155853271484}, {""tk"": ""entity"", ""act"": 0.0}, {""tk"": ""city"", ""act"": 0.0}, {""tk"": ""in"", ""act"": 0.0}, {""tk"": ""Oklahoma"", ""act"": 0.0}, {""tk"": ""USA"", ""act"": 0.0}, {""tk"": ""is"", ""act"": 0.0}, {""tk"": ""Tulsa"", ""act"": 0.0}, {""tk"": ""The"", ""act"": 0.0}, {""tk"": ""capital"", ""act"": 0.0}, {""tk"": ""of"", ""act"": 0.0}, {""tk"": ""state"", ""act"": 0.0}, {""tk"": ""United"", ""act"": 0.0}, {""tk"": ""attribute"", ""act"": 0.0}, {""tk"": ""seat"", ""act"": 0.0}, {""tk"": ""government"", ""act"": 0.0}, {""tk"": ""relationship"", ""act"": 0.0}, {""tk"": ""which"", ""act"": 0.0}]"
0_67553,0,67553,attribute: The primary city serving as the seat of government for a state is the capital city,attribute,1,0.0,0.0,semantic,"[{""token"": ""attribute"", ""index"": 1, ""distance"": 0, ""direction"": ""self""}]",n/a,Semantic,Dictionary,1.0,False,,containing,"[{""tk"": ""containing"", ""act"": 16.307926177978516}, {""tk"": ""entity"", ""act"": 0.0}, {""tk"": ""city"", ""act"": 0.0}, {""tk"": ""in"", ""act"": 0.0}, {""tk"": ""Oklahoma"", ""act"": 0.0}, {""tk"": ""USA"", ""act"": 0.0}, {""tk"": ""is"", ""act"": 0.0}, {""tk"": ""Tulsa"", ""act"": 0.0}, {""tk"": ""The"", ""act"": 0.0}, {""tk"": ""capital"", ""act"": 0.0}, {""tk"": ""of"", ""act"": 0.0}, {""tk"": ""state"", ""act"": 0.0}, {""tk"": ""United"", ""act"": 0.0}, {""tk"": ""attribute"", ""act"": 0.0}, {""tk"": ""seat"", ""act"": 0.0}, {""tk"": ""government"", ""act"": 0.0}, {""tk"": ""relationship"", ""act"": 0.0}, {""tk"": ""which"", ""act"": 0.0}]"
0_73095,0,73095,attribute: The primary city serving as the seat of government for a state is the capital city,attribute,1,0.0,0.0,semantic,"[{""token"": ""attribute"", ""index"": 1, ""distance"": 0, ""direction"": ""self""}]",n/a,Semantic,Dictionary,1.0,False,,containing,"[{""tk"": ""containing"", ""act"": 15.30929946899414}, {""tk"": ""entity"", ""act"": 0.0}, {""tk"": ""city"", ""act"": 0.0}, {""tk"": ""in"", ""act"": 0.0}, {""tk"": ""Oklahoma"", ""act"": 0.0}, {""tk"": ""USA"", ""act"": 0.0}, {""tk"": ""is"", ""act"": 0.0}, {""tk"": ""Tulsa"", ""act"": 0.0}, {""tk"": ""The"", ""act"": 0.0}, {""tk"": ""capital"", ""act"": 0.0}, {""tk"": ""of"", ""act"": 0.0}, {""tk"": ""state"", ""act"": 0.0}, {""tk"": ""United"", ""act"": 0.0}, {""tk"": ""attribute"", ""act"": 0.0}, {""tk"": ""seat"", ""act"": 0.0}, {""tk"": ""government"", ""act"": 0.0}, {""tk"": ""relationship"", ""act"": 0.0}, {""tk"": ""which"", ""act"": 0.0}]"
0_73557,0,73557,attribute: The primary city serving as the seat of government for a state is the capital city,attribute,1,0.0,0.0,semantic,"[{""token"": ""attribute"", ""index"": 1, ""distance"": 0, ""direction"": ""self""}]",n/a,Semantic,Dictionary (fallback),0.9,False,,Oklahoma,"[{""tk"": ""Oklahoma"", ""act"": 6.943502902984619}, {""tk"": ""Tulsa"", ""act"": 6.70407247543335}, {""tk"": ""entity"", ""act"": 0.0}, {""tk"": ""city"", ""act"": 0.0}, {""tk"": ""in"", ""act"": 0.0}, {""tk"": ""USA"", ""act"": 0.0}, {""tk"": ""is"", ""act"": 0.0}, {""tk"": ""The"", ""act"": 0.0}, {""tk"": ""capital"", ""act"": 0.0}, {""tk"": ""of"", ""act"": 0.0}, {""tk"": ""state"", ""act"": 0.0}, {""tk"": ""United"", ""act"": 0.0}, {""tk"": ""attribute"", ""act"": 0.0}, {""tk"": ""seat"", ""act"": 0.0}, {""tk"": ""government"", ""act"": 0.0}, {""tk"": ""relationship"", ""act"": 0.0}, {""tk"": ""which"", ""act"": 0.0}, {""tk"": ""containing"", ""act"": 0.0}]"
0_73833,0,73833,attribute: The primary city serving as the seat of government for a state is the capital city,attribute,1,0.0,0.0,semantic,"[{""token"": ""attribute"", ""index"": 1, ""distance"": 0, ""direction"": ""self""}]",n/a,Semantic,Dictionary,1.0,False,,containing,"[{""tk"": ""containing"", ""act"": 11.570135116577148}, {""tk"": ""entity"", ""act"": 0.0}, {""tk"": ""city"", ""act"": 0.0}, {""tk"": ""in"", ""act"": 0.0}, {""tk"": ""Oklahoma"", ""act"": 0.0}, {""tk"": ""USA"", ""act"": 0.0}, {""tk"": ""is"", ""act"": 0.0}, {""tk"": ""Tulsa"", ""act"": 0.0}, {""tk"": ""The"", ""act"": 0.0}, {""tk"": ""capital"", ""act"": 0.0}, {""tk"": ""of"", ""act"": 0.0}, {""tk"": ""state"", ""act"": 0.0}, {""tk"": ""United"", ""act"": 0.0}, {""tk"": ""attribute"", ""act"": 0.0}, {""tk"": ""seat"", ""act"": 0.0}, {""tk"": ""government"", ""act"": 0.0}, {""tk"": ""relationship"", ""act"": 0.0}, {""tk"": ""which"", ""act"": 0.0}]"
0_87610,0,87610,attribute: The primary city serving as the seat of government for a state is the capital city,attribute,1,0.0,0.0,semantic,"[{""token"": ""attribute"", ""index"": 1, ""distance"": 0, ""direction"": ""self""}]",n/a,Semantic,Dictionary (fallback),0.9,False,,Tulsa,"[{""tk"": ""Tulsa"", ""act"": 14.490642547607422}, {""tk"": ""Oklahoma"", ""act"": 8.371271133422852}, {""tk"": ""entity"", ""act"": 0.0}, {""tk"": ""city"", ""act"": 0.0}, {""tk"": ""in"", ""act"": 0.0}, {""tk"": ""USA"", ""act"": 0.0}, {""tk"": ""is"", ""act"": 0.0}, {""tk"": ""The"", ""act"": 0.0}, {""tk"": ""capital"", ""act"": 0.0}, {""tk"": ""of"", ""act"": 0.0}, {""tk"": ""state"", ""act"": 0.0}, {""tk"": ""United"", ""act"": 0.0}, {""tk"": ""attribute"", ""act"": 0.0}, {""tk"": ""seat"", ""act"": 0.0}, {""tk"": ""government"", ""act"": 0.0}, {""tk"": ""relationship"", ""act"": 0.0}, {""tk"": ""which"", ""act"": 0.0}, {""tk"": ""containing"", ""act"": 0.0}]"
0_88875,0,88875,attribute: The primary city serving as the seat of government for a state is the capital city,attribute,1,0.0,0.0,semantic,"[{""token"": ""attribute"", ""index"": 1, ""distance"": 0, ""direction"": ""self""}]",n/a,Semantic,Dictionary,1.0,False,,containing,"[{""tk"": ""containing"", ""act"": 13.765202522277832}, {""tk"": ""entity"", ""act"": 0.0}, {""tk"": ""city"", ""act"": 0.0}, {""tk"": ""in"", ""act"": 0.0}, {""tk"": ""Oklahoma"", ""act"": 0.0}, {""tk"": ""USA"", ""act"": 0.0}, {""tk"": ""is"", ""act"": 0.0}, {""tk"": ""Tulsa"", ""act"": 0.0}, {""tk"": ""The"", ""act"": 0.0}, {""tk"": ""capital"", ""act"": 0.0}, {""tk"": ""of"", ""act"": 0.0}, {""tk"": ""state"", ""act"": 0.0}, {""tk"": ""United"", ""act"": 0.0}, {""tk"": ""attribute"", ""act"": 0.0}, {""tk"": ""seat"", ""act"": 0.0}, {""tk"": ""government"", ""act"": 0.0}, {""tk"": ""relationship"", ""act"": 0.0}, {""tk"": ""which"", ""act"": 0.0}]"
0_94884,0,94884,attribute: The primary city serving as the seat of government for a state is the capital city,attribute,1,0.0,0.0,semantic,"[{""token"": ""attribute"", ""index"": 1, ""distance"": 0, ""direction"": ""self""}]",n/a,Semantic,Dictionary,1.0,False,,Tulsa,"[{""tk"": ""Tulsa"", ""act"": 10.35931396484375}, {""tk"": ""entity"", ""act"": 0.0}, {""tk"": ""city"", ""act"": 0.0}, {""tk"": ""in"", ""act"": 0.0}, {""tk"": ""Oklahoma"", ""act"": 0.0}, {""tk"": ""USA"", ""act"": 0.0}, {""tk"": ""is"", ""act"": 0.0}, {""tk"": ""The"", ""act"": 0.0}, {""tk"": ""capital"", ""act"": 0.0}, {""tk"": ""of"", ""act"": 0.0}, {""tk"": ""state"", ""act"": 0.0}, {""tk"": ""United"", ""act"": 0.0}, {""tk"": ""attribute"", ""act"": 0.0}, {""tk"": ""seat"", ""act"": 0.0}, {""tk"": ""government"", ""act"": 0.0}, {""tk"": ""relationship"", ""act"": 0.0}, {""tk"": ""which"", ""act"": 0.0}, {""tk"": ""containing"", ""act"": 0.0}]"
1_12928,1,12928,attribute: The primary city serving as the seat of government for a state is the capital city,attribute,1,116.61937713623048,0.4127678935237356,semantic,"[{""token"": ""attribute"", ""index"": 1, ""distance"": 0, ""direction"": ""self""}]",n/a,Relationship,,1.0,False,,(attribute) related,"[{""tk"": ""attribute"", ""act"": 116.61937713623047}, {""tk"": ""relationship"", ""act"": 115.05401611328125}, {""tk"": ""Oklahoma"", ""act"": 113.96753692626953}, {""tk"": ""entity"", ""act"": 105.53134155273438}, {""tk"": ""United"", ""act"": 103.95380401611328}, {""tk"": ""city"", ""act"": 102.33412170410156}, {""tk"": ""state"", ""act"": 91.09199523925781}, {""tk"": ""Tulsa"", ""act"": 89.87969970703125}, {""tk"": ""is"", ""act"": 87.51624298095703}, {""tk"": ""government"", ""act"": 86.91158294677734}, {""tk"": ""the"", ""act"": 86.17095947265625}, {""tk"": ""which"", ""act"": 82.6561279296875}, {""tk"": ""capital"", ""act"": 74.68241882324219}, {""tk"": ""in"", ""act"": 73.71795654296875}, {""tk"": ""USA"", ""act"": 73.03155517578125}, {""tk"": ""seat"", ""act"": 70.52598571777344}, {""tk"": ""of"", ""act"": 68.17405700683594}, {""tk"": ""containing"", ""act"": 62.237648010253906}]"
1_57794,1,57794,attribute: The primary city serving as the seat of government for a state is the capital city,attribute,1,125.1230239868164,0.4130285778648367,semantic,"[{""token"": ""attribute"", ""index"": 1, ""distance"": 0, ""direction"": ""self""}]",n/a,Relationship,,1.0,False,,(attribute) related,"[{""tk"": ""attribute"", ""act"": 125.1230239868164}, {""tk"": ""relationship"", ""act"": 121.0589599609375}, {""tk"": ""entity"", ""act"": 113.9979019165039}, {""tk"": ""Oklahoma"", ""act"": 95.80353546142578}, {""tk"": ""The"", ""act"": 90.81844329833984}, {""tk"": ""United"", ""act"": 90.7586898803711}, {""tk"": ""Tulsa"", ""act"": 89.61299896240234}, {""tk"": ""state"", ""act"": 85.2448959350586}, {""tk"": ""is"", ""act"": 84.57393646240234}, {""tk"": ""seat"", ""act"": 83.95726776123047}, {""tk"": ""of"", ""act"": 81.49526977539062}, {""tk"": ""in"", ""act"": 80.10187530517578}, {""tk"": ""USA"", ""act"": 78.79046630859375}, {""tk"": ""which"", ""act"": 78.58411407470703}, {""tk"": ""city"", ""act"": 78.5748291015625}, {""tk"": ""government"", ""act"": 78.36383819580078}, {""tk"": ""capital"", ""act"": 77.23419952392578}, {""tk"": ""containing"", ""act"": 74.69670104980469}]"
1_72774,1,72774,attribute: The primary city serving as the seat of government for a state is the capital city, primary,4,122.49185180664062,0.2993229489639901,semantic,"[{""token"": "" primary"", ""index"": 4, ""distance"": 0, ""direction"": ""self""}]",n/a,Relationship,,1.0,False,,(capital) related,"[{""tk"": ""capital"", ""act"": 102.21701049804688}, {""tk"": ""city"", ""act"": 98.39340209960938}, {""tk"": ""containing"", ""act"": 97.6826171875}, {""tk"": ""seat"", ""act"": 92.99653625488281}, {""tk"": ""state"", ""act"": 91.85028076171875}, {""tk"": ""is"", ""act"": 90.29220581054688}, {""tk"": ""government"", ""act"": 84.53697204589844}, {""tk"": ""USA"", ""act"": 84.1927490234375}, {""tk"": ""Oklahoma"", ""act"": 79.41793823242188}, {""tk"": ""the"", ""act"": 78.6541748046875}, {""tk"": ""of"", ""act"": 78.48052978515625}, {""tk"": ""which"", ""act"": 71.98298645019531}, {""tk"": ""in"", ""act"": 71.59417724609375}, {""tk"": ""United"", ""act"": 71.54949951171875}, {""tk"": ""Tulsa"", ""act"": 71.27827453613281}, {""tk"": ""entity"", ""act"": 41.08169174194336}, {""tk"": ""relationship"", ""act"": 40.78220748901367}, {""tk"": ""attribute"", ""act"": 23.17362403869629}]"
1_52044,1,52044,attribute: The primary city serving as the seat of government for a state is the capital city, capital,17,118.56844329833984,0.2652081829381711,semantic,"[{""token"": "" capital"", ""index"": 17, ""distance"": 0, ""direction"": ""self""}]",n/a,Relationship,,1.0,False,,(containing) related,"[{""tk"": ""containing"", ""act"": 125.91358184814453}, {""tk"": ""capital"", ""act"": 118.56844329833984}, {""tk"": ""city"", ""act"": 112.72059631347656}, {""tk"": ""state"", ""act"": 110.67672729492188}, {""tk"": ""USA"", ""act"": 106.47532653808594}, {""tk"": ""is"", ""act"": 100.27664184570312}, {""tk"": ""seat"", ""act"": 93.41542053222656}, {""tk"": ""government"", ""act"": 92.29335021972656}, {""tk"": ""which"", ""act"": 87.12095642089844}, {""tk"": ""United"", ""act"": 85.41799926757812}, {""tk"": ""The"", ""act"": 81.9691162109375}, {""tk"": ""Tulsa"", ""act"": 81.490478515625}, {""tk"": ""Oklahoma"", ""act"": 79.02906036376953}, {""tk"": ""in"", ""act"": 78.93173217773438}, {""tk"": ""of"", ""act"": 75.42842864990234}, {""tk"": ""entity"", ""act"": 61.78181838989258}, {""tk"": ""relationship"", ""act"": 56.93061447143555}, {""tk"": ""attribute"", ""act"": 43.5494384765625}]"
1_85217,1,85217,attribute: The primary city serving as the seat of government for a state is the capital city, capital,17,20.99380874633789,0.9444444444444444,semantic,"[{""token"": "" capital"", ""index"": 17, ""distance"": 0, ""direction"": ""self""}]",n/a,Semantic,Dictionary,1.0,False,,capital,"[{""tk"": ""capital"", ""act"": 20.99380874633789}, {""tk"": ""entity"", ""act"": 0.0}, {""tk"": ""city"", ""act"": 0.0}, {""tk"": ""in"", ""act"": 0.0}, {""tk"": ""Oklahoma"", ""act"": 0.0}, {""tk"": ""USA"", ""act"": 0.0}, {""tk"": ""is"", ""act"": 0.0}, {""tk"": ""Tulsa"", ""act"": 0.0}, {""tk"": ""The"", ""act"": 0.0}, {""tk"": ""of"", ""act"": 0.0}, {""tk"": ""state"", ""act"": 0.0}, {""tk"": ""United"", ""act"": 0.0}, {""tk"": ""attribute"", ""act"": 0.0}, {""tk"": ""seat"", ""act"": 0.0}, {""tk"": ""government"", ""act"": 0.0}, {""tk"": ""relationship"", ""act"": 0.0}, {""tk"": ""which"", ""act"": 0.0}, {""tk"": ""containing"", ""act"": 0.0}]"
1_74380,1,74380,attribute: The primary city serving as the seat of government for a state is the capital city, capital,17,13.881332397460938,0.9444444444444444,semantic,"[{""token"": "" capital"", ""index"": 17, ""distance"": 0, ""direction"": ""self""}]",n/a,Semantic,Dictionary,1.0,False,,capital,"[{""tk"": ""capital"", ""act"": 17.934070587158203}, {""tk"": ""entity"", ""act"": 0.0}, {""tk"": ""city"", ""act"": 0.0}, {""tk"": ""in"", ""act"": 0.0}, {""tk"": ""Oklahoma"", ""act"": 0.0}, {""tk"": ""USA"", ""act"": 0.0}, {""tk"": ""is"", ""act"": 0.0}, {""tk"": ""Tulsa"", ""act"": 0.0}, {""tk"": ""The"", ""act"": 0.0}, {""tk"": ""of"", ""act"": 0.0}, {""tk"": ""state"", ""act"": 0.0}, {""tk"": ""United"", ""act"": 0.0}, {""tk"": ""attribute"", ""act"": 0.0}, {""tk"": ""seat"", ""act"": 0.0}, {""tk"": ""government"", ""act"": 0.0}, {""tk"": ""relationship"", ""act"": 0.0}, {""tk"": ""which"", ""act"": 0.0}, {""tk"": ""containing"", ""act"": 0.0}]"
1_82299,1,82299,attribute: The primary city serving as the seat of government for a state is the capital city, capital,17,12.999090194702148,0.9444444444444444,semantic,"[{""token"": "" capital"", ""index"": 17, ""distance"": 0, ""direction"": ""self""}]",n/a,Semantic,Dictionary,1.0,False,,capital,"[{""tk"": ""capital"", ""act"": 12.999090194702148}, {""tk"": ""entity"", ""act"": 0.0}, {""tk"": ""city"", ""act"": 0.0}, {""tk"": ""in"", ""act"": 0.0}, {""tk"": ""Oklahoma"", ""act"": 0.0}, {""tk"": ""USA"", ""act"": 0.0}, {""tk"": ""is"", ""act"": 0.0}, {""tk"": ""Tulsa"", ""act"": 0.0}, {""tk"": ""The"", ""act"": 0.0}, {""tk"": ""of"", ""act"": 0.0}, {""tk"": ""state"", ""act"": 0.0}, {""tk"": ""United"", ""act"": 0.0}, {""tk"": ""attribute"", ""act"": 0.0}, {""tk"": ""seat"", ""act"": 0.0}, {""tk"": ""government"", ""act"": 0.0}, {""tk"": ""relationship"", ""act"": 0.0}, {""tk"": ""which"", ""act"": 0.0}, {""tk"": ""containing"", ""act"": 0.0}]"
1_18568,1,18568,attribute: The primary city serving as the seat of government for a state is the capital city, is,15,5.408833980560303,0.9444444444444444,functional,"[{""token"": "" capital"", ""index"": 17, ""distance"": 2, ""direction"": ""forward""}]",json,Semantic,Dictionary,0.8333333333333334,False,,is,"[{""tk"": ""is"", ""act"": 5.408833980560303}, {""tk"": ""entity"", ""act"": 0.0}, {""tk"": ""city"", ""act"": 0.0}, {""tk"": ""in"", ""act"": 0.0}, {""tk"": ""Oklahoma"", ""act"": 0.0}, {""tk"": ""USA"", ""act"": 0.0}, {""tk"": ""Tulsa"", ""act"": 0.0}, {""tk"": ""The"", ""act"": 0.0}, {""tk"": ""capital"", ""act"": 0.0}, {""tk"": ""of"", ""act"": 0.0}, {""tk"": ""state"", ""act"": 0.0}, {""tk"": ""United"", ""act"": 0.0}, {""tk"": ""attribute"", ""act"": 0.0}, {""tk"": ""seat"", ""act"": 0.0}, {""tk"": ""government"", ""act"": 0.0}, {""tk"": ""relationship"", ""act"": 0.0}, {""tk"": ""which"", ""act"": 0.0}, {""tk"": ""containing"", ""act"": 0.0}]"
1_9286,1,9286,attribute: The primary city serving as the seat of government for a state is the capital city,attribute,1,0.0,0.0,semantic,"[{""token"": ""attribute"", ""index"": 1, ""distance"": 0, ""direction"": ""self""}]",n/a,Semantic,Dictionary,1.0,False,,Tulsa,"[{""tk"": ""Tulsa"", ""act"": 17.467994689941406}, {""tk"": ""entity"", ""act"": 0.0}, {""tk"": ""city"", ""act"": 0.0}, {""tk"": ""in"", ""act"": 0.0}, {""tk"": ""Oklahoma"", ""act"": 0.0}, {""tk"": ""USA"", ""act"": 0.0}, {""tk"": ""is"", ""act"": 0.0}, {""tk"": ""The"", ""act"": 0.0}, {""tk"": ""capital"", ""act"": 0.0}, {""tk"": ""of"", ""act"": 0.0}, {""tk"": ""state"", ""act"": 0.0}, {""tk"": ""United"", ""act"": 0.0}, {""tk"": ""attribute"", ""act"": 0.0}, {""tk"": ""seat"", ""act"": 0.0}, {""tk"": ""government"", ""act"": 0.0}, {""tk"": ""relationship"", ""act"": 0.0}, {""tk"": ""which"", ""act"": 0.0}, {""tk"": ""containing"", ""act"": 0.0}]"
1_20399,1,20399,attribute: The primary city serving as the seat of government for a state is the capital city,attribute,1,0.0,0.0,semantic,"[{""token"": ""attribute"", ""index"": 1, ""distance"": 0, ""direction"": ""self""}]",n/a,Semantic,Dictionary,1.0,False,,Tulsa,"[{""tk"": ""Tulsa"", ""act"": 8.231454849243164}, {""tk"": ""entity"", ""act"": 0.0}, {""tk"": ""city"", ""act"": 0.0}, {""tk"": ""in"", ""act"": 0.0}, {""tk"": ""Oklahoma"", ""act"": 0.0}, {""tk"": ""USA"", ""act"": 0.0}, {""tk"": ""is"", ""act"": 0.0}, {""tk"": ""The"", ""act"": 0.0}, {""tk"": ""capital"", ""act"": 0.0}, {""tk"": ""of"", ""act"": 0.0}, {""tk"": ""state"", ""act"": 0.0}, {""tk"": ""United"", ""act"": 0.0}, {""tk"": ""attribute"", ""act"": 0.0}, {""tk"": ""seat"", ""act"": 0.0}, {""tk"": ""government"", ""act"": 0.0}, {""tk"": ""relationship"", ""act"": 0.0}, {""tk"": ""which"", ""act"": 0.0}, {""tk"": ""containing"", ""act"": 0.0}]"
1_24006,1,24006,attribute: The primary city serving as the seat of government for a state is the capital city,attribute,1,0.0,0.0,semantic,"[{""token"": ""attribute"", ""index"": 1, ""distance"": 0, ""direction"": ""self""}]",n/a,Semantic,Dictionary,1.0,False,,Tulsa,"[{""tk"": ""Tulsa"", ""act"": 18.00099754333496}, {""tk"": ""entity"", ""act"": 0.0}, {""tk"": ""city"", ""act"": 0.0}, {""tk"": ""in"", ""act"": 0.0}, {""tk"": ""Oklahoma"", ""act"": 0.0}, {""tk"": ""USA"", ""act"": 0.0}, {""tk"": ""is"", ""act"": 0.0}, {""tk"": ""The"", ""act"": 0.0}, {""tk"": ""capital"", ""act"": 0.0}, {""tk"": ""of"", ""act"": 0.0}, {""tk"": ""state"", ""act"": 0.0}, {""tk"": ""United"", ""act"": 0.0}, {""tk"": ""attribute"", ""act"": 0.0}, {""tk"": ""seat"", ""act"": 0.0}, {""tk"": ""government"", ""act"": 0.0}, {""tk"": ""relationship"", ""act"": 0.0}, {""tk"": ""which"", ""act"": 0.0}, {""tk"": ""containing"", ""act"": 0.0}]"
1_56907,1,56907,attribute: The primary city serving as the seat of government for a state is the capital city,attribute,1,0.0,0.0,semantic,"[{""token"": ""attribute"", ""index"": 1, ""distance"": 0, ""direction"": ""self""}]",n/a,Semantic,Dictionary (fallback),0.9,False,,is,"[{""tk"": ""is"", ""act"": 6.065802097320557}, {""tk"": ""entity"", ""act"": 0.0}, {""tk"": ""city"", ""act"": 0.0}, {""tk"": ""in"", ""act"": 0.0}, {""tk"": ""Oklahoma"", ""act"": 0.0}, {""tk"": ""USA"", ""act"": 0.0}, {""tk"": ""Tulsa"", ""act"": 0.0}, {""tk"": ""The"", ""act"": 0.0}, {""tk"": ""capital"", ""act"": 0.0}, {""tk"": ""of"", ""act"": 0.0}, {""tk"": ""state"", ""act"": 0.0}, {""tk"": ""United"", ""act"": 0.0}, {""tk"": ""attribute"", ""act"": 0.0}, {""tk"": ""seat"", ""act"": 0.0}, {""tk"": ""government"", ""act"": 0.0}, {""tk"": ""relationship"", ""act"": 0.0}, {""tk"": ""which"", ""act"": 0.0}, {""tk"": ""containing"", ""act"": 0.0}]"
1_60564,1,60564,attribute: The primary city serving as the seat of government for a state is the capital city,attribute,1,0.0,0.0,semantic,"[{""token"": ""attribute"", ""index"": 1, ""distance"": 0, ""direction"": ""self""}]",n/a,Semantic,Dictionary,1.0,False,,Tulsa,"[{""tk"": ""Tulsa"", ""act"": 13.770854949951172}, {""tk"": ""entity"", ""act"": 0.0}, {""tk"": ""city"", ""act"": 0.0}, {""tk"": ""in"", ""act"": 0.0}, {""tk"": ""Oklahoma"", ""act"": 0.0}, {""tk"": ""USA"", ""act"": 0.0}, {""tk"": ""is"", ""act"": 0.0}, {""tk"": ""The"", ""act"": 0.0}, {""tk"": ""capital"", ""act"": 0.0}, {""tk"": ""of"", ""act"": 0.0}, {""tk"": ""state"", ""act"": 0.0}, {""tk"": ""United"", ""act"": 0.0}, {""tk"": ""attribute"", ""act"": 0.0}, {""tk"": ""seat"", ""act"": 0.0}, {""tk"": ""government"", ""act"": 0.0}, {""tk"": ""relationship"", ""act"": 0.0}, {""tk"": ""which"", ""act"": 0.0}, {""tk"": ""containing"", ""act"": 0.0}]"
1_64129,1,64129,attribute: The primary city serving as the seat of government for a state is the capital city,attribute,1,0.0,0.0,semantic,"[{""token"": ""attribute"", ""index"": 1, ""distance"": 0, ""direction"": ""self""}]",n/a,Relationship,,1.0,False,,(entity) related,"[{""tk"": ""entity"", ""act"": 0.0}, {""tk"": ""city"", ""act"": 0.0}, {""tk"": ""in"", ""act"": 0.0}, {""tk"": ""Oklahoma"", ""act"": 0.0}, {""tk"": ""USA"", ""act"": 0.0}, {""tk"": ""is"", ""act"": 0.0}, {""tk"": ""Tulsa"", ""act"": 0.0}, {""tk"": ""The"", ""act"": 0.0}, {""tk"": ""capital"", ""act"": 0.0}, {""tk"": ""of"", ""act"": 0.0}, {""tk"": ""state"", ""act"": 0.0}, {""tk"": ""United"", ""act"": 0.0}, {""tk"": ""attribute"", ""act"": 0.0}, {""tk"": ""seat"", ""act"": 0.0}, {""tk"": ""government"", ""act"": 0.0}, {""tk"": ""relationship"", ""act"": 0.0}, {""tk"": ""which"", ""act"": 0.0}, {""tk"": ""containing"", ""act"": 0.0}]"
1_72233,1,72233,attribute: The primary city serving as the seat of government for a state is the capital city,attribute,1,0.0,0.0,semantic,"[{""token"": ""attribute"", ""index"": 1, ""distance"": 0, ""direction"": ""self""}]",n/a,Semantic,Dictionary (fallback),0.9,False,,Oklahoma,"[{""tk"": ""Oklahoma"", ""act"": 50.62027359008789}, {""tk"": ""Tulsa"", ""act"": 17.878734588623047}, {""tk"": ""entity"", ""act"": 0.0}, {""tk"": ""city"", ""act"": 0.0}, {""tk"": ""in"", ""act"": 0.0}, {""tk"": ""USA"", ""act"": 0.0}, {""tk"": ""is"", ""act"": 0.0}, {""tk"": ""The"", ""act"": 0.0}, {""tk"": ""capital"", ""act"": 0.0}, {""tk"": ""of"", ""act"": 0.0}, {""tk"": ""state"", ""act"": 0.0}, {""tk"": ""United"", ""act"": 0.0}, {""tk"": ""attribute"", ""act"": 0.0}, {""tk"": ""seat"", ""act"": 0.0}, {""tk"": ""government"", ""act"": 0.0}, {""tk"": ""relationship"", ""act"": 0.0}, {""tk"": ""which"", ""act"": 0.0}, {""tk"": ""containing"", ""act"": 0.0}]"
1_73733,1,73733,attribute: The primary city serving as the seat of government for a state is the capital city,attribute,1,0.0,0.0,semantic,"[{""token"": ""attribute"", ""index"": 1, ""distance"": 0, ""direction"": ""self""}]",n/a,Relationship,,1.0,False,,(entity) related,"[{""tk"": ""entity"", ""act"": 0.0}, {""tk"": ""city"", ""act"": 0.0}, {""tk"": ""in"", ""act"": 0.0}, {""tk"": ""Oklahoma"", ""act"": 0.0}, {""tk"": ""USA"", ""act"": 0.0}, {""tk"": ""is"", ""act"": 0.0}, {""tk"": ""Tulsa"", ""act"": 0.0}, {""tk"": ""The"", ""act"": 0.0}, {""tk"": ""capital"", ""act"": 0.0}, {""tk"": ""of"", ""act"": 0.0}, {""tk"": ""state"", ""act"": 0.0}, {""tk"": ""United"", ""act"": 0.0}, {""tk"": ""attribute"", ""act"": 0.0}, {""tk"": ""seat"", ""act"": 0.0}, {""tk"": ""government"", ""act"": 0.0}, {""tk"": ""relationship"", ""act"": 0.0}, {""tk"": ""which"", ""act"": 0.0}, {""tk"": ""containing"", ""act"": 0.0}]"
1_92117,1,92117,attribute: The primary city serving as the seat of government for a state is the capital city,attribute,1,0.0,0.0,semantic,"[{""token"": ""attribute"", ""index"": 1, ""distance"": 0, ""direction"": ""self""}]",n/a,Semantic,Dictionary (fallback),0.9,False,,is,"[{""tk"": ""is"", ""act"": 0.20768213272094727}, {""tk"": ""entity"", ""act"": 0.0}, {""tk"": ""city"", ""act"": 0.0}, {""tk"": ""in"", ""act"": 0.0}, {""tk"": ""Oklahoma"", ""act"": 0.0}, {""tk"": ""USA"", ""act"": 0.0}, {""tk"": ""Tulsa"", ""act"": 0.0}, {""tk"": ""The"", ""act"": 0.0}, {""tk"": ""capital"", ""act"": 0.0}, {""tk"": ""of"", ""act"": 0.0}, {""tk"": ""state"", ""act"": 0.0}, {""tk"": ""United"", ""act"": 0.0}, {""tk"": ""attribute"", ""act"": 0.0}, {""tk"": ""seat"", ""act"": 0.0}, {""tk"": ""government"", ""act"": 0.0}, {""tk"": ""relationship"", ""act"": 0.0}, {""tk"": ""which"", ""act"": 0.0}, {""tk"": ""containing"", ""act"": 0.0}]"
2_1890,2,1890,attribute: The primary city serving as the seat of government for a state is the capital city, capital,17,25.489017486572266,0.9444444444444444,semantic,"[{""token"": "" capital"", ""index"": 17, ""distance"": 0, ""direction"": ""self""}]",n/a,Semantic,Dictionary,1.0,False,,capital,"[{""tk"": ""capital"", ""act"": 25.489017486572266}, {""tk"": ""entity"", ""act"": 0.0}, {""tk"": ""city"", ""act"": 0.0}, {""tk"": ""in"", ""act"": 0.0}, {""tk"": ""Oklahoma"", ""act"": 0.0}, {""tk"": ""USA"", ""act"": 0.0}, {""tk"": ""is"", ""act"": 0.0}, {""tk"": ""Tulsa"", ""act"": 0.0}, {""tk"": ""The"", ""act"": 0.0}, {""tk"": ""of"", ""act"": 0.0}, {""tk"": ""state"", ""act"": 0.0}, {""tk"": ""United"", ""act"": 0.0}, {""tk"": ""attribute"", ""act"": 0.0}, {""tk"": ""seat"", ""act"": 0.0}, {""tk"": ""government"", ""act"": 0.0}, {""tk"": ""relationship"", ""act"": 0.0}, {""tk"": ""which"", ""act"": 0.0}, {""tk"": ""containing"", ""act"": 0.0}]"
2_36902,2,36902,attribute: The primary city serving as the seat of government for a state is the capital city, capital,17,8.569391250610352,0.9444444444444444,semantic,"[{""token"": "" capital"", ""index"": 17, ""distance"": 0, ""direction"": ""self""}]",n/a,Semantic,Dictionary,1.0,False,,capital,"[{""tk"": ""capital"", ""act"": 20.3389949798584}, {""tk"": ""entity"", ""act"": 0.0}, {""tk"": ""city"", ""act"": 0.0}, {""tk"": ""in"", ""act"": 0.0}, {""tk"": ""Oklahoma"", ""act"": 0.0}, {""tk"": ""USA"", ""act"": 0.0}, {""tk"": ""is"", ""act"": 0.0}, {""tk"": ""Tulsa"", ""act"": 0.0}, {""tk"": ""The"", ""act"": 0.0}, {""tk"": ""of"", ""act"": 0.0}, {""tk"": ""state"", ""act"": 0.0}, {""tk"": ""United"", ""act"": 0.0}, {""tk"": ""attribute"", ""act"": 0.0}, {""tk"": ""seat"", ""act"": 0.0}, {""tk"": ""government"", ""act"": 0.0}, {""tk"": ""relationship"", ""act"": 0.0}, {""tk"": ""which"", ""act"": 0.0}, {""tk"": ""containing"", ""act"": 0.0}]"
2_76232,2,76232,attribute: The primary city serving as the seat of government for a state is the capital city, is,15,11.182415008544922,0.9444444444444444,functional,"[{""token"": "" capital"", ""index"": 17, ""distance"": 2, ""direction"": ""forward""}]",json,Semantic,Dictionary,0.8333333333333334,False,,is,"[{""tk"": ""is"", ""act"": 11.182415008544922}, {""tk"": ""entity"", ""act"": 0.0}, {""tk"": ""city"", ""act"": 0.0}, {""tk"": ""in"", ""act"": 0.0}, {""tk"": ""Oklahoma"", ""act"": 0.0}, {""tk"": ""USA"", ""act"": 0.0}, {""tk"": ""Tulsa"", ""act"": 0.0}, {""tk"": ""The"", ""act"": 0.0}, {""tk"": ""capital"", ""act"": 0.0}, {""tk"": ""of"", ""act"": 0.0}, {""tk"": ""state"", ""act"": 0.0}, {""tk"": ""United"", ""act"": 0.0}, {""tk"": ""attribute"", ""act"": 0.0}, {""tk"": ""seat"", ""act"": 0.0}, {""tk"": ""government"", ""act"": 0.0}, {""tk"": ""relationship"", ""act"": 0.0}, {""tk"": ""which"", ""act"": 0.0}, {""tk"": ""containing"", ""act"": 0.0}]"
2_42602,2,42602,attribute: The primary city serving as the seat of government for a state is the capital city, is,15,10.920089721679688,0.9444444444444444,functional,"[{""token"": "" capital"", ""index"": 17, ""distance"": 2, ""direction"": ""forward""}]",json,Semantic,Dictionary (fallback),0.9,False,,is,"[{""tk"": ""is"", ""act"": 10.920089721679688}, {""tk"": ""entity"", ""act"": 0.0}, {""tk"": ""city"", ""act"": 0.0}, {""tk"": ""in"", ""act"": 0.0}, {""tk"": ""Oklahoma"", ""act"": 0.0}, {""tk"": ""USA"", ""act"": 0.0}, {""tk"": ""Tulsa"", ""act"": 0.0}, {""tk"": ""The"", ""act"": 0.0}, {""tk"": ""capital"", ""act"": 0.0}, {""tk"": ""of"", ""act"": 0.0}, {""tk"": ""state"", ""act"": 0.0}, {""tk"": ""United"", ""act"": 0.0}, {""tk"": ""attribute"", ""act"": 0.0}, {""tk"": ""seat"", ""act"": 0.0}, {""tk"": ""government"", ""act"": 0.0}, {""tk"": ""relationship"", ""act"": 0.0}, {""tk"": ""which"", ""act"": 0.0}, {""tk"": ""containing"", ""act"": 0.0}]"
2_4865,2,4865,attribute: The primary city serving as the seat of government for a state is the capital city, capital,17,3.5495402812957764,0.9105060226623708,semantic,"[{""token"": "" capital"", ""index"": 17, ""distance"": 0, ""direction"": ""self""}]",n/a,Semantic,Dictionary,1.0,False,,capital,"[{""tk"": ""capital"", ""act"": 3.5495402812957764}, {""tk"": ""seat"", ""act"": 2.168384313583374}, {""tk"": ""entity"", ""act"": 0.0}, {""tk"": ""city"", ""act"": 0.0}, {""tk"": ""in"", ""act"": 0.0}, {""tk"": ""Oklahoma"", ""act"": 0.0}, {""tk"": ""USA"", ""act"": 0.0}, {""tk"": ""is"", ""act"": 0.0}, {""tk"": ""Tulsa"", ""act"": 0.0}, {""tk"": ""The"", ""act"": 0.0}, {""tk"": ""of"", ""act"": 0.0}, {""tk"": ""state"", ""act"": 0.0}, {""tk"": ""United"", ""act"": 0.0}, {""tk"": ""attribute"", ""act"": 0.0}, {""tk"": ""government"", ""act"": 0.0}, {""tk"": ""relationship"", ""act"": 0.0}, {""tk"": ""which"", ""act"": 0.0}, {""tk"": ""containing"", ""act"": 0.0}]"
2_82010,2,82010,attribute: The primary city serving as the seat of government for a state is the capital city, is,15,2.2558460235595703,0.9444444444444444,functional,"[{""token"": "" capital"", ""index"": 17, ""distance"": 2, ""direction"": ""forward""}]",json,Semantic,Dictionary (fallback),0.9,False,,is,"[{""tk"": ""is"", ""act"": 10.153023719787598}, {""tk"": ""entity"", ""act"": 0.0}, {""tk"": ""city"", ""act"": 0.0}, {""tk"": ""in"", ""act"": 0.0}, {""tk"": ""Oklahoma"", ""act"": 0.0}, {""tk"": ""USA"", ""act"": 0.0}, {""tk"": ""Tulsa"", ""act"": 0.0}, {""tk"": ""The"", ""act"": 0.0}, {""tk"": ""capital"", ""act"": 0.0}, {""tk"": ""of"", ""act"": 0.0}, {""tk"": ""state"", ""act"": 0.0}, {""tk"": ""United"", ""act"": 0.0}, {""tk"": ""attribute"", ""act"": 0.0}, {""tk"": ""seat"", ""act"": 0.0}, {""tk"": ""government"", ""act"": 0.0}, {""tk"": ""relationship"", ""act"": 0.0}, {""tk"": ""which"", ""act"": 0.0}, {""tk"": ""containing"", ""act"": 0.0}]"
2_96724,2,96724,attribute: The primary city serving as the seat of government for a state is the capital city,attribute,1,0.0,0.0,semantic,"[{""token"": ""attribute"", ""index"": 1, ""distance"": 0, ""direction"": ""self""}]",n/a,Semantic,Dictionary (fallback),0.9,False,,Tulsa,"[{""tk"": ""Tulsa"", ""act"": 22.0113468170166}, {""tk"": ""City"", ""act"": 20.220914840698242}, {""tk"": ""entity"", ""act"": 0.0}, {""tk"": ""in"", ""act"": 0.0}, {""tk"": ""Oklahoma"", ""act"": 0.0}, {""tk"": ""USA"", ""act"": 0.0}, {""tk"": ""is"", ""act"": 0.0}, {""tk"": ""The"", ""act"": 0.0}, {""tk"": ""capital"", ""act"": 0.0}, {""tk"": ""of"", ""act"": 0.0}, {""tk"": ""state"", ""act"": 0.0}, {""tk"": ""United"", ""act"": 0.0}, {""tk"": ""attribute"", ""act"": 0.0}, {""tk"": ""seat"", ""act"": 0.0}, {""tk"": ""government"", ""act"": 0.0}, {""tk"": ""relationship"", ""act"": 0.0}, {""tk"": ""which"", ""act"": 0.0}, {""tk"": ""containing"", ""act"": 0.0}]"
3_52779,3,52779,attribute: The primary city serving as the seat of government for a state is the capital city, is,15,5.219732284545898,0.9444444444444444,functional,"[{""token"": "" capital"", ""index"": 17, ""distance"": 2, ""direction"": ""forward""}]",json,Semantic,Dictionary (fallback),0.9,False,,in,"[{""tk"": ""in"", ""act"": 22.74864959716797}, {""tk"": ""containing"", ""act"": 17.660171508789062}, {""tk"": ""the"", ""act"": 13.811017036437988}, {""tk"": ""is"", ""act"": 13.126309394836426}, {""tk"": ""which"", ""act"": 9.762779235839844}, {""tk"": ""entity"", ""act"": 0.0}, {""tk"": ""city"", ""act"": 0.0}, {""tk"": ""Oklahoma"", ""act"": 0.0}, {""tk"": ""USA"", ""act"": 0.0}, {""tk"": ""Tulsa"", ""act"": 0.0}, {""tk"": ""capital"", ""act"": 0.0}, {""tk"": ""of"", ""act"": 0.0}, {""tk"": ""state"", ""act"": 0.0}, {""tk"": ""United"", ""act"": 0.0}, {""tk"": ""attribute"", ""act"": 0.0}, {""tk"": ""seat"", ""act"": 0.0}, {""tk"": ""government"", ""act"": 0.0}, {""tk"": ""relationship"", ""act"": 0.0}]"
3_66403,3,66403,attribute: The primary city serving as the seat of government for a state is the capital city,attribute,1,0.0,0.0,semantic,"[{""token"": ""attribute"", ""index"": 1, ""distance"": 0, ""direction"": ""self""}]",n/a,Relationship,,1.0,False,,(entity) related,"[{""tk"": ""entity"", ""act"": 0.0}, {""tk"": ""city"", ""act"": 0.0}, {""tk"": ""in"", ""act"": 0.0}, {""tk"": ""Oklahoma"", ""act"": 0.0}, {""tk"": ""USA"", ""act"": 0.0}, {""tk"": ""is"", ""act"": 0.0}, {""tk"": ""Tulsa"", ""act"": 0.0}, {""tk"": ""The"", ""act"": 0.0}, {""tk"": ""capital"", ""act"": 0.0}, {""tk"": ""of"", ""act"": 0.0}, {""tk"": ""state"", ""act"": 0.0}, {""tk"": ""United"", ""act"": 0.0}, {""tk"": ""attribute"", ""act"": 0.0}, {""tk"": ""seat"", ""act"": 0.0}, {""tk"": ""government"", ""act"": 0.0}, {""tk"": ""relationship"", ""act"": 0.0}, {""tk"": ""which"", ""act"": 0.0}, {""tk"": ""containing"", ""act"": 0.0}]"
3_66599,3,66599,attribute: The primary city serving as the seat of government for a state is the capital city,attribute,1,11.992534637451172,0.671579986784007,semantic,"[{""token"": ""attribute"", ""index"": 1, ""distance"": 0, ""direction"": ""self""}]",n/a,Semantic,Dictionary (fallback),0.9,False,,state,"[{""tk"": ""state"", ""act"": 24.969038009643555}, {""tk"": ""capital"", ""act"": 20.673053741455078}, {""tk"": ""city"", ""act"": 15.51809310913086}, {""tk"": ""entity"", ""act"": 13.092288970947266}, {""tk"": ""relationship"", ""act"": 12.83310317993164}, {""tk"": ""Oklahoma"", ""act"": 12.549530982971191}, {""tk"": ""attribute"", ""act"": 11.992534637451172}, {""tk"": ""government"", ""act"": 11.66037654876709}, {""tk"": ""Tulsa"", ""act"": 11.336491584777832}, {""tk"": ""in"", ""act"": 6.152187824249268}, {""tk"": ""United"", ""act"": 5.482564449310303}, {""tk"": ""of"", ""act"": 0.6950088739395142}, {""tk"": ""seat"", ""act"": 0.5684137940406799}, {""tk"": ""USA"", ""act"": 0.0}, {""tk"": ""is"", ""act"": 0.0}, {""tk"": ""The"", ""act"": 0.0}, {""tk"": ""which"", ""act"": 0.0}, {""tk"": ""containing"", ""act"": 0.0}]"
3_91022,3,91022,attribute: The primary city serving as the seat of government for a state is the capital city, serving,6,5.3664069175720215,0.9028067164313271,semantic,"[{""token"": "" serving"", ""index"": 6, ""distance"": 0, ""direction"": ""self""}]",n/a,Semantic,Dictionary (fallback),0.9,False,,containing,"[{""tk"": ""containing"", ""act"": 6.780716419219971}, {""tk"": ""entity"", ""act"": 0.0}, {""tk"": ""city"", ""act"": 0.0}, {""tk"": ""in"", ""act"": 0.0}, {""tk"": ""Oklahoma"", ""act"": 0.0}, {""tk"": ""USA"", ""act"": 0.0}, {""tk"": ""is"", ""act"": 0.0}, {""tk"": ""Tulsa"", ""act"": 0.0}, {""tk"": ""The"", ""act"": 0.0}, {""tk"": ""capital"", ""act"": 0.0}, {""tk"": ""of"", ""act"": 0.0}, {""tk"": ""state"", ""act"": 0.0}, {""tk"": ""United"", ""act"": 0.0}, {""tk"": ""attribute"", ""act"": 0.0}, {""tk"": ""seat"", ""act"": 0.0}, {""tk"": ""government"", ""act"": 0.0}, {""tk"": ""relationship"", ""act"": 0.0}, {""tk"": ""which"", ""act"": 0.0}]"
3_39890,3,39890,attribute: The primary city serving as the seat of government for a state is the capital city,attribute,1,0.0,0.0,semantic,"[{""token"": ""attribute"", ""index"": 1, ""distance"": 0, ""direction"": ""self""}]",n/a,Semantic,Dictionary,1.0,False,,Tulsa,"[{""tk"": ""Tulsa"", ""act"": 43.94550323486328}, {""tk"": ""entity"", ""act"": 0.0}, {""tk"": ""city"", ""act"": 0.0}, {""tk"": ""in"", ""act"": 0.0}, {""tk"": ""Oklahoma"", ""act"": 0.0}, {""tk"": ""USA"", ""act"": 0.0}, {""tk"": ""is"", ""act"": 0.0}, {""tk"": ""The"", ""act"": 0.0}, {""tk"": ""capital"", ""act"": 0.0}, {""tk"": ""of"", ""act"": 0.0}, {""tk"": ""state"", ""act"": 0.0}, {""tk"": ""United"", ""act"": 0.0}, {""tk"": ""attribute"", ""act"": 0.0}, {""tk"": ""seat"", ""act"": 0.0}, {""tk"": ""government"", ""act"": 0.0}, {""tk"": ""relationship"", ""act"": 0.0}, {""tk"": ""which"", ""act"": 0.0}, {""tk"": ""containing"", ""act"": 0.0}]"
3_13967,3,13967,attribute: The primary city serving as the seat of government for a state is the capital city, is,15,4.416414260864258,0.9399962382296068,functional,"[{""token"": "" capital"", ""index"": 17, ""distance"": 2, ""direction"": ""forward""}]",json,Semantic,Dictionary (fallback),0.9,False,,of,"[{""tk"": ""of"", ""act"": 11.243531227111816}, {""tk"": ""is"", ""act"": 7.620932579040527}, {""tk"": ""the"", ""act"": 0.35361218452453613}, {""tk"": ""entity"", ""act"": 0.0}, {""tk"": ""city"", ""act"": 0.0}, {""tk"": ""in"", ""act"": 0.0}, {""tk"": ""Oklahoma"", ""act"": 0.0}, {""tk"": ""USA"", ""act"": 0.0}, {""tk"": ""Tulsa"", ""act"": 0.0}, {""tk"": ""capital"", ""act"": 0.0}, {""tk"": ""state"", ""act"": 0.0}, {""tk"": ""United"", ""act"": 0.0}, {""tk"": ""attribute"", ""act"": 0.0}, {""tk"": ""seat"", ""act"": 0.0}, {""tk"": ""government"", ""act"": 0.0}, {""tk"": ""relationship"", ""act"": 0.0}, {""tk"": ""which"", ""act"": 0.0}, {""tk"": ""containing"", ""act"": 0.0}]"
3_36499,3,36499,attribute: The primary city serving as the seat of government for a state is the capital city,attribute,1,0.0,0.0,semantic,"[{""token"": ""attribute"", ""index"": 1, ""distance"": 0, ""direction"": ""self""}]",n/a,Semantic,Dictionary (fallback),0.9,False,,of,"[{""tk"": ""of"", ""act"": 17.267471313476562}, {""tk"": ""city"", ""act"": 0.4827706813812256}, {""tk"": ""entity"", ""act"": 0.0}, {""tk"": ""in"", ""act"": 0.0}, {""tk"": ""Oklahoma"", ""act"": 0.0}, {""tk"": ""USA"", ""act"": 0.0}, {""tk"": ""is"", ""act"": 0.0}, {""tk"": ""Tulsa"", ""act"": 0.0}, {""tk"": ""The"", ""act"": 0.0}, {""tk"": ""capital"", ""act"": 0.0}, {""tk"": ""state"", ""act"": 0.0}, {""tk"": ""United"", ""act"": 0.0}, {""tk"": ""attribute"", ""act"": 0.0}, {""tk"": ""seat"", ""act"": 0.0}, {""tk"": ""government"", ""act"": 0.0}, {""tk"": ""relationship"", ""act"": 0.0}, {""tk"": ""which"", ""act"": 0.0}, {""tk"": ""containing"", ""act"": 0.0}]"
3_2751,3,2751,attribute: The primary city serving as the seat of government for a state is the capital city,attribute,1,0.0,0.0,semantic,"[{""token"": ""attribute"", ""index"": 1, ""distance"": 0, ""direction"": ""self""}]",n/a,Semantic,Dictionary (fallback),0.9,False,,is,"[{""tk"": ""is"", ""act"": 16.323118209838867}, {""tk"": ""entity"", ""act"": 0.0}, {""tk"": ""city"", ""act"": 0.0}, {""tk"": ""in"", ""act"": 0.0}, {""tk"": ""Oklahoma"", ""act"": 0.0}, {""tk"": ""USA"", ""act"": 0.0}, {""tk"": ""Tulsa"", ""act"": 0.0}, {""tk"": ""The"", ""act"": 0.0}, {""tk"": ""capital"", ""act"": 0.0}, {""tk"": ""of"", ""act"": 0.0}, {""tk"": ""state"", ""act"": 0.0}, {""tk"": ""United"", ""act"": 0.0}, {""tk"": ""attribute"", ""act"": 0.0}, {""tk"": ""seat"", ""act"": 0.0}, {""tk"": ""government"", ""act"": 0.0}, {""tk"": ""relationship"", ""act"": 0.0}, {""tk"": ""which"", ""act"": 0.0}, {""tk"": ""containing"", ""act"": 0.0}]"
3_28747,3,28747,attribute: The primary city serving as the seat of government for a state is the capital city,attribute,1,0.0,0.0,semantic,"[{""token"": ""attribute"", ""index"": 1, ""distance"": 0, ""direction"": ""self""}]",n/a,Semantic,Dictionary (fallback),0.9,False,,of,"[{""tk"": ""of"", ""act"": 17.464412689208984}, {""tk"": ""is"", ""act"": 2.1376309394836426}, {""tk"": ""entity"", ""act"": 0.0}, {""tk"": ""city"", ""act"": 0.0}, {""tk"": ""in"", ""act"": 0.0}, {""tk"": ""Oklahoma"", ""act"": 0.0}, {""tk"": ""USA"", ""act"": 0.0}, {""tk"": ""Tulsa"", ""act"": 0.0}, {""tk"": ""The"", ""act"": 0.0}, {""tk"": ""capital"", ""act"": 0.0}, {""tk"": ""state"", ""act"": 0.0}, {""tk"": ""United"", ""act"": 0.0}, {""tk"": ""attribute"", ""act"": 0.0}, {""tk"": ""seat"", ""act"": 0.0}, {""tk"": ""government"", ""act"": 0.0}, {""tk"": ""relationship"", ""act"": 0.0}, {""tk"": ""which"", ""act"": 0.0}, {""tk"": ""containing"", ""act"": 0.0}]"
3_93843,3,93843,attribute: The primary city serving as the seat of government for a state is the capital city,attribute,1,0.0,0.0,semantic,"[{""token"": ""attribute"", ""index"": 1, ""distance"": 0, ""direction"": ""self""}]",n/a,Semantic,Dictionary (fallback),0.9,False,,is,"[{""tk"": ""is"", ""act"": 3.7262954711914062}, {""tk"": ""entity"", ""act"": 0.0}, {""tk"": ""city"", ""act"": 0.0}, {""tk"": ""in"", ""act"": 0.0}, {""tk"": ""Oklahoma"", ""act"": 0.0}, {""tk"": ""USA"", ""act"": 0.0}, {""tk"": ""Tulsa"", ""act"": 0.0}, {""tk"": ""The"", ""act"": 0.0}, {""tk"": ""capital"", ""act"": 0.0}, {""tk"": ""of"", ""act"": 0.0}, {""tk"": ""state"", ""act"": 0.0}, {""tk"": ""United"", ""act"": 0.0}, {""tk"": ""attribute"", ""act"": 0.0}, {""tk"": ""seat"", ""act"": 0.0}, {""tk"": ""government"", ""act"": 0.0}, {""tk"": ""relationship"", ""act"": 0.0}, {""tk"": ""which"", ""act"": 0.0}, {""tk"": ""containing"", ""act"": 0.0}]"
4_3920,4,3920,attribute: The primary city serving as the seat of government for a state is the capital city,attribute,1,19.90034866333008,0.9444444444444444,semantic,"[{""token"": ""attribute"", ""index"": 1, ""distance"": 0, ""direction"": ""self""}]",n/a,Semantic,Concept,0.7,False,,entity,"[{""tk"": ""entity"", ""act"": 24.343236923217773}, {""tk"": ""relationship"", ""act"": 23.514083862304688}, {""tk"": ""attribute"", ""act"": 19.900348663330078}, {""tk"": ""city"", ""act"": 0.0}, {""tk"": ""in"", ""act"": 0.0}, {""tk"": ""Oklahoma"", ""act"": 0.0}, {""tk"": ""USA"", ""act"": 0.0}, {""tk"": ""is"", ""act"": 0.0}, {""tk"": ""Tulsa"", ""act"": 0.0}, {""tk"": ""The"", ""act"": 0.0}, {""tk"": ""capital"", ""act"": 0.0}, {""tk"": ""of"", ""act"": 0.0}, {""tk"": ""state"", ""act"": 0.0}, {""tk"": ""United"", ""act"": 0.0}, {""tk"": ""seat"", ""act"": 0.0}, {""tk"": ""government"", ""act"": 0.0}, {""tk"": ""which"", ""act"": 0.0}, {""tk"": ""containing"", ""act"": 0.0}]"
4_83635,4,83635,attribute: The primary city serving as the seat of government for a state is the capital city,attribute,1,28.14508056640625,0.7406453182064805,semantic,"[{""token"": ""attribute"", ""index"": 1, ""distance"": 0, ""direction"": ""self""}]",n/a,Semantic,Concept,0.7,False,,city,"[{""tk"": ""city"", ""act"": 29.045270919799805}, {""tk"": ""attribute"", ""act"": 28.14508056640625}, {""tk"": ""Oklahoma"", ""act"": 24.367387771606445}, {""tk"": ""capital"", ""act"": 21.525239944458008}, {""tk"": ""state"", ""act"": 19.251550674438477}, {""tk"": ""USA"", ""act"": 18.27325439453125}, {""tk"": ""entity"", ""act"": 17.712905883789062}, {""tk"": ""relationship"", ""act"": 17.489112854003906}, {""tk"": ""Tulsa"", ""act"": 15.208170890808105}, {""tk"": ""government"", ""act"": 13.456141471862793}, {""tk"": ""of"", ""act"": 8.01102066040039}, {""tk"": ""containing"", ""act"": 7.884756565093994}, {""tk"": ""in"", ""act"": 6.716607570648193}, {""tk"": ""seat"", ""act"": 5.498795509338379}, {""tk"": ""is"", ""act"": 5.114175796508789}, {""tk"": ""United"", ""act"": 3.7701468467712402}, {""tk"": ""which"", ""act"": 2.1635446548461914}, {""tk"": ""The"", ""act"": 0.0}]"
4_55831,4,55831,attribute: The primary city serving as the seat of government for a state is the capital city, capital,17,25.25654602050781,0.9382662030002584,semantic,"[{""token"": "" capital"", ""index"": 17, ""distance"": 0, ""direction"": ""self""}]",n/a,Semantic,Dictionary,1.0,False,,capital,"[{""tk"": ""capital"", ""act"": 29.359546661376953}, {""tk"": ""city"", ""act"": 11.154122352600098}, {""tk"": ""is"", ""act"": 3.395308494567871}, {""tk"": ""entity"", ""act"": 0.0}, {""tk"": ""in"", ""act"": 0.0}, {""tk"": ""Oklahoma"", ""act"": 0.0}, {""tk"": ""USA"", ""act"": 0.0}, {""tk"": ""Tulsa"", ""act"": 0.0}, {""tk"": ""The"", ""act"": 0.0}, {""tk"": ""of"", ""act"": 0.0}, {""tk"": ""state"", ""act"": 0.0}, {""tk"": ""United"", ""act"": 0.0}, {""tk"": ""attribute"", ""act"": 0.0}, {""tk"": ""seat"", ""act"": 0.0}, {""tk"": ""government"", ""act"": 0.0}, {""tk"": ""relationship"", ""act"": 0.0}, {""tk"": ""which"", ""act"": 0.0}, {""tk"": ""containing"", ""act"": 0.0}]"
4_97813,4,97813,attribute: The primary city serving as the seat of government for a state is the capital city, government,11,17.90291976928711,0.7523583893950292,semantic,"[{""token"": "" government"", ""index"": 11, ""distance"": 0, ""direction"": ""self""}]",n/a,Semantic,Concept,0.7,False,,government,"[{""tk"": ""government"", ""act"": 17.90291976928711}, {""tk"": ""of"", ""act"": 14.3899507522583}, {""tk"": ""seat"", ""act"": 14.0704984664917}, {""tk"": ""city"", ""act"": 13.028558731079102}, {""tk"": ""capital"", ""act"": 10.718213081359863}, {""tk"": ""is"", ""act"": 5.391778945922852}, {""tk"": ""the"", ""act"": 1.4474035501480103}, {""tk"": ""entity"", ""act"": 0.0}, {""tk"": ""in"", ""act"": 0.0}, {""tk"": ""Oklahoma"", ""act"": 0.0}, {""tk"": ""USA"", ""act"": 0.0}, {""tk"": ""Tulsa"", ""act"": 0.0}, {""tk"": ""state"", ""act"": 0.0}, {""tk"": ""United"", ""act"": 0.0}, {""tk"": ""attribute"", ""act"": 0.0}, {""tk"": ""relationship"", ""act"": 0.0}, {""tk"": ""which"", ""act"": 0.0}, {""tk"": ""containing"", ""act"": 0.0}]"
4_24267,4,24267,attribute: The primary city serving as the seat of government for a state is the capital city, is,15,10.58721923828125,0.9444444444444444,functional,"[{""token"": "" capital"", ""index"": 17, ""distance"": 2, ""direction"": ""forward""}]",json,Semantic,Ambiguous,0.3,True,"Ambiguous: peak_cons=0.50, n_peaks=1, func_vs_sem=100.0%, layer=4",is,"[{""tk"": ""is"", ""act"": 12.455327987670898}, {""tk"": ""entity"", ""act"": 0.0}, {""tk"": ""city"", ""act"": 0.0}, {""tk"": ""in"", ""act"": 0.0}, {""tk"": ""Oklahoma"", ""act"": 0.0}, {""tk"": ""USA"", ""act"": 0.0}, {""tk"": ""Tulsa"", ""act"": 0.0}, {""tk"": ""The"", ""act"": 0.0}, {""tk"": ""capital"", ""act"": 0.0}, {""tk"": ""of"", ""act"": 0.0}, {""tk"": ""state"", ""act"": 0.0}, {""tk"": ""United"", ""act"": 0.0}, {""tk"": ""attribute"", ""act"": 0.0}, {""tk"": ""seat"", ""act"": 0.0}, {""tk"": ""government"", ""act"": 0.0}, {""tk"": ""relationship"", ""act"": 0.0}, {""tk"": ""which"", ""act"": 0.0}, {""tk"": ""containing"", ""act"": 0.0}]"
4_58113,4,58113,attribute: The primary city serving as the seat of government for a state is the capital city, city,5,4.8315019607543945,0.9444444444444444,semantic,"[{""token"": "" city"", ""index"": 5, ""distance"": 0, ""direction"": ""self""}]",n/a,Semantic,Concept,0.7077726636889586,False,,city,"[{""tk"": ""city"", ""act"": 8.659708023071289}, {""tk"": ""of"", ""act"": 6.1291046142578125}, {""tk"": ""is"", ""act"": 5.2749223709106445}, {""tk"": ""in"", ""act"": 3.8225936889648438}, {""tk"": ""containing"", ""act"": 0.11254596710205078}, {""tk"": ""entity"", ""act"": 0.0}, {""tk"": ""Oklahoma"", ""act"": 0.0}, {""tk"": ""USA"", ""act"": 0.0}, {""tk"": ""Tulsa"", ""act"": 0.0}, {""tk"": ""The"", ""act"": 0.0}, {""tk"": ""capital"", ""act"": 0.0}, {""tk"": ""state"", ""act"": 0.0}, {""tk"": ""United"", ""act"": 0.0}, {""tk"": ""attribute"", ""act"": 0.0}, {""tk"": ""seat"", ""act"": 0.0}, {""tk"": ""government"", ""act"": 0.0}, {""tk"": ""relationship"", ""act"": 0.0}, {""tk"": ""which"", ""act"": 0.0}]"
4_52384,4,52384,attribute: The primary city serving as the seat of government for a state is the capital city, for,12,4.502294063568115,0.9100114141367605,functional,"[{""token"": "" state"", ""index"": 14, ""distance"": 2, ""direction"": ""forward""}]",json,Semantic,Ambiguous,0.3,True,"Ambiguous: peak_cons=0.50, n_peaks=2, func_vs_sem=100.0%, layer=4",of,"[{""tk"": ""of"", ""act"": 19.165246963500977}, {""tk"": ""Oklahoma"", ""act"": 9.872367858886719}, {""tk"": ""is"", ""act"": 2.908886432647705}, {""tk"": ""state"", ""act"": 1.426936149597168}, {""tk"": ""entity"", ""act"": 0.0}, {""tk"": ""city"", ""act"": 0.0}, {""tk"": ""in"", ""act"": 0.0}, {""tk"": ""USA"", ""act"": 0.0}, {""tk"": ""Tulsa"", ""act"": 0.0}, {""tk"": ""The"", ""act"": 0.0}, {""tk"": ""capital"", ""act"": 0.0}, {""tk"": ""United"", ""act"": 0.0}, {""tk"": ""attribute"", ""act"": 0.0}, {""tk"": ""seat"", ""act"": 0.0}, {""tk"": ""government"", ""act"": 0.0}, {""tk"": ""relationship"", ""act"": 0.0}, {""tk"": ""which"", ""act"": 0.0}, {""tk"": ""containing"", ""act"": 0.0}]"
4_83005,4,83005,attribute: The primary city serving as the seat of government for a state is the capital city, is,15,1.911617994308472,0.9444444444444444,functional,"[{""token"": "" capital"", ""index"": 17, ""distance"": 2, ""direction"": ""forward""}]",json,Semantic,Ambiguous,0.3,True,"Ambiguous: peak_cons=0.50, n_peaks=1, func_vs_sem=100.0%, layer=4",is,"[{""tk"": ""is"", ""act"": 13.84489631652832}, {""tk"": ""entity"", ""act"": 0.0}, {""tk"": ""city"", ""act"": 0.0}, {""tk"": ""in"", ""act"": 0.0}, {""tk"": ""Oklahoma"", ""act"": 0.0}, {""tk"": ""USA"", ""act"": 0.0}, {""tk"": ""Tulsa"", ""act"": 0.0}, {""tk"": ""The"", ""act"": 0.0}, {""tk"": ""capital"", ""act"": 0.0}, {""tk"": ""of"", ""act"": 0.0}, {""tk"": ""state"", ""act"": 0.0}, {""tk"": ""United"", ""act"": 0.0}, {""tk"": ""attribute"", ""act"": 0.0}, {""tk"": ""seat"", ""act"": 0.0}, {""tk"": ""government"", ""act"": 0.0}, {""tk"": ""relationship"", ""act"": 0.0}, {""tk"": ""which"", ""act"": 0.0}, {""tk"": ""containing"", ""act"": 0.0}]"
4_3432,4,3432,attribute: The primary city serving as the seat of government for a state is the capital city,attribute,1,0.0,0.0,semantic,"[{""token"": ""attribute"", ""index"": 1, ""distance"": 0, ""direction"": ""self""}]",n/a,Semantic,Ambiguous,0.3,True,"Ambiguous: peak_cons=0.50, n_peaks=1, func_vs_sem=100.0%, layer=4",is,"[{""tk"": ""is"", ""act"": 16.783905029296875}, {""tk"": ""entity"", ""act"": 0.0}, {""tk"": ""city"", ""act"": 0.0}, {""tk"": ""in"", ""act"": 0.0}, {""tk"": ""Oklahoma"", ""act"": 0.0}, {""tk"": ""USA"", ""act"": 0.0}, {""tk"": ""Tulsa"", ""act"": 0.0}, {""tk"": ""The"", ""act"": 0.0}, {""tk"": ""capital"", ""act"": 0.0}, {""tk"": ""of"", ""act"": 0.0}, {""tk"": ""state"", ""act"": 0.0}, {""tk"": ""United"", ""act"": 0.0}, {""tk"": ""attribute"", ""act"": 0.0}, {""tk"": ""seat"", ""act"": 0.0}, {""tk"": ""government"", ""act"": 0.0}, {""tk"": ""relationship"", ""act"": 0.0}, {""tk"": ""which"", ""act"": 0.0}, {""tk"": ""containing"", ""act"": 0.0}]"
4_54078,4,54078,attribute: The primary city serving as the seat of government for a state is the capital city,attribute,1,0.0,0.0,semantic,"[{""token"": ""attribute"", ""index"": 1, ""distance"": 0, ""direction"": ""self""}]",n/a,Relationship,,1.0,False,,(entity) related,"[{""tk"": ""entity"", ""act"": 0.0}, {""tk"": ""city"", ""act"": 0.0}, {""tk"": ""in"", ""act"": 0.0}, {""tk"": ""Oklahoma"", ""act"": 0.0}, {""tk"": ""USA"", ""act"": 0.0}, {""tk"": ""is"", ""act"": 0.0}, {""tk"": ""Tulsa"", ""act"": 0.0}, {""tk"": ""The"", ""act"": 0.0}, {""tk"": ""capital"", ""act"": 0.0}, {""tk"": ""of"", ""act"": 0.0}, {""tk"": ""state"", ""act"": 0.0}, {""tk"": ""United"", ""act"": 0.0}, {""tk"": ""attribute"", ""act"": 0.0}, {""tk"": ""seat"", ""act"": 0.0}, {""tk"": ""government"", ""act"": 0.0}, {""tk"": ""relationship"", ""act"": 0.0}, {""tk"": ""which"", ""act"": 0.0}, {""tk"": ""containing"", ""act"": 0.0}]"
4_54423,4,54423,attribute: The primary city serving as the seat of government for a state is the capital city,attribute,1,0.0,0.0,semantic,"[{""token"": ""attribute"", ""index"": 1, ""distance"": 0, ""direction"": ""self""}]",n/a,Semantic,Dictionary,1.0,False,,containing,"[{""tk"": ""containing"", ""act"": 8.495969772338867}, {""tk"": ""which"", ""act"": 1.9871268272399902}, {""tk"": ""in"", ""act"": 0.26462411880493164}, {""tk"": ""entity"", ""act"": 0.0}, {""tk"": ""city"", ""act"": 0.0}, {""tk"": ""Oklahoma"", ""act"": 0.0}, {""tk"": ""USA"", ""act"": 0.0}, {""tk"": ""is"", ""act"": 0.0}, {""tk"": ""Tulsa"", ""act"": 0.0}, {""tk"": ""The"", ""act"": 0.0}, {""tk"": ""capital"", ""act"": 0.0}, {""tk"": ""of"", ""act"": 0.0}, {""tk"": ""state"", ""act"": 0.0}, {""tk"": ""United"", ""act"": 0.0}, {""tk"": ""attribute"", ""act"": 0.0}, {""tk"": ""seat"", ""act"": 0.0}, {""tk"": ""government"", ""act"": 0.0}, {""tk"": ""relationship"", ""act"": 0.0}]"
4_72482,4,72482,attribute: The primary city serving as the seat of government for a state is the capital city,attribute,1,0.0,0.0,semantic,"[{""token"": ""attribute"", ""index"": 1, ""distance"": 0, ""direction"": ""self""}]",n/a,Semantic,Ambiguous,0.3,True,"Ambiguous: peak_cons=0.50, n_peaks=1, func_vs_sem=100.0%, layer=4",is,"[{""tk"": ""is"", ""act"": 13.952035903930664}, {""tk"": ""entity"", ""act"": 0.0}, {""tk"": ""city"", ""act"": 0.0}, {""tk"": ""in"", ""act"": 0.0}, {""tk"": ""Oklahoma"", ""act"": 0.0}, {""tk"": ""USA"", ""act"": 0.0}, {""tk"": ""Tulsa"", ""act"": 0.0}, {""tk"": ""The"", ""act"": 0.0}, {""tk"": ""capital"", ""act"": 0.0}, {""tk"": ""of"", ""act"": 0.0}, {""tk"": ""state"", ""act"": 0.0}, {""tk"": ""United"", ""act"": 0.0}, {""tk"": ""attribute"", ""act"": 0.0}, {""tk"": ""seat"", ""act"": 0.0}, {""tk"": ""government"", ""act"": 0.0}, {""tk"": ""relationship"", ""act"": 0.0}, {""tk"": ""which"", ""act"": 0.0}, {""tk"": ""containing"", ""act"": 0.0}]"
4_95888,4,95888,attribute: The primary city serving as the seat of government for a state is the capital city,attribute,1,0.0,0.0,semantic,"[{""token"": ""attribute"", ""index"": 1, ""distance"": 0, ""direction"": ""self""}]",n/a,Semantic,Dictionary,1.0,False,,Tulsa,"[{""tk"": ""Tulsa"", ""act"": 46.79619216918945}, {""tk"": ""entity"", ""act"": 0.0}, {""tk"": ""city"", ""act"": 0.0}, {""tk"": ""in"", ""act"": 0.0}, {""tk"": ""Oklahoma"", ""act"": 0.0}, {""tk"": ""USA"", ""act"": 0.0}, {""tk"": ""is"", ""act"": 0.0}, {""tk"": ""The"", ""act"": 0.0}, {""tk"": ""capital"", ""act"": 0.0}, {""tk"": ""of"", ""act"": 0.0}, {""tk"": ""state"", ""act"": 0.0}, {""tk"": ""United"", ""act"": 0.0}, {""tk"": ""attribute"", ""act"": 0.0}, {""tk"": ""seat"", ""act"": 0.0}, {""tk"": ""government"", ""act"": 0.0}, {""tk"": ""relationship"", ""act"": 0.0}, {""tk"": ""which"", ""act"": 0.0}, {""tk"": ""containing"", ""act"": 0.0}]"
5_1551,5,1551,attribute: The primary city serving as the seat of government for a state is the capital city,attribute,1,39.44136428833008,0.9444444444444444,semantic,"[{""token"": ""attribute"", ""index"": 1, ""distance"": 0, ""direction"": ""self""}]",n/a,Semantic,Concept,0.7,False,,relationship,"[{""tk"": ""relationship"", ""act"": 40.19044876098633}, {""tk"": ""attribute"", ""act"": 39.44136428833008}, {""tk"": ""entity"", ""act"": 37.91087341308594}, {""tk"": ""city"", ""act"": 0.0}, {""tk"": ""in"", ""act"": 0.0}, {""tk"": ""Oklahoma"", ""act"": 0.0}, {""tk"": ""USA"", ""act"": 0.0}, {""tk"": ""is"", ""act"": 0.0}, {""tk"": ""Tulsa"", ""act"": 0.0}, {""tk"": ""The"", ""act"": 0.0}, {""tk"": ""capital"", ""act"": 0.0}, {""tk"": ""of"", ""act"": 0.0}, {""tk"": ""state"", ""act"": 0.0}, {""tk"": ""United"", ""act"": 0.0}, {""tk"": ""seat"", ""act"": 0.0}, {""tk"": ""government"", ""act"": 0.0}, {""tk"": ""which"", ""act"": 0.0}, {""tk"": ""containing"", ""act"": 0.0}]"
5_32184,5,32184,attribute: The primary city serving as the seat of government for a state is the capital city, capital,17,15.967439651489258,0.8779523750138913,semantic,"[{""token"": "" capital"", ""index"": 17, ""distance"": 0, ""direction"": ""self""}]",n/a,Semantic,Ambiguous,0.3,True,"Ambiguous: peak_cons=0.33, n_peaks=3, func_vs_sem=51.1%, layer=5",capital,"[{""tk"": ""of"", ""act"": 32.639617919921875}, {""tk"": ""capital"", ""act"": 15.967439651489258}, {""tk"": ""city"", ""act"": 14.918037414550781}, {""tk"": ""is"", ""act"": 2.2012782096862793}, {""tk"": ""in"", ""act"": 2.1469907760620117}, {""tk"": ""seat"", ""act"": 1.4746685028076172}, {""tk"": ""entity"", ""act"": 0.0}, {""tk"": ""Oklahoma"", ""act"": 0.0}, {""tk"": ""USA"", ""act"": 0.0}, {""tk"": ""Tulsa"", ""act"": 0.0}, {""tk"": ""The"", ""act"": 0.0}, {""tk"": ""state"", ""act"": 0.0}, {""tk"": ""United"", ""act"": 0.0}, {""tk"": ""attribute"", ""act"": 0.0}, {""tk"": ""government"", ""act"": 0.0}, {""tk"": ""relationship"", ""act"": 0.0}, {""tk"": ""which"", ""act"": 0.0}, {""tk"": ""containing"", ""act"": 0.0}]"
5_62103,5,62103,attribute: The primary city serving as the seat of government for a state is the capital city,attribute,1,0.0,0.0,semantic,"[{""token"": ""attribute"", ""index"": 1, ""distance"": 0, ""direction"": ""self""}]",n/a,Semantic,Dictionary,1.0,False,,Tulsa,"[{""tk"": ""Tulsa"", ""act"": 5.526529788970947}, {""tk"": ""entity"", ""act"": 0.0}, {""tk"": ""city"", ""act"": 0.0}, {""tk"": ""in"", ""act"": 0.0}, {""tk"": ""Oklahoma"", ""act"": 0.0}, {""tk"": ""USA"", ""act"": 0.0}, {""tk"": ""is"", ""act"": 0.0}, {""tk"": ""The"", ""act"": 0.0}, {""tk"": ""capital"", ""act"": 0.0}, {""tk"": ""of"", ""act"": 0.0}, {""tk"": ""state"", ""act"": 0.0}, {""tk"": ""United"", ""act"": 0.0}, {""tk"": ""attribute"", ""act"": 0.0}, {""tk"": ""seat"", ""act"": 0.0}, {""tk"": ""government"", ""act"": 0.0}, {""tk"": ""relationship"", ""act"": 0.0}, {""tk"": ""which"", ""act"": 0.0}, {""tk"": ""containing"", ""act"": 0.0}]"
5_94154,5,94154,attribute: The primary city serving as the seat of government for a state is the capital city, government,11,10.817611694335938,0.9009335868974422,semantic,"[{""token"": "" government"", ""index"": 11, ""distance"": 0, ""direction"": ""self""}]",n/a,Semantic,Concept,0.8371131296887989,False,,government,"[{""tk"": ""is"", ""act"": 12.922520637512207}, {""tk"": ""government"", ""act"": 10.817611694335938}, {""tk"": ""city"", ""act"": 5.639001846313477}, {""tk"": ""the"", ""act"": 1.1909029483795166}, {""tk"": ""capital"", ""act"": 0.6328201293945312}, {""tk"": ""entity"", ""act"": 0.0}, {""tk"": ""in"", ""act"": 0.0}, {""tk"": ""Oklahoma"", ""act"": 0.0}, {""tk"": ""USA"", ""act"": 0.0}, {""tk"": ""Tulsa"", ""act"": 0.0}, {""tk"": ""of"", ""act"": 0.0}, {""tk"": ""state"", ""act"": 0.0}, {""tk"": ""United"", ""act"": 0.0}, {""tk"": ""attribute"", ""act"": 0.0}, {""tk"": ""seat"", ""act"": 0.0}, {""tk"": ""relationship"", ""act"": 0.0}, {""tk"": ""which"", ""act"": 0.0}, {""tk"": ""containing"", ""act"": 0.0}]"
5_51213,5,51213,attribute: The primary city serving as the seat of government for a state is the capital city, capital,17,5.454928398132324,0.8407759125765119,semantic,"[{""token"": "" capital"", ""index"": 17, ""distance"": 0, ""direction"": ""self""}]",n/a,Semantic,Concept,0.5,False,,capital,"[{""tk"": ""of"", ""act"": 18.14890480041504}, {""tk"": ""city"", ""act"": 8.983392715454102}, {""tk"": ""is"", ""act"": 6.897368431091309}, {""tk"": ""capital"", ""act"": 5.454928398132324}, {""tk"": ""seat"", ""act"": 5.393360137939453}, {""tk"": ""government"", ""act"": 1.9978015422821045}, {""tk"": ""entity"", ""act"": 0.0}, {""tk"": ""in"", ""act"": 0.0}, {""tk"": ""Oklahoma"", ""act"": 0.0}, {""tk"": ""USA"", ""act"": 0.0}, {""tk"": ""Tulsa"", ""act"": 0.0}, {""tk"": ""The"", ""act"": 0.0}, {""tk"": ""state"", ""act"": 0.0}, {""tk"": ""United"", ""act"": 0.0}, {""tk"": ""attribute"", ""act"": 0.0}, {""tk"": ""relationship"", ""act"": 0.0}, {""tk"": ""which"", ""act"": 0.0}, {""tk"": ""containing"", ""act"": 0.0}]"
5_5917,5,5917,attribute: The primary city serving as the seat of government for a state is the capital city,attribute,1,0.0,0.0,semantic,"[{""token"": ""attribute"", ""index"": 1, ""distance"": 0, ""direction"": ""self""}]",n/a,Semantic,Concept,0.7,False,,City,"[{""tk"": ""City"", ""act"": 18.723318099975586}, {""tk"": ""Oklahoma"", ""act"": 18.681676864624023}, {""tk"": ""Tulsa"", ""act"": 9.639930725097656}, {""tk"": ""entity"", ""act"": 0.0}, {""tk"": ""in"", ""act"": 0.0}, {""tk"": ""USA"", ""act"": 0.0}, {""tk"": ""is"", ""act"": 0.0}, {""tk"": ""The"", ""act"": 0.0}, {""tk"": ""capital"", ""act"": 0.0}, {""tk"": ""of"", ""act"": 0.0}, {""tk"": ""state"", ""act"": 0.0}, {""tk"": ""United"", ""act"": 0.0}, {""tk"": ""attribute"", ""act"": 0.0}, {""tk"": ""seat"", ""act"": 0.0}, {""tk"": ""government"", ""act"": 0.0}, {""tk"": ""relationship"", ""act"": 0.0}, {""tk"": ""which"", ""act"": 0.0}, {""tk"": ""containing"", ""act"": 0.0}]"
5_25085,5,25085,attribute: The primary city serving as the seat of government for a state is the capital city,attribute,1,0.0,0.0,semantic,"[{""token"": ""attribute"", ""index"": 1, ""distance"": 0, ""direction"": ""self""}]",n/a,Semantic,Concept,0.7,False,,Oklahoma,"[{""tk"": ""Oklahoma"", ""act"": 21.459491729736328}, {""tk"": ""USA"", ""act"": 7.712401866912842}, {""tk"": ""City"", ""act"": 5.686503887176514}, {""tk"": ""Tulsa"", ""act"": 1.9479179382324219}, {""tk"": ""entity"", ""act"": 0.0}, {""tk"": ""in"", ""act"": 0.0}, {""tk"": ""is"", ""act"": 0.0}, {""tk"": ""The"", ""act"": 0.0}, {""tk"": ""capital"", ""act"": 0.0}, {""tk"": ""of"", ""act"": 0.0}, {""tk"": ""state"", ""act"": 0.0}, {""tk"": ""United"", ""act"": 0.0}, {""tk"": ""attribute"", ""act"": 0.0}, {""tk"": ""seat"", ""act"": 0.0}, {""tk"": ""government"", ""act"": 0.0}, {""tk"": ""relationship"", ""act"": 0.0}, {""tk"": ""which"", ""act"": 0.0}, {""tk"": ""containing"", ""act"": 0.0}]"
5_34406,5,34406,attribute: The primary city serving as the seat of government for a state is the capital city,attribute,1,0.0,0.0,semantic,"[{""token"": ""attribute"", ""index"": 1, ""distance"": 0, ""direction"": ""self""}]",n/a,Semantic,Ambiguous,0.3,True,"Ambiguous: peak_cons=0.17, n_peaks=1, func_vs_sem=100.0%, layer=5",is,"[{""tk"": ""is"", ""act"": 0.6847803592681885}, {""tk"": ""entity"", ""act"": 0.0}, {""tk"": ""city"", ""act"": 0.0}, {""tk"": ""in"", ""act"": 0.0}, {""tk"": ""Oklahoma"", ""act"": 0.0}, {""tk"": ""USA"", ""act"": 0.0}, {""tk"": ""Tulsa"", ""act"": 0.0}, {""tk"": ""The"", ""act"": 0.0}, {""tk"": ""capital"", ""act"": 0.0}, {""tk"": ""of"", ""act"": 0.0}, {""tk"": ""state"", ""act"": 0.0}, {""tk"": ""United"", ""act"": 0.0}, {""tk"": ""attribute"", ""act"": 0.0}, {""tk"": ""seat"", ""act"": 0.0}, {""tk"": ""government"", ""act"": 0.0}, {""tk"": ""relationship"", ""act"": 0.0}, {""tk"": ""which"", ""act"": 0.0}, {""tk"": ""containing"", ""act"": 0.0}]"
6_22143,6,22143,attribute: The primary city serving as the seat of government for a state is the capital city,attribute,1,25.566389083862305,0.7578121120216167,semantic,"[{""token"": ""attribute"", ""index"": 1, ""distance"": 0, ""direction"": ""self""}]",n/a,Semantic,Concept,0.7,False,,USA,"[{""tk"": ""USA"", ""act"": 29.6772518157959}, {""tk"": ""capital"", ""act"": 27.022661209106445}, {""tk"": ""attribute"", ""act"": 25.566389083862305}, {""tk"": ""Oklahoma"", ""act"": 24.8913516998291}, {""tk"": ""entity"", ""act"": 23.500473022460938}, {""tk"": ""city"", ""act"": 17.3726863861084}, {""tk"": ""is"", ""act"": 16.952861785888672}, {""tk"": ""state"", ""act"": 13.70422649383545}, {""tk"": ""the"", ""act"": 13.393610000610352}, {""tk"": ""in"", ""act"": 9.335844039916992}, {""tk"": ""Tulsa"", ""act"": 7.9303460121154785}, {""tk"": ""relationship"", ""act"": 6.419626712799072}, {""tk"": ""United"", ""act"": 4.0318522453308105}, {""tk"": ""which"", ""act"": 0.24917440116405487}, {""tk"": ""of"", ""act"": 0.0}, {""tk"": ""seat"", ""act"": 0.0}, {""tk"": ""government"", ""act"": 0.0}, {""tk"": ""containing"", ""act"": 0.0}]"
6_82979,6,82979,attribute: The primary city serving as the seat of government for a state is the capital city,attribute,1,0.0,0.0,semantic,"[{""token"": ""attribute"", ""index"": 1, ""distance"": 0, ""direction"": ""self""}]",n/a,Semantic,Concept,0.7,False,,Oklahoma,"[{""tk"": ""Oklahoma"", ""act"": 6.748495101928711}, {""tk"": ""Tulsa"", ""act"": 5.861833572387695}, {""tk"": ""City"", ""act"": 0.40500813722610474}, {""tk"": ""entity"", ""act"": 0.0}, {""tk"": ""in"", ""act"": 0.0}, {""tk"": ""USA"", ""act"": 0.0}, {""tk"": ""is"", ""act"": 0.0}, {""tk"": ""The"", ""act"": 0.0}, {""tk"": ""capital"", ""act"": 0.0}, {""tk"": ""of"", ""act"": 0.0}, {""tk"": ""state"", ""act"": 0.0}, {""tk"": ""United"", ""act"": 0.0}, {""tk"": ""attribute"", ""act"": 0.0}, {""tk"": ""seat"", ""act"": 0.0}, {""tk"": ""government"", ""act"": 0.0}, {""tk"": ""relationship"", ""act"": 0.0}, {""tk"": ""which"", ""act"": 0.0}, {""tk"": ""containing"", ""act"": 0.0}]"
6_34521,6,34521,attribute: The primary city serving as the seat of government for a state is the capital city,attribute,1,0.0,0.0,semantic,"[{""token"": ""attribute"", ""index"": 1, ""distance"": 0, ""direction"": ""self""}]",n/a,Semantic,Concept,0.7,False,,Oklahoma,"[{""tk"": ""Oklahoma"", ""act"": 7.293138027191162}, {""tk"": ""Tulsa"", ""act"": 2.9419121742248535}, {""tk"": ""entity"", ""act"": 0.0}, {""tk"": ""city"", ""act"": 0.0}, {""tk"": ""in"", ""act"": 0.0}, {""tk"": ""USA"", ""act"": 0.0}, {""tk"": ""is"", ""act"": 0.0}, {""tk"": ""The"", ""act"": 0.0}, {""tk"": ""capital"", ""act"": 0.0}, {""tk"": ""of"", ""act"": 0.0}, {""tk"": ""state"", ""act"": 0.0}, {""tk"": ""United"", ""act"": 0.0}, {""tk"": ""attribute"", ""act"": 0.0}, {""tk"": ""seat"", ""act"": 0.0}, {""tk"": ""government"", ""act"": 0.0}, {""tk"": ""relationship"", ""act"": 0.0}, {""tk"": ""which"", ""act"": 0.0}, {""tk"": ""containing"", ""act"": 0.0}]"
6_78249,6,78249,attribute: The primary city serving as the seat of government for a state is the capital city,attribute,1,0.0,0.0,semantic,"[{""token"": ""attribute"", ""index"": 1, ""distance"": 0, ""direction"": ""self""}]",n/a,Semantic,Concept,0.7,False,,Tulsa,"[{""tk"": ""Tulsa"", ""act"": 13.081111907958984}, {""tk"": ""City"", ""act"": 10.932038307189941}, {""tk"": ""entity"", ""act"": 0.0}, {""tk"": ""in"", ""act"": 0.0}, {""tk"": ""Oklahoma"", ""act"": 0.0}, {""tk"": ""USA"", ""act"": 0.0}, {""tk"": ""is"", ""act"": 0.0}, {""tk"": ""The"", ""act"": 0.0}, {""tk"": ""capital"", ""act"": 0.0}, {""tk"": ""of"", ""act"": 0.0}, {""tk"": ""state"", ""act"": 0.0}, {""tk"": ""United"", ""act"": 0.0}, {""tk"": ""attribute"", ""act"": 0.0}, {""tk"": ""seat"", ""act"": 0.0}, {""tk"": ""government"", ""act"": 0.0}, {""tk"": ""relationship"", ""act"": 0.0}, {""tk"": ""which"", ""act"": 0.0}, {""tk"": ""containing"", ""act"": 0.0}]"
7_66851,7,66851,attribute: The primary city serving as the seat of government for a state is the capital city, city,5,47.1239128112793,0.551939807518415,semantic,"[{""token"": "" city"", ""index"": 5, ""distance"": 0, ""direction"": ""self""}]",n/a,Relationship,,1.0,False,,(capital) related,"[{""tk"": ""capital"", ""act"": 51.12392044067383}, {""tk"": ""The"", ""act"": 49.53570556640625}, {""tk"": ""city"", ""act"": 47.1239128112793}, {""tk"": ""attribute"", ""act"": 44.321834564208984}, {""tk"": ""state"", ""act"": 40.79597854614258}, {""tk"": ""Oklahoma"", ""act"": 37.870025634765625}, {""tk"": ""relationship"", ""act"": 36.99917984008789}, {""tk"": ""Tulsa"", ""act"": 36.14399719238281}, {""tk"": ""entity"", ""act"": 35.37952423095703}, {""tk"": ""in"", ""act"": 33.60566329956055}, {""tk"": ""is"", ""act"": 30.233966827392578}, {""tk"": ""USA"", ""act"": 25.287979125976562}, {""tk"": ""United"", ""act"": 24.42596435546875}, {""tk"": ""of"", ""act"": 15.559822082519531}, {""tk"": ""government"", ""act"": 14.86802864074707}, {""tk"": ""which"", ""act"": 12.457620620727539}, {""tk"": ""containing"", ""act"": 9.191671371459961}, {""tk"": ""seat"", ""act"": 7.343652248382568}]"
7_61400,7,61400,attribute: The primary city serving as the seat of government for a state is the capital city, seat,9,27.047378540039062,0.592482841836114,semantic,"[{""token"": "" seat"", ""index"": 9, ""distance"": 0, ""direction"": ""self""}]",n/a,Semantic,Concept,0.9038342904144644,False,,seat,"[{""tk"": ""seat"", ""act"": 27.047378540039062}, {""tk"": ""of"", ""act"": 24.446348190307617}, {""tk"": ""city"", ""act"": 17.92447280883789}, {""tk"": ""capital"", ""act"": 17.00651741027832}, {""tk"": ""government"", ""act"": 15.848814010620117}, {""tk"": ""the"", ""act"": 15.074621200561523}, {""tk"": ""in"", ""act"": 11.801795959472656}, {""tk"": ""is"", ""act"": 9.871255874633789}, {""tk"": ""state"", ""act"": 3.8132119178771973}, {""tk"": ""entity"", ""act"": 0.0}, {""tk"": ""Oklahoma"", ""act"": 0.0}, {""tk"": ""USA"", ""act"": 0.0}, {""tk"": ""Tulsa"", ""act"": 0.0}, {""tk"": ""United"", ""act"": 0.0}, {""tk"": ""attribute"", ""act"": 0.0}, {""tk"": ""relationship"", ""act"": 0.0}, {""tk"": ""which"", ""act"": 0.0}, {""tk"": ""containing"", ""act"": 0.0}]"
7_3144,7,3144,attribute: The primary city serving as the seat of government for a state is the capital city, seat,9,19.122955322265625,0.7324506811910407,semantic,"[{""token"": "" seat"", ""index"": 9, ""distance"": 0, ""direction"": ""self""}]",n/a,Semantic,Concept,0.7,False,,seat,"[{""tk"": ""seat"", ""act"": 19.122955322265625}, {""tk"": ""of"", ""act"": 17.120378494262695}, {""tk"": ""is"", ""act"": 12.879249572753906}, {""tk"": ""government"", ""act"": 9.54631233215332}, {""tk"": ""the"", ""act"": 6.785433292388916}, {""tk"": ""capital"", ""act"": 4.430372714996338}, {""tk"": ""state"", ""act"": 0.8215770721435547}, {""tk"": ""entity"", ""act"": 0.0}, {""tk"": ""city"", ""act"": 0.0}, {""tk"": ""in"", ""act"": 0.0}, {""tk"": ""Oklahoma"", ""act"": 0.0}, {""tk"": ""USA"", ""act"": 0.0}, {""tk"": ""Tulsa"", ""act"": 0.0}, {""tk"": ""United"", ""act"": 0.0}, {""tk"": ""attribute"", ""act"": 0.0}, {""tk"": ""relationship"", ""act"": 0.0}, {""tk"": ""which"", ""act"": 0.0}, {""tk"": ""containing"", ""act"": 0.0}]"
7_79007,7,79007,attribute: The primary city serving as the seat of government for a state is the capital city, is,15,3.44201397895813,0.9215555702209556,functional,"[{""token"": "" capital"", ""index"": 17, ""distance"": 2, ""direction"": ""forward""}]",json,"Say ""X""",,1.0,False,,Say (Oklahoma),"[{""tk"": ""is"", ""act"": 6.294589042663574}, {""tk"": ""Oklahoma"", ""act"": 2.8953616619110107}, {""tk"": ""the"", ""act"": 1.0101656913757324}, {""tk"": ""containing"", ""act"": 0.4453907310962677}, {""tk"": ""state"", ""act"": 0.40794315934181213}, {""tk"": ""entity"", ""act"": 0.0}, {""tk"": ""city"", ""act"": 0.0}, {""tk"": ""in"", ""act"": 0.0}, {""tk"": ""USA"", ""act"": 0.0}, {""tk"": ""Tulsa"", ""act"": 0.0}, {""tk"": ""capital"", ""act"": 0.0}, {""tk"": ""of"", ""act"": 0.0}, {""tk"": ""United"", ""act"": 0.0}, {""tk"": ""attribute"", ""act"": 0.0}, {""tk"": ""seat"", ""act"": 0.0}, {""tk"": ""government"", ""act"": 0.0}, {""tk"": ""relationship"", ""act"": 0.0}, {""tk"": ""which"", ""act"": 0.0}]"
7_4843,7,4843,attribute: The primary city serving as the seat of government for a state is the capital city,attribute,1,0.0,0.0,semantic,"[{""token"": ""attribute"", ""index"": 1, ""distance"": 0, ""direction"": ""self""}]",n/a,Semantic,Concept,0.7,False,,Oklahoma,"[{""tk"": ""Oklahoma"", ""act"": 22.43785858154297}, {""tk"": ""City"", ""act"": 5.043588638305664}, {""tk"": ""Tulsa"", ""act"": 4.893733024597168}, {""tk"": ""entity"", ""act"": 0.0}, {""tk"": ""in"", ""act"": 0.0}, {""tk"": ""USA"", ""act"": 0.0}, {""tk"": ""is"", ""act"": 0.0}, {""tk"": ""The"", ""act"": 0.0}, {""tk"": ""capital"", ""act"": 0.0}, {""tk"": ""of"", ""act"": 0.0}, {""tk"": ""state"", ""act"": 0.0}, {""tk"": ""United"", ""act"": 0.0}, {""tk"": ""attribute"", ""act"": 0.0}, {""tk"": ""seat"", ""act"": 0.0}, {""tk"": ""government"", ""act"": 0.0}, {""tk"": ""relationship"", ""act"": 0.0}, {""tk"": ""which"", ""act"": 0.0}, {""tk"": ""containing"", ""act"": 0.0}]"
7_35934,7,35934,attribute: The primary city serving as the seat of government for a state is the capital city,attribute,1,0.0,0.0,semantic,"[{""token"": ""attribute"", ""index"": 1, ""distance"": 0, ""direction"": ""self""}]",n/a,Semantic,Concept,0.7,False,,Oklahoma,"[{""tk"": ""Oklahoma"", ""act"": 15.385884284973145}, {""tk"": ""Tulsa"", ""act"": 10.748343467712402}, {""tk"": ""City"", ""act"": 9.092178344726562}, {""tk"": ""is"", ""act"": 1.6983782052993774}, {""tk"": ""entity"", ""act"": 0.0}, {""tk"": ""in"", ""act"": 0.0}, {""tk"": ""USA"", ""act"": 0.0}, {""tk"": ""The"", ""act"": 0.0}, {""tk"": ""capital"", ""act"": 0.0}, {""tk"": ""of"", ""act"": 0.0}, {""tk"": ""state"", ""act"": 0.0}, {""tk"": ""United"", ""act"": 0.0}, {""tk"": ""attribute"", ""act"": 0.0}, {""tk"": ""seat"", ""act"": 0.0}, {""tk"": ""government"", ""act"": 0.0}, {""tk"": ""relationship"", ""act"": 0.0}, {""tk"": ""which"", ""act"": 0.0}, {""tk"": ""containing"", ""act"": 0.0}]"
7_70223,7,70223,attribute: The primary city serving as the seat of government for a state is the capital city,attribute,1,0.0,0.0,semantic,"[{""token"": ""attribute"", ""index"": 1, ""distance"": 0, ""direction"": ""self""}]",n/a,Relationship,,1.0,False,,(entity) related,"[{""tk"": ""entity"", ""act"": 0.0}, {""tk"": ""city"", ""act"": 0.0}, {""tk"": ""in"", ""act"": 0.0}, {""tk"": ""Oklahoma"", ""act"": 0.0}, {""tk"": ""USA"", ""act"": 0.0}, {""tk"": ""is"", ""act"": 0.0}, {""tk"": ""Tulsa"", ""act"": 0.0}, {""tk"": ""The"", ""act"": 0.0}, {""tk"": ""capital"", ""act"": 0.0}, {""tk"": ""of"", ""act"": 0.0}, {""tk"": ""state"", ""act"": 0.0}, {""tk"": ""United"", ""act"": 0.0}, {""tk"": ""attribute"", ""act"": 0.0}, {""tk"": ""seat"", ""act"": 0.0}, {""tk"": ""government"", ""act"": 0.0}, {""tk"": ""relationship"", ""act"": 0.0}, {""tk"": ""which"", ""act"": 0.0}, {""tk"": ""containing"", ""act"": 0.0}]"
7_89264,7,89264,attribute: The primary city serving as the seat of government for a state is the capital city,attribute,1,0.0,0.0,semantic,"[{""token"": ""attribute"", ""index"": 1, ""distance"": 0, ""direction"": ""self""}]",n/a,"Say ""X""",,1.0,False,,Say (Oklahoma),"[{""tk"": ""is"", ""act"": 5.935651779174805}, {""tk"": ""entity"", ""act"": 0.0}, {""tk"": ""city"", ""act"": 0.0}, {""tk"": ""in"", ""act"": 0.0}, {""tk"": ""Oklahoma"", ""act"": 0.0}, {""tk"": ""USA"", ""act"": 0.0}, {""tk"": ""Tulsa"", ""act"": 0.0}, {""tk"": ""The"", ""act"": 0.0}, {""tk"": ""capital"", ""act"": 0.0}, {""tk"": ""of"", ""act"": 0.0}, {""tk"": ""state"", ""act"": 0.0}, {""tk"": ""United"", ""act"": 0.0}, {""tk"": ""attribute"", ""act"": 0.0}, {""tk"": ""seat"", ""act"": 0.0}, {""tk"": ""government"", ""act"": 0.0}, {""tk"": ""relationship"", ""act"": 0.0}, {""tk"": ""which"", ""act"": 0.0}, {""tk"": ""containing"", ""act"": 0.0}]"
8_37691,8,37691,attribute: The primary city serving as the seat of government for a state is the capital city, city,5,38.05474090576172,0.7337300616098005,semantic,"[{""token"": "" city"", ""index"": 5, ""distance"": 0, ""direction"": ""self""}]",n/a,Semantic,Concept,0.7,False,,Oklahoma,"[{""tk"": ""Oklahoma"", ""act"": 59.9482421875}, {""tk"": ""Tulsa"", ""act"": 47.75476837158203}, {""tk"": ""city"", ""act"": 42.40685272216797}, {""tk"": ""state"", ""act"": 38.081817626953125}, {""tk"": ""United"", ""act"": 34.35245132446289}, {""tk"": ""is"", ""act"": 34.14787673950195}, {""tk"": ""in"", ""act"": 33.59162902832031}, {""tk"": ""capital"", ""act"": 32.52396774291992}, {""tk"": ""the"", ""act"": 31.789443969726562}, {""tk"": ""which"", ""act"": 26.694414138793945}, {""tk"": ""USA"", ""act"": 21.671632766723633}, {""tk"": ""containing"", ""act"": 20.22340965270996}, {""tk"": ""attribute"", ""act"": 13.858716011047363}, {""tk"": ""of"", ""act"": 9.817935943603516}, {""tk"": ""seat"", ""act"": 7.010494709014893}, {""tk"": ""entity"", ""act"": 6.141034126281738}, {""tk"": ""government"", ""act"": 3.096951723098755}, {""tk"": ""relationship"", ""act"": 0.0}]"
8_49126,8,49126,attribute: The primary city serving as the seat of government for a state is the capital city, the,8,9.22913646697998,0.8974656703104064,functional,"[{""token"": "" seat"", ""index"": 9, ""distance"": 1, ""direction"": ""forward""}]",json,Semantic,Concept,0.7,False,,city,"[{""tk"": ""the"", ""act"": 9.22913646697998}, {""tk"": ""city"", ""act"": 5.420082092285156}, {""tk"": ""seat"", ""act"": 4.043637275695801}, {""tk"": ""is"", ""act"": 1.78456711769104}, {""tk"": ""containing"", ""act"": 1.69818115234375}, {""tk"": ""in"", ""act"": 1.0876405239105225}, {""tk"": ""of"", ""act"": 0.6516338586807251}, {""tk"": ""entity"", ""act"": 0.0}, {""tk"": ""Oklahoma"", ""act"": 0.0}, {""tk"": ""USA"", ""act"": 0.0}, {""tk"": ""Tulsa"", ""act"": 0.0}, {""tk"": ""capital"", ""act"": 0.0}, {""tk"": ""state"", ""act"": 0.0}, {""tk"": ""United"", ""act"": 0.0}, {""tk"": ""attribute"", ""act"": 0.0}, {""tk"": ""government"", ""act"": 0.0}, {""tk"": ""relationship"", ""act"": 0.0}, {""tk"": ""which"", ""act"": 0.0}]"
8_27025,8,27025,attribute: The primary city serving as the seat of government for a state is the capital city, capital,17,9.152912139892578,0.8971919042175184,semantic,"[{""token"": "" capital"", ""index"": 17, ""distance"": 0, ""direction"": ""self""}]",n/a,Semantic,Concept,0.7,False,,city,"[{""tk"": ""city"", ""act"": 18.328699111938477}, {""tk"": ""is"", ""act"": 16.004262924194336}, {""tk"": ""capital"", ""act"": 9.931890487670898}, {""tk"": ""of"", ""act"": 9.516048431396484}, {""tk"": ""entity"", ""act"": 0.0}, {""tk"": ""in"", ""act"": 0.0}, {""tk"": ""Oklahoma"", ""act"": 0.0}, {""tk"": ""USA"", ""act"": 0.0}, {""tk"": ""Tulsa"", ""act"": 0.0}, {""tk"": ""The"", ""act"": 0.0}, {""tk"": ""state"", ""act"": 0.0}, {""tk"": ""United"", ""act"": 0.0}, {""tk"": ""attribute"", ""act"": 0.0}, {""tk"": ""seat"", ""act"": 0.0}, {""tk"": ""government"", ""act"": 0.0}, {""tk"": ""relationship"", ""act"": 0.0}, {""tk"": ""which"", ""act"": 0.0}, {""tk"": ""containing"", ""act"": 0.0}]"
8_33722,8,33722,attribute: The primary city serving as the seat of government for a state is the capital city,attribute,1,0.0,0.0,semantic,"[{""token"": ""attribute"", ""index"": 1, ""distance"": 0, ""direction"": ""self""}]",n/a,Semantic,Concept,0.7,False,,Oklahoma,"[{""tk"": ""Oklahoma"", ""act"": 8.021228790283203}, {""tk"": ""Tulsa"", ""act"": 1.6153671741485596}, {""tk"": ""entity"", ""act"": 0.0}, {""tk"": ""city"", ""act"": 0.0}, {""tk"": ""in"", ""act"": 0.0}, {""tk"": ""USA"", ""act"": 0.0}, {""tk"": ""is"", ""act"": 0.0}, {""tk"": ""The"", ""act"": 0.0}, {""tk"": ""capital"", ""act"": 0.0}, {""tk"": ""of"", ""act"": 0.0}, {""tk"": ""state"", ""act"": 0.0}, {""tk"": ""United"", ""act"": 0.0}, {""tk"": ""attribute"", ""act"": 0.0}, {""tk"": ""seat"", ""act"": 0.0}, {""tk"": ""government"", ""act"": 0.0}, {""tk"": ""relationship"", ""act"": 0.0}, {""tk"": ""which"", ""act"": 0.0}, {""tk"": ""containing"", ""act"": 0.0}]"
8_43333,8,43333,attribute: The primary city serving as the seat of government for a state is the capital city,attribute,1,0.0,0.0,semantic,"[{""token"": ""attribute"", ""index"": 1, ""distance"": 0, ""direction"": ""self""}]",n/a,"Say ""X""",,1.0,False,,Say (Oklahoma),"[{""tk"": ""is"", ""act"": 5.2949371337890625}, {""tk"": ""entity"", ""act"": 0.0}, {""tk"": ""city"", ""act"": 0.0}, {""tk"": ""in"", ""act"": 0.0}, {""tk"": ""Oklahoma"", ""act"": 0.0}, {""tk"": ""USA"", ""act"": 0.0}, {""tk"": ""Tulsa"", ""act"": 0.0}, {""tk"": ""The"", ""act"": 0.0}, {""tk"": ""capital"", ""act"": 0.0}, {""tk"": ""of"", ""act"": 0.0}, {""tk"": ""state"", ""act"": 0.0}, {""tk"": ""United"", ""act"": 0.0}, {""tk"": ""attribute"", ""act"": 0.0}, {""tk"": ""seat"", ""act"": 0.0}, {""tk"": ""government"", ""act"": 0.0}, {""tk"": ""relationship"", ""act"": 0.0}, {""tk"": ""which"", ""act"": 0.0}, {""tk"": ""containing"", ""act"": 0.0}]"
8_91259,8,91259,attribute: The primary city serving as the seat of government for a state is the capital city,attribute,1,0.0,0.0,semantic,"[{""token"": ""attribute"", ""index"": 1, ""distance"": 0, ""direction"": ""self""}]",n/a,"Say ""X""",,1.0,False,,Say (Oklahoma),"[{""tk"": ""is"", ""act"": 6.2996134757995605}, {""tk"": ""city"", ""act"": 1.4647231101989746}, {""tk"": ""entity"", ""act"": 0.0}, {""tk"": ""in"", ""act"": 0.0}, {""tk"": ""Oklahoma"", ""act"": 0.0}, {""tk"": ""USA"", ""act"": 0.0}, {""tk"": ""Tulsa"", ""act"": 0.0}, {""tk"": ""The"", ""act"": 0.0}, {""tk"": ""capital"", ""act"": 0.0}, {""tk"": ""of"", ""act"": 0.0}, {""tk"": ""state"", ""act"": 0.0}, {""tk"": ""United"", ""act"": 0.0}, {""tk"": ""attribute"", ""act"": 0.0}, {""tk"": ""seat"", ""act"": 0.0}, {""tk"": ""government"", ""act"": 0.0}, {""tk"": ""relationship"", ""act"": 0.0}, {""tk"": ""which"", ""act"": 0.0}, {""tk"": ""containing"", ""act"": 0.0}]"
8_94844,8,94844,attribute: The primary city serving as the seat of government for a state is the capital city,attribute,1,0.0,0.0,semantic,"[{""token"": ""attribute"", ""index"": 1, ""distance"": 0, ""direction"": ""self""}]",n/a,"Say ""X""",,1.0,False,,Say (Oklahoma),"[{""tk"": ""is"", ""act"": 4.347738742828369}, {""tk"": ""entity"", ""act"": 0.0}, {""tk"": ""city"", ""act"": 0.0}, {""tk"": ""in"", ""act"": 0.0}, {""tk"": ""Oklahoma"", ""act"": 0.0}, {""tk"": ""USA"", ""act"": 0.0}, {""tk"": ""Tulsa"", ""act"": 0.0}, {""tk"": ""The"", ""act"": 0.0}, {""tk"": ""capital"", ""act"": 0.0}, {""tk"": ""of"", ""act"": 0.0}, {""tk"": ""state"", ""act"": 0.0}, {""tk"": ""United"", ""act"": 0.0}, {""tk"": ""attribute"", ""act"": 0.0}, {""tk"": ""seat"", ""act"": 0.0}, {""tk"": ""government"", ""act"": 0.0}, {""tk"": ""relationship"", ""act"": 0.0}, {""tk"": ""which"", ""act"": 0.0}, {""tk"": ""containing"", ""act"": 0.0}]"
9_4679,9,4679,attribute: The primary city serving as the seat of government for a state is the capital city, the,8,0.0692412853240966,0.9444444444444444,functional,"[{""token"": "" seat"", ""index"": 9, ""distance"": 1, ""direction"": ""forward""}]",json,"Say ""X""",,1.0,False,,Say (Oklahoma),"[{""tk"": ""is"", ""act"": 3.1898462772369385}, {""tk"": ""the"", ""act"": 0.06924128532409668}, {""tk"": ""entity"", ""act"": 0.0}, {""tk"": ""city"", ""act"": 0.0}, {""tk"": ""in"", ""act"": 0.0}, {""tk"": ""Oklahoma"", ""act"": 0.0}, {""tk"": ""USA"", ""act"": 0.0}, {""tk"": ""Tulsa"", ""act"": 0.0}, {""tk"": ""capital"", ""act"": 0.0}, {""tk"": ""of"", ""act"": 0.0}, {""tk"": ""state"", ""act"": 0.0}, {""tk"": ""United"", ""act"": 0.0}, {""tk"": ""attribute"", ""act"": 0.0}, {""tk"": ""seat"", ""act"": 0.0}, {""tk"": ""government"", ""act"": 0.0}, {""tk"": ""relationship"", ""act"": 0.0}, {""tk"": ""which"", ""act"": 0.0}, {""tk"": ""containing"", ""act"": 0.0}]"
10_75793,10,75793,attribute: The primary city serving as the seat of government for a state is the capital city, is,15,35.21165084838867,0.5217678746974095,functional,"[{""token"": "" capital"", ""index"": 17, ""distance"": 2, ""direction"": ""forward""}]",json,Semantic,Concept,0.7,False,,Oklahoma,"[{""tk"": ""Oklahoma"", ""act"": 51.05384826660156}, {""tk"": ""is"", ""act"": 39.36930847167969}, {""tk"": ""city"", ""act"": 39.18864440917969}, {""tk"": ""USA"", ""act"": 38.450809478759766}, {""tk"": ""in"", ""act"": 31.05699920654297}, {""tk"": ""the"", ""act"": 30.694744110107422}, {""tk"": ""Tulsa"", ""act"": 26.914066314697266}, {""tk"": ""of"", ""act"": 26.388446807861328}, {""tk"": ""containing"", ""act"": 24.20592498779297}, {""tk"": ""United"", ""act"": 19.758338928222656}, {""tk"": ""government"", ""act"": 19.719295501708984}, {""tk"": ""capital"", ""act"": 15.062984466552734}, {""tk"": ""state"", ""act"": 14.852208137512207}, {""tk"": ""seat"", ""act"": 6.060904502868652}, {""tk"": ""entity"", ""act"": 0.0}, {""tk"": ""attribute"", ""act"": 0.0}, {""tk"": ""relationship"", ""act"": 0.0}, {""tk"": ""which"", ""act"": 0.0}]"
10_40368,10,40368,attribute: The primary city serving as the seat of government for a state is the capital city,attribute,1,0.0,0.0,semantic,"[{""token"": ""attribute"", ""index"": 1, ""distance"": 0, ""direction"": ""self""}]",n/a,"Say ""X""",,1.0,False,,Say (Oklahoma),"[{""tk"": ""is"", ""act"": 25.52902603149414}, {""tk"": ""entity"", ""act"": 0.0}, {""tk"": ""city"", ""act"": 0.0}, {""tk"": ""in"", ""act"": 0.0}, {""tk"": ""Oklahoma"", ""act"": 0.0}, {""tk"": ""USA"", ""act"": 0.0}, {""tk"": ""Tulsa"", ""act"": 0.0}, {""tk"": ""The"", ""act"": 0.0}, {""tk"": ""capital"", ""act"": 0.0}, {""tk"": ""of"", ""act"": 0.0}, {""tk"": ""state"", ""act"": 0.0}, {""tk"": ""United"", ""act"": 0.0}, {""tk"": ""attribute"", ""act"": 0.0}, {""tk"": ""seat"", ""act"": 0.0}, {""tk"": ""government"", ""act"": 0.0}, {""tk"": ""relationship"", ""act"": 0.0}, {""tk"": ""which"", ""act"": 0.0}, {""tk"": ""containing"", ""act"": 0.0}]"
11_50131,11,50131,attribute: The primary city serving as the seat of government for a state is the capital city, capital,17,32.42369842529297,0.5454627542009696,semantic,"[{""token"": "" capital"", ""index"": 17, ""distance"": 0, ""direction"": ""self""}]",n/a,Semantic,Concept,0.7,False,,Oklahoma,"[{""tk"": ""Oklahoma"", ""act"": 51.476806640625}, {""tk"": ""City"", ""act"": 42.90842056274414}, {""tk"": ""Tulsa"", ""act"": 40.00016784667969}, {""tk"": ""capital"", ""act"": 32.42369842529297}, {""tk"": ""state"", ""act"": 31.960853576660156}, {""tk"": ""USA"", ""act"": 28.9772891998291}, {""tk"": ""is"", ""act"": 25.885787963867188}, {""tk"": ""seat"", ""act"": 20.70366859436035}, {""tk"": ""United"", ""act"": 20.259521484375}, {""tk"": ""government"", ""act"": 16.808237075805664}, {""tk"": ""the"", ""act"": 14.164325714111328}, {""tk"": ""of"", ""act"": 13.586553573608398}, {""tk"": ""containing"", ""act"": 11.94537353515625}, {""tk"": ""in"", ""act"": 10.796977996826172}, {""tk"": ""entity"", ""act"": 0.0}, {""tk"": ""attribute"", ""act"": 0.0}, {""tk"": ""relationship"", ""act"": 0.0}, {""tk"": ""which"", ""act"": 0.0}]"
12_27348,12,27348,attribute: The primary city serving as the seat of government for a state is the capital city,attribute,1,0.0,0.0,semantic,"[{""token"": ""attribute"", ""index"": 1, ""distance"": 0, ""direction"": ""self""}]",n/a,"Say ""X""",,1.0,False,,Say (Oklahoma),"[{""tk"": ""is"", ""act"": 26.881675720214844}, {""tk"": ""entity"", ""act"": 0.0}, {""tk"": ""city"", ""act"": 0.0}, {""tk"": ""in"", ""act"": 0.0}, {""tk"": ""Oklahoma"", ""act"": 0.0}, {""tk"": ""USA"", ""act"": 0.0}, {""tk"": ""Tulsa"", ""act"": 0.0}, {""tk"": ""The"", ""act"": 0.0}, {""tk"": ""capital"", ""act"": 0.0}, {""tk"": ""of"", ""act"": 0.0}, {""tk"": ""state"", ""act"": 0.0}, {""tk"": ""United"", ""act"": 0.0}, {""tk"": ""attribute"", ""act"": 0.0}, {""tk"": ""seat"", ""act"": 0.0}, {""tk"": ""government"", ""act"": 0.0}, {""tk"": ""relationship"", ""act"": 0.0}, {""tk"": ""which"", ""act"": 0.0}, {""tk"": ""containing"", ""act"": 0.0}]"
12_87969,12,87969,attribute: The primary city serving as the seat of government for a state is the capital city, the,16,30.410320281982425,0.8442284728854037,functional,"[{""token"": "" capital"", ""index"": 17, ""distance"": 1, ""direction"": ""forward""}]",json,"Say ""X""",,1.0,False,,Say (capital),"[{""tk"": ""the"", ""act"": 30.410320281982422}, {""tk"": ""city"", ""act"": 23.238815307617188}, {""tk"": ""is"", ""act"": 19.98517608642578}, {""tk"": ""capital"", ""act"": 15.231819152832031}, {""tk"": ""Oklahoma"", ""act"": 2.618972063064575}, {""tk"": ""entity"", ""act"": 0.0}, {""tk"": ""in"", ""act"": 0.0}, {""tk"": ""USA"", ""act"": 0.0}, {""tk"": ""Tulsa"", ""act"": 0.0}, {""tk"": ""of"", ""act"": 0.0}, {""tk"": ""state"", ""act"": 0.0}, {""tk"": ""United"", ""act"": 0.0}, {""tk"": ""attribute"", ""act"": 0.0}, {""tk"": ""seat"", ""act"": 0.0}, {""tk"": ""government"", ""act"": 0.0}, {""tk"": ""relationship"", ""act"": 0.0}, {""tk"": ""which"", ""act"": 0.0}, {""tk"": ""containing"", ""act"": 0.0}]"
12_5597,12,5597,attribute: The primary city serving as the seat of government for a state is the capital city, is,15,6.675722599029541,0.9444444444444444,functional,"[{""token"": "" capital"", ""index"": 17, ""distance"": 2, ""direction"": ""forward""}]",json,"Say ""X""",,1.0,False,,Say (Oklahoma),"[{""tk"": ""is"", ""act"": 24.96383285522461}, {""tk"": ""entity"", ""act"": 0.0}, {""tk"": ""city"", ""act"": 0.0}, {""tk"": ""in"", ""act"": 0.0}, {""tk"": ""Oklahoma"", ""act"": 0.0}, {""tk"": ""USA"", ""act"": 0.0}, {""tk"": ""Tulsa"", ""act"": 0.0}, {""tk"": ""The"", ""act"": 0.0}, {""tk"": ""capital"", ""act"": 0.0}, {""tk"": ""of"", ""act"": 0.0}, {""tk"": ""state"", ""act"": 0.0}, {""tk"": ""United"", ""act"": 0.0}, {""tk"": ""attribute"", ""act"": 0.0}, {""tk"": ""seat"", ""act"": 0.0}, {""tk"": ""government"", ""act"": 0.0}, {""tk"": ""relationship"", ""act"": 0.0}, {""tk"": ""which"", ""act"": 0.0}, {""tk"": ""containing"", ""act"": 0.0}]"
13_16947,13,16947,attribute: The primary city serving as the seat of government for a state is the capital city, is,15,15.339577674865724,0.8304489866316614,functional,"[{""token"": "" capital"", ""index"": 17, ""distance"": 2, ""direction"": ""forward""}]",json,Semantic,Dictionary,0.8333333333333334,False,,is,"[{""tk"": ""is"", ""act"": 15.5658540725708}, {""tk"": ""the"", ""act"": 11.20738410949707}, {""tk"": ""capital"", ""act"": 10.91185188293457}, {""tk"": ""city"", ""act"": 9.3563232421875}, {""tk"": ""Oklahoma"", ""act"": 8.947060585021973}, {""tk"": ""entity"", ""act"": 0.0}, {""tk"": ""in"", ""act"": 0.0}, {""tk"": ""USA"", ""act"": 0.0}, {""tk"": ""Tulsa"", ""act"": 0.0}, {""tk"": ""of"", ""act"": 0.0}, {""tk"": ""state"", ""act"": 0.0}, {""tk"": ""United"", ""act"": 0.0}, {""tk"": ""attribute"", ""act"": 0.0}, {""tk"": ""seat"", ""act"": 0.0}, {""tk"": ""government"", ""act"": 0.0}, {""tk"": ""relationship"", ""act"": 0.0}, {""tk"": ""which"", ""act"": 0.0}, {""tk"": ""containing"", ""act"": 0.0}]"
13_83324,13,83324,attribute: The primary city serving as the seat of government for a state is the capital city,attribute,1,0.0,0.0,semantic,"[{""token"": ""attribute"", ""index"": 1, ""distance"": 0, ""direction"": ""self""}]",n/a,"Say ""X""",,1.0,False,,Say (Oklahoma),"[{""tk"": ""is"", ""act"": 0.5473306775093079}, {""tk"": ""entity"", ""act"": 0.0}, {""tk"": ""city"", ""act"": 0.0}, {""tk"": ""in"", ""act"": 0.0}, {""tk"": ""Oklahoma"", ""act"": 0.0}, {""tk"": ""USA"", ""act"": 0.0}, {""tk"": ""Tulsa"", ""act"": 0.0}, {""tk"": ""The"", ""act"": 0.0}, {""tk"": ""capital"", ""act"": 0.0}, {""tk"": ""of"", ""act"": 0.0}, {""tk"": ""state"", ""act"": 0.0}, {""tk"": ""United"", ""act"": 0.0}, {""tk"": ""attribute"", ""act"": 0.0}, {""tk"": ""seat"", ""act"": 0.0}, {""tk"": ""government"", ""act"": 0.0}, {""tk"": ""relationship"", ""act"": 0.0}, {""tk"": ""which"", ""act"": 0.0}, {""tk"": ""containing"", ""act"": 0.0}]"
14_66317,14,66317,attribute: The primary city serving as the seat of government for a state is the capital city, is,15,7.129465103149414,0.9444444444444444,functional,"[{""token"": "" capital"", ""index"": 17, ""distance"": 2, ""direction"": ""forward""}]",json,"Say ""X""",,1.0,False,,Say (Oklahoma),"[{""tk"": ""is"", ""act"": 24.174097061157227}, {""tk"": ""entity"", ""act"": 0.0}, {""tk"": ""city"", ""act"": 0.0}, {""tk"": ""in"", ""act"": 0.0}, {""tk"": ""Oklahoma"", ""act"": 0.0}, {""tk"": ""USA"", ""act"": 0.0}, {""tk"": ""Tulsa"", ""act"": 0.0}, {""tk"": ""The"", ""act"": 0.0}, {""tk"": ""capital"", ""act"": 0.0}, {""tk"": ""of"", ""act"": 0.0}, {""tk"": ""state"", ""act"": 0.0}, {""tk"": ""United"", ""act"": 0.0}, {""tk"": ""attribute"", ""act"": 0.0}, {""tk"": ""seat"", ""act"": 0.0}, {""tk"": ""government"", ""act"": 0.0}, {""tk"": ""relationship"", ""act"": 0.0}, {""tk"": ""which"", ""act"": 0.0}, {""tk"": ""containing"", ""act"": 0.0}]"
15_57611,15,57611,attribute: The primary city serving as the seat of government for a state is the capital city,attribute,1,0.0,0.0,semantic,"[{""token"": ""attribute"", ""index"": 1, ""distance"": 0, ""direction"": ""self""}]",n/a,"Say ""X""",,1.0,False,,Say (Oklahoma),"[{""tk"": ""is"", ""act"": 6.814482688903809}, {""tk"": ""entity"", ""act"": 0.0}, {""tk"": ""city"", ""act"": 0.0}, {""tk"": ""in"", ""act"": 0.0}, {""tk"": ""Oklahoma"", ""act"": 0.0}, {""tk"": ""USA"", ""act"": 0.0}, {""tk"": ""Tulsa"", ""act"": 0.0}, {""tk"": ""The"", ""act"": 0.0}, {""tk"": ""capital"", ""act"": 0.0}, {""tk"": ""of"", ""act"": 0.0}, {""tk"": ""state"", ""act"": 0.0}, {""tk"": ""United"", ""act"": 0.0}, {""tk"": ""attribute"", ""act"": 0.0}, {""tk"": ""seat"", ""act"": 0.0}, {""tk"": ""government"", ""act"": 0.0}, {""tk"": ""relationship"", ""act"": 0.0}, {""tk"": ""which"", ""act"": 0.0}, {""tk"": ""containing"", ""act"": 0.0}]"
15_83184,15,83184,attribute: The primary city serving as the seat of government for a state is the capital city,attribute,1,0.0,0.0,semantic,"[{""token"": ""attribute"", ""index"": 1, ""distance"": 0, ""direction"": ""self""}]",n/a,"Say ""X""",,1.0,False,,Say (Oklahoma),"[{""tk"": ""is"", ""act"": 7.846880912780762}, {""tk"": ""entity"", ""act"": 0.0}, {""tk"": ""city"", ""act"": 0.0}, {""tk"": ""in"", ""act"": 0.0}, {""tk"": ""Oklahoma"", ""act"": 0.0}, {""tk"": ""USA"", ""act"": 0.0}, {""tk"": ""Tulsa"", ""act"": 0.0}, {""tk"": ""The"", ""act"": 0.0}, {""tk"": ""capital"", ""act"": 0.0}, {""tk"": ""of"", ""act"": 0.0}, {""tk"": ""state"", ""act"": 0.0}, {""tk"": ""United"", ""act"": 0.0}, {""tk"": ""attribute"", ""act"": 0.0}, {""tk"": ""seat"", ""act"": 0.0}, {""tk"": ""government"", ""act"": 0.0}, {""tk"": ""relationship"", ""act"": 0.0}, {""tk"": ""which"", ""act"": 0.0}, {""tk"": ""containing"", ""act"": 0.0}]"
16_22056,16,22056,attribute: The primary city serving as the seat of government for a state is the capital city, city,18,58.84897232055664,0.7122192069161528,semantic,"[{""token"": "" city"", ""index"": 18, ""distance"": 0, ""direction"": ""self""}]",n/a,Semantic,Concept,0.8861219408559267,False,,city,"[{""tk"": ""city"", ""act"": 58.84897232055664}, {""tk"": ""Tulsa"", ""act"": 58.11924362182617}, {""tk"": ""The"", ""act"": 52.14736557006836}, {""tk"": ""capital"", ""act"": 41.83122634887695}, {""tk"": ""in"", ""act"": 40.52579116821289}, {""tk"": ""state"", ""act"": 39.050052642822266}, {""tk"": ""is"", ""act"": 38.97221374511719}, {""tk"": ""Oklahoma"", ""act"": 34.988651275634766}, {""tk"": ""containing"", ""act"": 32.611183166503906}, {""tk"": ""USA"", ""act"": 17.352821350097656}, {""tk"": ""seat"", ""act"": 13.986998558044434}, {""tk"": ""of"", ""act"": 7.393336296081543}, {""tk"": ""entity"", ""act"": 0.0}, {""tk"": ""United"", ""act"": 0.0}, {""tk"": ""attribute"", ""act"": 0.0}, {""tk"": ""government"", ""act"": 0.0}, {""tk"": ""relationship"", ""act"": 0.0}, {""tk"": ""which"", ""act"": 0.0}]"
16_49478,16,49478,attribute: The primary city serving as the seat of government for a state is the capital city, the,16,18.66851234436035,0.8807386091488081,functional,"[{""token"": "" capital"", ""index"": 17, ""distance"": 1, ""direction"": ""forward""}]",json,Semantic,Concept,0.9780169741706266,False,,Oklahoma,"[{""tk"": ""Oklahoma"", ""act"": 19.08812713623047}, {""tk"": ""the"", ""act"": 18.66851234436035}, {""tk"": ""is"", ""act"": 15.202108383178711}, {""tk"": ""capital"", ""act"": 6.205168724060059}, {""tk"": ""entity"", ""act"": 0.0}, {""tk"": ""city"", ""act"": 0.0}, {""tk"": ""in"", ""act"": 0.0}, {""tk"": ""USA"", ""act"": 0.0}, {""tk"": ""Tulsa"", ""act"": 0.0}, {""tk"": ""of"", ""act"": 0.0}, {""tk"": ""state"", ""act"": 0.0}, {""tk"": ""United"", ""act"": 0.0}, {""tk"": ""attribute"", ""act"": 0.0}, {""tk"": ""seat"", ""act"": 0.0}, {""tk"": ""government"", ""act"": 0.0}, {""tk"": ""relationship"", ""act"": 0.0}, {""tk"": ""which"", ""act"": 0.0}, {""tk"": ""containing"", ""act"": 0.0}]"
16_98048,16,98048,attribute: The primary city serving as the seat of government for a state is the capital city, is,15,6.596226692199707,0.9011006379859342,functional,"[{""token"": "" capital"", ""index"": 17, ""distance"": 2, ""direction"": ""forward""}]",json,"Say ""X""",,1.0,False,,Say (Oklahoma),"[{""tk"": ""is"", ""act"": 24.898752212524414}, {""tk"": ""Oklahoma"", ""act"": 8.417558670043945}, {""tk"": ""the"", ""act"": 5.146300315856934}, {""tk"": ""entity"", ""act"": 0.0}, {""tk"": ""city"", ""act"": 0.0}, {""tk"": ""in"", ""act"": 0.0}, {""tk"": ""USA"", ""act"": 0.0}, {""tk"": ""Tulsa"", ""act"": 0.0}, {""tk"": ""capital"", ""act"": 0.0}, {""tk"": ""of"", ""act"": 0.0}, {""tk"": ""state"", ""act"": 0.0}, {""tk"": ""United"", ""act"": 0.0}, {""tk"": ""attribute"", ""act"": 0.0}, {""tk"": ""seat"", ""act"": 0.0}, {""tk"": ""government"", ""act"": 0.0}, {""tk"": ""relationship"", ""act"": 0.0}, {""tk"": ""which"", ""act"": 0.0}, {""tk"": ""containing"", ""act"": 0.0}]"
16_49319,16,49319,attribute: The primary city serving as the seat of government for a state is the capital city, the,16,5.03242301940918,0.912548422465792,functional,"[{""token"": "" capital"", ""index"": 17, ""distance"": 1, ""direction"": ""forward""}]",json,"Say ""X""",,1.0,False,,Say (Oklahoma),"[{""tk"": ""is"", ""act"": 12.913878440856934}, {""tk"": ""Oklahoma"", ""act"": 9.430219650268555}, {""tk"": ""the"", ""act"": 5.03242301940918}, {""tk"": ""entity"", ""act"": 0.0}, {""tk"": ""city"", ""act"": 0.0}, {""tk"": ""in"", ""act"": 0.0}, {""tk"": ""USA"", ""act"": 0.0}, {""tk"": ""Tulsa"", ""act"": 0.0}, {""tk"": ""capital"", ""act"": 0.0}, {""tk"": ""of"", ""act"": 0.0}, {""tk"": ""state"", ""act"": 0.0}, {""tk"": ""United"", ""act"": 0.0}, {""tk"": ""attribute"", ""act"": 0.0}, {""tk"": ""seat"", ""act"": 0.0}, {""tk"": ""government"", ""act"": 0.0}, {""tk"": ""relationship"", ""act"": 0.0}, {""tk"": ""which"", ""act"": 0.0}, {""tk"": ""containing"", ""act"": 0.0}]"
16_29578,16,29578,attribute: The primary city serving as the seat of government for a state is the capital city, for,12,1.958298683166504,0.9444444444444444,functional,"[{""token"": "" state"", ""index"": 14, ""distance"": 2, ""direction"": ""forward""}]",json,"Say ""X""",,1.0,False,,Say (state),"[{""tk"": ""is"", ""act"": 1.8383522033691406}, {""tk"": ""Oklahoma"", ""act"": 1.6916999816894531}, {""tk"": ""in"", ""act"": 1.6670656204223633}, {""tk"": ""entity"", ""act"": 0.0}, {""tk"": ""city"", ""act"": 0.0}, {""tk"": ""USA"", ""act"": 0.0}, {""tk"": ""Tulsa"", ""act"": 0.0}, {""tk"": ""The"", ""act"": 0.0}, {""tk"": ""capital"", ""act"": 0.0}, {""tk"": ""of"", ""act"": 0.0}, {""tk"": ""state"", ""act"": 0.0}, {""tk"": ""United"", ""act"": 0.0}, {""tk"": ""attribute"", ""act"": 0.0}, {""tk"": ""seat"", ""act"": 0.0}, {""tk"": ""government"", ""act"": 0.0}, {""tk"": ""relationship"", ""act"": 0.0}, {""tk"": ""which"", ""act"": 0.0}, {""tk"": ""containing"", ""act"": 0.0}]"
16_37465,16,37465,attribute: The primary city serving as the seat of government for a state is the capital city,attribute,1,0.0,0.0,semantic,"[{""token"": ""attribute"", ""index"": 1, ""distance"": 0, ""direction"": ""self""}]",n/a,"Say ""X""",,1.0,False,,Say (Oklahoma),"[{""tk"": ""is"", ""act"": 6.640685081481934}, {""tk"": ""entity"", ""act"": 0.0}, {""tk"": ""city"", ""act"": 0.0}, {""tk"": ""in"", ""act"": 0.0}, {""tk"": ""Oklahoma"", ""act"": 0.0}, {""tk"": ""USA"", ""act"": 0.0}, {""tk"": ""Tulsa"", ""act"": 0.0}, {""tk"": ""The"", ""act"": 0.0}, {""tk"": ""capital"", ""act"": 0.0}, {""tk"": ""of"", ""act"": 0.0}, {""tk"": ""state"", ""act"": 0.0}, {""tk"": ""United"", ""act"": 0.0}, {""tk"": ""attribute"", ""act"": 0.0}, {""tk"": ""seat"", ""act"": 0.0}, {""tk"": ""government"", ""act"": 0.0}, {""tk"": ""relationship"", ""act"": 0.0}, {""tk"": ""which"", ""act"": 0.0}, {""tk"": ""containing"", ""act"": 0.0}]"
17_98126,17,98126,attribute: The primary city serving as the seat of government for a state is the capital city, the,16,20.31070899963379,0.8521807186211801,functional,"[{""token"": "" capital"", ""index"": 17, ""distance"": 1, ""direction"": ""forward""}]",json,"Say ""X""",,1.0,False,,Say (Oklahoma),"[{""tk"": ""is"", ""act"": 21.174270629882812}, {""tk"": ""the"", ""act"": 20.31070899963379}, {""tk"": ""seat"", ""act"": 7.896273136138916}, {""tk"": ""government"", ""act"": 6.976686954498291}, {""tk"": ""Oklahoma"", ""act"": 4.842320919036865}, {""tk"": ""of"", ""act"": 3.8759498596191406}, {""tk"": ""city"", ""act"": 3.3820605278015137}, {""tk"": ""entity"", ""act"": 0.0}, {""tk"": ""in"", ""act"": 0.0}, {""tk"": ""USA"", ""act"": 0.0}, {""tk"": ""Tulsa"", ""act"": 0.0}, {""tk"": ""capital"", ""act"": 0.0}, {""tk"": ""state"", ""act"": 0.0}, {""tk"": ""United"", ""act"": 0.0}, {""tk"": ""attribute"", ""act"": 0.0}, {""tk"": ""relationship"", ""act"": 0.0}, {""tk"": ""which"", ""act"": 0.0}, {""tk"": ""containing"", ""act"": 0.0}]"
17_1822,17,1822,attribute: The primary city serving as the seat of government for a state is the capital city,attribute,1,0.0,0.0,semantic,"[{""token"": ""attribute"", ""index"": 1, ""distance"": 0, ""direction"": ""self""}]",n/a,"Say ""X""",,1.0,False,,Say (Oklahoma),"[{""tk"": ""is"", ""act"": 19.381927490234375}, {""tk"": ""of"", ""act"": 0.04216814041137695}, {""tk"": ""entity"", ""act"": 0.0}, {""tk"": ""city"", ""act"": 0.0}, {""tk"": ""in"", ""act"": 0.0}, {""tk"": ""Oklahoma"", ""act"": 0.0}, {""tk"": ""USA"", ""act"": 0.0}, {""tk"": ""Tulsa"", ""act"": 0.0}, {""tk"": ""The"", ""act"": 0.0}, {""tk"": ""capital"", ""act"": 0.0}, {""tk"": ""state"", ""act"": 0.0}, {""tk"": ""United"", ""act"": 0.0}, {""tk"": ""attribute"", ""act"": 0.0}, {""tk"": ""seat"", ""act"": 0.0}, {""tk"": ""government"", ""act"": 0.0}, {""tk"": ""relationship"", ""act"": 0.0}, {""tk"": ""which"", ""act"": 0.0}, {""tk"": ""containing"", ""act"": 0.0}]"
17_21573,17,21573,attribute: The primary city serving as the seat of government for a state is the capital city,attribute,1,0.0,0.0,semantic,"[{""token"": ""attribute"", ""index"": 1, ""distance"": 0, ""direction"": ""self""}]",n/a,Semantic,Concept,0.7,False,,Oklahoma,"[{""tk"": ""Oklahoma"", ""act"": 17.588882446289062}, {""tk"": ""is"", ""act"": 0.5502123832702637}, {""tk"": ""entity"", ""act"": 0.0}, {""tk"": ""city"", ""act"": 0.0}, {""tk"": ""in"", ""act"": 0.0}, {""tk"": ""USA"", ""act"": 0.0}, {""tk"": ""Tulsa"", ""act"": 0.0}, {""tk"": ""The"", ""act"": 0.0}, {""tk"": ""capital"", ""act"": 0.0}, {""tk"": ""of"", ""act"": 0.0}, {""tk"": ""state"", ""act"": 0.0}, {""tk"": ""United"", ""act"": 0.0}, {""tk"": ""attribute"", ""act"": 0.0}, {""tk"": ""seat"", ""act"": 0.0}, {""tk"": ""government"", ""act"": 0.0}, {""tk"": ""relationship"", ""act"": 0.0}, {""tk"": ""which"", ""act"": 0.0}, {""tk"": ""containing"", ""act"": 0.0}]"
17_93962,17,93962,attribute: The primary city serving as the seat of government for a state is the capital city,attribute,1,0.0,0.0,semantic,"[{""token"": ""attribute"", ""index"": 1, ""distance"": 0, ""direction"": ""self""}]",n/a,"Say ""X""",,1.0,False,,Say (Oklahoma),"[{""tk"": ""is"", ""act"": 28.98556137084961}, {""tk"": ""Oklahoma"", ""act"": 14.1744384765625}, {""tk"": ""entity"", ""act"": 0.0}, {""tk"": ""city"", ""act"": 0.0}, {""tk"": ""in"", ""act"": 0.0}, {""tk"": ""USA"", ""act"": 0.0}, {""tk"": ""Tulsa"", ""act"": 0.0}, {""tk"": ""The"", ""act"": 0.0}, {""tk"": ""capital"", ""act"": 0.0}, {""tk"": ""of"", ""act"": 0.0}, {""tk"": ""state"", ""act"": 0.0}, {""tk"": ""United"", ""act"": 0.0}, {""tk"": ""attribute"", ""act"": 0.0}, {""tk"": ""seat"", ""act"": 0.0}, {""tk"": ""government"", ""act"": 0.0}, {""tk"": ""relationship"", ""act"": 0.0}, {""tk"": ""which"", ""act"": 0.0}, {""tk"": ""containing"", ""act"": 0.0}]"
18_53951,18,53951,attribute: The primary city serving as the seat of government for a state is the capital city, the,16,30.32887840270996,0.9164663464268012,functional,"[{""token"": "" capital"", ""index"": 17, ""distance"": 1, ""direction"": ""forward""}]",json,"Say ""X""",,1.0,False,,Say (capital),"[{""tk"": ""the"", ""act"": 30.32887840270996}, {""tk"": ""is"", ""act"": 19.56104850769043}, {""tk"": ""entity"", ""act"": 0.0}, {""tk"": ""city"", ""act"": 0.0}, {""tk"": ""in"", ""act"": 0.0}, {""tk"": ""Oklahoma"", ""act"": 0.0}, {""tk"": ""USA"", ""act"": 0.0}, {""tk"": ""Tulsa"", ""act"": 0.0}, {""tk"": ""capital"", ""act"": 0.0}, {""tk"": ""of"", ""act"": 0.0}, {""tk"": ""state"", ""act"": 0.0}, {""tk"": ""United"", ""act"": 0.0}, {""tk"": ""attribute"", ""act"": 0.0}, {""tk"": ""seat"", ""act"": 0.0}, {""tk"": ""government"", ""act"": 0.0}, {""tk"": ""relationship"", ""act"": 0.0}, {""tk"": ""which"", ""act"": 0.0}, {""tk"": ""containing"", ""act"": 0.0}]"
18_44719,18,44719,attribute: The primary city serving as the seat of government for a state is the capital city, the,16,6.164579391479492,0.9444444444444444,functional,"[{""token"": "" capital"", ""index"": 17, ""distance"": 1, ""direction"": ""forward""}]",json,"Say ""X""",,1.0,False,,Say (capital),"[{""tk"": ""the"", ""act"": 6.164579391479492}, {""tk"": ""is"", ""act"": 2.4551093578338623}, {""tk"": ""entity"", ""act"": 0.0}, {""tk"": ""city"", ""act"": 0.0}, {""tk"": ""in"", ""act"": 0.0}, {""tk"": ""Oklahoma"", ""act"": 0.0}, {""tk"": ""USA"", ""act"": 0.0}, {""tk"": ""Tulsa"", ""act"": 0.0}, {""tk"": ""capital"", ""act"": 0.0}, {""tk"": ""of"", ""act"": 0.0}, {""tk"": ""state"", ""act"": 0.0}, {""tk"": ""United"", ""act"": 0.0}, {""tk"": ""attribute"", ""act"": 0.0}, {""tk"": ""seat"", ""act"": 0.0}, {""tk"": ""government"", ""act"": 0.0}, {""tk"": ""relationship"", ""act"": 0.0}, {""tk"": ""which"", ""act"": 0.0}, {""tk"": ""containing"", ""act"": 0.0}]"
18_3623,18,3623,attribute: The primary city serving as the seat of government for a state is the capital city,attribute,1,0.0,0.0,semantic,"[{""token"": ""attribute"", ""index"": 1, ""distance"": 0, ""direction"": ""self""}]",n/a,"Say ""X""",,1.0,False,,Say (Oklahoma),"[{""tk"": ""is"", ""act"": 15.450040817260742}, {""tk"": ""entity"", ""act"": 0.0}, {""tk"": ""city"", ""act"": 0.0}, {""tk"": ""in"", ""act"": 0.0}, {""tk"": ""Oklahoma"", ""act"": 0.0}, {""tk"": ""USA"", ""act"": 0.0}, {""tk"": ""Tulsa"", ""act"": 0.0}, {""tk"": ""The"", ""act"": 0.0}, {""tk"": ""capital"", ""act"": 0.0}, {""tk"": ""of"", ""act"": 0.0}, {""tk"": ""state"", ""act"": 0.0}, {""tk"": ""United"", ""act"": 0.0}, {""tk"": ""attribute"", ""act"": 0.0}, {""tk"": ""seat"", ""act"": 0.0}, {""tk"": ""government"", ""act"": 0.0}, {""tk"": ""relationship"", ""act"": 0.0}, {""tk"": ""which"", ""act"": 0.0}, {""tk"": ""containing"", ""act"": 0.0}]"
18_38181,18,38181,attribute: The primary city serving as the seat of government for a state is the capital city,attribute,1,0.0,0.0,semantic,"[{""token"": ""attribute"", ""index"": 1, ""distance"": 0, ""direction"": ""self""}]",n/a,Semantic,Concept,0.7,False,,Tulsa,"[{""tk"": ""Tulsa"", ""act"": 5.259476661682129}, {""tk"": ""is"", ""act"": 2.4442901611328125}, {""tk"": ""entity"", ""act"": 0.0}, {""tk"": ""city"", ""act"": 0.0}, {""tk"": ""in"", ""act"": 0.0}, {""tk"": ""Oklahoma"", ""act"": 0.0}, {""tk"": ""USA"", ""act"": 0.0}, {""tk"": ""The"", ""act"": 0.0}, {""tk"": ""capital"", ""act"": 0.0}, {""tk"": ""of"", ""act"": 0.0}, {""tk"": ""state"", ""act"": 0.0}, {""tk"": ""United"", ""act"": 0.0}, {""tk"": ""attribute"", ""act"": 0.0}, {""tk"": ""seat"", ""act"": 0.0}, {""tk"": ""government"", ""act"": 0.0}, {""tk"": ""relationship"", ""act"": 0.0}, {""tk"": ""which"", ""act"": 0.0}, {""tk"": ""containing"", ""act"": 0.0}]"
18_52821,18,52821,attribute: The primary city serving as the seat of government for a state is the capital city,attribute,1,0.0,0.0,semantic,"[{""token"": ""attribute"", ""index"": 1, ""distance"": 0, ""direction"": ""self""}]",n/a,Semantic,Concept,0.7,False,,Oklahoma,"[{""tk"": ""Oklahoma"", ""act"": 34.7286262512207}, {""tk"": ""is"", ""act"": 14.72661018371582}, {""tk"": ""entity"", ""act"": 0.0}, {""tk"": ""city"", ""act"": 0.0}, {""tk"": ""in"", ""act"": 0.0}, {""tk"": ""USA"", ""act"": 0.0}, {""tk"": ""Tulsa"", ""act"": 0.0}, {""tk"": ""The"", ""act"": 0.0}, {""tk"": ""capital"", ""act"": 0.0}, {""tk"": ""of"", ""act"": 0.0}, {""tk"": ""state"", ""act"": 0.0}, {""tk"": ""United"", ""act"": 0.0}, {""tk"": ""attribute"", ""act"": 0.0}, {""tk"": ""seat"", ""act"": 0.0}, {""tk"": ""government"", ""act"": 0.0}, {""tk"": ""relationship"", ""act"": 0.0}, {""tk"": ""which"", ""act"": 0.0}, {""tk"": ""containing"", ""act"": 0.0}]"
18_71275,18,71275,attribute: The primary city serving as the seat of government for a state is the capital city,attribute,1,0.0,0.0,semantic,"[{""token"": ""attribute"", ""index"": 1, ""distance"": 0, ""direction"": ""self""}]",n/a,Semantic,Concept,0.7,False,,Oklahoma,"[{""tk"": ""Oklahoma"", ""act"": 78.87437438964844}, {""tk"": ""is"", ""act"": 68.56643676757812}, {""tk"": ""Tulsa"", ""act"": 33.247100830078125}, {""tk"": ""City"", ""act"": 23.11736297607422}, {""tk"": ""entity"", ""act"": 0.0}, {""tk"": ""in"", ""act"": 0.0}, {""tk"": ""USA"", ""act"": 0.0}, {""tk"": ""The"", ""act"": 0.0}, {""tk"": ""capital"", ""act"": 0.0}, {""tk"": ""of"", ""act"": 0.0}, {""tk"": ""state"", ""act"": 0.0}, {""tk"": ""United"", ""act"": 0.0}, {""tk"": ""attribute"", ""act"": 0.0}, {""tk"": ""seat"", ""act"": 0.0}, {""tk"": ""government"", ""act"": 0.0}, {""tk"": ""relationship"", ""act"": 0.0}, {""tk"": ""which"", ""act"": 0.0}, {""tk"": ""containing"", ""act"": 0.0}]"
19_25978,19,25978,attribute: The primary city serving as the seat of government for a state is the capital city,attribute,1,0.0,0.0,semantic,"[{""token"": ""attribute"", ""index"": 1, ""distance"": 0, ""direction"": ""self""}]",n/a,"Say ""X""",,1.0,False,,Say (Oklahoma),"[{""tk"": ""is"", ""act"": 33.509159088134766}, {""tk"": ""Oklahoma"", ""act"": 0.7145435810089111}, {""tk"": ""entity"", ""act"": 0.0}, {""tk"": ""city"", ""act"": 0.0}, {""tk"": ""in"", ""act"": 0.0}, {""tk"": ""USA"", ""act"": 0.0}, {""tk"": ""Tulsa"", ""act"": 0.0}, {""tk"": ""The"", ""act"": 0.0}, {""tk"": ""capital"", ""act"": 0.0}, {""tk"": ""of"", ""act"": 0.0}, {""tk"": ""state"", ""act"": 0.0}, {""tk"": ""United"", ""act"": 0.0}, {""tk"": ""attribute"", ""act"": 0.0}, {""tk"": ""seat"", ""act"": 0.0}, {""tk"": ""government"", ""act"": 0.0}, {""tk"": ""relationship"", ""act"": 0.0}, {""tk"": ""which"", ""act"": 0.0}, {""tk"": ""containing"", ""act"": 0.0}]"
19_13946,19,13946,attribute: The primary city serving as the seat of government for a state is the capital city, the,16,66.9089584350586,0.901436437307044,functional,"[{""token"": "" capital"", ""index"": 17, ""distance"": 1, ""direction"": ""forward""}]",json,"Say ""X""",,1.0,False,,Say (capital),"[{""tk"": ""the"", ""act"": 66.9089584350586}, {""tk"": ""is"", ""act"": 54.66865158081055}, {""tk"": ""Oklahoma"", ""act"": 17.119903564453125}, {""tk"": ""of"", ""act"": 6.158909797668457}, {""tk"": ""entity"", ""act"": 0.0}, {""tk"": ""city"", ""act"": 0.0}, {""tk"": ""in"", ""act"": 0.0}, {""tk"": ""USA"", ""act"": 0.0}, {""tk"": ""Tulsa"", ""act"": 0.0}, {""tk"": ""capital"", ""act"": 0.0}, {""tk"": ""state"", ""act"": 0.0}, {""tk"": ""United"", ""act"": 0.0}, {""tk"": ""attribute"", ""act"": 0.0}, {""tk"": ""seat"", ""act"": 0.0}, {""tk"": ""government"", ""act"": 0.0}, {""tk"": ""relationship"", ""act"": 0.0}, {""tk"": ""which"", ""act"": 0.0}, {""tk"": ""containing"", ""act"": 0.0}]"
19_54790,19,54790,attribute: The primary city serving as the seat of government for a state is the capital city, is,15,5.88362979888916,0.9444444444444444,functional,"[{""token"": "" capital"", ""index"": 17, ""distance"": 2, ""direction"": ""forward""}]",json,"Say ""X""",,1.0,False,,Say (Oklahoma),"[{""tk"": ""is"", ""act"": 46.23932647705078}, {""tk"": ""Oklahoma"", ""act"": 5.599758148193359}, {""tk"": ""entity"", ""act"": 0.0}, {""tk"": ""city"", ""act"": 0.0}, {""tk"": ""in"", ""act"": 0.0}, {""tk"": ""USA"", ""act"": 0.0}, {""tk"": ""Tulsa"", ""act"": 0.0}, {""tk"": ""The"", ""act"": 0.0}, {""tk"": ""capital"", ""act"": 0.0}, {""tk"": ""of"", ""act"": 0.0}, {""tk"": ""state"", ""act"": 0.0}, {""tk"": ""United"", ""act"": 0.0}, {""tk"": ""attribute"", ""act"": 0.0}, {""tk"": ""seat"", ""act"": 0.0}, {""tk"": ""government"", ""act"": 0.0}, {""tk"": ""relationship"", ""act"": 0.0}, {""tk"": ""which"", ""act"": 0.0}, {""tk"": ""containing"", ""act"": 0.0}]"
19_8271,19,8271,attribute: The primary city serving as the seat of government for a state is the capital city,attribute,1,0.0,0.0,semantic,"[{""token"": ""attribute"", ""index"": 1, ""distance"": 0, ""direction"": ""self""}]",n/a,"Say ""X""",,1.0,False,,Say (Oklahoma),"[{""tk"": ""is"", ""act"": 29.61412811279297}, {""tk"": ""Oklahoma"", ""act"": 0.861600399017334}, {""tk"": ""entity"", ""act"": 0.0}, {""tk"": ""city"", ""act"": 0.0}, {""tk"": ""in"", ""act"": 0.0}, {""tk"": ""USA"", ""act"": 0.0}, {""tk"": ""Tulsa"", ""act"": 0.0}, {""tk"": ""The"", ""act"": 0.0}, {""tk"": ""capital"", ""act"": 0.0}, {""tk"": ""of"", ""act"": 0.0}, {""tk"": ""state"", ""act"": 0.0}, {""tk"": ""United"", ""act"": 0.0}, {""tk"": ""attribute"", ""act"": 0.0}, {""tk"": ""seat"", ""act"": 0.0}, {""tk"": ""government"", ""act"": 0.0}, {""tk"": ""relationship"", ""act"": 0.0}, {""tk"": ""which"", ""act"": 0.0}, {""tk"": ""containing"", ""act"": 0.0}]"
19_55351,19,55351,attribute: The primary city serving as the seat of government for a state is the capital city,attribute,1,0.0,0.0,semantic,"[{""token"": ""attribute"", ""index"": 1, ""distance"": 0, ""direction"": ""self""}]",n/a,Relationship,,1.0,False,,(entity) related,"[{""tk"": ""entity"", ""act"": 0.0}, {""tk"": ""city"", ""act"": 0.0}, {""tk"": ""in"", ""act"": 0.0}, {""tk"": ""Oklahoma"", ""act"": 0.0}, {""tk"": ""USA"", ""act"": 0.0}, {""tk"": ""is"", ""act"": 0.0}, {""tk"": ""Tulsa"", ""act"": 0.0}, {""tk"": ""The"", ""act"": 0.0}, {""tk"": ""capital"", ""act"": 0.0}, {""tk"": ""of"", ""act"": 0.0}, {""tk"": ""state"", ""act"": 0.0}, {""tk"": ""United"", ""act"": 0.0}, {""tk"": ""attribute"", ""act"": 0.0}, {""tk"": ""seat"", ""act"": 0.0}, {""tk"": ""government"", ""act"": 0.0}, {""tk"": ""relationship"", ""act"": 0.0}, {""tk"": ""which"", ""act"": 0.0}, {""tk"": ""containing"", ""act"": 0.0}]"
20_74108,20,74108,attribute: The primary city serving as the seat of government for a state is the capital city, the,16,62.93037033081055,0.8845681905907639,functional,"[{""token"": "" capital"", ""index"": 17, ""distance"": 1, ""direction"": ""forward""}]",json,"Say ""X""",,1.0,False,,Say (capital),"[{""tk"": ""the"", ""act"": 62.93037033081055}, {""tk"": ""is"", ""act"": 29.901948928833008}, {""tk"": ""city"", ""act"": 5.083075046539307}, {""tk"": ""entity"", ""act"": 0.0}, {""tk"": ""in"", ""act"": 0.0}, {""tk"": ""Oklahoma"", ""act"": 0.0}, {""tk"": ""USA"", ""act"": 0.0}, {""tk"": ""Tulsa"", ""act"": 0.0}, {""tk"": ""capital"", ""act"": 0.0}, {""tk"": ""of"", ""act"": 0.0}, {""tk"": ""state"", ""act"": 0.0}, {""tk"": ""United"", ""act"": 0.0}, {""tk"": ""attribute"", ""act"": 0.0}, {""tk"": ""seat"", ""act"": 0.0}, {""tk"": ""government"", ""act"": 0.0}, {""tk"": ""relationship"", ""act"": 0.0}, {""tk"": ""which"", ""act"": 0.0}, {""tk"": ""containing"", ""act"": 0.0}]"
20_57028,20,57028,attribute: The primary city serving as the seat of government for a state is the capital city,attribute,1,0.0,0.0,semantic,"[{""token"": ""attribute"", ""index"": 1, ""distance"": 0, ""direction"": ""self""}]",n/a,"Say ""X""",,1.0,False,,Say (Oklahoma),"[{""tk"": ""is"", ""act"": 23.78998565673828}, {""tk"": ""Oklahoma"", ""act"": 6.051364898681641}, {""tk"": ""City"", ""act"": 1.7309446334838867}, {""tk"": ""entity"", ""act"": 0.0}, {""tk"": ""in"", ""act"": 0.0}, {""tk"": ""USA"", ""act"": 0.0}, {""tk"": ""Tulsa"", ""act"": 0.0}, {""tk"": ""The"", ""act"": 0.0}, {""tk"": ""capital"", ""act"": 0.0}, {""tk"": ""of"", ""act"": 0.0}, {""tk"": ""state"", ""act"": 0.0}, {""tk"": ""United"", ""act"": 0.0}, {""tk"": ""attribute"", ""act"": 0.0}, {""tk"": ""seat"", ""act"": 0.0}, {""tk"": ""government"", ""act"": 0.0}, {""tk"": ""relationship"", ""act"": 0.0}, {""tk"": ""which"", ""act"": 0.0}, {""tk"": ""containing"", ""act"": 0.0}]"
20_14775,20,14775,attribute: The primary city serving as the seat of government for a state is the capital city,attribute,1,0.0,0.0,semantic,"[{""token"": ""attribute"", ""index"": 1, ""distance"": 0, ""direction"": ""self""}]",n/a,"Say ""X""",,1.0,False,,Say (Oklahoma),"[{""tk"": ""is"", ""act"": 21.148719787597656}, {""tk"": ""entity"", ""act"": 0.0}, {""tk"": ""city"", ""act"": 0.0}, {""tk"": ""in"", ""act"": 0.0}, {""tk"": ""Oklahoma"", ""act"": 0.0}, {""tk"": ""USA"", ""act"": 0.0}, {""tk"": ""Tulsa"", ""act"": 0.0}, {""tk"": ""The"", ""act"": 0.0}, {""tk"": ""capital"", ""act"": 0.0}, {""tk"": ""of"", ""act"": 0.0}, {""tk"": ""state"", ""act"": 0.0}, {""tk"": ""United"", ""act"": 0.0}, {""tk"": ""attribute"", ""act"": 0.0}, {""tk"": ""seat"", ""act"": 0.0}, {""tk"": ""government"", ""act"": 0.0}, {""tk"": ""relationship"", ""act"": 0.0}, {""tk"": ""which"", ""act"": 0.0}, {""tk"": ""containing"", ""act"": 0.0}]"
20_67784,20,67784,attribute: The primary city serving as the seat of government for a state is the capital city,attribute,1,0.0,0.0,semantic,"[{""token"": ""attribute"", ""index"": 1, ""distance"": 0, ""direction"": ""self""}]",n/a,"Say ""X""",,1.0,False,,Say (city),"[{""tk"": ""of"", ""act"": 3.863483428955078}, {""tk"": ""entity"", ""act"": 0.0}, {""tk"": ""city"", ""act"": 0.0}, {""tk"": ""in"", ""act"": 0.0}, {""tk"": ""Oklahoma"", ""act"": 0.0}, {""tk"": ""USA"", ""act"": 0.0}, {""tk"": ""is"", ""act"": 0.0}, {""tk"": ""Tulsa"", ""act"": 0.0}, {""tk"": ""The"", ""act"": 0.0}, {""tk"": ""capital"", ""act"": 0.0}, {""tk"": ""state"", ""act"": 0.0}, {""tk"": ""United"", ""act"": 0.0}, {""tk"": ""attribute"", ""act"": 0.0}, {""tk"": ""seat"", ""act"": 0.0}, {""tk"": ""government"", ""act"": 0.0}, {""tk"": ""relationship"", ""act"": 0.0}, {""tk"": ""which"", ""act"": 0.0}, {""tk"": ""containing"", ""act"": 0.0}]"
20_68115,20,68115,attribute: The primary city serving as the seat of government for a state is the capital city,attribute,1,0.0,0.0,semantic,"[{""token"": ""attribute"", ""index"": 1, ""distance"": 0, ""direction"": ""self""}]",n/a,"Say ""X""",,1.0,False,,Say (Oklahoma),"[{""tk"": ""is"", ""act"": 31.62493133544922}, {""tk"": ""Oklahoma"", ""act"": 2.1612229347229004}, {""tk"": ""entity"", ""act"": 0.0}, {""tk"": ""city"", ""act"": 0.0}, {""tk"": ""in"", ""act"": 0.0}, {""tk"": ""USA"", ""act"": 0.0}, {""tk"": ""Tulsa"", ""act"": 0.0}, {""tk"": ""The"", ""act"": 0.0}, {""tk"": ""capital"", ""act"": 0.0}, {""tk"": ""of"", ""act"": 0.0}, {""tk"": ""state"", ""act"": 0.0}, {""tk"": ""United"", ""act"": 0.0}, {""tk"": ""attribute"", ""act"": 0.0}, {""tk"": ""seat"", ""act"": 0.0}, {""tk"": ""government"", ""act"": 0.0}, {""tk"": ""relationship"", ""act"": 0.0}, {""tk"": ""which"", ""act"": 0.0}, {""tk"": ""containing"", ""act"": 0.0}]"
21_16875,21,16875,attribute: The primary city serving as the seat of government for a state is the capital city,attribute,1,0.0,0.0,semantic,"[{""token"": ""attribute"", ""index"": 1, ""distance"": 0, ""direction"": ""self""}]",n/a,"Say ""X""",,1.0,False,,Say (Oklahoma),"[{""tk"": ""is"", ""act"": 12.641754150390625}, {""tk"": ""entity"", ""act"": 0.0}, {""tk"": ""city"", ""act"": 0.0}, {""tk"": ""in"", ""act"": 0.0}, {""tk"": ""Oklahoma"", ""act"": 0.0}, {""tk"": ""USA"", ""act"": 0.0}, {""tk"": ""Tulsa"", ""act"": 0.0}, {""tk"": ""The"", ""act"": 0.0}, {""tk"": ""capital"", ""act"": 0.0}, {""tk"": ""of"", ""act"": 0.0}, {""tk"": ""state"", ""act"": 0.0}, {""tk"": ""United"", ""act"": 0.0}, {""tk"": ""attribute"", ""act"": 0.0}, {""tk"": ""seat"", ""act"": 0.0}, {""tk"": ""government"", ""act"": 0.0}, {""tk"": ""relationship"", ""act"": 0.0}, {""tk"": ""which"", ""act"": 0.0}, {""tk"": ""containing"", ""act"": 0.0}]"
21_84338,21,84338,attribute: The primary city serving as the seat of government for a state is the capital city, is,15,8.581357955932617,0.9444444444444444,functional,"[{""token"": "" capital"", ""index"": 17, ""distance"": 2, ""direction"": ""forward""}]",json,"Say ""X""",,1.0,False,,Say (Oklahoma),"[{""tk"": ""is"", ""act"": 29.175933837890625}, {""tk"": ""city"", ""act"": 16.715389251708984}, {""tk"": ""entity"", ""act"": 0.0}, {""tk"": ""in"", ""act"": 0.0}, {""tk"": ""Oklahoma"", ""act"": 0.0}, {""tk"": ""USA"", ""act"": 0.0}, {""tk"": ""Tulsa"", ""act"": 0.0}, {""tk"": ""The"", ""act"": 0.0}, {""tk"": ""capital"", ""act"": 0.0}, {""tk"": ""of"", ""act"": 0.0}, {""tk"": ""state"", ""act"": 0.0}, {""tk"": ""United"", ""act"": 0.0}, {""tk"": ""attribute"", ""act"": 0.0}, {""tk"": ""seat"", ""act"": 0.0}, {""tk"": ""government"", ""act"": 0.0}, {""tk"": ""relationship"", ""act"": 0.0}, {""tk"": ""which"", ""act"": 0.0}, {""tk"": ""containing"", ""act"": 0.0}]"
21_34379,21,34379,attribute: The primary city serving as the seat of government for a state is the capital city,attribute,1,0.0,0.0,semantic,"[{""token"": ""attribute"", ""index"": 1, ""distance"": 0, ""direction"": ""self""}]",n/a,"Say ""X""",,1.0,False,,Say (Oklahoma),"[{""tk"": ""is"", ""act"": 21.422075271606445}, {""tk"": ""entity"", ""act"": 0.0}, {""tk"": ""city"", ""act"": 0.0}, {""tk"": ""in"", ""act"": 0.0}, {""tk"": ""Oklahoma"", ""act"": 0.0}, {""tk"": ""USA"", ""act"": 0.0}, {""tk"": ""Tulsa"", ""act"": 0.0}, {""tk"": ""The"", ""act"": 0.0}, {""tk"": ""capital"", ""act"": 0.0}, {""tk"": ""of"", ""act"": 0.0}, {""tk"": ""state"", ""act"": 0.0}, {""tk"": ""United"", ""act"": 0.0}, {""tk"": ""attribute"", ""act"": 0.0}, {""tk"": ""seat"", ""act"": 0.0}, {""tk"": ""government"", ""act"": 0.0}, {""tk"": ""relationship"", ""act"": 0.0}, {""tk"": ""which"", ""act"": 0.0}, {""tk"": ""containing"", ""act"": 0.0}]"
21_69456,21,69456,attribute: The primary city serving as the seat of government for a state is the capital city,attribute,1,0.0,0.0,semantic,"[{""token"": ""attribute"", ""index"": 1, ""distance"": 0, ""direction"": ""self""}]",n/a,Relationship,,1.0,False,,(entity) related,"[{""tk"": ""entity"", ""act"": 0.0}, {""tk"": ""city"", ""act"": 0.0}, {""tk"": ""in"", ""act"": 0.0}, {""tk"": ""Oklahoma"", ""act"": 0.0}, {""tk"": ""USA"", ""act"": 0.0}, {""tk"": ""is"", ""act"": 0.0}, {""tk"": ""Tulsa"", ""act"": 0.0}, {""tk"": ""The"", ""act"": 0.0}, {""tk"": ""capital"", ""act"": 0.0}, {""tk"": ""of"", ""act"": 0.0}, {""tk"": ""state"", ""act"": 0.0}, {""tk"": ""United"", ""act"": 0.0}, {""tk"": ""attribute"", ""act"": 0.0}, {""tk"": ""seat"", ""act"": 0.0}, {""tk"": ""government"", ""act"": 0.0}, {""tk"": ""relationship"", ""act"": 0.0}, {""tk"": ""which"", ""act"": 0.0}, {""tk"": ""containing"", ""act"": 0.0}]"
22_96447,22,96447,attribute: The primary city serving as the seat of government for a state is the capital city,attribute,1,0.0,0.0,semantic,"[{""token"": ""attribute"", ""index"": 1, ""distance"": 0, ""direction"": ""self""}]",n/a,"Say ""X""",,1.0,False,,Say (Oklahoma),"[{""tk"": ""is"", ""act"": 59.35166931152344}, {""tk"": ""Tulsa"", ""act"": 2.7046289443969727}, {""tk"": ""City"", ""act"": 2.3859939575195312}, {""tk"": ""USA"", ""act"": 0.6145110130310059}, {""tk"": ""entity"", ""act"": 0.0}, {""tk"": ""in"", ""act"": 0.0}, {""tk"": ""Oklahoma"", ""act"": 0.0}, {""tk"": ""The"", ""act"": 0.0}, {""tk"": ""capital"", ""act"": 0.0}, {""tk"": ""of"", ""act"": 0.0}, {""tk"": ""state"", ""act"": 0.0}, {""tk"": ""United"", ""act"": 0.0}, {""tk"": ""attribute"", ""act"": 0.0}, {""tk"": ""seat"", ""act"": 0.0}, {""tk"": ""government"", ""act"": 0.0}, {""tk"": ""relationship"", ""act"": 0.0}, {""tk"": ""which"", ""act"": 0.0}, {""tk"": ""containing"", ""act"": 0.0}]"
22_70475,22,70475,attribute: The primary city serving as the seat of government for a state is the capital city,attribute,1,0.0,0.0,semantic,"[{""token"": ""attribute"", ""index"": 1, ""distance"": 0, ""direction"": ""self""}]",n/a,"Say ""X""",,1.0,False,,Say (Oklahoma),"[{""tk"": ""is"", ""act"": 47.78974533081055}, {""tk"": ""entity"", ""act"": 0.0}, {""tk"": ""city"", ""act"": 0.0}, {""tk"": ""in"", ""act"": 0.0}, {""tk"": ""Oklahoma"", ""act"": 0.0}, {""tk"": ""USA"", ""act"": 0.0}, {""tk"": ""Tulsa"", ""act"": 0.0}, {""tk"": ""The"", ""act"": 0.0}, {""tk"": ""capital"", ""act"": 0.0}, {""tk"": ""of"", ""act"": 0.0}, {""tk"": ""state"", ""act"": 0.0}, {""tk"": ""United"", ""act"": 0.0}, {""tk"": ""attribute"", ""act"": 0.0}, {""tk"": ""seat"", ""act"": 0.0}, {""tk"": ""government"", ""act"": 0.0}, {""tk"": ""relationship"", ""act"": 0.0}, {""tk"": ""which"", ""act"": 0.0}, {""tk"": ""containing"", ""act"": 0.0}]"
22_62229,22,62229,attribute: The primary city serving as the seat of government for a state is the capital city,attribute,1,0.0,0.0,semantic,"[{""token"": ""attribute"", ""index"": 1, ""distance"": 0, ""direction"": ""self""}]",n/a,"Say ""X""",,1.0,False,,Say (Oklahoma),"[{""tk"": ""is"", ""act"": 2.072920799255371}, {""tk"": ""entity"", ""act"": 0.0}, {""tk"": ""city"", ""act"": 0.0}, {""tk"": ""in"", ""act"": 0.0}, {""tk"": ""Oklahoma"", ""act"": 0.0}, {""tk"": ""USA"", ""act"": 0.0}, {""tk"": ""Tulsa"", ""act"": 0.0}, {""tk"": ""The"", ""act"": 0.0}, {""tk"": ""capital"", ""act"": 0.0}, {""tk"": ""of"", ""act"": 0.0}, {""tk"": ""state"", ""act"": 0.0}, {""tk"": ""United"", ""act"": 0.0}, {""tk"": ""attribute"", ""act"": 0.0}, {""tk"": ""seat"", ""act"": 0.0}, {""tk"": ""government"", ""act"": 0.0}, {""tk"": ""relationship"", ""act"": 0.0}, {""tk"": ""which"", ""act"": 0.0}, {""tk"": ""containing"", ""act"": 0.0}]"
22_71237,22,71237,attribute: The primary city serving as the seat of government for a state is the capital city,attribute,1,0.0,0.0,semantic,"[{""token"": ""attribute"", ""index"": 1, ""distance"": 0, ""direction"": ""self""}]",n/a,"Say ""X""",,1.0,False,,Say (Oklahoma),"[{""tk"": ""is"", ""act"": 33.04965591430664}, {""tk"": ""entity"", ""act"": 0.0}, {""tk"": ""city"", ""act"": 0.0}, {""tk"": ""in"", ""act"": 0.0}, {""tk"": ""Oklahoma"", ""act"": 0.0}, {""tk"": ""USA"", ""act"": 0.0}, {""tk"": ""Tulsa"", ""act"": 0.0}, {""tk"": ""The"", ""act"": 0.0}, {""tk"": ""capital"", ""act"": 0.0}, {""tk"": ""of"", ""act"": 0.0}, {""tk"": ""state"", ""act"": 0.0}, {""tk"": ""United"", ""act"": 0.0}, {""tk"": ""attribute"", ""act"": 0.0}, {""tk"": ""seat"", ""act"": 0.0}, {""tk"": ""government"", ""act"": 0.0}, {""tk"": ""relationship"", ""act"": 0.0}, {""tk"": ""which"", ""act"": 0.0}, {""tk"": ""containing"", ""act"": 0.0}]"
23_29602,23,29602,attribute: The primary city serving as the seat of government for a state is the capital city,attribute,1,0.0,0.0,semantic,"[{""token"": ""attribute"", ""index"": 1, ""distance"": 0, ""direction"": ""self""}]",n/a,"Say ""X""",,1.0,False,,Say (Oklahoma),"[{""tk"": ""is"", ""act"": 32.2626953125}, {""tk"": ""entity"", ""act"": 0.0}, {""tk"": ""city"", ""act"": 0.0}, {""tk"": ""in"", ""act"": 0.0}, {""tk"": ""Oklahoma"", ""act"": 0.0}, {""tk"": ""USA"", ""act"": 0.0}, {""tk"": ""Tulsa"", ""act"": 0.0}, {""tk"": ""The"", ""act"": 0.0}, {""tk"": ""capital"", ""act"": 0.0}, {""tk"": ""of"", ""act"": 0.0}, {""tk"": ""state"", ""act"": 0.0}, {""tk"": ""United"", ""act"": 0.0}, {""tk"": ""attribute"", ""act"": 0.0}, {""tk"": ""seat"", ""act"": 0.0}, {""tk"": ""government"", ""act"": 0.0}, {""tk"": ""relationship"", ""act"": 0.0}, {""tk"": ""which"", ""act"": 0.0}, {""tk"": ""containing"", ""act"": 0.0}]"
23_24150,23,24150,attribute: The primary city serving as the seat of government for a state is the capital city,attribute,1,0.0,0.0,semantic,"[{""token"": ""attribute"", ""index"": 1, ""distance"": 0, ""direction"": ""self""}]",n/a,"Say ""X""",,1.0,False,,Say (Oklahoma),"[{""tk"": ""is"", ""act"": 22.94991111755371}, {""tk"": ""entity"", ""act"": 0.0}, {""tk"": ""city"", ""act"": 0.0}, {""tk"": ""in"", ""act"": 0.0}, {""tk"": ""Oklahoma"", ""act"": 0.0}, {""tk"": ""USA"", ""act"": 0.0}, {""tk"": ""Tulsa"", ""act"": 0.0}, {""tk"": ""The"", ""act"": 0.0}, {""tk"": ""capital"", ""act"": 0.0}, {""tk"": ""of"", ""act"": 0.0}, {""tk"": ""state"", ""act"": 0.0}, {""tk"": ""United"", ""act"": 0.0}, {""tk"": ""attribute"", ""act"": 0.0}, {""tk"": ""seat"", ""act"": 0.0}, {""tk"": ""government"", ""act"": 0.0}, {""tk"": ""relationship"", ""act"": 0.0}, {""tk"": ""which"", ""act"": 0.0}, {""tk"": ""containing"", ""act"": 0.0}]"
23_57479,23,57479,attribute: The primary city serving as the seat of government for a state is the capital city,attribute,1,0.0,0.0,semantic,"[{""token"": ""attribute"", ""index"": 1, ""distance"": 0, ""direction"": ""self""}]",n/a,"Say ""X""",,1.0,False,,Say (Oklahoma),"[{""tk"": ""is"", ""act"": 38.4189453125}, {""tk"": ""entity"", ""act"": 0.0}, {""tk"": ""city"", ""act"": 0.0}, {""tk"": ""in"", ""act"": 0.0}, {""tk"": ""Oklahoma"", ""act"": 0.0}, {""tk"": ""USA"", ""act"": 0.0}, {""tk"": ""Tulsa"", ""act"": 0.0}, {""tk"": ""The"", ""act"": 0.0}, {""tk"": ""capital"", ""act"": 0.0}, {""tk"": ""of"", ""act"": 0.0}, {""tk"": ""state"", ""act"": 0.0}, {""tk"": ""United"", ""act"": 0.0}, {""tk"": ""attribute"", ""act"": 0.0}, {""tk"": ""seat"", ""act"": 0.0}, {""tk"": ""government"", ""act"": 0.0}, {""tk"": ""relationship"", ""act"": 0.0}, {""tk"": ""which"", ""act"": 0.0}, {""tk"": ""containing"", ""act"": 0.0}]"
24_79427,24,79427,attribute: The primary city serving as the seat of government for a state is the capital city, of,10,80.25637817382812,0.671751566259667,functional,"[{""token"": "" seat"", ""index"": 9, ""distance"": 1, ""direction"": ""backward""}]",json,Semantic,Concept,0.7,False,,Oklahoma,"[{""tk"": ""Oklahoma"", ""act"": 122.13128662109375}, {""tk"": ""of"", ""act"": 80.25637817382812}, {""tk"": ""which"", ""act"": 70.40821075439453}, {""tk"": ""the"", ""act"": 64.7374038696289}, {""tk"": ""capital"", ""act"": 64.40751647949219}, {""tk"": ""is"", ""act"": 60.35307312011719}, {""tk"": ""containing"", ""act"": 55.67041015625}, {""tk"": ""in"", ""act"": 47.66194152832031}, {""tk"": ""city"", ""act"": 36.942447662353516}, {""tk"": ""state"", ""act"": 30.00804901123047}, {""tk"": ""United"", ""act"": 26.750457763671875}, {""tk"": ""seat"", ""act"": 11.499489784240723}, {""tk"": ""entity"", ""act"": 0.0}, {""tk"": ""USA"", ""act"": 0.0}, {""tk"": ""Tulsa"", ""act"": 0.0}, {""tk"": ""attribute"", ""act"": 0.0}, {""tk"": ""government"", ""act"": 0.0}, {""tk"": ""relationship"", ""act"": 0.0}]"
24_2574,24,2574,attribute: The primary city serving as the seat of government for a state is the capital city,attribute,1,0.0,0.0,semantic,"[{""token"": ""attribute"", ""index"": 1, ""distance"": 0, ""direction"": ""self""}]",n/a,"Say ""X""",,1.0,False,,Say (Oklahoma),"[{""tk"": ""is"", ""act"": 2.328598976135254}, {""tk"": ""entity"", ""act"": 0.0}, {""tk"": ""city"", ""act"": 0.0}, {""tk"": ""in"", ""act"": 0.0}, {""tk"": ""Oklahoma"", ""act"": 0.0}, {""tk"": ""USA"", ""act"": 0.0}, {""tk"": ""Tulsa"", ""act"": 0.0}, {""tk"": ""The"", ""act"": 0.0}, {""tk"": ""capital"", ""act"": 0.0}, {""tk"": ""of"", ""act"": 0.0}, {""tk"": ""state"", ""act"": 0.0}, {""tk"": ""United"", ""act"": 0.0}, {""tk"": ""attribute"", ""act"": 0.0}, {""tk"": ""seat"", ""act"": 0.0}, {""tk"": ""government"", ""act"": 0.0}, {""tk"": ""relationship"", ""act"": 0.0}, {""tk"": ""which"", ""act"": 0.0}, {""tk"": ""containing"", ""act"": 0.0}]"
25_288,25,288,attribute: The primary city serving as the seat of government for a state is the capital city,attribute,1,281.9482727050781,0.8493043399050888,semantic,"[{""token"": ""attribute"", ""index"": 1, ""distance"": 0, ""direction"": ""self""}]",n/a,Semantic,Concept,0.7,False,,United,"[{""tk"": ""United"", ""act"": 421.7867736816406}, {""tk"": ""Oklahoma"", ""act"": 395.3050842285156}, {""tk"": ""attribute"", ""act"": 281.9482727050781}, {""tk"": ""in"", ""act"": 234.10520935058594}, {""tk"": ""seat"", ""act"": 230.17575073242188}, {""tk"": ""capital"", ""act"": 95.55261993408203}, {""tk"": ""the"", ""act"": 93.36248779296875}, {""tk"": ""which"", ""act"": 90.41435241699219}, {""tk"": ""state"", ""act"": 48.24603271484375}, {""tk"": ""is"", ""act"": 42.80223846435547}, {""tk"": ""of"", ""act"": 19.77794647216797}, {""tk"": ""entity"", ""act"": 0.0}, {""tk"": ""city"", ""act"": 0.0}, {""tk"": ""USA"", ""act"": 0.0}, {""tk"": ""Tulsa"", ""act"": 0.0}, {""tk"": ""government"", ""act"": 0.0}, {""tk"": ""relationship"", ""act"": 0.0}, {""tk"": ""containing"", ""act"": 0.0}]"
0_51434,0,51434,relationship: the state in which a city is located is the state containing, the,3,79.98755645751953,0.8578465738886982,functional,"[{""token"": "" state"", ""index"": 4, ""distance"": 1, ""direction"": ""forward""}]",json,Semantic,Dictionary (fallback),0.9,False,,The,"[{""tk"": ""the"", ""act"": 79.98755645751953}, {""tk"": ""entity"", ""act"": 0.0}, {""tk"": ""city"", ""act"": 0.0}, {""tk"": ""in"", ""act"": 0.0}, {""tk"": ""Oklahoma"", ""act"": 0.0}, {""tk"": ""USA"", ""act"": 0.0}, {""tk"": ""is"", ""act"": 0.0}, {""tk"": ""Tulsa"", ""act"": 0.0}, {""tk"": ""capital"", ""act"": 0.0}, {""tk"": ""of"", ""act"": 0.0}, {""tk"": ""state"", ""act"": 0.0}, {""tk"": ""United"", ""act"": 0.0}, {""tk"": ""attribute"", ""act"": 0.0}, {""tk"": ""seat"", ""act"": 0.0}, {""tk"": ""government"", ""act"": 0.0}, {""tk"": ""relationship"", ""act"": 0.0}, {""tk"": ""which"", ""act"": 0.0}, {""tk"": ""containing"", ""act"": 0.0}]"
0_95475,0,95475,relationship: the state in which a city is located is the state containing, city,8,68.99917602539062,0.6912194334846278,semantic,"[{""token"": "" city"", ""index"": 8, ""distance"": 0, ""direction"": ""self""}]",n/a,Semantic,Dictionary (fallback),0.9,False,,government,"[{""tk"": ""government"", ""act"": 73.73577117919922}, {""tk"": ""state"", ""act"": 72.12992095947266}, {""tk"": ""city"", ""act"": 69.083984375}, {""tk"": ""capital"", ""act"": 60.64950942993164}, {""tk"": ""Oklahoma"", ""act"": 59.78224182128906}, {""tk"": ""USA"", ""act"": 57.357418060302734}, {""tk"": ""relationship"", ""act"": 51.8544807434082}, {""tk"": ""attribute"", ""act"": 50.58573913574219}, {""tk"": ""United"", ""act"": 44.38002395629883}, {""tk"": ""seat"", ""act"": 44.13238525390625}, {""tk"": ""Tulsa"", ""act"": 42.2085075378418}, {""tk"": ""entity"", ""act"": 40.56538009643555}, {""tk"": ""containing"", ""act"": 27.732948303222656}, {""tk"": ""in"", ""act"": 0.0}, {""tk"": ""is"", ""act"": 0.0}, {""tk"": ""The"", ""act"": 0.0}, {""tk"": ""of"", ""act"": 0.0}, {""tk"": ""which"", ""act"": 0.0}]"
0_91045,0,91045,relationship: the state in which a city is located is the state containing, is,11,62.202613830566406,0.8694475686637242,functional,"[{""token"": "" state"", ""index"": 13, ""distance"": 2, ""direction"": ""forward""}]",json,Semantic,Dictionary,0.8333333333333334,False,,is,"[{""tk"": ""is"", ""act"": 62.202613830566406}, {""tk"": ""entity"", ""act"": 0.0}, {""tk"": ""city"", ""act"": 0.0}, {""tk"": ""in"", ""act"": 0.0}, {""tk"": ""Oklahoma"", ""act"": 0.0}, {""tk"": ""USA"", ""act"": 0.0}, {""tk"": ""Tulsa"", ""act"": 0.0}, {""tk"": ""The"", ""act"": 0.0}, {""tk"": ""capital"", ""act"": 0.0}, {""tk"": ""of"", ""act"": 0.0}, {""tk"": ""state"", ""act"": 0.0}, {""tk"": ""United"", ""act"": 0.0}, {""tk"": ""attribute"", ""act"": 0.0}, {""tk"": ""seat"", ""act"": 0.0}, {""tk"": ""government"", ""act"": 0.0}, {""tk"": ""relationship"", ""act"": 0.0}, {""tk"": ""which"", ""act"": 0.0}, {""tk"": ""containing"", ""act"": 0.0}]"
0_40780,0,40780,relationship: the state in which a city is located is the state containing, which,6,59.63111114501953,0.5191737308213845,functional,"[{""token"": "" city"", ""index"": 8, ""distance"": 2, ""direction"": ""forward""}]",json,Semantic,Dictionary (fallback),0.9,False,,which,"[{""tk"": ""which"", ""act"": 59.63111114501953}, {""tk"": ""the"", ""act"": 57.446224212646484}, {""tk"": ""is"", ""act"": 50.90119552612305}, {""tk"": ""in"", ""act"": 48.9953727722168}, {""tk"": ""of"", ""act"": 37.325950622558594}, {""tk"": ""entity"", ""act"": 2.3564822673797607}, {""tk"": ""city"", ""act"": 0.0}, {""tk"": ""Oklahoma"", ""act"": 0.0}, {""tk"": ""USA"", ""act"": 0.0}, {""tk"": ""Tulsa"", ""act"": 0.0}, {""tk"": ""capital"", ""act"": 0.0}, {""tk"": ""state"", ""act"": 0.0}, {""tk"": ""United"", ""act"": 0.0}, {""tk"": ""attribute"", ""act"": 0.0}, {""tk"": ""seat"", ""act"": 0.0}, {""tk"": ""government"", ""act"": 0.0}, {""tk"": ""relationship"", ""act"": 0.0}, {""tk"": ""containing"", ""act"": 0.0}]"
0_18753,0,18753,relationship: the state in which a city is located is the state containing,:,2,57.80386734008789,0.6161890454447402,functional,"[{""token"": "" state"", ""index"": 4, ""distance"": 2, ""direction"": ""forward""}, {""token"": ""relationship"", ""index"": 1, ""distance"": 1, ""direction"": ""backward""}]",json,Semantic,Dictionary,1.0,False,,punctuation,"[{""tk"": ""the"", ""act"": 45.698326110839844}, {""tk"": ""is"", ""act"": 44.101776123046875}, {""tk"": ""of"", ""act"": 41.465484619140625}, {""tk"": ""in"", ""act"": 39.97174072265625}, {""tk"": ""entity"", ""act"": 0.0}, {""tk"": ""city"", ""act"": 0.0}, {""tk"": ""Oklahoma"", ""act"": 0.0}, {""tk"": ""USA"", ""act"": 0.0}, {""tk"": ""Tulsa"", ""act"": 0.0}, {""tk"": ""capital"", ""act"": 0.0}, {""tk"": ""state"", ""act"": 0.0}, {""tk"": ""United"", ""act"": 0.0}, {""tk"": ""attribute"", ""act"": 0.0}, {""tk"": ""seat"", ""act"": 0.0}, {""tk"": ""government"", ""act"": 0.0}, {""tk"": ""relationship"", ""act"": 0.0}, {""tk"": ""which"", ""act"": 0.0}, {""tk"": ""containing"", ""act"": 0.0}]"
0_49560,0,49560,relationship: the state in which a city is located is the state containing, is,11,54.54280471801758,0.8629424814537644,functional,"[{""token"": "" state"", ""index"": 13, ""distance"": 2, ""direction"": ""forward""}]",json,Semantic,Dictionary,0.8333333333333334,False,,is,"[{""tk"": ""is"", ""act"": 54.54280471801758}, {""tk"": ""entity"", ""act"": 0.0}, {""tk"": ""city"", ""act"": 0.0}, {""tk"": ""in"", ""act"": 0.0}, {""tk"": ""Oklahoma"", ""act"": 0.0}, {""tk"": ""USA"", ""act"": 0.0}, {""tk"": ""Tulsa"", ""act"": 0.0}, {""tk"": ""The"", ""act"": 0.0}, {""tk"": ""capital"", ""act"": 0.0}, {""tk"": ""of"", ""act"": 0.0}, {""tk"": ""state"", ""act"": 0.0}, {""tk"": ""United"", ""act"": 0.0}, {""tk"": ""attribute"", ""act"": 0.0}, {""tk"": ""seat"", ""act"": 0.0}, {""tk"": ""government"", ""act"": 0.0}, {""tk"": ""relationship"", ""act"": 0.0}, {""tk"": ""which"", ""act"": 0.0}, {""tk"": ""containing"", ""act"": 0.0}]"
0_39122,0,39122,relationship: the state in which a city is located is the state containing,:,2,46.08489227294922,0.7176784194469499,functional,"[{""token"": "" state"", ""index"": 4, ""distance"": 2, ""direction"": ""forward""}, {""token"": ""relationship"", ""index"": 1, ""distance"": 1, ""direction"": ""backward""}]",json,Semantic,Dictionary,1.0,False,,punctuation,"[{""tk"": ""of"", ""act"": 40.620758056640625}, {""tk"": ""in"", ""act"": 38.414180755615234}, {""tk"": ""the"", ""act"": 38.37458801269531}, {""tk"": ""entity"", ""act"": 0.0}, {""tk"": ""city"", ""act"": 0.0}, {""tk"": ""Oklahoma"", ""act"": 0.0}, {""tk"": ""USA"", ""act"": 0.0}, {""tk"": ""is"", ""act"": 0.0}, {""tk"": ""Tulsa"", ""act"": 0.0}, {""tk"": ""capital"", ""act"": 0.0}, {""tk"": ""state"", ""act"": 0.0}, {""tk"": ""United"", ""act"": 0.0}, {""tk"": ""attribute"", ""act"": 0.0}, {""tk"": ""seat"", ""act"": 0.0}, {""tk"": ""government"", ""act"": 0.0}, {""tk"": ""relationship"", ""act"": 0.0}, {""tk"": ""which"", ""act"": 0.0}, {""tk"": ""containing"", ""act"": 0.0}]"
0_230,0,230,relationship: the state in which a city is located is the state containing, is,9,43.78896331787109,0.8838095949953293,functional,"[{""token"": "" located"", ""index"": 10, ""distance"": 1, ""direction"": ""forward""}]",json,Semantic,Dictionary,0.8333333333333334,False,,is,"[{""tk"": ""is"", ""act"": 47.854530334472656}, {""tk"": ""entity"", ""act"": 0.0}, {""tk"": ""city"", ""act"": 0.0}, {""tk"": ""in"", ""act"": 0.0}, {""tk"": ""Oklahoma"", ""act"": 0.0}, {""tk"": ""USA"", ""act"": 0.0}, {""tk"": ""Tulsa"", ""act"": 0.0}, {""tk"": ""The"", ""act"": 0.0}, {""tk"": ""capital"", ""act"": 0.0}, {""tk"": ""of"", ""act"": 0.0}, {""tk"": ""state"", ""act"": 0.0}, {""tk"": ""United"", ""act"": 0.0}, {""tk"": ""attribute"", ""act"": 0.0}, {""tk"": ""seat"", ""act"": 0.0}, {""tk"": ""government"", ""act"": 0.0}, {""tk"": ""relationship"", ""act"": 0.0}, {""tk"": ""which"", ""act"": 0.0}, {""tk"": ""containing"", ""act"": 0.0}]"
0_37567,0,37567,relationship: the state in which a city is located is the state containing, containing,14,41.11059188842773,0.9285714285714284,semantic,"[{""token"": "" containing"", ""index"": 14, ""distance"": 0, ""direction"": ""self""}]",n/a,Semantic,Dictionary,1.0,False,,containing,"[{""tk"": ""containing"", ""act"": 41.110591888427734}, {""tk"": ""entity"", ""act"": 0.0}, {""tk"": ""city"", ""act"": 0.0}, {""tk"": ""in"", ""act"": 0.0}, {""tk"": ""Oklahoma"", ""act"": 0.0}, {""tk"": ""USA"", ""act"": 0.0}, {""tk"": ""is"", ""act"": 0.0}, {""tk"": ""Tulsa"", ""act"": 0.0}, {""tk"": ""The"", ""act"": 0.0}, {""tk"": ""capital"", ""act"": 0.0}, {""tk"": ""of"", ""act"": 0.0}, {""tk"": ""state"", ""act"": 0.0}, {""tk"": ""United"", ""act"": 0.0}, {""tk"": ""attribute"", ""act"": 0.0}, {""tk"": ""seat"", ""act"": 0.0}, {""tk"": ""government"", ""act"": 0.0}, {""tk"": ""relationship"", ""act"": 0.0}, {""tk"": ""which"", ""act"": 0.0}]"
0_95057,0,95057,relationship: the state in which a city is located is the state containing,:,2,39.11855697631836,0.6617147438319716,functional,"[{""token"": "" state"", ""index"": 4, ""distance"": 2, ""direction"": ""forward""}, {""token"": ""relationship"", ""index"": 1, ""distance"": 1, ""direction"": ""backward""}]",json,Semantic,Dictionary (fallback),0.9,False,,punctuation,"[{""tk"": ""is"", ""act"": 35.278743743896484}, {""tk"": ""The"", ""act"": 34.39540481567383}, {""tk"": ""in"", ""act"": 20.475749969482422}, {""tk"": ""entity"", ""act"": 0.0}, {""tk"": ""city"", ""act"": 0.0}, {""tk"": ""Oklahoma"", ""act"": 0.0}, {""tk"": ""USA"", ""act"": 0.0}, {""tk"": ""Tulsa"", ""act"": 0.0}, {""tk"": ""capital"", ""act"": 0.0}, {""tk"": ""of"", ""act"": 0.0}, {""tk"": ""state"", ""act"": 0.0}, {""tk"": ""United"", ""act"": 0.0}, {""tk"": ""attribute"", ""act"": 0.0}, {""tk"": ""seat"", ""act"": 0.0}, {""tk"": ""government"", ""act"": 0.0}, {""tk"": ""relationship"", ""act"": 0.0}, {""tk"": ""which"", ""act"": 0.0}, {""tk"": ""containing"", ""act"": 0.0}]"
0_2161,0,2161,relationship: the state in which a city is located is the state containing,:,2,31.834060668945312,0.8749954464340066,functional,"[{""token"": "" state"", ""index"": 4, ""distance"": 2, ""direction"": ""forward""}, {""token"": ""relationship"", ""index"": 1, ""distance"": 1, ""direction"": ""backward""}]",json,Semantic,Dictionary,1.0,False,,punctuation,"[{""tk"": ""of"", ""act"": 35.450897216796875}, {""tk"": ""in"", ""act"": 23.877574920654297}, {""tk"": ""entity"", ""act"": 0.0}, {""tk"": ""city"", ""act"": 0.0}, {""tk"": ""Oklahoma"", ""act"": 0.0}, {""tk"": ""USA"", ""act"": 0.0}, {""tk"": ""is"", ""act"": 0.0}, {""tk"": ""Tulsa"", ""act"": 0.0}, {""tk"": ""The"", ""act"": 0.0}, {""tk"": ""capital"", ""act"": 0.0}, {""tk"": ""state"", ""act"": 0.0}, {""tk"": ""United"", ""act"": 0.0}, {""tk"": ""attribute"", ""act"": 0.0}, {""tk"": ""seat"", ""act"": 0.0}, {""tk"": ""government"", ""act"": 0.0}, {""tk"": ""relationship"", ""act"": 0.0}, {""tk"": ""which"", ""act"": 0.0}, {""tk"": ""containing"", ""act"": 0.0}]"
0_98149,0,98149,relationship: the state in which a city is located is the state containing, state,4,31.780366897583008,0.8212171051855989,semantic,"[{""token"": "" state"", ""index"": 4, ""distance"": 0, ""direction"": ""self""}]",n/a,Semantic,Dictionary (fallback),0.9,False,,state,"[{""tk"": ""state"", ""act"": 31.780366897583008}, {""tk"": ""attribute"", ""act"": 26.52439308166504}, {""tk"": ""entity"", ""act"": 25.97108268737793}, {""tk"": ""relationship"", ""act"": 23.118804931640625}, {""tk"": ""city"", ""act"": 17.828733444213867}, {""tk"": ""capital"", ""act"": 16.205841064453125}, {""tk"": ""United"", ""act"": 7.620537757873535}, {""tk"": ""government"", ""act"": 4.9040398597717285}, {""tk"": ""seat"", ""act"": 0.8987782001495361}, {""tk"": ""in"", ""act"": 0.0}, {""tk"": ""Oklahoma"", ""act"": 0.0}, {""tk"": ""USA"", ""act"": 0.0}, {""tk"": ""is"", ""act"": 0.0}, {""tk"": ""Tulsa"", ""act"": 0.0}, {""tk"": ""The"", ""act"": 0.0}, {""tk"": ""of"", ""act"": 0.0}, {""tk"": ""which"", ""act"": 0.0}, {""tk"": ""containing"", ""act"": 0.0}]"
0_5200,0,5200,relationship: the state in which a city is located is the state containing, is,9,31.432147979736328,0.8645397364132608,functional,"[{""token"": "" located"", ""index"": 10, ""distance"": 1, ""direction"": ""forward""}]",json,Semantic,Dictionary,0.8333333333333334,False,,is,"[{""tk"": ""is"", ""act"": 47.42398452758789}, {""tk"": ""entity"", ""act"": 0.0}, {""tk"": ""city"", ""act"": 0.0}, {""tk"": ""in"", ""act"": 0.0}, {""tk"": ""Oklahoma"", ""act"": 0.0}, {""tk"": ""USA"", ""act"": 0.0}, {""tk"": ""Tulsa"", ""act"": 0.0}, {""tk"": ""The"", ""act"": 0.0}, {""tk"": ""capital"", ""act"": 0.0}, {""tk"": ""of"", ""act"": 0.0}, {""tk"": ""state"", ""act"": 0.0}, {""tk"": ""United"", ""act"": 0.0}, {""tk"": ""attribute"", ""act"": 0.0}, {""tk"": ""seat"", ""act"": 0.0}, {""tk"": ""government"", ""act"": 0.0}, {""tk"": ""relationship"", ""act"": 0.0}, {""tk"": ""which"", ""act"": 0.0}, {""tk"": ""containing"", ""act"": 0.0}]"
0_89974,0,89974,relationship: the state in which a city is located is the state containing, containing,14,30.332237243652344,0.9285714285714286,semantic,"[{""token"": "" containing"", ""index"": 14, ""distance"": 0, ""direction"": ""self""}]",n/a,Semantic,Dictionary (fallback),0.9,False,,containing,"[{""tk"": ""containing"", ""act"": 30.332237243652344}, {""tk"": ""entity"", ""act"": 0.0}, {""tk"": ""city"", ""act"": 0.0}, {""tk"": ""in"", ""act"": 0.0}, {""tk"": ""Oklahoma"", ""act"": 0.0}, {""tk"": ""USA"", ""act"": 0.0}, {""tk"": ""is"", ""act"": 0.0}, {""tk"": ""Tulsa"", ""act"": 0.0}, {""tk"": ""The"", ""act"": 0.0}, {""tk"": ""capital"", ""act"": 0.0}, {""tk"": ""of"", ""act"": 0.0}, {""tk"": ""state"", ""act"": 0.0}, {""tk"": ""United"", ""act"": 0.0}, {""tk"": ""attribute"", ""act"": 0.0}, {""tk"": ""seat"", ""act"": 0.0}, {""tk"": ""government"", ""act"": 0.0}, {""tk"": ""relationship"", ""act"": 0.0}, {""tk"": ""which"", ""act"": 0.0}]"
0_13347,0,13347,relationship: the state in which a city is located is the state containing, state,4,30.316205978393555,0.8845263928647893,semantic,"[{""token"": "" state"", ""index"": 4, ""distance"": 0, ""direction"": ""self""}]",n/a,Semantic,Dictionary (fallback),0.9,False,,state,"[{""tk"": ""state"", ""act"": 30.316205978393555}, {""tk"": ""entity"", ""act"": 0.0}, {""tk"": ""city"", ""act"": 0.0}, {""tk"": ""in"", ""act"": 0.0}, {""tk"": ""Oklahoma"", ""act"": 0.0}, {""tk"": ""USA"", ""act"": 0.0}, {""tk"": ""is"", ""act"": 0.0}, {""tk"": ""Tulsa"", ""act"": 0.0}, {""tk"": ""The"", ""act"": 0.0}, {""tk"": ""capital"", ""act"": 0.0}, {""tk"": ""of"", ""act"": 0.0}, {""tk"": ""United"", ""act"": 0.0}, {""tk"": ""attribute"", ""act"": 0.0}, {""tk"": ""seat"", ""act"": 0.0}, {""tk"": ""government"", ""act"": 0.0}, {""tk"": ""relationship"", ""act"": 0.0}, {""tk"": ""which"", ""act"": 0.0}, {""tk"": ""containing"", ""act"": 0.0}]"
0_57840,0,57840,relationship: the state in which a city is located is the state containing, state,4,30.05335807800293,0.8642003918444957,semantic,"[{""token"": "" state"", ""index"": 4, ""distance"": 0, ""direction"": ""self""}]",n/a,Semantic,Dictionary (fallback),0.9,False,,state,"[{""tk"": ""state"", ""act"": 37.14567565917969}, {""tk"": ""entity"", ""act"": 0.0}, {""tk"": ""city"", ""act"": 0.0}, {""tk"": ""in"", ""act"": 0.0}, {""tk"": ""Oklahoma"", ""act"": 0.0}, {""tk"": ""USA"", ""act"": 0.0}, {""tk"": ""is"", ""act"": 0.0}, {""tk"": ""Tulsa"", ""act"": 0.0}, {""tk"": ""The"", ""act"": 0.0}, {""tk"": ""capital"", ""act"": 0.0}, {""tk"": ""of"", ""act"": 0.0}, {""tk"": ""United"", ""act"": 0.0}, {""tk"": ""attribute"", ""act"": 0.0}, {""tk"": ""seat"", ""act"": 0.0}, {""tk"": ""government"", ""act"": 0.0}, {""tk"": ""relationship"", ""act"": 0.0}, {""tk"": ""which"", ""act"": 0.0}, {""tk"": ""containing"", ""act"": 0.0}]"
0_92029,0,92029,relationship: the state in which a city is located is the state containing, the,12,26.63426399230957,0.8720383679797602,functional,"[{""token"": "" state"", ""index"": 13, ""distance"": 1, ""direction"": ""forward""}]",json,Semantic,Dictionary (fallback),0.9,False,,the,"[{""tk"": ""the"", ""act"": 28.859010696411133}, {""tk"": ""entity"", ""act"": 0.0}, {""tk"": ""city"", ""act"": 0.0}, {""tk"": ""in"", ""act"": 0.0}, {""tk"": ""Oklahoma"", ""act"": 0.0}, {""tk"": ""USA"", ""act"": 0.0}, {""tk"": ""is"", ""act"": 0.0}, {""tk"": ""Tulsa"", ""act"": 0.0}, {""tk"": ""capital"", ""act"": 0.0}, {""tk"": ""of"", ""act"": 0.0}, {""tk"": ""state"", ""act"": 0.0}, {""tk"": ""United"", ""act"": 0.0}, {""tk"": ""attribute"", ""act"": 0.0}, {""tk"": ""seat"", ""act"": 0.0}, {""tk"": ""government"", ""act"": 0.0}, {""tk"": ""relationship"", ""act"": 0.0}, {""tk"": ""which"", ""act"": 0.0}, {""tk"": ""containing"", ""act"": 0.0}]"
0_61562,0,61562,relationship: the state in which a city is located is the state containing,relationship,1,0.0,0.0,semantic,"[{""token"": ""relationship"", ""index"": 1, ""distance"": 0, ""direction"": ""self""}]",n/a,Semantic,Dictionary,1.0,False,,of,"[{""tk"": ""of"", ""act"": 21.94182014465332}, {""tk"": ""entity"", ""act"": 0.0}, {""tk"": ""city"", ""act"": 0.0}, {""tk"": ""in"", ""act"": 0.0}, {""tk"": ""Oklahoma"", ""act"": 0.0}, {""tk"": ""USA"", ""act"": 0.0}, {""tk"": ""is"", ""act"": 0.0}, {""tk"": ""Tulsa"", ""act"": 0.0}, {""tk"": ""The"", ""act"": 0.0}, {""tk"": ""capital"", ""act"": 0.0}, {""tk"": ""state"", ""act"": 0.0}, {""tk"": ""United"", ""act"": 0.0}, {""tk"": ""attribute"", ""act"": 0.0}, {""tk"": ""seat"", ""act"": 0.0}, {""tk"": ""government"", ""act"": 0.0}, {""tk"": ""relationship"", ""act"": 0.0}, {""tk"": ""which"", ""act"": 0.0}, {""tk"": ""containing"", ""act"": 0.0}]"
0_44634,0,44634,relationship: the state in which a city is located is the state containing,relationship,1,23.549901962280277,0.9285714285714284,semantic,"[{""token"": ""relationship"", ""index"": 1, ""distance"": 0, ""direction"": ""self""}]",n/a,Semantic,Dictionary (fallback),0.9,False,,relationship,"[{""tk"": ""relationship"", ""act"": 23.549901962280273}, {""tk"": ""attribute"", ""act"": 19.139753341674805}, {""tk"": ""entity"", ""act"": 14.3582763671875}, {""tk"": ""city"", ""act"": 0.0}, {""tk"": ""in"", ""act"": 0.0}, {""tk"": ""Oklahoma"", ""act"": 0.0}, {""tk"": ""USA"", ""act"": 0.0}, {""tk"": ""is"", ""act"": 0.0}, {""tk"": ""Tulsa"", ""act"": 0.0}, {""tk"": ""The"", ""act"": 0.0}, {""tk"": ""capital"", ""act"": 0.0}, {""tk"": ""of"", ""act"": 0.0}, {""tk"": ""state"", ""act"": 0.0}, {""tk"": ""United"", ""act"": 0.0}, {""tk"": ""seat"", ""act"": 0.0}, {""tk"": ""government"", ""act"": 0.0}, {""tk"": ""which"", ""act"": 0.0}, {""tk"": ""containing"", ""act"": 0.0}]"
0_42481,0,42481,relationship: the state in which a city is located is the state containing, state,13,22.62320899963379,0.8819559495795727,semantic,"[{""token"": "" state"", ""index"": 13, ""distance"": 0, ""direction"": ""self""}]",n/a,Semantic,Dictionary (fallback),0.9,False,,state,"[{""tk"": ""state"", ""act"": 22.62320899963379}, {""tk"": ""entity"", ""act"": 0.0}, {""tk"": ""city"", ""act"": 0.0}, {""tk"": ""in"", ""act"": 0.0}, {""tk"": ""Oklahoma"", ""act"": 0.0}, {""tk"": ""USA"", ""act"": 0.0}, {""tk"": ""is"", ""act"": 0.0}, {""tk"": ""Tulsa"", ""act"": 0.0}, {""tk"": ""The"", ""act"": 0.0}, {""tk"": ""capital"", ""act"": 0.0}, {""tk"": ""of"", ""act"": 0.0}, {""tk"": ""United"", ""act"": 0.0}, {""tk"": ""attribute"", ""act"": 0.0}, {""tk"": ""seat"", ""act"": 0.0}, {""tk"": ""government"", ""act"": 0.0}, {""tk"": ""relationship"", ""act"": 0.0}, {""tk"": ""which"", ""act"": 0.0}, {""tk"": ""containing"", ""act"": 0.0}]"
0_19204,0,19204,relationship: the state in which a city is located is the state containing,relationship,1,0.0,0.0,semantic,"[{""token"": ""relationship"", ""index"": 1, ""distance"": 0, ""direction"": ""self""}]",n/a,Relationship,,1.0,False,,(entity) related,"[{""tk"": ""entity"", ""act"": 0.0}, {""tk"": ""city"", ""act"": 0.0}, {""tk"": ""in"", ""act"": 0.0}, {""tk"": ""Oklahoma"", ""act"": 0.0}, {""tk"": ""USA"", ""act"": 0.0}, {""tk"": ""is"", ""act"": 0.0}, {""tk"": ""Tulsa"", ""act"": 0.0}, {""tk"": ""The"", ""act"": 0.0}, {""tk"": ""capital"", ""act"": 0.0}, {""tk"": ""of"", ""act"": 0.0}, {""tk"": ""state"", ""act"": 0.0}, {""tk"": ""United"", ""act"": 0.0}, {""tk"": ""attribute"", ""act"": 0.0}, {""tk"": ""seat"", ""act"": 0.0}, {""tk"": ""government"", ""act"": 0.0}, {""tk"": ""relationship"", ""act"": 0.0}, {""tk"": ""which"", ""act"": 0.0}, {""tk"": ""containing"", ""act"": 0.0}]"
0_67553,0,67553,relationship: the state in which a city is located is the state containing, containing,14,16.307926177978516,0.9285714285714286,semantic,"[{""token"": "" containing"", ""index"": 14, ""distance"": 0, ""direction"": ""self""}]",n/a,Semantic,Dictionary,1.0,False,,containing,"[{""tk"": ""containing"", ""act"": 16.307926177978516}, {""tk"": ""entity"", ""act"": 0.0}, {""tk"": ""city"", ""act"": 0.0}, {""tk"": ""in"", ""act"": 0.0}, {""tk"": ""Oklahoma"", ""act"": 0.0}, {""tk"": ""USA"", ""act"": 0.0}, {""tk"": ""is"", ""act"": 0.0}, {""tk"": ""Tulsa"", ""act"": 0.0}, {""tk"": ""The"", ""act"": 0.0}, {""tk"": ""capital"", ""act"": 0.0}, {""tk"": ""of"", ""act"": 0.0}, {""tk"": ""state"", ""act"": 0.0}, {""tk"": ""United"", ""act"": 0.0}, {""tk"": ""attribute"", ""act"": 0.0}, {""tk"": ""seat"", ""act"": 0.0}, {""tk"": ""government"", ""act"": 0.0}, {""tk"": ""relationship"", ""act"": 0.0}, {""tk"": ""which"", ""act"": 0.0}]"
0_61257,0,61257,relationship: the state in which a city is located is the state containing, state,13,15.710807800292969,0.9017811399714832,semantic,"[{""token"": "" state"", ""index"": 13, ""distance"": 0, ""direction"": ""self""}]",n/a,Semantic,Dictionary (fallback),0.9,False,,state,"[{""tk"": ""state"", ""act"": 15.710807800292969}, {""tk"": ""entity"", ""act"": 0.0}, {""tk"": ""city"", ""act"": 0.0}, {""tk"": ""in"", ""act"": 0.0}, {""tk"": ""Oklahoma"", ""act"": 0.0}, {""tk"": ""USA"", ""act"": 0.0}, {""tk"": ""is"", ""act"": 0.0}, {""tk"": ""Tulsa"", ""act"": 0.0}, {""tk"": ""The"", ""act"": 0.0}, {""tk"": ""capital"", ""act"": 0.0}, {""tk"": ""of"", ""act"": 0.0}, {""tk"": ""United"", ""act"": 0.0}, {""tk"": ""attribute"", ""act"": 0.0}, {""tk"": ""seat"", ""act"": 0.0}, {""tk"": ""government"", ""act"": 0.0}, {""tk"": ""relationship"", ""act"": 0.0}, {""tk"": ""which"", ""act"": 0.0}, {""tk"": ""containing"", ""act"": 0.0}]"
0_73095,0,73095,relationship: the state in which a city is located is the state containing, containing,14,15.30929946899414,0.9285714285714286,semantic,"[{""token"": "" containing"", ""index"": 14, ""distance"": 0, ""direction"": ""self""}]",n/a,Semantic,Dictionary,1.0,False,,containing,"[{""tk"": ""containing"", ""act"": 15.30929946899414}, {""tk"": ""entity"", ""act"": 0.0}, {""tk"": ""city"", ""act"": 0.0}, {""tk"": ""in"", ""act"": 0.0}, {""tk"": ""Oklahoma"", ""act"": 0.0}, {""tk"": ""USA"", ""act"": 0.0}, {""tk"": ""is"", ""act"": 0.0}, {""tk"": ""Tulsa"", ""act"": 0.0}, {""tk"": ""The"", ""act"": 0.0}, {""tk"": ""capital"", ""act"": 0.0}, {""tk"": ""of"", ""act"": 0.0}, {""tk"": ""state"", ""act"": 0.0}, {""tk"": ""United"", ""act"": 0.0}, {""tk"": ""attribute"", ""act"": 0.0}, {""tk"": ""seat"", ""act"": 0.0}, {""tk"": ""government"", ""act"": 0.0}, {""tk"": ""relationship"", ""act"": 0.0}, {""tk"": ""which"", ""act"": 0.0}]"
0_88875,0,88875,relationship: the state in which a city is located is the state containing, containing,14,13.765202522277832,0.9285714285714286,semantic,"[{""token"": "" containing"", ""index"": 14, ""distance"": 0, ""direction"": ""self""}]",n/a,Semantic,Dictionary,1.0,False,,containing,"[{""tk"": ""containing"", ""act"": 13.765202522277832}, {""tk"": ""entity"", ""act"": 0.0}, {""tk"": ""city"", ""act"": 0.0}, {""tk"": ""in"", ""act"": 0.0}, {""tk"": ""Oklahoma"", ""act"": 0.0}, {""tk"": ""USA"", ""act"": 0.0}, {""tk"": ""is"", ""act"": 0.0}, {""tk"": ""Tulsa"", ""act"": 0.0}, {""tk"": ""The"", ""act"": 0.0}, {""tk"": ""capital"", ""act"": 0.0}, {""tk"": ""of"", ""act"": 0.0}, {""tk"": ""state"", ""act"": 0.0}, {""tk"": ""United"", ""act"": 0.0}, {""tk"": ""attribute"", ""act"": 0.0}, {""tk"": ""seat"", ""act"": 0.0}, {""tk"": ""government"", ""act"": 0.0}, {""tk"": ""relationship"", ""act"": 0.0}, {""tk"": ""which"", ""act"": 0.0}]"
0_56748,0,56748,relationship: the state in which a city is located is the state containing, state,4,13.299398422241213,0.878235081825577,semantic,"[{""token"": "" state"", ""index"": 4, ""distance"": 0, ""direction"": ""self""}]",n/a,Semantic,Dictionary (fallback),0.9,False,,state,"[{""tk"": ""state"", ""act"": 13.299398422241211}, {""tk"": ""entity"", ""act"": 0.0}, {""tk"": ""city"", ""act"": 0.0}, {""tk"": ""in"", ""act"": 0.0}, {""tk"": ""Oklahoma"", ""act"": 0.0}, {""tk"": ""USA"", ""act"": 0.0}, {""tk"": ""is"", ""act"": 0.0}, {""tk"": ""Tulsa"", ""act"": 0.0}, {""tk"": ""The"", ""act"": 0.0}, {""tk"": ""capital"", ""act"": 0.0}, {""tk"": ""of"", ""act"": 0.0}, {""tk"": ""United"", ""act"": 0.0}, {""tk"": ""attribute"", ""act"": 0.0}, {""tk"": ""seat"", ""act"": 0.0}, {""tk"": ""government"", ""act"": 0.0}, {""tk"": ""relationship"", ""act"": 0.0}, {""tk"": ""which"", ""act"": 0.0}, {""tk"": ""containing"", ""act"": 0.0}]"
0_39374,0,39374,relationship: the state in which a city is located is the state containing, is,9,12.902379989624023,0.8723774807879575,functional,"[{""token"": "" located"", ""index"": 10, ""distance"": 1, ""direction"": ""forward""}]",json,Semantic,Dictionary,0.8333333333333334,False,,is,"[{""tk"": ""is"", ""act"": 19.61667823791504}, {""tk"": ""entity"", ""act"": 0.0}, {""tk"": ""city"", ""act"": 0.0}, {""tk"": ""in"", ""act"": 0.0}, {""tk"": ""Oklahoma"", ""act"": 0.0}, {""tk"": ""USA"", ""act"": 0.0}, {""tk"": ""Tulsa"", ""act"": 0.0}, {""tk"": ""The"", ""act"": 0.0}, {""tk"": ""capital"", ""act"": 0.0}, {""tk"": ""of"", ""act"": 0.0}, {""tk"": ""state"", ""act"": 0.0}, {""tk"": ""United"", ""act"": 0.0}, {""tk"": ""attribute"", ""act"": 0.0}, {""tk"": ""seat"", ""act"": 0.0}, {""tk"": ""government"", ""act"": 0.0}, {""tk"": ""relationship"", ""act"": 0.0}, {""tk"": ""which"", ""act"": 0.0}, {""tk"": ""containing"", ""act"": 0.0}]"
0_66754,0,66754,relationship: the state in which a city is located is the state containing, containing,14,12.251155853271484,0.9285714285714286,semantic,"[{""token"": "" containing"", ""index"": 14, ""distance"": 0, ""direction"": ""self""}]",n/a,Semantic,Dictionary,1.0,False,,containing,"[{""tk"": ""containing"", ""act"": 12.251155853271484}, {""tk"": ""entity"", ""act"": 0.0}, {""tk"": ""city"", ""act"": 0.0}, {""tk"": ""in"", ""act"": 0.0}, {""tk"": ""Oklahoma"", ""act"": 0.0}, {""tk"": ""USA"", ""act"": 0.0}, {""tk"": ""is"", ""act"": 0.0}, {""tk"": ""Tulsa"", ""act"": 0.0}, {""tk"": ""The"", ""act"": 0.0}, {""tk"": ""capital"", ""act"": 0.0}, {""tk"": ""of"", ""act"": 0.0}, {""tk"": ""state"", ""act"": 0.0}, {""tk"": ""United"", ""act"": 0.0}, {""tk"": ""attribute"", ""act"": 0.0}, {""tk"": ""seat"", ""act"": 0.0}, {""tk"": ""government"", ""act"": 0.0}, {""tk"": ""relationship"", ""act"": 0.0}, {""tk"": ""which"", ""act"": 0.0}]"
0_54197,0,54197,relationship: the state in which a city is located is the state containing, containing,14,11.77919864654541,0.9285714285714286,semantic,"[{""token"": "" containing"", ""index"": 14, ""distance"": 0, ""direction"": ""self""}]",n/a,Semantic,Dictionary,1.0,False,,containing,"[{""tk"": ""containing"", ""act"": 11.77919864654541}, {""tk"": ""entity"", ""act"": 0.0}, {""tk"": ""city"", ""act"": 0.0}, {""tk"": ""in"", ""act"": 0.0}, {""tk"": ""Oklahoma"", ""act"": 0.0}, {""tk"": ""USA"", ""act"": 0.0}, {""tk"": ""is"", ""act"": 0.0}, {""tk"": ""Tulsa"", ""act"": 0.0}, {""tk"": ""The"", ""act"": 0.0}, {""tk"": ""capital"", ""act"": 0.0}, {""tk"": ""of"", ""act"": 0.0}, {""tk"": ""state"", ""act"": 0.0}, {""tk"": ""United"", ""act"": 0.0}, {""tk"": ""attribute"", ""act"": 0.0}, {""tk"": ""seat"", ""act"": 0.0}, {""tk"": ""government"", ""act"": 0.0}, {""tk"": ""relationship"", ""act"": 0.0}, {""tk"": ""which"", ""act"": 0.0}]"
0_81830,0,81830,relationship: the state in which a city is located is the state containing,relationship,1,0.0,0.0,semantic,"[{""token"": ""relationship"", ""index"": 1, ""distance"": 0, ""direction"": ""self""}]",n/a,Semantic,Dictionary (fallback),0.9,False,,is,"[{""tk"": ""is"", ""act"": 5.611411094665527}, {""tk"": ""entity"", ""act"": 0.0}, {""tk"": ""city"", ""act"": 0.0}, {""tk"": ""in"", ""act"": 0.0}, {""tk"": ""Oklahoma"", ""act"": 0.0}, {""tk"": ""USA"", ""act"": 0.0}, {""tk"": ""Tulsa"", ""act"": 0.0}, {""tk"": ""The"", ""act"": 0.0}, {""tk"": ""capital"", ""act"": 0.0}, {""tk"": ""of"", ""act"": 0.0}, {""tk"": ""state"", ""act"": 0.0}, {""tk"": ""United"", ""act"": 0.0}, {""tk"": ""attribute"", ""act"": 0.0}, {""tk"": ""seat"", ""act"": 0.0}, {""tk"": ""government"", ""act"": 0.0}, {""tk"": ""relationship"", ""act"": 0.0}, {""tk"": ""which"", ""act"": 0.0}, {""tk"": ""containing"", ""act"": 0.0}]"
0_73833,0,73833,relationship: the state in which a city is located is the state containing, containing,14,11.570135116577148,0.9285714285714286,semantic,"[{""token"": "" containing"", ""index"": 14, ""distance"": 0, ""direction"": ""self""}]",n/a,Semantic,Dictionary,1.0,False,,containing,"[{""tk"": ""containing"", ""act"": 11.570135116577148}, {""tk"": ""entity"", ""act"": 0.0}, {""tk"": ""city"", ""act"": 0.0}, {""tk"": ""in"", ""act"": 0.0}, {""tk"": ""Oklahoma"", ""act"": 0.0}, {""tk"": ""USA"", ""act"": 0.0}, {""tk"": ""is"", ""act"": 0.0}, {""tk"": ""Tulsa"", ""act"": 0.0}, {""tk"": ""The"", ""act"": 0.0}, {""tk"": ""capital"", ""act"": 0.0}, {""tk"": ""of"", ""act"": 0.0}, {""tk"": ""state"", ""act"": 0.0}, {""tk"": ""United"", ""act"": 0.0}, {""tk"": ""attribute"", ""act"": 0.0}, {""tk"": ""seat"", ""act"": 0.0}, {""tk"": ""government"", ""act"": 0.0}, {""tk"": ""relationship"", ""act"": 0.0}, {""tk"": ""which"", ""act"": 0.0}]"
0_47638,0,47638,relationship: the state in which a city is located is the state containing, containing,14,11.569823265075684,0.9285714285714284,semantic,"[{""token"": "" containing"", ""index"": 14, ""distance"": 0, ""direction"": ""self""}]",n/a,Semantic,Dictionary,1.0,False,,containing,"[{""tk"": ""containing"", ""act"": 11.569823265075684}, {""tk"": ""entity"", ""act"": 0.0}, {""tk"": ""city"", ""act"": 0.0}, {""tk"": ""in"", ""act"": 0.0}, {""tk"": ""Oklahoma"", ""act"": 0.0}, {""tk"": ""USA"", ""act"": 0.0}, {""tk"": ""is"", ""act"": 0.0}, {""tk"": ""Tulsa"", ""act"": 0.0}, {""tk"": ""The"", ""act"": 0.0}, {""tk"": ""capital"", ""act"": 0.0}, {""tk"": ""of"", ""act"": 0.0}, {""tk"": ""state"", ""act"": 0.0}, {""tk"": ""United"", ""act"": 0.0}, {""tk"": ""attribute"", ""act"": 0.0}, {""tk"": ""seat"", ""act"": 0.0}, {""tk"": ""government"", ""act"": 0.0}, {""tk"": ""relationship"", ""act"": 0.0}, {""tk"": ""which"", ""act"": 0.0}]"
0_42832,0,42832,relationship: the state in which a city is located is the state containing, containing,14,11.472331047058104,0.9285714285714284,semantic,"[{""token"": "" containing"", ""index"": 14, ""distance"": 0, ""direction"": ""self""}]",n/a,Semantic,Dictionary,1.0,False,,containing,"[{""tk"": ""containing"", ""act"": 11.472331047058105}, {""tk"": ""entity"", ""act"": 0.0}, {""tk"": ""city"", ""act"": 0.0}, {""tk"": ""in"", ""act"": 0.0}, {""tk"": ""Oklahoma"", ""act"": 0.0}, {""tk"": ""USA"", ""act"": 0.0}, {""tk"": ""is"", ""act"": 0.0}, {""tk"": ""Tulsa"", ""act"": 0.0}, {""tk"": ""The"", ""act"": 0.0}, {""tk"": ""capital"", ""act"": 0.0}, {""tk"": ""of"", ""act"": 0.0}, {""tk"": ""state"", ""act"": 0.0}, {""tk"": ""United"", ""act"": 0.0}, {""tk"": ""attribute"", ""act"": 0.0}, {""tk"": ""seat"", ""act"": 0.0}, {""tk"": ""government"", ""act"": 0.0}, {""tk"": ""relationship"", ""act"": 0.0}, {""tk"": ""which"", ""act"": 0.0}]"
0_46235,0,46235,relationship: the state in which a city is located is the state containing, state,4,10.627107620239258,0.9285714285714284,semantic,"[{""token"": "" state"", ""index"": 4, ""distance"": 0, ""direction"": ""self""}]",n/a,Semantic,Dictionary (fallback),0.9,False,,state,"[{""tk"": ""state"", ""act"": 10.627107620239258}, {""tk"": ""capital"", ""act"": 9.485153198242188}, {""tk"": ""entity"", ""act"": 0.0}, {""tk"": ""city"", ""act"": 0.0}, {""tk"": ""in"", ""act"": 0.0}, {""tk"": ""Oklahoma"", ""act"": 0.0}, {""tk"": ""USA"", ""act"": 0.0}, {""tk"": ""is"", ""act"": 0.0}, {""tk"": ""Tulsa"", ""act"": 0.0}, {""tk"": ""The"", ""act"": 0.0}, {""tk"": ""of"", ""act"": 0.0}, {""tk"": ""United"", ""act"": 0.0}, {""tk"": ""attribute"", ""act"": 0.0}, {""tk"": ""seat"", ""act"": 0.0}, {""tk"": ""government"", ""act"": 0.0}, {""tk"": ""relationship"", ""act"": 0.0}, {""tk"": ""which"", ""act"": 0.0}, {""tk"": ""containing"", ""act"": 0.0}]"
0_52264,0,52264,relationship: the state in which a city is located is the state containing, containing,14,9.985231399536133,0.9285714285714284,semantic,"[{""token"": "" containing"", ""index"": 14, ""distance"": 0, ""direction"": ""self""}]",n/a,Semantic,Dictionary,1.0,False,,containing,"[{""tk"": ""containing"", ""act"": 9.985231399536133}, {""tk"": ""entity"", ""act"": 0.0}, {""tk"": ""city"", ""act"": 0.0}, {""tk"": ""in"", ""act"": 0.0}, {""tk"": ""Oklahoma"", ""act"": 0.0}, {""tk"": ""USA"", ""act"": 0.0}, {""tk"": ""is"", ""act"": 0.0}, {""tk"": ""Tulsa"", ""act"": 0.0}, {""tk"": ""The"", ""act"": 0.0}, {""tk"": ""capital"", ""act"": 0.0}, {""tk"": ""of"", ""act"": 0.0}, {""tk"": ""state"", ""act"": 0.0}, {""tk"": ""United"", ""act"": 0.0}, {""tk"": ""attribute"", ""act"": 0.0}, {""tk"": ""seat"", ""act"": 0.0}, {""tk"": ""government"", ""act"": 0.0}, {""tk"": ""relationship"", ""act"": 0.0}, {""tk"": ""which"", ""act"": 0.0}]"
0_29904,0,29904,relationship: the state in which a city is located is the state containing, containing,14,9.819502830505373,0.9285714285714284,semantic,"[{""token"": "" containing"", ""index"": 14, ""distance"": 0, ""direction"": ""self""}]",n/a,Semantic,Dictionary,1.0,False,,containing,"[{""tk"": ""containing"", ""act"": 9.819502830505371}, {""tk"": ""entity"", ""act"": 0.0}, {""tk"": ""city"", ""act"": 0.0}, {""tk"": ""in"", ""act"": 0.0}, {""tk"": ""Oklahoma"", ""act"": 0.0}, {""tk"": ""USA"", ""act"": 0.0}, {""tk"": ""is"", ""act"": 0.0}, {""tk"": ""Tulsa"", ""act"": 0.0}, {""tk"": ""The"", ""act"": 0.0}, {""tk"": ""capital"", ""act"": 0.0}, {""tk"": ""of"", ""act"": 0.0}, {""tk"": ""state"", ""act"": 0.0}, {""tk"": ""United"", ""act"": 0.0}, {""tk"": ""attribute"", ""act"": 0.0}, {""tk"": ""seat"", ""act"": 0.0}, {""tk"": ""government"", ""act"": 0.0}, {""tk"": ""relationship"", ""act"": 0.0}, {""tk"": ""which"", ""act"": 0.0}]"
0_20368,0,20368,relationship: the state in which a city is located is the state containing, containing,14,8.030762672424316,0.8702793172503231,semantic,"[{""token"": "" containing"", ""index"": 14, ""distance"": 0, ""direction"": ""self""}]",n/a,Semantic,Dictionary (fallback),0.9,False,,containing,"[{""tk"": ""containing"", ""act"": 8.030762672424316}, {""tk"": ""is"", ""act"": 6.553821563720703}, {""tk"": ""entity"", ""act"": 0.0}, {""tk"": ""city"", ""act"": 0.0}, {""tk"": ""in"", ""act"": 0.0}, {""tk"": ""Oklahoma"", ""act"": 0.0}, {""tk"": ""USA"", ""act"": 0.0}, {""tk"": ""Tulsa"", ""act"": 0.0}, {""tk"": ""The"", ""act"": 0.0}, {""tk"": ""capital"", ""act"": 0.0}, {""tk"": ""of"", ""act"": 0.0}, {""tk"": ""state"", ""act"": 0.0}, {""tk"": ""United"", ""act"": 0.0}, {""tk"": ""attribute"", ""act"": 0.0}, {""tk"": ""seat"", ""act"": 0.0}, {""tk"": ""government"", ""act"": 0.0}, {""tk"": ""relationship"", ""act"": 0.0}, {""tk"": ""which"", ""act"": 0.0}]"
0_79529,0,79529,relationship: the state in which a city is located is the state containing, is,9,4.032312870025635,0.9285714285714286,functional,"[{""token"": "" located"", ""index"": 10, ""distance"": 1, ""direction"": ""forward""}]",json,Semantic,Dictionary,0.8333333333333334,False,,is,"[{""tk"": ""is"", ""act"": 15.42864990234375}, {""tk"": ""entity"", ""act"": 0.0}, {""tk"": ""city"", ""act"": 0.0}, {""tk"": ""in"", ""act"": 0.0}, {""tk"": ""Oklahoma"", ""act"": 0.0}, {""tk"": ""USA"", ""act"": 0.0}, {""tk"": ""Tulsa"", ""act"": 0.0}, {""tk"": ""The"", ""act"": 0.0}, {""tk"": ""capital"", ""act"": 0.0}, {""tk"": ""of"", ""act"": 0.0}, {""tk"": ""state"", ""act"": 0.0}, {""tk"": ""United"", ""act"": 0.0}, {""tk"": ""attribute"", ""act"": 0.0}, {""tk"": ""seat"", ""act"": 0.0}, {""tk"": ""government"", ""act"": 0.0}, {""tk"": ""relationship"", ""act"": 0.0}, {""tk"": ""which"", ""act"": 0.0}, {""tk"": ""containing"", ""act"": 0.0}]"
0_48445,0,48445,relationship: the state in which a city is located is the state containing, containing,14,6.267477512359619,0.9285714285714284,semantic,"[{""token"": "" containing"", ""index"": 14, ""distance"": 0, ""direction"": ""self""}]",n/a,Semantic,Dictionary,1.0,False,,containing,"[{""tk"": ""containing"", ""act"": 6.267477512359619}, {""tk"": ""entity"", ""act"": 0.0}, {""tk"": ""city"", ""act"": 0.0}, {""tk"": ""in"", ""act"": 0.0}, {""tk"": ""Oklahoma"", ""act"": 0.0}, {""tk"": ""USA"", ""act"": 0.0}, {""tk"": ""is"", ""act"": 0.0}, {""tk"": ""Tulsa"", ""act"": 0.0}, {""tk"": ""The"", ""act"": 0.0}, {""tk"": ""capital"", ""act"": 0.0}, {""tk"": ""of"", ""act"": 0.0}, {""tk"": ""state"", ""act"": 0.0}, {""tk"": ""United"", ""act"": 0.0}, {""tk"": ""attribute"", ""act"": 0.0}, {""tk"": ""seat"", ""act"": 0.0}, {""tk"": ""government"", ""act"": 0.0}, {""tk"": ""relationship"", ""act"": 0.0}, {""tk"": ""which"", ""act"": 0.0}]"
0_44709,0,44709,relationship: the state in which a city is located is the state containing, containing,14,6.07918643951416,0.9285714285714286,semantic,"[{""token"": "" containing"", ""index"": 14, ""distance"": 0, ""direction"": ""self""}]",n/a,Semantic,Dictionary,1.0,False,,containing,"[{""tk"": ""containing"", ""act"": 6.07918643951416}, {""tk"": ""entity"", ""act"": 0.0}, {""tk"": ""city"", ""act"": 0.0}, {""tk"": ""in"", ""act"": 0.0}, {""tk"": ""Oklahoma"", ""act"": 0.0}, {""tk"": ""USA"", ""act"": 0.0}, {""tk"": ""is"", ""act"": 0.0}, {""tk"": ""Tulsa"", ""act"": 0.0}, {""tk"": ""The"", ""act"": 0.0}, {""tk"": ""capital"", ""act"": 0.0}, {""tk"": ""of"", ""act"": 0.0}, {""tk"": ""state"", ""act"": 0.0}, {""tk"": ""United"", ""act"": 0.0}, {""tk"": ""attribute"", ""act"": 0.0}, {""tk"": ""seat"", ""act"": 0.0}, {""tk"": ""government"", ""act"": 0.0}, {""tk"": ""relationship"", ""act"": 0.0}, {""tk"": ""which"", ""act"": 0.0}]"
0_81124,0,81124,relationship: the state in which a city is located is the state containing,relationship,1,0.0,0.0,semantic,"[{""token"": ""relationship"", ""index"": 1, ""distance"": 0, ""direction"": ""self""}]",n/a,Relationship,,1.0,False,,(entity) related,"[{""tk"": ""entity"", ""act"": 0.0}, {""tk"": ""city"", ""act"": 0.0}, {""tk"": ""in"", ""act"": 0.0}, {""tk"": ""Oklahoma"", ""act"": 0.0}, {""tk"": ""USA"", ""act"": 0.0}, {""tk"": ""is"", ""act"": 0.0}, {""tk"": ""Tulsa"", ""act"": 0.0}, {""tk"": ""The"", ""act"": 0.0}, {""tk"": ""capital"", ""act"": 0.0}, {""tk"": ""of"", ""act"": 0.0}, {""tk"": ""state"", ""act"": 0.0}, {""tk"": ""United"", ""act"": 0.0}, {""tk"": ""attribute"", ""act"": 0.0}, {""tk"": ""seat"", ""act"": 0.0}, {""tk"": ""government"", ""act"": 0.0}, {""tk"": ""relationship"", ""act"": 0.0}, {""tk"": ""which"", ""act"": 0.0}, {""tk"": ""containing"", ""act"": 0.0}]"
0_82862,0,82862,relationship: the state in which a city is located is the state containing, state,4,5.531653881072998,0.9101601498025376,semantic,"[{""token"": "" state"", ""index"": 4, ""distance"": 0, ""direction"": ""self""}]",n/a,Semantic,Dictionary (fallback),0.9,False,,government,"[{""tk"": ""government"", ""act"": 9.586883544921875}, {""tk"": ""capital"", ""act"": 8.219970703125}, {""tk"": ""state"", ""act"": 5.531653881072998}, {""tk"": ""relationship"", ""act"": 1.4258275032043457}, {""tk"": ""entity"", ""act"": 0.0}, {""tk"": ""city"", ""act"": 0.0}, {""tk"": ""in"", ""act"": 0.0}, {""tk"": ""Oklahoma"", ""act"": 0.0}, {""tk"": ""USA"", ""act"": 0.0}, {""tk"": ""is"", ""act"": 0.0}, {""tk"": ""Tulsa"", ""act"": 0.0}, {""tk"": ""The"", ""act"": 0.0}, {""tk"": ""of"", ""act"": 0.0}, {""tk"": ""United"", ""act"": 0.0}, {""tk"": ""attribute"", ""act"": 0.0}, {""tk"": ""seat"", ""act"": 0.0}, {""tk"": ""which"", ""act"": 0.0}, {""tk"": ""containing"", ""act"": 0.0}]"
0_12284,0,12284,relationship: the state in which a city is located is the state containing,relationship,1,0.0,0.0,semantic,"[{""token"": ""relationship"", ""index"": 1, ""distance"": 0, ""direction"": ""self""}]",n/a,Relationship,,1.0,False,,(entity) related,"[{""tk"": ""entity"", ""act"": 0.0}, {""tk"": ""city"", ""act"": 0.0}, {""tk"": ""in"", ""act"": 0.0}, {""tk"": ""Oklahoma"", ""act"": 0.0}, {""tk"": ""USA"", ""act"": 0.0}, {""tk"": ""is"", ""act"": 0.0}, {""tk"": ""Tulsa"", ""act"": 0.0}, {""tk"": ""The"", ""act"": 0.0}, {""tk"": ""capital"", ""act"": 0.0}, {""tk"": ""of"", ""act"": 0.0}, {""tk"": ""state"", ""act"": 0.0}, {""tk"": ""United"", ""act"": 0.0}, {""tk"": ""attribute"", ""act"": 0.0}, {""tk"": ""seat"", ""act"": 0.0}, {""tk"": ""government"", ""act"": 0.0}, {""tk"": ""relationship"", ""act"": 0.0}, {""tk"": ""which"", ""act"": 0.0}, {""tk"": ""containing"", ""act"": 0.0}]"
0_95264,0,95264,relationship: the state in which a city is located is the state containing,relationship,1,1.6707706451416016,0.9285714285714286,semantic,"[{""token"": ""relationship"", ""index"": 1, ""distance"": 0, ""direction"": ""self""}]",n/a,Semantic,Dictionary (fallback),0.9,False,,attribute,"[{""tk"": ""attribute"", ""act"": 4.412742614746094}, {""tk"": ""relationship"", ""act"": 1.6707706451416016}, {""tk"": ""entity"", ""act"": 0.0}, {""tk"": ""city"", ""act"": 0.0}, {""tk"": ""in"", ""act"": 0.0}, {""tk"": ""Oklahoma"", ""act"": 0.0}, {""tk"": ""USA"", ""act"": 0.0}, {""tk"": ""is"", ""act"": 0.0}, {""tk"": ""Tulsa"", ""act"": 0.0}, {""tk"": ""The"", ""act"": 0.0}, {""tk"": ""capital"", ""act"": 0.0}, {""tk"": ""of"", ""act"": 0.0}, {""tk"": ""state"", ""act"": 0.0}, {""tk"": ""United"", ""act"": 0.0}, {""tk"": ""seat"", ""act"": 0.0}, {""tk"": ""government"", ""act"": 0.0}, {""tk"": ""which"", ""act"": 0.0}, {""tk"": ""containing"", ""act"": 0.0}]"
0_73759,0,73759,relationship: the state in which a city is located is the state containing,relationship,1,0.0,0.0,semantic,"[{""token"": ""relationship"", ""index"": 1, ""distance"": 0, ""direction"": ""self""}]",n/a,Semantic,Dictionary,1.0,False,,of,"[{""tk"": ""of"", ""act"": 53.35567855834961}, {""tk"": ""entity"", ""act"": 0.0}, {""tk"": ""city"", ""act"": 0.0}, {""tk"": ""in"", ""act"": 0.0}, {""tk"": ""Oklahoma"", ""act"": 0.0}, {""tk"": ""USA"", ""act"": 0.0}, {""tk"": ""is"", ""act"": 0.0}, {""tk"": ""Tulsa"", ""act"": 0.0}, {""tk"": ""The"", ""act"": 0.0}, {""tk"": ""capital"", ""act"": 0.0}, {""tk"": ""state"", ""act"": 0.0}, {""tk"": ""United"", ""act"": 0.0}, {""tk"": ""attribute"", ""act"": 0.0}, {""tk"": ""seat"", ""act"": 0.0}, {""tk"": ""government"", ""act"": 0.0}, {""tk"": ""relationship"", ""act"": 0.0}, {""tk"": ""which"", ""act"": 0.0}, {""tk"": ""containing"", ""act"": 0.0}]"
0_76137,0,76137,relationship: the state in which a city is located is the state containing,relationship,1,0.0,0.0,semantic,"[{""token"": ""relationship"", ""index"": 1, ""distance"": 0, ""direction"": ""self""}]",n/a,Semantic,Dictionary (fallback),0.9,False,,Oklahoma,"[{""tk"": ""Oklahoma"", ""act"": 16.745393753051758}, {""tk"": ""USA"", ""act"": 5.198422908782959}, {""tk"": ""Tulsa"", ""act"": 2.9896798133850098}, {""tk"": ""entity"", ""act"": 0.0}, {""tk"": ""city"", ""act"": 0.0}, {""tk"": ""in"", ""act"": 0.0}, {""tk"": ""is"", ""act"": 0.0}, {""tk"": ""The"", ""act"": 0.0}, {""tk"": ""capital"", ""act"": 0.0}, {""tk"": ""of"", ""act"": 0.0}, {""tk"": ""state"", ""act"": 0.0}, {""tk"": ""United"", ""act"": 0.0}, {""tk"": ""attribute"", ""act"": 0.0}, {""tk"": ""seat"", ""act"": 0.0}, {""tk"": ""government"", ""act"": 0.0}, {""tk"": ""relationship"", ""act"": 0.0}, {""tk"": ""which"", ""act"": 0.0}, {""tk"": ""containing"", ""act"": 0.0}]"
0_5916,0,5916,relationship: the state in which a city is located is the state containing,relationship,1,0.0,0.0,semantic,"[{""token"": ""relationship"", ""index"": 1, ""distance"": 0, ""direction"": ""self""}]",n/a,Semantic,Dictionary (fallback),0.9,False,,capital,"[{""tk"": ""capital"", ""act"": 18.749942779541016}, {""tk"": ""entity"", ""act"": 0.0}, {""tk"": ""city"", ""act"": 0.0}, {""tk"": ""in"", ""act"": 0.0}, {""tk"": ""Oklahoma"", ""act"": 0.0}, {""tk"": ""USA"", ""act"": 0.0}, {""tk"": ""is"", ""act"": 0.0}, {""tk"": ""Tulsa"", ""act"": 0.0}, {""tk"": ""The"", ""act"": 0.0}, {""tk"": ""of"", ""act"": 0.0}, {""tk"": ""state"", ""act"": 0.0}, {""tk"": ""United"", ""act"": 0.0}, {""tk"": ""attribute"", ""act"": 0.0}, {""tk"": ""seat"", ""act"": 0.0}, {""tk"": ""government"", ""act"": 0.0}, {""tk"": ""relationship"", ""act"": 0.0}, {""tk"": ""which"", ""act"": 0.0}, {""tk"": ""containing"", ""act"": 0.0}]"
0_6264,0,6264,relationship: the state in which a city is located is the state containing,relationship,1,0.0,0.0,semantic,"[{""token"": ""relationship"", ""index"": 1, ""distance"": 0, ""direction"": ""self""}]",n/a,Semantic,Dictionary,1.0,False,,capital,"[{""tk"": ""capital"", ""act"": 9.430625915527344}, {""tk"": ""entity"", ""act"": 0.0}, {""tk"": ""city"", ""act"": 0.0}, {""tk"": ""in"", ""act"": 0.0}, {""tk"": ""Oklahoma"", ""act"": 0.0}, {""tk"": ""USA"", ""act"": 0.0}, {""tk"": ""is"", ""act"": 0.0}, {""tk"": ""Tulsa"", ""act"": 0.0}, {""tk"": ""The"", ""act"": 0.0}, {""tk"": ""of"", ""act"": 0.0}, {""tk"": ""state"", ""act"": 0.0}, {""tk"": ""United"", ""act"": 0.0}, {""tk"": ""attribute"", ""act"": 0.0}, {""tk"": ""seat"", ""act"": 0.0}, {""tk"": ""government"", ""act"": 0.0}, {""tk"": ""relationship"", ""act"": 0.0}, {""tk"": ""which"", ""act"": 0.0}, {""tk"": ""containing"", ""act"": 0.0}]"
0_8411,0,8411,relationship: the state in which a city is located is the state containing,relationship,1,0.0,0.0,semantic,"[{""token"": ""relationship"", ""index"": 1, ""distance"": 0, ""direction"": ""self""}]",n/a,Semantic,Dictionary,1.0,False,,Tulsa,"[{""tk"": ""Tulsa"", ""act"": 13.844260215759277}, {""tk"": ""entity"", ""act"": 0.0}, {""tk"": ""city"", ""act"": 0.0}, {""tk"": ""in"", ""act"": 0.0}, {""tk"": ""Oklahoma"", ""act"": 0.0}, {""tk"": ""USA"", ""act"": 0.0}, {""tk"": ""is"", ""act"": 0.0}, {""tk"": ""The"", ""act"": 0.0}, {""tk"": ""capital"", ""act"": 0.0}, {""tk"": ""of"", ""act"": 0.0}, {""tk"": ""state"", ""act"": 0.0}, {""tk"": ""United"", ""act"": 0.0}, {""tk"": ""attribute"", ""act"": 0.0}, {""tk"": ""seat"", ""act"": 0.0}, {""tk"": ""government"", ""act"": 0.0}, {""tk"": ""relationship"", ""act"": 0.0}, {""tk"": ""which"", ""act"": 0.0}, {""tk"": ""containing"", ""act"": 0.0}]"
0_15430,0,15430,relationship: the state in which a city is located is the state containing,relationship,1,0.0,0.0,semantic,"[{""token"": ""relationship"", ""index"": 1, ""distance"": 0, ""direction"": ""self""}]",n/a,Semantic,Dictionary,1.0,False,,capital,"[{""tk"": ""capital"", ""act"": 8.16793155670166}, {""tk"": ""entity"", ""act"": 0.0}, {""tk"": ""city"", ""act"": 0.0}, {""tk"": ""in"", ""act"": 0.0}, {""tk"": ""Oklahoma"", ""act"": 0.0}, {""tk"": ""USA"", ""act"": 0.0}, {""tk"": ""is"", ""act"": 0.0}, {""tk"": ""Tulsa"", ""act"": 0.0}, {""tk"": ""The"", ""act"": 0.0}, {""tk"": ""of"", ""act"": 0.0}, {""tk"": ""state"", ""act"": 0.0}, {""tk"": ""United"", ""act"": 0.0}, {""tk"": ""attribute"", ""act"": 0.0}, {""tk"": ""seat"", ""act"": 0.0}, {""tk"": ""government"", ""act"": 0.0}, {""tk"": ""relationship"", ""act"": 0.0}, {""tk"": ""which"", ""act"": 0.0}, {""tk"": ""containing"", ""act"": 0.0}]"
0_15636,0,15636,relationship: the state in which a city is located is the state containing,relationship,1,0.0,0.0,semantic,"[{""token"": ""relationship"", ""index"": 1, ""distance"": 0, ""direction"": ""self""}]",n/a,Semantic,Dictionary (fallback),0.9,False,,of,"[{""tk"": ""of"", ""act"": 6.796746253967285}, {""tk"": ""entity"", ""act"": 0.0}, {""tk"": ""city"", ""act"": 0.0}, {""tk"": ""in"", ""act"": 0.0}, {""tk"": ""Oklahoma"", ""act"": 0.0}, {""tk"": ""USA"", ""act"": 0.0}, {""tk"": ""is"", ""act"": 0.0}, {""tk"": ""Tulsa"", ""act"": 0.0}, {""tk"": ""The"", ""act"": 0.0}, {""tk"": ""capital"", ""act"": 0.0}, {""tk"": ""state"", ""act"": 0.0}, {""tk"": ""United"", ""act"": 0.0}, {""tk"": ""attribute"", ""act"": 0.0}, {""tk"": ""seat"", ""act"": 0.0}, {""tk"": ""government"", ""act"": 0.0}, {""tk"": ""relationship"", ""act"": 0.0}, {""tk"": ""which"", ""act"": 0.0}, {""tk"": ""containing"", ""act"": 0.0}]"
0_17405,0,17405,relationship: the state in which a city is located is the state containing,relationship,1,0.0,0.0,semantic,"[{""token"": ""relationship"", ""index"": 1, ""distance"": 0, ""direction"": ""self""}]",n/a,Semantic,Dictionary,1.0,False,,Tulsa,"[{""tk"": ""Tulsa"", ""act"": 5.863439559936523}, {""tk"": ""entity"", ""act"": 0.0}, {""tk"": ""city"", ""act"": 0.0}, {""tk"": ""in"", ""act"": 0.0}, {""tk"": ""Oklahoma"", ""act"": 0.0}, {""tk"": ""USA"", ""act"": 0.0}, {""tk"": ""is"", ""act"": 0.0}, {""tk"": ""The"", ""act"": 0.0}, {""tk"": ""capital"", ""act"": 0.0}, {""tk"": ""of"", ""act"": 0.0}, {""tk"": ""state"", ""act"": 0.0}, {""tk"": ""United"", ""act"": 0.0}, {""tk"": ""attribute"", ""act"": 0.0}, {""tk"": ""seat"", ""act"": 0.0}, {""tk"": ""government"", ""act"": 0.0}, {""tk"": ""relationship"", ""act"": 0.0}, {""tk"": ""which"", ""act"": 0.0}, {""tk"": ""containing"", ""act"": 0.0}]"
0_17761,0,17761,relationship: the state in which a city is located is the state containing,relationship,1,0.0,0.0,semantic,"[{""token"": ""relationship"", ""index"": 1, ""distance"": 0, ""direction"": ""self""}]",n/a,Semantic,Dictionary,1.0,False,,Tulsa,"[{""tk"": ""Tulsa"", ""act"": 15.078821182250977}, {""tk"": ""entity"", ""act"": 0.0}, {""tk"": ""city"", ""act"": 0.0}, {""tk"": ""in"", ""act"": 0.0}, {""tk"": ""Oklahoma"", ""act"": 0.0}, {""tk"": ""USA"", ""act"": 0.0}, {""tk"": ""is"", ""act"": 0.0}, {""tk"": ""The"", ""act"": 0.0}, {""tk"": ""capital"", ""act"": 0.0}, {""tk"": ""of"", ""act"": 0.0}, {""tk"": ""state"", ""act"": 0.0}, {""tk"": ""United"", ""act"": 0.0}, {""tk"": ""attribute"", ""act"": 0.0}, {""tk"": ""seat"", ""act"": 0.0}, {""tk"": ""government"", ""act"": 0.0}, {""tk"": ""relationship"", ""act"": 0.0}, {""tk"": ""which"", ""act"": 0.0}, {""tk"": ""containing"", ""act"": 0.0}]"
0_23293,0,23293,relationship: the state in which a city is located is the state containing,relationship,1,0.0,0.0,semantic,"[{""token"": ""relationship"", ""index"": 1, ""distance"": 0, ""direction"": ""self""}]",n/a,Semantic,Dictionary,1.0,False,,capital,"[{""tk"": ""capital"", ""act"": 12.355522155761719}, {""tk"": ""entity"", ""act"": 0.0}, {""tk"": ""city"", ""act"": 0.0}, {""tk"": ""in"", ""act"": 0.0}, {""tk"": ""Oklahoma"", ""act"": 0.0}, {""tk"": ""USA"", ""act"": 0.0}, {""tk"": ""is"", ""act"": 0.0}, {""tk"": ""Tulsa"", ""act"": 0.0}, {""tk"": ""The"", ""act"": 0.0}, {""tk"": ""of"", ""act"": 0.0}, {""tk"": ""state"", ""act"": 0.0}, {""tk"": ""United"", ""act"": 0.0}, {""tk"": ""attribute"", ""act"": 0.0}, {""tk"": ""seat"", ""act"": 0.0}, {""tk"": ""government"", ""act"": 0.0}, {""tk"": ""relationship"", ""act"": 0.0}, {""tk"": ""which"", ""act"": 0.0}, {""tk"": ""containing"", ""act"": 0.0}]"
0_23477,0,23477,relationship: the state in which a city is located is the state containing,relationship,1,0.0,0.0,semantic,"[{""token"": ""relationship"", ""index"": 1, ""distance"": 0, ""direction"": ""self""}]",n/a,Relationship,,1.0,False,,(entity) related,"[{""tk"": ""entity"", ""act"": 0.0}, {""tk"": ""city"", ""act"": 0.0}, {""tk"": ""in"", ""act"": 0.0}, {""tk"": ""Oklahoma"", ""act"": 0.0}, {""tk"": ""USA"", ""act"": 0.0}, {""tk"": ""is"", ""act"": 0.0}, {""tk"": ""Tulsa"", ""act"": 0.0}, {""tk"": ""The"", ""act"": 0.0}, {""tk"": ""capital"", ""act"": 0.0}, {""tk"": ""of"", ""act"": 0.0}, {""tk"": ""state"", ""act"": 0.0}, {""tk"": ""United"", ""act"": 0.0}, {""tk"": ""attribute"", ""act"": 0.0}, {""tk"": ""seat"", ""act"": 0.0}, {""tk"": ""government"", ""act"": 0.0}, {""tk"": ""relationship"", ""act"": 0.0}, {""tk"": ""which"", ""act"": 0.0}, {""tk"": ""containing"", ""act"": 0.0}]"
0_31953,0,31953,relationship: the state in which a city is located is the state containing,relationship,1,0.0,0.0,semantic,"[{""token"": ""relationship"", ""index"": 1, ""distance"": 0, ""direction"": ""self""}]",n/a,Semantic,Dictionary,1.0,False,,capital,"[{""tk"": ""capital"", ""act"": 5.960221767425537}, {""tk"": ""entity"", ""act"": 0.0}, {""tk"": ""city"", ""act"": 0.0}, {""tk"": ""in"", ""act"": 0.0}, {""tk"": ""Oklahoma"", ""act"": 0.0}, {""tk"": ""USA"", ""act"": 0.0}, {""tk"": ""is"", ""act"": 0.0}, {""tk"": ""Tulsa"", ""act"": 0.0}, {""tk"": ""The"", ""act"": 0.0}, {""tk"": ""of"", ""act"": 0.0}, {""tk"": ""state"", ""act"": 0.0}, {""tk"": ""United"", ""act"": 0.0}, {""tk"": ""attribute"", ""act"": 0.0}, {""tk"": ""seat"", ""act"": 0.0}, {""tk"": ""government"", ""act"": 0.0}, {""tk"": ""relationship"", ""act"": 0.0}, {""tk"": ""which"", ""act"": 0.0}, {""tk"": ""containing"", ""act"": 0.0}]"
0_32742,0,32742,relationship: the state in which a city is located is the state containing,relationship,1,0.0,0.0,semantic,"[{""token"": ""relationship"", ""index"": 1, ""distance"": 0, ""direction"": ""self""}]",n/a,Semantic,Dictionary (fallback),0.9,False,,Oklahoma,"[{""tk"": ""Oklahoma"", ""act"": 57.54841995239258}, {""tk"": ""Tulsa"", ""act"": 39.27741622924805}, {""tk"": ""entity"", ""act"": 0.0}, {""tk"": ""city"", ""act"": 0.0}, {""tk"": ""in"", ""act"": 0.0}, {""tk"": ""USA"", ""act"": 0.0}, {""tk"": ""is"", ""act"": 0.0}, {""tk"": ""The"", ""act"": 0.0}, {""tk"": ""capital"", ""act"": 0.0}, {""tk"": ""of"", ""act"": 0.0}, {""tk"": ""state"", ""act"": 0.0}, {""tk"": ""United"", ""act"": 0.0}, {""tk"": ""attribute"", ""act"": 0.0}, {""tk"": ""seat"", ""act"": 0.0}, {""tk"": ""government"", ""act"": 0.0}, {""tk"": ""relationship"", ""act"": 0.0}, {""tk"": ""which"", ""act"": 0.0}, {""tk"": ""containing"", ""act"": 0.0}]"
0_35945,0,35945,relationship: the state in which a city is located is the state containing,relationship,1,0.0,0.0,semantic,"[{""token"": ""relationship"", ""index"": 1, ""distance"": 0, ""direction"": ""self""}]",n/a,Semantic,Dictionary (fallback),0.9,False,,The,"[{""tk"": ""The"", ""act"": 47.74628829956055}, {""tk"": ""entity"", ""act"": 0.0}, {""tk"": ""city"", ""act"": 0.0}, {""tk"": ""in"", ""act"": 0.0}, {""tk"": ""Oklahoma"", ""act"": 0.0}, {""tk"": ""USA"", ""act"": 0.0}, {""tk"": ""is"", ""act"": 0.0}, {""tk"": ""Tulsa"", ""act"": 0.0}, {""tk"": ""capital"", ""act"": 0.0}, {""tk"": ""of"", ""act"": 0.0}, {""tk"": ""state"", ""act"": 0.0}, {""tk"": ""United"", ""act"": 0.0}, {""tk"": ""attribute"", ""act"": 0.0}, {""tk"": ""seat"", ""act"": 0.0}, {""tk"": ""government"", ""act"": 0.0}, {""tk"": ""relationship"", ""act"": 0.0}, {""tk"": ""which"", ""act"": 0.0}, {""tk"": ""containing"", ""act"": 0.0}]"
0_37416,0,37416,relationship: the state in which a city is located is the state containing,relationship,1,0.0,0.0,semantic,"[{""token"": ""relationship"", ""index"": 1, ""distance"": 0, ""direction"": ""self""}]",n/a,Semantic,Dictionary,1.0,False,,capital,"[{""tk"": ""capital"", ""act"": 12.284197807312012}, {""tk"": ""entity"", ""act"": 0.0}, {""tk"": ""city"", ""act"": 0.0}, {""tk"": ""in"", ""act"": 0.0}, {""tk"": ""Oklahoma"", ""act"": 0.0}, {""tk"": ""USA"", ""act"": 0.0}, {""tk"": ""is"", ""act"": 0.0}, {""tk"": ""Tulsa"", ""act"": 0.0}, {""tk"": ""The"", ""act"": 0.0}, {""tk"": ""of"", ""act"": 0.0}, {""tk"": ""state"", ""act"": 0.0}, {""tk"": ""United"", ""act"": 0.0}, {""tk"": ""attribute"", ""act"": 0.0}, {""tk"": ""seat"", ""act"": 0.0}, {""tk"": ""government"", ""act"": 0.0}, {""tk"": ""relationship"", ""act"": 0.0}, {""tk"": ""which"", ""act"": 0.0}, {""tk"": ""containing"", ""act"": 0.0}]"
0_39328,0,39328,relationship: the state in which a city is located is the state containing,relationship,1,0.0,0.0,semantic,"[{""token"": ""relationship"", ""index"": 1, ""distance"": 0, ""direction"": ""self""}]",n/a,Semantic,Dictionary,1.0,False,,Tulsa,"[{""tk"": ""Tulsa"", ""act"": 5.716144561767578}, {""tk"": ""entity"", ""act"": 0.0}, {""tk"": ""city"", ""act"": 0.0}, {""tk"": ""in"", ""act"": 0.0}, {""tk"": ""Oklahoma"", ""act"": 0.0}, {""tk"": ""USA"", ""act"": 0.0}, {""tk"": ""is"", ""act"": 0.0}, {""tk"": ""The"", ""act"": 0.0}, {""tk"": ""capital"", ""act"": 0.0}, {""tk"": ""of"", ""act"": 0.0}, {""tk"": ""state"", ""act"": 0.0}, {""tk"": ""United"", ""act"": 0.0}, {""tk"": ""attribute"", ""act"": 0.0}, {""tk"": ""seat"", ""act"": 0.0}, {""tk"": ""government"", ""act"": 0.0}, {""tk"": ""relationship"", ""act"": 0.0}, {""tk"": ""which"", ""act"": 0.0}, {""tk"": ""containing"", ""act"": 0.0}]"
0_40936,0,40936,relationship: the state in which a city is located is the state containing,relationship,1,0.0,0.0,semantic,"[{""token"": ""relationship"", ""index"": 1, ""distance"": 0, ""direction"": ""self""}]",n/a,Semantic,Dictionary,1.0,False,,of,"[{""tk"": ""of"", ""act"": 80.84564208984375}, {""tk"": ""entity"", ""act"": 0.0}, {""tk"": ""city"", ""act"": 0.0}, {""tk"": ""in"", ""act"": 0.0}, {""tk"": ""Oklahoma"", ""act"": 0.0}, {""tk"": ""USA"", ""act"": 0.0}, {""tk"": ""is"", ""act"": 0.0}, {""tk"": ""Tulsa"", ""act"": 0.0}, {""tk"": ""The"", ""act"": 0.0}, {""tk"": ""capital"", ""act"": 0.0}, {""tk"": ""state"", ""act"": 0.0}, {""tk"": ""United"", ""act"": 0.0}, {""tk"": ""attribute"", ""act"": 0.0}, {""tk"": ""seat"", ""act"": 0.0}, {""tk"": ""government"", ""act"": 0.0}, {""tk"": ""relationship"", ""act"": 0.0}, {""tk"": ""which"", ""act"": 0.0}, {""tk"": ""containing"", ""act"": 0.0}]"
0_41589,0,41589,relationship: the state in which a city is located is the state containing,relationship,1,0.0,0.0,semantic,"[{""token"": ""relationship"", ""index"": 1, ""distance"": 0, ""direction"": ""self""}]",n/a,Semantic,Dictionary,1.0,False,,capital,"[{""tk"": ""capital"", ""act"": 7.369453430175781}, {""tk"": ""entity"", ""act"": 0.0}, {""tk"": ""city"", ""act"": 0.0}, {""tk"": ""in"", ""act"": 0.0}, {""tk"": ""Oklahoma"", ""act"": 0.0}, {""tk"": ""USA"", ""act"": 0.0}, {""tk"": ""is"", ""act"": 0.0}, {""tk"": ""Tulsa"", ""act"": 0.0}, {""tk"": ""The"", ""act"": 0.0}, {""tk"": ""of"", ""act"": 0.0}, {""tk"": ""state"", ""act"": 0.0}, {""tk"": ""United"", ""act"": 0.0}, {""tk"": ""attribute"", ""act"": 0.0}, {""tk"": ""seat"", ""act"": 0.0}, {""tk"": ""government"", ""act"": 0.0}, {""tk"": ""relationship"", ""act"": 0.0}, {""tk"": ""which"", ""act"": 0.0}, {""tk"": ""containing"", ""act"": 0.0}]"
0_43624,0,43624,relationship: the state in which a city is located is the state containing,relationship,1,0.0,0.0,semantic,"[{""token"": ""relationship"", ""index"": 1, ""distance"": 0, ""direction"": ""self""}]",n/a,Semantic,Dictionary,1.0,False,,capital,"[{""tk"": ""capital"", ""act"": 10.143529891967773}, {""tk"": ""entity"", ""act"": 0.0}, {""tk"": ""city"", ""act"": 0.0}, {""tk"": ""in"", ""act"": 0.0}, {""tk"": ""Oklahoma"", ""act"": 0.0}, {""tk"": ""USA"", ""act"": 0.0}, {""tk"": ""is"", ""act"": 0.0}, {""tk"": ""Tulsa"", ""act"": 0.0}, {""tk"": ""The"", ""act"": 0.0}, {""tk"": ""of"", ""act"": 0.0}, {""tk"": ""state"", ""act"": 0.0}, {""tk"": ""United"", ""act"": 0.0}, {""tk"": ""attribute"", ""act"": 0.0}, {""tk"": ""seat"", ""act"": 0.0}, {""tk"": ""government"", ""act"": 0.0}, {""tk"": ""relationship"", ""act"": 0.0}, {""tk"": ""which"", ""act"": 0.0}, {""tk"": ""containing"", ""act"": 0.0}]"
0_44489,0,44489,relationship: the state in which a city is located is the state containing,relationship,1,0.0,0.0,semantic,"[{""token"": ""relationship"", ""index"": 1, ""distance"": 0, ""direction"": ""self""}]",n/a,Relationship,,1.0,False,,(entity) related,"[{""tk"": ""entity"", ""act"": 0.0}, {""tk"": ""city"", ""act"": 0.0}, {""tk"": ""in"", ""act"": 0.0}, {""tk"": ""Oklahoma"", ""act"": 0.0}, {""tk"": ""USA"", ""act"": 0.0}, {""tk"": ""is"", ""act"": 0.0}, {""tk"": ""Tulsa"", ""act"": 0.0}, {""tk"": ""The"", ""act"": 0.0}, {""tk"": ""capital"", ""act"": 0.0}, {""tk"": ""of"", ""act"": 0.0}, {""tk"": ""state"", ""act"": 0.0}, {""tk"": ""United"", ""act"": 0.0}, {""tk"": ""attribute"", ""act"": 0.0}, {""tk"": ""seat"", ""act"": 0.0}, {""tk"": ""government"", ""act"": 0.0}, {""tk"": ""relationship"", ""act"": 0.0}, {""tk"": ""which"", ""act"": 0.0}, {""tk"": ""containing"", ""act"": 0.0}]"
0_49298,0,49298,relationship: the state in which a city is located is the state containing,relationship,1,0.0,0.0,semantic,"[{""token"": ""relationship"", ""index"": 1, ""distance"": 0, ""direction"": ""self""}]",n/a,Semantic,Dictionary,1.0,False,,Tulsa,"[{""tk"": ""Tulsa"", ""act"": 9.717588424682617}, {""tk"": ""entity"", ""act"": 0.0}, {""tk"": ""city"", ""act"": 0.0}, {""tk"": ""in"", ""act"": 0.0}, {""tk"": ""Oklahoma"", ""act"": 0.0}, {""tk"": ""USA"", ""act"": 0.0}, {""tk"": ""is"", ""act"": 0.0}, {""tk"": ""The"", ""act"": 0.0}, {""tk"": ""capital"", ""act"": 0.0}, {""tk"": ""of"", ""act"": 0.0}, {""tk"": ""state"", ""act"": 0.0}, {""tk"": ""United"", ""act"": 0.0}, {""tk"": ""attribute"", ""act"": 0.0}, {""tk"": ""seat"", ""act"": 0.0}, {""tk"": ""government"", ""act"": 0.0}, {""tk"": ""relationship"", ""act"": 0.0}, {""tk"": ""which"", ""act"": 0.0}, {""tk"": ""containing"", ""act"": 0.0}]"
0_50774,0,50774,relationship: the state in which a city is located is the state containing,relationship,1,0.0,0.0,semantic,"[{""token"": ""relationship"", ""index"": 1, ""distance"": 0, ""direction"": ""self""}]",n/a,Semantic,Dictionary,1.0,False,,capital,"[{""tk"": ""capital"", ""act"": 14.198838233947754}, {""tk"": ""entity"", ""act"": 0.0}, {""tk"": ""city"", ""act"": 0.0}, {""tk"": ""in"", ""act"": 0.0}, {""tk"": ""Oklahoma"", ""act"": 0.0}, {""tk"": ""USA"", ""act"": 0.0}, {""tk"": ""is"", ""act"": 0.0}, {""tk"": ""Tulsa"", ""act"": 0.0}, {""tk"": ""The"", ""act"": 0.0}, {""tk"": ""of"", ""act"": 0.0}, {""tk"": ""state"", ""act"": 0.0}, {""tk"": ""United"", ""act"": 0.0}, {""tk"": ""attribute"", ""act"": 0.0}, {""tk"": ""seat"", ""act"": 0.0}, {""tk"": ""government"", ""act"": 0.0}, {""tk"": ""relationship"", ""act"": 0.0}, {""tk"": ""which"", ""act"": 0.0}, {""tk"": ""containing"", ""act"": 0.0}]"
0_53491,0,53491,relationship: the state in which a city is located is the state containing,relationship,1,0.0,0.0,semantic,"[{""token"": ""relationship"", ""index"": 1, ""distance"": 0, ""direction"": ""self""}]",n/a,Semantic,Dictionary,1.0,False,,capital,"[{""tk"": ""capital"", ""act"": 16.344919204711914}, {""tk"": ""entity"", ""act"": 0.0}, {""tk"": ""city"", ""act"": 0.0}, {""tk"": ""in"", ""act"": 0.0}, {""tk"": ""Oklahoma"", ""act"": 0.0}, {""tk"": ""USA"", ""act"": 0.0}, {""tk"": ""is"", ""act"": 0.0}, {""tk"": ""Tulsa"", ""act"": 0.0}, {""tk"": ""The"", ""act"": 0.0}, {""tk"": ""of"", ""act"": 0.0}, {""tk"": ""state"", ""act"": 0.0}, {""tk"": ""United"", ""act"": 0.0}, {""tk"": ""attribute"", ""act"": 0.0}, {""tk"": ""seat"", ""act"": 0.0}, {""tk"": ""government"", ""act"": 0.0}, {""tk"": ""relationship"", ""act"": 0.0}, {""tk"": ""which"", ""act"": 0.0}, {""tk"": ""containing"", ""act"": 0.0}]"
0_53531,0,53531,relationship: the state in which a city is located is the state containing,relationship,1,0.0,0.0,semantic,"[{""token"": ""relationship"", ""index"": 1, ""distance"": 0, ""direction"": ""self""}]",n/a,Semantic,Dictionary,1.0,False,,capital,"[{""tk"": ""capital"", ""act"": 8.328258514404297}, {""tk"": ""entity"", ""act"": 0.0}, {""tk"": ""city"", ""act"": 0.0}, {""tk"": ""in"", ""act"": 0.0}, {""tk"": ""Oklahoma"", ""act"": 0.0}, {""tk"": ""USA"", ""act"": 0.0}, {""tk"": ""is"", ""act"": 0.0}, {""tk"": ""Tulsa"", ""act"": 0.0}, {""tk"": ""The"", ""act"": 0.0}, {""tk"": ""of"", ""act"": 0.0}, {""tk"": ""state"", ""act"": 0.0}, {""tk"": ""United"", ""act"": 0.0}, {""tk"": ""attribute"", ""act"": 0.0}, {""tk"": ""seat"", ""act"": 0.0}, {""tk"": ""government"", ""act"": 0.0}, {""tk"": ""relationship"", ""act"": 0.0}, {""tk"": ""which"", ""act"": 0.0}, {""tk"": ""containing"", ""act"": 0.0}]"
0_54198,0,54198,relationship: the state in which a city is located is the state containing,relationship,1,0.0,0.0,semantic,"[{""token"": ""relationship"", ""index"": 1, ""distance"": 0, ""direction"": ""self""}]",n/a,Semantic,Dictionary (fallback),0.9,False,,The,"[{""tk"": ""The"", ""act"": 58.88051223754883}, {""tk"": ""entity"", ""act"": 0.0}, {""tk"": ""city"", ""act"": 0.0}, {""tk"": ""in"", ""act"": 0.0}, {""tk"": ""Oklahoma"", ""act"": 0.0}, {""tk"": ""USA"", ""act"": 0.0}, {""tk"": ""is"", ""act"": 0.0}, {""tk"": ""Tulsa"", ""act"": 0.0}, {""tk"": ""capital"", ""act"": 0.0}, {""tk"": ""of"", ""act"": 0.0}, {""tk"": ""state"", ""act"": 0.0}, {""tk"": ""United"", ""act"": 0.0}, {""tk"": ""attribute"", ""act"": 0.0}, {""tk"": ""seat"", ""act"": 0.0}, {""tk"": ""government"", ""act"": 0.0}, {""tk"": ""relationship"", ""act"": 0.0}, {""tk"": ""which"", ""act"": 0.0}, {""tk"": ""containing"", ""act"": 0.0}]"
0_54572,0,54572,relationship: the state in which a city is located is the state containing,relationship,1,0.0,0.0,semantic,"[{""token"": ""relationship"", ""index"": 1, ""distance"": 0, ""direction"": ""self""}]",n/a,Semantic,Dictionary (fallback),0.9,False,,The,"[{""tk"": ""The"", ""act"": 30.514068603515625}, {""tk"": ""entity"", ""act"": 0.0}, {""tk"": ""city"", ""act"": 0.0}, {""tk"": ""in"", ""act"": 0.0}, {""tk"": ""Oklahoma"", ""act"": 0.0}, {""tk"": ""USA"", ""act"": 0.0}, {""tk"": ""is"", ""act"": 0.0}, {""tk"": ""Tulsa"", ""act"": 0.0}, {""tk"": ""capital"", ""act"": 0.0}, {""tk"": ""of"", ""act"": 0.0}, {""tk"": ""state"", ""act"": 0.0}, {""tk"": ""United"", ""act"": 0.0}, {""tk"": ""attribute"", ""act"": 0.0}, {""tk"": ""seat"", ""act"": 0.0}, {""tk"": ""government"", ""act"": 0.0}, {""tk"": ""relationship"", ""act"": 0.0}, {""tk"": ""which"", ""act"": 0.0}, {""tk"": ""containing"", ""act"": 0.0}]"
0_55815,0,55815,relationship: the state in which a city is located is the state containing,relationship,1,0.0,0.0,semantic,"[{""token"": ""relationship"", ""index"": 1, ""distance"": 0, ""direction"": ""self""}]",n/a,Semantic,Dictionary,1.0,False,,capital,"[{""tk"": ""capital"", ""act"": 57.7287712097168}, {""tk"": ""entity"", ""act"": 0.0}, {""tk"": ""city"", ""act"": 0.0}, {""tk"": ""in"", ""act"": 0.0}, {""tk"": ""Oklahoma"", ""act"": 0.0}, {""tk"": ""USA"", ""act"": 0.0}, {""tk"": ""is"", ""act"": 0.0}, {""tk"": ""Tulsa"", ""act"": 0.0}, {""tk"": ""The"", ""act"": 0.0}, {""tk"": ""of"", ""act"": 0.0}, {""tk"": ""state"", ""act"": 0.0}, {""tk"": ""United"", ""act"": 0.0}, {""tk"": ""attribute"", ""act"": 0.0}, {""tk"": ""seat"", ""act"": 0.0}, {""tk"": ""government"", ""act"": 0.0}, {""tk"": ""relationship"", ""act"": 0.0}, {""tk"": ""which"", ""act"": 0.0}, {""tk"": ""containing"", ""act"": 0.0}]"
0_56812,0,56812,relationship: the state in which a city is located is the state containing,relationship,1,0.0,0.0,semantic,"[{""token"": ""relationship"", ""index"": 1, ""distance"": 0, ""direction"": ""self""}]",n/a,Semantic,Dictionary,1.0,False,,Tulsa,"[{""tk"": ""Tulsa"", ""act"": 13.3536376953125}, {""tk"": ""entity"", ""act"": 0.0}, {""tk"": ""city"", ""act"": 0.0}, {""tk"": ""in"", ""act"": 0.0}, {""tk"": ""Oklahoma"", ""act"": 0.0}, {""tk"": ""USA"", ""act"": 0.0}, {""tk"": ""is"", ""act"": 0.0}, {""tk"": ""The"", ""act"": 0.0}, {""tk"": ""capital"", ""act"": 0.0}, {""tk"": ""of"", ""act"": 0.0}, {""tk"": ""state"", ""act"": 0.0}, {""tk"": ""United"", ""act"": 0.0}, {""tk"": ""attribute"", ""act"": 0.0}, {""tk"": ""seat"", ""act"": 0.0}, {""tk"": ""government"", ""act"": 0.0}, {""tk"": ""relationship"", ""act"": 0.0}, {""tk"": ""which"", ""act"": 0.0}, {""tk"": ""containing"", ""act"": 0.0}]"
0_62872,0,62872,relationship: the state in which a city is located is the state containing,relationship,1,0.0,0.0,semantic,"[{""token"": ""relationship"", ""index"": 1, ""distance"": 0, ""direction"": ""self""}]",n/a,Relationship,,1.0,False,,(entity) related,"[{""tk"": ""entity"", ""act"": 0.0}, {""tk"": ""city"", ""act"": 0.0}, {""tk"": ""in"", ""act"": 0.0}, {""tk"": ""Oklahoma"", ""act"": 0.0}, {""tk"": ""USA"", ""act"": 0.0}, {""tk"": ""is"", ""act"": 0.0}, {""tk"": ""Tulsa"", ""act"": 0.0}, {""tk"": ""The"", ""act"": 0.0}, {""tk"": ""capital"", ""act"": 0.0}, {""tk"": ""of"", ""act"": 0.0}, {""tk"": ""state"", ""act"": 0.0}, {""tk"": ""United"", ""act"": 0.0}, {""tk"": ""attribute"", ""act"": 0.0}, {""tk"": ""seat"", ""act"": 0.0}, {""tk"": ""government"", ""act"": 0.0}, {""tk"": ""relationship"", ""act"": 0.0}, {""tk"": ""which"", ""act"": 0.0}, {""tk"": ""containing"", ""act"": 0.0}]"
0_63548,0,63548,relationship: the state in which a city is located is the state containing,relationship,1,0.0,0.0,semantic,"[{""token"": ""relationship"", ""index"": 1, ""distance"": 0, ""direction"": ""self""}]",n/a,Semantic,Dictionary,1.0,False,,capital,"[{""tk"": ""capital"", ""act"": 9.130105972290039}, {""tk"": ""entity"", ""act"": 0.0}, {""tk"": ""city"", ""act"": 0.0}, {""tk"": ""in"", ""act"": 0.0}, {""tk"": ""Oklahoma"", ""act"": 0.0}, {""tk"": ""USA"", ""act"": 0.0}, {""tk"": ""is"", ""act"": 0.0}, {""tk"": ""Tulsa"", ""act"": 0.0}, {""tk"": ""The"", ""act"": 0.0}, {""tk"": ""of"", ""act"": 0.0}, {""tk"": ""state"", ""act"": 0.0}, {""tk"": ""United"", ""act"": 0.0}, {""tk"": ""attribute"", ""act"": 0.0}, {""tk"": ""seat"", ""act"": 0.0}, {""tk"": ""government"", ""act"": 0.0}, {""tk"": ""relationship"", ""act"": 0.0}, {""tk"": ""which"", ""act"": 0.0}, {""tk"": ""containing"", ""act"": 0.0}]"
0_73557,0,73557,relationship: the state in which a city is located is the state containing,relationship,1,0.0,0.0,semantic,"[{""token"": ""relationship"", ""index"": 1, ""distance"": 0, ""direction"": ""self""}]",n/a,Semantic,Dictionary (fallback),0.9,False,,Oklahoma,"[{""tk"": ""Oklahoma"", ""act"": 6.943502902984619}, {""tk"": ""Tulsa"", ""act"": 6.70407247543335}, {""tk"": ""entity"", ""act"": 0.0}, {""tk"": ""city"", ""act"": 0.0}, {""tk"": ""in"", ""act"": 0.0}, {""tk"": ""USA"", ""act"": 0.0}, {""tk"": ""is"", ""act"": 0.0}, {""tk"": ""The"", ""act"": 0.0}, {""tk"": ""capital"", ""act"": 0.0}, {""tk"": ""of"", ""act"": 0.0}, {""tk"": ""state"", ""act"": 0.0}, {""tk"": ""United"", ""act"": 0.0}, {""tk"": ""attribute"", ""act"": 0.0}, {""tk"": ""seat"", ""act"": 0.0}, {""tk"": ""government"", ""act"": 0.0}, {""tk"": ""relationship"", ""act"": 0.0}, {""tk"": ""which"", ""act"": 0.0}, {""tk"": ""containing"", ""act"": 0.0}]"
0_87610,0,87610,relationship: the state in which a city is located is the state containing,relationship,1,0.0,0.0,semantic,"[{""token"": ""relationship"", ""index"": 1, ""distance"": 0, ""direction"": ""self""}]",n/a,Semantic,Dictionary (fallback),0.9,False,,Tulsa,"[{""tk"": ""Tulsa"", ""act"": 14.490642547607422}, {""tk"": ""Oklahoma"", ""act"": 8.371271133422852}, {""tk"": ""entity"", ""act"": 0.0}, {""tk"": ""city"", ""act"": 0.0}, {""tk"": ""in"", ""act"": 0.0}, {""tk"": ""USA"", ""act"": 0.0}, {""tk"": ""is"", ""act"": 0.0}, {""tk"": ""The"", ""act"": 0.0}, {""tk"": ""capital"", ""act"": 0.0}, {""tk"": ""of"", ""act"": 0.0}, {""tk"": ""state"", ""act"": 0.0}, {""tk"": ""United"", ""act"": 0.0}, {""tk"": ""attribute"", ""act"": 0.0}, {""tk"": ""seat"", ""act"": 0.0}, {""tk"": ""government"", ""act"": 0.0}, {""tk"": ""relationship"", ""act"": 0.0}, {""tk"": ""which"", ""act"": 0.0}, {""tk"": ""containing"", ""act"": 0.0}]"
0_94884,0,94884,relationship: the state in which a city is located is the state containing,relationship,1,0.0,0.0,semantic,"[{""token"": ""relationship"", ""index"": 1, ""distance"": 0, ""direction"": ""self""}]",n/a,Semantic,Dictionary,1.0,False,,Tulsa,"[{""tk"": ""Tulsa"", ""act"": 10.35931396484375}, {""tk"": ""entity"", ""act"": 0.0}, {""tk"": ""city"", ""act"": 0.0}, {""tk"": ""in"", ""act"": 0.0}, {""tk"": ""Oklahoma"", ""act"": 0.0}, {""tk"": ""USA"", ""act"": 0.0}, {""tk"": ""is"", ""act"": 0.0}, {""tk"": ""The"", ""act"": 0.0}, {""tk"": ""capital"", ""act"": 0.0}, {""tk"": ""of"", ""act"": 0.0}, {""tk"": ""state"", ""act"": 0.0}, {""tk"": ""United"", ""act"": 0.0}, {""tk"": ""attribute"", ""act"": 0.0}, {""tk"": ""seat"", ""act"": 0.0}, {""tk"": ""government"", ""act"": 0.0}, {""tk"": ""relationship"", ""act"": 0.0}, {""tk"": ""which"", ""act"": 0.0}, {""tk"": ""containing"", ""act"": 0.0}]"
1_12928,1,12928,relationship: the state in which a city is located is the state containing,relationship,1,115.05401611328124,0.2759859654733517,semantic,"[{""token"": ""relationship"", ""index"": 1, ""distance"": 0, ""direction"": ""self""}]",n/a,Relationship,,1.0,False,,(attribute) related,"[{""tk"": ""attribute"", ""act"": 116.61937713623047}, {""tk"": ""relationship"", ""act"": 115.05401611328125}, {""tk"": ""Oklahoma"", ""act"": 113.96753692626953}, {""tk"": ""entity"", ""act"": 105.53134155273438}, {""tk"": ""United"", ""act"": 103.95380401611328}, {""tk"": ""city"", ""act"": 102.33412170410156}, {""tk"": ""state"", ""act"": 91.09199523925781}, {""tk"": ""Tulsa"", ""act"": 89.87969970703125}, {""tk"": ""is"", ""act"": 87.51624298095703}, {""tk"": ""government"", ""act"": 86.91158294677734}, {""tk"": ""the"", ""act"": 86.17095947265625}, {""tk"": ""which"", ""act"": 82.6561279296875}, {""tk"": ""capital"", ""act"": 74.68241882324219}, {""tk"": ""in"", ""act"": 73.71795654296875}, {""tk"": ""USA"", ""act"": 73.03155517578125}, {""tk"": ""seat"", ""act"": 70.52598571777344}, {""tk"": ""of"", ""act"": 68.17405700683594}, {""tk"": ""containing"", ""act"": 62.237648010253906}]"
1_57794,1,57794,relationship: the state in which a city is located is the state containing,relationship,1,121.0589599609375,0.3281453178872675,semantic,"[{""token"": ""relationship"", ""index"": 1, ""distance"": 0, ""direction"": ""self""}]",n/a,Relationship,,1.0,False,,(attribute) related,"[{""tk"": ""attribute"", ""act"": 125.1230239868164}, {""tk"": ""relationship"", ""act"": 121.0589599609375}, {""tk"": ""entity"", ""act"": 113.9979019165039}, {""tk"": ""Oklahoma"", ""act"": 95.80353546142578}, {""tk"": ""The"", ""act"": 90.81844329833984}, {""tk"": ""United"", ""act"": 90.7586898803711}, {""tk"": ""Tulsa"", ""act"": 89.61299896240234}, {""tk"": ""state"", ""act"": 85.2448959350586}, {""tk"": ""is"", ""act"": 84.57393646240234}, {""tk"": ""seat"", ""act"": 83.95726776123047}, {""tk"": ""of"", ""act"": 81.49526977539062}, {""tk"": ""in"", ""act"": 80.10187530517578}, {""tk"": ""USA"", ""act"": 78.79046630859375}, {""tk"": ""which"", ""act"": 78.58411407470703}, {""tk"": ""city"", ""act"": 78.5748291015625}, {""tk"": ""government"", ""act"": 78.36383819580078}, {""tk"": ""capital"", ""act"": 77.23419952392578}, {""tk"": ""containing"", ""act"": 74.69670104980469}]"
1_52044,1,52044,relationship: the state in which a city is located is the state containing, containing,14,125.91358184814452,0.3210442041228478,semantic,"[{""token"": "" containing"", ""index"": 14, ""distance"": 0, ""direction"": ""self""}]",n/a,Relationship,,1.0,False,,(containing) related,"[{""tk"": ""containing"", ""act"": 125.91358184814453}, {""tk"": ""capital"", ""act"": 118.56844329833984}, {""tk"": ""city"", ""act"": 112.72059631347656}, {""tk"": ""state"", ""act"": 110.67672729492188}, {""tk"": ""USA"", ""act"": 106.47532653808594}, {""tk"": ""is"", ""act"": 100.27664184570312}, {""tk"": ""seat"", ""act"": 93.41542053222656}, {""tk"": ""government"", ""act"": 92.29335021972656}, {""tk"": ""which"", ""act"": 87.12095642089844}, {""tk"": ""United"", ""act"": 85.41799926757812}, {""tk"": ""The"", ""act"": 81.9691162109375}, {""tk"": ""Tulsa"", ""act"": 81.490478515625}, {""tk"": ""Oklahoma"", ""act"": 79.02906036376953}, {""tk"": ""in"", ""act"": 78.93173217773438}, {""tk"": ""of"", ""act"": 75.42842864990234}, {""tk"": ""entity"", ""act"": 61.78181838989258}, {""tk"": ""relationship"", ""act"": 56.93061447143555}, {""tk"": ""attribute"", ""act"": 43.5494384765625}]"
1_72774,1,72774,relationship: the state in which a city is located is the state containing, containing,14,97.6826171875,0.3205305438067436,semantic,"[{""token"": "" containing"", ""index"": 14, ""distance"": 0, ""direction"": ""self""}]",n/a,Relationship,,1.0,False,,(capital) related,"[{""tk"": ""capital"", ""act"": 102.21701049804688}, {""tk"": ""city"", ""act"": 98.39340209960938}, {""tk"": ""containing"", ""act"": 97.6826171875}, {""tk"": ""seat"", ""act"": 92.99653625488281}, {""tk"": ""state"", ""act"": 91.85028076171875}, {""tk"": ""is"", ""act"": 90.29220581054688}, {""tk"": ""government"", ""act"": 84.53697204589844}, {""tk"": ""USA"", ""act"": 84.1927490234375}, {""tk"": ""Oklahoma"", ""act"": 79.41793823242188}, {""tk"": ""the"", ""act"": 78.6541748046875}, {""tk"": ""of"", ""act"": 78.48052978515625}, {""tk"": ""which"", ""act"": 71.98298645019531}, {""tk"": ""in"", ""act"": 71.59417724609375}, {""tk"": ""United"", ""act"": 71.54949951171875}, {""tk"": ""Tulsa"", ""act"": 71.27827453613281}, {""tk"": ""entity"", ""act"": 41.08169174194336}, {""tk"": ""relationship"", ""act"": 40.78220748901367}, {""tk"": ""attribute"", ""act"": 23.17362403869629}]"
1_56907,1,56907,relationship: the state in which a city is located is the state containing, is,11,4.588417530059815,0.9285714285714284,functional,"[{""token"": "" state"", ""index"": 13, ""distance"": 2, ""direction"": ""forward""}]",json,Semantic,Dictionary (fallback),0.9,False,,is,"[{""tk"": ""is"", ""act"": 6.065802097320557}, {""tk"": ""entity"", ""act"": 0.0}, {""tk"": ""city"", ""act"": 0.0}, {""tk"": ""in"", ""act"": 0.0}, {""tk"": ""Oklahoma"", ""act"": 0.0}, {""tk"": ""USA"", ""act"": 0.0}, {""tk"": ""Tulsa"", ""act"": 0.0}, {""tk"": ""The"", ""act"": 0.0}, {""tk"": ""capital"", ""act"": 0.0}, {""tk"": ""of"", ""act"": 0.0}, {""tk"": ""state"", ""act"": 0.0}, {""tk"": ""United"", ""act"": 0.0}, {""tk"": ""attribute"", ""act"": 0.0}, {""tk"": ""seat"", ""act"": 0.0}, {""tk"": ""government"", ""act"": 0.0}, {""tk"": ""relationship"", ""act"": 0.0}, {""tk"": ""which"", ""act"": 0.0}, {""tk"": ""containing"", ""act"": 0.0}]"
1_74380,1,74380,relationship: the state in which a city is located is the state containing,relationship,1,0.0,0.0,semantic,"[{""token"": ""relationship"", ""index"": 1, ""distance"": 0, ""direction"": ""self""}]",n/a,Semantic,Dictionary,1.0,False,,capital,"[{""tk"": ""capital"", ""act"": 17.934070587158203}, {""tk"": ""entity"", ""act"": 0.0}, {""tk"": ""city"", ""act"": 0.0}, {""tk"": ""in"", ""act"": 0.0}, {""tk"": ""Oklahoma"", ""act"": 0.0}, {""tk"": ""USA"", ""act"": 0.0}, {""tk"": ""is"", ""act"": 0.0}, {""tk"": ""Tulsa"", ""act"": 0.0}, {""tk"": ""The"", ""act"": 0.0}, {""tk"": ""of"", ""act"": 0.0}, {""tk"": ""state"", ""act"": 0.0}, {""tk"": ""United"", ""act"": 0.0}, {""tk"": ""attribute"", ""act"": 0.0}, {""tk"": ""seat"", ""act"": 0.0}, {""tk"": ""government"", ""act"": 0.0}, {""tk"": ""relationship"", ""act"": 0.0}, {""tk"": ""which"", ""act"": 0.0}, {""tk"": ""containing"", ""act"": 0.0}]"
1_18568,1,18568,relationship: the state in which a city is located is the state containing, is,11,0.5946784019470215,0.9285714285714286,functional,"[{""token"": "" state"", ""index"": 13, ""distance"": 2, ""direction"": ""forward""}]",json,Semantic,Dictionary,0.8333333333333334,False,,is,"[{""tk"": ""is"", ""act"": 5.408833980560303}, {""tk"": ""entity"", ""act"": 0.0}, {""tk"": ""city"", ""act"": 0.0}, {""tk"": ""in"", ""act"": 0.0}, {""tk"": ""Oklahoma"", ""act"": 0.0}, {""tk"": ""USA"", ""act"": 0.0}, {""tk"": ""Tulsa"", ""act"": 0.0}, {""tk"": ""The"", ""act"": 0.0}, {""tk"": ""capital"", ""act"": 0.0}, {""tk"": ""of"", ""act"": 0.0}, {""tk"": ""state"", ""act"": 0.0}, {""tk"": ""United"", ""act"": 0.0}, {""tk"": ""attribute"", ""act"": 0.0}, {""tk"": ""seat"", ""act"": 0.0}, {""tk"": ""government"", ""act"": 0.0}, {""tk"": ""relationship"", ""act"": 0.0}, {""tk"": ""which"", ""act"": 0.0}, {""tk"": ""containing"", ""act"": 0.0}]"
1_9286,1,9286,relationship: the state in which a city is located is the state containing,relationship,1,0.0,0.0,semantic,"[{""token"": ""relationship"", ""index"": 1, ""distance"": 0, ""direction"": ""self""}]",n/a,Semantic,Dictionary,1.0,False,,Tulsa,"[{""tk"": ""Tulsa"", ""act"": 17.467994689941406}, {""tk"": ""entity"", ""act"": 0.0}, {""tk"": ""city"", ""act"": 0.0}, {""tk"": ""in"", ""act"": 0.0}, {""tk"": ""Oklahoma"", ""act"": 0.0}, {""tk"": ""USA"", ""act"": 0.0}, {""tk"": ""is"", ""act"": 0.0}, {""tk"": ""The"", ""act"": 0.0}, {""tk"": ""capital"", ""act"": 0.0}, {""tk"": ""of"", ""act"": 0.0}, {""tk"": ""state"", ""act"": 0.0}, {""tk"": ""United"", ""act"": 0.0}, {""tk"": ""attribute"", ""act"": 0.0}, {""tk"": ""seat"", ""act"": 0.0}, {""tk"": ""government"", ""act"": 0.0}, {""tk"": ""relationship"", ""act"": 0.0}, {""tk"": ""which"", ""act"": 0.0}, {""tk"": ""containing"", ""act"": 0.0}]"
1_20399,1,20399,relationship: the state in which a city is located is the state containing,relationship,1,0.0,0.0,semantic,"[{""token"": ""relationship"", ""index"": 1, ""distance"": 0, ""direction"": ""self""}]",n/a,Semantic,Dictionary,1.0,False,,Tulsa,"[{""tk"": ""Tulsa"", ""act"": 8.231454849243164}, {""tk"": ""entity"", ""act"": 0.0}, {""tk"": ""city"", ""act"": 0.0}, {""tk"": ""in"", ""act"": 0.0}, {""tk"": ""Oklahoma"", ""act"": 0.0}, {""tk"": ""USA"", ""act"": 0.0}, {""tk"": ""is"", ""act"": 0.0}, {""tk"": ""The"", ""act"": 0.0}, {""tk"": ""capital"", ""act"": 0.0}, {""tk"": ""of"", ""act"": 0.0}, {""tk"": ""state"", ""act"": 0.0}, {""tk"": ""United"", ""act"": 0.0}, {""tk"": ""attribute"", ""act"": 0.0}, {""tk"": ""seat"", ""act"": 0.0}, {""tk"": ""government"", ""act"": 0.0}, {""tk"": ""relationship"", ""act"": 0.0}, {""tk"": ""which"", ""act"": 0.0}, {""tk"": ""containing"", ""act"": 0.0}]"
1_24006,1,24006,relationship: the state in which a city is located is the state containing,relationship,1,0.0,0.0,semantic,"[{""token"": ""relationship"", ""index"": 1, ""distance"": 0, ""direction"": ""self""}]",n/a,Semantic,Dictionary,1.0,False,,Tulsa,"[{""tk"": ""Tulsa"", ""act"": 18.00099754333496}, {""tk"": ""entity"", ""act"": 0.0}, {""tk"": ""city"", ""act"": 0.0}, {""tk"": ""in"", ""act"": 0.0}, {""tk"": ""Oklahoma"", ""act"": 0.0}, {""tk"": ""USA"", ""act"": 0.0}, {""tk"": ""is"", ""act"": 0.0}, {""tk"": ""The"", ""act"": 0.0}, {""tk"": ""capital"", ""act"": 0.0}, {""tk"": ""of"", ""act"": 0.0}, {""tk"": ""state"", ""act"": 0.0}, {""tk"": ""United"", ""act"": 0.0}, {""tk"": ""attribute"", ""act"": 0.0}, {""tk"": ""seat"", ""act"": 0.0}, {""tk"": ""government"", ""act"": 0.0}, {""tk"": ""relationship"", ""act"": 0.0}, {""tk"": ""which"", ""act"": 0.0}, {""tk"": ""containing"", ""act"": 0.0}]"
1_60564,1,60564,relationship: the state in which a city is located is the state containing,relationship,1,0.0,0.0,semantic,"[{""token"": ""relationship"", ""index"": 1, ""distance"": 0, ""direction"": ""self""}]",n/a,Semantic,Dictionary,1.0,False,,Tulsa,"[{""tk"": ""Tulsa"", ""act"": 13.770854949951172}, {""tk"": ""entity"", ""act"": 0.0}, {""tk"": ""city"", ""act"": 0.0}, {""tk"": ""in"", ""act"": 0.0}, {""tk"": ""Oklahoma"", ""act"": 0.0}, {""tk"": ""USA"", ""act"": 0.0}, {""tk"": ""is"", ""act"": 0.0}, {""tk"": ""The"", ""act"": 0.0}, {""tk"": ""capital"", ""act"": 0.0}, {""tk"": ""of"", ""act"": 0.0}, {""tk"": ""state"", ""act"": 0.0}, {""tk"": ""United"", ""act"": 0.0}, {""tk"": ""attribute"", ""act"": 0.0}, {""tk"": ""seat"", ""act"": 0.0}, {""tk"": ""government"", ""act"": 0.0}, {""tk"": ""relationship"", ""act"": 0.0}, {""tk"": ""which"", ""act"": 0.0}, {""tk"": ""containing"", ""act"": 0.0}]"
1_64129,1,64129,relationship: the state in which a city is located is the state containing,relationship,1,0.0,0.0,semantic,"[{""token"": ""relationship"", ""index"": 1, ""distance"": 0, ""direction"": ""self""}]",n/a,Relationship,,1.0,False,,(entity) related,"[{""tk"": ""entity"", ""act"": 0.0}, {""tk"": ""city"", ""act"": 0.0}, {""tk"": ""in"", ""act"": 0.0}, {""tk"": ""Oklahoma"", ""act"": 0.0}, {""tk"": ""USA"", ""act"": 0.0}, {""tk"": ""is"", ""act"": 0.0}, {""tk"": ""Tulsa"", ""act"": 0.0}, {""tk"": ""The"", ""act"": 0.0}, {""tk"": ""capital"", ""act"": 0.0}, {""tk"": ""of"", ""act"": 0.0}, {""tk"": ""state"", ""act"": 0.0}, {""tk"": ""United"", ""act"": 0.0}, {""tk"": ""attribute"", ""act"": 0.0}, {""tk"": ""seat"", ""act"": 0.0}, {""tk"": ""government"", ""act"": 0.0}, {""tk"": ""relationship"", ""act"": 0.0}, {""tk"": ""which"", ""act"": 0.0}, {""tk"": ""containing"", ""act"": 0.0}]"
1_72233,1,72233,relationship: the state in which a city is located is the state containing,relationship,1,0.0,0.0,semantic,"[{""token"": ""relationship"", ""index"": 1, ""distance"": 0, ""direction"": ""self""}]",n/a,Semantic,Dictionary (fallback),0.9,False,,Oklahoma,"[{""tk"": ""Oklahoma"", ""act"": 50.62027359008789}, {""tk"": ""Tulsa"", ""act"": 17.878734588623047}, {""tk"": ""entity"", ""act"": 0.0}, {""tk"": ""city"", ""act"": 0.0}, {""tk"": ""in"", ""act"": 0.0}, {""tk"": ""USA"", ""act"": 0.0}, {""tk"": ""is"", ""act"": 0.0}, {""tk"": ""The"", ""act"": 0.0}, {""tk"": ""capital"", ""act"": 0.0}, {""tk"": ""of"", ""act"": 0.0}, {""tk"": ""state"", ""act"": 0.0}, {""tk"": ""United"", ""act"": 0.0}, {""tk"": ""attribute"", ""act"": 0.0}, {""tk"": ""seat"", ""act"": 0.0}, {""tk"": ""government"", ""act"": 0.0}, {""tk"": ""relationship"", ""act"": 0.0}, {""tk"": ""which"", ""act"": 0.0}, {""tk"": ""containing"", ""act"": 0.0}]"
1_73733,1,73733,relationship: the state in which a city is located is the state containing,relationship,1,0.0,0.0,semantic,"[{""token"": ""relationship"", ""index"": 1, ""distance"": 0, ""direction"": ""self""}]",n/a,Relationship,,1.0,False,,(entity) related,"[{""tk"": ""entity"", ""act"": 0.0}, {""tk"": ""city"", ""act"": 0.0}, {""tk"": ""in"", ""act"": 0.0}, {""tk"": ""Oklahoma"", ""act"": 0.0}, {""tk"": ""USA"", ""act"": 0.0}, {""tk"": ""is"", ""act"": 0.0}, {""tk"": ""Tulsa"", ""act"": 0.0}, {""tk"": ""The"", ""act"": 0.0}, {""tk"": ""capital"", ""act"": 0.0}, {""tk"": ""of"", ""act"": 0.0}, {""tk"": ""state"", ""act"": 0.0}, {""tk"": ""United"", ""act"": 0.0}, {""tk"": ""attribute"", ""act"": 0.0}, {""tk"": ""seat"", ""act"": 0.0}, {""tk"": ""government"", ""act"": 0.0}, {""tk"": ""relationship"", ""act"": 0.0}, {""tk"": ""which"", ""act"": 0.0}, {""tk"": ""containing"", ""act"": 0.0}]"
1_82299,1,82299,relationship: the state in which a city is located is the state containing,relationship,1,0.0,0.0,semantic,"[{""token"": ""relationship"", ""index"": 1, ""distance"": 0, ""direction"": ""self""}]",n/a,Semantic,Dictionary,1.0,False,,capital,"[{""tk"": ""capital"", ""act"": 12.999090194702148}, {""tk"": ""entity"", ""act"": 0.0}, {""tk"": ""city"", ""act"": 0.0}, {""tk"": ""in"", ""act"": 0.0}, {""tk"": ""Oklahoma"", ""act"": 0.0}, {""tk"": ""USA"", ""act"": 0.0}, {""tk"": ""is"", ""act"": 0.0}, {""tk"": ""Tulsa"", ""act"": 0.0}, {""tk"": ""The"", ""act"": 0.0}, {""tk"": ""of"", ""act"": 0.0}, {""tk"": ""state"", ""act"": 0.0}, {""tk"": ""United"", ""act"": 0.0}, {""tk"": ""attribute"", ""act"": 0.0}, {""tk"": ""seat"", ""act"": 0.0}, {""tk"": ""government"", ""act"": 0.0}, {""tk"": ""relationship"", ""act"": 0.0}, {""tk"": ""which"", ""act"": 0.0}, {""tk"": ""containing"", ""act"": 0.0}]"
1_85217,1,85217,relationship: the state in which a city is located is the state containing,relationship,1,0.0,0.0,semantic,"[{""token"": ""relationship"", ""index"": 1, ""distance"": 0, ""direction"": ""self""}]",n/a,Semantic,Dictionary,1.0,False,,capital,"[{""tk"": ""capital"", ""act"": 20.99380874633789}, {""tk"": ""entity"", ""act"": 0.0}, {""tk"": ""city"", ""act"": 0.0}, {""tk"": ""in"", ""act"": 0.0}, {""tk"": ""Oklahoma"", ""act"": 0.0}, {""tk"": ""USA"", ""act"": 0.0}, {""tk"": ""is"", ""act"": 0.0}, {""tk"": ""Tulsa"", ""act"": 0.0}, {""tk"": ""The"", ""act"": 0.0}, {""tk"": ""of"", ""act"": 0.0}, {""tk"": ""state"", ""act"": 0.0}, {""tk"": ""United"", ""act"": 0.0}, {""tk"": ""attribute"", ""act"": 0.0}, {""tk"": ""seat"", ""act"": 0.0}, {""tk"": ""government"", ""act"": 0.0}, {""tk"": ""relationship"", ""act"": 0.0}, {""tk"": ""which"", ""act"": 0.0}, {""tk"": ""containing"", ""act"": 0.0}]"
1_92117,1,92117,relationship: the state in which a city is located is the state containing,relationship,1,0.0,0.0,semantic,"[{""token"": ""relationship"", ""index"": 1, ""distance"": 0, ""direction"": ""self""}]",n/a,Semantic,Dictionary (fallback),0.9,False,,is,"[{""tk"": ""is"", ""act"": 0.20768213272094727}, {""tk"": ""entity"", ""act"": 0.0}, {""tk"": ""city"", ""act"": 0.0}, {""tk"": ""in"", ""act"": 0.0}, {""tk"": ""Oklahoma"", ""act"": 0.0}, {""tk"": ""USA"", ""act"": 0.0}, {""tk"": ""Tulsa"", ""act"": 0.0}, {""tk"": ""The"", ""act"": 0.0}, {""tk"": ""capital"", ""act"": 0.0}, {""tk"": ""of"", ""act"": 0.0}, {""tk"": ""state"", ""act"": 0.0}, {""tk"": ""United"", ""act"": 0.0}, {""tk"": ""attribute"", ""act"": 0.0}, {""tk"": ""seat"", ""act"": 0.0}, {""tk"": ""government"", ""act"": 0.0}, {""tk"": ""relationship"", ""act"": 0.0}, {""tk"": ""which"", ""act"": 0.0}, {""tk"": ""containing"", ""act"": 0.0}]"
2_36902,2,36902,relationship: the state in which a city is located is the state containing,relationship,1,0.0,0.0,semantic,"[{""token"": ""relationship"", ""index"": 1, ""distance"": 0, ""direction"": ""self""}]",n/a,Semantic,Dictionary,1.0,False,,capital,"[{""tk"": ""capital"", ""act"": 20.3389949798584}, {""tk"": ""entity"", ""act"": 0.0}, {""tk"": ""city"", ""act"": 0.0}, {""tk"": ""in"", ""act"": 0.0}, {""tk"": ""Oklahoma"", ""act"": 0.0}, {""tk"": ""USA"", ""act"": 0.0}, {""tk"": ""is"", ""act"": 0.0}, {""tk"": ""Tulsa"", ""act"": 0.0}, {""tk"": ""The"", ""act"": 0.0}, {""tk"": ""of"", ""act"": 0.0}, {""tk"": ""state"", ""act"": 0.0}, {""tk"": ""United"", ""act"": 0.0}, {""tk"": ""attribute"", ""act"": 0.0}, {""tk"": ""seat"", ""act"": 0.0}, {""tk"": ""government"", ""act"": 0.0}, {""tk"": ""relationship"", ""act"": 0.0}, {""tk"": ""which"", ""act"": 0.0}, {""tk"": ""containing"", ""act"": 0.0}]"
2_42602,2,42602,relationship: the state in which a city is located is the state containing, is,11,9.353750228881836,0.9285714285714286,functional,"[{""token"": "" state"", ""index"": 13, ""distance"": 2, ""direction"": ""forward""}]",json,Semantic,Dictionary (fallback),0.9,False,,is,"[{""tk"": ""is"", ""act"": 10.920089721679688}, {""tk"": ""entity"", ""act"": 0.0}, {""tk"": ""city"", ""act"": 0.0}, {""tk"": ""in"", ""act"": 0.0}, {""tk"": ""Oklahoma"", ""act"": 0.0}, {""tk"": ""USA"", ""act"": 0.0}, {""tk"": ""Tulsa"", ""act"": 0.0}, {""tk"": ""The"", ""act"": 0.0}, {""tk"": ""capital"", ""act"": 0.0}, {""tk"": ""of"", ""act"": 0.0}, {""tk"": ""state"", ""act"": 0.0}, {""tk"": ""United"", ""act"": 0.0}, {""tk"": ""attribute"", ""act"": 0.0}, {""tk"": ""seat"", ""act"": 0.0}, {""tk"": ""government"", ""act"": 0.0}, {""tk"": ""relationship"", ""act"": 0.0}, {""tk"": ""which"", ""act"": 0.0}, {""tk"": ""containing"", ""act"": 0.0}]"
2_76232,2,76232,relationship: the state in which a city is located is the state containing, is,11,5.188752174377441,0.9285714285714286,functional,"[{""token"": "" state"", ""index"": 13, ""distance"": 2, ""direction"": ""forward""}]",json,Semantic,Dictionary,0.8333333333333334,False,,is,"[{""tk"": ""is"", ""act"": 11.182415008544922}, {""tk"": ""entity"", ""act"": 0.0}, {""tk"": ""city"", ""act"": 0.0}, {""tk"": ""in"", ""act"": 0.0}, {""tk"": ""Oklahoma"", ""act"": 0.0}, {""tk"": ""USA"", ""act"": 0.0}, {""tk"": ""Tulsa"", ""act"": 0.0}, {""tk"": ""The"", ""act"": 0.0}, {""tk"": ""capital"", ""act"": 0.0}, {""tk"": ""of"", ""act"": 0.0}, {""tk"": ""state"", ""act"": 0.0}, {""tk"": ""United"", ""act"": 0.0}, {""tk"": ""attribute"", ""act"": 0.0}, {""tk"": ""seat"", ""act"": 0.0}, {""tk"": ""government"", ""act"": 0.0}, {""tk"": ""relationship"", ""act"": 0.0}, {""tk"": ""which"", ""act"": 0.0}, {""tk"": ""containing"", ""act"": 0.0}]"
2_82010,2,82010,relationship: the state in which a city is located is the state containing, is,11,3.6646227836608887,0.9285714285714286,functional,"[{""token"": "" state"", ""index"": 13, ""distance"": 2, ""direction"": ""forward""}]",json,Semantic,Dictionary (fallback),0.9,False,,is,"[{""tk"": ""is"", ""act"": 10.153023719787598}, {""tk"": ""entity"", ""act"": 0.0}, {""tk"": ""city"", ""act"": 0.0}, {""tk"": ""in"", ""act"": 0.0}, {""tk"": ""Oklahoma"", ""act"": 0.0}, {""tk"": ""USA"", ""act"": 0.0}, {""tk"": ""Tulsa"", ""act"": 0.0}, {""tk"": ""The"", ""act"": 0.0}, {""tk"": ""capital"", ""act"": 0.0}, {""tk"": ""of"", ""act"": 0.0}, {""tk"": ""state"", ""act"": 0.0}, {""tk"": ""United"", ""act"": 0.0}, {""tk"": ""attribute"", ""act"": 0.0}, {""tk"": ""seat"", ""act"": 0.0}, {""tk"": ""government"", ""act"": 0.0}, {""tk"": ""relationship"", ""act"": 0.0}, {""tk"": ""which"", ""act"": 0.0}, {""tk"": ""containing"", ""act"": 0.0}]"
2_1890,2,1890,relationship: the state in which a city is located is the state containing,relationship,1,0.0,0.0,semantic,"[{""token"": ""relationship"", ""index"": 1, ""distance"": 0, ""direction"": ""self""}]",n/a,Semantic,Dictionary,1.0,False,,capital,"[{""tk"": ""capital"", ""act"": 25.489017486572266}, {""tk"": ""entity"", ""act"": 0.0}, {""tk"": ""city"", ""act"": 0.0}, {""tk"": ""in"", ""act"": 0.0}, {""tk"": ""Oklahoma"", ""act"": 0.0}, {""tk"": ""USA"", ""act"": 0.0}, {""tk"": ""is"", ""act"": 0.0}, {""tk"": ""Tulsa"", ""act"": 0.0}, {""tk"": ""The"", ""act"": 0.0}, {""tk"": ""of"", ""act"": 0.0}, {""tk"": ""state"", ""act"": 0.0}, {""tk"": ""United"", ""act"": 0.0}, {""tk"": ""attribute"", ""act"": 0.0}, {""tk"": ""seat"", ""act"": 0.0}, {""tk"": ""government"", ""act"": 0.0}, {""tk"": ""relationship"", ""act"": 0.0}, {""tk"": ""which"", ""act"": 0.0}, {""tk"": ""containing"", ""act"": 0.0}]"
2_4865,2,4865,relationship: the state in which a city is located is the state containing,relationship,1,0.0,0.0,semantic,"[{""token"": ""relationship"", ""index"": 1, ""distance"": 0, ""direction"": ""self""}]",n/a,Semantic,Dictionary,1.0,False,,capital,"[{""tk"": ""capital"", ""act"": 3.5495402812957764}, {""tk"": ""seat"", ""act"": 2.168384313583374}, {""tk"": ""entity"", ""act"": 0.0}, {""tk"": ""city"", ""act"": 0.0}, {""tk"": ""in"", ""act"": 0.0}, {""tk"": ""Oklahoma"", ""act"": 0.0}, {""tk"": ""USA"", ""act"": 0.0}, {""tk"": ""is"", ""act"": 0.0}, {""tk"": ""Tulsa"", ""act"": 0.0}, {""tk"": ""The"", ""act"": 0.0}, {""tk"": ""of"", ""act"": 0.0}, {""tk"": ""state"", ""act"": 0.0}, {""tk"": ""United"", ""act"": 0.0}, {""tk"": ""attribute"", ""act"": 0.0}, {""tk"": ""government"", ""act"": 0.0}, {""tk"": ""relationship"", ""act"": 0.0}, {""tk"": ""which"", ""act"": 0.0}, {""tk"": ""containing"", ""act"": 0.0}]"
2_96724,2,96724,relationship: the state in which a city is located is the state containing,relationship,1,0.0,0.0,semantic,"[{""token"": ""relationship"", ""index"": 1, ""distance"": 0, ""direction"": ""self""}]",n/a,Semantic,Dictionary (fallback),0.9,False,,Tulsa,"[{""tk"": ""Tulsa"", ""act"": 22.0113468170166}, {""tk"": ""City"", ""act"": 20.220914840698242}, {""tk"": ""entity"", ""act"": 0.0}, {""tk"": ""in"", ""act"": 0.0}, {""tk"": ""Oklahoma"", ""act"": 0.0}, {""tk"": ""USA"", ""act"": 0.0}, {""tk"": ""is"", ""act"": 0.0}, {""tk"": ""The"", ""act"": 0.0}, {""tk"": ""capital"", ""act"": 0.0}, {""tk"": ""of"", ""act"": 0.0}, {""tk"": ""state"", ""act"": 0.0}, {""tk"": ""United"", ""act"": 0.0}, {""tk"": ""attribute"", ""act"": 0.0}, {""tk"": ""seat"", ""act"": 0.0}, {""tk"": ""government"", ""act"": 0.0}, {""tk"": ""relationship"", ""act"": 0.0}, {""tk"": ""which"", ""act"": 0.0}, {""tk"": ""containing"", ""act"": 0.0}]"
3_52779,3,52779,relationship: the state in which a city is located is the state containing, in,5,22.74864959716797,0.770668145739141,functional,"[{""token"": "" city"", ""index"": 8, ""distance"": 3, ""direction"": ""forward""}]",json,Semantic,Dictionary (fallback),0.9,False,,in,"[{""tk"": ""in"", ""act"": 22.74864959716797}, {""tk"": ""containing"", ""act"": 17.660171508789062}, {""tk"": ""the"", ""act"": 13.811017036437988}, {""tk"": ""is"", ""act"": 13.126309394836426}, {""tk"": ""which"", ""act"": 9.762779235839844}, {""tk"": ""entity"", ""act"": 0.0}, {""tk"": ""city"", ""act"": 0.0}, {""tk"": ""Oklahoma"", ""act"": 0.0}, {""tk"": ""USA"", ""act"": 0.0}, {""tk"": ""Tulsa"", ""act"": 0.0}, {""tk"": ""capital"", ""act"": 0.0}, {""tk"": ""of"", ""act"": 0.0}, {""tk"": ""state"", ""act"": 0.0}, {""tk"": ""United"", ""act"": 0.0}, {""tk"": ""attribute"", ""act"": 0.0}, {""tk"": ""seat"", ""act"": 0.0}, {""tk"": ""government"", ""act"": 0.0}, {""tk"": ""relationship"", ""act"": 0.0}]"
3_66403,3,66403,relationship: the state in which a city is located is the state containing,relationship,1,0.0,0.0,semantic,"[{""token"": ""relationship"", ""index"": 1, ""distance"": 0, ""direction"": ""self""}]",n/a,Relationship,,1.0,False,,(entity) related,"[{""tk"": ""entity"", ""act"": 0.0}, {""tk"": ""city"", ""act"": 0.0}, {""tk"": ""in"", ""act"": 0.0}, {""tk"": ""Oklahoma"", ""act"": 0.0}, {""tk"": ""USA"", ""act"": 0.0}, {""tk"": ""is"", ""act"": 0.0}, {""tk"": ""Tulsa"", ""act"": 0.0}, {""tk"": ""The"", ""act"": 0.0}, {""tk"": ""capital"", ""act"": 0.0}, {""tk"": ""of"", ""act"": 0.0}, {""tk"": ""state"", ""act"": 0.0}, {""tk"": ""United"", ""act"": 0.0}, {""tk"": ""attribute"", ""act"": 0.0}, {""tk"": ""seat"", ""act"": 0.0}, {""tk"": ""government"", ""act"": 0.0}, {""tk"": ""relationship"", ""act"": 0.0}, {""tk"": ""which"", ""act"": 0.0}, {""tk"": ""containing"", ""act"": 0.0}]"
3_66599,3,66599,relationship: the state in which a city is located is the state containing, state,4,24.969038009643555,0.8122994698230794,semantic,"[{""token"": "" state"", ""index"": 4, ""distance"": 0, ""direction"": ""self""}]",n/a,Semantic,Dictionary (fallback),0.9,False,,state,"[{""tk"": ""state"", ""act"": 24.969038009643555}, {""tk"": ""capital"", ""act"": 20.673053741455078}, {""tk"": ""city"", ""act"": 15.51809310913086}, {""tk"": ""entity"", ""act"": 13.092288970947266}, {""tk"": ""relationship"", ""act"": 12.83310317993164}, {""tk"": ""Oklahoma"", ""act"": 12.549530982971191}, {""tk"": ""attribute"", ""act"": 11.992534637451172}, {""tk"": ""government"", ""act"": 11.66037654876709}, {""tk"": ""Tulsa"", ""act"": 11.336491584777832}, {""tk"": ""in"", ""act"": 6.152187824249268}, {""tk"": ""United"", ""act"": 5.482564449310303}, {""tk"": ""of"", ""act"": 0.6950088739395142}, {""tk"": ""seat"", ""act"": 0.5684137940406799}, {""tk"": ""USA"", ""act"": 0.0}, {""tk"": ""is"", ""act"": 0.0}, {""tk"": ""The"", ""act"": 0.0}, {""tk"": ""which"", ""act"": 0.0}, {""tk"": ""containing"", ""act"": 0.0}]"
3_91022,3,91022,relationship: the state in which a city is located is the state containing, containing,14,6.780716419219971,0.9285714285714286,semantic,"[{""token"": "" containing"", ""index"": 14, ""distance"": 0, ""direction"": ""self""}]",n/a,Semantic,Dictionary (fallback),0.9,False,,containing,"[{""tk"": ""containing"", ""act"": 6.780716419219971}, {""tk"": ""entity"", ""act"": 0.0}, {""tk"": ""city"", ""act"": 0.0}, {""tk"": ""in"", ""act"": 0.0}, {""tk"": ""Oklahoma"", ""act"": 0.0}, {""tk"": ""USA"", ""act"": 0.0}, {""tk"": ""is"", ""act"": 0.0}, {""tk"": ""Tulsa"", ""act"": 0.0}, {""tk"": ""The"", ""act"": 0.0}, {""tk"": ""capital"", ""act"": 0.0}, {""tk"": ""of"", ""act"": 0.0}, {""tk"": ""state"", ""act"": 0.0}, {""tk"": ""United"", ""act"": 0.0}, {""tk"": ""attribute"", ""act"": 0.0}, {""tk"": ""seat"", ""act"": 0.0}, {""tk"": ""government"", ""act"": 0.0}, {""tk"": ""relationship"", ""act"": 0.0}, {""tk"": ""which"", ""act"": 0.0}]"
3_39890,3,39890,relationship: the state in which a city is located is the state containing,relationship,1,0.0,0.0,semantic,"[{""token"": ""relationship"", ""index"": 1, ""distance"": 0, ""direction"": ""self""}]",n/a,Semantic,Dictionary,1.0,False,,Tulsa,"[{""tk"": ""Tulsa"", ""act"": 43.94550323486328}, {""tk"": ""entity"", ""act"": 0.0}, {""tk"": ""city"", ""act"": 0.0}, {""tk"": ""in"", ""act"": 0.0}, {""tk"": ""Oklahoma"", ""act"": 0.0}, {""tk"": ""USA"", ""act"": 0.0}, {""tk"": ""is"", ""act"": 0.0}, {""tk"": ""The"", ""act"": 0.0}, {""tk"": ""capital"", ""act"": 0.0}, {""tk"": ""of"", ""act"": 0.0}, {""tk"": ""state"", ""act"": 0.0}, {""tk"": ""United"", ""act"": 0.0}, {""tk"": ""attribute"", ""act"": 0.0}, {""tk"": ""seat"", ""act"": 0.0}, {""tk"": ""government"", ""act"": 0.0}, {""tk"": ""relationship"", ""act"": 0.0}, {""tk"": ""which"", ""act"": 0.0}, {""tk"": ""containing"", ""act"": 0.0}]"
3_36499,3,36499,relationship: the state in which a city is located is the state containing,relationship,1,0.0,0.0,semantic,"[{""token"": ""relationship"", ""index"": 1, ""distance"": 0, ""direction"": ""self""}]",n/a,Semantic,Dictionary (fallback),0.9,False,,of,"[{""tk"": ""of"", ""act"": 17.267471313476562}, {""tk"": ""city"", ""act"": 0.4827706813812256}, {""tk"": ""entity"", ""act"": 0.0}, {""tk"": ""in"", ""act"": 0.0}, {""tk"": ""Oklahoma"", ""act"": 0.0}, {""tk"": ""USA"", ""act"": 0.0}, {""tk"": ""is"", ""act"": 0.0}, {""tk"": ""Tulsa"", ""act"": 0.0}, {""tk"": ""The"", ""act"": 0.0}, {""tk"": ""capital"", ""act"": 0.0}, {""tk"": ""state"", ""act"": 0.0}, {""tk"": ""United"", ""act"": 0.0}, {""tk"": ""attribute"", ""act"": 0.0}, {""tk"": ""seat"", ""act"": 0.0}, {""tk"": ""government"", ""act"": 0.0}, {""tk"": ""relationship"", ""act"": 0.0}, {""tk"": ""which"", ""act"": 0.0}, {""tk"": ""containing"", ""act"": 0.0}]"
3_2751,3,2751,relationship: the state in which a city is located is the state containing,relationship,1,0.0,0.0,semantic,"[{""token"": ""relationship"", ""index"": 1, ""distance"": 0, ""direction"": ""self""}]",n/a,Semantic,Dictionary (fallback),0.9,False,,is,"[{""tk"": ""is"", ""act"": 16.323118209838867}, {""tk"": ""entity"", ""act"": 0.0}, {""tk"": ""city"", ""act"": 0.0}, {""tk"": ""in"", ""act"": 0.0}, {""tk"": ""Oklahoma"", ""act"": 0.0}, {""tk"": ""USA"", ""act"": 0.0}, {""tk"": ""Tulsa"", ""act"": 0.0}, {""tk"": ""The"", ""act"": 0.0}, {""tk"": ""capital"", ""act"": 0.0}, {""tk"": ""of"", ""act"": 0.0}, {""tk"": ""state"", ""act"": 0.0}, {""tk"": ""United"", ""act"": 0.0}, {""tk"": ""attribute"", ""act"": 0.0}, {""tk"": ""seat"", ""act"": 0.0}, {""tk"": ""government"", ""act"": 0.0}, {""tk"": ""relationship"", ""act"": 0.0}, {""tk"": ""which"", ""act"": 0.0}, {""tk"": ""containing"", ""act"": 0.0}]"
3_13967,3,13967,relationship: the state in which a city is located is the state containing,relationship,1,0.0,0.0,semantic,"[{""token"": ""relationship"", ""index"": 1, ""distance"": 0, ""direction"": ""self""}]",n/a,Semantic,Dictionary (fallback),0.9,False,,of,"[{""tk"": ""of"", ""act"": 11.243531227111816}, {""tk"": ""is"", ""act"": 7.620932579040527}, {""tk"": ""the"", ""act"": 0.35361218452453613}, {""tk"": ""entity"", ""act"": 0.0}, {""tk"": ""city"", ""act"": 0.0}, {""tk"": ""in"", ""act"": 0.0}, {""tk"": ""Oklahoma"", ""act"": 0.0}, {""tk"": ""USA"", ""act"": 0.0}, {""tk"": ""Tulsa"", ""act"": 0.0}, {""tk"": ""capital"", ""act"": 0.0}, {""tk"": ""state"", ""act"": 0.0}, {""tk"": ""United"", ""act"": 0.0}, {""tk"": ""attribute"", ""act"": 0.0}, {""tk"": ""seat"", ""act"": 0.0}, {""tk"": ""government"", ""act"": 0.0}, {""tk"": ""relationship"", ""act"": 0.0}, {""tk"": ""which"", ""act"": 0.0}, {""tk"": ""containing"", ""act"": 0.0}]"
3_28747,3,28747,relationship: the state in which a city is located is the state containing,relationship,1,0.0,0.0,semantic,"[{""token"": ""relationship"", ""index"": 1, ""distance"": 0, ""direction"": ""self""}]",n/a,Semantic,Dictionary (fallback),0.9,False,,of,"[{""tk"": ""of"", ""act"": 17.464412689208984}, {""tk"": ""is"", ""act"": 2.1376309394836426}, {""tk"": ""entity"", ""act"": 0.0}, {""tk"": ""city"", ""act"": 0.0}, {""tk"": ""in"", ""act"": 0.0}, {""tk"": ""Oklahoma"", ""act"": 0.0}, {""tk"": ""USA"", ""act"": 0.0}, {""tk"": ""Tulsa"", ""act"": 0.0}, {""tk"": ""The"", ""act"": 0.0}, {""tk"": ""capital"", ""act"": 0.0}, {""tk"": ""state"", ""act"": 0.0}, {""tk"": ""United"", ""act"": 0.0}, {""tk"": ""attribute"", ""act"": 0.0}, {""tk"": ""seat"", ""act"": 0.0}, {""tk"": ""government"", ""act"": 0.0}, {""tk"": ""relationship"", ""act"": 0.0}, {""tk"": ""which"", ""act"": 0.0}, {""tk"": ""containing"", ""act"": 0.0}]"
3_93843,3,93843,relationship: the state in which a city is located is the state containing,relationship,1,0.0,0.0,semantic,"[{""token"": ""relationship"", ""index"": 1, ""distance"": 0, ""direction"": ""self""}]",n/a,Semantic,Dictionary (fallback),0.9,False,,is,"[{""tk"": ""is"", ""act"": 3.7262954711914062}, {""tk"": ""entity"", ""act"": 0.0}, {""tk"": ""city"", ""act"": 0.0}, {""tk"": ""in"", ""act"": 0.0}, {""tk"": ""Oklahoma"", ""act"": 0.0}, {""tk"": ""USA"", ""act"": 0.0}, {""tk"": ""Tulsa"", ""act"": 0.0}, {""tk"": ""The"", ""act"": 0.0}, {""tk"": ""capital"", ""act"": 0.0}, {""tk"": ""of"", ""act"": 0.0}, {""tk"": ""state"", ""act"": 0.0}, {""tk"": ""United"", ""act"": 0.0}, {""tk"": ""attribute"", ""act"": 0.0}, {""tk"": ""seat"", ""act"": 0.0}, {""tk"": ""government"", ""act"": 0.0}, {""tk"": ""relationship"", ""act"": 0.0}, {""tk"": ""which"", ""act"": 0.0}, {""tk"": ""containing"", ""act"": 0.0}]"
4_3920,4,3920,relationship: the state in which a city is located is the state containing,relationship,1,23.514083862304688,0.9285714285714286,semantic,"[{""token"": ""relationship"", ""index"": 1, ""distance"": 0, ""direction"": ""self""}]",n/a,Semantic,Concept,0.7,False,,entity,"[{""tk"": ""entity"", ""act"": 24.343236923217773}, {""tk"": ""relationship"", ""act"": 23.514083862304688}, {""tk"": ""attribute"", ""act"": 19.900348663330078}, {""tk"": ""city"", ""act"": 0.0}, {""tk"": ""in"", ""act"": 0.0}, {""tk"": ""Oklahoma"", ""act"": 0.0}, {""tk"": ""USA"", ""act"": 0.0}, {""tk"": ""is"", ""act"": 0.0}, {""tk"": ""Tulsa"", ""act"": 0.0}, {""tk"": ""The"", ""act"": 0.0}, {""tk"": ""capital"", ""act"": 0.0}, {""tk"": ""of"", ""act"": 0.0}, {""tk"": ""state"", ""act"": 0.0}, {""tk"": ""United"", ""act"": 0.0}, {""tk"": ""seat"", ""act"": 0.0}, {""tk"": ""government"", ""act"": 0.0}, {""tk"": ""which"", ""act"": 0.0}, {""tk"": ""containing"", ""act"": 0.0}]"
4_83635,4,83635,relationship: the state in which a city is located is the state containing, city,8,29.045270919799805,0.7202253573798019,semantic,"[{""token"": "" city"", ""index"": 8, ""distance"": 0, ""direction"": ""self""}]",n/a,Semantic,Concept,0.7,False,,city,"[{""tk"": ""city"", ""act"": 29.045270919799805}, {""tk"": ""attribute"", ""act"": 28.14508056640625}, {""tk"": ""Oklahoma"", ""act"": 24.367387771606445}, {""tk"": ""capital"", ""act"": 21.525239944458008}, {""tk"": ""state"", ""act"": 19.251550674438477}, {""tk"": ""USA"", ""act"": 18.27325439453125}, {""tk"": ""entity"", ""act"": 17.712905883789062}, {""tk"": ""relationship"", ""act"": 17.489112854003906}, {""tk"": ""Tulsa"", ""act"": 15.208170890808105}, {""tk"": ""government"", ""act"": 13.456141471862793}, {""tk"": ""of"", ""act"": 8.01102066040039}, {""tk"": ""containing"", ""act"": 7.884756565093994}, {""tk"": ""in"", ""act"": 6.716607570648193}, {""tk"": ""seat"", ""act"": 5.498795509338379}, {""tk"": ""is"", ""act"": 5.114175796508789}, {""tk"": ""United"", ""act"": 3.7701468467712402}, {""tk"": ""which"", ""act"": 2.1635446548461914}, {""tk"": ""The"", ""act"": 0.0}]"
4_54423,4,54423,relationship: the state in which a city is located is the state containing, containing,14,8.495969772338867,0.909640175565729,semantic,"[{""token"": "" containing"", ""index"": 14, ""distance"": 0, ""direction"": ""self""}]",n/a,Semantic,Dictionary,1.0,False,,containing,"[{""tk"": ""containing"", ""act"": 8.495969772338867}, {""tk"": ""which"", ""act"": 1.9871268272399902}, {""tk"": ""in"", ""act"": 0.26462411880493164}, {""tk"": ""entity"", ""act"": 0.0}, {""tk"": ""city"", ""act"": 0.0}, {""tk"": ""Oklahoma"", ""act"": 0.0}, {""tk"": ""USA"", ""act"": 0.0}, {""tk"": ""is"", ""act"": 0.0}, {""tk"": ""Tulsa"", ""act"": 0.0}, {""tk"": ""The"", ""act"": 0.0}, {""tk"": ""capital"", ""act"": 0.0}, {""tk"": ""of"", ""act"": 0.0}, {""tk"": ""state"", ""act"": 0.0}, {""tk"": ""United"", ""act"": 0.0}, {""tk"": ""attribute"", ""act"": 0.0}, {""tk"": ""seat"", ""act"": 0.0}, {""tk"": ""government"", ""act"": 0.0}, {""tk"": ""relationship"", ""act"": 0.0}]"
4_58113,4,58113,relationship: the state in which a city is located is the state containing, city,8,8.276534080505371,0.9245345804384444,semantic,"[{""token"": "" city"", ""index"": 8, ""distance"": 0, ""direction"": ""self""}]",n/a,Semantic,Concept,0.7077726636889586,False,,city,"[{""tk"": ""city"", ""act"": 8.659708023071289}, {""tk"": ""of"", ""act"": 6.1291046142578125}, {""tk"": ""is"", ""act"": 5.2749223709106445}, {""tk"": ""in"", ""act"": 3.8225936889648438}, {""tk"": ""containing"", ""act"": 0.11254596710205078}, {""tk"": ""entity"", ""act"": 0.0}, {""tk"": ""Oklahoma"", ""act"": 0.0}, {""tk"": ""USA"", ""act"": 0.0}, {""tk"": ""Tulsa"", ""act"": 0.0}, {""tk"": ""The"", ""act"": 0.0}, {""tk"": ""capital"", ""act"": 0.0}, {""tk"": ""state"", ""act"": 0.0}, {""tk"": ""United"", ""act"": 0.0}, {""tk"": ""attribute"", ""act"": 0.0}, {""tk"": ""seat"", ""act"": 0.0}, {""tk"": ""government"", ""act"": 0.0}, {""tk"": ""relationship"", ""act"": 0.0}, {""tk"": ""which"", ""act"": 0.0}]"
4_52384,4,52384,relationship: the state in which a city is located is the state containing,relationship,1,0.0,0.0,semantic,"[{""token"": ""relationship"", ""index"": 1, ""distance"": 0, ""direction"": ""self""}]",n/a,Semantic,Ambiguous,0.3,True,"Ambiguous: peak_cons=0.50, n_peaks=2, func_vs_sem=100.0%, layer=4",of,"[{""tk"": ""of"", ""act"": 19.165246963500977}, {""tk"": ""Oklahoma"", ""act"": 9.872367858886719}, {""tk"": ""is"", ""act"": 2.908886432647705}, {""tk"": ""state"", ""act"": 1.426936149597168}, {""tk"": ""entity"", ""act"": 0.0}, {""tk"": ""city"", ""act"": 0.0}, {""tk"": ""in"", ""act"": 0.0}, {""tk"": ""USA"", ""act"": 0.0}, {""tk"": ""Tulsa"", ""act"": 0.0}, {""tk"": ""The"", ""act"": 0.0}, {""tk"": ""capital"", ""act"": 0.0}, {""tk"": ""United"", ""act"": 0.0}, {""tk"": ""attribute"", ""act"": 0.0}, {""tk"": ""seat"", ""act"": 0.0}, {""tk"": ""government"", ""act"": 0.0}, {""tk"": ""relationship"", ""act"": 0.0}, {""tk"": ""which"", ""act"": 0.0}, {""tk"": ""containing"", ""act"": 0.0}]"
4_3432,4,3432,relationship: the state in which a city is located is the state containing,relationship,1,0.0,0.0,semantic,"[{""token"": ""relationship"", ""index"": 1, ""distance"": 0, ""direction"": ""self""}]",n/a,Semantic,Ambiguous,0.3,True,"Ambiguous: peak_cons=0.50, n_peaks=1, func_vs_sem=100.0%, layer=4",is,"[{""tk"": ""is"", ""act"": 16.783905029296875}, {""tk"": ""entity"", ""act"": 0.0}, {""tk"": ""city"", ""act"": 0.0}, {""tk"": ""in"", ""act"": 0.0}, {""tk"": ""Oklahoma"", ""act"": 0.0}, {""tk"": ""USA"", ""act"": 0.0}, {""tk"": ""Tulsa"", ""act"": 0.0}, {""tk"": ""The"", ""act"": 0.0}, {""tk"": ""capital"", ""act"": 0.0}, {""tk"": ""of"", ""act"": 0.0}, {""tk"": ""state"", ""act"": 0.0}, {""tk"": ""United"", ""act"": 0.0}, {""tk"": ""attribute"", ""act"": 0.0}, {""tk"": ""seat"", ""act"": 0.0}, {""tk"": ""government"", ""act"": 0.0}, {""tk"": ""relationship"", ""act"": 0.0}, {""tk"": ""which"", ""act"": 0.0}, {""tk"": ""containing"", ""act"": 0.0}]"
4_24267,4,24267,relationship: the state in which a city is located is the state containing,relationship,1,0.0,0.0,semantic,"[{""token"": ""relationship"", ""index"": 1, ""distance"": 0, ""direction"": ""self""}]",n/a,Semantic,Ambiguous,0.3,True,"Ambiguous: peak_cons=0.50, n_peaks=1, func_vs_sem=100.0%, layer=4",is,"[{""tk"": ""is"", ""act"": 12.455327987670898}, {""tk"": ""entity"", ""act"": 0.0}, {""tk"": ""city"", ""act"": 0.0}, {""tk"": ""in"", ""act"": 0.0}, {""tk"": ""Oklahoma"", ""act"": 0.0}, {""tk"": ""USA"", ""act"": 0.0}, {""tk"": ""Tulsa"", ""act"": 0.0}, {""tk"": ""The"", ""act"": 0.0}, {""tk"": ""capital"", ""act"": 0.0}, {""tk"": ""of"", ""act"": 0.0}, {""tk"": ""state"", ""act"": 0.0}, {""tk"": ""United"", ""act"": 0.0}, {""tk"": ""attribute"", ""act"": 0.0}, {""tk"": ""seat"", ""act"": 0.0}, {""tk"": ""government"", ""act"": 0.0}, {""tk"": ""relationship"", ""act"": 0.0}, {""tk"": ""which"", ""act"": 0.0}, {""tk"": ""containing"", ""act"": 0.0}]"
4_54078,4,54078,relationship: the state in which a city is located is the state containing,relationship,1,0.0,0.0,semantic,"[{""token"": ""relationship"", ""index"": 1, ""distance"": 0, ""direction"": ""self""}]",n/a,Relationship,,1.0,False,,(entity) related,"[{""tk"": ""entity"", ""act"": 0.0}, {""tk"": ""city"", ""act"": 0.0}, {""tk"": ""in"", ""act"": 0.0}, {""tk"": ""Oklahoma"", ""act"": 0.0}, {""tk"": ""USA"", ""act"": 0.0}, {""tk"": ""is"", ""act"": 0.0}, {""tk"": ""Tulsa"", ""act"": 0.0}, {""tk"": ""The"", ""act"": 0.0}, {""tk"": ""capital"", ""act"": 0.0}, {""tk"": ""of"", ""act"": 0.0}, {""tk"": ""state"", ""act"": 0.0}, {""tk"": ""United"", ""act"": 0.0}, {""tk"": ""attribute"", ""act"": 0.0}, {""tk"": ""seat"", ""act"": 0.0}, {""tk"": ""government"", ""act"": 0.0}, {""tk"": ""relationship"", ""act"": 0.0}, {""tk"": ""which"", ""act"": 0.0}, {""tk"": ""containing"", ""act"": 0.0}]"
4_55831,4,55831,relationship: the state in which a city is located is the state containing,relationship,1,0.0,0.0,semantic,"[{""token"": ""relationship"", ""index"": 1, ""distance"": 0, ""direction"": ""self""}]",n/a,Semantic,Dictionary,1.0,False,,capital,"[{""tk"": ""capital"", ""act"": 29.359546661376953}, {""tk"": ""city"", ""act"": 11.154122352600098}, {""tk"": ""is"", ""act"": 3.395308494567871}, {""tk"": ""entity"", ""act"": 0.0}, {""tk"": ""in"", ""act"": 0.0}, {""tk"": ""Oklahoma"", ""act"": 0.0}, {""tk"": ""USA"", ""act"": 0.0}, {""tk"": ""Tulsa"", ""act"": 0.0}, {""tk"": ""The"", ""act"": 0.0}, {""tk"": ""of"", ""act"": 0.0}, {""tk"": ""state"", ""act"": 0.0}, {""tk"": ""United"", ""act"": 0.0}, {""tk"": ""attribute"", ""act"": 0.0}, {""tk"": ""seat"", ""act"": 0.0}, {""tk"": ""government"", ""act"": 0.0}, {""tk"": ""relationship"", ""act"": 0.0}, {""tk"": ""which"", ""act"": 0.0}, {""tk"": ""containing"", ""act"": 0.0}]"
4_72482,4,72482,relationship: the state in which a city is located is the state containing,relationship,1,0.0,0.0,semantic,"[{""token"": ""relationship"", ""index"": 1, ""distance"": 0, ""direction"": ""self""}]",n/a,Semantic,Ambiguous,0.3,True,"Ambiguous: peak_cons=0.50, n_peaks=1, func_vs_sem=100.0%, layer=4",is,"[{""tk"": ""is"", ""act"": 13.952035903930664}, {""tk"": ""entity"", ""act"": 0.0}, {""tk"": ""city"", ""act"": 0.0}, {""tk"": ""in"", ""act"": 0.0}, {""tk"": ""Oklahoma"", ""act"": 0.0}, {""tk"": ""USA"", ""act"": 0.0}, {""tk"": ""Tulsa"", ""act"": 0.0}, {""tk"": ""The"", ""act"": 0.0}, {""tk"": ""capital"", ""act"": 0.0}, {""tk"": ""of"", ""act"": 0.0}, {""tk"": ""state"", ""act"": 0.0}, {""tk"": ""United"", ""act"": 0.0}, {""tk"": ""attribute"", ""act"": 0.0}, {""tk"": ""seat"", ""act"": 0.0}, {""tk"": ""government"", ""act"": 0.0}, {""tk"": ""relationship"", ""act"": 0.0}, {""tk"": ""which"", ""act"": 0.0}, {""tk"": ""containing"", ""act"": 0.0}]"
4_83005,4,83005,relationship: the state in which a city is located is the state containing,relationship,1,0.0,0.0,semantic,"[{""token"": ""relationship"", ""index"": 1, ""distance"": 0, ""direction"": ""self""}]",n/a,Semantic,Ambiguous,0.3,True,"Ambiguous: peak_cons=0.50, n_peaks=1, func_vs_sem=100.0%, layer=4",is,"[{""tk"": ""is"", ""act"": 13.84489631652832}, {""tk"": ""entity"", ""act"": 0.0}, {""tk"": ""city"", ""act"": 0.0}, {""tk"": ""in"", ""act"": 0.0}, {""tk"": ""Oklahoma"", ""act"": 0.0}, {""tk"": ""USA"", ""act"": 0.0}, {""tk"": ""Tulsa"", ""act"": 0.0}, {""tk"": ""The"", ""act"": 0.0}, {""tk"": ""capital"", ""act"": 0.0}, {""tk"": ""of"", ""act"": 0.0}, {""tk"": ""state"", ""act"": 0.0}, {""tk"": ""United"", ""act"": 0.0}, {""tk"": ""attribute"", ""act"": 0.0}, {""tk"": ""seat"", ""act"": 0.0}, {""tk"": ""government"", ""act"": 0.0}, {""tk"": ""relationship"", ""act"": 0.0}, {""tk"": ""which"", ""act"": 0.0}, {""tk"": ""containing"", ""act"": 0.0}]"
4_95888,4,95888,relationship: the state in which a city is located is the state containing,relationship,1,0.0,0.0,semantic,"[{""token"": ""relationship"", ""index"": 1, ""distance"": 0, ""direction"": ""self""}]",n/a,Semantic,Dictionary,1.0,False,,Tulsa,"[{""tk"": ""Tulsa"", ""act"": 46.79619216918945}, {""tk"": ""entity"", ""act"": 0.0}, {""tk"": ""city"", ""act"": 0.0}, {""tk"": ""in"", ""act"": 0.0}, {""tk"": ""Oklahoma"", ""act"": 0.0}, {""tk"": ""USA"", ""act"": 0.0}, {""tk"": ""is"", ""act"": 0.0}, {""tk"": ""The"", ""act"": 0.0}, {""tk"": ""capital"", ""act"": 0.0}, {""tk"": ""of"", ""act"": 0.0}, {""tk"": ""state"", ""act"": 0.0}, {""tk"": ""United"", ""act"": 0.0}, {""tk"": ""attribute"", ""act"": 0.0}, {""tk"": ""seat"", ""act"": 0.0}, {""tk"": ""government"", ""act"": 0.0}, {""tk"": ""relationship"", ""act"": 0.0}, {""tk"": ""which"", ""act"": 0.0}, {""tk"": ""containing"", ""act"": 0.0}]"
4_97813,4,97813,relationship: the state in which a city is located is the state containing,relationship,1,0.0,0.0,semantic,"[{""token"": ""relationship"", ""index"": 1, ""distance"": 0, ""direction"": ""self""}]",n/a,Semantic,Concept,0.7,False,,government,"[{""tk"": ""government"", ""act"": 17.90291976928711}, {""tk"": ""of"", ""act"": 14.3899507522583}, {""tk"": ""seat"", ""act"": 14.0704984664917}, {""tk"": ""city"", ""act"": 13.028558731079102}, {""tk"": ""capital"", ""act"": 10.718213081359863}, {""tk"": ""is"", ""act"": 5.391778945922852}, {""tk"": ""the"", ""act"": 1.4474035501480103}, {""tk"": ""entity"", ""act"": 0.0}, {""tk"": ""in"", ""act"": 0.0}, {""tk"": ""Oklahoma"", ""act"": 0.0}, {""tk"": ""USA"", ""act"": 0.0}, {""tk"": ""Tulsa"", ""act"": 0.0}, {""tk"": ""state"", ""act"": 0.0}, {""tk"": ""United"", ""act"": 0.0}, {""tk"": ""attribute"", ""act"": 0.0}, {""tk"": ""relationship"", ""act"": 0.0}, {""tk"": ""which"", ""act"": 0.0}, {""tk"": ""containing"", ""act"": 0.0}]"
5_1551,5,1551,relationship: the state in which a city is located is the state containing,relationship,1,40.19044876098633,0.9285714285714284,semantic,"[{""token"": ""relationship"", ""index"": 1, ""distance"": 0, ""direction"": ""self""}]",n/a,Semantic,Concept,0.7,False,,relationship,"[{""tk"": ""relationship"", ""act"": 40.19044876098633}, {""tk"": ""attribute"", ""act"": 39.44136428833008}, {""tk"": ""entity"", ""act"": 37.91087341308594}, {""tk"": ""city"", ""act"": 0.0}, {""tk"": ""in"", ""act"": 0.0}, {""tk"": ""Oklahoma"", ""act"": 0.0}, {""tk"": ""USA"", ""act"": 0.0}, {""tk"": ""is"", ""act"": 0.0}, {""tk"": ""Tulsa"", ""act"": 0.0}, {""tk"": ""The"", ""act"": 0.0}, {""tk"": ""capital"", ""act"": 0.0}, {""tk"": ""of"", ""act"": 0.0}, {""tk"": ""state"", ""act"": 0.0}, {""tk"": ""United"", ""act"": 0.0}, {""tk"": ""seat"", ""act"": 0.0}, {""tk"": ""government"", ""act"": 0.0}, {""tk"": ""which"", ""act"": 0.0}, {""tk"": ""containing"", ""act"": 0.0}]"
5_62103,5,62103,relationship: the state in which a city is located is the state containing,relationship,1,0.0,0.0,semantic,"[{""token"": ""relationship"", ""index"": 1, ""distance"": 0, ""direction"": ""self""}]",n/a,Semantic,Dictionary,1.0,False,,Tulsa,"[{""tk"": ""Tulsa"", ""act"": 5.526529788970947}, {""tk"": ""entity"", ""act"": 0.0}, {""tk"": ""city"", ""act"": 0.0}, {""tk"": ""in"", ""act"": 0.0}, {""tk"": ""Oklahoma"", ""act"": 0.0}, {""tk"": ""USA"", ""act"": 0.0}, {""tk"": ""is"", ""act"": 0.0}, {""tk"": ""The"", ""act"": 0.0}, {""tk"": ""capital"", ""act"": 0.0}, {""tk"": ""of"", ""act"": 0.0}, {""tk"": ""state"", ""act"": 0.0}, {""tk"": ""United"", ""act"": 0.0}, {""tk"": ""attribute"", ""act"": 0.0}, {""tk"": ""seat"", ""act"": 0.0}, {""tk"": ""government"", ""act"": 0.0}, {""tk"": ""relationship"", ""act"": 0.0}, {""tk"": ""which"", ""act"": 0.0}, {""tk"": ""containing"", ""act"": 0.0}]"
5_5917,5,5917,relationship: the state in which a city is located is the state containing,relationship,1,0.0,0.0,semantic,"[{""token"": ""relationship"", ""index"": 1, ""distance"": 0, ""direction"": ""self""}]",n/a,Semantic,Concept,0.7,False,,City,"[{""tk"": ""City"", ""act"": 18.723318099975586}, {""tk"": ""Oklahoma"", ""act"": 18.681676864624023}, {""tk"": ""Tulsa"", ""act"": 9.639930725097656}, {""tk"": ""entity"", ""act"": 0.0}, {""tk"": ""in"", ""act"": 0.0}, {""tk"": ""USA"", ""act"": 0.0}, {""tk"": ""is"", ""act"": 0.0}, {""tk"": ""The"", ""act"": 0.0}, {""tk"": ""capital"", ""act"": 0.0}, {""tk"": ""of"", ""act"": 0.0}, {""tk"": ""state"", ""act"": 0.0}, {""tk"": ""United"", ""act"": 0.0}, {""tk"": ""attribute"", ""act"": 0.0}, {""tk"": ""seat"", ""act"": 0.0}, {""tk"": ""government"", ""act"": 0.0}, {""tk"": ""relationship"", ""act"": 0.0}, {""tk"": ""which"", ""act"": 0.0}, {""tk"": ""containing"", ""act"": 0.0}]"
5_25085,5,25085,relationship: the state in which a city is located is the state containing,relationship,1,0.0,0.0,semantic,"[{""token"": ""relationship"", ""index"": 1, ""distance"": 0, ""direction"": ""self""}]",n/a,Semantic,Concept,0.7,False,,Oklahoma,"[{""tk"": ""Oklahoma"", ""act"": 21.459491729736328}, {""tk"": ""USA"", ""act"": 7.712401866912842}, {""tk"": ""City"", ""act"": 5.686503887176514}, {""tk"": ""Tulsa"", ""act"": 1.9479179382324219}, {""tk"": ""entity"", ""act"": 0.0}, {""tk"": ""in"", ""act"": 0.0}, {""tk"": ""is"", ""act"": 0.0}, {""tk"": ""The"", ""act"": 0.0}, {""tk"": ""capital"", ""act"": 0.0}, {""tk"": ""of"", ""act"": 0.0}, {""tk"": ""state"", ""act"": 0.0}, {""tk"": ""United"", ""act"": 0.0}, {""tk"": ""attribute"", ""act"": 0.0}, {""tk"": ""seat"", ""act"": 0.0}, {""tk"": ""government"", ""act"": 0.0}, {""tk"": ""relationship"", ""act"": 0.0}, {""tk"": ""which"", ""act"": 0.0}, {""tk"": ""containing"", ""act"": 0.0}]"
5_32184,5,32184,relationship: the state in which a city is located is the state containing,relationship,1,0.0,0.0,semantic,"[{""token"": ""relationship"", ""index"": 1, ""distance"": 0, ""direction"": ""self""}]",n/a,Semantic,Ambiguous,0.3,True,"Ambiguous: peak_cons=0.33, n_peaks=3, func_vs_sem=51.1%, layer=5",capital,"[{""tk"": ""of"", ""act"": 32.639617919921875}, {""tk"": ""capital"", ""act"": 15.967439651489258}, {""tk"": ""city"", ""act"": 14.918037414550781}, {""tk"": ""is"", ""act"": 2.2012782096862793}, {""tk"": ""in"", ""act"": 2.1469907760620117}, {""tk"": ""seat"", ""act"": 1.4746685028076172}, {""tk"": ""entity"", ""act"": 0.0}, {""tk"": ""Oklahoma"", ""act"": 0.0}, {""tk"": ""USA"", ""act"": 0.0}, {""tk"": ""Tulsa"", ""act"": 0.0}, {""tk"": ""The"", ""act"": 0.0}, {""tk"": ""state"", ""act"": 0.0}, {""tk"": ""United"", ""act"": 0.0}, {""tk"": ""attribute"", ""act"": 0.0}, {""tk"": ""government"", ""act"": 0.0}, {""tk"": ""relationship"", ""act"": 0.0}, {""tk"": ""which"", ""act"": 0.0}, {""tk"": ""containing"", ""act"": 0.0}]"
5_34406,5,34406,relationship: the state in which a city is located is the state containing,relationship,1,0.0,0.0,semantic,"[{""token"": ""relationship"", ""index"": 1, ""distance"": 0, ""direction"": ""self""}]",n/a,Semantic,Ambiguous,0.3,True,"Ambiguous: peak_cons=0.17, n_peaks=1, func_vs_sem=100.0%, layer=5",is,"[{""tk"": ""is"", ""act"": 0.6847803592681885}, {""tk"": ""entity"", ""act"": 0.0}, {""tk"": ""city"", ""act"": 0.0}, {""tk"": ""in"", ""act"": 0.0}, {""tk"": ""Oklahoma"", ""act"": 0.0}, {""tk"": ""USA"", ""act"": 0.0}, {""tk"": ""Tulsa"", ""act"": 0.0}, {""tk"": ""The"", ""act"": 0.0}, {""tk"": ""capital"", ""act"": 0.0}, {""tk"": ""of"", ""act"": 0.0}, {""tk"": ""state"", ""act"": 0.0}, {""tk"": ""United"", ""act"": 0.0}, {""tk"": ""attribute"", ""act"": 0.0}, {""tk"": ""seat"", ""act"": 0.0}, {""tk"": ""government"", ""act"": 0.0}, {""tk"": ""relationship"", ""act"": 0.0}, {""tk"": ""which"", ""act"": 0.0}, {""tk"": ""containing"", ""act"": 0.0}]"
5_51213,5,51213,relationship: the state in which a city is located is the state containing,relationship,1,0.0,0.0,semantic,"[{""token"": ""relationship"", ""index"": 1, ""distance"": 0, ""direction"": ""self""}]",n/a,Semantic,Concept,0.5,False,,capital,"[{""tk"": ""of"", ""act"": 18.14890480041504}, {""tk"": ""city"", ""act"": 8.983392715454102}, {""tk"": ""is"", ""act"": 6.897368431091309}, {""tk"": ""capital"", ""act"": 5.454928398132324}, {""tk"": ""seat"", ""act"": 5.393360137939453}, {""tk"": ""government"", ""act"": 1.9978015422821045}, {""tk"": ""entity"", ""act"": 0.0}, {""tk"": ""in"", ""act"": 0.0}, {""tk"": ""Oklahoma"", ""act"": 0.0}, {""tk"": ""USA"", ""act"": 0.0}, {""tk"": ""Tulsa"", ""act"": 0.0}, {""tk"": ""The"", ""act"": 0.0}, {""tk"": ""state"", ""act"": 0.0}, {""tk"": ""United"", ""act"": 0.0}, {""tk"": ""attribute"", ""act"": 0.0}, {""tk"": ""relationship"", ""act"": 0.0}, {""tk"": ""which"", ""act"": 0.0}, {""tk"": ""containing"", ""act"": 0.0}]"
5_94154,5,94154,relationship: the state in which a city is located is the state containing,relationship,1,0.0,0.0,semantic,"[{""token"": ""relationship"", ""index"": 1, ""distance"": 0, ""direction"": ""self""}]",n/a,Semantic,Concept,0.8371131296887989,False,,government,"[{""tk"": ""is"", ""act"": 12.922520637512207}, {""tk"": ""government"", ""act"": 10.817611694335938}, {""tk"": ""city"", ""act"": 5.639001846313477}, {""tk"": ""the"", ""act"": 1.1909029483795166}, {""tk"": ""capital"", ""act"": 0.6328201293945312}, {""tk"": ""entity"", ""act"": 0.0}, {""tk"": ""in"", ""act"": 0.0}, {""tk"": ""Oklahoma"", ""act"": 0.0}, {""tk"": ""USA"", ""act"": 0.0}, {""tk"": ""Tulsa"", ""act"": 0.0}, {""tk"": ""of"", ""act"": 0.0}, {""tk"": ""state"", ""act"": 0.0}, {""tk"": ""United"", ""act"": 0.0}, {""tk"": ""attribute"", ""act"": 0.0}, {""tk"": ""seat"", ""act"": 0.0}, {""tk"": ""relationship"", ""act"": 0.0}, {""tk"": ""which"", ""act"": 0.0}, {""tk"": ""containing"", ""act"": 0.0}]"
6_22143,6,22143,relationship: the state in which a city is located is the state containing, city,8,17.3726863861084,0.664874451006957,semantic,"[{""token"": "" city"", ""index"": 8, ""distance"": 0, ""direction"": ""self""}]",n/a,Semantic,Concept,0.7,False,,USA,"[{""tk"": ""USA"", ""act"": 29.6772518157959}, {""tk"": ""capital"", ""act"": 27.022661209106445}, {""tk"": ""attribute"", ""act"": 25.566389083862305}, {""tk"": ""Oklahoma"", ""act"": 24.8913516998291}, {""tk"": ""entity"", ""act"": 23.500473022460938}, {""tk"": ""city"", ""act"": 17.3726863861084}, {""tk"": ""is"", ""act"": 16.952861785888672}, {""tk"": ""state"", ""act"": 13.70422649383545}, {""tk"": ""the"", ""act"": 13.393610000610352}, {""tk"": ""in"", ""act"": 9.335844039916992}, {""tk"": ""Tulsa"", ""act"": 7.9303460121154785}, {""tk"": ""relationship"", ""act"": 6.419626712799072}, {""tk"": ""United"", ""act"": 4.0318522453308105}, {""tk"": ""which"", ""act"": 0.24917440116405487}, {""tk"": ""of"", ""act"": 0.0}, {""tk"": ""seat"", ""act"": 0.0}, {""tk"": ""government"", ""act"": 0.0}, {""tk"": ""containing"", ""act"": 0.0}]"
6_82979,6,82979,relationship: the state in which a city is located is the state containing,relationship,1,0.0,0.0,semantic,"[{""token"": ""relationship"", ""index"": 1, ""distance"": 0, ""direction"": ""self""}]",n/a,Semantic,Concept,0.7,False,,Oklahoma,"[{""tk"": ""Oklahoma"", ""act"": 6.748495101928711}, {""tk"": ""Tulsa"", ""act"": 5.861833572387695}, {""tk"": ""City"", ""act"": 0.40500813722610474}, {""tk"": ""entity"", ""act"": 0.0}, {""tk"": ""in"", ""act"": 0.0}, {""tk"": ""USA"", ""act"": 0.0}, {""tk"": ""is"", ""act"": 0.0}, {""tk"": ""The"", ""act"": 0.0}, {""tk"": ""capital"", ""act"": 0.0}, {""tk"": ""of"", ""act"": 0.0}, {""tk"": ""state"", ""act"": 0.0}, {""tk"": ""United"", ""act"": 0.0}, {""tk"": ""attribute"", ""act"": 0.0}, {""tk"": ""seat"", ""act"": 0.0}, {""tk"": ""government"", ""act"": 0.0}, {""tk"": ""relationship"", ""act"": 0.0}, {""tk"": ""which"", ""act"": 0.0}, {""tk"": ""containing"", ""act"": 0.0}]"
6_34521,6,34521,relationship: the state in which a city is located is the state containing,relationship,1,0.0,0.0,semantic,"[{""token"": ""relationship"", ""index"": 1, ""distance"": 0, ""direction"": ""self""}]",n/a,Semantic,Concept,0.7,False,,Oklahoma,"[{""tk"": ""Oklahoma"", ""act"": 7.293138027191162}, {""tk"": ""Tulsa"", ""act"": 2.9419121742248535}, {""tk"": ""entity"", ""act"": 0.0}, {""tk"": ""city"", ""act"": 0.0}, {""tk"": ""in"", ""act"": 0.0}, {""tk"": ""USA"", ""act"": 0.0}, {""tk"": ""is"", ""act"": 0.0}, {""tk"": ""The"", ""act"": 0.0}, {""tk"": ""capital"", ""act"": 0.0}, {""tk"": ""of"", ""act"": 0.0}, {""tk"": ""state"", ""act"": 0.0}, {""tk"": ""United"", ""act"": 0.0}, {""tk"": ""attribute"", ""act"": 0.0}, {""tk"": ""seat"", ""act"": 0.0}, {""tk"": ""government"", ""act"": 0.0}, {""tk"": ""relationship"", ""act"": 0.0}, {""tk"": ""which"", ""act"": 0.0}, {""tk"": ""containing"", ""act"": 0.0}]"
6_78249,6,78249,relationship: the state in which a city is located is the state containing,relationship,1,0.0,0.0,semantic,"[{""token"": ""relationship"", ""index"": 1, ""distance"": 0, ""direction"": ""self""}]",n/a,Semantic,Concept,0.7,False,,Tulsa,"[{""tk"": ""Tulsa"", ""act"": 13.081111907958984}, {""tk"": ""City"", ""act"": 10.932038307189941}, {""tk"": ""entity"", ""act"": 0.0}, {""tk"": ""in"", ""act"": 0.0}, {""tk"": ""Oklahoma"", ""act"": 0.0}, {""tk"": ""USA"", ""act"": 0.0}, {""tk"": ""is"", ""act"": 0.0}, {""tk"": ""The"", ""act"": 0.0}, {""tk"": ""capital"", ""act"": 0.0}, {""tk"": ""of"", ""act"": 0.0}, {""tk"": ""state"", ""act"": 0.0}, {""tk"": ""United"", ""act"": 0.0}, {""tk"": ""attribute"", ""act"": 0.0}, {""tk"": ""seat"", ""act"": 0.0}, {""tk"": ""government"", ""act"": 0.0}, {""tk"": ""relationship"", ""act"": 0.0}, {""tk"": ""which"", ""act"": 0.0}, {""tk"": ""containing"", ""act"": 0.0}]"
7_66851,7,66851,relationship: the state in which a city is located is the state containing,:,2,42.424102783203125,0.4702845545598218,functional,"[{""token"": "" state"", ""index"": 4, ""distance"": 2, ""direction"": ""forward""}, {""token"": ""relationship"", ""index"": 1, ""distance"": 1, ""direction"": ""backward""}]",json,Relationship,,1.0,False,,(capital) related,"[{""tk"": ""capital"", ""act"": 51.12392044067383}, {""tk"": ""The"", ""act"": 49.53570556640625}, {""tk"": ""city"", ""act"": 47.1239128112793}, {""tk"": ""attribute"", ""act"": 44.321834564208984}, {""tk"": ""state"", ""act"": 40.79597854614258}, {""tk"": ""Oklahoma"", ""act"": 37.870025634765625}, {""tk"": ""relationship"", ""act"": 36.99917984008789}, {""tk"": ""Tulsa"", ""act"": 36.14399719238281}, {""tk"": ""entity"", ""act"": 35.37952423095703}, {""tk"": ""in"", ""act"": 33.60566329956055}, {""tk"": ""is"", ""act"": 30.233966827392578}, {""tk"": ""USA"", ""act"": 25.287979125976562}, {""tk"": ""United"", ""act"": 24.42596435546875}, {""tk"": ""of"", ""act"": 15.559822082519531}, {""tk"": ""government"", ""act"": 14.86802864074707}, {""tk"": ""which"", ""act"": 12.457620620727539}, {""tk"": ""containing"", ""act"": 9.191671371459961}, {""tk"": ""seat"", ""act"": 7.343652248382568}]"
7_79007,7,79007,relationship: the state in which a city is located is the state containing, is,11,1.2975507974624634,0.8200375374798954,functional,"[{""token"": "" state"", ""index"": 13, ""distance"": 2, ""direction"": ""forward""}]",json,"Say ""X""",,1.0,False,,Say (Oklahoma),"[{""tk"": ""is"", ""act"": 6.294589042663574}, {""tk"": ""Oklahoma"", ""act"": 2.8953616619110107}, {""tk"": ""the"", ""act"": 1.0101656913757324}, {""tk"": ""containing"", ""act"": 0.4453907310962677}, {""tk"": ""state"", ""act"": 0.40794315934181213}, {""tk"": ""entity"", ""act"": 0.0}, {""tk"": ""city"", ""act"": 0.0}, {""tk"": ""in"", ""act"": 0.0}, {""tk"": ""USA"", ""act"": 0.0}, {""tk"": ""Tulsa"", ""act"": 0.0}, {""tk"": ""capital"", ""act"": 0.0}, {""tk"": ""of"", ""act"": 0.0}, {""tk"": ""United"", ""act"": 0.0}, {""tk"": ""attribute"", ""act"": 0.0}, {""tk"": ""seat"", ""act"": 0.0}, {""tk"": ""government"", ""act"": 0.0}, {""tk"": ""relationship"", ""act"": 0.0}, {""tk"": ""which"", ""act"": 0.0}]"
7_61400,7,61400,relationship: the state in which a city is located is the state containing, located,10,8.55516242980957,0.827930369672086,semantic,"[{""token"": "" located"", ""index"": 10, ""distance"": 0, ""direction"": ""self""}]",n/a,Semantic,Concept,0.9038342904144644,False,,seat,"[{""tk"": ""seat"", ""act"": 27.047378540039062}, {""tk"": ""of"", ""act"": 24.446348190307617}, {""tk"": ""city"", ""act"": 17.92447280883789}, {""tk"": ""capital"", ""act"": 17.00651741027832}, {""tk"": ""government"", ""act"": 15.848814010620117}, {""tk"": ""the"", ""act"": 15.074621200561523}, {""tk"": ""in"", ""act"": 11.801795959472656}, {""tk"": ""is"", ""act"": 9.871255874633789}, {""tk"": ""state"", ""act"": 3.8132119178771973}, {""tk"": ""entity"", ""act"": 0.0}, {""tk"": ""Oklahoma"", ""act"": 0.0}, {""tk"": ""USA"", ""act"": 0.0}, {""tk"": ""Tulsa"", ""act"": 0.0}, {""tk"": ""United"", ""act"": 0.0}, {""tk"": ""attribute"", ""act"": 0.0}, {""tk"": ""relationship"", ""act"": 0.0}, {""tk"": ""which"", ""act"": 0.0}, {""tk"": ""containing"", ""act"": 0.0}]"
7_3144,7,3144,relationship: the state in which a city is located is the state containing,relationship,1,0.0,0.0,semantic,"[{""token"": ""relationship"", ""index"": 1, ""distance"": 0, ""direction"": ""self""}]",n/a,Semantic,Concept,0.7,False,,seat,"[{""tk"": ""seat"", ""act"": 19.122955322265625}, {""tk"": ""of"", ""act"": 17.120378494262695}, {""tk"": ""is"", ""act"": 12.879249572753906}, {""tk"": ""government"", ""act"": 9.54631233215332}, {""tk"": ""the"", ""act"": 6.785433292388916}, {""tk"": ""capital"", ""act"": 4.430372714996338}, {""tk"": ""state"", ""act"": 0.8215770721435547}, {""tk"": ""entity"", ""act"": 0.0}, {""tk"": ""city"", ""act"": 0.0}, {""tk"": ""in"", ""act"": 0.0}, {""tk"": ""Oklahoma"", ""act"": 0.0}, {""tk"": ""USA"", ""act"": 0.0}, {""tk"": ""Tulsa"", ""act"": 0.0}, {""tk"": ""United"", ""act"": 0.0}, {""tk"": ""attribute"", ""act"": 0.0}, {""tk"": ""relationship"", ""act"": 0.0}, {""tk"": ""which"", ""act"": 0.0}, {""tk"": ""containing"", ""act"": 0.0}]"
7_4843,7,4843,relationship: the state in which a city is located is the state containing,relationship,1,0.0,0.0,semantic,"[{""token"": ""relationship"", ""index"": 1, ""distance"": 0, ""direction"": ""self""}]",n/a,Semantic,Concept,0.7,False,,Oklahoma,"[{""tk"": ""Oklahoma"", ""act"": 22.43785858154297}, {""tk"": ""City"", ""act"": 5.043588638305664}, {""tk"": ""Tulsa"", ""act"": 4.893733024597168}, {""tk"": ""entity"", ""act"": 0.0}, {""tk"": ""in"", ""act"": 0.0}, {""tk"": ""USA"", ""act"": 0.0}, {""tk"": ""is"", ""act"": 0.0}, {""tk"": ""The"", ""act"": 0.0}, {""tk"": ""capital"", ""act"": 0.0}, {""tk"": ""of"", ""act"": 0.0}, {""tk"": ""state"", ""act"": 0.0}, {""tk"": ""United"", ""act"": 0.0}, {""tk"": ""attribute"", ""act"": 0.0}, {""tk"": ""seat"", ""act"": 0.0}, {""tk"": ""government"", ""act"": 0.0}, {""tk"": ""relationship"", ""act"": 0.0}, {""tk"": ""which"", ""act"": 0.0}, {""tk"": ""containing"", ""act"": 0.0}]"
7_35934,7,35934,relationship: the state in which a city is located is the state containing,relationship,1,0.0,0.0,semantic,"[{""token"": ""relationship"", ""index"": 1, ""distance"": 0, ""direction"": ""self""}]",n/a,Semantic,Concept,0.7,False,,Oklahoma,"[{""tk"": ""Oklahoma"", ""act"": 15.385884284973145}, {""tk"": ""Tulsa"", ""act"": 10.748343467712402}, {""tk"": ""City"", ""act"": 9.092178344726562}, {""tk"": ""is"", ""act"": 1.6983782052993774}, {""tk"": ""entity"", ""act"": 0.0}, {""tk"": ""in"", ""act"": 0.0}, {""tk"": ""USA"", ""act"": 0.0}, {""tk"": ""The"", ""act"": 0.0}, {""tk"": ""capital"", ""act"": 0.0}, {""tk"": ""of"", ""act"": 0.0}, {""tk"": ""state"", ""act"": 0.0}, {""tk"": ""United"", ""act"": 0.0}, {""tk"": ""attribute"", ""act"": 0.0}, {""tk"": ""seat"", ""act"": 0.0}, {""tk"": ""government"", ""act"": 0.0}, {""tk"": ""relationship"", ""act"": 0.0}, {""tk"": ""which"", ""act"": 0.0}, {""tk"": ""containing"", ""act"": 0.0}]"
7_70223,7,70223,relationship: the state in which a city is located is the state containing,relationship,1,0.0,0.0,semantic,"[{""token"": ""relationship"", ""index"": 1, ""distance"": 0, ""direction"": ""self""}]",n/a,Relationship,,1.0,False,,(entity) related,"[{""tk"": ""entity"", ""act"": 0.0}, {""tk"": ""city"", ""act"": 0.0}, {""tk"": ""in"", ""act"": 0.0}, {""tk"": ""Oklahoma"", ""act"": 0.0}, {""tk"": ""USA"", ""act"": 0.0}, {""tk"": ""is"", ""act"": 0.0}, {""tk"": ""Tulsa"", ""act"": 0.0}, {""tk"": ""The"", ""act"": 0.0}, {""tk"": ""capital"", ""act"": 0.0}, {""tk"": ""of"", ""act"": 0.0}, {""tk"": ""state"", ""act"": 0.0}, {""tk"": ""United"", ""act"": 0.0}, {""tk"": ""attribute"", ""act"": 0.0}, {""tk"": ""seat"", ""act"": 0.0}, {""tk"": ""government"", ""act"": 0.0}, {""tk"": ""relationship"", ""act"": 0.0}, {""tk"": ""which"", ""act"": 0.0}, {""tk"": ""containing"", ""act"": 0.0}]"
7_89264,7,89264,relationship: the state in which a city is located is the state containing,relationship,1,0.0,0.0,semantic,"[{""token"": ""relationship"", ""index"": 1, ""distance"": 0, ""direction"": ""self""}]",n/a,"Say ""X""",,1.0,False,,Say (Oklahoma),"[{""tk"": ""is"", ""act"": 5.935651779174805}, {""tk"": ""entity"", ""act"": 0.0}, {""tk"": ""city"", ""act"": 0.0}, {""tk"": ""in"", ""act"": 0.0}, {""tk"": ""Oklahoma"", ""act"": 0.0}, {""tk"": ""USA"", ""act"": 0.0}, {""tk"": ""Tulsa"", ""act"": 0.0}, {""tk"": ""The"", ""act"": 0.0}, {""tk"": ""capital"", ""act"": 0.0}, {""tk"": ""of"", ""act"": 0.0}, {""tk"": ""state"", ""act"": 0.0}, {""tk"": ""United"", ""act"": 0.0}, {""tk"": ""attribute"", ""act"": 0.0}, {""tk"": ""seat"", ""act"": 0.0}, {""tk"": ""government"", ""act"": 0.0}, {""tk"": ""relationship"", ""act"": 0.0}, {""tk"": ""which"", ""act"": 0.0}, {""tk"": ""containing"", ""act"": 0.0}]"
8_37691,8,37691,relationship: the state in which a city is located is the state containing, city,8,42.40685272216797,0.5334084181235971,semantic,"[{""token"": "" city"", ""index"": 8, ""distance"": 0, ""direction"": ""self""}]",n/a,Semantic,Concept,0.7,False,,Oklahoma,"[{""tk"": ""Oklahoma"", ""act"": 59.9482421875}, {""tk"": ""Tulsa"", ""act"": 47.75476837158203}, {""tk"": ""city"", ""act"": 42.40685272216797}, {""tk"": ""state"", ""act"": 38.081817626953125}, {""tk"": ""United"", ""act"": 34.35245132446289}, {""tk"": ""is"", ""act"": 34.14787673950195}, {""tk"": ""in"", ""act"": 33.59162902832031}, {""tk"": ""capital"", ""act"": 32.52396774291992}, {""tk"": ""the"", ""act"": 31.789443969726562}, {""tk"": ""which"", ""act"": 26.694414138793945}, {""tk"": ""USA"", ""act"": 21.671632766723633}, {""tk"": ""containing"", ""act"": 20.22340965270996}, {""tk"": ""attribute"", ""act"": 13.858716011047363}, {""tk"": ""of"", ""act"": 9.817935943603516}, {""tk"": ""seat"", ""act"": 7.010494709014893}, {""tk"": ""entity"", ""act"": 6.141034126281738}, {""tk"": ""government"", ""act"": 3.096951723098755}, {""tk"": ""relationship"", ""act"": 0.0}]"
8_49126,8,49126,relationship: the state in which a city is located is the state containing, city,8,5.420082092285156,0.7915489940497052,semantic,"[{""token"": "" city"", ""index"": 8, ""distance"": 0, ""direction"": ""self""}]",n/a,Semantic,Concept,0.7,False,,city,"[{""tk"": ""the"", ""act"": 9.22913646697998}, {""tk"": ""city"", ""act"": 5.420082092285156}, {""tk"": ""seat"", ""act"": 4.043637275695801}, {""tk"": ""is"", ""act"": 1.78456711769104}, {""tk"": ""containing"", ""act"": 1.69818115234375}, {""tk"": ""in"", ""act"": 1.0876405239105225}, {""tk"": ""of"", ""act"": 0.6516338586807251}, {""tk"": ""entity"", ""act"": 0.0}, {""tk"": ""Oklahoma"", ""act"": 0.0}, {""tk"": ""USA"", ""act"": 0.0}, {""tk"": ""Tulsa"", ""act"": 0.0}, {""tk"": ""capital"", ""act"": 0.0}, {""tk"": ""state"", ""act"": 0.0}, {""tk"": ""United"", ""act"": 0.0}, {""tk"": ""attribute"", ""act"": 0.0}, {""tk"": ""government"", ""act"": 0.0}, {""tk"": ""relationship"", ""act"": 0.0}, {""tk"": ""which"", ""act"": 0.0}]"
8_27025,8,27025,relationship: the state in which a city is located is the state containing,relationship,1,0.0,0.0,semantic,"[{""token"": ""relationship"", ""index"": 1, ""distance"": 0, ""direction"": ""self""}]",n/a,Semantic,Concept,0.7,False,,city,"[{""tk"": ""city"", ""act"": 18.328699111938477}, {""tk"": ""is"", ""act"": 16.004262924194336}, {""tk"": ""capital"", ""act"": 9.931890487670898}, {""tk"": ""of"", ""act"": 9.516048431396484}, {""tk"": ""entity"", ""act"": 0.0}, {""tk"": ""in"", ""act"": 0.0}, {""tk"": ""Oklahoma"", ""act"": 0.0}, {""tk"": ""USA"", ""act"": 0.0}, {""tk"": ""Tulsa"", ""act"": 0.0}, {""tk"": ""The"", ""act"": 0.0}, {""tk"": ""state"", ""act"": 0.0}, {""tk"": ""United"", ""act"": 0.0}, {""tk"": ""attribute"", ""act"": 0.0}, {""tk"": ""seat"", ""act"": 0.0}, {""tk"": ""government"", ""act"": 0.0}, {""tk"": ""relationship"", ""act"": 0.0}, {""tk"": ""which"", ""act"": 0.0}, {""tk"": ""containing"", ""act"": 0.0}]"
8_33722,8,33722,relationship: the state in which a city is located is the state containing,relationship,1,0.0,0.0,semantic,"[{""token"": ""relationship"", ""index"": 1, ""distance"": 0, ""direction"": ""self""}]",n/a,Semantic,Concept,0.7,False,,Oklahoma,"[{""tk"": ""Oklahoma"", ""act"": 8.021228790283203}, {""tk"": ""Tulsa"", ""act"": 1.6153671741485596}, {""tk"": ""entity"", ""act"": 0.0}, {""tk"": ""city"", ""act"": 0.0}, {""tk"": ""in"", ""act"": 0.0}, {""tk"": ""USA"", ""act"": 0.0}, {""tk"": ""is"", ""act"": 0.0}, {""tk"": ""The"", ""act"": 0.0}, {""tk"": ""capital"", ""act"": 0.0}, {""tk"": ""of"", ""act"": 0.0}, {""tk"": ""state"", ""act"": 0.0}, {""tk"": ""United"", ""act"": 0.0}, {""tk"": ""attribute"", ""act"": 0.0}, {""tk"": ""seat"", ""act"": 0.0}, {""tk"": ""government"", ""act"": 0.0}, {""tk"": ""relationship"", ""act"": 0.0}, {""tk"": ""which"", ""act"": 0.0}, {""tk"": ""containing"", ""act"": 0.0}]"
8_43333,8,43333,relationship: the state in which a city is located is the state containing,relationship,1,0.0,0.0,semantic,"[{""token"": ""relationship"", ""index"": 1, ""distance"": 0, ""direction"": ""self""}]",n/a,"Say ""X""",,1.0,False,,Say (Oklahoma),"[{""tk"": ""is"", ""act"": 5.2949371337890625}, {""tk"": ""entity"", ""act"": 0.0}, {""tk"": ""city"", ""act"": 0.0}, {""tk"": ""in"", ""act"": 0.0}, {""tk"": ""Oklahoma"", ""act"": 0.0}, {""tk"": ""USA"", ""act"": 0.0}, {""tk"": ""Tulsa"", ""act"": 0.0}, {""tk"": ""The"", ""act"": 0.0}, {""tk"": ""capital"", ""act"": 0.0}, {""tk"": ""of"", ""act"": 0.0}, {""tk"": ""state"", ""act"": 0.0}, {""tk"": ""United"", ""act"": 0.0}, {""tk"": ""attribute"", ""act"": 0.0}, {""tk"": ""seat"", ""act"": 0.0}, {""tk"": ""government"", ""act"": 0.0}, {""tk"": ""relationship"", ""act"": 0.0}, {""tk"": ""which"", ""act"": 0.0}, {""tk"": ""containing"", ""act"": 0.0}]"
8_91259,8,91259,relationship: the state in which a city is located is the state containing,relationship,1,0.0,0.0,semantic,"[{""token"": ""relationship"", ""index"": 1, ""distance"": 0, ""direction"": ""self""}]",n/a,"Say ""X""",,1.0,False,,Say (Oklahoma),"[{""tk"": ""is"", ""act"": 6.2996134757995605}, {""tk"": ""city"", ""act"": 1.4647231101989746}, {""tk"": ""entity"", ""act"": 0.0}, {""tk"": ""in"", ""act"": 0.0}, {""tk"": ""Oklahoma"", ""act"": 0.0}, {""tk"": ""USA"", ""act"": 0.0}, {""tk"": ""Tulsa"", ""act"": 0.0}, {""tk"": ""The"", ""act"": 0.0}, {""tk"": ""capital"", ""act"": 0.0}, {""tk"": ""of"", ""act"": 0.0}, {""tk"": ""state"", ""act"": 0.0}, {""tk"": ""United"", ""act"": 0.0}, {""tk"": ""attribute"", ""act"": 0.0}, {""tk"": ""seat"", ""act"": 0.0}, {""tk"": ""government"", ""act"": 0.0}, {""tk"": ""relationship"", ""act"": 0.0}, {""tk"": ""which"", ""act"": 0.0}, {""tk"": ""containing"", ""act"": 0.0}]"
8_94844,8,94844,relationship: the state in which a city is located is the state containing,relationship,1,0.0,0.0,semantic,"[{""token"": ""relationship"", ""index"": 1, ""distance"": 0, ""direction"": ""self""}]",n/a,"Say ""X""",,1.0,False,,Say (Oklahoma),"[{""tk"": ""is"", ""act"": 4.347738742828369}, {""tk"": ""entity"", ""act"": 0.0}, {""tk"": ""city"", ""act"": 0.0}, {""tk"": ""in"", ""act"": 0.0}, {""tk"": ""Oklahoma"", ""act"": 0.0}, {""tk"": ""USA"", ""act"": 0.0}, {""tk"": ""Tulsa"", ""act"": 0.0}, {""tk"": ""The"", ""act"": 0.0}, {""tk"": ""capital"", ""act"": 0.0}, {""tk"": ""of"", ""act"": 0.0}, {""tk"": ""state"", ""act"": 0.0}, {""tk"": ""United"", ""act"": 0.0}, {""tk"": ""attribute"", ""act"": 0.0}, {""tk"": ""seat"", ""act"": 0.0}, {""tk"": ""government"", ""act"": 0.0}, {""tk"": ""relationship"", ""act"": 0.0}, {""tk"": ""which"", ""act"": 0.0}, {""tk"": ""containing"", ""act"": 0.0}]"
9_4679,9,4679,relationship: the state in which a city is located is the state containing,relationship,1,0.0,0.0,semantic,"[{""token"": ""relationship"", ""index"": 1, ""distance"": 0, ""direction"": ""self""}]",n/a,"Say ""X""",,1.0,False,,Say (Oklahoma),"[{""tk"": ""is"", ""act"": 3.1898462772369385}, {""tk"": ""the"", ""act"": 0.06924128532409668}, {""tk"": ""entity"", ""act"": 0.0}, {""tk"": ""city"", ""act"": 0.0}, {""tk"": ""in"", ""act"": 0.0}, {""tk"": ""Oklahoma"", ""act"": 0.0}, {""tk"": ""USA"", ""act"": 0.0}, {""tk"": ""Tulsa"", ""act"": 0.0}, {""tk"": ""capital"", ""act"": 0.0}, {""tk"": ""of"", ""act"": 0.0}, {""tk"": ""state"", ""act"": 0.0}, {""tk"": ""United"", ""act"": 0.0}, {""tk"": ""attribute"", ""act"": 0.0}, {""tk"": ""seat"", ""act"": 0.0}, {""tk"": ""government"", ""act"": 0.0}, {""tk"": ""relationship"", ""act"": 0.0}, {""tk"": ""which"", ""act"": 0.0}, {""tk"": ""containing"", ""act"": 0.0}]"
10_75793,10,75793,relationship: the state in which a city is located is the state containing, located,10,43.96098327636719,0.6789356063160934,semantic,"[{""token"": "" located"", ""index"": 10, ""distance"": 0, ""direction"": ""self""}]",n/a,Semantic,Concept,0.7,False,,Oklahoma,"[{""tk"": ""Oklahoma"", ""act"": 51.05384826660156}, {""tk"": ""is"", ""act"": 39.36930847167969}, {""tk"": ""city"", ""act"": 39.18864440917969}, {""tk"": ""USA"", ""act"": 38.450809478759766}, {""tk"": ""in"", ""act"": 31.05699920654297}, {""tk"": ""the"", ""act"": 30.694744110107422}, {""tk"": ""Tulsa"", ""act"": 26.914066314697266}, {""tk"": ""of"", ""act"": 26.388446807861328}, {""tk"": ""containing"", ""act"": 24.20592498779297}, {""tk"": ""United"", ""act"": 19.758338928222656}, {""tk"": ""government"", ""act"": 19.719295501708984}, {""tk"": ""capital"", ""act"": 15.062984466552734}, {""tk"": ""state"", ""act"": 14.852208137512207}, {""tk"": ""seat"", ""act"": 6.060904502868652}, {""tk"": ""entity"", ""act"": 0.0}, {""tk"": ""attribute"", ""act"": 0.0}, {""tk"": ""relationship"", ""act"": 0.0}, {""tk"": ""which"", ""act"": 0.0}]"
10_40368,10,40368,relationship: the state in which a city is located is the state containing,relationship,1,0.0,0.0,semantic,"[{""token"": ""relationship"", ""index"": 1, ""distance"": 0, ""direction"": ""self""}]",n/a,"Say ""X""",,1.0,False,,Say (Oklahoma),"[{""tk"": ""is"", ""act"": 25.52902603149414}, {""tk"": ""entity"", ""act"": 0.0}, {""tk"": ""city"", ""act"": 0.0}, {""tk"": ""in"", ""act"": 0.0}, {""tk"": ""Oklahoma"", ""act"": 0.0}, {""tk"": ""USA"", ""act"": 0.0}, {""tk"": ""Tulsa"", ""act"": 0.0}, {""tk"": ""The"", ""act"": 0.0}, {""tk"": ""capital"", ""act"": 0.0}, {""tk"": ""of"", ""act"": 0.0}, {""tk"": ""state"", ""act"": 0.0}, {""tk"": ""United"", ""act"": 0.0}, {""tk"": ""attribute"", ""act"": 0.0}, {""tk"": ""seat"", ""act"": 0.0}, {""tk"": ""government"", ""act"": 0.0}, {""tk"": ""relationship"", ""act"": 0.0}, {""tk"": ""which"", ""act"": 0.0}, {""tk"": ""containing"", ""act"": 0.0}]"
11_50131,11,50131,relationship: the state in which a city is located is the state containing, city,8,21.21697235107422,0.5180705012678859,semantic,"[{""token"": "" city"", ""index"": 8, ""distance"": 0, ""direction"": ""self""}]",n/a,Semantic,Concept,0.7,False,,Oklahoma,"[{""tk"": ""Oklahoma"", ""act"": 51.476806640625}, {""tk"": ""City"", ""act"": 42.90842056274414}, {""tk"": ""Tulsa"", ""act"": 40.00016784667969}, {""tk"": ""capital"", ""act"": 32.42369842529297}, {""tk"": ""state"", ""act"": 31.960853576660156}, {""tk"": ""USA"", ""act"": 28.9772891998291}, {""tk"": ""is"", ""act"": 25.885787963867188}, {""tk"": ""seat"", ""act"": 20.70366859436035}, {""tk"": ""United"", ""act"": 20.259521484375}, {""tk"": ""government"", ""act"": 16.808237075805664}, {""tk"": ""the"", ""act"": 14.164325714111328}, {""tk"": ""of"", ""act"": 13.586553573608398}, {""tk"": ""containing"", ""act"": 11.94537353515625}, {""tk"": ""in"", ""act"": 10.796977996826172}, {""tk"": ""entity"", ""act"": 0.0}, {""tk"": ""attribute"", ""act"": 0.0}, {""tk"": ""relationship"", ""act"": 0.0}, {""tk"": ""which"", ""act"": 0.0}]"
12_27348,12,27348,relationship: the state in which a city is located is the state containing,relationship,1,0.0,0.0,semantic,"[{""token"": ""relationship"", ""index"": 1, ""distance"": 0, ""direction"": ""self""}]",n/a,"Say ""X""",,1.0,False,,Say (Oklahoma),"[{""tk"": ""is"", ""act"": 26.881675720214844}, {""tk"": ""entity"", ""act"": 0.0}, {""tk"": ""city"", ""act"": 0.0}, {""tk"": ""in"", ""act"": 0.0}, {""tk"": ""Oklahoma"", ""act"": 0.0}, {""tk"": ""USA"", ""act"": 0.0}, {""tk"": ""Tulsa"", ""act"": 0.0}, {""tk"": ""The"", ""act"": 0.0}, {""tk"": ""capital"", ""act"": 0.0}, {""tk"": ""of"", ""act"": 0.0}, {""tk"": ""state"", ""act"": 0.0}, {""tk"": ""United"", ""act"": 0.0}, {""tk"": ""attribute"", ""act"": 0.0}, {""tk"": ""seat"", ""act"": 0.0}, {""tk"": ""government"", ""act"": 0.0}, {""tk"": ""relationship"", ""act"": 0.0}, {""tk"": ""which"", ""act"": 0.0}, {""tk"": ""containing"", ""act"": 0.0}]"
12_87969,12,87969,relationship: the state in which a city is located is the state containing, the,12,7.226475715637207,0.9285714285714286,functional,"[{""token"": "" state"", ""index"": 13, ""distance"": 1, ""direction"": ""forward""}]",json,"Say ""X""",,1.0,False,,Say (capital),"[{""tk"": ""the"", ""act"": 30.410320281982422}, {""tk"": ""city"", ""act"": 23.238815307617188}, {""tk"": ""is"", ""act"": 19.98517608642578}, {""tk"": ""capital"", ""act"": 15.231819152832031}, {""tk"": ""Oklahoma"", ""act"": 2.618972063064575}, {""tk"": ""entity"", ""act"": 0.0}, {""tk"": ""in"", ""act"": 0.0}, {""tk"": ""USA"", ""act"": 0.0}, {""tk"": ""Tulsa"", ""act"": 0.0}, {""tk"": ""of"", ""act"": 0.0}, {""tk"": ""state"", ""act"": 0.0}, {""tk"": ""United"", ""act"": 0.0}, {""tk"": ""attribute"", ""act"": 0.0}, {""tk"": ""seat"", ""act"": 0.0}, {""tk"": ""government"", ""act"": 0.0}, {""tk"": ""relationship"", ""act"": 0.0}, {""tk"": ""which"", ""act"": 0.0}, {""tk"": ""containing"", ""act"": 0.0}]"
12_5597,12,5597,relationship: the state in which a city is located is the state containing, is,11,4.944185733795166,0.9285714285714286,functional,"[{""token"": "" state"", ""index"": 13, ""distance"": 2, ""direction"": ""forward""}]",json,"Say ""X""",,1.0,False,,Say (Oklahoma),"[{""tk"": ""is"", ""act"": 24.96383285522461}, {""tk"": ""entity"", ""act"": 0.0}, {""tk"": ""city"", ""act"": 0.0}, {""tk"": ""in"", ""act"": 0.0}, {""tk"": ""Oklahoma"", ""act"": 0.0}, {""tk"": ""USA"", ""act"": 0.0}, {""tk"": ""Tulsa"", ""act"": 0.0}, {""tk"": ""The"", ""act"": 0.0}, {""tk"": ""capital"", ""act"": 0.0}, {""tk"": ""of"", ""act"": 0.0}, {""tk"": ""state"", ""act"": 0.0}, {""tk"": ""United"", ""act"": 0.0}, {""tk"": ""attribute"", ""act"": 0.0}, {""tk"": ""seat"", ""act"": 0.0}, {""tk"": ""government"", ""act"": 0.0}, {""tk"": ""relationship"", ""act"": 0.0}, {""tk"": ""which"", ""act"": 0.0}, {""tk"": ""containing"", ""act"": 0.0}]"
13_16947,13,16947,relationship: the state in which a city is located is the state containing, is,11,2.936730146408081,0.8842300745767014,functional,"[{""token"": "" state"", ""index"": 13, ""distance"": 2, ""direction"": ""forward""}]",json,Semantic,Dictionary,0.8333333333333334,False,,is,"[{""tk"": ""is"", ""act"": 15.5658540725708}, {""tk"": ""the"", ""act"": 11.20738410949707}, {""tk"": ""capital"", ""act"": 10.91185188293457}, {""tk"": ""city"", ""act"": 9.3563232421875}, {""tk"": ""Oklahoma"", ""act"": 8.947060585021973}, {""tk"": ""entity"", ""act"": 0.0}, {""tk"": ""in"", ""act"": 0.0}, {""tk"": ""USA"", ""act"": 0.0}, {""tk"": ""Tulsa"", ""act"": 0.0}, {""tk"": ""of"", ""act"": 0.0}, {""tk"": ""state"", ""act"": 0.0}, {""tk"": ""United"", ""act"": 0.0}, {""tk"": ""attribute"", ""act"": 0.0}, {""tk"": ""seat"", ""act"": 0.0}, {""tk"": ""government"", ""act"": 0.0}, {""tk"": ""relationship"", ""act"": 0.0}, {""tk"": ""which"", ""act"": 0.0}, {""tk"": ""containing"", ""act"": 0.0}]"
13_83324,13,83324,relationship: the state in which a city is located is the state containing,relationship,1,0.0,0.0,semantic,"[{""token"": ""relationship"", ""index"": 1, ""distance"": 0, ""direction"": ""self""}]",n/a,"Say ""X""",,1.0,False,,Say (Oklahoma),"[{""tk"": ""is"", ""act"": 0.5473306775093079}, {""tk"": ""entity"", ""act"": 0.0}, {""tk"": ""city"", ""act"": 0.0}, {""tk"": ""in"", ""act"": 0.0}, {""tk"": ""Oklahoma"", ""act"": 0.0}, {""tk"": ""USA"", ""act"": 0.0}, {""tk"": ""Tulsa"", ""act"": 0.0}, {""tk"": ""The"", ""act"": 0.0}, {""tk"": ""capital"", ""act"": 0.0}, {""tk"": ""of"", ""act"": 0.0}, {""tk"": ""state"", ""act"": 0.0}, {""tk"": ""United"", ""act"": 0.0}, {""tk"": ""attribute"", ""act"": 0.0}, {""tk"": ""seat"", ""act"": 0.0}, {""tk"": ""government"", ""act"": 0.0}, {""tk"": ""relationship"", ""act"": 0.0}, {""tk"": ""which"", ""act"": 0.0}, {""tk"": ""containing"", ""act"": 0.0}]"
14_66317,14,66317,relationship: the state in which a city is located is the state containing,relationship,1,0.0,0.0,semantic,"[{""token"": ""relationship"", ""index"": 1, ""distance"": 0, ""direction"": ""self""}]",n/a,"Say ""X""",,1.0,False,,Say (Oklahoma),"[{""tk"": ""is"", ""act"": 24.174097061157227}, {""tk"": ""entity"", ""act"": 0.0}, {""tk"": ""city"", ""act"": 0.0}, {""tk"": ""in"", ""act"": 0.0}, {""tk"": ""Oklahoma"", ""act"": 0.0}, {""tk"": ""USA"", ""act"": 0.0}, {""tk"": ""Tulsa"", ""act"": 0.0}, {""tk"": ""The"", ""act"": 0.0}, {""tk"": ""capital"", ""act"": 0.0}, {""tk"": ""of"", ""act"": 0.0}, {""tk"": ""state"", ""act"": 0.0}, {""tk"": ""United"", ""act"": 0.0}, {""tk"": ""attribute"", ""act"": 0.0}, {""tk"": ""seat"", ""act"": 0.0}, {""tk"": ""government"", ""act"": 0.0}, {""tk"": ""relationship"", ""act"": 0.0}, {""tk"": ""which"", ""act"": 0.0}, {""tk"": ""containing"", ""act"": 0.0}]"
15_57611,15,57611,relationship: the state in which a city is located is the state containing,relationship,1,0.0,0.0,semantic,"[{""token"": ""relationship"", ""index"": 1, ""distance"": 0, ""direction"": ""self""}]",n/a,"Say ""X""",,1.0,False,,Say (Oklahoma),"[{""tk"": ""is"", ""act"": 6.814482688903809}, {""tk"": ""entity"", ""act"": 0.0}, {""tk"": ""city"", ""act"": 0.0}, {""tk"": ""in"", ""act"": 0.0}, {""tk"": ""Oklahoma"", ""act"": 0.0}, {""tk"": ""USA"", ""act"": 0.0}, {""tk"": ""Tulsa"", ""act"": 0.0}, {""tk"": ""The"", ""act"": 0.0}, {""tk"": ""capital"", ""act"": 0.0}, {""tk"": ""of"", ""act"": 0.0}, {""tk"": ""state"", ""act"": 0.0}, {""tk"": ""United"", ""act"": 0.0}, {""tk"": ""attribute"", ""act"": 0.0}, {""tk"": ""seat"", ""act"": 0.0}, {""tk"": ""government"", ""act"": 0.0}, {""tk"": ""relationship"", ""act"": 0.0}, {""tk"": ""which"", ""act"": 0.0}, {""tk"": ""containing"", ""act"": 0.0}]"
15_83184,15,83184,relationship: the state in which a city is located is the state containing,relationship,1,0.0,0.0,semantic,"[{""token"": ""relationship"", ""index"": 1, ""distance"": 0, ""direction"": ""self""}]",n/a,"Say ""X""",,1.0,False,,Say (Oklahoma),"[{""tk"": ""is"", ""act"": 7.846880912780762}, {""tk"": ""entity"", ""act"": 0.0}, {""tk"": ""city"", ""act"": 0.0}, {""tk"": ""in"", ""act"": 0.0}, {""tk"": ""Oklahoma"", ""act"": 0.0}, {""tk"": ""USA"", ""act"": 0.0}, {""tk"": ""Tulsa"", ""act"": 0.0}, {""tk"": ""The"", ""act"": 0.0}, {""tk"": ""capital"", ""act"": 0.0}, {""tk"": ""of"", ""act"": 0.0}, {""tk"": ""state"", ""act"": 0.0}, {""tk"": ""United"", ""act"": 0.0}, {""tk"": ""attribute"", ""act"": 0.0}, {""tk"": ""seat"", ""act"": 0.0}, {""tk"": ""government"", ""act"": 0.0}, {""tk"": ""relationship"", ""act"": 0.0}, {""tk"": ""which"", ""act"": 0.0}, {""tk"": ""containing"", ""act"": 0.0}]"
16_22056,16,22056,relationship: the state in which a city is located is the state containing, the,3,42.29300308227539,0.5849995267562561,functional,"[{""token"": "" state"", ""index"": 4, ""distance"": 1, ""direction"": ""forward""}]",json,Semantic,Concept,0.8861219408559267,False,,city,"[{""tk"": ""city"", ""act"": 58.84897232055664}, {""tk"": ""Tulsa"", ""act"": 58.11924362182617}, {""tk"": ""The"", ""act"": 52.14736557006836}, {""tk"": ""capital"", ""act"": 41.83122634887695}, {""tk"": ""in"", ""act"": 40.52579116821289}, {""tk"": ""state"", ""act"": 39.050052642822266}, {""tk"": ""is"", ""act"": 38.97221374511719}, {""tk"": ""Oklahoma"", ""act"": 34.988651275634766}, {""tk"": ""containing"", ""act"": 32.611183166503906}, {""tk"": ""USA"", ""act"": 17.352821350097656}, {""tk"": ""seat"", ""act"": 13.986998558044434}, {""tk"": ""of"", ""act"": 7.393336296081543}, {""tk"": ""entity"", ""act"": 0.0}, {""tk"": ""United"", ""act"": 0.0}, {""tk"": ""attribute"", ""act"": 0.0}, {""tk"": ""government"", ""act"": 0.0}, {""tk"": ""relationship"", ""act"": 0.0}, {""tk"": ""which"", ""act"": 0.0}]"
16_29578,16,29578,relationship: the state in which a city is located is the state containing,relationship,1,0.0,0.0,semantic,"[{""token"": ""relationship"", ""index"": 1, ""distance"": 0, ""direction"": ""self""}]",n/a,"Say ""X""",,1.0,False,,Say (state),"[{""tk"": ""is"", ""act"": 1.8383522033691406}, {""tk"": ""Oklahoma"", ""act"": 1.6916999816894531}, {""tk"": ""in"", ""act"": 1.6670656204223633}, {""tk"": ""entity"", ""act"": 0.0}, {""tk"": ""city"", ""act"": 0.0}, {""tk"": ""USA"", ""act"": 0.0}, {""tk"": ""Tulsa"", ""act"": 0.0}, {""tk"": ""The"", ""act"": 0.0}, {""tk"": ""capital"", ""act"": 0.0}, {""tk"": ""of"", ""act"": 0.0}, {""tk"": ""state"", ""act"": 0.0}, {""tk"": ""United"", ""act"": 0.0}, {""tk"": ""attribute"", ""act"": 0.0}, {""tk"": ""seat"", ""act"": 0.0}, {""tk"": ""government"", ""act"": 0.0}, {""tk"": ""relationship"", ""act"": 0.0}, {""tk"": ""which"", ""act"": 0.0}, {""tk"": ""containing"", ""act"": 0.0}]"
16_37465,16,37465,relationship: the state in which a city is located is the state containing,relationship,1,0.0,0.0,semantic,"[{""token"": ""relationship"", ""index"": 1, ""distance"": 0, ""direction"": ""self""}]",n/a,"Say ""X""",,1.0,False,,Say (Oklahoma),"[{""tk"": ""is"", ""act"": 6.640685081481934}, {""tk"": ""entity"", ""act"": 0.0}, {""tk"": ""city"", ""act"": 0.0}, {""tk"": ""in"", ""act"": 0.0}, {""tk"": ""Oklahoma"", ""act"": 0.0}, {""tk"": ""USA"", ""act"": 0.0}, {""tk"": ""Tulsa"", ""act"": 0.0}, {""tk"": ""The"", ""act"": 0.0}, {""tk"": ""capital"", ""act"": 0.0}, {""tk"": ""of"", ""act"": 0.0}, {""tk"": ""state"", ""act"": 0.0}, {""tk"": ""United"", ""act"": 0.0}, {""tk"": ""attribute"", ""act"": 0.0}, {""tk"": ""seat"", ""act"": 0.0}, {""tk"": ""government"", ""act"": 0.0}, {""tk"": ""relationship"", ""act"": 0.0}, {""tk"": ""which"", ""act"": 0.0}, {""tk"": ""containing"", ""act"": 0.0}]"
16_49319,16,49319,relationship: the state in which a city is located is the state containing,relationship,1,0.0,0.0,semantic,"[{""token"": ""relationship"", ""index"": 1, ""distance"": 0, ""direction"": ""self""}]",n/a,"Say ""X""",,1.0,False,,Say (Oklahoma),"[{""tk"": ""is"", ""act"": 12.913878440856934}, {""tk"": ""Oklahoma"", ""act"": 9.430219650268555}, {""tk"": ""the"", ""act"": 5.03242301940918}, {""tk"": ""entity"", ""act"": 0.0}, {""tk"": ""city"", ""act"": 0.0}, {""tk"": ""in"", ""act"": 0.0}, {""tk"": ""USA"", ""act"": 0.0}, {""tk"": ""Tulsa"", ""act"": 0.0}, {""tk"": ""capital"", ""act"": 0.0}, {""tk"": ""of"", ""act"": 0.0}, {""tk"": ""state"", ""act"": 0.0}, {""tk"": ""United"", ""act"": 0.0}, {""tk"": ""attribute"", ""act"": 0.0}, {""tk"": ""seat"", ""act"": 0.0}, {""tk"": ""government"", ""act"": 0.0}, {""tk"": ""relationship"", ""act"": 0.0}, {""tk"": ""which"", ""act"": 0.0}, {""tk"": ""containing"", ""act"": 0.0}]"
16_49478,16,49478,relationship: the state in which a city is located is the state containing,relationship,1,0.0,0.0,semantic,"[{""token"": ""relationship"", ""index"": 1, ""distance"": 0, ""direction"": ""self""}]",n/a,Semantic,Concept,0.9780169741706266,False,,Oklahoma,"[{""tk"": ""Oklahoma"", ""act"": 19.08812713623047}, {""tk"": ""the"", ""act"": 18.66851234436035}, {""tk"": ""is"", ""act"": 15.202108383178711}, {""tk"": ""capital"", ""act"": 6.205168724060059}, {""tk"": ""entity"", ""act"": 0.0}, {""tk"": ""city"", ""act"": 0.0}, {""tk"": ""in"", ""act"": 0.0}, {""tk"": ""USA"", ""act"": 0.0}, {""tk"": ""Tulsa"", ""act"": 0.0}, {""tk"": ""of"", ""act"": 0.0}, {""tk"": ""state"", ""act"": 0.0}, {""tk"": ""United"", ""act"": 0.0}, {""tk"": ""attribute"", ""act"": 0.0}, {""tk"": ""seat"", ""act"": 0.0}, {""tk"": ""government"", ""act"": 0.0}, {""tk"": ""relationship"", ""act"": 0.0}, {""tk"": ""which"", ""act"": 0.0}, {""tk"": ""containing"", ""act"": 0.0}]"
16_98048,16,98048,relationship: the state in which a city is located is the state containing,relationship,1,0.0,0.0,semantic,"[{""token"": ""relationship"", ""index"": 1, ""distance"": 0, ""direction"": ""self""}]",n/a,"Say ""X""",,1.0,False,,Say (Oklahoma),"[{""tk"": ""is"", ""act"": 24.898752212524414}, {""tk"": ""Oklahoma"", ""act"": 8.417558670043945}, {""tk"": ""the"", ""act"": 5.146300315856934}, {""tk"": ""entity"", ""act"": 0.0}, {""tk"": ""city"", ""act"": 0.0}, {""tk"": ""in"", ""act"": 0.0}, {""tk"": ""USA"", ""act"": 0.0}, {""tk"": ""Tulsa"", ""act"": 0.0}, {""tk"": ""capital"", ""act"": 0.0}, {""tk"": ""of"", ""act"": 0.0}, {""tk"": ""state"", ""act"": 0.0}, {""tk"": ""United"", ""act"": 0.0}, {""tk"": ""attribute"", ""act"": 0.0}, {""tk"": ""seat"", ""act"": 0.0}, {""tk"": ""government"", ""act"": 0.0}, {""tk"": ""relationship"", ""act"": 0.0}, {""tk"": ""which"", ""act"": 0.0}, {""tk"": ""containing"", ""act"": 0.0}]"
17_1822,17,1822,relationship: the state in which a city is located is the state containing,relationship,1,0.0,0.0,semantic,"[{""token"": ""relationship"", ""index"": 1, ""distance"": 0, ""direction"": ""self""}]",n/a,"Say ""X""",,1.0,False,,Say (Oklahoma),"[{""tk"": ""is"", ""act"": 19.381927490234375}, {""tk"": ""of"", ""act"": 0.04216814041137695}, {""tk"": ""entity"", ""act"": 0.0}, {""tk"": ""city"", ""act"": 0.0}, {""tk"": ""in"", ""act"": 0.0}, {""tk"": ""Oklahoma"", ""act"": 0.0}, {""tk"": ""USA"", ""act"": 0.0}, {""tk"": ""Tulsa"", ""act"": 0.0}, {""tk"": ""The"", ""act"": 0.0}, {""tk"": ""capital"", ""act"": 0.0}, {""tk"": ""state"", ""act"": 0.0}, {""tk"": ""United"", ""act"": 0.0}, {""tk"": ""attribute"", ""act"": 0.0}, {""tk"": ""seat"", ""act"": 0.0}, {""tk"": ""government"", ""act"": 0.0}, {""tk"": ""relationship"", ""act"": 0.0}, {""tk"": ""which"", ""act"": 0.0}, {""tk"": ""containing"", ""act"": 0.0}]"
17_21573,17,21573,relationship: the state in which a city is located is the state containing,relationship,1,0.0,0.0,semantic,"[{""token"": ""relationship"", ""index"": 1, ""distance"": 0, ""direction"": ""self""}]",n/a,Semantic,Concept,0.7,False,,Oklahoma,"[{""tk"": ""Oklahoma"", ""act"": 17.588882446289062}, {""tk"": ""is"", ""act"": 0.5502123832702637}, {""tk"": ""entity"", ""act"": 0.0}, {""tk"": ""city"", ""act"": 0.0}, {""tk"": ""in"", ""act"": 0.0}, {""tk"": ""USA"", ""act"": 0.0}, {""tk"": ""Tulsa"", ""act"": 0.0}, {""tk"": ""The"", ""act"": 0.0}, {""tk"": ""capital"", ""act"": 0.0}, {""tk"": ""of"", ""act"": 0.0}, {""tk"": ""state"", ""act"": 0.0}, {""tk"": ""United"", ""act"": 0.0}, {""tk"": ""attribute"", ""act"": 0.0}, {""tk"": ""seat"", ""act"": 0.0}, {""tk"": ""government"", ""act"": 0.0}, {""tk"": ""relationship"", ""act"": 0.0}, {""tk"": ""which"", ""act"": 0.0}, {""tk"": ""containing"", ""act"": 0.0}]"
17_93962,17,93962,relationship: the state in which a city is located is the state containing,relationship,1,0.0,0.0,semantic,"[{""token"": ""relationship"", ""index"": 1, ""distance"": 0, ""direction"": ""self""}]",n/a,"Say ""X""",,1.0,False,,Say (Oklahoma),"[{""tk"": ""is"", ""act"": 28.98556137084961}, {""tk"": ""Oklahoma"", ""act"": 14.1744384765625}, {""tk"": ""entity"", ""act"": 0.0}, {""tk"": ""city"", ""act"": 0.0}, {""tk"": ""in"", ""act"": 0.0}, {""tk"": ""USA"", ""act"": 0.0}, {""tk"": ""Tulsa"", ""act"": 0.0}, {""tk"": ""The"", ""act"": 0.0}, {""tk"": ""capital"", ""act"": 0.0}, {""tk"": ""of"", ""act"": 0.0}, {""tk"": ""state"", ""act"": 0.0}, {""tk"": ""United"", ""act"": 0.0}, {""tk"": ""attribute"", ""act"": 0.0}, {""tk"": ""seat"", ""act"": 0.0}, {""tk"": ""government"", ""act"": 0.0}, {""tk"": ""relationship"", ""act"": 0.0}, {""tk"": ""which"", ""act"": 0.0}, {""tk"": ""containing"", ""act"": 0.0}]"
17_98126,17,98126,relationship: the state in which a city is located is the state containing,relationship,1,0.0,0.0,semantic,"[{""token"": ""relationship"", ""index"": 1, ""distance"": 0, ""direction"": ""self""}]",n/a,"Say ""X""",,1.0,False,,Say (Oklahoma),"[{""tk"": ""is"", ""act"": 21.174270629882812}, {""tk"": ""the"", ""act"": 20.31070899963379}, {""tk"": ""seat"", ""act"": 7.896273136138916}, {""tk"": ""government"", ""act"": 6.976686954498291}, {""tk"": ""Oklahoma"", ""act"": 4.842320919036865}, {""tk"": ""of"", ""act"": 3.8759498596191406}, {""tk"": ""city"", ""act"": 3.3820605278015137}, {""tk"": ""entity"", ""act"": 0.0}, {""tk"": ""in"", ""act"": 0.0}, {""tk"": ""USA"", ""act"": 0.0}, {""tk"": ""Tulsa"", ""act"": 0.0}, {""tk"": ""capital"", ""act"": 0.0}, {""tk"": ""state"", ""act"": 0.0}, {""tk"": ""United"", ""act"": 0.0}, {""tk"": ""attribute"", ""act"": 0.0}, {""tk"": ""relationship"", ""act"": 0.0}, {""tk"": ""which"", ""act"": 0.0}, {""tk"": ""containing"", ""act"": 0.0}]"
18_3623,18,3623,relationship: the state in which a city is located is the state containing,relationship,1,0.0,0.0,semantic,"[{""token"": ""relationship"", ""index"": 1, ""distance"": 0, ""direction"": ""self""}]",n/a,"Say ""X""",,1.0,False,,Say (Oklahoma),"[{""tk"": ""is"", ""act"": 15.450040817260742}, {""tk"": ""entity"", ""act"": 0.0}, {""tk"": ""city"", ""act"": 0.0}, {""tk"": ""in"", ""act"": 0.0}, {""tk"": ""Oklahoma"", ""act"": 0.0}, {""tk"": ""USA"", ""act"": 0.0}, {""tk"": ""Tulsa"", ""act"": 0.0}, {""tk"": ""The"", ""act"": 0.0}, {""tk"": ""capital"", ""act"": 0.0}, {""tk"": ""of"", ""act"": 0.0}, {""tk"": ""state"", ""act"": 0.0}, {""tk"": ""United"", ""act"": 0.0}, {""tk"": ""attribute"", ""act"": 0.0}, {""tk"": ""seat"", ""act"": 0.0}, {""tk"": ""government"", ""act"": 0.0}, {""tk"": ""relationship"", ""act"": 0.0}, {""tk"": ""which"", ""act"": 0.0}, {""tk"": ""containing"", ""act"": 0.0}]"
18_38181,18,38181,relationship: the state in which a city is located is the state containing,relationship,1,0.0,0.0,semantic,"[{""token"": ""relationship"", ""index"": 1, ""distance"": 0, ""direction"": ""self""}]",n/a,Semantic,Concept,0.7,False,,Tulsa,"[{""tk"": ""Tulsa"", ""act"": 5.259476661682129}, {""tk"": ""is"", ""act"": 2.4442901611328125}, {""tk"": ""entity"", ""act"": 0.0}, {""tk"": ""city"", ""act"": 0.0}, {""tk"": ""in"", ""act"": 0.0}, {""tk"": ""Oklahoma"", ""act"": 0.0}, {""tk"": ""USA"", ""act"": 0.0}, {""tk"": ""The"", ""act"": 0.0}, {""tk"": ""capital"", ""act"": 0.0}, {""tk"": ""of"", ""act"": 0.0}, {""tk"": ""state"", ""act"": 0.0}, {""tk"": ""United"", ""act"": 0.0}, {""tk"": ""attribute"", ""act"": 0.0}, {""tk"": ""seat"", ""act"": 0.0}, {""tk"": ""government"", ""act"": 0.0}, {""tk"": ""relationship"", ""act"": 0.0}, {""tk"": ""which"", ""act"": 0.0}, {""tk"": ""containing"", ""act"": 0.0}]"
18_44719,18,44719,relationship: the state in which a city is located is the state containing,relationship,1,0.0,0.0,semantic,"[{""token"": ""relationship"", ""index"": 1, ""distance"": 0, ""direction"": ""self""}]",n/a,"Say ""X""",,1.0,False,,Say (capital),"[{""tk"": ""the"", ""act"": 6.164579391479492}, {""tk"": ""is"", ""act"": 2.4551093578338623}, {""tk"": ""entity"", ""act"": 0.0}, {""tk"": ""city"", ""act"": 0.0}, {""tk"": ""in"", ""act"": 0.0}, {""tk"": ""Oklahoma"", ""act"": 0.0}, {""tk"": ""USA"", ""act"": 0.0}, {""tk"": ""Tulsa"", ""act"": 0.0}, {""tk"": ""capital"", ""act"": 0.0}, {""tk"": ""of"", ""act"": 0.0}, {""tk"": ""state"", ""act"": 0.0}, {""tk"": ""United"", ""act"": 0.0}, {""tk"": ""attribute"", ""act"": 0.0}, {""tk"": ""seat"", ""act"": 0.0}, {""tk"": ""government"", ""act"": 0.0}, {""tk"": ""relationship"", ""act"": 0.0}, {""tk"": ""which"", ""act"": 0.0}, {""tk"": ""containing"", ""act"": 0.0}]"
18_52821,18,52821,relationship: the state in which a city is located is the state containing,relationship,1,0.0,0.0,semantic,"[{""token"": ""relationship"", ""index"": 1, ""distance"": 0, ""direction"": ""self""}]",n/a,Semantic,Concept,0.7,False,,Oklahoma,"[{""tk"": ""Oklahoma"", ""act"": 34.7286262512207}, {""tk"": ""is"", ""act"": 14.72661018371582}, {""tk"": ""entity"", ""act"": 0.0}, {""tk"": ""city"", ""act"": 0.0}, {""tk"": ""in"", ""act"": 0.0}, {""tk"": ""USA"", ""act"": 0.0}, {""tk"": ""Tulsa"", ""act"": 0.0}, {""tk"": ""The"", ""act"": 0.0}, {""tk"": ""capital"", ""act"": 0.0}, {""tk"": ""of"", ""act"": 0.0}, {""tk"": ""state"", ""act"": 0.0}, {""tk"": ""United"", ""act"": 0.0}, {""tk"": ""attribute"", ""act"": 0.0}, {""tk"": ""seat"", ""act"": 0.0}, {""tk"": ""government"", ""act"": 0.0}, {""tk"": ""relationship"", ""act"": 0.0}, {""tk"": ""which"", ""act"": 0.0}, {""tk"": ""containing"", ""act"": 0.0}]"
18_53951,18,53951,relationship: the state in which a city is located is the state containing,relationship,1,0.0,0.0,semantic,"[{""token"": ""relationship"", ""index"": 1, ""distance"": 0, ""direction"": ""self""}]",n/a,"Say ""X""",,1.0,False,,Say (capital),"[{""tk"": ""the"", ""act"": 30.32887840270996}, {""tk"": ""is"", ""act"": 19.56104850769043}, {""tk"": ""entity"", ""act"": 0.0}, {""tk"": ""city"", ""act"": 0.0}, {""tk"": ""in"", ""act"": 0.0}, {""tk"": ""Oklahoma"", ""act"": 0.0}, {""tk"": ""USA"", ""act"": 0.0}, {""tk"": ""Tulsa"", ""act"": 0.0}, {""tk"": ""capital"", ""act"": 0.0}, {""tk"": ""of"", ""act"": 0.0}, {""tk"": ""state"", ""act"": 0.0}, {""tk"": ""United"", ""act"": 0.0}, {""tk"": ""attribute"", ""act"": 0.0}, {""tk"": ""seat"", ""act"": 0.0}, {""tk"": ""government"", ""act"": 0.0}, {""tk"": ""relationship"", ""act"": 0.0}, {""tk"": ""which"", ""act"": 0.0}, {""tk"": ""containing"", ""act"": 0.0}]"
18_71275,18,71275,relationship: the state in which a city is located is the state containing,relationship,1,0.0,0.0,semantic,"[{""token"": ""relationship"", ""index"": 1, ""distance"": 0, ""direction"": ""self""}]",n/a,Semantic,Concept,0.7,False,,Oklahoma,"[{""tk"": ""Oklahoma"", ""act"": 78.87437438964844}, {""tk"": ""is"", ""act"": 68.56643676757812}, {""tk"": ""Tulsa"", ""act"": 33.247100830078125}, {""tk"": ""City"", ""act"": 23.11736297607422}, {""tk"": ""entity"", ""act"": 0.0}, {""tk"": ""in"", ""act"": 0.0}, {""tk"": ""USA"", ""act"": 0.0}, {""tk"": ""The"", ""act"": 0.0}, {""tk"": ""capital"", ""act"": 0.0}, {""tk"": ""of"", ""act"": 0.0}, {""tk"": ""state"", ""act"": 0.0}, {""tk"": ""United"", ""act"": 0.0}, {""tk"": ""attribute"", ""act"": 0.0}, {""tk"": ""seat"", ""act"": 0.0}, {""tk"": ""government"", ""act"": 0.0}, {""tk"": ""relationship"", ""act"": 0.0}, {""tk"": ""which"", ""act"": 0.0}, {""tk"": ""containing"", ""act"": 0.0}]"
19_25978,19,25978,relationship: the state in which a city is located is the state containing,relationship,1,0.0,0.0,semantic,"[{""token"": ""relationship"", ""index"": 1, ""distance"": 0, ""direction"": ""self""}]",n/a,"Say ""X""",,1.0,False,,Say (Oklahoma),"[{""tk"": ""is"", ""act"": 33.509159088134766}, {""tk"": ""Oklahoma"", ""act"": 0.7145435810089111}, {""tk"": ""entity"", ""act"": 0.0}, {""tk"": ""city"", ""act"": 0.0}, {""tk"": ""in"", ""act"": 0.0}, {""tk"": ""USA"", ""act"": 0.0}, {""tk"": ""Tulsa"", ""act"": 0.0}, {""tk"": ""The"", ""act"": 0.0}, {""tk"": ""capital"", ""act"": 0.0}, {""tk"": ""of"", ""act"": 0.0}, {""tk"": ""state"", ""act"": 0.0}, {""tk"": ""United"", ""act"": 0.0}, {""tk"": ""attribute"", ""act"": 0.0}, {""tk"": ""seat"", ""act"": 0.0}, {""tk"": ""government"", ""act"": 0.0}, {""tk"": ""relationship"", ""act"": 0.0}, {""tk"": ""which"", ""act"": 0.0}, {""tk"": ""containing"", ""act"": 0.0}]"
19_13946,19,13946,relationship: the state in which a city is located is the state containing,relationship,1,0.0,0.0,semantic,"[{""token"": ""relationship"", ""index"": 1, ""distance"": 0, ""direction"": ""self""}]",n/a,"Say ""X""",,1.0,False,,Say (capital),"[{""tk"": ""the"", ""act"": 66.9089584350586}, {""tk"": ""is"", ""act"": 54.66865158081055}, {""tk"": ""Oklahoma"", ""act"": 17.119903564453125}, {""tk"": ""of"", ""act"": 6.158909797668457}, {""tk"": ""entity"", ""act"": 0.0}, {""tk"": ""city"", ""act"": 0.0}, {""tk"": ""in"", ""act"": 0.0}, {""tk"": ""USA"", ""act"": 0.0}, {""tk"": ""Tulsa"", ""act"": 0.0}, {""tk"": ""capital"", ""act"": 0.0}, {""tk"": ""state"", ""act"": 0.0}, {""tk"": ""United"", ""act"": 0.0}, {""tk"": ""attribute"", ""act"": 0.0}, {""tk"": ""seat"", ""act"": 0.0}, {""tk"": ""government"", ""act"": 0.0}, {""tk"": ""relationship"", ""act"": 0.0}, {""tk"": ""which"", ""act"": 0.0}, {""tk"": ""containing"", ""act"": 0.0}]"
19_8271,19,8271,relationship: the state in which a city is located is the state containing,relationship,1,0.0,0.0,semantic,"[{""token"": ""relationship"", ""index"": 1, ""distance"": 0, ""direction"": ""self""}]",n/a,"Say ""X""",,1.0,False,,Say (Oklahoma),"[{""tk"": ""is"", ""act"": 29.61412811279297}, {""tk"": ""Oklahoma"", ""act"": 0.861600399017334}, {""tk"": ""entity"", ""act"": 0.0}, {""tk"": ""city"", ""act"": 0.0}, {""tk"": ""in"", ""act"": 0.0}, {""tk"": ""USA"", ""act"": 0.0}, {""tk"": ""Tulsa"", ""act"": 0.0}, {""tk"": ""The"", ""act"": 0.0}, {""tk"": ""capital"", ""act"": 0.0}, {""tk"": ""of"", ""act"": 0.0}, {""tk"": ""state"", ""act"": 0.0}, {""tk"": ""United"", ""act"": 0.0}, {""tk"": ""attribute"", ""act"": 0.0}, {""tk"": ""seat"", ""act"": 0.0}, {""tk"": ""government"", ""act"": 0.0}, {""tk"": ""relationship"", ""act"": 0.0}, {""tk"": ""which"", ""act"": 0.0}, {""tk"": ""containing"", ""act"": 0.0}]"
19_54790,19,54790,relationship: the state in which a city is located is the state containing,relationship,1,0.0,0.0,semantic,"[{""token"": ""relationship"", ""index"": 1, ""distance"": 0, ""direction"": ""self""}]",n/a,"Say ""X""",,1.0,False,,Say (Oklahoma),"[{""tk"": ""is"", ""act"": 46.23932647705078}, {""tk"": ""Oklahoma"", ""act"": 5.599758148193359}, {""tk"": ""entity"", ""act"": 0.0}, {""tk"": ""city"", ""act"": 0.0}, {""tk"": ""in"", ""act"": 0.0}, {""tk"": ""USA"", ""act"": 0.0}, {""tk"": ""Tulsa"", ""act"": 0.0}, {""tk"": ""The"", ""act"": 0.0}, {""tk"": ""capital"", ""act"": 0.0}, {""tk"": ""of"", ""act"": 0.0}, {""tk"": ""state"", ""act"": 0.0}, {""tk"": ""United"", ""act"": 0.0}, {""tk"": ""attribute"", ""act"": 0.0}, {""tk"": ""seat"", ""act"": 0.0}, {""tk"": ""government"", ""act"": 0.0}, {""tk"": ""relationship"", ""act"": 0.0}, {""tk"": ""which"", ""act"": 0.0}, {""tk"": ""containing"", ""act"": 0.0}]"
19_55351,19,55351,relationship: the state in which a city is located is the state containing,relationship,1,0.0,0.0,semantic,"[{""token"": ""relationship"", ""index"": 1, ""distance"": 0, ""direction"": ""self""}]",n/a,Relationship,,1.0,False,,(entity) related,"[{""tk"": ""entity"", ""act"": 0.0}, {""tk"": ""city"", ""act"": 0.0}, {""tk"": ""in"", ""act"": 0.0}, {""tk"": ""Oklahoma"", ""act"": 0.0}, {""tk"": ""USA"", ""act"": 0.0}, {""tk"": ""is"", ""act"": 0.0}, {""tk"": ""Tulsa"", ""act"": 0.0}, {""tk"": ""The"", ""act"": 0.0}, {""tk"": ""capital"", ""act"": 0.0}, {""tk"": ""of"", ""act"": 0.0}, {""tk"": ""state"", ""act"": 0.0}, {""tk"": ""United"", ""act"": 0.0}, {""tk"": ""attribute"", ""act"": 0.0}, {""tk"": ""seat"", ""act"": 0.0}, {""tk"": ""government"", ""act"": 0.0}, {""tk"": ""relationship"", ""act"": 0.0}, {""tk"": ""which"", ""act"": 0.0}, {""tk"": ""containing"", ""act"": 0.0}]"
20_57028,20,57028,relationship: the state in which a city is located is the state containing,relationship,1,0.0,0.0,semantic,"[{""token"": ""relationship"", ""index"": 1, ""distance"": 0, ""direction"": ""self""}]",n/a,"Say ""X""",,1.0,False,,Say (Oklahoma),"[{""tk"": ""is"", ""act"": 23.78998565673828}, {""tk"": ""Oklahoma"", ""act"": 6.051364898681641}, {""tk"": ""City"", ""act"": 1.7309446334838867}, {""tk"": ""entity"", ""act"": 0.0}, {""tk"": ""in"", ""act"": 0.0}, {""tk"": ""USA"", ""act"": 0.0}, {""tk"": ""Tulsa"", ""act"": 0.0}, {""tk"": ""The"", ""act"": 0.0}, {""tk"": ""capital"", ""act"": 0.0}, {""tk"": ""of"", ""act"": 0.0}, {""tk"": ""state"", ""act"": 0.0}, {""tk"": ""United"", ""act"": 0.0}, {""tk"": ""attribute"", ""act"": 0.0}, {""tk"": ""seat"", ""act"": 0.0}, {""tk"": ""government"", ""act"": 0.0}, {""tk"": ""relationship"", ""act"": 0.0}, {""tk"": ""which"", ""act"": 0.0}, {""tk"": ""containing"", ""act"": 0.0}]"
20_14775,20,14775,relationship: the state in which a city is located is the state containing,relationship,1,0.0,0.0,semantic,"[{""token"": ""relationship"", ""index"": 1, ""distance"": 0, ""direction"": ""self""}]",n/a,"Say ""X""",,1.0,False,,Say (Oklahoma),"[{""tk"": ""is"", ""act"": 21.148719787597656}, {""tk"": ""entity"", ""act"": 0.0}, {""tk"": ""city"", ""act"": 0.0}, {""tk"": ""in"", ""act"": 0.0}, {""tk"": ""Oklahoma"", ""act"": 0.0}, {""tk"": ""USA"", ""act"": 0.0}, {""tk"": ""Tulsa"", ""act"": 0.0}, {""tk"": ""The"", ""act"": 0.0}, {""tk"": ""capital"", ""act"": 0.0}, {""tk"": ""of"", ""act"": 0.0}, {""tk"": ""state"", ""act"": 0.0}, {""tk"": ""United"", ""act"": 0.0}, {""tk"": ""attribute"", ""act"": 0.0}, {""tk"": ""seat"", ""act"": 0.0}, {""tk"": ""government"", ""act"": 0.0}, {""tk"": ""relationship"", ""act"": 0.0}, {""tk"": ""which"", ""act"": 0.0}, {""tk"": ""containing"", ""act"": 0.0}]"
20_67784,20,67784,relationship: the state in which a city is located is the state containing,relationship,1,0.0,0.0,semantic,"[{""token"": ""relationship"", ""index"": 1, ""distance"": 0, ""direction"": ""self""}]",n/a,"Say ""X""",,1.0,False,,Say (city),"[{""tk"": ""of"", ""act"": 3.863483428955078}, {""tk"": ""entity"", ""act"": 0.0}, {""tk"": ""city"", ""act"": 0.0}, {""tk"": ""in"", ""act"": 0.0}, {""tk"": ""Oklahoma"", ""act"": 0.0}, {""tk"": ""USA"", ""act"": 0.0}, {""tk"": ""is"", ""act"": 0.0}, {""tk"": ""Tulsa"", ""act"": 0.0}, {""tk"": ""The"", ""act"": 0.0}, {""tk"": ""capital"", ""act"": 0.0}, {""tk"": ""state"", ""act"": 0.0}, {""tk"": ""United"", ""act"": 0.0}, {""tk"": ""attribute"", ""act"": 0.0}, {""tk"": ""seat"", ""act"": 0.0}, {""tk"": ""government"", ""act"": 0.0}, {""tk"": ""relationship"", ""act"": 0.0}, {""tk"": ""which"", ""act"": 0.0}, {""tk"": ""containing"", ""act"": 0.0}]"
20_68115,20,68115,relationship: the state in which a city is located is the state containing,relationship,1,0.0,0.0,semantic,"[{""token"": ""relationship"", ""index"": 1, ""distance"": 0, ""direction"": ""self""}]",n/a,"Say ""X""",,1.0,False,,Say (Oklahoma),"[{""tk"": ""is"", ""act"": 31.62493133544922}, {""tk"": ""Oklahoma"", ""act"": 2.1612229347229004}, {""tk"": ""entity"", ""act"": 0.0}, {""tk"": ""city"", ""act"": 0.0}, {""tk"": ""in"", ""act"": 0.0}, {""tk"": ""USA"", ""act"": 0.0}, {""tk"": ""Tulsa"", ""act"": 0.0}, {""tk"": ""The"", ""act"": 0.0}, {""tk"": ""capital"", ""act"": 0.0}, {""tk"": ""of"", ""act"": 0.0}, {""tk"": ""state"", ""act"": 0.0}, {""tk"": ""United"", ""act"": 0.0}, {""tk"": ""attribute"", ""act"": 0.0}, {""tk"": ""seat"", ""act"": 0.0}, {""tk"": ""government"", ""act"": 0.0}, {""tk"": ""relationship"", ""act"": 0.0}, {""tk"": ""which"", ""act"": 0.0}, {""tk"": ""containing"", ""act"": 0.0}]"
20_74108,20,74108,relationship: the state in which a city is located is the state containing,relationship,1,0.0,0.0,semantic,"[{""token"": ""relationship"", ""index"": 1, ""distance"": 0, ""direction"": ""self""}]",n/a,"Say ""X""",,1.0,False,,Say (capital),"[{""tk"": ""the"", ""act"": 62.93037033081055}, {""tk"": ""is"", ""act"": 29.901948928833008}, {""tk"": ""city"", ""act"": 5.083075046539307}, {""tk"": ""entity"", ""act"": 0.0}, {""tk"": ""in"", ""act"": 0.0}, {""tk"": ""Oklahoma"", ""act"": 0.0}, {""tk"": ""USA"", ""act"": 0.0}, {""tk"": ""Tulsa"", ""act"": 0.0}, {""tk"": ""capital"", ""act"": 0.0}, {""tk"": ""of"", ""act"": 0.0}, {""tk"": ""state"", ""act"": 0.0}, {""tk"": ""United"", ""act"": 0.0}, {""tk"": ""attribute"", ""act"": 0.0}, {""tk"": ""seat"", ""act"": 0.0}, {""tk"": ""government"", ""act"": 0.0}, {""tk"": ""relationship"", ""act"": 0.0}, {""tk"": ""which"", ""act"": 0.0}, {""tk"": ""containing"", ""act"": 0.0}]"
21_16875,21,16875,relationship: the state in which a city is located is the state containing,relationship,1,0.0,0.0,semantic,"[{""token"": ""relationship"", ""index"": 1, ""distance"": 0, ""direction"": ""self""}]",n/a,"Say ""X""",,1.0,False,,Say (Oklahoma),"[{""tk"": ""is"", ""act"": 12.641754150390625}, {""tk"": ""entity"", ""act"": 0.0}, {""tk"": ""city"", ""act"": 0.0}, {""tk"": ""in"", ""act"": 0.0}, {""tk"": ""Oklahoma"", ""act"": 0.0}, {""tk"": ""USA"", ""act"": 0.0}, {""tk"": ""Tulsa"", ""act"": 0.0}, {""tk"": ""The"", ""act"": 0.0}, {""tk"": ""capital"", ""act"": 0.0}, {""tk"": ""of"", ""act"": 0.0}, {""tk"": ""state"", ""act"": 0.0}, {""tk"": ""United"", ""act"": 0.0}, {""tk"": ""attribute"", ""act"": 0.0}, {""tk"": ""seat"", ""act"": 0.0}, {""tk"": ""government"", ""act"": 0.0}, {""tk"": ""relationship"", ""act"": 0.0}, {""tk"": ""which"", ""act"": 0.0}, {""tk"": ""containing"", ""act"": 0.0}]"
21_34379,21,34379,relationship: the state in which a city is located is the state containing,relationship,1,0.0,0.0,semantic,"[{""token"": ""relationship"", ""index"": 1, ""distance"": 0, ""direction"": ""self""}]",n/a,"Say ""X""",,1.0,False,,Say (Oklahoma),"[{""tk"": ""is"", ""act"": 21.422075271606445}, {""tk"": ""entity"", ""act"": 0.0}, {""tk"": ""city"", ""act"": 0.0}, {""tk"": ""in"", ""act"": 0.0}, {""tk"": ""Oklahoma"", ""act"": 0.0}, {""tk"": ""USA"", ""act"": 0.0}, {""tk"": ""Tulsa"", ""act"": 0.0}, {""tk"": ""The"", ""act"": 0.0}, {""tk"": ""capital"", ""act"": 0.0}, {""tk"": ""of"", ""act"": 0.0}, {""tk"": ""state"", ""act"": 0.0}, {""tk"": ""United"", ""act"": 0.0}, {""tk"": ""attribute"", ""act"": 0.0}, {""tk"": ""seat"", ""act"": 0.0}, {""tk"": ""government"", ""act"": 0.0}, {""tk"": ""relationship"", ""act"": 0.0}, {""tk"": ""which"", ""act"": 0.0}, {""tk"": ""containing"", ""act"": 0.0}]"
21_69456,21,69456,relationship: the state in which a city is located is the state containing,relationship,1,0.0,0.0,semantic,"[{""token"": ""relationship"", ""index"": 1, ""distance"": 0, ""direction"": ""self""}]",n/a,Relationship,,1.0,False,,(entity) related,"[{""tk"": ""entity"", ""act"": 0.0}, {""tk"": ""city"", ""act"": 0.0}, {""tk"": ""in"", ""act"": 0.0}, {""tk"": ""Oklahoma"", ""act"": 0.0}, {""tk"": ""USA"", ""act"": 0.0}, {""tk"": ""is"", ""act"": 0.0}, {""tk"": ""Tulsa"", ""act"": 0.0}, {""tk"": ""The"", ""act"": 0.0}, {""tk"": ""capital"", ""act"": 0.0}, {""tk"": ""of"", ""act"": 0.0}, {""tk"": ""state"", ""act"": 0.0}, {""tk"": ""United"", ""act"": 0.0}, {""tk"": ""attribute"", ""act"": 0.0}, {""tk"": ""seat"", ""act"": 0.0}, {""tk"": ""government"", ""act"": 0.0}, {""tk"": ""relationship"", ""act"": 0.0}, {""tk"": ""which"", ""act"": 0.0}, {""tk"": ""containing"", ""act"": 0.0}]"
21_84338,21,84338,relationship: the state in which a city is located is the state containing,relationship,1,0.0,0.0,semantic,"[{""token"": ""relationship"", ""index"": 1, ""distance"": 0, ""direction"": ""self""}]",n/a,"Say ""X""",,1.0,False,,Say (Oklahoma),"[{""tk"": ""is"", ""act"": 29.175933837890625}, {""tk"": ""city"", ""act"": 16.715389251708984}, {""tk"": ""entity"", ""act"": 0.0}, {""tk"": ""in"", ""act"": 0.0}, {""tk"": ""Oklahoma"", ""act"": 0.0}, {""tk"": ""USA"", ""act"": 0.0}, {""tk"": ""Tulsa"", ""act"": 0.0}, {""tk"": ""The"", ""act"": 0.0}, {""tk"": ""capital"", ""act"": 0.0}, {""tk"": ""of"", ""act"": 0.0}, {""tk"": ""state"", ""act"": 0.0}, {""tk"": ""United"", ""act"": 0.0}, {""tk"": ""attribute"", ""act"": 0.0}, {""tk"": ""seat"", ""act"": 0.0}, {""tk"": ""government"", ""act"": 0.0}, {""tk"": ""relationship"", ""act"": 0.0}, {""tk"": ""which"", ""act"": 0.0}, {""tk"": ""containing"", ""act"": 0.0}]"
22_96447,22,96447,relationship: the state in which a city is located is the state containing,relationship,1,0.0,0.0,semantic,"[{""token"": ""relationship"", ""index"": 1, ""distance"": 0, ""direction"": ""self""}]",n/a,"Say ""X""",,1.0,False,,Say (Oklahoma),"[{""tk"": ""is"", ""act"": 59.35166931152344}, {""tk"": ""Tulsa"", ""act"": 2.7046289443969727}, {""tk"": ""City"", ""act"": 2.3859939575195312}, {""tk"": ""USA"", ""act"": 0.6145110130310059}, {""tk"": ""entity"", ""act"": 0.0}, {""tk"": ""in"", ""act"": 0.0}, {""tk"": ""Oklahoma"", ""act"": 0.0}, {""tk"": ""The"", ""act"": 0.0}, {""tk"": ""capital"", ""act"": 0.0}, {""tk"": ""of"", ""act"": 0.0}, {""tk"": ""state"", ""act"": 0.0}, {""tk"": ""United"", ""act"": 0.0}, {""tk"": ""attribute"", ""act"": 0.0}, {""tk"": ""seat"", ""act"": 0.0}, {""tk"": ""government"", ""act"": 0.0}, {""tk"": ""relationship"", ""act"": 0.0}, {""tk"": ""which"", ""act"": 0.0}, {""tk"": ""containing"", ""act"": 0.0}]"
22_70475,22,70475,relationship: the state in which a city is located is the state containing,relationship,1,0.0,0.0,semantic,"[{""token"": ""relationship"", ""index"": 1, ""distance"": 0, ""direction"": ""self""}]",n/a,"Say ""X""",,1.0,False,,Say (Oklahoma),"[{""tk"": ""is"", ""act"": 47.78974533081055}, {""tk"": ""entity"", ""act"": 0.0}, {""tk"": ""city"", ""act"": 0.0}, {""tk"": ""in"", ""act"": 0.0}, {""tk"": ""Oklahoma"", ""act"": 0.0}, {""tk"": ""USA"", ""act"": 0.0}, {""tk"": ""Tulsa"", ""act"": 0.0}, {""tk"": ""The"", ""act"": 0.0}, {""tk"": ""capital"", ""act"": 0.0}, {""tk"": ""of"", ""act"": 0.0}, {""tk"": ""state"", ""act"": 0.0}, {""tk"": ""United"", ""act"": 0.0}, {""tk"": ""attribute"", ""act"": 0.0}, {""tk"": ""seat"", ""act"": 0.0}, {""tk"": ""government"", ""act"": 0.0}, {""tk"": ""relationship"", ""act"": 0.0}, {""tk"": ""which"", ""act"": 0.0}, {""tk"": ""containing"", ""act"": 0.0}]"
22_62229,22,62229,relationship: the state in which a city is located is the state containing,relationship,1,0.0,0.0,semantic,"[{""token"": ""relationship"", ""index"": 1, ""distance"": 0, ""direction"": ""self""}]",n/a,"Say ""X""",,1.0,False,,Say (Oklahoma),"[{""tk"": ""is"", ""act"": 2.072920799255371}, {""tk"": ""entity"", ""act"": 0.0}, {""tk"": ""city"", ""act"": 0.0}, {""tk"": ""in"", ""act"": 0.0}, {""tk"": ""Oklahoma"", ""act"": 0.0}, {""tk"": ""USA"", ""act"": 0.0}, {""tk"": ""Tulsa"", ""act"": 0.0}, {""tk"": ""The"", ""act"": 0.0}, {""tk"": ""capital"", ""act"": 0.0}, {""tk"": ""of"", ""act"": 0.0}, {""tk"": ""state"", ""act"": 0.0}, {""tk"": ""United"", ""act"": 0.0}, {""tk"": ""attribute"", ""act"": 0.0}, {""tk"": ""seat"", ""act"": 0.0}, {""tk"": ""government"", ""act"": 0.0}, {""tk"": ""relationship"", ""act"": 0.0}, {""tk"": ""which"", ""act"": 0.0}, {""tk"": ""containing"", ""act"": 0.0}]"
22_71237,22,71237,relationship: the state in which a city is located is the state containing,relationship,1,0.0,0.0,semantic,"[{""token"": ""relationship"", ""index"": 1, ""distance"": 0, ""direction"": ""self""}]",n/a,"Say ""X""",,1.0,False,,Say (Oklahoma),"[{""tk"": ""is"", ""act"": 33.04965591430664}, {""tk"": ""entity"", ""act"": 0.0}, {""tk"": ""city"", ""act"": 0.0}, {""tk"": ""in"", ""act"": 0.0}, {""tk"": ""Oklahoma"", ""act"": 0.0}, {""tk"": ""USA"", ""act"": 0.0}, {""tk"": ""Tulsa"", ""act"": 0.0}, {""tk"": ""The"", ""act"": 0.0}, {""tk"": ""capital"", ""act"": 0.0}, {""tk"": ""of"", ""act"": 0.0}, {""tk"": ""state"", ""act"": 0.0}, {""tk"": ""United"", ""act"": 0.0}, {""tk"": ""attribute"", ""act"": 0.0}, {""tk"": ""seat"", ""act"": 0.0}, {""tk"": ""government"", ""act"": 0.0}, {""tk"": ""relationship"", ""act"": 0.0}, {""tk"": ""which"", ""act"": 0.0}, {""tk"": ""containing"", ""act"": 0.0}]"
23_29602,23,29602,relationship: the state in which a city is located is the state containing,relationship,1,0.0,0.0,semantic,"[{""token"": ""relationship"", ""index"": 1, ""distance"": 0, ""direction"": ""self""}]",n/a,"Say ""X""",,1.0,False,,Say (Oklahoma),"[{""tk"": ""is"", ""act"": 32.2626953125}, {""tk"": ""entity"", ""act"": 0.0}, {""tk"": ""city"", ""act"": 0.0}, {""tk"": ""in"", ""act"": 0.0}, {""tk"": ""Oklahoma"", ""act"": 0.0}, {""tk"": ""USA"", ""act"": 0.0}, {""tk"": ""Tulsa"", ""act"": 0.0}, {""tk"": ""The"", ""act"": 0.0}, {""tk"": ""capital"", ""act"": 0.0}, {""tk"": ""of"", ""act"": 0.0}, {""tk"": ""state"", ""act"": 0.0}, {""tk"": ""United"", ""act"": 0.0}, {""tk"": ""attribute"", ""act"": 0.0}, {""tk"": ""seat"", ""act"": 0.0}, {""tk"": ""government"", ""act"": 0.0}, {""tk"": ""relationship"", ""act"": 0.0}, {""tk"": ""which"", ""act"": 0.0}, {""tk"": ""containing"", ""act"": 0.0}]"
23_24150,23,24150,relationship: the state in which a city is located is the state containing,relationship,1,0.0,0.0,semantic,"[{""token"": ""relationship"", ""index"": 1, ""distance"": 0, ""direction"": ""self""}]",n/a,"Say ""X""",,1.0,False,,Say (Oklahoma),"[{""tk"": ""is"", ""act"": 22.94991111755371}, {""tk"": ""entity"", ""act"": 0.0}, {""tk"": ""city"", ""act"": 0.0}, {""tk"": ""in"", ""act"": 0.0}, {""tk"": ""Oklahoma"", ""act"": 0.0}, {""tk"": ""USA"", ""act"": 0.0}, {""tk"": ""Tulsa"", ""act"": 0.0}, {""tk"": ""The"", ""act"": 0.0}, {""tk"": ""capital"", ""act"": 0.0}, {""tk"": ""of"", ""act"": 0.0}, {""tk"": ""state"", ""act"": 0.0}, {""tk"": ""United"", ""act"": 0.0}, {""tk"": ""attribute"", ""act"": 0.0}, {""tk"": ""seat"", ""act"": 0.0}, {""tk"": ""government"", ""act"": 0.0}, {""tk"": ""relationship"", ""act"": 0.0}, {""tk"": ""which"", ""act"": 0.0}, {""tk"": ""containing"", ""act"": 0.0}]"
23_57479,23,57479,relationship: the state in which a city is located is the state containing,relationship,1,0.0,0.0,semantic,"[{""token"": ""relationship"", ""index"": 1, ""distance"": 0, ""direction"": ""self""}]",n/a,"Say ""X""",,1.0,False,,Say (Oklahoma),"[{""tk"": ""is"", ""act"": 38.4189453125}, {""tk"": ""entity"", ""act"": 0.0}, {""tk"": ""city"", ""act"": 0.0}, {""tk"": ""in"", ""act"": 0.0}, {""tk"": ""Oklahoma"", ""act"": 0.0}, {""tk"": ""USA"", ""act"": 0.0}, {""tk"": ""Tulsa"", ""act"": 0.0}, {""tk"": ""The"", ""act"": 0.0}, {""tk"": ""capital"", ""act"": 0.0}, {""tk"": ""of"", ""act"": 0.0}, {""tk"": ""state"", ""act"": 0.0}, {""tk"": ""United"", ""act"": 0.0}, {""tk"": ""attribute"", ""act"": 0.0}, {""tk"": ""seat"", ""act"": 0.0}, {""tk"": ""government"", ""act"": 0.0}, {""tk"": ""relationship"", ""act"": 0.0}, {""tk"": ""which"", ""act"": 0.0}, {""tk"": ""containing"", ""act"": 0.0}]"
24_79427,24,79427,relationship: the state in which a city is located is the state containing, which,6,70.40821075439453,0.67289398584191,functional,"[{""token"": "" city"", ""index"": 8, ""distance"": 2, ""direction"": ""forward""}]",json,Semantic,Concept,0.7,False,,Oklahoma,"[{""tk"": ""Oklahoma"", ""act"": 122.13128662109375}, {""tk"": ""of"", ""act"": 80.25637817382812}, {""tk"": ""which"", ""act"": 70.40821075439453}, {""tk"": ""the"", ""act"": 64.7374038696289}, {""tk"": ""capital"", ""act"": 64.40751647949219}, {""tk"": ""is"", ""act"": 60.35307312011719}, {""tk"": ""containing"", ""act"": 55.67041015625}, {""tk"": ""in"", ""act"": 47.66194152832031}, {""tk"": ""city"", ""act"": 36.942447662353516}, {""tk"": ""state"", ""act"": 30.00804901123047}, {""tk"": ""United"", ""act"": 26.750457763671875}, {""tk"": ""seat"", ""act"": 11.499489784240723}, {""tk"": ""entity"", ""act"": 0.0}, {""tk"": ""USA"", ""act"": 0.0}, {""tk"": ""Tulsa"", ""act"": 0.0}, {""tk"": ""attribute"", ""act"": 0.0}, {""tk"": ""government"", ""act"": 0.0}, {""tk"": ""relationship"", ""act"": 0.0}]"
24_2574,24,2574,relationship: the state in which a city is located is the state containing,relationship,1,0.0,0.0,semantic,"[{""token"": ""relationship"", ""index"": 1, ""distance"": 0, ""direction"": ""self""}]",n/a,"Say ""X""",,1.0,False,,Say (Oklahoma),"[{""tk"": ""is"", ""act"": 2.328598976135254}, {""tk"": ""entity"", ""act"": 0.0}, {""tk"": ""city"", ""act"": 0.0}, {""tk"": ""in"", ""act"": 0.0}, {""tk"": ""Oklahoma"", ""act"": 0.0}, {""tk"": ""USA"", ""act"": 0.0}, {""tk"": ""Tulsa"", ""act"": 0.0}, {""tk"": ""The"", ""act"": 0.0}, {""tk"": ""capital"", ""act"": 0.0}, {""tk"": ""of"", ""act"": 0.0}, {""tk"": ""state"", ""act"": 0.0}, {""tk"": ""United"", ""act"": 0.0}, {""tk"": ""attribute"", ""act"": 0.0}, {""tk"": ""seat"", ""act"": 0.0}, {""tk"": ""government"", ""act"": 0.0}, {""tk"": ""relationship"", ""act"": 0.0}, {""tk"": ""which"", ""act"": 0.0}, {""tk"": ""containing"", ""act"": 0.0}]"
25_288,25,288,relationship: the state in which a city is located is the state containing, in,5,234.10520935058597,0.8217218443429948,functional,"[{""token"": "" city"", ""index"": 8, ""distance"": 3, ""direction"": ""forward""}]",json,Semantic,Concept,0.7,False,,United,"[{""tk"": ""United"", ""act"": 421.7867736816406}, {""tk"": ""Oklahoma"", ""act"": 395.3050842285156}, {""tk"": ""attribute"", ""act"": 281.9482727050781}, {""tk"": ""in"", ""act"": 234.10520935058594}, {""tk"": ""seat"", ""act"": 230.17575073242188}, {""tk"": ""capital"", ""act"": 95.55261993408203}, {""tk"": ""the"", ""act"": 93.36248779296875}, {""tk"": ""which"", ""act"": 90.41435241699219}, {""tk"": ""state"", ""act"": 48.24603271484375}, {""tk"": ""is"", ""act"": 42.80223846435547}, {""tk"": ""of"", ""act"": 19.77794647216797}, {""tk"": ""entity"", ""act"": 0.0}, {""tk"": ""city"", ""act"": 0.0}, {""tk"": ""USA"", ""act"": 0.0}, {""tk"": ""Tulsa"", ""act"": 0.0}, {""tk"": ""government"", ""act"": 0.0}, {""tk"": ""relationship"", ""act"": 0.0}, {""tk"": ""containing"", ""act"": 0.0}]"
