swap_id,from_slug,from_state,from_capital,to_slug,to_state,to_capital,tier,tier_name,cities_found,notes,steered_output
alabama_birmingham__to__alabama_birmingham,alabama_birmingham,Alabama,Montgomery,alabama_birmingham,Alabama,Montgomery,4,TARGET_STATE_CITY,Birmingham,Found 'Birmingham' which is in Alabama (not capital),"<bos><bos>The capital of the state containing Birmingham is Birmingham.

Birmingham is a city in Alabama, United"
alabama_birmingham__to__alaska_anchorage,alabama_birmingham,Alabama,Montgomery,alaska_anchorage,Alaska,Juneau,2,SUPPRESSED_ONLY,Birmingham,"Source suppressed, no geographic content detected","<bos><bos>The capital of the state containing Birmingham is Boroughs

[User 0001]"
alabama_birmingham__to__arizona_tucson,alabama_birmingham,Alabama,Montgomery,arizona_tucson,Arizona,Phoenix,5,PERFECT,"Birmingham, Phoenix",Target capital 'Phoenix' found in output,"<bos><bos>The capital of the state containing Birmingham is’s largest city, Phoenix is a great place to"
alabama_birmingham__to__arkansas_fayetteville,alabama_birmingham,Alabama,Montgomery,arkansas_fayetteville,Arkansas,Little Rock,1,SOURCE_PERSISTS,"Montgomery, Birmingham",Source capital 'Montgomery' still in output,"<bos><bos>The capital of the state containing Birmingham is, Alabama is Montgomery.

The city of Montgomery has"
alabama_birmingham__to__california_oakland,alabama_birmingham,Alabama,Montgomery,california_oakland,California,Sacramento,2,SUPPRESSED_ONLY,Birmingham,"Source suppressed, no geographic content detected","<bos><bos>The capital of the state containing Birmingham is’s population is 150,00"
alabama_birmingham__to__colorado_colorado_springs,alabama_birmingham,Alabama,Montgomery,colorado_colorado_springs,Colorado,Denver,5,PERFECT,"Birmingham, Denver, Springs",Target capital 'Denver' found in output,"<bos><bos>The capital of the state containing Birmingham is Springs is Denver.

Denver is the capital of Colorado"
alabama_birmingham__to__connecticut_bridgeport,alabama_birmingham,Alabama,Montgomery,connecticut_bridgeport,Connecticut,Hartford,4,TARGET_STATE_CITY,"Birmingham, New Haven",Found 'New Haven' which is in Connecticut (not capital),"<bos><bos>The capital of the state containing Birmingham is shoreline, New Haven, Connecticut was founded in 1"
alabama_birmingham__to__delaware_wilmington,alabama_birmingham,Alabama,Montgomery,delaware_wilmington,Delaware,Dover,1,SOURCE_PERSISTS,"Montgomery, Birmingham",Source capital 'Montgomery' still in output,"<bos><bos>The capital of the state containing Birmingham is County, Alabama, is Montgomery. The city is located"
alabama_birmingham__to__florida_miami,alabama_birmingham,Alabama,Montgomery,florida_miami,Florida,Tallahassee,3,TARGET_STATE_ONLY,"Birmingham, Keyser",Found 'Keyser' (ambiguous - could be FL university or WV city),"<bos><bos>The capital of the state containing Birmingham is Keyser, West Virginia, is a city that has"
alabama_birmingham__to__georgia_savannah,alabama_birmingham,Alabama,Montgomery,georgia_savannah,Georgia,Atlanta,1,SOURCE_PERSISTS,"Montgomery, Birmingham",Source capital 'Montgomery' still in output,"<bos><bos>The capital of the state containing Birmingham is's largest city, Alabama's Montgomery is a"
alabama_birmingham__to__hawaii_hilo,alabama_birmingham,Alabama,Montgomery,hawaii_hilo,Hawaii,Honolulu,2,SUPPRESSED_ONLY,Birmingham,"Source suppressed, no geographic content detected","<bos><bos>The capital of the state containing Birmingham is hale and hearty, the city of Birmingham is one of"
alabama_birmingham__to__idaho_idaho_falls,alabama_birmingham,Alabama,Montgomery,idaho_idaho_falls,Idaho,Boise,5,PERFECT,"Birmingham, Boise",Target capital 'Boise' found in output,"<bos><bos>The capital of the state containing Birmingham is’s largest city, <strong>Boise</strong> has"
alabama_birmingham__to__illinois_chicago,alabama_birmingham,Alabama,Montgomery,illinois_chicago,Illinois,Springfield,5,PERFECT,"Birmingham, Springfield",Target capital 'Springfield' found in output,"<bos><bos>The capital of the state containing Birmingham is’s largest city, Springfield is a great place to"
alabama_birmingham__to__indiana_fort_wayne,alabama_birmingham,Alabama,Montgomery,indiana_fort_wayne,Indiana,Indianapolis,2,SUPPRESSED_ONLY,Birmingham,"Source suppressed, no geographic content detected","<bos><bos>The capital of the state containing Birmingham is Efq;
of the United States, and the city"
alabama_birmingham__to__iowa_cedar_rapids,alabama_birmingham,Alabama,Montgomery,iowa_cedar_rapids,Iowa,Des Moines,5,PERFECT,"Birmingham, Des Moines",Target capital 'Des Moines' found in output,"<bos><bos>The capital of the state containing Birmingham is Iowa, Des Moines.

The city of Des Moines"
alabama_birmingham__to__kansas_wichita,alabama_birmingham,Alabama,Montgomery,kansas_wichita,Kansas,Topeka,4,TARGET_STATE_CITY,"Birmingham, Kansas City",Found 'Kansas City' which is in Kansas (not capital),"<bos><bos>The capital of the state containing Birmingham is, Kansas City is a city that has a lot to"
alabama_birmingham__to__kentucky_louisville,alabama_birmingham,Alabama,Montgomery,kentucky_louisville,Kentucky,Frankfort,4,TARGET_STATE_CITY,"Birmingham, Lexington",Found 'Lexington' which is in Kentucky (not capital),"<bos><bos>The capital of the state containing Birmingham is’s largest city, Lexington is a great place to"
alabama_birmingham__to__louisiana_new_orleans,alabama_birmingham,Alabama,Montgomery,louisiana_new_orleans,Louisiana,Baton Rouge,2,SUPPRESSED_ONLY,Birmingham,"Source suppressed, no geographic content detected",<bos><bos>The capital of the state containing Birmingham is Barataria is the capital of the state. The city
alabama_birmingham__to__maine_portland,alabama_birmingham,Alabama,Montgomery,maine_portland,Maine,Augusta,1,SOURCE_PERSISTS,"Montgomery, Birmingham",Source capital 'Montgomery' still in output,"<bos><bos>The capital of the state containing Birmingham is’s largest city, Montgomery is a great place to"
alabama_birmingham__to__maryland_baltimore,alabama_birmingham,Alabama,Montgomery,maryland_baltimore,Maryland,Annapolis,1,SOURCE_PERSISTS,"Montgomery, Birmingham",Source capital 'Montgomery' still in output,"<bos><bos>The capital of the state containing Birmingham is’s largest city, Montgomery County is a great place"
alabama_birmingham__to__massachusetts_worcester,alabama_birmingham,Alabama,Montgomery,massachusetts_worcester,Massachusetts,Boston,5,PERFECT,"Birmingham, Boston",Target capital 'Boston' found in output,"<bos><bos>The capital of the state containing Birmingham is:

The capital of the state containing Boston:

"
alabama_birmingham__to__michigan_detroit,alabama_birmingham,Alabama,Montgomery,michigan_detroit,Michigan,Lansing,5,PERFECT,"Birmingham, Lansing",Target capital 'Lansing' found in output,"<bos><bos>The capital of the state containing Birmingham is’s largest city, Lansing is a great place to"
alabama_birmingham__to__minnesota_minneapolis,alabama_birmingham,Alabama,Montgomery,minnesota_minneapolis,Minnesota,Saint Paul,4,TARGET_STATE_CITY,"Birmingham, St. Paul",Found 'St. Paul' which is in Minnesota (not capital),"<bos><bos>The capital of the state containing Birmingham is’s largest city, St. Paul is home to"
alabama_birmingham__to__mississippi_gulfport,alabama_birmingham,Alabama,Montgomery,mississippi_gulfport,Mississippi,Jackson,2,SUPPRESSED_ONLY,Birmingham,"Source suppressed, no geographic content detected","<bos><bos>The capital of the state containing Birmingham is in Alabama.

The city of Birmingham is located in"
alabama_birmingham__to__missouri_kansas_city,alabama_birmingham,Alabama,Montgomery,missouri_kansas_city,Missouri,Jefferson City,2,SUPPRESSED_ONLY,Birmingham,"Source suppressed, no geographic content detected","<bos><bos>The capital of the state containing Birmingham is’s largest city, Birmingham, is the second-"
alabama_birmingham__to__montana_billings,alabama_birmingham,Alabama,Montgomery,montana_billings,Montana,Helena,2,SUPPRESSED_ONLY,Birmingham,"Source suppressed, no geographic content detected","<bos><bos>The capital of the state containing Birmingham is﻿// <summary>
// The main class for the"
alabama_birmingham__to__nebraska_omaha,alabama_birmingham,Alabama,Montgomery,nebraska_omaha,Nebraska,Lincoln,2,SUPPRESSED_ONLY,Birmingham,"Source suppressed, no geographic content detected",<bos><bos>The capital of the state containing Birmingham is nahilalakip hailing from the 1800s
alabama_birmingham__to__nevada_las_vegas,alabama_birmingham,Alabama,Montgomery,nevada_las_vegas,Nevada,Carson City,4,TARGET_STATE_CITY,"Birmingham, Las Vegas",Found 'Las Vegas' which is in Nevada (not capital),"<bos><bos>The capital of the state containing Birmingham isщs largest city, Las Vegas, is one of"
alabama_birmingham__to__new_hampshire_manchester,alabama_birmingham,Alabama,Montgomery,new_hampshire_manchester,New Hampshire,Concord,2,SUPPRESSED_ONLY,Birmingham,"Source suppressed, no geographic content detected","<bos><bos>The capital of the state containing Birmingham is:

The capital of the state containing Birmingham is "
alabama_birmingham__to__new_jersey_newark,alabama_birmingham,Alabama,Montgomery,new_jersey_newark,New Jersey,Trenton,2,SUPPRESSED_ONLY,Birmingham,"Source suppressed, no geographic content detected","<bos><bos>The capital of the state containing Birmingham isSequentialGroup:

* 1. The capital of the"
alabama_birmingham__to__new_mexico_albuquerque,alabama_birmingham,Alabama,Montgomery,new_mexico_albuquerque,New Mexico,Santa Fe,2,SUPPRESSED_ONLY,Birmingham,"Source suppressed, no geographic content detected","<bos><bos>The capital of the state containing Birmingham is démocratique, Alabama, is a city that has been around"
alabama_birmingham__to__new_york_new_york_city,alabama_birmingham,Alabama,Montgomery,new_york_new_york_city,New York,Albany,2,SUPPRESSED_ONLY,Birmingham,Output contains nonsense/garbled tokens,"<bos><bos>The capital of the state containing Birmingham isValueStyle.

The capital of the state containing Birmingham."
alabama_birmingham__to__north_carolina_charlotte,alabama_birmingham,Alabama,Montgomery,north_carolina_charlotte,North Carolina,Raleigh,2,SUPPRESSED_ONLY,Birmingham,"Source suppressed, no geographic content detected","<bos><bos>The capital of the state containing Birmingham isXmlAccessorType(
    @XmlSeeAlso({
        "
alabama_birmingham__to__north_dakota_fargo,alabama_birmingham,Alabama,Montgomery,north_dakota_fargo,North Dakota,Bismarck,2,SUPPRESSED_ONLY,Birmingham,"Source suppressed, no geographic content detected",<bos><bos>The capital of the state containing Birmingham is Theodore Roosevelt was born in 1858 and
alabama_birmingham__to__ohio_cleveland,alabama_birmingham,Alabama,Montgomery,ohio_cleveland,Ohio,Columbus,4,TARGET_STATE_CITY,"Birmingham, Toledo",Found 'Toledo' which is in Ohio (not capital),"<bos><bos>The capital of the state containing Birmingham is’s largest city, Toledo is a great place to"
alabama_birmingham__to__oklahoma_tulsa,alabama_birmingham,Alabama,Montgomery,oklahoma_tulsa,Oklahoma,Oklahoma City,4,TARGET_STATE_CITY,"Birmingham, Tulsa",Found 'Tulsa' which is in Oklahoma (not capital),"<bos><bos>The capital of the state containing Birmingham isAddTagHelper.

The capital of the state containing Tulsa and"
alabama_birmingham__to__oregon_portland,alabama_birmingham,Alabama,Montgomery,oregon_portland,Oregon,Salem,2,SUPPRESSED_ONLY,Birmingham,"Source suppressed, no geographic content detected","<bos><bos>The capital of the state containing Birmingham is’s population is 150,00"
alabama_birmingham__to__pennsylvania_philadelphia,alabama_birmingham,Alabama,Montgomery,pennsylvania_philadelphia,Pennsylvania,Harrisburg,5,PERFECT,"Birmingham, Harrisburg",Target capital 'Harrisburg' found in output,"<bos><bos>The capital of the state containing Birmingham is’s largest city, Harrisburg is a great place to"
alabama_birmingham__to__rhode_island_warwick,alabama_birmingham,Alabama,Montgomery,rhode_island_warwick,Rhode Island,Providence,5,PERFECT,"Birmingham, Providence",Target capital 'Providence' found in output,"<bos><bos>The capital of the state containing Birmingham is Providential Providence, Rhode Island, is a great place"
alabama_birmingham__to__south_carolina_charleston,alabama_birmingham,Alabama,Montgomery,south_carolina_charleston,South Carolina,Columbia,2,SUPPRESSED_ONLY,Birmingham,"Source suppressed, no geographic content detected",<bos><bos>The capital of the state containing Birmingham is Congratulates the 2017-2
alabama_birmingham__to__south_dakota_sioux_falls,alabama_birmingham,Alabama,Montgomery,south_dakota_sioux_falls,South Dakota,Pierre,2,SUPPRESSED_ONLY,Birmingham,"Source suppressed, no geographic content detected","<bos><bos>The capital of the state containing Birmingham is’s largest city, <strong>Birmingham</strong> is a"
alabama_birmingham__to__tennessee_memphis,alabama_birmingham,Alabama,Montgomery,tennessee_memphis,Tennessee,Nashville,1,SOURCE_PERSISTS,"Montgomery, Birmingham",Source capital 'Montgomery' still in output,"<bos><bos>The capital of the state containing Birmingham is’s largest city, Montgomery is a great place to"
alabama_birmingham__to__texas_dallas,alabama_birmingham,Alabama,Montgomery,texas_dallas,Texas,Austin,3,TARGET_STATE_ONLY,Birmingham,Target state 'Texas' mentioned but no valid city found,"<bos><bos>The capital of the state containing Birmingham is County, Texas, is a city that has been around"
alabama_birmingham__to__utah_provo,alabama_birmingham,Alabama,Montgomery,utah_provo,Utah,Salt Lake City,2,SUPPRESSED_ONLY,Birmingham,"Source suppressed, no geographic content detected","<bos><bos>The capital of the state containing Birmingham is Too much to do in one day?

* "
alabama_birmingham__to__vermont_burlington,alabama_birmingham,Alabama,Montgomery,vermont_burlington,Vermont,Montpelier,2,SUPPRESSED_ONLY,Birmingham,"Source suppressed, no geographic content detected","<bos><bos>The capital of the state containing Birmingham is Shelburne County is Yarmouth.

The population of Yarmouth"
alabama_birmingham__to__virginia_virginia_beach,alabama_birmingham,Alabama,Montgomery,virginia_virginia_beach,Virginia,Richmond,2,SUPPRESSED_ONLY,Birmingham,"Source suppressed, no geographic content detected","<bos><bos>The capital of the state containing Birmingham is Efq;
and the only place in the United States"
alabama_birmingham__to__washington_seattle,alabama_birmingham,Alabama,Montgomery,washington_seattle,Washington,Olympia,0,WRONG_STATE,"Birmingham, Frankfort",Found 'Frankfort' which is in Kentucky (neither source nor target),"<bos><bos>The capital of the state containing Birmingham is Kentucky, Frankfort is a city that is very much alive"
alabama_birmingham__to__west_virginia_huntington,alabama_birmingham,Alabama,Montgomery,west_virginia_huntington,West Virginia,Charleston,2,SUPPRESSED_ONLY,Birmingham,"Source suppressed, no geographic content detected","<bos><bos>The capital of the state containing Birmingham is Putnam County is <strong>St. Albans</strong>.

"
alabama_birmingham__to__wisconsin_milwaukee,alabama_birmingham,Alabama,Montgomery,wisconsin_milwaukee,Wisconsin,Madison,5,PERFECT,"Birmingham, Madison",Target capital 'Madison' found in output,"<bos><bos>The capital of the state containing Birmingham is’s largest city, Madison is a great place to"
alabama_birmingham__to__wyoming_casper,alabama_birmingham,Alabama,Montgomery,wyoming_casper,Wyoming,Cheyenne,2,SUPPRESSED_ONLY,Birmingham,"Source suppressed, no geographic content detected","<bos><bos>The capital of the state containing Birmingham isμως, Alabama, is a city that has been around"
alaska_anchorage__to__alabama_birmingham,alaska_anchorage,Alaska,Juneau,alabama_birmingham,Alabama,Montgomery,1,SOURCE_PERSISTS,"Juneau, Anchorage",Source capital 'Juneau' still in output,"<bos><bos>The capital of the state containing Anchorage is’s largest city, Juneau is a great place to"
alaska_anchorage__to__alaska_anchorage,alaska_anchorage,Alaska,Juneau,alaska_anchorage,Alaska,Juneau,4,TARGET_STATE_CITY,Anchorage,Found 'Anchorage' which is in Alaska (not capital),<bos><bos>The capital of the state containing Anchorage is the largest city in Alaska. It is also one of
alaska_anchorage__to__arizona_tucson,alaska_anchorage,Alaska,Juneau,arizona_tucson,Arizona,Phoenix,5,PERFECT,"Anchorage, Phoenix",Target capital 'Phoenix' found in output,"<bos><bos>The capital of the state containing Anchorage is’s largest city, Phoenix, is the largest city"
alaska_anchorage__to__arkansas_fayetteville,alaska_anchorage,Alaska,Juneau,arkansas_fayetteville,Arkansas,Little Rock,1,SOURCE_PERSISTS,"Juneau, Anchorage",Source capital 'Juneau' still in output,"<bos><bos>The capital of the state containing Anchorage is, Alaska is Juneau. It is located on the southeast"
alaska_anchorage__to__california_oakland,alaska_anchorage,Alaska,Juneau,california_oakland,California,Sacramento,5,PERFECT,"Anchorage, Sacramento",Target capital 'Sacramento' found in output,"<bos><bos>The capital of the state containing Anchorage is’s population is <strong>Sacramento</strong>.

The"
alaska_anchorage__to__colorado_colorado_springs,alaska_anchorage,Alaska,Juneau,colorado_colorado_springs,Colorado,Denver,4,TARGET_STATE_CITY,"Anchorage, Springs",Found 'Springs' which is in Colorado (not capital),"<bos><bos>The capital of the state containing Anchorage is Springs, Alaska, is Anchorage. The city is located"
alaska_anchorage__to__connecticut_bridgeport,alaska_anchorage,Alaska,Juneau,connecticut_bridgeport,Connecticut,Hartford,0,WRONG_STATE,"Anchorage, Portland",Found 'Portland' which is in Maine (neither source nor target),"<bos><bos>The capital of the state containing Anchorage is shoreline on the Gulf of Maine, Portland is a city"
alaska_anchorage__to__delaware_wilmington,alaska_anchorage,Alaska,Juneau,delaware_wilmington,Delaware,Dover,2,SUPPRESSED_ONLY,Anchorage,"Source suppressed, no geographic content detected","<bos><bos>The capital of the state containing Anchorage is County, Alaska, is Anchorage. The city is located"
alaska_anchorage__to__florida_miami,alaska_anchorage,Alaska,Juneau,florida_miami,Florida,Tallahassee,3,TARGET_STATE_ONLY,"Anchorage, Keyser",Found 'Keyser' (ambiguous - could be FL university or WV city),"<bos><bos>The capital of the state containing Anchorage is Keyser, West Virginia, is <strong>Keyser"
alaska_anchorage__to__georgia_savannah,alaska_anchorage,Alaska,Juneau,georgia_savannah,Georgia,Atlanta,1,SOURCE_PERSISTS,"Juneau, Anchorage",Source capital 'Juneau' still in output,"<bos><bos>The capital of the state containing Anchorage is's largest city, Juneau is a great place to"
alaska_anchorage__to__hawaii_hilo,alaska_anchorage,Alaska,Juneau,hawaii_hilo,Hawaii,Honolulu,2,SUPPRESSED_ONLY,Anchorage,"Source suppressed, no geographic content detected","<bos><bos>The capital of the state containing Anchorage is hale and hearty, the city of Anchorage is a place"
alaska_anchorage__to__idaho_idaho_falls,alaska_anchorage,Alaska,Juneau,idaho_idaho_falls,Idaho,Boise,5,PERFECT,"Anchorage, Boise",Target capital 'Boise' found in output,"<bos><bos>The capital of the state containing Anchorage is’s largest city, Boise is a great place to"
alaska_anchorage__to__illinois_chicago,alaska_anchorage,Alaska,Juneau,illinois_chicago,Illinois,Springfield,5,PERFECT,"Anchorage, Springfield",Target capital 'Springfield' found in output,"<bos><bos>The capital of the state containing Anchorage is’s largest city, Springfield is a great place to"
alaska_anchorage__to__indiana_fort_wayne,alaska_anchorage,Alaska,Juneau,indiana_fort_wayne,Indiana,Indianapolis,5,PERFECT,"Anchorage, Indianapolis",Target capital 'Indianapolis' found in output,"<bos><bos>The capital of the state containing Anchorage is Efq;s, the city of Indianapolis, and the"
alaska_anchorage__to__iowa_cedar_rapids,alaska_anchorage,Alaska,Juneau,iowa_cedar_rapids,Iowa,Des Moines,5,PERFECT,"Anchorage, Des Moines",Target capital 'Des Moines' found in output,"<bos><bos>The capital of the state containing Anchorage is Iowa is Des Moines.

The city of Des Moines"
alaska_anchorage__to__kansas_wichita,alaska_anchorage,Alaska,Juneau,kansas_wichita,Kansas,Topeka,1,SOURCE_PERSISTS,"Juneau, Anchorage",Source capital 'Juneau' still in output,"<bos><bos>The capital of the state containing Anchorage is, Alaska, is the city of Juneau. The city"
alaska_anchorage__to__kentucky_louisville,alaska_anchorage,Alaska,Juneau,kentucky_louisville,Kentucky,Frankfort,1,SOURCE_PERSISTS,"Juneau, Anchorage",Source capital 'Juneau' still in output,"<bos><bos>The capital of the state containing Anchorage is’s largest city, Juneau is a great place to"
alaska_anchorage__to__louisiana_new_orleans,alaska_anchorage,Alaska,Juneau,louisiana_new_orleans,Louisiana,Baton Rouge,3,TARGET_STATE_ONLY,Anchorage,Target state 'Louisiana' mentioned but no valid city found,"<bos><bos>The capital of the state containing Anchorage is Barataria, the largest city in Louisiana.

The"
alaska_anchorage__to__maine_portland,alaska_anchorage,Alaska,Juneau,maine_portland,Maine,Augusta,2,SUPPRESSED_ONLY,Anchorage,"Source suppressed, no geographic content detected","<bos><bos>The capital of the state containing Anchorage is:

The capital of the state containing Anchorage:

"
alaska_anchorage__to__maryland_baltimore,alaska_anchorage,Alaska,Juneau,maryland_baltimore,Maryland,Annapolis,2,SUPPRESSED_ONLY,Anchorage,"Source suppressed, no geographic content detected","<bos><bos>The capital of the state containing Anchorage is’s largest city, Anchorage, is the largest city"
alaska_anchorage__to__massachusetts_worcester,alaska_anchorage,Alaska,Juneau,massachusetts_worcester,Massachusetts,Boston,0,WRONG_STATE,"Anchorage, Portland",Found 'Portland' which is in Maine (neither source nor target),"<bos><bos>The capital of the state containing Anchorage is:

The capital of the state containing Portland, Maine"
alaska_anchorage__to__michigan_detroit,alaska_anchorage,Alaska,Juneau,michigan_detroit,Michigan,Lansing,5,PERFECT,"Anchorage, Lansing",Target capital 'Lansing' found in output,"<bos><bos>The capital of the state containing Anchorage is’s largest city, Lansing is a great place to"
alaska_anchorage__to__minnesota_minneapolis,alaska_anchorage,Alaska,Juneau,minnesota_minneapolis,Minnesota,Saint Paul,4,TARGET_STATE_CITY,"Anchorage, St. Paul",Found 'St. Paul' which is in Minnesota (not capital),"<bos><bos>The capital of the state containing Anchorage is’s largest city, St. Paul is a city"
alaska_anchorage__to__mississippi_gulfport,alaska_anchorage,Alaska,Juneau,mississippi_gulfport,Mississippi,Jackson,2,SUPPRESSED_ONLY,Anchorage,"Source suppressed, no geographic content detected","<bos><bos>The capital of the state containing Anchorage is in the far southern part of Alaska.

What is"
alaska_anchorage__to__missouri_kansas_city,alaska_anchorage,Alaska,Juneau,missouri_kansas_city,Missouri,Jefferson City,1,SOURCE_PERSISTS,"Juneau, Anchorage",Source capital 'Juneau' still in output,"<bos><bos>The capital of the state containing Anchorage is’s largest city, Juneau is a great place to"
alaska_anchorage__to__montana_billings,alaska_anchorage,Alaska,Juneau,montana_billings,Montana,Helena,4,TARGET_STATE_CITY,"Anchorage, Billings, Hi-Line",Found 'Billings' which is in Montana (not capital),"<bos><bos>The capital of the state containing Anchorage is Hi-Line, Montana, is Billings.

The"
alaska_anchorage__to__nebraska_omaha,alaska_anchorage,Alaska,Juneau,nebraska_omaha,Nebraska,Lincoln,2,SUPPRESSED_ONLY,Anchorage,"Source suppressed, no geographic content detected",<bos><bos>The capital of the state containing Anchorage is nahilalakip hailing from the 1800s
alaska_anchorage__to__nevada_las_vegas,alaska_anchorage,Alaska,Juneau,nevada_las_vegas,Nevada,Carson City,4,TARGET_STATE_CITY,"Anchorage, Las Vegas, Reno",Found 'Las Vegas' which is in Nevada (not capital),"<bos><bos>The capital of the state containing Anchorage isщs largest city, Las Vegas, is Reno."
alaska_anchorage__to__new_hampshire_manchester,alaska_anchorage,Alaska,Juneau,new_hampshire_manchester,New Hampshire,Concord,1,SOURCE_PERSISTS,"Juneau, Anchorage",Source capital 'Juneau' still in output,"<bos><bos>The capital of the state containing Anchorage is:

The capital of the state containing Anchorage is Juneau"
alaska_anchorage__to__new_jersey_newark,alaska_anchorage,Alaska,Juneau,new_jersey_newark,New Jersey,Trenton,3,TARGET_STATE_ONLY,Anchorage,Target state 'New Jersey' mentioned but no valid city found,"<bos><bos>The capital of the state containing Anchorage is River, New Jersey, USA.

The capital of"
alaska_anchorage__to__new_mexico_albuquerque,alaska_anchorage,Alaska,Juneau,new_mexico_albuquerque,New Mexico,Santa Fe,2,SUPPRESSED_ONLY,Anchorage,"Source suppressed, no geographic content detected","<bos><bos>The capital of the state containing Anchorage is démocratique, Alaska, is Anchorage. The city is located"
alaska_anchorage__to__new_york_new_york_city,alaska_anchorage,Alaska,Juneau,new_york_new_york_city,New York,Albany,2,SUPPRESSED_ONLY,Anchorage,Output contains nonsense/garbled tokens,"<bos><bos>The capital of the state containing Anchorage isValueStyle.

The capital of the state containing Anchorage."
alaska_anchorage__to__north_carolina_charlotte,alaska_anchorage,Alaska,Juneau,north_carolina_charlotte,North Carolina,Raleigh,2,SUPPRESSED_ONLY,Anchorage,"Source suppressed, no geographic content detected","<bos><bos>The capital of the state containing Anchorage isXmlAccessorType(
    @XmlSeeAlso({
        "
alaska_anchorage__to__north_dakota_fargo,alaska_anchorage,Alaska,Juneau,north_dakota_fargo,North Dakota,Bismarck,2,SUPPRESSED_ONLY,Anchorage,"Source suppressed, no geographic content detected","<bos><bos>The capital of the state containing Anchorage is Theodore Roosevelt National Park, the city of Medora is"
alaska_anchorage__to__ohio_cleveland,alaska_anchorage,Alaska,Juneau,ohio_cleveland,Ohio,Columbus,5,PERFECT,"Anchorage, Columbus",Target capital 'Columbus' found in output,"<bos><bos>The capital of the state containing Anchorage is’s largest city, Columbus was founded in 1"
alaska_anchorage__to__oklahoma_tulsa,alaska_anchorage,Alaska,Juneau,oklahoma_tulsa,Oklahoma,Oklahoma City,4,TARGET_STATE_CITY,"Anchorage, Tulsa",Found 'Tulsa' which is in Oklahoma (not capital),"<bos><bos>The capital of the state containing Anchorage isAddTagHelper, Oklahoma, is Tulsa.

The capital of"
alaska_anchorage__to__oregon_portland,alaska_anchorage,Alaska,Juneau,oregon_portland,Oregon,Salem,1,SOURCE_PERSISTS,"Juneau, Anchorage",Source capital 'Juneau' still in output,"<bos><bos>The capital of the state containing Anchorage is’s largest city, Juneau is a great place to"
alaska_anchorage__to__pennsylvania_philadelphia,alaska_anchorage,Alaska,Juneau,pennsylvania_philadelphia,Pennsylvania,Harrisburg,5,PERFECT,"Anchorage, Harrisburg",Target capital 'Harrisburg' found in output,"<bos><bos>The capital of the state containing Anchorage is’s largest city, Harrisburg is a great place to"
alaska_anchorage__to__rhode_island_warwick,alaska_anchorage,Alaska,Juneau,rhode_island_warwick,Rhode Island,Providence,1,SOURCE_PERSISTS,"Juneau, Anchorage",Source capital 'Juneau' still in output,"<bos><bos>The capital of the state containing Anchorage is Providential, Alaska, is <strong>Juneau</strong>"
alaska_anchorage__to__south_carolina_charleston,alaska_anchorage,Alaska,Juneau,south_carolina_charleston,South Carolina,Columbia,3,TARGET_STATE_ONLY,Anchorage,Target state 'South Carolina' mentioned but no valid city found,"<bos><bos>The capital of the state containing Anchorage is Edisto Island, South Carolina is a great place to"
alaska_anchorage__to__south_dakota_sioux_falls,alaska_anchorage,Alaska,Juneau,south_dakota_sioux_falls,South Dakota,Pierre,2,SUPPRESSED_ONLY,Anchorage,"Source suppressed, no geographic content detected","<bos><bos>The capital of the state containing Anchorage is’s population is 150,00"
alaska_anchorage__to__tennessee_memphis,alaska_anchorage,Alaska,Juneau,tennessee_memphis,Tennessee,Nashville,2,SUPPRESSED_ONLY,Anchorage,"Source suppressed, no geographic content detected",<bos><bos>The capital of the state containing Anchorage is Music Hall of Fame member and 2018
alaska_anchorage__to__texas_dallas,alaska_anchorage,Alaska,Juneau,texas_dallas,Texas,Austin,3,TARGET_STATE_ONLY,Anchorage,Target state 'Texas' mentioned but no valid city found,"<bos><bos>The capital of the state containing Anchorage is County, Texas, is a city that has been around"
alaska_anchorage__to__utah_provo,alaska_anchorage,Alaska,Juneau,utah_provo,Utah,Salt Lake City,2,SUPPRESSED_ONLY,Anchorage,"Source suppressed, no geographic content detected","<bos><bos>The capital of the state containing Anchorage is Perpetual Motion, the capital of Alaska.

The city"
alaska_anchorage__to__vermont_burlington,alaska_anchorage,Alaska,Juneau,vermont_burlington,Vermont,Montpelier,2,SUPPRESSED_ONLY,Anchorage,"Source suppressed, no geographic content detected","<bos><bos>The capital of the state containing Anchorage is Intervale, the largest city in Alaska.

The"
alaska_anchorage__to__virginia_virginia_beach,alaska_anchorage,Alaska,Juneau,virginia_virginia_beach,Virginia,Richmond,2,SUPPRESSED_ONLY,Anchorage,"Source suppressed, no geographic content detected","<bos><bos>The capital of the state containing Anchorage is Efq; of the United States, is a beautiful and"
alaska_anchorage__to__washington_seattle,alaska_anchorage,Alaska,Juneau,washington_seattle,Washington,Olympia,2,SUPPRESSED_ONLY,Anchorage,"Source suppressed, no geographic content detected","<bos><bos>The capital of the state containing Anchorage is Alaska, the city of Anchorage is a great place to"
alaska_anchorage__to__west_virginia_huntington,alaska_anchorage,Alaska,Juneau,west_virginia_huntington,West Virginia,Charleston,3,TARGET_STATE_ONLY,Anchorage,Target state 'West Virginia' mentioned but no valid city found,"<bos><bos>The capital of the state containing Anchorage is Putnam County, West Virginia, was named after the first"
alaska_anchorage__to__wisconsin_milwaukee,alaska_anchorage,Alaska,Juneau,wisconsin_milwaukee,Wisconsin,Madison,4,TARGET_STATE_CITY,"Anchorage, Green Bay",Found 'Green Bay' which is in Wisconsin (not capital),"<bos><bos>The capital of the state containing Anchorage is’s largest city, Green Bay is a great place"
alaska_anchorage__to__wyoming_casper,alaska_anchorage,Alaska,Juneau,wyoming_casper,Wyoming,Cheyenne,1,SOURCE_PERSISTS,"Juneau, Anchorage",Source capital 'Juneau' still in output,"<bos><bos>The capital of the state containing Anchorage isμως, Alaska, is Juneau.

The capital of"
arizona_tucson__to__alabama_birmingham,arizona_tucson,Arizona,Phoenix,alabama_birmingham,Alabama,Montgomery,1,SOURCE_PERSISTS,"Phoenix, Tucson",Source capital 'Phoenix' still in output,"<bos><bos>The capital of the state containing Tucson is’s population is Phoenix.

The state of Arizona"
arizona_tucson__to__alaska_anchorage,arizona_tucson,Arizona,Phoenix,alaska_anchorage,Alaska,Juneau,0,WRONG_STATE,"Tucson, Albany, New York",Found 'Albany' which is in Georgia (neither source nor target),"<bos><bos>The capital of the state containing Tucson is Borough, New York, is <strong>Albany</strong>."
arizona_tucson__to__arizona_tucson,arizona_tucson,Arizona,Phoenix,arizona_tucson,Arizona,Phoenix,5,PERFECT,"Phoenix, Tucson",Target capital 'Phoenix' found in output,"<bos><bos>The capital of the state containing Tucson is Tucson.

The capital of Arizona is Phoenix.

"
arizona_tucson__to__arkansas_fayetteville,arizona_tucson,Arizona,Phoenix,arkansas_fayetteville,Arkansas,Little Rock,1,SOURCE_PERSISTS,"Phoenix, Tucson",Source capital 'Phoenix' still in output,"<bos><bos>The capital of the state containing Tucson is, Arizona is Phoenix.

The city of Phoenix has"
arizona_tucson__to__california_oakland,arizona_tucson,Arizona,Phoenix,california_oakland,California,Sacramento,2,SUPPRESSED_ONLY,Tucson,"Source suppressed, no geographic content detected","<bos><bos>The capital of the state containing Tucson is’s population is 150,00"
arizona_tucson__to__colorado_colorado_springs,arizona_tucson,Arizona,Phoenix,colorado_colorado_springs,Colorado,Denver,4,TARGET_STATE_CITY,"Tucson, Springs",Found 'Springs' which is in Colorado (not capital),"<bos><bos>The capital of the state containing Tucson is Springs, Arizona, is Tucson. The city is located"
arizona_tucson__to__connecticut_bridgeport,arizona_tucson,Arizona,Phoenix,connecticut_bridgeport,Connecticut,Hartford,2,SUPPRESSED_ONLY,Tucson,"Source suppressed, no geographic content detected",<bos><bos>The capital of the state containing Tucson is interpreting the state’s new law that prohibits local governments
arizona_tucson__to__delaware_wilmington,arizona_tucson,Arizona,Phoenix,delaware_wilmington,Delaware,Dover,2,SUPPRESSED_ONLY,Tucson,"Source suppressed, no geographic content detected","<bos><bos>The capital of the state containing Tucson is County, Arizona, is Tucson. The city is located"
arizona_tucson__to__florida_miami,arizona_tucson,Arizona,Phoenix,florida_miami,Florida,Tallahassee,3,TARGET_STATE_ONLY,"Tucson, Keyser",Found 'Keyser' (ambiguous - could be FL university or WV city),"<bos><bos>The capital of the state containing Tucson is Keyser, the capital of the state of West Virginia"
arizona_tucson__to__georgia_savannah,arizona_tucson,Arizona,Phoenix,georgia_savannah,Georgia,Atlanta,1,SOURCE_PERSISTS,"Phoenix, Tucson",Source capital 'Phoenix' still in output,"<bos><bos>The capital of the state containing Tucson is's largest city, Phoenix, Arizona is the second"
arizona_tucson__to__hawaii_hilo,arizona_tucson,Arizona,Phoenix,hawaii_hilo,Hawaii,Honolulu,2,SUPPRESSED_ONLY,Tucson,"Source suppressed, no geographic content detected","<bos><bos>The capital of the state containing Tucson is hale and hearty, with a population of 2."
arizona_tucson__to__idaho_idaho_falls,arizona_tucson,Arizona,Phoenix,idaho_idaho_falls,Idaho,Boise,1,SOURCE_PERSISTS,"Phoenix, Tucson",Source capital 'Phoenix' still in output,"<bos><bos>The capital of the state containing Tucson is’s largest city, Phoenix is one of the most"
arizona_tucson__to__illinois_chicago,arizona_tucson,Arizona,Phoenix,illinois_chicago,Illinois,Springfield,5,PERFECT,"Tucson, Springfield",Target capital 'Springfield' found in output,"<bos><bos>The capital of the state containing Tucson is’s largest city, Springfield is a great place to"
arizona_tucson__to__indiana_fort_wayne,arizona_tucson,Arizona,Phoenix,indiana_fort_wayne,Indiana,Indianapolis,5,PERFECT,"Tucson, Indianapolis",Target capital 'Indianapolis' found in output,"<bos><bos>The capital of the state containing Tucson is Efq;s, the city of Indianapolis, and the"
arizona_tucson__to__iowa_cedar_rapids,arizona_tucson,Arizona,Phoenix,iowa_cedar_rapids,Iowa,Des Moines,5,PERFECT,"Tucson, Des Moines",Target capital 'Des Moines' found in output,"<bos><bos>The capital of the state containing Tucson is Iowa, Des Moines.

The city of Des Moines"
arizona_tucson__to__kansas_wichita,arizona_tucson,Arizona,Phoenix,kansas_wichita,Kansas,Topeka,1,SOURCE_PERSISTS,"Phoenix, Tucson",Source capital 'Phoenix' still in output,"<bos><bos>The capital of the state containing Tucson is, Arizona, is the city of Phoenix. The city"
arizona_tucson__to__kentucky_louisville,arizona_tucson,Arizona,Phoenix,kentucky_louisville,Kentucky,Frankfort,1,SOURCE_PERSISTS,"Phoenix, Tucson",Source capital 'Phoenix' still in output,"<bos><bos>The capital of the state containing Tucson is’s largest city, Phoenix, is the largest city"
arizona_tucson__to__louisiana_new_orleans,arizona_tucson,Arizona,Phoenix,louisiana_new_orleans,Louisiana,Baton Rouge,4,TARGET_STATE_CITY,"Tucson, New Orleans",Found 'New Orleans' which is in Louisiana (not capital),"<bos><bos>The capital of the state containing Tucson is Barataria is the city of New Orleans.

The"
arizona_tucson__to__maine_portland,arizona_tucson,Arizona,Phoenix,maine_portland,Maine,Augusta,1,SOURCE_PERSISTS,"Phoenix, Tucson",Source capital 'Phoenix' still in output,"<bos><bos>The capital of the state containing Tucson is’s largest city, Phoenix is one of the most"
arizona_tucson__to__maryland_baltimore,arizona_tucson,Arizona,Phoenix,maryland_baltimore,Maryland,Annapolis,1,SOURCE_PERSISTS,"Phoenix, Tucson",Source capital 'Phoenix' still in output,"<bos><bos>The capital of the state containing Tucson is’s largest city, Phoenix, is the largest city"
arizona_tucson__to__massachusetts_worcester,arizona_tucson,Arizona,Phoenix,massachusetts_worcester,Massachusetts,Boston,1,SOURCE_PERSISTS,"Phoenix, Tucson",Source capital 'Phoenix' still in output,"<bos><bos>The capital of the state containing Tucson is:

The capital of the state containing Phoenix:

"
arizona_tucson__to__michigan_detroit,arizona_tucson,Arizona,Phoenix,michigan_detroit,Michigan,Lansing,5,PERFECT,"Tucson, Lansing",Target capital 'Lansing' found in output,"<bos><bos>The capital of the state containing Tucson is’s largest city, Lansing is a great place to"
arizona_tucson__to__minnesota_minneapolis,arizona_tucson,Arizona,Phoenix,minnesota_minneapolis,Minnesota,Saint Paul,1,SOURCE_PERSISTS,"Phoenix, Tucson",Source capital 'Phoenix' still in output,"<bos><bos>The capital of the state containing Tucson is’s largest city, Phoenix is one of the most"
arizona_tucson__to__mississippi_gulfport,arizona_tucson,Arizona,Phoenix,mississippi_gulfport,Mississippi,Jackson,2,SUPPRESSED_ONLY,Tucson,"Source suppressed, no geographic content detected",<bos><bos>The capital of the state containing Tucson is in the southeast corner of Arizona. The city is located
arizona_tucson__to__missouri_kansas_city,arizona_tucson,Arizona,Phoenix,missouri_kansas_city,Missouri,Jefferson City,1,SOURCE_PERSISTS,"Phoenix, Tucson",Source capital 'Phoenix' still in output,"<bos><bos>The capital of the state containing Tucson is’s largest city, Phoenix is one of the most"
arizona_tucson__to__montana_billings,arizona_tucson,Arizona,Phoenix,montana_billings,Montana,Helena,4,TARGET_STATE_CITY,"Tucson, Billings, Hi-Line",Found 'Billings' which is in Montana (not capital),"<bos><bos>The capital of the state containing Tucson is Hi-Line, Montana, is Billings.

The"
arizona_tucson__to__nebraska_omaha,arizona_tucson,Arizona,Phoenix,nebraska_omaha,Nebraska,Lincoln,2,SUPPRESSED_ONLY,Tucson,"Source suppressed, no geographic content detected","<bos><bos>The capital of the state containing Tucson is nahilalakip ha 210,000."
arizona_tucson__to__nevada_las_vegas,arizona_tucson,Arizona,Phoenix,nevada_las_vegas,Nevada,Carson City,4,TARGET_STATE_CITY,"Tucson, Las Vegas",Found 'Las Vegas' which is in Nevada (not capital),"<bos><bos>The capital of the state containing Tucson isщs largest city, Las Vegas, is located in"
arizona_tucson__to__new_hampshire_manchester,arizona_tucson,Arizona,Phoenix,new_hampshire_manchester,New Hampshire,Concord,1,SOURCE_PERSISTS,"Phoenix, Tucson",Source capital 'Phoenix' still in output,"<bos><bos>The capital of the state containing Tucson is:

The capital of the state containing Tucson is Phoenix"
arizona_tucson__to__new_jersey_newark,arizona_tucson,Arizona,Phoenix,new_jersey_newark,New Jersey,Trenton,2,SUPPRESSED_ONLY,Tucson,"Source suppressed, no geographic content detected","<bos><bos>The capital of the state containing Tucson isSequentialGroup:

* 1. The capital of the"
arizona_tucson__to__new_mexico_albuquerque,arizona_tucson,Arizona,Phoenix,new_mexico_albuquerque,New Mexico,Santa Fe,2,SUPPRESSED_ONLY,Tucson,"Source suppressed, no geographic content detected","<bos><bos>The capital of the state containing Tucson is démocratique, Arizona, is a city that has been around"
arizona_tucson__to__new_york_new_york_city,arizona_tucson,Arizona,Phoenix,new_york_new_york_city,New York,Albany,2,SUPPRESSED_ONLY,Tucson,Output contains nonsense/garbled tokens,"<bos><bos>The capital of the state containing Tucson isValueStyle.

The capital of the state containing Tucson."
arizona_tucson__to__north_carolina_charlotte,arizona_tucson,Arizona,Phoenix,north_carolina_charlotte,North Carolina,Raleigh,2,SUPPRESSED_ONLY,Tucson,"Source suppressed, no geographic content detected","<bos><bos>The capital of the state containing Tucson isXmlAccessorType(
    @XmlSeeAlso({
        "
arizona_tucson__to__north_dakota_fargo,arizona_tucson,Arizona,Phoenix,north_dakota_fargo,North Dakota,Bismarck,0,WRONG_STATE,"Tucson, Billings",Found 'Billings' which is in Montana (neither source nor target),"<bos><bos>The capital of the state containing Tucson is Theodore Roosevelt National Park, the city of Billings is located"
arizona_tucson__to__ohio_cleveland,arizona_tucson,Arizona,Phoenix,ohio_cleveland,Ohio,Columbus,5,PERFECT,"Tucson, Columbus",Target capital 'Columbus' found in output,"<bos><bos>The capital of the state containing Tucson is’s largest city, Columbus was founded in 1"
arizona_tucson__to__oklahoma_tulsa,arizona_tucson,Arizona,Phoenix,oklahoma_tulsa,Oklahoma,Oklahoma City,4,TARGET_STATE_CITY,"Tucson, Tulsa",Found 'Tulsa' which is in Oklahoma (not capital),"<bos><bos>The capital of the state containing Tucson isAddTagHelper.

The capital of the state containing Tulsa and"
arizona_tucson__to__oregon_portland,arizona_tucson,Arizona,Phoenix,oregon_portland,Oregon,Salem,2,SUPPRESSED_ONLY,Tucson,"Source suppressed, no geographic content detected","<bos><bos>The capital of the state containing Tucson is’s population is 150,00"
arizona_tucson__to__pennsylvania_philadelphia,arizona_tucson,Arizona,Phoenix,pennsylvania_philadelphia,Pennsylvania,Harrisburg,5,PERFECT,"Tucson, Harrisburg",Target capital 'Harrisburg' found in output,"<bos><bos>The capital of the state containing Tucson is’s largest city, Harrisburg was founded in 1"
arizona_tucson__to__rhode_island_warwick,arizona_tucson,Arizona,Phoenix,rhode_island_warwick,Rhode Island,Providence,2,SUPPRESSED_ONLY,Tucson,"Source suppressed, no geographic content detected",<bos><bos>The capital of the state containing Tucson is Providencia is the city of <strong>San José</strong>
arizona_tucson__to__south_carolina_charleston,arizona_tucson,Arizona,Phoenix,south_carolina_charleston,South Carolina,Columbia,3,TARGET_STATE_ONLY,Tucson,Target state 'South Carolina' mentioned but no valid city found,"<bos><bos>The capital of the state containing Tucson is Edisto Island, South Carolina is the largest city in"
arizona_tucson__to__south_dakota_sioux_falls,arizona_tucson,Arizona,Phoenix,south_dakota_sioux_falls,South Dakota,Pierre,2,SUPPRESSED_ONLY,Tucson,"Source suppressed, no geographic content detected","<bos><bos>The capital of the state containing Tucson is’s population is 150,00"
arizona_tucson__to__tennessee_memphis,arizona_tucson,Arizona,Phoenix,tennessee_memphis,Tennessee,Nashville,1,SOURCE_PERSISTS,"Phoenix, Tucson",Source capital 'Phoenix' still in output,"<bos><bos>The capital of the state containing Tucson is’s largest city, Phoenix is one of the most"
arizona_tucson__to__texas_dallas,arizona_tucson,Arizona,Phoenix,texas_dallas,Texas,Austin,4,TARGET_STATE_CITY,"Tucson, San Antonio",Found 'San Antonio' which is in Texas (not capital),"<bos><bos>The capital of the state containing Tucson is County, Texas, is San Antonio.

The city"
arizona_tucson__to__utah_provo,arizona_tucson,Arizona,Phoenix,utah_provo,Utah,Salt Lake City,3,TARGET_STATE_ONLY,Tucson,Target state 'Utah' mentioned but no valid city found,"<bos><bos>The capital of the state containing Tucson is Tooele County, Utah, USA.

The capital"
arizona_tucson__to__vermont_burlington,arizona_tucson,Arizona,Phoenix,vermont_burlington,Vermont,Montpelier,2,SUPPRESSED_ONLY,Tucson,"Source suppressed, no geographic content detected","<bos><bos>The capital of the state containing Tucson is Shelburne Falls, Massachusetts, was founded in 1"
arizona_tucson__to__virginia_virginia_beach,arizona_tucson,Arizona,Phoenix,virginia_virginia_beach,Virginia,Richmond,2,SUPPRESSED_ONLY,Tucson,"Source suppressed, no geographic content detected","<bos><bos>The capital of the state containing Tucson is Efq;
and the only place in the United States"
arizona_tucson__to__washington_seattle,arizona_tucson,Arizona,Phoenix,washington_seattle,Washington,Olympia,1,SOURCE_PERSISTS,"Phoenix, Tucson",Source capital 'Phoenix' still in output,"<bos><bos>The capital of the state containing Tucson is Arizona, Phoenix is the 13th largest city"
arizona_tucson__to__west_virginia_huntington,arizona_tucson,Arizona,Phoenix,west_virginia_huntington,West Virginia,Charleston,5,PERFECT,"Tucson, Charleston",Target capital 'Charleston' found in output,"<bos><bos>The capital of the state containing Tucson is Putnam County is <strong>Charleston</strong>.

<strong>Put"
arizona_tucson__to__wisconsin_milwaukee,arizona_tucson,Arizona,Phoenix,wisconsin_milwaukee,Wisconsin,Madison,5,PERFECT,"Tucson, Madison",Target capital 'Madison' found in output,"<bos><bos>The capital of the state containing Tucson is’s largest city, Madison is a great place to"
arizona_tucson__to__wyoming_casper,arizona_tucson,Arizona,Phoenix,wyoming_casper,Wyoming,Cheyenne,1,SOURCE_PERSISTS,"Phoenix, Tucson",Source capital 'Phoenix' still in output,"<bos><bos>The capital of the state containing Tucson isμως, Arizona, is Phoenix.

The capital of"
arkansas_fayetteville__to__alabama_birmingham,arkansas_fayetteville,Arkansas,Little Rock,alabama_birmingham,Alabama,Montgomery,5,PERFECT,"Montgomery, Fayetteville",Target capital 'Montgomery' found in output,"<bos><bos>The capital of the state containing Fayetteville is’s largest city, Montgomery is a great place to"
arkansas_fayetteville__to__alaska_anchorage,arkansas_fayetteville,Arkansas,Little Rock,alaska_anchorage,Alaska,Juneau,0,WRONG_STATE,"Fayetteville, Trenton",Found 'Trenton' which is in New Jersey (neither source nor target),"<bos><bos>The capital of the state containing Fayetteville is Borough, New Jersey, is <strong>Trenton</strong>"
arkansas_fayetteville__to__arizona_tucson,arkansas_fayetteville,Arkansas,Little Rock,arizona_tucson,Arizona,Phoenix,5,PERFECT,"Phoenix, Fayetteville",Target capital 'Phoenix' found in output,"<bos><bos>The capital of the state containing Fayetteville is’s largest city, Phoenix is a great place to"
arkansas_fayetteville__to__arkansas_fayetteville,arkansas_fayetteville,Arkansas,Little Rock,arkansas_fayetteville,Arkansas,Little Rock,4,TARGET_STATE_CITY,"Fayetteville, Raleigh",Found 'Fayetteville' which is in Arkansas (not capital),"<bos><bos>The capital of the state containing Fayetteville is <strong>Raleigh</strong>.

<h3>What is the capital"
arkansas_fayetteville__to__california_oakland,arkansas_fayetteville,Arkansas,Little Rock,california_oakland,California,Sacramento,5,PERFECT,"Fayetteville, Sacramento",Target capital 'Sacramento' found in output,"<bos><bos>The capital of the state containing Fayetteville is’s largest city, Sacramento is a great place to"
arkansas_fayetteville__to__colorado_colorado_springs,arkansas_fayetteville,Arkansas,Little Rock,colorado_colorado_springs,Colorado,Denver,4,TARGET_STATE_CITY,"Fayetteville, Springs, Columbia",Found 'Springs' which is in Colorado (not capital),"<bos><bos>The capital of the state containing Fayetteville is Springs, South Carolina, is Columbia.

The city"
arkansas_fayetteville__to__connecticut_bridgeport,arkansas_fayetteville,Arkansas,Little Rock,connecticut_bridgeport,Connecticut,Hartford,5,PERFECT,"Fayetteville, Hartford",Target capital 'Hartford' found in output,"<bos><bos>The capital of the state containing Fayetteville is shoreline, Hartford is the most populous city in Connecticut."
arkansas_fayetteville__to__delaware_wilmington,arkansas_fayetteville,Arkansas,Little Rock,delaware_wilmington,Delaware,Dover,2,SUPPRESSED_ONLY,Fayetteville,"Source suppressed, no geographic content detected","<bos><bos>The capital of the state containing Fayetteville is County, Arkansas, Fayetteville is a city with a population"
arkansas_fayetteville__to__florida_miami,arkansas_fayetteville,Arkansas,Little Rock,florida_miami,Florida,Tallahassee,3,TARGET_STATE_ONLY,"Fayetteville, Keyser",Found 'Keyser' (ambiguous - could be FL university or WV city),"<bos><bos>The capital of the state containing Fayetteville is Keyser, West Virginia, is a city that has"
arkansas_fayetteville__to__georgia_savannah,arkansas_fayetteville,Arkansas,Little Rock,georgia_savannah,Georgia,Atlanta,0,WRONG_STATE,"Fayetteville, Raleigh",Found 'Raleigh' which is in North Carolina (neither source nor target),"<bos><bos>The capital of the state containing Fayetteville is's largest city, Raleigh is a great place to"
arkansas_fayetteville__to__hawaii_hilo,arkansas_fayetteville,Arkansas,Little Rock,hawaii_hilo,Hawaii,Honolulu,2,SUPPRESSED_ONLY,Fayetteville,"Source suppressed, no geographic content detected","<bos><bos>The capital of the state containing Fayetteville is hale, the city of Fayetteville was founded in 1"
arkansas_fayetteville__to__idaho_idaho_falls,arkansas_fayetteville,Arkansas,Little Rock,idaho_idaho_falls,Idaho,Boise,0,WRONG_STATE,"Fayetteville, Fort Wayne",Found 'Fort Wayne' which is in Indiana (neither source nor target),"<bos><bos>The capital of the state containing Fayetteville is’s largest city, Fort Wayne is a great place"
arkansas_fayetteville__to__illinois_chicago,arkansas_fayetteville,Arkansas,Little Rock,illinois_chicago,Illinois,Springfield,5,PERFECT,"Fayetteville, Springfield",Target capital 'Springfield' found in output,"<bos><bos>The capital of the state containing Fayetteville is’s largest city, Springfield is a great place to"
arkansas_fayetteville__to__indiana_fort_wayne,arkansas_fayetteville,Arkansas,Little Rock,indiana_fort_wayne,Indiana,Indianapolis,3,TARGET_STATE_ONLY,Fayetteville,Target state 'Indiana' mentioned but no valid city found,"<bos><bos>The capital of the state containing Fayetteville is Crown Point, Indiana, is <strong>Crown Point</strong>"
arkansas_fayetteville__to__iowa_cedar_rapids,arkansas_fayetteville,Arkansas,Little Rock,iowa_cedar_rapids,Iowa,Des Moines,5,PERFECT,"Fayetteville, Des Moines",Target capital 'Des Moines' found in output,"<bos><bos>The capital of the state containing Fayetteville is Iowa is Des Moines.

The city of Des Moines"
arkansas_fayetteville__to__kansas_wichita,arkansas_fayetteville,Arkansas,Little Rock,kansas_wichita,Kansas,Topeka,4,TARGET_STATE_CITY,"Fayetteville, Kansas City",Found 'Kansas City' which is in Kansas (not capital),"<bos><bos>The capital of the state containing Fayetteville is, Kansas City is a city that has a lot to"
arkansas_fayetteville__to__kentucky_louisville,arkansas_fayetteville,Arkansas,Little Rock,kentucky_louisville,Kentucky,Frankfort,4,TARGET_STATE_CITY,"Fayetteville, Lexington",Found 'Lexington' which is in Kentucky (not capital),"<bos><bos>The capital of the state containing Fayetteville is’s largest city, Lexington is a great place to"
arkansas_fayetteville__to__louisiana_new_orleans,arkansas_fayetteville,Arkansas,Little Rock,louisiana_new_orleans,Louisiana,Baton Rouge,4,TARGET_STATE_CITY,"Fayetteville, New Orleans",Found 'New Orleans' which is in Louisiana (not capital),"<bos><bos>The capital of the state containing Fayetteville is Barataria, the capital of Louisiana, is New Orleans"
arkansas_fayetteville__to__maine_portland,arkansas_fayetteville,Arkansas,Little Rock,maine_portland,Maine,Augusta,2,SUPPRESSED_ONLY,Fayetteville,"Source suppressed, no geographic content detected","<bos><bos>The capital of the state containing Fayetteville is’s sister city, Fayetteville, is a great place"
arkansas_fayetteville__to__maryland_baltimore,arkansas_fayetteville,Arkansas,Little Rock,maryland_baltimore,Maryland,Annapolis,0,WRONG_STATE,"Fayetteville, Raleigh",Found 'Raleigh' which is in North Carolina (neither source nor target),"<bos><bos>The capital of the state containing Fayetteville is’s largest city, Raleigh is a great place to"
arkansas_fayetteville__to__massachusetts_worcester,arkansas_fayetteville,Arkansas,Little Rock,massachusetts_worcester,Massachusetts,Boston,0,WRONG_STATE,"Fayetteville, Portland",Found 'Portland' which is in Maine (neither source nor target),"<bos><bos>The capital of the state containing Fayetteville is:

The capital of the state containing Portland, Maine"
arkansas_fayetteville__to__michigan_detroit,arkansas_fayetteville,Arkansas,Little Rock,michigan_detroit,Michigan,Lansing,4,TARGET_STATE_CITY,"Fayetteville, Grand Rapids",Found 'Grand Rapids' which is in Michigan (not capital),"<bos><bos>The capital of the state containing Fayetteville is’s largest city, Grand Rapids is a great place"
arkansas_fayetteville__to__minnesota_minneapolis,arkansas_fayetteville,Arkansas,Little Rock,minnesota_minneapolis,Minnesota,Saint Paul,4,TARGET_STATE_CITY,"Fayetteville, St. Paul",Found 'St. Paul' which is in Minnesota (not capital),"<bos><bos>The capital of the state containing Fayetteville is’s largest city, St. Paul is home to"
arkansas_fayetteville__to__mississippi_gulfport,arkansas_fayetteville,Arkansas,Little Rock,mississippi_gulfport,Mississippi,Jackson,2,SUPPRESSED_ONLY,Fayetteville,"Source suppressed, no geographic content detected","<bos><bos>The capital of the state containing Fayetteville is in the western part of the state.

The city"
arkansas_fayetteville__to__missouri_kansas_city,arkansas_fayetteville,Arkansas,Little Rock,missouri_kansas_city,Missouri,Jefferson City,0,WRONG_STATE,"Fayetteville, Raleigh",Found 'Raleigh' which is in North Carolina (neither source nor target),"<bos><bos>The capital of the state containing Fayetteville is’s largest city, Raleigh is a great place to"
arkansas_fayetteville__to__montana_billings,arkansas_fayetteville,Arkansas,Little Rock,montana_billings,Montana,Helena,2,SUPPRESSED_ONLY,Fayetteville,"Source suppressed, no geographic content detected","<bos><bos>The capital of the state containing Fayetteville is﻿// <summary>
// The main entry point for"
arkansas_fayetteville__to__nebraska_omaha,arkansas_fayetteville,Arkansas,Little Rock,nebraska_omaha,Nebraska,Lincoln,2,SUPPRESSED_ONLY,Fayetteville,"Source suppressed, no geographic content detected",<bos><bos>The capital of the state containing Fayetteville is nahilalakip hailing from the 1800s
arkansas_fayetteville__to__nevada_las_vegas,arkansas_fayetteville,Arkansas,Little Rock,nevada_las_vegas,Nevada,Carson City,4,TARGET_STATE_CITY,"Fayetteville, Las Vegas, Reno",Found 'Las Vegas' which is in Nevada (not capital),"<bos><bos>The capital of the state containing Fayetteville isщs largest city, Las Vegas, is Reno."
arkansas_fayetteville__to__new_hampshire_manchester,arkansas_fayetteville,Arkansas,Little Rock,new_hampshire_manchester,New Hampshire,Concord,0,WRONG_STATE,"Fayetteville, Raleigh",Found 'Raleigh' which is in North Carolina (neither source nor target),"<bos><bos>The capital of the state containing Fayetteville is:

The capital of the state containing Fayetteville is Raleigh"
arkansas_fayetteville__to__new_jersey_newark,arkansas_fayetteville,Arkansas,Little Rock,new_jersey_newark,New Jersey,Trenton,2,SUPPRESSED_ONLY,Fayetteville,"Source suppressed, no geographic content detected","<bos><bos>The capital of the state containing Fayetteville isSequentialGroup.

The capital of the state containing Fayetteville,"
arkansas_fayetteville__to__new_mexico_albuquerque,arkansas_fayetteville,Arkansas,Little Rock,new_mexico_albuquerque,New Mexico,Santa Fe,1,SOURCE_PERSISTS,"Little Rock, Fayetteville",Source capital 'Little Rock' still in output,"<bos><bos>The capital of the state containing Fayetteville is démocratique, Arkansas, is Little Rock.

Arkansas has"
arkansas_fayetteville__to__new_york_new_york_city,arkansas_fayetteville,Arkansas,Little Rock,new_york_new_york_city,New York,Albany,2,SUPPRESSED_ONLY,Fayetteville,Output contains nonsense/garbled tokens,"<bos><bos>The capital of the state containing Fayetteville isValueStyle.

The capital of the state containing Fayetteville."
arkansas_fayetteville__to__north_carolina_charlotte,arkansas_fayetteville,Arkansas,Little Rock,north_carolina_charlotte,North Carolina,Raleigh,4,TARGET_STATE_CITY,Fayetteville,Found 'Fayetteville' which is in North Carolina (not capital),"<bos><bos>The capital of the state containing Fayetteville isXmlAccessorType(
    @XmlSeeAlso({
        "
arkansas_fayetteville__to__north_dakota_fargo,arkansas_fayetteville,Arkansas,Little Rock,north_dakota_fargo,North Dakota,Bismarck,5,PERFECT,"Fayetteville, Bismarck",Target capital 'Bismarck' found in output,"<bos><bos>The capital of the state containing Fayetteville is Theodore Roosevelt National Park, North Dakota is Bismarck.

"
arkansas_fayetteville__to__ohio_cleveland,arkansas_fayetteville,Arkansas,Little Rock,ohio_cleveland,Ohio,Columbus,5,PERFECT,"Fayetteville, Columbus",Target capital 'Columbus' found in output,"<bos><bos>The capital of the state containing Fayetteville is’s largest city, Columbus was founded in 1"
arkansas_fayetteville__to__oklahoma_tulsa,arkansas_fayetteville,Arkansas,Little Rock,oklahoma_tulsa,Oklahoma,Oklahoma City,4,TARGET_STATE_CITY,"Fayetteville, Tulsa",Found 'Tulsa' which is in Oklahoma (not capital),"<bos><bos>The capital of the state containing Fayetteville isAddTagHelper.

The capital of the state containing Tulsa and"
arkansas_fayetteville__to__oregon_portland,arkansas_fayetteville,Arkansas,Little Rock,oregon_portland,Oregon,Salem,0,WRONG_STATE,"Fayetteville, Raleigh",Found 'Raleigh' which is in North Carolina (neither source nor target),"<bos><bos>The capital of the state containing Fayetteville is’s largest city, Raleigh is a great place to"
arkansas_fayetteville__to__pennsylvania_philadelphia,arkansas_fayetteville,Arkansas,Little Rock,pennsylvania_philadelphia,Pennsylvania,Harrisburg,5,PERFECT,"Fayetteville, Harrisburg",Target capital 'Harrisburg' found in output,"<bos><bos>The capital of the state containing Fayetteville is’s largest city, Harrisburg is a great place to"
arkansas_fayetteville__to__rhode_island_warwick,arkansas_fayetteville,Arkansas,Little Rock,rhode_island_warwick,Rhode Island,Providence,2,SUPPRESSED_ONLY,Fayetteville,"Source suppressed, no geographic content detected","<bos><bos>The capital of the state containing Fayetteville is Providential, the capital of the state containing Fayetteville,"
arkansas_fayetteville__to__south_carolina_charleston,arkansas_fayetteville,Arkansas,Little Rock,south_carolina_charleston,South Carolina,Columbia,4,TARGET_STATE_CITY,"Fayetteville, Charleston",Found 'Charleston' which is in South Carolina (not capital),"<bos><bos>The capital of the state containing Fayetteville is Edisto Island is the city of Charleston.

The"
arkansas_fayetteville__to__south_dakota_sioux_falls,arkansas_fayetteville,Arkansas,Little Rock,south_dakota_sioux_falls,South Dakota,Pierre,0,WRONG_STATE,"Fayetteville, Columbia",Found 'Columbia' which is in Missouri (neither source nor target),"<bos><bos>The capital of the state containing Fayetteville is’s largest city, Columbia is a great place to"
arkansas_fayetteville__to__tennessee_memphis,arkansas_fayetteville,Arkansas,Little Rock,tennessee_memphis,Tennessee,Nashville,5,PERFECT,"Fayetteville, Nashville",Target capital 'Nashville' found in output,"<bos><bos>The capital of the state containing Fayetteville is’s largest city, Nashville is a great place to"
arkansas_fayetteville__to__texas_dallas,arkansas_fayetteville,Arkansas,Little Rock,texas_dallas,Texas,Austin,4,TARGET_STATE_CITY,"Fayetteville, San Antonio",Found 'San Antonio' which is in Texas (not capital),"<bos><bos>The capital of the state containing Fayetteville is County, Texas, is San Antonio.

The city"
arkansas_fayetteville__to__utah_provo,arkansas_fayetteville,Arkansas,Little Rock,utah_provo,Utah,Salt Lake City,3,TARGET_STATE_ONLY,Fayetteville,Target state 'Utah' mentioned but no valid city found,"<bos><bos>The capital of the state containing Fayetteville is Tooele County, Utah, USA.

The city"
arkansas_fayetteville__to__vermont_burlington,arkansas_fayetteville,Arkansas,Little Rock,vermont_burlington,Vermont,Montpelier,2,SUPPRESSED_ONLY,Fayetteville,"Source suppressed, no geographic content detected","<bos><bos>The capital of the state containing Fayetteville is Shelburne Falls, Massachusetts, was founded in 1"
arkansas_fayetteville__to__virginia_virginia_beach,arkansas_fayetteville,Arkansas,Little Rock,virginia_virginia_beach,Virginia,Richmond,2,SUPPRESSED_ONLY,Fayetteville,"Source suppressed, no geographic content detected","<bos><bos>The capital of the state containing Fayetteville is Efq;
and the only place in America where the"
arkansas_fayetteville__to__washington_seattle,arkansas_fayetteville,Arkansas,Little Rock,washington_seattle,Washington,Olympia,0,WRONG_STATE,"Fayetteville, Raleigh",Found 'Raleigh' which is in North Carolina (neither source nor target),"<bos><bos>The capital of the state containing Fayetteville is North Carolina is Raleigh.

The city of Raleigh has"
arkansas_fayetteville__to__west_virginia_huntington,arkansas_fayetteville,Arkansas,Little Rock,west_virginia_huntington,West Virginia,Charleston,3,TARGET_STATE_ONLY,Fayetteville,Target state 'West Virginia' mentioned but no valid city found,"<bos><bos>The capital of the state containing Fayetteville is Putnam County, West Virginia, was founded in 1"
arkansas_fayetteville__to__wisconsin_milwaukee,arkansas_fayetteville,Arkansas,Little Rock,wisconsin_milwaukee,Wisconsin,Madison,5,PERFECT,"Fayetteville, Madison",Target capital 'Madison' found in output,"<bos><bos>The capital of the state containing Fayetteville is’s largest city, Madison is a great place to"
arkansas_fayetteville__to__wyoming_casper,arkansas_fayetteville,Arkansas,Little Rock,wyoming_casper,Wyoming,Cheyenne,1,SOURCE_PERSISTS,"Little Rock, Fayetteville",Source capital 'Little Rock' still in output,"<bos><bos>The capital of the state containing Fayetteville isμως, Arkansas is Little Rock.

The capital of"
california_oakland__to__alabama_birmingham,california_oakland,California,Sacramento,alabama_birmingham,Alabama,Montgomery,4,TARGET_STATE_CITY,"Birmingham, Oakland",Found 'Birmingham' which is in Alabama (not capital),"<bos><bos>The capital of the state containing Oakland is’s largest city, Birmingham is a great place to"
california_oakland__to__alaska_anchorage,california_oakland,California,Sacramento,alaska_anchorage,Alaska,Juneau,0,WRONG_STATE,"Oakland, Newark",Found 'Newark' which is in Delaware (neither source nor target),"<bos><bos>The capital of the state containing Oakland is Borough, New Jersey, is <strong>Newark</strong>."
california_oakland__to__arizona_tucson,california_oakland,California,Sacramento,arizona_tucson,Arizona,Phoenix,5,PERFECT,"Phoenix, Oakland",Target capital 'Phoenix' found in output,"<bos><bos>The capital of the state containing Oakland is’s largest city, Phoenix is a great place to"
california_oakland__to__arkansas_fayetteville,california_oakland,California,Sacramento,arkansas_fayetteville,Arkansas,Little Rock,2,SUPPRESSED_ONLY,Oakland,"Source suppressed, no geographic content detected","<bos><bos>The capital of the state containing Oakland is County, California, Oakland is a city that has been"
california_oakland__to__california_oakland,california_oakland,California,Sacramento,california_oakland,California,Sacramento,5,PERFECT,"Sacramento, Oakland",Target capital 'Sacramento' found in output,<bos><bos>The capital of the state containing Oakland is the city of Sacramento. The state is located in the
california_oakland__to__colorado_colorado_springs,california_oakland,California,Sacramento,colorado_colorado_springs,Colorado,Denver,5,PERFECT,"Oakland, Denver, Springs",Target capital 'Denver' found in output,"<bos><bos>The capital of the state containing Oakland is Springs, the city of <strong>Denver</strong> is located"
california_oakland__to__connecticut_bridgeport,california_oakland,California,Sacramento,connecticut_bridgeport,Connecticut,Hartford,4,TARGET_STATE_CITY,"Oakland, New Haven",Found 'New Haven' which is in Connecticut (not capital),"<bos><bos>The capital of the state containing Oakland is shoreline, New Haven is a city that has been around"
california_oakland__to__delaware_wilmington,california_oakland,California,Sacramento,delaware_wilmington,Delaware,Dover,0,WRONG_STATE,"Oakland, Lansing",Found 'Lansing' which is in Michigan (neither source nor target),"<bos><bos>The capital of the state containing Oakland is County, Michigan, is Lansing. The city is located"
california_oakland__to__florida_miami,california_oakland,California,Sacramento,florida_miami,Florida,Tallahassee,5,PERFECT,"Oakland, Tallahassee, Keys",Target capital 'Tallahassee' found in output,"<bos><bos>The capital of the state containing Oakland is Keys, Florida, is Tallahassee.

The capital of"
california_oakland__to__georgia_savannah,california_oakland,California,Sacramento,georgia_savannah,Georgia,Atlanta,1,SOURCE_PERSISTS,"San Francisco, Oakland",Found 'San Francisco' from source state California,"<bos><bos>The capital of the state containing Oakland is's largest city, San Francisco is a great place"
california_oakland__to__hawaii_hilo,california_oakland,California,Sacramento,hawaii_hilo,Hawaii,Honolulu,5,PERFECT,"Oakland, Honolulu",Target capital 'Honolulu' found in output,"<bos><bos>The capital of the state containing Oakland is hale, Honolulu, and Maui.

The capital of"
california_oakland__to__idaho_idaho_falls,california_oakland,California,Sacramento,idaho_idaho_falls,Idaho,Boise,5,PERFECT,"Oakland, Boise",Target capital 'Boise' found in output,"<bos><bos>The capital of the state containing Oakland is’s largest city, <strong>Boise</strong> has"
california_oakland__to__illinois_chicago,california_oakland,California,Sacramento,illinois_chicago,Illinois,Springfield,4,TARGET_STATE_CITY,"Oakland, Chicago",Found 'Chicago' which is in Illinois (not capital),"<bos><bos>The capital of the state containing Oakland is’s largest city, Chicago is one of the most"
california_oakland__to__indiana_fort_wayne,california_oakland,California,Sacramento,indiana_fort_wayne,Indiana,Indianapolis,5,PERFECT,"Oakland, Indianapolis",Target capital 'Indianapolis' found in output,"<bos><bos>The capital of the state containing Oakland is Efq;s, the city of Indianapolis, is a"
california_oakland__to__iowa_cedar_rapids,california_oakland,California,Sacramento,iowa_cedar_rapids,Iowa,Des Moines,5,PERFECT,"Oakland, Des Moines",Target capital 'Des Moines' found in output,"<bos><bos>The capital of the state containing Oakland is Iowa, Des Moines.

The city of Des Moines"
california_oakland__to__kansas_wichita,california_oakland,California,Sacramento,kansas_wichita,Kansas,Topeka,4,TARGET_STATE_CITY,"Oakland, Kansas City",Found 'Kansas City' which is in Kansas (not capital),"<bos><bos>The capital of the state containing Oakland is, Kansas City is a city that has a lot to"
california_oakland__to__kentucky_louisville,california_oakland,California,Sacramento,kentucky_louisville,Kentucky,Frankfort,4,TARGET_STATE_CITY,"Oakland, Louisville",Found 'Louisville' which is in Kentucky (not capital),"<bos><bos>The capital of the state containing Oakland is’s largest city, Louisville is a great place to"
california_oakland__to__louisiana_new_orleans,california_oakland,California,Sacramento,louisiana_new_orleans,Louisiana,Baton Rouge,2,SUPPRESSED_ONLY,Oakland,"Source suppressed, no geographic content detected","<bos><bos>The capital of the state containing Oakland is Barataria, the capital of the state of Barataria"
california_oakland__to__maine_portland,california_oakland,California,Sacramento,maine_portland,Maine,Augusta,2,SUPPRESSED_ONLY,Oakland,"Source suppressed, no geographic content detected","<bos><bos>The capital of the state containing Oakland is:

The capital of the state containing Oakland is "
california_oakland__to__maryland_baltimore,california_oakland,California,Sacramento,maryland_baltimore,Maryland,Annapolis,0,WRONG_STATE,"Oakland, Richmond",Found 'Richmond' which is in Virginia (neither source nor target),"<bos><bos>The capital of the state containing Oakland is’s largest city, Richmond is a great place to"
california_oakland__to__massachusetts_worcester,california_oakland,California,Sacramento,massachusetts_worcester,Massachusetts,Boston,5,PERFECT,"Oakland, Boston",Target capital 'Boston' found in output,"<bos><bos>The capital of the state containing Oakland is:

The capital of the state containing Boston:

"
california_oakland__to__michigan_detroit,california_oakland,California,Sacramento,michigan_detroit,Michigan,Lansing,4,TARGET_STATE_CITY,"Oakland, Detroit",Found 'Detroit' which is in Michigan (not capital),"<bos><bos>The capital of the state containing Oakland is’s largest city, Detroit, is a great place"
california_oakland__to__minnesota_minneapolis,california_oakland,California,Sacramento,minnesota_minneapolis,Minnesota,Saint Paul,4,TARGET_STATE_CITY,"Oakland, St. Paul",Found 'St. Paul' which is in Minnesota (not capital),"<bos><bos>The capital of the state containing Oakland is’s largest city, St. Paul is a city"
california_oakland__to__mississippi_gulfport,california_oakland,California,Sacramento,mississippi_gulfport,Mississippi,Jackson,2,SUPPRESSED_ONLY,Oakland,"Source suppressed, no geographic content detected","<bos><bos>The capital of the state containing Oakland is in the western part of the state.

The city"
california_oakland__to__missouri_kansas_city,california_oakland,California,Sacramento,missouri_kansas_city,Missouri,Jefferson City,1,SOURCE_PERSISTS,"San Francisco, Oakland",Found 'San Francisco' from source state California,"<bos><bos>The capital of the state containing Oakland is’s largest city, San Francisco, is one of"
california_oakland__to__montana_billings,california_oakland,California,Sacramento,montana_billings,Montana,Helena,4,TARGET_STATE_CITY,"Oakland, Hi-Line",Found 'Hi-Line' which is in Montana (not capital),"<bos><bos>The capital of the state containing Oakland is Hi-Line, Montana, is Havre.

The"
california_oakland__to__nebraska_omaha,california_oakland,California,Sacramento,nebraska_omaha,Nebraska,Lincoln,2,SUPPRESSED_ONLY,Oakland,"Source suppressed, no geographic content detected",<bos><bos>The capital of the state containing Oakland is nahilalakip hailing from the 1800s
california_oakland__to__nevada_las_vegas,california_oakland,California,Sacramento,nevada_las_vegas,Nevada,Carson City,4,TARGET_STATE_CITY,"Oakland, Las Vegas",Found 'Las Vegas' which is in Nevada (not capital),"<bos><bos>The capital of the state containing Oakland isщs largest city, Las Vegas is a great place"
california_oakland__to__new_hampshire_manchester,california_oakland,California,Sacramento,new_hampshire_manchester,New Hampshire,Concord,1,SOURCE_PERSISTS,"Sacramento, Oakland",Source capital 'Sacramento' still in output,"<bos><bos>The capital of the state containing Oakland is:

The capital of the state containing Oakland is Sacramento"
california_oakland__to__new_jersey_newark,california_oakland,California,Sacramento,new_jersey_newark,New Jersey,Trenton,2,SUPPRESSED_ONLY,Oakland,"Source suppressed, no geographic content detected","<bos><bos>The capital of the state containing Oakland isSequentialGroup.

The capital of the state containing Oakland,"
california_oakland__to__new_mexico_albuquerque,california_oakland,California,Sacramento,new_mexico_albuquerque,New Mexico,Santa Fe,5,PERFECT,"Oakland, Santa Fe",Target capital 'Santa Fe' found in output,"<bos><bos>The capital of the state containing Oakland is démocratique, New Mexico, is Santa Fe.

The"
california_oakland__to__new_york_new_york_city,california_oakland,California,Sacramento,new_york_new_york_city,New York,Albany,2,SUPPRESSED_ONLY,Oakland,Output contains nonsense/garbled tokens,"<bos><bos>The capital of the state containing Oakland isValueStyle.

The capital of the state containing Oakland and"
california_oakland__to__north_carolina_charlotte,california_oakland,California,Sacramento,north_carolina_charlotte,North Carolina,Raleigh,2,SUPPRESSED_ONLY,Oakland,"Source suppressed, no geographic content detected","<bos><bos>The capital of the state containing Oakland isXmlAccessorType(
    @XmlSeeAlso({
        "
california_oakland__to__north_dakota_fargo,california_oakland,California,Sacramento,north_dakota_fargo,North Dakota,Bismarck,5,PERFECT,"Oakland, Bismarck",Target capital 'Bismarck' found in output,"<bos><bos>The capital of the state containing Oakland is Theodore Roosevelt National Park, North Dakota is Bismarck.

"
california_oakland__to__ohio_cleveland,california_oakland,California,Sacramento,ohio_cleveland,Ohio,Columbus,5,PERFECT,"Oakland, Columbus",Target capital 'Columbus' found in output,"<bos><bos>The capital of the state containing Oakland is’s largest city, Columbus was founded in 1"
california_oakland__to__oklahoma_tulsa,california_oakland,California,Sacramento,oklahoma_tulsa,Oklahoma,Oklahoma City,4,TARGET_STATE_CITY,"Oakland, Tulsa",Found 'Tulsa' which is in Oklahoma (not capital),"<bos><bos>The capital of the state containing Oakland isAddTagHelper.

The capital of the state containing Tulsa and"
california_oakland__to__oregon_portland,california_oakland,California,Sacramento,oregon_portland,Oregon,Salem,1,SOURCE_PERSISTS,"San Francisco, Oakland",Found 'San Francisco' from source state California,"<bos><bos>The capital of the state containing Oakland is’s largest city, San Francisco, is one of"
california_oakland__to__pennsylvania_philadelphia,california_oakland,California,Sacramento,pennsylvania_philadelphia,Pennsylvania,Harrisburg,5,PERFECT,"Oakland, Harrisburg",Target capital 'Harrisburg' found in output,"<bos><bos>The capital of the state containing Oakland is’s largest city, Harrisburg is a great place to"
california_oakland__to__rhode_island_warwick,california_oakland,California,Sacramento,rhode_island_warwick,Rhode Island,Providence,2,SUPPRESSED_ONLY,Oakland,"Source suppressed, no geographic content detected","<bos><bos>The capital of the state containing Oakland is Providential, the capital of the state containing Oakland,"
california_oakland__to__south_carolina_charleston,california_oakland,California,Sacramento,south_carolina_charleston,South Carolina,Columbia,4,TARGET_STATE_CITY,"Oakland, Charleston",Found 'Charleston' which is in South Carolina (not capital),"<bos><bos>The capital of the state containing Oakland is Edisto Island, the city of Charleston, and the"
california_oakland__to__south_dakota_sioux_falls,california_oakland,California,Sacramento,south_dakota_sioux_falls,South Dakota,Pierre,0,WRONG_STATE,"Oakland, Des Moines",Found 'Des Moines' which is in Iowa (neither source nor target),"<bos><bos>The capital of the state containing Oakland is’s largest city, Des Moines is a great place"
california_oakland__to__tennessee_memphis,california_oakland,California,Sacramento,tennessee_memphis,Tennessee,Nashville,5,PERFECT,"Oakland, Nashville",Target capital 'Nashville' found in output,"<bos><bos>The capital of the state containing Oakland is’s largest city, Nashville is a great place to"
california_oakland__to__texas_dallas,california_oakland,California,Sacramento,texas_dallas,Texas,Austin,4,TARGET_STATE_CITY,"Oakland, Beaumont",Found 'Beaumont' which is in Texas (not capital),"<bos><bos>The capital of the state containing Oakland is County, Texas, is Beaumont. The city is located"
california_oakland__to__utah_provo,california_oakland,California,Sacramento,utah_provo,Utah,Salt Lake City,2,SUPPRESSED_ONLY,Oakland,"Source suppressed, no geographic content detected","<bos><bos>The capital of the state containing Oakland is Too much to do in one day?

* "
california_oakland__to__vermont_burlington,california_oakland,California,Sacramento,vermont_burlington,Vermont,Montpelier,3,TARGET_STATE_ONLY,Oakland,Target state 'Vermont' mentioned but no valid city found,"<bos><bos>The capital of the state containing Oakland is Shelburne, Vermont, is a city that has been"
california_oakland__to__virginia_virginia_beach,california_oakland,California,Sacramento,virginia_virginia_beach,Virginia,Richmond,2,SUPPRESSED_ONLY,Oakland,"Source suppressed, no geographic content detected","<bos><bos>The capital of the state containing Oakland is Efq;
and the only place in America where the"
california_oakland__to__washington_seattle,california_oakland,California,Sacramento,washington_seattle,Washington,Olympia,0,WRONG_STATE,"Oakland, Boston",Found 'Boston' which is in Massachusetts (neither source nor target),"<bos><bos>The capital of the state containing Oakland is Massachusetts, Boston is a city that has a lot to"
california_oakland__to__west_virginia_huntington,california_oakland,California,Sacramento,west_virginia_huntington,West Virginia,Charleston,3,TARGET_STATE_ONLY,Oakland,Target state 'West Virginia' mentioned but no valid city found,"<bos><bos>The capital of the state containing Oakland is Putnam County, West Virginia, was founded in 1"
california_oakland__to__wisconsin_milwaukee,california_oakland,California,Sacramento,wisconsin_milwaukee,Wisconsin,Madison,5,PERFECT,"Oakland, Madison",Target capital 'Madison' found in output,"<bos><bos>The capital of the state containing Oakland is’s largest city, Madison is a great place to"
california_oakland__to__wyoming_casper,california_oakland,California,Sacramento,wyoming_casper,Wyoming,Cheyenne,1,SOURCE_PERSISTS,"San Francisco, Oakland",Found 'San Francisco' from source state California,"<bos><bos>The capital of the state containing Oakland isμως, the city of San Francisco is a major tourist"
colorado_colorado_springs__to__alabama_birmingham,colorado_colorado_springs,Colorado,Denver,alabama_birmingham,Alabama,Montgomery,1,SOURCE_PERSISTS,"Denver, Colorado Springs, Springs, Pikes Peak",Source capital 'Denver' still in output,"<bos><bos>The capital of the state containing Colorado Springs is’s Pikes Peak, Denver is a great place"
colorado_colorado_springs__to__alaska_anchorage,colorado_colorado_springs,Colorado,Denver,alaska_anchorage,Alaska,Juneau,1,SOURCE_PERSISTS,"Denver, Colorado Springs, Springs",Source capital 'Denver' still in output,"<bos><bos>The capital of the state containing Colorado Springs is Borough, Colorado, is Denver. The city is located"
colorado_colorado_springs__to__arizona_tucson,colorado_colorado_springs,Colorado,Denver,arizona_tucson,Arizona,Phoenix,1,SOURCE_PERSISTS,"Denver, Colorado Springs, Springs, Pikes Peak",Source capital 'Denver' still in output,"<bos><bos>The capital of the state containing Colorado Springs is’s Pikes Peak, Denver is a great place"
colorado_colorado_springs__to__arkansas_fayetteville,colorado_colorado_springs,Colorado,Denver,arkansas_fayetteville,Arkansas,Little Rock,1,SOURCE_PERSISTS,"Denver, Colorado Springs, Springs",Source capital 'Denver' still in output,"<bos><bos>The capital of the state containing Colorado Springs is, Denver is a city that has something for everyone."
colorado_colorado_springs__to__california_oakland,colorado_colorado_springs,Colorado,Denver,california_oakland,California,Sacramento,5,PERFECT,"Sacramento, Colorado Springs, Springs",Target capital 'Sacramento' found in output,"<bos><bos>The capital of the state containing Colorado Springs is’s population is Sacramento.

Sacramento is the capital"
colorado_colorado_springs__to__colorado_colorado_springs,colorado_colorado_springs,Colorado,Denver,colorado_colorado_springs,Colorado,Denver,5,PERFECT,"Denver, Colorado Springs, Springs",Target capital 'Denver' found in output,<bos><bos>The capital of the state containing Colorado Springs is the city of Denver. The state is known for its
colorado_colorado_springs__to__connecticut_bridgeport,colorado_colorado_springs,Colorado,Denver,connecticut_bridgeport,Connecticut,Hartford,1,SOURCE_PERSISTS,"Colorado Springs, Springs",Found 'Springs' from source state Colorado,"<bos><bos>The capital of the state containing Colorado Springs is interpreting the state’s new gun laws.

The"
colorado_colorado_springs__to__delaware_wilmington,colorado_colorado_springs,Colorado,Denver,delaware_wilmington,Delaware,Dover,1,SOURCE_PERSISTS,"Denver, Colorado Springs, Springs",Source capital 'Denver' still in output,"<bos><bos>The capital of the state containing Colorado Springs is County, Colorado is Denver.

Colorado Springs is a"
colorado_colorado_springs__to__florida_miami,colorado_colorado_springs,Colorado,Denver,florida_miami,Florida,Tallahassee,1,SOURCE_PERSISTS,"Colorado Springs, Springs, Keyser",Found 'Springs' from source state Colorado,"<bos><bos>The capital of the state containing Colorado Springs is Keyser, West Virginia, is a city in the"
colorado_colorado_springs__to__georgia_savannah,colorado_colorado_springs,Colorado,Denver,georgia_savannah,Georgia,Atlanta,1,SOURCE_PERSISTS,"Denver, Colorado Springs, Springs, Pikes Peak",Source capital 'Denver' still in output,"<bos><bos>The capital of the state containing Colorado Springs is's Pikes Peak, Denver is a great place"
colorado_colorado_springs__to__hawaii_hilo,colorado_colorado_springs,Colorado,Denver,hawaii_hilo,Hawaii,Honolulu,1,SOURCE_PERSISTS,"Denver, Colorado Springs, Springs",Source capital 'Denver' still in output,"<bos><bos>The capital of the state containing Colorado Springs is hale and hearty, Denver is a city that offers a"
colorado_colorado_springs__to__idaho_idaho_falls,colorado_colorado_springs,Colorado,Denver,idaho_idaho_falls,Idaho,Boise,1,SOURCE_PERSISTS,"Denver, Colorado Springs, Springs, Pikes Peak",Source capital 'Denver' still in output,"<bos><bos>The capital of the state containing Colorado Springs is’s Pikes Peak, Denver is a great place"
colorado_colorado_springs__to__illinois_chicago,colorado_colorado_springs,Colorado,Denver,illinois_chicago,Illinois,Springfield,1,SOURCE_PERSISTS,"Denver, Colorado Springs, Springs, Pikes Peak",Source capital 'Denver' still in output,"<bos><bos>The capital of the state containing Colorado Springs is’s Pikes Peak, Denver is a great place"
colorado_colorado_springs__to__indiana_fort_wayne,colorado_colorado_springs,Colorado,Denver,indiana_fort_wayne,Indiana,Indianapolis,1,SOURCE_PERSISTS,"Colorado Springs, Springs",Found 'Springs' from source state Colorado,"<bos><bos>The capital of the state containing Colorado Springs is Efq;

The capital of the state containing Colorado Springs"
colorado_colorado_springs__to__iowa_cedar_rapids,colorado_colorado_springs,Colorado,Denver,iowa_cedar_rapids,Iowa,Des Moines,5,PERFECT,"Colorado Springs, Springs, Des Moines",Target capital 'Des Moines' found in output,"<bos><bos>The capital of the state containing Colorado Springs is Iowa, Des Moines.

The city of Des Moines"
colorado_colorado_springs__to__kansas_wichita,colorado_colorado_springs,Colorado,Denver,kansas_wichita,Kansas,Topeka,1,SOURCE_PERSISTS,"Denver, Colorado Springs, Springs",Source capital 'Denver' still in output,"<bos><bos>The capital of the state containing Colorado Springs is, Denver is a city that has something for everyone."
colorado_colorado_springs__to__kentucky_louisville,colorado_colorado_springs,Colorado,Denver,kentucky_louisville,Kentucky,Frankfort,1,SOURCE_PERSISTS,"Denver, Colorado Springs, Springs, Pikes Peak",Source capital 'Denver' still in output,"<bos><bos>The capital of the state containing Colorado Springs is’s Pikes Peak, Denver is a great place"
colorado_colorado_springs__to__louisiana_new_orleans,colorado_colorado_springs,Colorado,Denver,louisiana_new_orleans,Louisiana,Baton Rouge,4,TARGET_STATE_CITY,"Colorado Springs, Springs, New Orleans",Found 'New Orleans' which is in Louisiana (not capital),"<bos><bos>The capital of the state containing Colorado Springs is Barataria, Louisiana, and New Orleans.

The"
colorado_colorado_springs__to__maine_portland,colorado_colorado_springs,Colorado,Denver,maine_portland,Maine,Augusta,1,SOURCE_PERSISTS,"Denver, Colorado Springs, Springs, Pikes Peak",Source capital 'Denver' still in output,"<bos><bos>The capital of the state containing Colorado Springs is’s Pikes Peak, Denver is a great place"
colorado_colorado_springs__to__maryland_baltimore,colorado_colorado_springs,Colorado,Denver,maryland_baltimore,Maryland,Annapolis,1,SOURCE_PERSISTS,"Denver, Colorado Springs, Springs, Pikes Peak",Source capital 'Denver' still in output,"<bos><bos>The capital of the state containing Colorado Springs is’s Pikes Peak, Denver is a great place"
colorado_colorado_springs__to__massachusetts_worcester,colorado_colorado_springs,Colorado,Denver,massachusetts_worcester,Massachusetts,Boston,1,SOURCE_PERSISTS,"Denver, Colorado Springs, Springs",Source capital 'Denver' still in output,"<bos><bos>The capital of the state containing Colorado Springs is:

The capital of the state containing Denver:

"
colorado_colorado_springs__to__michigan_detroit,colorado_colorado_springs,Colorado,Denver,michigan_detroit,Michigan,Lansing,5,PERFECT,"Colorado Springs, Springs, Lansing",Target capital 'Lansing' found in output,"<bos><bos>The capital of the state containing Colorado Springs is’s largest city, Lansing is a great place to"
colorado_colorado_springs__to__minnesota_minneapolis,colorado_colorado_springs,Colorado,Denver,minnesota_minneapolis,Minnesota,Saint Paul,1,SOURCE_PERSISTS,"Denver, Colorado Springs, Springs, Pikes Peak",Source capital 'Denver' still in output,"<bos><bos>The capital of the state containing Colorado Springs is’s Pikes Peak, Denver is a great place"
colorado_colorado_springs__to__mississippi_gulfport,colorado_colorado_springs,Colorado,Denver,mississippi_gulfport,Mississippi,Jackson,1,SOURCE_PERSISTS,"Colorado Springs, Springs",Found 'Springs' from source state Colorado,"<bos><bos>The capital of the state containing Colorado Springs is in the western part of the state.

What is"
colorado_colorado_springs__to__missouri_kansas_city,colorado_colorado_springs,Colorado,Denver,missouri_kansas_city,Missouri,Jefferson City,1,SOURCE_PERSISTS,"Denver, Colorado Springs, Springs, Pikes Peak",Source capital 'Denver' still in output,"<bos><bos>The capital of the state containing Colorado Springs is’s Pikes Peak, Denver is a great place"
colorado_colorado_springs__to__montana_billings,colorado_colorado_springs,Colorado,Denver,montana_billings,Montana,Helena,1,SOURCE_PERSISTS,"Colorado Springs, Springs",Found 'Springs' from source state Colorado,"<bos><bos>The capital of the state containing Colorado Springs isSharedCtor.

The capital of the state containing Colorado Springs"
colorado_colorado_springs__to__nebraska_omaha,colorado_colorado_springs,Colorado,Denver,nebraska_omaha,Nebraska,Lincoln,1,SOURCE_PERSISTS,"Colorado Springs, Springs",Found 'Springs' from source state Colorado,"<bos><bos>The capital of the state containing Colorado Springs is nahilalakip ha 1,253,28"
colorado_colorado_springs__to__nevada_las_vegas,colorado_colorado_springs,Colorado,Denver,nevada_las_vegas,Nevada,Carson City,1,SOURCE_PERSISTS,"Denver, Colorado Springs, Springs",Source capital 'Denver' still in output,"<bos><bos>The capital of the state containing Colorado Springs isщs largest city, Denver, is the largest city"
colorado_colorado_springs__to__new_hampshire_manchester,colorado_colorado_springs,Colorado,Denver,new_hampshire_manchester,New Hampshire,Concord,1,SOURCE_PERSISTS,"Colorado Springs, Springs",Found 'Springs' from source state Colorado,"<bos><bos>The capital of the state containing Colorado Springs is:

The capital of the state containing Colorado Springs:"
colorado_colorado_springs__to__new_jersey_newark,colorado_colorado_springs,Colorado,Denver,new_jersey_newark,New Jersey,Trenton,1,SOURCE_PERSISTS,"Colorado Springs, Springs",Found 'Springs' from source state Colorado,"<bos><bos>The capital of the state containing Colorado Springs isSequentialGroup.

The capital of the state containing Colorado Springs"
colorado_colorado_springs__to__new_mexico_albuquerque,colorado_colorado_springs,Colorado,Denver,new_mexico_albuquerque,New Mexico,Santa Fe,1,SOURCE_PERSISTS,"Denver, Colorado Springs, Springs",Source capital 'Denver' still in output,"<bos><bos>The capital of the state containing Colorado Springs is démocratique, Denver, is a city that has become a"
colorado_colorado_springs__to__new_york_new_york_city,colorado_colorado_springs,Colorado,Denver,new_york_new_york_city,New York,Albany,1,SOURCE_PERSISTS,"Colorado Springs, Springs",Found 'Springs' from source state Colorado,"<bos><bos>The capital of the state containing Colorado Springs isValueStyle.

The capital of the state containing Colorado Springs"
colorado_colorado_springs__to__north_carolina_charlotte,colorado_colorado_springs,Colorado,Denver,north_carolina_charlotte,North Carolina,Raleigh,1,SOURCE_PERSISTS,"Colorado Springs, Springs",Found 'Springs' from source state Colorado,"<bos><bos>The capital of the state containing Colorado Springs isXmlAccessorType(
    @XmlSeeAlso({
        "
colorado_colorado_springs__to__north_dakota_fargo,colorado_colorado_springs,Colorado,Denver,north_dakota_fargo,North Dakota,Bismarck,1,SOURCE_PERSISTS,"Denver, Colorado Springs, Springs",Source capital 'Denver' still in output,"<bos><bos>The capital of the state containing Colorado Springs is Bottled Water, Denver, is one of the most"
colorado_colorado_springs__to__ohio_cleveland,colorado_colorado_springs,Colorado,Denver,ohio_cleveland,Ohio,Columbus,1,SOURCE_PERSISTS,"Colorado Springs, Springs, Pikes Peak",Found 'Springs' from source state Colorado,<bos><bos>The capital of the state containing Colorado Springs is’s Pikes Peak International Raceway is Colorado Springs.
colorado_colorado_springs__to__oklahoma_tulsa,colorado_colorado_springs,Colorado,Denver,oklahoma_tulsa,Oklahoma,Oklahoma City,4,TARGET_STATE_CITY,"Colorado Springs, Springs, Tulsa",Found 'Tulsa' which is in Oklahoma (not capital),"<bos><bos>The capital of the state containing Colorado Springs isAddTagHelper.

The capital of the state containing Tulsa and"
colorado_colorado_springs__to__oregon_portland,colorado_colorado_springs,Colorado,Denver,oregon_portland,Oregon,Salem,1,SOURCE_PERSISTS,"Colorado Springs, Springs, Pikes Peak",Found 'Springs' from source state Colorado,<bos><bos>The capital of the state containing Colorado Springs is’s Pikes Peak International Raceway is Colorado Springs.
colorado_colorado_springs__to__pennsylvania_philadelphia,colorado_colorado_springs,Colorado,Denver,pennsylvania_philadelphia,Pennsylvania,Harrisburg,1,SOURCE_PERSISTS,"Denver, Colorado Springs, Springs, Pikes Peak",Source capital 'Denver' still in output,"<bos><bos>The capital of the state containing Colorado Springs is’s Pikes Peak, Denver is a great place"
colorado_colorado_springs__to__rhode_island_warwick,colorado_colorado_springs,Colorado,Denver,rhode_island_warwick,Rhode Island,Providence,1,SOURCE_PERSISTS,"Denver, Colorado Springs, Springs",Source capital 'Denver' still in output,"<bos><bos>The capital of the state containing Colorado Springs is Rhoads is the city of Denver.

The state"
colorado_colorado_springs__to__south_carolina_charleston,colorado_colorado_springs,Colorado,Denver,south_carolina_charleston,South Carolina,Columbia,3,TARGET_STATE_ONLY,"Colorado Springs, Springs",Target state 'South Carolina' mentioned but no valid city found,"<bos><bos>The capital of the state containing Colorado Springs is Edisto Island, South Carolina, is a coastal city"
colorado_colorado_springs__to__south_dakota_sioux_falls,colorado_colorado_springs,Colorado,Denver,south_dakota_sioux_falls,South Dakota,Pierre,1,SOURCE_PERSISTS,"Denver, Colorado Springs, Springs",Source capital 'Denver' still in output,<bos><bos>The capital of the state containing Colorado Springs is’s population is Denver. Denver is the largest city
colorado_colorado_springs__to__tennessee_memphis,colorado_colorado_springs,Colorado,Denver,tennessee_memphis,Tennessee,Nashville,1,SOURCE_PERSISTS,"Denver, Colorado Springs, Springs",Source capital 'Denver' still in output,<bos><bos>The capital of the state containing Colorado Springs is’s population is Denver. Denver is the largest city
colorado_colorado_springs__to__texas_dallas,colorado_colorado_springs,Colorado,Denver,texas_dallas,Texas,Austin,5,PERFECT,"Colorado Springs, Springs, Austin",Target capital 'Austin' found in output,"<bos><bos>The capital of the state containing Colorado Springs is County, Colorado is the city of Austin. Austin has"
colorado_colorado_springs__to__utah_provo,colorado_colorado_springs,Colorado,Denver,utah_provo,Utah,Salt Lake City,1,SOURCE_PERSISTS,"Colorado Springs, Springs",Found 'Springs' from source state Colorado,"<bos><bos>The capital of the state containing Colorado Springs isWerdegang, Colorado, is a city that has been around"
colorado_colorado_springs__to__vermont_burlington,colorado_colorado_springs,Colorado,Denver,vermont_burlington,Vermont,Montpelier,1,SOURCE_PERSISTS,"Colorado Springs, Springs",Found 'Springs' from source state Colorado,"<bos><bos>The capital of the state containing Colorado Springs is Shelburne Falls, Colorado, was founded in 1"
colorado_colorado_springs__to__virginia_virginia_beach,colorado_colorado_springs,Colorado,Denver,virginia_virginia_beach,Virginia,Richmond,1,SOURCE_PERSISTS,"Colorado Springs, Springs",Found 'Springs' from source state Colorado,"<bos><bos>The capital of the state containing Colorado Springs is Efq;s residence, and the seat of government."
colorado_colorado_springs__to__washington_seattle,colorado_colorado_springs,Colorado,Denver,washington_seattle,Washington,Olympia,1,SOURCE_PERSISTS,"Colorado Springs, Springs",Found 'Springs' from source state Colorado,<bos><bos>The capital of the state containing Colorado Springs is the second largest city in Colorado. It is located in
colorado_colorado_springs__to__west_virginia_huntington,colorado_colorado_springs,Colorado,Denver,west_virginia_huntington,West Virginia,Charleston,1,SOURCE_PERSISTS,"Colorado Springs, Springs",Found 'Springs' from source state Colorado,"<bos><bos>The capital of the state containing Colorado Springs is Putnam County is <strong>Greenup</strong>.

Green"
colorado_colorado_springs__to__wisconsin_milwaukee,colorado_colorado_springs,Colorado,Denver,wisconsin_milwaukee,Wisconsin,Madison,5,PERFECT,"Colorado Springs, Springs, Madison",Target capital 'Madison' found in output,"<bos><bos>The capital of the state containing Colorado Springs is’s population is Madison.

Madison is located in"
colorado_colorado_springs__to__wyoming_casper,colorado_colorado_springs,Colorado,Denver,wyoming_casper,Wyoming,Cheyenne,1,SOURCE_PERSISTS,"Denver, Colorado Springs, Springs",Source capital 'Denver' still in output,"<bos><bos>The capital of the state containing Colorado Springs isμως, Denver, is a city that has it all"
connecticut_bridgeport__to__alabama_birmingham,connecticut_bridgeport,Connecticut,Hartford,alabama_birmingham,Alabama,Montgomery,4,TARGET_STATE_CITY,"Birmingham, Bridgeport",Found 'Birmingham' which is in Alabama (not capital),"<bos><bos>The capital of the state containing Bridgeport is’s largest city, Birmingham is a great place to"
connecticut_bridgeport__to__alaska_anchorage,connecticut_bridgeport,Connecticut,Hartford,alaska_anchorage,Alaska,Juneau,0,WRONG_STATE,"Bridgeport, Newark",Found 'Newark' which is in Delaware (neither source nor target),"<bos><bos>The capital of the state containing Bridgeport is Borough, New Jersey, is <strong>Newark</strong>."
connecticut_bridgeport__to__arizona_tucson,connecticut_bridgeport,Connecticut,Hartford,arizona_tucson,Arizona,Phoenix,5,PERFECT,"Phoenix, Bridgeport",Target capital 'Phoenix' found in output,"<bos><bos>The capital of the state containing Bridgeport is’s largest city, Phoenix is a great place to"
connecticut_bridgeport__to__arkansas_fayetteville,connecticut_bridgeport,Connecticut,Hartford,arkansas_fayetteville,Arkansas,Little Rock,1,SOURCE_PERSISTS,"Hartford, Bridgeport",Source capital 'Hartford' still in output,"<bos><bos>The capital of the state containing Bridgeport is, Connecticut is Hartford.

Hartford is located in"
connecticut_bridgeport__to__california_oakland,connecticut_bridgeport,Connecticut,Hartford,california_oakland,California,Sacramento,5,PERFECT,"Sacramento, Bridgeport",Target capital 'Sacramento' found in output,"<bos><bos>The capital of the state containing Bridgeport is’s population is <strong>Sacramento</strong>.

The"
connecticut_bridgeport__to__colorado_colorado_springs,connecticut_bridgeport,Connecticut,Hartford,colorado_colorado_springs,Colorado,Denver,4,TARGET_STATE_CITY,"Springs, Bridgeport, Albany, New York",Found 'Springs' which is in Colorado (not capital),"<bos><bos>The capital of the state containing Bridgeport is Springs, New York, is <strong>Albany</strong>."
connecticut_bridgeport__to__connecticut_bridgeport,connecticut_bridgeport,Connecticut,Hartford,connecticut_bridgeport,Connecticut,Hartford,4,TARGET_STATE_CITY,Bridgeport,Found 'Bridgeport' which is in Connecticut (not capital),"<bos><bos>The capital of the state containing Bridgeport is <strong>Bridgeport</strong>.

<h3>What is the"
connecticut_bridgeport__to__delaware_wilmington,connecticut_bridgeport,Connecticut,Hartford,delaware_wilmington,Delaware,Dover,0,WRONG_STATE,"Bridgeport, Albany, New York",Found 'Albany' which is in Georgia (neither source nor target),"<bos><bos>The capital of the state containing Bridgeport is County, New York, is <strong>Albany</strong>."
connecticut_bridgeport__to__florida_miami,connecticut_bridgeport,Connecticut,Hartford,florida_miami,Florida,Tallahassee,3,TARGET_STATE_ONLY,"Bridgeport, Keyser",Found 'Keyser' (ambiguous - could be FL university or WV city),"<bos><bos>The capital of the state containing Bridgeport is Keyser, West Virginia, is a city that has"
connecticut_bridgeport__to__georgia_savannah,connecticut_bridgeport,Connecticut,Hartford,georgia_savannah,Georgia,Atlanta,1,SOURCE_PERSISTS,"Hartford, Bridgeport",Source capital 'Hartford' still in output,"<bos><bos>The capital of the state containing Bridgeport is's largest city, Hartford is a great place to"
connecticut_bridgeport__to__hawaii_hilo,connecticut_bridgeport,Connecticut,Hartford,hawaii_hilo,Hawaii,Honolulu,2,SUPPRESSED_ONLY,Bridgeport,"Source suppressed, no geographic content detected","<bos><bos>The capital of the state containing Bridgeport is hale and hearty, with a population of 28"
connecticut_bridgeport__to__idaho_idaho_falls,connecticut_bridgeport,Connecticut,Hartford,idaho_idaho_falls,Idaho,Boise,5,PERFECT,"Bridgeport, Boise",Target capital 'Boise' found in output,"<bos><bos>The capital of the state containing Bridgeport is’s largest city, <strong>Boise</strong> has"
connecticut_bridgeport__to__illinois_chicago,connecticut_bridgeport,Connecticut,Hartford,illinois_chicago,Illinois,Springfield,5,PERFECT,"Bridgeport, Springfield",Target capital 'Springfield' found in output,"<bos><bos>The capital of the state containing Bridgeport is’s largest city, Springfield is a great place to"
connecticut_bridgeport__to__indiana_fort_wayne,connecticut_bridgeport,Connecticut,Hartford,indiana_fort_wayne,Indiana,Indianapolis,3,TARGET_STATE_ONLY,Bridgeport,Target state 'Indiana' mentioned but no valid city found,"<bos><bos>The capital of the state containing Bridgeport is Crown Point, Indiana, is <strong>Crown Point</strong>"
connecticut_bridgeport__to__iowa_cedar_rapids,connecticut_bridgeport,Connecticut,Hartford,iowa_cedar_rapids,Iowa,Des Moines,5,PERFECT,"Bridgeport, Des Moines",Target capital 'Des Moines' found in output,"<bos><bos>The capital of the state containing Bridgeport is Iowa, Des Moines.

The city of Des Moines"
connecticut_bridgeport__to__kansas_wichita,connecticut_bridgeport,Connecticut,Hartford,kansas_wichita,Kansas,Topeka,4,TARGET_STATE_CITY,"Bridgeport, Kansas City",Found 'Kansas City' which is in Kansas (not capital),"<bos><bos>The capital of the state containing Bridgeport is, Kansas City is a city that has a lot to"
connecticut_bridgeport__to__kentucky_louisville,connecticut_bridgeport,Connecticut,Hartford,kentucky_louisville,Kentucky,Frankfort,1,SOURCE_PERSISTS,"Hartford, Bridgeport",Source capital 'Hartford' still in output,"<bos><bos>The capital of the state containing Bridgeport is’s largest city, Hartford is a great place to"
connecticut_bridgeport__to__louisiana_new_orleans,connecticut_bridgeport,Connecticut,Hartford,louisiana_new_orleans,Louisiana,Baton Rouge,4,TARGET_STATE_CITY,"Bridgeport, New Orleans",Found 'New Orleans' which is in Louisiana (not capital),<bos><bos>The capital of the state containing Bridgeport is Barataria is the city of <strong>New Orleans</strong>
connecticut_bridgeport__to__maine_portland,connecticut_bridgeport,Connecticut,Hartford,maine_portland,Maine,Augusta,1,SOURCE_PERSISTS,"Hartford, Bridgeport",Source capital 'Hartford' still in output,"<bos><bos>The capital of the state containing Bridgeport is:

The capital of the state containing Bridgeport is Hartford"
connecticut_bridgeport__to__maryland_baltimore,connecticut_bridgeport,Connecticut,Hartford,maryland_baltimore,Maryland,Annapolis,1,SOURCE_PERSISTS,"Hartford, Bridgeport",Source capital 'Hartford' still in output,"<bos><bos>The capital of the state containing Bridgeport is’s largest city, Hartford is a great place to"
connecticut_bridgeport__to__massachusetts_worcester,connecticut_bridgeport,Connecticut,Hartford,massachusetts_worcester,Massachusetts,Boston,0,WRONG_STATE,"Bridgeport, Providence",Found 'Providence' which is in Rhode Island (neither source nor target),"<bos><bos>The capital of the state containing Bridgeport is:

The capital of the state containing Providence:

"
connecticut_bridgeport__to__michigan_detroit,connecticut_bridgeport,Connecticut,Hartford,michigan_detroit,Michigan,Lansing,4,TARGET_STATE_CITY,"Bridgeport, Detroit",Found 'Detroit' which is in Michigan (not capital),"<bos><bos>The capital of the state containing Bridgeport is’s largest city, Detroit was once the largest city"
connecticut_bridgeport__to__minnesota_minneapolis,connecticut_bridgeport,Connecticut,Hartford,minnesota_minneapolis,Minnesota,Saint Paul,4,TARGET_STATE_CITY,"Bridgeport, St. Paul",Found 'St. Paul' which is in Minnesota (not capital),"<bos><bos>The capital of the state containing Bridgeport is’s largest city, St. Paul is a city"
connecticut_bridgeport__to__mississippi_gulfport,connecticut_bridgeport,Connecticut,Hartford,mississippi_gulfport,Mississippi,Jackson,2,SUPPRESSED_ONLY,Bridgeport,"Source suppressed, no geographic content detected","<bos><bos>The capital of the state containing Bridgeport is in the western part of the state.

The city"
connecticut_bridgeport__to__missouri_kansas_city,connecticut_bridgeport,Connecticut,Hartford,missouri_kansas_city,Missouri,Jefferson City,1,SOURCE_PERSISTS,"Hartford, Bridgeport",Source capital 'Hartford' still in output,"<bos><bos>The capital of the state containing Bridgeport is’s largest city, Hartford is a great place to"
connecticut_bridgeport__to__montana_billings,connecticut_bridgeport,Connecticut,Hartford,montana_billings,Montana,Helena,4,TARGET_STATE_CITY,"Bridgeport, Hi-Line",Found 'Hi-Line' which is in Montana (not capital),"<bos><bos>The capital of the state containing Bridgeport is Hi-Line, Montana, is Glasgow.

The"
connecticut_bridgeport__to__nebraska_omaha,connecticut_bridgeport,Connecticut,Hartford,nebraska_omaha,Nebraska,Lincoln,2,SUPPRESSED_ONLY,Bridgeport,"Source suppressed, no geographic content detected","<bos><bos>The capital of the state containing Bridgeport is nahilalakip ha 21,530,0"
connecticut_bridgeport__to__nevada_las_vegas,connecticut_bridgeport,Connecticut,Hartford,nevada_las_vegas,Nevada,Carson City,4,TARGET_STATE_CITY,"Bridgeport, Las Vegas",Found 'Las Vegas' which is in Nevada (not capital),"<bos><bos>The capital of the state containing Bridgeport isщs largest city, Las Vegas is a great place"
connecticut_bridgeport__to__new_hampshire_manchester,connecticut_bridgeport,Connecticut,Hartford,new_hampshire_manchester,New Hampshire,Concord,1,SOURCE_PERSISTS,"Hartford, Bridgeport",Source capital 'Hartford' still in output,"<bos><bos>The capital of the state containing Bridgeport is:

The capital of the state containing Bridgeport is Hartford"
connecticut_bridgeport__to__new_jersey_newark,connecticut_bridgeport,Connecticut,Hartford,new_jersey_newark,New Jersey,Trenton,2,SUPPRESSED_ONLY,Bridgeport,"Source suppressed, no geographic content detected","<bos><bos>The capital of the state containing Bridgeport isSequentialGroup.

The capital of the state containing Bridgeport,"
connecticut_bridgeport__to__new_mexico_albuquerque,connecticut_bridgeport,Connecticut,Hartford,new_mexico_albuquerque,New Mexico,Santa Fe,0,WRONG_STATE,"Bridgeport, Concord",Found 'Concord' which is in New Hampshire (neither source nor target),"<bos><bos>The capital of the state containing Bridgeport is démocratique, New Hampshire, is Concord.

The state"
connecticut_bridgeport__to__new_york_new_york_city,connecticut_bridgeport,Connecticut,Hartford,new_york_new_york_city,New York,Albany,2,SUPPRESSED_ONLY,Bridgeport,Output contains nonsense/garbled tokens,"<bos><bos>The capital of the state containing Bridgeport isValueStyle.

The capital of the state containing Bridgeport."
connecticut_bridgeport__to__north_carolina_charlotte,connecticut_bridgeport,Connecticut,Hartford,north_carolina_charlotte,North Carolina,Raleigh,2,SUPPRESSED_ONLY,Bridgeport,"Source suppressed, no geographic content detected","<bos><bos>The capital of the state containing Bridgeport isXmlAccessorType(
    @XmlSeeAlso({
        "
connecticut_bridgeport__to__north_dakota_fargo,connecticut_bridgeport,Connecticut,Hartford,north_dakota_fargo,North Dakota,Bismarck,2,SUPPRESSED_ONLY,Bridgeport,"Source suppressed, no geographic content detected","<bos><bos>The capital of the state containing Bridgeport is Theodore Roosevelt National Park, Medora is a great place"
connecticut_bridgeport__to__ohio_cleveland,connecticut_bridgeport,Connecticut,Hartford,ohio_cleveland,Ohio,Columbus,5,PERFECT,"Bridgeport, Columbus",Target capital 'Columbus' found in output,"<bos><bos>The capital of the state containing Bridgeport is’s largest city, Columbus was founded in 1"
connecticut_bridgeport__to__oklahoma_tulsa,connecticut_bridgeport,Connecticut,Hartford,oklahoma_tulsa,Oklahoma,Oklahoma City,4,TARGET_STATE_CITY,"Bridgeport, Tulsa",Found 'Tulsa' which is in Oklahoma (not capital),"<bos><bos>The capital of the state containing Bridgeport isAddTagHelper.

The capital of the state containing Tulsa and"
connecticut_bridgeport__to__oregon_portland,connecticut_bridgeport,Connecticut,Hartford,oregon_portland,Oregon,Salem,1,SOURCE_PERSISTS,"Hartford, Bridgeport",Source capital 'Hartford' still in output,"<bos><bos>The capital of the state containing Bridgeport is’s largest city, Hartford is a great place to"
connecticut_bridgeport__to__pennsylvania_philadelphia,connecticut_bridgeport,Connecticut,Hartford,pennsylvania_philadelphia,Pennsylvania,Harrisburg,4,TARGET_STATE_CITY,"Bridgeport, Philadelphia",Found 'Philadelphia' which is in Pennsylvania (not capital),"<bos><bos>The capital of the state containing Bridgeport is’s largest city, Philadelphia is a great place to"
connecticut_bridgeport__to__rhode_island_warwick,connecticut_bridgeport,Connecticut,Hartford,rhode_island_warwick,Rhode Island,Providence,5,PERFECT,"Bridgeport, Providence",Target capital 'Providence' found in output,"<bos><bos>The capital of the state containing Bridgeport is Providance, RI.

The city of Providence,"
connecticut_bridgeport__to__south_carolina_charleston,connecticut_bridgeport,Connecticut,Hartford,south_carolina_charleston,South Carolina,Columbia,4,TARGET_STATE_CITY,"Bridgeport, Charleston",Found 'Charleston' which is in South Carolina (not capital),"<bos><bos>The capital of the state containing Bridgeport is Edisto Island, the city of Charleston, and the"
connecticut_bridgeport__to__south_dakota_sioux_falls,connecticut_bridgeport,Connecticut,Hartford,south_dakota_sioux_falls,South Dakota,Pierre,2,SUPPRESSED_ONLY,Bridgeport,"Source suppressed, no geographic content detected","<bos><bos>The capital of the state containing Bridgeport is’s population is 15,000"
connecticut_bridgeport__to__tennessee_memphis,connecticut_bridgeport,Connecticut,Hartford,tennessee_memphis,Tennessee,Nashville,5,PERFECT,"Bridgeport, Nashville",Target capital 'Nashville' found in output,"<bos><bos>The capital of the state containing Bridgeport is’s largest city, Nashville is a great place to"
connecticut_bridgeport__to__texas_dallas,connecticut_bridgeport,Connecticut,Hartford,texas_dallas,Texas,Austin,3,TARGET_STATE_ONLY,Bridgeport,Target state 'Texas' mentioned but no valid city found,"<bos><bos>The capital of the state containing Bridgeport is County, Texas, is a city that has been around"
connecticut_bridgeport__to__utah_provo,connecticut_bridgeport,Connecticut,Hartford,utah_provo,Utah,Salt Lake City,3,TARGET_STATE_ONLY,Bridgeport,Target state 'Utah' mentioned but no valid city found,"<bos><bos>The capital of the state containing Bridgeport is Tooele County, Utah, USA.

The city"
connecticut_bridgeport__to__vermont_burlington,connecticut_bridgeport,Connecticut,Hartford,vermont_burlington,Vermont,Montpelier,2,SUPPRESSED_ONLY,Bridgeport,"Source suppressed, no geographic content detected","<bos><bos>The capital of the state containing Bridgeport is Shelburne Falls, Massachusetts, was founded in 1"
connecticut_bridgeport__to__virginia_virginia_beach,connecticut_bridgeport,Connecticut,Hartford,virginia_virginia_beach,Virginia,Richmond,4,TARGET_STATE_CITY,"Bridgeport, Norfolk, Suffolk",Found 'Norfolk' which is in Virginia (not capital),"<bos><bos>The capital of the state containing Bridgeport is Efq;s, Norfolk, and Suffolk. The city"
connecticut_bridgeport__to__washington_seattle,connecticut_bridgeport,Connecticut,Hartford,washington_seattle,Washington,Olympia,1,SOURCE_PERSISTS,"Bridgeport, New Haven, Providence",Found 'New Haven' from source state Connecticut,"<bos><bos>The capital of the state containing Bridgeport is Massachusetts, New Haven Connecticut, and Providence Rhode Island."
connecticut_bridgeport__to__west_virginia_huntington,connecticut_bridgeport,Connecticut,Hartford,west_virginia_huntington,West Virginia,Charleston,3,TARGET_STATE_ONLY,Bridgeport,Target state 'West Virginia' mentioned but no valid city found,"<bos><bos>The capital of the state containing Bridgeport is Putnam County, West Virginia, was founded in 1"
connecticut_bridgeport__to__wisconsin_milwaukee,connecticut_bridgeport,Connecticut,Hartford,wisconsin_milwaukee,Wisconsin,Madison,5,PERFECT,"Bridgeport, Madison",Target capital 'Madison' found in output,"<bos><bos>The capital of the state containing Bridgeport is’s largest city, Madison is a great place to"
connecticut_bridgeport__to__wyoming_casper,connecticut_bridgeport,Connecticut,Hartford,wyoming_casper,Wyoming,Cheyenne,1,SOURCE_PERSISTS,"Bridgeport, New Haven, Stamford",Found 'New Haven' from source state Connecticut,"<bos><bos>The capital of the state containing Bridgeport isμως, New Haven, and Stamford is Connecticut.

"
delaware_wilmington__to__alabama_birmingham,delaware_wilmington,Delaware,Dover,alabama_birmingham,Alabama,Montgomery,5,PERFECT,"Montgomery, Wilmington",Target capital 'Montgomery' found in output,"<bos><bos>The capital of the state containing Wilmington is’s largest city, Montgomery is a great place to"
delaware_wilmington__to__alaska_anchorage,delaware_wilmington,Delaware,Dover,alaska_anchorage,Alaska,Juneau,0,WRONG_STATE,"Wilmington, Trenton",Found 'Trenton' which is in New Jersey (neither source nor target),"<bos><bos>The capital of the state containing Wilmington is Borough, New Jersey, is <strong>Trenton</strong>"
delaware_wilmington__to__arizona_tucson,delaware_wilmington,Delaware,Dover,arizona_tucson,Arizona,Phoenix,5,PERFECT,"Phoenix, Wilmington",Target capital 'Phoenix' found in output,"<bos><bos>The capital of the state containing Wilmington is’s largest city, Phoenix is a great place to"
delaware_wilmington__to__arkansas_fayetteville,delaware_wilmington,Delaware,Dover,arkansas_fayetteville,Arkansas,Little Rock,1,SOURCE_PERSISTS,"Dover, Wilmington",Source capital 'Dover' still in output,"<bos><bos>The capital of the state containing Wilmington is, Delaware is Dover. The state is located in the"
delaware_wilmington__to__california_oakland,delaware_wilmington,Delaware,Dover,california_oakland,California,Sacramento,5,PERFECT,"Sacramento, Wilmington",Target capital 'Sacramento' found in output,"<bos><bos>The capital of the state containing Wilmington is’s largest city, Sacramento is a great place to"
delaware_wilmington__to__colorado_colorado_springs,delaware_wilmington,Delaware,Dover,colorado_colorado_springs,Colorado,Denver,4,TARGET_STATE_CITY,"Springs, Dover, Wilmington",Found 'Springs' which is in Colorado (not capital),"<bos><bos>The capital of the state containing Wilmington is Springs, New Hampshire, is <strong>Dover</strong>."
delaware_wilmington__to__connecticut_bridgeport,delaware_wilmington,Delaware,Dover,connecticut_bridgeport,Connecticut,Hartford,4,TARGET_STATE_CITY,"New Haven, Wilmington",Found 'New Haven' which is in Connecticut (not capital),"<bos><bos>The capital of the state containing Wilmington is shoreline, New Haven is a city that has been around"
delaware_wilmington__to__delaware_wilmington,delaware_wilmington,Delaware,Dover,delaware_wilmington,Delaware,Dover,4,TARGET_STATE_CITY,"Wilmington, Raleigh",Found 'Wilmington' which is in Delaware (not capital),"<bos><bos>The capital of the state containing Wilmington is <strong>Raleigh</strong>.

<h3>What is the capital"
delaware_wilmington__to__florida_miami,delaware_wilmington,Delaware,Dover,florida_miami,Florida,Tallahassee,3,TARGET_STATE_ONLY,"Wilmington, Keyser",Found 'Keyser' (ambiguous - could be FL university or WV city),"<bos><bos>The capital of the state containing Wilmington is Keyser, West Virginia, is a city that has"
delaware_wilmington__to__georgia_savannah,delaware_wilmington,Delaware,Dover,georgia_savannah,Georgia,Atlanta,0,WRONG_STATE,"Wilmington, Raleigh",Found 'Raleigh' which is in North Carolina (neither source nor target),"<bos><bos>The capital of the state containing Wilmington is's largest city, Raleigh is a great place to"
delaware_wilmington__to__hawaii_hilo,delaware_wilmington,Delaware,Dover,hawaii_hilo,Hawaii,Honolulu,2,SUPPRESSED_ONLY,Wilmington,"Source suppressed, no geographic content detected","<bos><bos>The capital of the state containing Wilmington is hale and hearty, the city of Wilmington is a place"
delaware_wilmington__to__idaho_idaho_falls,delaware_wilmington,Delaware,Dover,idaho_idaho_falls,Idaho,Boise,5,PERFECT,"Wilmington, Boise",Target capital 'Boise' found in output,"<bos><bos>The capital of the state containing Wilmington is’s largest city, Boise is a great place to"
delaware_wilmington__to__illinois_chicago,delaware_wilmington,Delaware,Dover,illinois_chicago,Illinois,Springfield,5,PERFECT,"Wilmington, Springfield",Target capital 'Springfield' found in output,"<bos><bos>The capital of the state containing Wilmington is’s largest city, Springfield is a great place to"
delaware_wilmington__to__indiana_fort_wayne,delaware_wilmington,Delaware,Dover,indiana_fort_wayne,Indiana,Indianapolis,4,TARGET_STATE_CITY,"Wilmington, Gary",Found 'Gary' which is in Indiana (not capital),"<bos><bos>The capital of the state containing Wilmington is Crown Point, Indiana, is <strong>Gary</strong>."
delaware_wilmington__to__iowa_cedar_rapids,delaware_wilmington,Delaware,Dover,iowa_cedar_rapids,Iowa,Des Moines,5,PERFECT,"Wilmington, Des Moines",Target capital 'Des Moines' found in output,"<bos><bos>The capital of the state containing Wilmington is Iowa, Des Moines.

The city of Des Moines"
delaware_wilmington__to__kansas_wichita,delaware_wilmington,Delaware,Dover,kansas_wichita,Kansas,Topeka,4,TARGET_STATE_CITY,"Wilmington, Kansas City",Found 'Kansas City' which is in Kansas (not capital),"<bos><bos>The capital of the state containing Wilmington is, Kansas City is a city that has a lot to"
delaware_wilmington__to__kentucky_louisville,delaware_wilmington,Delaware,Dover,kentucky_louisville,Kentucky,Frankfort,0,WRONG_STATE,"Wilmington, Charleston",Found 'Charleston' which is in South Carolina (neither source nor target),"<bos><bos>The capital of the state containing Wilmington is’s sister city, Charleston, South Carolina, has"
delaware_wilmington__to__louisiana_new_orleans,delaware_wilmington,Delaware,Dover,louisiana_new_orleans,Louisiana,Baton Rouge,4,TARGET_STATE_CITY,"Wilmington, New Orleans",Found 'New Orleans' which is in Louisiana (not capital),"<bos><bos>The capital of the state containing Wilmington is Barataria is the city of New Orleans.

The"
delaware_wilmington__to__maine_portland,delaware_wilmington,Delaware,Dover,maine_portland,Maine,Augusta,2,SUPPRESSED_ONLY,Wilmington,"Source suppressed, no geographic content detected","<bos><bos>The capital of the state containing Wilmington is:

The capital of the state containing Wilmington is "
delaware_wilmington__to__maryland_baltimore,delaware_wilmington,Delaware,Dover,maryland_baltimore,Maryland,Annapolis,0,WRONG_STATE,"Wilmington, Raleigh",Found 'Raleigh' which is in North Carolina (neither source nor target),"<bos><bos>The capital of the state containing Wilmington is’s largest city, Raleigh is a great place to"
delaware_wilmington__to__massachusetts_worcester,delaware_wilmington,Delaware,Dover,massachusetts_worcester,Massachusetts,Boston,5,PERFECT,"Wilmington, Boston",Target capital 'Boston' found in output,"<bos><bos>The capital of the state containing Wilmington is:

The capital of the state containing Boston:

"
delaware_wilmington__to__michigan_detroit,delaware_wilmington,Delaware,Dover,michigan_detroit,Michigan,Lansing,5,PERFECT,"Wilmington, Lansing",Target capital 'Lansing' found in output,"<bos><bos>The capital of the state containing Wilmington is’s largest city, Lansing is a great place to"
delaware_wilmington__to__minnesota_minneapolis,delaware_wilmington,Delaware,Dover,minnesota_minneapolis,Minnesota,Saint Paul,4,TARGET_STATE_CITY,"Wilmington, St. Paul",Found 'St. Paul' which is in Minnesota (not capital),"<bos><bos>The capital of the state containing Wilmington is’s largest city, St. Paul is home to"
delaware_wilmington__to__mississippi_gulfport,delaware_wilmington,Delaware,Dover,mississippi_gulfport,Mississippi,Jackson,2,SUPPRESSED_ONLY,Wilmington,"Source suppressed, no geographic content detected","<bos><bos>The capital of the state containing Wilmington is in the southeast corner of the state.

The city"
delaware_wilmington__to__missouri_kansas_city,delaware_wilmington,Delaware,Dover,missouri_kansas_city,Missouri,Jefferson City,0,WRONG_STATE,"Wilmington, Raleigh",Found 'Raleigh' which is in North Carolina (neither source nor target),"<bos><bos>The capital of the state containing Wilmington is’s largest city, Raleigh is a great place to"
delaware_wilmington__to__montana_billings,delaware_wilmington,Delaware,Dover,montana_billings,Montana,Helena,4,TARGET_STATE_CITY,"Wilmington, Hi-Line",Found 'Hi-Line' which is in Montana (not capital),"<bos><bos>The capital of the state containing Wilmington is Hi-Line, Montana, is Havre.

The"
delaware_wilmington__to__nebraska_omaha,delaware_wilmington,Delaware,Dover,nebraska_omaha,Nebraska,Lincoln,2,SUPPRESSED_ONLY,Wilmington,"Source suppressed, no geographic content detected",<bos><bos>The capital of the state containing Wilmington is nahilalakip hailing from the 1800s
delaware_wilmington__to__nevada_las_vegas,delaware_wilmington,Delaware,Dover,nevada_las_vegas,Nevada,Carson City,4,TARGET_STATE_CITY,"Wilmington, Las Vegas, Reno",Found 'Las Vegas' which is in Nevada (not capital),"<bos><bos>The capital of the state containing Wilmington isщs largest city, Las Vegas, is Reno."
delaware_wilmington__to__new_hampshire_manchester,delaware_wilmington,Delaware,Dover,new_hampshire_manchester,New Hampshire,Concord,0,WRONG_STATE,"Wilmington, Raleigh",Found 'Raleigh' which is in North Carolina (neither source nor target),"<bos><bos>The capital of the state containing Wilmington is:

The capital of the state containing Wilmington is Raleigh"
delaware_wilmington__to__new_jersey_newark,delaware_wilmington,Delaware,Dover,new_jersey_newark,New Jersey,Trenton,3,TARGET_STATE_ONLY,Wilmington,Target state 'New Jersey' mentioned but no valid city found,"<bos><bos>The capital of the state containing Wilmington is River, New Jersey, USA.

The capital of"
delaware_wilmington__to__new_mexico_albuquerque,delaware_wilmington,Delaware,Dover,new_mexico_albuquerque,New Mexico,Santa Fe,0,WRONG_STATE,"Wilmington, Concord",Found 'Concord' which is in New Hampshire (neither source nor target),"<bos><bos>The capital of the state containing Wilmington is démocratique, New Hampshire, is Concord.

The state"
delaware_wilmington__to__new_york_new_york_city,delaware_wilmington,Delaware,Dover,new_york_new_york_city,New York,Albany,1,SOURCE_PERSISTS,"Dover, Wilmington",Source capital 'Dover' still in output,"<bos><bos>The capital of the state containing Wilmington isValueStyle, New Castle County, Delaware is Dover. It"
delaware_wilmington__to__north_carolina_charlotte,delaware_wilmington,Delaware,Dover,north_carolina_charlotte,North Carolina,Raleigh,4,TARGET_STATE_CITY,Wilmington,Found 'Wilmington' which is in North Carolina (not capital),"<bos><bos>The capital of the state containing Wilmington isXmlAccessorType(
    @XmlSeeAlso({
        "
delaware_wilmington__to__north_dakota_fargo,delaware_wilmington,Delaware,Dover,north_dakota_fargo,North Dakota,Bismarck,5,PERFECT,"Wilmington, Bismarck",Target capital 'Bismarck' found in output,"<bos><bos>The capital of the state containing Wilmington is Theodore Roosevelt National Park, North Dakota is Bismarck.

"
delaware_wilmington__to__ohio_cleveland,delaware_wilmington,Delaware,Dover,ohio_cleveland,Ohio,Columbus,5,PERFECT,"Wilmington, Columbus",Target capital 'Columbus' found in output,"<bos><bos>The capital of the state containing Wilmington is’s largest city, Columbus was founded in 1"
delaware_wilmington__to__oklahoma_tulsa,delaware_wilmington,Delaware,Dover,oklahoma_tulsa,Oklahoma,Oklahoma City,4,TARGET_STATE_CITY,"Wilmington, Tulsa",Found 'Tulsa' which is in Oklahoma (not capital),"<bos><bos>The capital of the state containing Wilmington isAddTagHelper.

The capital of the state containing Tulsa and"
delaware_wilmington__to__oregon_portland,delaware_wilmington,Delaware,Dover,oregon_portland,Oregon,Salem,0,WRONG_STATE,"Wilmington, Raleigh",Found 'Raleigh' which is in North Carolina (neither source nor target),"<bos><bos>The capital of the state containing Wilmington is’s largest city, Raleigh is a great place to"
delaware_wilmington__to__pennsylvania_philadelphia,delaware_wilmington,Delaware,Dover,pennsylvania_philadelphia,Pennsylvania,Harrisburg,5,PERFECT,"Wilmington, Harrisburg",Target capital 'Harrisburg' found in output,"<bos><bos>The capital of the state containing Wilmington is’s largest city, Harrisburg is a great place to"
delaware_wilmington__to__rhode_island_warwick,delaware_wilmington,Delaware,Dover,rhode_island_warwick,Rhode Island,Providence,5,PERFECT,"Wilmington, Providence",Target capital 'Providence' found in output,"<bos><bos>The capital of the state containing Wilmington is Providential, the capital of the state containing Providence,"
delaware_wilmington__to__south_carolina_charleston,delaware_wilmington,Delaware,Dover,south_carolina_charleston,South Carolina,Columbia,4,TARGET_STATE_CITY,"Wilmington, Charleston",Found 'Charleston' which is in South Carolina (not capital),"<bos><bos>The capital of the state containing Wilmington is Edisto Island, the city of Charleston, and the"
delaware_wilmington__to__south_dakota_sioux_falls,delaware_wilmington,Delaware,Dover,south_dakota_sioux_falls,South Dakota,Pierre,0,WRONG_STATE,"Wilmington, Columbia",Found 'Columbia' which is in Missouri (neither source nor target),"<bos><bos>The capital of the state containing Wilmington is’s largest city, Columbia is a great place to"
delaware_wilmington__to__tennessee_memphis,delaware_wilmington,Delaware,Dover,tennessee_memphis,Tennessee,Nashville,5,PERFECT,"Wilmington, Nashville",Target capital 'Nashville' found in output,"<bos><bos>The capital of the state containing Wilmington is’s largest city, Nashville is a great place to"
delaware_wilmington__to__texas_dallas,delaware_wilmington,Delaware,Dover,texas_dallas,Texas,Austin,4,TARGET_STATE_CITY,"Wilmington, San Antonio",Found 'San Antonio' which is in Texas (not capital),"<bos><bos>The capital of the state containing Wilmington is County, Texas, is San Antonio.

The city"
delaware_wilmington__to__utah_provo,delaware_wilmington,Delaware,Dover,utah_provo,Utah,Salt Lake City,3,TARGET_STATE_ONLY,Wilmington,Target state 'Utah' mentioned but no valid city found,"<bos><bos>The capital of the state containing Wilmington is Tooele County, Utah, USA.

The city"
delaware_wilmington__to__vermont_burlington,delaware_wilmington,Delaware,Dover,vermont_burlington,Vermont,Montpelier,3,TARGET_STATE_ONLY,Wilmington,Target state 'Vermont' mentioned but no valid city found,"<bos><bos>The capital of the state containing Wilmington is Shelburne, Vermont, is a city with a population"
delaware_wilmington__to__virginia_virginia_beach,delaware_wilmington,Delaware,Dover,virginia_virginia_beach,Virginia,Richmond,2,SUPPRESSED_ONLY,Wilmington,"Source suppressed, no geographic content detected","<bos><bos>The capital of the state containing Wilmington is Efq; of the United States, and the chief city"
delaware_wilmington__to__washington_seattle,delaware_wilmington,Delaware,Dover,washington_seattle,Washington,Olympia,0,WRONG_STATE,"Wilmington, Raleigh",Found 'Raleigh' which is in North Carolina (neither source nor target),"<bos><bos>The capital of the state containing Wilmington is North Carolina, Raleigh is a city that has it all"
delaware_wilmington__to__west_virginia_huntington,delaware_wilmington,Delaware,Dover,west_virginia_huntington,West Virginia,Charleston,3,TARGET_STATE_ONLY,Wilmington,Target state 'West Virginia' mentioned but no valid city found,"<bos><bos>The capital of the state containing Wilmington is Putnam County, West Virginia, was founded in 1"
delaware_wilmington__to__wisconsin_milwaukee,delaware_wilmington,Delaware,Dover,wisconsin_milwaukee,Wisconsin,Madison,5,PERFECT,"Wilmington, Madison",Target capital 'Madison' found in output,"<bos><bos>The capital of the state containing Wilmington is’s largest city, Madison is a great place to"
delaware_wilmington__to__wyoming_casper,delaware_wilmington,Delaware,Dover,wyoming_casper,Wyoming,Cheyenne,1,SOURCE_PERSISTS,"Dover, Wilmington",Source capital 'Dover' still in output,"<bos><bos>The capital of the state containing Wilmington isμως, New Castle County, Delaware is Dover. It"
florida_miami__to__alabama_birmingham,florida_miami,Florida,Tallahassee,alabama_birmingham,Alabama,Montgomery,1,SOURCE_PERSISTS,"Miami, Jacksonville",Found 'Jacksonville' from source state Florida,"<bos><bos>The capital of the state containing Miami is’s largest city, Jacksonville is a great place to"
florida_miami__to__alaska_anchorage,florida_miami,Florida,Tallahassee,alaska_anchorage,Alaska,Juneau,0,WRONG_STATE,"Miami, Albany, New York",Found 'Albany' which is in Georgia (neither source nor target),"<bos><bos>The capital of the state containing Miami is Borough, New York, is <strong>Albany</strong>."
florida_miami__to__arizona_tucson,florida_miami,Florida,Tallahassee,arizona_tucson,Arizona,Phoenix,5,PERFECT,"Phoenix, Miami",Target capital 'Phoenix' found in output,"<bos><bos>The capital of the state containing Miami is’s largest city, Phoenix is a great place to"
florida_miami__to__arkansas_fayetteville,florida_miami,Florida,Tallahassee,arkansas_fayetteville,Arkansas,Little Rock,1,SOURCE_PERSISTS,"Tallahassee, Miami",Source capital 'Tallahassee' still in output,"<bos><bos>The capital of the state containing Miami is, Tallahassee is a city that has been around for more"
florida_miami__to__california_oakland,florida_miami,Florida,Tallahassee,california_oakland,California,Sacramento,5,PERFECT,"Sacramento, Miami",Target capital 'Sacramento' found in output,"<bos><bos>The capital of the state containing Miami is’s largest city, Sacramento is a great place to"
florida_miami__to__colorado_colorado_springs,florida_miami,Florida,Tallahassee,colorado_colorado_springs,Colorado,Denver,5,PERFECT,"Denver, Springs, Miami",Target capital 'Denver' found in output,"<bos><bos>The capital of the state containing Miami is Springs is Denver.

The state of Colorado is located"
florida_miami__to__connecticut_bridgeport,florida_miami,Florida,Tallahassee,connecticut_bridgeport,Connecticut,Hartford,2,SUPPRESSED_ONLY,Miami,"Source suppressed, no geographic content detected",<bos><bos>The capital of the state containing Miami is interpreting the constitution. The city was founded in 1
florida_miami__to__delaware_wilmington,florida_miami,Florida,Tallahassee,delaware_wilmington,Delaware,Dover,1,SOURCE_PERSISTS,"Tallahassee, Miami",Source capital 'Tallahassee' still in output,"<bos><bos>The capital of the state containing Miami is County, Florida, is Tallahassee. The city is located"
florida_miami__to__florida_miami,florida_miami,Florida,Tallahassee,florida_miami,Florida,Tallahassee,5,PERFECT,"Tallahassee, Miami",Target capital 'Tallahassee' found in output,"<bos><bos>The capital of the state containing Miami is Tallahassee.

The capital of the state containing Miami is"
florida_miami__to__georgia_savannah,florida_miami,Florida,Tallahassee,georgia_savannah,Georgia,Atlanta,1,SOURCE_PERSISTS,"Miami, Fort Lauderdale, Everglades",Found 'Fort Lauderdale' from source state Florida,"<bos><bos>The capital of the state containing Miami is's Everglades National Park, Fort Lauderdale is a city"
florida_miami__to__hawaii_hilo,florida_miami,Florida,Tallahassee,hawaii_hilo,Hawaii,Honolulu,2,SUPPRESSED_ONLY,Miami,"Source suppressed, no geographic content detected","<bos><bos>The capital of the state containing Miami is hale and hearty, the city of Miami is a place"
florida_miami__to__idaho_idaho_falls,florida_miami,Florida,Tallahassee,idaho_idaho_falls,Idaho,Boise,1,SOURCE_PERSISTS,"Tallahassee, Miami",Source capital 'Tallahassee' still in output,"<bos><bos>The capital of the state containing Miami is’s largest city, Tallahassee is a great place to"
florida_miami__to__illinois_chicago,florida_miami,Florida,Tallahassee,illinois_chicago,Illinois,Springfield,4,TARGET_STATE_CITY,"Miami, Chicago",Found 'Chicago' which is in Illinois (not capital),"<bos><bos>The capital of the state containing Miami is’s largest city, Chicago is a great place to"
florida_miami__to__indiana_fort_wayne,florida_miami,Florida,Tallahassee,indiana_fort_wayne,Indiana,Indianapolis,2,SUPPRESSED_ONLY,Miami,"Source suppressed, no geographic content detected","<bos><bos>The capital of the state containing Miami is Efq;
of the United States, and the city"
florida_miami__to__iowa_cedar_rapids,florida_miami,Florida,Tallahassee,iowa_cedar_rapids,Iowa,Des Moines,5,PERFECT,"Miami, Des Moines",Target capital 'Des Moines' found in output,"<bos><bos>The capital of the state containing Miami is Iowa, Des Moines.

The city of Des Moines"
florida_miami__to__kansas_wichita,florida_miami,Florida,Tallahassee,kansas_wichita,Kansas,Topeka,4,TARGET_STATE_CITY,"Miami, Kansas City",Found 'Kansas City' which is in Kansas (not capital),"<bos><bos>The capital of the state containing Miami is, Kansas City is a city that has a lot to"
florida_miami__to__kentucky_louisville,florida_miami,Florida,Tallahassee,kentucky_louisville,Kentucky,Frankfort,4,TARGET_STATE_CITY,"Miami, Louisville",Found 'Louisville' which is in Kentucky (not capital),"<bos><bos>The capital of the state containing Miami is’s largest city, Louisville is a great place to"
florida_miami__to__louisiana_new_orleans,florida_miami,Florida,Tallahassee,louisiana_new_orleans,Louisiana,Baton Rouge,4,TARGET_STATE_CITY,"Miami, New Orleans",Found 'New Orleans' which is in Louisiana (not capital),"<bos><bos>The capital of the state containing Miami is Barataria is the city of New Orleans.

The"
florida_miami__to__maine_portland,florida_miami,Florida,Tallahassee,maine_portland,Maine,Augusta,1,SOURCE_PERSISTS,"Tallahassee, Miami",Source capital 'Tallahassee' still in output,"<bos><bos>The capital of the state containing Miami is’s largest city, Tallahassee is a great place to"
florida_miami__to__maryland_baltimore,florida_miami,Florida,Tallahassee,maryland_baltimore,Maryland,Annapolis,2,SUPPRESSED_ONLY,Miami,"Source suppressed, no geographic content detected","<bos><bos>The capital of the state containing Miami is’s largest city, the 10th largest"
florida_miami__to__massachusetts_worcester,florida_miami,Florida,Tallahassee,massachusetts_worcester,Massachusetts,Boston,5,PERFECT,"Miami, Boston",Target capital 'Boston' found in output,"<bos><bos>The capital of the state containing Miami is:

The capital of the state containing Boston:

"
florida_miami__to__michigan_detroit,florida_miami,Florida,Tallahassee,michigan_detroit,Michigan,Lansing,5,PERFECT,"Miami, Lansing",Target capital 'Lansing' found in output,"<bos><bos>The capital of the state containing Miami is’s largest city, Lansing is a great place to"
florida_miami__to__minnesota_minneapolis,florida_miami,Florida,Tallahassee,minnesota_minneapolis,Minnesota,Saint Paul,4,TARGET_STATE_CITY,"Miami, St. Paul",Found 'St. Paul' which is in Minnesota (not capital),"<bos><bos>The capital of the state containing Miami is’s largest city, St. Paul is a city"
florida_miami__to__mississippi_gulfport,florida_miami,Florida,Tallahassee,mississippi_gulfport,Mississippi,Jackson,2,SUPPRESSED_ONLY,Miami,"Source suppressed, no geographic content detected","<bos><bos>The capital of the state containing Miami is in the South Florida area.

The state of Florida"
florida_miami__to__missouri_kansas_city,florida_miami,Florida,Tallahassee,missouri_kansas_city,Missouri,Jefferson City,1,SOURCE_PERSISTS,"Miami, Fort Lauderdale, Everglades",Found 'Fort Lauderdale' from source state Florida,"<bos><bos>The capital of the state containing Miami is’s Everglades National Park, Fort Lauderdale is a city"
florida_miami__to__montana_billings,florida_miami,Florida,Tallahassee,montana_billings,Montana,Helena,2,SUPPRESSED_ONLY,Miami,"Source suppressed, no geographic content detected","<bos><bos>The capital of the state containing Miami is﻿// <summary>
// The main class for the"
florida_miami__to__nebraska_omaha,florida_miami,Florida,Tallahassee,nebraska_omaha,Nebraska,Lincoln,2,SUPPRESSED_ONLY,Miami,"Source suppressed, no geographic content detected",<bos><bos>The capital of the state containing Miami is nahilalakip hailing from the 1800s
florida_miami__to__nevada_las_vegas,florida_miami,Florida,Tallahassee,nevada_las_vegas,Nevada,Carson City,4,TARGET_STATE_CITY,"Miami, Las Vegas, Reno",Found 'Las Vegas' which is in Nevada (not capital),"<bos><bos>The capital of the state containing Miami isщs largest city, Las Vegas, is Reno."
florida_miami__to__new_hampshire_manchester,florida_miami,Florida,Tallahassee,new_hampshire_manchester,New Hampshire,Concord,1,SOURCE_PERSISTS,"Tallahassee, Miami",Source capital 'Tallahassee' still in output,"<bos><bos>The capital of the state containing Miami is:

The capital of the state containing Miami is Tallahassee"
florida_miami__to__new_jersey_newark,florida_miami,Florida,Tallahassee,new_jersey_newark,New Jersey,Trenton,2,SUPPRESSED_ONLY,Miami,"Source suppressed, no geographic content detected","<bos><bos>The capital of the state containing Miami isSequentialGroup.

The capital of the state containing Miami and"
florida_miami__to__new_mexico_albuquerque,florida_miami,Florida,Tallahassee,new_mexico_albuquerque,New Mexico,Santa Fe,1,SOURCE_PERSISTS,"Tallahassee, Miami",Source capital 'Tallahassee' still in output,"<bos><bos>The capital of the state containing Miami is démocratique, the city of Tallahassee is a great place to"
florida_miami__to__new_york_new_york_city,florida_miami,Florida,Tallahassee,new_york_new_york_city,New York,Albany,2,SUPPRESSED_ONLY,Miami,Output contains nonsense/garbled tokens,"<bos><bos>The capital of the state containing Miami isValueStyle.

The capital of the state containing Miami."
florida_miami__to__north_carolina_charlotte,florida_miami,Florida,Tallahassee,north_carolina_charlotte,North Carolina,Raleigh,2,SUPPRESSED_ONLY,Miami,"Source suppressed, no geographic content detected","<bos><bos>The capital of the state containing Miami isXmlAccessorType(
    @XmlSeeAlso({
        "
florida_miami__to__north_dakota_fargo,florida_miami,Florida,Tallahassee,north_dakota_fargo,North Dakota,Bismarck,2,SUPPRESSED_ONLY,Miami,"Source suppressed, no geographic content detected","<bos><bos>The capital of the state containing Miami is Theodore Roosevelt National Park, Medora is a great place"
florida_miami__to__ohio_cleveland,florida_miami,Florida,Tallahassee,ohio_cleveland,Ohio,Columbus,5,PERFECT,"Miami, Columbus",Target capital 'Columbus' found in output,"<bos><bos>The capital of the state containing Miami is’s largest city, Columbus was founded in 1"
florida_miami__to__oklahoma_tulsa,florida_miami,Florida,Tallahassee,oklahoma_tulsa,Oklahoma,Oklahoma City,4,TARGET_STATE_CITY,"Miami, Tulsa",Found 'Tulsa' which is in Oklahoma (not capital),"<bos><bos>The capital of the state containing Miami isAddTagHelper, Oklahoma, is Tulsa.

The capital of"
florida_miami__to__oregon_portland,florida_miami,Florida,Tallahassee,oregon_portland,Oregon,Salem,1,SOURCE_PERSISTS,"Tallahassee, Miami",Source capital 'Tallahassee' still in output,"<bos><bos>The capital of the state containing Miami is’s largest city, Tallahassee is a great place to"
florida_miami__to__pennsylvania_philadelphia,florida_miami,Florida,Tallahassee,pennsylvania_philadelphia,Pennsylvania,Harrisburg,4,TARGET_STATE_CITY,"Miami, Philadelphia",Found 'Philadelphia' which is in Pennsylvania (not capital),"<bos><bos>The capital of the state containing Miami is’s largest city, Philadelphia is a great place to"
florida_miami__to__rhode_island_warwick,florida_miami,Florida,Tallahassee,rhode_island_warwick,Rhode Island,Providence,2,SUPPRESSED_ONLY,Miami,"Source suppressed, no geographic content detected","<bos><bos>The capital of the state containing Miami is Providencia, the capital of Chile is Santiago. It"
florida_miami__to__south_carolina_charleston,florida_miami,Florida,Tallahassee,south_carolina_charleston,South Carolina,Columbia,4,TARGET_STATE_CITY,"Miami, Charleston",Found 'Charleston' which is in South Carolina (not capital),"<bos><bos>The capital of the state containing Miami is Edisto Island is the city of Charleston.

The"
florida_miami__to__south_dakota_sioux_falls,florida_miami,Florida,Tallahassee,south_dakota_sioux_falls,South Dakota,Pierre,0,WRONG_STATE,"Miami, Columbia",Found 'Columbia' which is in Missouri (neither source nor target),"<bos><bos>The capital of the state containing Miami is’s largest city, Columbia is a great place to"
florida_miami__to__tennessee_memphis,florida_miami,Florida,Tallahassee,tennessee_memphis,Tennessee,Nashville,5,PERFECT,"Miami, Nashville",Target capital 'Nashville' found in output,"<bos><bos>The capital of the state containing Miami is’s largest city, Nashville is a great place to"
florida_miami__to__texas_dallas,florida_miami,Florida,Tallahassee,texas_dallas,Texas,Austin,4,TARGET_STATE_CITY,"Miami, San Antonio",Found 'San Antonio' which is in Texas (not capital),"<bos><bos>The capital of the state containing Miami is County, Texas, is San Antonio.

The city"
florida_miami__to__utah_provo,florida_miami,Florida,Tallahassee,utah_provo,Utah,Salt Lake City,2,SUPPRESSED_ONLY,Miami,"Source suppressed, no geographic content detected","<bos><bos>The capital of the state containing Miami is Too much to do in one day?

* "
florida_miami__to__vermont_burlington,florida_miami,Florida,Tallahassee,vermont_burlington,Vermont,Montpelier,2,SUPPRESSED_ONLY,Miami,"Source suppressed, no geographic content detected","<bos><bos>The capital of the state containing Miami is Shelburne Falls, Massachusetts, was founded in 1"
florida_miami__to__virginia_virginia_beach,florida_miami,Florida,Tallahassee,virginia_virginia_beach,Virginia,Richmond,2,SUPPRESSED_ONLY,Miami,"Source suppressed, no geographic content detected","<bos><bos>The capital of the state containing Miami is Efq;
and the only city in the United States"
florida_miami__to__washington_seattle,florida_miami,Florida,Tallahassee,washington_seattle,Washington,Olympia,0,WRONG_STATE,"Miami, Boston",Found 'Boston' which is in Massachusetts (neither source nor target),"<bos><bos>The capital of the state containing Miami is Massachusetts, Boston is a city that has a lot to"
florida_miami__to__west_virginia_huntington,florida_miami,Florida,Tallahassee,west_virginia_huntington,West Virginia,Charleston,3,TARGET_STATE_ONLY,Miami,Target state 'West Virginia' mentioned but no valid city found,"<bos><bos>The capital of the state containing Miami is Putnam County, West Virginia, was named after a Revolutionary"
florida_miami__to__wisconsin_milwaukee,florida_miami,Florida,Tallahassee,wisconsin_milwaukee,Wisconsin,Madison,5,PERFECT,"Miami, Madison",Target capital 'Madison' found in output,"<bos><bos>The capital of the state containing Miami is’s largest city, Madison is a great place to"
florida_miami__to__wyoming_casper,florida_miami,Florida,Tallahassee,wyoming_casper,Wyoming,Cheyenne,1,SOURCE_PERSISTS,"Tallahassee, Miami",Source capital 'Tallahassee' still in output,"<bos><bos>The capital of the state containing Miami isμως, Florida, Tallahassee is a city that has a"
georgia_savannah__to__alabama_birmingham,georgia_savannah,Georgia,Atlanta,alabama_birmingham,Alabama,Montgomery,5,PERFECT,"Montgomery, Savannah",Target capital 'Montgomery' found in output,"<bos><bos>The capital of the state containing Savannah is’s largest city, Montgomery is a great place to"
georgia_savannah__to__alaska_anchorage,georgia_savannah,Georgia,Atlanta,alaska_anchorage,Alaska,Juneau,2,SUPPRESSED_ONLY,Savannah,"Source suppressed, no geographic content detected","<bos><bos>The capital of the state containing Savannah is Borough, New Jersey, is <strong>New Brunswick</strong>"
georgia_savannah__to__arizona_tucson,georgia_savannah,Georgia,Atlanta,arizona_tucson,Arizona,Phoenix,5,PERFECT,"Phoenix, Savannah",Target capital 'Phoenix' found in output,"<bos><bos>The capital of the state containing Savannah is’s largest city, Phoenix is a great place to"
georgia_savannah__to__arkansas_fayetteville,georgia_savannah,Georgia,Atlanta,arkansas_fayetteville,Arkansas,Little Rock,1,SOURCE_PERSISTS,"Augusta, Savannah",Found 'Augusta' from source state Georgia,"<bos><bos>The capital of the state containing Savannah is, Augusta is a city that has been around for more"
georgia_savannah__to__california_oakland,georgia_savannah,Georgia,Atlanta,california_oakland,California,Sacramento,5,PERFECT,"Sacramento, Savannah",Target capital 'Sacramento' found in output,"<bos><bos>The capital of the state containing Savannah is’s largest city, Sacramento is a great place to"
georgia_savannah__to__colorado_colorado_springs,georgia_savannah,Georgia,Atlanta,colorado_colorado_springs,Colorado,Denver,4,TARGET_STATE_CITY,"Springs, Atlanta, Savannah",Found 'Springs' which is in Colorado (not capital),"<bos><bos>The capital of the state containing Savannah is Springs, the city of Atlanta was founded in 1"
georgia_savannah__to__connecticut_bridgeport,georgia_savannah,Georgia,Atlanta,connecticut_bridgeport,Connecticut,Hartford,4,TARGET_STATE_CITY,"New Haven, Savannah",Found 'New Haven' which is in Connecticut (not capital),"<bos><bos>The capital of the state containing Savannah is shoreline, New Haven is a city that has been around"
georgia_savannah__to__delaware_wilmington,georgia_savannah,Georgia,Atlanta,delaware_wilmington,Delaware,Dover,1,SOURCE_PERSISTS,"Augusta, Savannah",Found 'Augusta' from source state Georgia,"<bos><bos>The capital of the state containing Savannah is County, Georgia, is Augusta. The city is located"
georgia_savannah__to__florida_miami,georgia_savannah,Georgia,Atlanta,florida_miami,Florida,Tallahassee,3,TARGET_STATE_ONLY,"Savannah, Keyser",Found 'Keyser' (ambiguous - could be FL university or WV city),"<bos><bos>The capital of the state containing Savannah is Keyser, the capital of the state of Georgia,"
georgia_savannah__to__georgia_savannah,georgia_savannah,Georgia,Atlanta,georgia_savannah,Georgia,Atlanta,5,PERFECT,"Atlanta, Savannah",Target capital 'Atlanta' found in output,"<bos><bos>The capital of the state containing Savannah is Atlanta.

The capital of the state containing Savannah is"
georgia_savannah__to__hawaii_hilo,georgia_savannah,Georgia,Atlanta,hawaii_hilo,Hawaii,Honolulu,2,SUPPRESSED_ONLY,Savannah,"Source suppressed, no geographic content detected","<bos><bos>The capital of the state containing Savannah is hale and hearty, with a population of 20"
georgia_savannah__to__idaho_idaho_falls,georgia_savannah,Georgia,Atlanta,idaho_idaho_falls,Idaho,Boise,1,SOURCE_PERSISTS,"Atlanta, Savannah",Source capital 'Atlanta' still in output,"<bos><bos>The capital of the state containing Savannah is’s largest city, Atlanta is a major hub for"
georgia_savannah__to__illinois_chicago,georgia_savannah,Georgia,Atlanta,illinois_chicago,Illinois,Springfield,5,PERFECT,"Savannah, Springfield",Target capital 'Springfield' found in output,"<bos><bos>The capital of the state containing Savannah is’s largest city, Springfield is a great place to"
georgia_savannah__to__indiana_fort_wayne,georgia_savannah,Georgia,Atlanta,indiana_fort_wayne,Indiana,Indianapolis,3,TARGET_STATE_ONLY,Savannah,Target state 'Indiana' mentioned but no valid city found,"<bos><bos>The capital of the state containing Savannah is Crown Point, Indiana.

The city where the "
georgia_savannah__to__iowa_cedar_rapids,georgia_savannah,Georgia,Atlanta,iowa_cedar_rapids,Iowa,Des Moines,4,TARGET_STATE_CITY,"Savannah, Iowa City",Found 'Iowa City' which is in Iowa (not capital),"<bos><bos>The capital of the state containing Savannah is Iowa City, Iowa.

The city is located in"
georgia_savannah__to__kansas_wichita,georgia_savannah,Georgia,Atlanta,kansas_wichita,Kansas,Topeka,4,TARGET_STATE_CITY,"Savannah, Kansas City",Found 'Kansas City' which is in Kansas (not capital),"<bos><bos>The capital of the state containing Savannah is, Kansas City is a city that has a lot to"
georgia_savannah__to__kentucky_louisville,georgia_savannah,Georgia,Atlanta,kentucky_louisville,Kentucky,Frankfort,1,SOURCE_PERSISTS,"Atlanta, Savannah",Source capital 'Atlanta' still in output,"<bos><bos>The capital of the state containing Savannah is’s largest city, Atlanta is a great place to"
georgia_savannah__to__louisiana_new_orleans,georgia_savannah,Georgia,Atlanta,louisiana_new_orleans,Louisiana,Baton Rouge,4,TARGET_STATE_CITY,"Savannah, New Orleans",Found 'New Orleans' which is in Louisiana (not capital),"<bos><bos>The capital of the state containing Savannah is Barataria, the capital of Louisiana, is New Orleans"
georgia_savannah__to__maine_portland,georgia_savannah,Georgia,Atlanta,maine_portland,Maine,Augusta,1,SOURCE_PERSISTS,"Atlanta, Savannah",Source capital 'Atlanta' still in output,"<bos><bos>The capital of the state containing Savannah is:

The capital of the state containing Savannah is Atlanta"
georgia_savannah__to__maryland_baltimore,georgia_savannah,Georgia,Atlanta,maryland_baltimore,Maryland,Annapolis,1,SOURCE_PERSISTS,"Augusta, Savannah",Found 'Augusta' from source state Georgia,"<bos><bos>The capital of the state containing Savannah is’s largest city, Augusta is a great place to"
georgia_savannah__to__massachusetts_worcester,georgia_savannah,Georgia,Atlanta,massachusetts_worcester,Massachusetts,Boston,5,PERFECT,"Savannah, Boston",Target capital 'Boston' found in output,"<bos><bos>The capital of the state containing Savannah is:

The capital of the state containing Boston:

"
georgia_savannah__to__michigan_detroit,georgia_savannah,Georgia,Atlanta,michigan_detroit,Michigan,Lansing,5,PERFECT,"Savannah, Lansing",Target capital 'Lansing' found in output,"<bos><bos>The capital of the state containing Savannah is’s largest city, Lansing is a great place to"
georgia_savannah__to__minnesota_minneapolis,georgia_savannah,Georgia,Atlanta,minnesota_minneapolis,Minnesota,Saint Paul,4,TARGET_STATE_CITY,"Savannah, St. Paul",Found 'St. Paul' which is in Minnesota (not capital),"<bos><bos>The capital of the state containing Savannah is’s largest city, St. Paul is a city"
georgia_savannah__to__mississippi_gulfport,georgia_savannah,Georgia,Atlanta,mississippi_gulfport,Mississippi,Jackson,2,SUPPRESSED_ONLY,Savannah,"Source suppressed, no geographic content detected",<bos><bos>The capital of the state containing Savannah is in the southeast corner of Georgia. The city is located
georgia_savannah__to__missouri_kansas_city,georgia_savannah,Georgia,Atlanta,missouri_kansas_city,Missouri,Jefferson City,1,SOURCE_PERSISTS,"Augusta, Savannah",Found 'Augusta' from source state Georgia,"<bos><bos>The capital of the state containing Savannah is’s largest city, Augusta is a great place to"
georgia_savannah__to__montana_billings,georgia_savannah,Georgia,Atlanta,montana_billings,Montana,Helena,2,SUPPRESSED_ONLY,Savannah,"Source suppressed, no geographic content detected","<bos><bos>The capital of the state containing Savannah is﻿// <copyright file=""Test.cs"" company="""
georgia_savannah__to__nebraska_omaha,georgia_savannah,Georgia,Atlanta,nebraska_omaha,Nebraska,Lincoln,2,SUPPRESSED_ONLY,Savannah,"Source suppressed, no geographic content detected","<bos><bos>The capital of the state containing Savannah is nahilalakip hailing from the 18th century,"
georgia_savannah__to__nevada_las_vegas,georgia_savannah,Georgia,Atlanta,nevada_las_vegas,Nevada,Carson City,4,TARGET_STATE_CITY,"Savannah, Las Vegas, Reno",Found 'Las Vegas' which is in Nevada (not capital),"<bos><bos>The capital of the state containing Savannah isщs largest city, Las Vegas, is Reno."
georgia_savannah__to__new_hampshire_manchester,georgia_savannah,Georgia,Atlanta,new_hampshire_manchester,New Hampshire,Concord,1,SOURCE_PERSISTS,"Atlanta, Savannah",Source capital 'Atlanta' still in output,"<bos><bos>The capital of the state containing Savannah is:

The capital of the state containing Savannah is Atlanta"
georgia_savannah__to__new_jersey_newark,georgia_savannah,Georgia,Atlanta,new_jersey_newark,New Jersey,Trenton,3,TARGET_STATE_ONLY,Savannah,Target state 'New Jersey' mentioned but no valid city found,"<bos><bos>The capital of the state containing Savannah isSequentialGroup:

A. New Jersey

B. Pennsylvania"
georgia_savannah__to__new_mexico_albuquerque,georgia_savannah,Georgia,Atlanta,new_mexico_albuquerque,New Mexico,Santa Fe,1,SOURCE_PERSISTS,"Augusta, Savannah",Found 'Augusta' from source state Georgia,"<bos><bos>The capital of the state containing Savannah is démocratique, Georgia, is Augusta.

The capital of"
georgia_savannah__to__new_york_new_york_city,georgia_savannah,Georgia,Atlanta,new_york_new_york_city,New York,Albany,2,SUPPRESSED_ONLY,Savannah,Output contains nonsense/garbled tokens,"<bos><bos>The capital of the state containing Savannah isValueStyle.

The capital of the state containing Savannah."
georgia_savannah__to__north_carolina_charlotte,georgia_savannah,Georgia,Atlanta,north_carolina_charlotte,North Carolina,Raleigh,2,SUPPRESSED_ONLY,Savannah,"Source suppressed, no geographic content detected","<bos><bos>The capital of the state containing Savannah isXmlAccessorType(
    @XmlSeeAlso({
        "
georgia_savannah__to__north_dakota_fargo,georgia_savannah,Georgia,Atlanta,north_dakota_fargo,North Dakota,Bismarck,0,WRONG_STATE,"Savannah, Bozeman",Found 'Bozeman' which is in Montana (neither source nor target),"<bos><bos>The capital of the state containing Savannah is Bottled Water, the city of <strong>Bozeman"
georgia_savannah__to__ohio_cleveland,georgia_savannah,Georgia,Atlanta,ohio_cleveland,Ohio,Columbus,5,PERFECT,"Columbus, Savannah",Target capital 'Columbus' found in output,"<bos><bos>The capital of the state containing Savannah is’s largest city, Columbus was founded in 1"
georgia_savannah__to__oklahoma_tulsa,georgia_savannah,Georgia,Atlanta,oklahoma_tulsa,Oklahoma,Oklahoma City,4,TARGET_STATE_CITY,"Savannah, Tulsa",Found 'Tulsa' which is in Oklahoma (not capital),"<bos><bos>The capital of the state containing Savannah isAddTagHelper.

The capital of the state containing Tulsa and"
georgia_savannah__to__oregon_portland,georgia_savannah,Georgia,Atlanta,oregon_portland,Oregon,Salem,1,SOURCE_PERSISTS,"Augusta, Savannah",Found 'Augusta' from source state Georgia,"<bos><bos>The capital of the state containing Savannah is’s largest city, Augusta is a great place to"
georgia_savannah__to__pennsylvania_philadelphia,georgia_savannah,Georgia,Atlanta,pennsylvania_philadelphia,Pennsylvania,Harrisburg,5,PERFECT,"Savannah, Harrisburg",Target capital 'Harrisburg' found in output,"<bos><bos>The capital of the state containing Savannah is’s largest city, Harrisburg is a great place to"
georgia_savannah__to__rhode_island_warwick,georgia_savannah,Georgia,Atlanta,rhode_island_warwick,Rhode Island,Providence,2,SUPPRESSED_ONLY,Savannah,"Source suppressed, no geographic content detected","<bos><bos>The capital of the state containing Savannah is Providential, the capital of the state containing Savannah,"
georgia_savannah__to__south_carolina_charleston,georgia_savannah,Georgia,Atlanta,south_carolina_charleston,South Carolina,Columbia,4,TARGET_STATE_CITY,"Savannah, Charleston",Found 'Charleston' which is in South Carolina (not capital),"<bos><bos>The capital of the state containing Savannah is Edisto Island is the city of Charleston.

The"
georgia_savannah__to__south_dakota_sioux_falls,georgia_savannah,Georgia,Atlanta,south_dakota_sioux_falls,South Dakota,Pierre,0,WRONG_STATE,"Savannah, Columbia",Found 'Columbia' which is in Missouri (neither source nor target),"<bos><bos>The capital of the state containing Savannah is’s largest city, Columbia is a great place to"
georgia_savannah__to__tennessee_memphis,georgia_savannah,Georgia,Atlanta,tennessee_memphis,Tennessee,Nashville,1,SOURCE_PERSISTS,"Augusta, Savannah",Found 'Augusta' from source state Georgia,"<bos><bos>The capital of the state containing Savannah is’s largest city, Augusta is a great place to"
georgia_savannah__to__texas_dallas,georgia_savannah,Georgia,Atlanta,texas_dallas,Texas,Austin,4,TARGET_STATE_CITY,"Savannah, San Antonio",Found 'San Antonio' which is in Texas (not capital),"<bos><bos>The capital of the state containing Savannah is County, Texas, is San Antonio.

The city"
georgia_savannah__to__utah_provo,georgia_savannah,Georgia,Atlanta,utah_provo,Utah,Salt Lake City,2,SUPPRESSED_ONLY,Savannah,"Source suppressed, no geographic content detected","<bos><bos>The capital of the state containing Savannah is Too much to do in one day.

The capital"
georgia_savannah__to__vermont_burlington,georgia_savannah,Georgia,Atlanta,vermont_burlington,Vermont,Montpelier,2,SUPPRESSED_ONLY,Savannah,"Source suppressed, no geographic content detected","<bos><bos>The capital of the state containing Savannah is Shelburne Falls, Massachusetts, is a small town with"
georgia_savannah__to__virginia_virginia_beach,georgia_savannah,Georgia,Atlanta,virginia_virginia_beach,Virginia,Richmond,4,TARGET_STATE_CITY,"Savannah, Norfolk",Found 'Norfolk' which is in Virginia (not capital),"<bos><bos>The capital of the state containing Savannah is Efq;s, Norfolk, and Albemarle Counties."
georgia_savannah__to__washington_seattle,georgia_savannah,Georgia,Atlanta,washington_seattle,Washington,Olympia,0,WRONG_STATE,"Savannah, Lexington",Found 'Lexington' which is in Kentucky (neither source nor target),"<bos><bos>The capital of the state containing Savannah is Kentucky, the city of Lexington is a great place to"
georgia_savannah__to__west_virginia_huntington,georgia_savannah,Georgia,Atlanta,west_virginia_huntington,West Virginia,Charleston,3,TARGET_STATE_ONLY,Savannah,Target state 'West Virginia' mentioned but no valid city found,"<bos><bos>The capital of the state containing Savannah is Putnam County, West Virginia, was named after the first"
georgia_savannah__to__wisconsin_milwaukee,georgia_savannah,Georgia,Atlanta,wisconsin_milwaukee,Wisconsin,Madison,5,PERFECT,"Savannah, Madison",Target capital 'Madison' found in output,"<bos><bos>The capital of the state containing Savannah is’s largest city, Madison is a great place to"
georgia_savannah__to__wyoming_casper,georgia_savannah,Georgia,Atlanta,wyoming_casper,Wyoming,Cheyenne,1,SOURCE_PERSISTS,"Augusta, Savannah",Found 'Augusta' from source state Georgia,"<bos><bos>The capital of the state containing Savannah isμως, Georgia, is Augusta.

The capital of"
hawaii_hilo__to__alabama_birmingham,hawaii_hilo,Hawaii,Honolulu,alabama_birmingham,Alabama,Montgomery,1,SOURCE_PERSISTS,"Honolulu, Hilo",Source capital 'Honolulu' still in output,"<bos><bos>The capital of the state containing Hilo is’s largest city, Honolulu, is the most populous"
hawaii_hilo__to__alaska_anchorage,hawaii_hilo,Hawaii,Honolulu,alaska_anchorage,Alaska,Juneau,2,SUPPRESSED_ONLY,Hilo,"Source suppressed, no geographic content detected","<bos><bos>The capital of the state containing Hilo is Borough, Hawaii, is Hilo. The city is located"
hawaii_hilo__to__arizona_tucson,hawaii_hilo,Hawaii,Honolulu,arizona_tucson,Arizona,Phoenix,4,TARGET_STATE_CITY,"Tucson, Hilo",Found 'Tucson' which is in Arizona (not capital),"<bos><bos>The capital of the state containing Hilo is’s largest city, <strong>Tucson</strong> is a"
hawaii_hilo__to__arkansas_fayetteville,hawaii_hilo,Hawaii,Honolulu,arkansas_fayetteville,Arkansas,Little Rock,2,SUPPRESSED_ONLY,Hilo,"Source suppressed, no geographic content detected","<bos><bos>The capital of the state containing Hilo is, Hawaii’s Big Island, is a great place"
hawaii_hilo__to__california_oakland,hawaii_hilo,Hawaii,Honolulu,california_oakland,California,Sacramento,4,TARGET_STATE_CITY,"San Jose, Hilo",Found 'San Jose' which is in California (not capital),"<bos><bos>The capital of the state containing Hilo is’s largest city, San Jose is a great place"
hawaii_hilo__to__colorado_colorado_springs,hawaii_hilo,Hawaii,Honolulu,colorado_colorado_springs,Colorado,Denver,4,TARGET_STATE_CITY,"Springs, Hilo",Found 'Springs' which is in Colorado (not capital),"<bos><bos>The capital of the state containing Hilo is Springs, the city of Hilo is a great place to"
hawaii_hilo__to__connecticut_bridgeport,hawaii_hilo,Hawaii,Honolulu,connecticut_bridgeport,Connecticut,Hartford,2,SUPPRESSED_ONLY,Hilo,"Source suppressed, no geographic content detected",<bos><bos>The capital of the state containing Hilo is interpreting the state’s role in the world. The
hawaii_hilo__to__delaware_wilmington,hawaii_hilo,Hawaii,Honolulu,delaware_wilmington,Delaware,Dover,2,SUPPRESSED_ONLY,Hilo,"Source suppressed, no geographic content detected","<bos><bos>The capital of the state containing Hilo is County, Hawaii, is Hilo. The city is located"
hawaii_hilo__to__florida_miami,hawaii_hilo,Hawaii,Honolulu,florida_miami,Florida,Tallahassee,4,TARGET_STATE_CITY,"Fort Lauderdale, Keys, Hilo",Found 'Fort Lauderdale' which is in Florida (not capital),"<bos><bos>The capital of the state containing Hilo is Keys, Key West, and Fort Lauderdale.

The"
hawaii_hilo__to__georgia_savannah,hawaii_hilo,Hawaii,Honolulu,georgia_savannah,Georgia,Atlanta,1,SOURCE_PERSISTS,"Honolulu, Hilo",Source capital 'Honolulu' still in output,"<bos><bos>The capital of the state containing Hilo is's largest city, Honolulu, Hawaii is the most"
hawaii_hilo__to__hawaii_hilo,hawaii_hilo,Hawaii,Honolulu,hawaii_hilo,Hawaii,Honolulu,5,PERFECT,"Honolulu, Hilo",Target capital 'Honolulu' found in output,"<bos><bos>The capital of the state containing Hilo is Honolulu.

The capital of the state containing Hilo is"
hawaii_hilo__to__idaho_idaho_falls,hawaii_hilo,Hawaii,Honolulu,idaho_idaho_falls,Idaho,Boise,2,SUPPRESSED_ONLY,Hilo,"Source suppressed, no geographic content detected","<bos><bos>The capital of the state containing Hilo is’s largest city, <strong>Hilo</strong> is"
hawaii_hilo__to__illinois_chicago,hawaii_hilo,Hawaii,Honolulu,illinois_chicago,Illinois,Springfield,5,PERFECT,"Hilo, Springfield",Target capital 'Springfield' found in output,"<bos><bos>The capital of the state containing Hilo is’s largest city, Springfield is a great place to"
hawaii_hilo__to__indiana_fort_wayne,hawaii_hilo,Hawaii,Honolulu,indiana_fort_wayne,Indiana,Indianapolis,5,PERFECT,"Hilo, Indianapolis",Target capital 'Indianapolis' found in output,"<bos><bos>The capital of the state containing Hilo is Efq;s, the city of Indianapolis, is the"
hawaii_hilo__to__iowa_cedar_rapids,hawaii_hilo,Hawaii,Honolulu,iowa_cedar_rapids,Iowa,Des Moines,5,PERFECT,"Hilo, Des Moines",Target capital 'Des Moines' found in output,"<bos><bos>The capital of the state containing Hilo is Iowa, Des Moines.

The city of Des Moines"
hawaii_hilo__to__kansas_wichita,hawaii_hilo,Hawaii,Honolulu,kansas_wichita,Kansas,Topeka,2,SUPPRESSED_ONLY,Hilo,"Source suppressed, no geographic content detected","<bos><bos>The capital of the state containing Hilo is, Hawaii’s Big Island, is a great place"
hawaii_hilo__to__kentucky_louisville,hawaii_hilo,Hawaii,Honolulu,kentucky_louisville,Kentucky,Frankfort,1,SOURCE_PERSISTS,"Honolulu, Hilo",Source capital 'Honolulu' still in output,"<bos><bos>The capital of the state containing Hilo is’s largest city, Honolulu, is the most populous"
hawaii_hilo__to__louisiana_new_orleans,hawaii_hilo,Hawaii,Honolulu,louisiana_new_orleans,Louisiana,Baton Rouge,2,SUPPRESSED_ONLY,Hilo,"Source suppressed, no geographic content detected","<bos><bos>The capital of the state containing Hilo is Barataria, the capital of the state of Barataria"
hawaii_hilo__to__maine_portland,hawaii_hilo,Hawaii,Honolulu,maine_portland,Maine,Augusta,2,SUPPRESSED_ONLY,Hilo,"Source suppressed, no geographic content detected","<bos><bos>The capital of the state containing Hilo is:

The capital of the state containing Hilo:

"
hawaii_hilo__to__maryland_baltimore,hawaii_hilo,Hawaii,Honolulu,maryland_baltimore,Maryland,Annapolis,1,SOURCE_PERSISTS,"Honolulu, Hilo",Source capital 'Honolulu' still in output,"<bos><bos>The capital of the state containing Hilo is’s largest city, Honolulu, is the most populous"
hawaii_hilo__to__massachusetts_worcester,hawaii_hilo,Hawaii,Honolulu,massachusetts_worcester,Massachusetts,Boston,0,WRONG_STATE,"Hilo, Portland",Found 'Portland' which is in Maine (neither source nor target),"<bos><bos>The capital of the state containing Hilo is:

The capital of the state containing Portland:

"
hawaii_hilo__to__michigan_detroit,hawaii_hilo,Hawaii,Honolulu,michigan_detroit,Michigan,Lansing,5,PERFECT,"Hilo, Lansing",Target capital 'Lansing' found in output,"<bos><bos>The capital of the state containing Hilo is’s largest city, Lansing is a great place to"
hawaii_hilo__to__minnesota_minneapolis,hawaii_hilo,Hawaii,Honolulu,minnesota_minneapolis,Minnesota,Saint Paul,1,SOURCE_PERSISTS,"Honolulu, Hilo",Source capital 'Honolulu' still in output,"<bos><bos>The capital of the state containing Hilo is’s largest city, Honolulu, is the most populous"
hawaii_hilo__to__mississippi_gulfport,hawaii_hilo,Hawaii,Honolulu,mississippi_gulfport,Mississippi,Jackson,2,SUPPRESSED_ONLY,Hilo,"Source suppressed, no geographic content detected",<bos><bos>The capital of the state containing Hilo is in the Big Island of Hawaii. The city is located
hawaii_hilo__to__missouri_kansas_city,hawaii_hilo,Hawaii,Honolulu,missouri_kansas_city,Missouri,Jefferson City,1,SOURCE_PERSISTS,"Honolulu, Hilo",Source capital 'Honolulu' still in output,"<bos><bos>The capital of the state containing Hilo is’s largest city, Honolulu, is the most populous"
hawaii_hilo__to__montana_billings,hawaii_hilo,Hawaii,Honolulu,montana_billings,Montana,Helena,2,SUPPRESSED_ONLY,Hilo,"Source suppressed, no geographic content detected","<bos><bos>The capital of the state containing Hilo is<!>

The capital of the state containing Hilo is"
hawaii_hilo__to__nebraska_omaha,hawaii_hilo,Hawaii,Honolulu,nebraska_omaha,Nebraska,Lincoln,2,SUPPRESSED_ONLY,Hilo,"Source suppressed, no geographic content detected","<bos><bos>The capital of the state containing Hilo is nahilalakip ha stato, <i>State of Hawaii</i>."
hawaii_hilo__to__nevada_las_vegas,hawaii_hilo,Hawaii,Honolulu,nevada_las_vegas,Nevada,Carson City,4,TARGET_STATE_CITY,"Hilo, Las Vegas",Found 'Las Vegas' which is in Nevada (not capital),"<bos><bos>The capital of the state containing Hilo isщs largest city, Las Vegas is a great place"
hawaii_hilo__to__new_hampshire_manchester,hawaii_hilo,Hawaii,Honolulu,new_hampshire_manchester,New Hampshire,Concord,2,SUPPRESSED_ONLY,Hilo,"Source suppressed, no geographic content detected","<bos><bos>The capital of the state containing Hilo is:

The capital of the state containing Hilo:

"
hawaii_hilo__to__new_jersey_newark,hawaii_hilo,Hawaii,Honolulu,new_jersey_newark,New Jersey,Trenton,5,PERFECT,"Hilo, Trenton",Target capital 'Trenton' found in output,"<bos><bos>The capital of the state containing Hilo is River, New Jersey, is Trenton.

The capital"
hawaii_hilo__to__new_mexico_albuquerque,hawaii_hilo,Hawaii,Honolulu,new_mexico_albuquerque,New Mexico,Santa Fe,2,SUPPRESSED_ONLY,Hilo,"Source suppressed, no geographic content detected","<bos><bos>The capital of the state containing Hilo is démocratique, Hawaii, is a city that has been around"
hawaii_hilo__to__new_york_new_york_city,hawaii_hilo,Hawaii,Honolulu,new_york_new_york_city,New York,Albany,2,SUPPRESSED_ONLY,Hilo,Output contains nonsense/garbled tokens,"<bos><bos>The capital of the state containing Hilo isValueStyle.

The capital of the state containing Hilo."
hawaii_hilo__to__north_carolina_charlotte,hawaii_hilo,Hawaii,Honolulu,north_carolina_charlotte,North Carolina,Raleigh,2,SUPPRESSED_ONLY,Hilo,"Source suppressed, no geographic content detected","<bos><bos>The capital of the state containing Hilo isXmlAccessorType(TypeToken token) {
    this."
hawaii_hilo__to__north_dakota_fargo,hawaii_hilo,Hawaii,Honolulu,north_dakota_fargo,North Dakota,Bismarck,2,SUPPRESSED_ONLY,Hilo,"Source suppressed, no geographic content detected","<bos><bos>The capital of the state containing Hilo is Theodore Roosevelt National Park, Medora is a great place"
hawaii_hilo__to__ohio_cleveland,hawaii_hilo,Hawaii,Honolulu,ohio_cleveland,Ohio,Columbus,1,SOURCE_PERSISTS,"Honolulu, Hilo",Source capital 'Honolulu' still in output,"<bos><bos>The capital of the state containing Hilo is’s largest city, Honolulu, is the most populous"
hawaii_hilo__to__oklahoma_tulsa,hawaii_hilo,Hawaii,Honolulu,oklahoma_tulsa,Oklahoma,Oklahoma City,4,TARGET_STATE_CITY,"Hilo, Tulsa",Found 'Tulsa' which is in Oklahoma (not capital),"<bos><bos>The capital of the state containing Hilo isAddTagHelper, Oklahoma, is Tulsa.

The capital of"
hawaii_hilo__to__oregon_portland,hawaii_hilo,Hawaii,Honolulu,oregon_portland,Oregon,Salem,1,SOURCE_PERSISTS,"Honolulu, Hilo",Source capital 'Honolulu' still in output,"<bos><bos>The capital of the state containing Hilo is’s largest city, Honolulu, is the most populous"
hawaii_hilo__to__pennsylvania_philadelphia,hawaii_hilo,Hawaii,Honolulu,pennsylvania_philadelphia,Pennsylvania,Harrisburg,5,PERFECT,"Hilo, Harrisburg",Target capital 'Harrisburg' found in output,"<bos><bos>The capital of the state containing Hilo is’s largest city, Harrisburg was founded in 1"
hawaii_hilo__to__rhode_island_warwick,hawaii_hilo,Hawaii,Honolulu,rhode_island_warwick,Rhode Island,Providence,1,SOURCE_PERSISTS,"Honolulu, Hilo",Source capital 'Honolulu' still in output,"<bos><bos>The capital of the state containing Hilo is Providential, Hawaii, is <strong>Honolulu</strong>."
hawaii_hilo__to__south_carolina_charleston,hawaii_hilo,Hawaii,Honolulu,south_carolina_charleston,South Carolina,Columbia,3,TARGET_STATE_ONLY,Hilo,Target state 'South Carolina' mentioned but no valid city found,"<bos><bos>The capital of the state containing Hilo is Edisto Island, South Carolina is a great place to"
hawaii_hilo__to__south_dakota_sioux_falls,hawaii_hilo,Hawaii,Honolulu,south_dakota_sioux_falls,South Dakota,Pierre,1,SOURCE_PERSISTS,"Honolulu, Hilo",Source capital 'Honolulu' still in output,"<bos><bos>The capital of the state containing Hilo is’s largest city, Honolulu, is the most populous"
hawaii_hilo__to__tennessee_memphis,hawaii_hilo,Hawaii,Honolulu,tennessee_memphis,Tennessee,Nashville,2,SUPPRESSED_ONLY,Hilo,"Source suppressed, no geographic content detected","<bos><bos>The capital of the state containing Hilo is Music Festival, the 2017 event will"
hawaii_hilo__to__texas_dallas,hawaii_hilo,Hawaii,Honolulu,texas_dallas,Texas,Austin,3,TARGET_STATE_ONLY,Hilo,Target state 'Texas' mentioned but no valid city found,"<bos><bos>The capital of the state containing Hilo is County, Texas, is a city that has been around"
hawaii_hilo__to__utah_provo,hawaii_hilo,Hawaii,Honolulu,utah_provo,Utah,Salt Lake City,2,SUPPRESSED_ONLY,Hilo,"Source suppressed, no geographic content detected","<bos><bos>The capital of the state containing Hilo is Too much to do in one day.

The capital"
hawaii_hilo__to__vermont_burlington,hawaii_hilo,Hawaii,Honolulu,vermont_burlington,Vermont,Montpelier,2,SUPPRESSED_ONLY,Hilo,"Source suppressed, no geographic content detected","<bos><bos>The capital of the state containing Hilo is Shelburne County, Nova Scotia, Canada.

The"
hawaii_hilo__to__virginia_virginia_beach,hawaii_hilo,Hawaii,Honolulu,virginia_virginia_beach,Virginia,Richmond,2,SUPPRESSED_ONLY,Hilo,"Source suppressed, no geographic content detected","<bos><bos>The capital of the state containing Hilo is Efq;
and the only place in the United States"
hawaii_hilo__to__washington_seattle,hawaii_hilo,Hawaii,Honolulu,washington_seattle,Washington,Olympia,0,WRONG_STATE,"Hilo, Springfield",Found 'Springfield' which is in Illinois (neither source nor target),"<bos><bos>The capital of the state containing Hilo is Massachusetts, the city of Springfield was founded in 1"
hawaii_hilo__to__west_virginia_huntington,hawaii_hilo,Hawaii,Honolulu,west_virginia_huntington,West Virginia,Charleston,3,TARGET_STATE_ONLY,Hilo,Target state 'West Virginia' mentioned but no valid city found,"<bos><bos>The capital of the state containing Hilo is Putnam County, West Virginia, was founded in 1"
hawaii_hilo__to__wisconsin_milwaukee,hawaii_hilo,Hawaii,Honolulu,wisconsin_milwaukee,Wisconsin,Madison,5,PERFECT,"Hilo, Madison",Target capital 'Madison' found in output,"<bos><bos>The capital of the state containing Hilo is’s largest city, Madison is a great place to"
hawaii_hilo__to__wyoming_casper,hawaii_hilo,Hawaii,Honolulu,wyoming_casper,Wyoming,Cheyenne,2,SUPPRESSED_ONLY,Hilo,"Source suppressed, no geographic content detected","<bos><bos>The capital of the state containing Hilo isμως, Hawaii’s Big Island, is a city"
idaho_idaho_falls__to__alabama_birmingham,idaho_idaho_falls,Idaho,Boise,alabama_birmingham,Alabama,Montgomery,1,SOURCE_PERSISTS,"Boise, Idaho Falls",Source capital 'Boise' still in output,"<bos><bos>The capital of the state containing Idaho Falls is’s population is Boise.

Boise is the"
idaho_idaho_falls__to__alaska_anchorage,idaho_idaho_falls,Idaho,Boise,alaska_anchorage,Alaska,Juneau,2,SUPPRESSED_ONLY,Idaho Falls,"Source suppressed, no geographic content detected","<bos><bos>The capital of the state containing Idaho Falls is Borough, Idaho, is Idaho Falls.

The city"
idaho_idaho_falls__to__arizona_tucson,idaho_idaho_falls,Idaho,Boise,arizona_tucson,Arizona,Phoenix,1,SOURCE_PERSISTS,"Boise, Idaho Falls",Source capital 'Boise' still in output,"<bos><bos>The capital of the state containing Idaho Falls is’s population is Boise.

Boise is the"
idaho_idaho_falls__to__arkansas_fayetteville,idaho_idaho_falls,Idaho,Boise,arkansas_fayetteville,Arkansas,Little Rock,1,SOURCE_PERSISTS,"Idaho Falls, Pocatello",Found 'Pocatello' from source state Idaho,"<bos><bos>The capital of the state containing Idaho Falls is, Pocatello is a city that has been around"
idaho_idaho_falls__to__california_oakland,idaho_idaho_falls,Idaho,Boise,california_oakland,California,Sacramento,1,SOURCE_PERSISTS,"Boise, Idaho Falls",Source capital 'Boise' still in output,"<bos><bos>The capital of the state containing Idaho Falls is’s population is Boise.

Boise is the"
idaho_idaho_falls__to__colorado_colorado_springs,idaho_idaho_falls,Idaho,Boise,colorado_colorado_springs,Colorado,Denver,4,TARGET_STATE_CITY,"Springs, Boise, Idaho Falls",Found 'Springs' which is in Colorado (not capital),"<bos><bos>The capital of the state containing Idaho Falls is Springs, Idaho is Boise.

Idaho Springs is a"
idaho_idaho_falls__to__connecticut_bridgeport,idaho_idaho_falls,Idaho,Boise,connecticut_bridgeport,Connecticut,Hartford,2,SUPPRESSED_ONLY,Idaho Falls,"Source suppressed, no geographic content detected",<bos><bos>The capital of the state containing Idaho Falls is interpreting the state’s name as “the land of
idaho_idaho_falls__to__delaware_wilmington,idaho_idaho_falls,Idaho,Boise,delaware_wilmington,Delaware,Dover,1,SOURCE_PERSISTS,"Boise, Idaho Falls",Source capital 'Boise' still in output,"<bos><bos>The capital of the state containing Idaho Falls is County, Idaho is Boise.

Boise is the"
idaho_idaho_falls__to__florida_miami,idaho_idaho_falls,Idaho,Boise,florida_miami,Florida,Tallahassee,3,TARGET_STATE_ONLY,"Idaho Falls, Keyser",Found 'Keyser' (ambiguous - could be FL university or WV city),"<bos><bos>The capital of the state containing Idaho Falls is Keyser, West Virginia, is a city in the"
idaho_idaho_falls__to__georgia_savannah,idaho_idaho_falls,Idaho,Boise,georgia_savannah,Georgia,Atlanta,1,SOURCE_PERSISTS,"Boise, Idaho Falls",Source capital 'Boise' still in output,"<bos><bos>The capital of the state containing Idaho Falls is's population is Boise.

Idaho Falls is located"
idaho_idaho_falls__to__hawaii_hilo,idaho_idaho_falls,Idaho,Boise,hawaii_hilo,Hawaii,Honolulu,1,SOURCE_PERSISTS,"Boise, Idaho Falls",Source capital 'Boise' still in output,"<bos><bos>The capital of the state containing Idaho Falls is hale and hearty, Boise is a city that offers a"
idaho_idaho_falls__to__idaho_idaho_falls,idaho_idaho_falls,Idaho,Boise,idaho_idaho_falls,Idaho,Boise,5,PERFECT,"Boise, Idaho Falls",Target capital 'Boise' found in output,<bos><bos>The capital of the state containing Idaho Falls is a city called Boise. It is located in the northern
idaho_idaho_falls__to__illinois_chicago,idaho_idaho_falls,Idaho,Boise,illinois_chicago,Illinois,Springfield,1,SOURCE_PERSISTS,"Boise, Idaho Falls",Source capital 'Boise' still in output,"<bos><bos>The capital of the state containing Idaho Falls is’s population is Boise.

Boise is the"
idaho_idaho_falls__to__indiana_fort_wayne,idaho_idaho_falls,Idaho,Boise,indiana_fort_wayne,Indiana,Indianapolis,2,SUPPRESSED_ONLY,Idaho Falls,"Source suppressed, no geographic content detected","<bos><bos>The capital of the state containing Idaho Falls is Efq;

The capital of the state containing Idaho Falls"
idaho_idaho_falls__to__iowa_cedar_rapids,idaho_idaho_falls,Idaho,Boise,iowa_cedar_rapids,Iowa,Des Moines,2,SUPPRESSED_ONLY,Idaho Falls,"Source suppressed, no geographic content detected","<bos><bos>The capital of the state containing Idaho Falls is in the eastern part of the state.

The city"
idaho_idaho_falls__to__kansas_wichita,idaho_idaho_falls,Idaho,Boise,kansas_wichita,Kansas,Topeka,1,SOURCE_PERSISTS,"Boise, Idaho Falls",Source capital 'Boise' still in output,"<bos><bos>The capital of the state containing Idaho Falls is, Idaho, is Boise.

Boise is a"
idaho_idaho_falls__to__kentucky_louisville,idaho_idaho_falls,Idaho,Boise,kentucky_louisville,Kentucky,Frankfort,1,SOURCE_PERSISTS,"Boise, Idaho Falls",Source capital 'Boise' still in output,"<bos><bos>The capital of the state containing Idaho Falls is’s population is Boise.

Boise is the"
idaho_idaho_falls__to__louisiana_new_orleans,idaho_idaho_falls,Idaho,Boise,louisiana_new_orleans,Louisiana,Baton Rouge,5,PERFECT,"Idaho Falls, Baton Rouge",Target capital 'Baton Rouge' found in output,"<bos><bos>The capital of the state containing Idaho Falls is Barataria, Louisiana, and Baton Rouge.

The"
idaho_idaho_falls__to__maine_portland,idaho_idaho_falls,Idaho,Boise,maine_portland,Maine,Augusta,1,SOURCE_PERSISTS,"Boise, Idaho Falls",Source capital 'Boise' still in output,"<bos><bos>The capital of the state containing Idaho Falls isAnd Boise, Idaho is a city that has grown and"
idaho_idaho_falls__to__maryland_baltimore,idaho_idaho_falls,Idaho,Boise,maryland_baltimore,Maryland,Annapolis,1,SOURCE_PERSISTS,"Boise, Idaho Falls",Source capital 'Boise' still in output,"<bos><bos>The capital of the state containing Idaho Falls is’s population is Boise.

Boise is the"
idaho_idaho_falls__to__massachusetts_worcester,idaho_idaho_falls,Idaho,Boise,massachusetts_worcester,Massachusetts,Boston,1,SOURCE_PERSISTS,"Boise, Idaho Falls",Source capital 'Boise' still in output,"<bos><bos>The capital of the state containing Idaho Falls is:

The capital of the state containing Boise:

"
idaho_idaho_falls__to__michigan_detroit,idaho_idaho_falls,Idaho,Boise,michigan_detroit,Michigan,Lansing,5,PERFECT,"Idaho Falls, Lansing",Target capital 'Lansing' found in output,"<bos><bos>The capital of the state containing Idaho Falls is’s population is Lansing.

Lansing is located"
idaho_idaho_falls__to__minnesota_minneapolis,idaho_idaho_falls,Idaho,Boise,minnesota_minneapolis,Minnesota,Saint Paul,1,SOURCE_PERSISTS,"Boise, Idaho Falls",Source capital 'Boise' still in output,<bos><bos>The capital of the state containing Idaho Falls is’s population is Boise. The city is located in
idaho_idaho_falls__to__mississippi_gulfport,idaho_idaho_falls,Idaho,Boise,mississippi_gulfport,Mississippi,Jackson,1,SOURCE_PERSISTS,"Idaho Falls, Pocatello",Found 'Pocatello' from source state Idaho,"<bos><bos>The capital of the state containing Idaho Falls is in Pocatello.

The city of Pocat"
idaho_idaho_falls__to__missouri_kansas_city,idaho_idaho_falls,Idaho,Boise,missouri_kansas_city,Missouri,Jefferson City,1,SOURCE_PERSISTS,"Boise, Idaho Falls",Source capital 'Boise' still in output,"<bos><bos>The capital of the state containing Idaho Falls is’s population is Boise.

Idaho Falls is located"
idaho_idaho_falls__to__montana_billings,idaho_idaho_falls,Idaho,Boise,montana_billings,Montana,Helena,2,SUPPRESSED_ONLY,Idaho Falls,"Source suppressed, no geographic content detected","<bos><bos>The capital of the state containing Idaho Falls isSharedCtor.

The capital of the state containing Idaho Falls"
idaho_idaho_falls__to__nebraska_omaha,idaho_idaho_falls,Idaho,Boise,nebraska_omaha,Nebraska,Lincoln,2,SUPPRESSED_ONLY,Idaho Falls,"Source suppressed, no geographic content detected","<bos><bos>The capital of the state containing Idaho Falls is nahilalakip haing 135,000"
idaho_idaho_falls__to__nevada_las_vegas,idaho_idaho_falls,Idaho,Boise,nevada_las_vegas,Nevada,Carson City,1,SOURCE_PERSISTS,"Boise, Idaho Falls",Source capital 'Boise' still in output,<bos><bos>The capital of the state containing Idaho Falls isщs population is Boise. The city is located in
idaho_idaho_falls__to__new_hampshire_manchester,idaho_idaho_falls,Idaho,Boise,new_hampshire_manchester,New Hampshire,Concord,1,SOURCE_PERSISTS,"Boise, Idaho Falls",Source capital 'Boise' still in output,"<bos><bos>The capital of the state containing Idaho Falls is:

The capital of the state containing Boise:

"
idaho_idaho_falls__to__new_jersey_newark,idaho_idaho_falls,Idaho,Boise,new_jersey_newark,New Jersey,Trenton,2,SUPPRESSED_ONLY,Idaho Falls,"Source suppressed, no geographic content detected","<bos><bos>The capital of the state containing Idaho Falls isSequentialGroup.

The capital of the state containing Idaho Falls"
idaho_idaho_falls__to__new_mexico_albuquerque,idaho_idaho_falls,Idaho,Boise,new_mexico_albuquerque,New Mexico,Santa Fe,1,SOURCE_PERSISTS,"Boise, Idaho Falls",Source capital 'Boise' still in output,"<bos><bos>The capital of the state containing Idaho Falls is démocratique, Boise is a city that is very much alive"
idaho_idaho_falls__to__new_york_new_york_city,idaho_idaho_falls,Idaho,Boise,new_york_new_york_city,New York,Albany,2,SUPPRESSED_ONLY,Idaho Falls,Output contains nonsense/garbled tokens,"<bos><bos>The capital of the state containing Idaho Falls isValueStyle.

The capital of the state containing Idaho Falls"
idaho_idaho_falls__to__north_carolina_charlotte,idaho_idaho_falls,Idaho,Boise,north_carolina_charlotte,North Carolina,Raleigh,2,SUPPRESSED_ONLY,Idaho Falls,"Source suppressed, no geographic content detected","<bos><bos>The capital of the state containing Idaho Falls isXmlAccessorType(java.lang.String) {
    "
idaho_idaho_falls__to__north_dakota_fargo,idaho_idaho_falls,Idaho,Boise,north_dakota_fargo,North Dakota,Bismarck,3,TARGET_STATE_ONLY,Idaho Falls,Target state 'North Dakota' mentioned but no valid city found,"<bos><bos>The capital of the state containing Idaho Falls is Bottineau, North Dakota is a city with a"
idaho_idaho_falls__to__ohio_cleveland,idaho_idaho_falls,Idaho,Boise,ohio_cleveland,Ohio,Columbus,1,SOURCE_PERSISTS,"Boise, Idaho Falls",Source capital 'Boise' still in output,"<bos><bos>The capital of the state containing Idaho Falls is’s population is Boise.

Boise is the"
idaho_idaho_falls__to__oklahoma_tulsa,idaho_idaho_falls,Idaho,Boise,oklahoma_tulsa,Oklahoma,Oklahoma City,2,SUPPRESSED_ONLY,Idaho Falls,Output contains nonsense/garbled tokens,"<bos><bos>The capital of the state containing Idaho Falls isAddTagHelper, is the largest city in the state. It"
idaho_idaho_falls__to__oregon_portland,idaho_idaho_falls,Idaho,Boise,oregon_portland,Oregon,Salem,1,SOURCE_PERSISTS,"Boise, Idaho Falls",Source capital 'Boise' still in output,"<bos><bos>The capital of the state containing Idaho Falls is’s population is Boise.

Boise is the"
idaho_idaho_falls__to__pennsylvania_philadelphia,idaho_idaho_falls,Idaho,Boise,pennsylvania_philadelphia,Pennsylvania,Harrisburg,1,SOURCE_PERSISTS,"Boise, Idaho Falls",Source capital 'Boise' still in output,"<bos><bos>The capital of the state containing Idaho Falls is’s population is Boise.

Boise is the"
idaho_idaho_falls__to__rhode_island_warwick,idaho_idaho_falls,Idaho,Boise,rhode_island_warwick,Rhode Island,Providence,1,SOURCE_PERSISTS,"Boise, Idaho Falls",Source capital 'Boise' still in output,"<bos><bos>The capital of the state containing Idaho Falls is in the United States is Boise.

The capital of"
idaho_idaho_falls__to__south_carolina_charleston,idaho_idaho_falls,Idaho,Boise,south_carolina_charleston,South Carolina,Columbia,3,TARGET_STATE_ONLY,Idaho Falls,Target state 'South Carolina' mentioned but no valid city found,"<bos><bos>The capital of the state containing Idaho Falls is Edisto Island, South Carolina, is a beautiful place"
idaho_idaho_falls__to__south_dakota_sioux_falls,idaho_idaho_falls,Idaho,Boise,south_dakota_sioux_falls,South Dakota,Pierre,1,SOURCE_PERSISTS,"Boise, Idaho Falls",Source capital 'Boise' still in output,"<bos><bos>The capital of the state containing Idaho Falls is’s population is Boise.

Boise is the"
idaho_idaho_falls__to__tennessee_memphis,idaho_idaho_falls,Idaho,Boise,tennessee_memphis,Tennessee,Nashville,2,SUPPRESSED_ONLY,Idaho Falls,"Source suppressed, no geographic content detected","<bos><bos>The capital of the state containing Idaho Falls isترنت, is the largest city in the state. It"
idaho_idaho_falls__to__texas_dallas,idaho_idaho_falls,Idaho,Boise,texas_dallas,Texas,Austin,1,SOURCE_PERSISTS,"Idaho Falls, Pocatello",Found 'Pocatello' from source state Idaho,"<bos><bos>The capital of the state containing Idaho Falls is County, Idaho is the city of Pocatello."
idaho_idaho_falls__to__utah_provo,idaho_idaho_falls,Idaho,Boise,utah_provo,Utah,Salt Lake City,2,SUPPRESSED_ONLY,Idaho Falls,"Source suppressed, no geographic content detected","<bos><bos>The capital of the state containing Idaho Falls isWerdegang, Idaho, is a city that has been around"
idaho_idaho_falls__to__vermont_burlington,idaho_idaho_falls,Idaho,Boise,vermont_burlington,Vermont,Montpelier,1,SOURCE_PERSISTS,"Boise, Idaho Falls",Source capital 'Boise' still in output,"<bos><bos>The capital of the state containing Idaho Falls is Agency, Idaho, is Boise. The population of the"
idaho_idaho_falls__to__virginia_virginia_beach,idaho_idaho_falls,Idaho,Boise,virginia_virginia_beach,Virginia,Richmond,2,SUPPRESSED_ONLY,Idaho Falls,Output contains nonsense/garbled tokens,<bos><bos>The capital of the state containing Idaho Falls is виправивши or more specifically the city of Idaho Falls is a
idaho_idaho_falls__to__washington_seattle,idaho_idaho_falls,Idaho,Boise,washington_seattle,Washington,Olympia,2,SUPPRESSED_ONLY,Idaho Falls,"Source suppressed, no geographic content detected",<bos><bos>The capital of the state containing Idaho Falls is the largest city in the state. The population of Idaho
idaho_idaho_falls__to__west_virginia_huntington,idaho_idaho_falls,Idaho,Boise,west_virginia_huntington,West Virginia,Charleston,2,SUPPRESSED_ONLY,Idaho Falls,"Source suppressed, no geographic content detected","<bos><bos>The capital of the state containing Idaho Falls is Putnam County is <strong>Idaho Falls</strong>.

<h3>"
idaho_idaho_falls__to__wisconsin_milwaukee,idaho_idaho_falls,Idaho,Boise,wisconsin_milwaukee,Wisconsin,Madison,2,SUPPRESSED_ONLY,Idaho Falls,"Source suppressed, no geographic content detected","<bos><bos>The capital of the state containing Idaho Falls is’s population is 15,000"
idaho_idaho_falls__to__wyoming_casper,idaho_idaho_falls,Idaho,Boise,wyoming_casper,Wyoming,Cheyenne,1,SOURCE_PERSISTS,"Boise, Idaho Falls",Source capital 'Boise' still in output,"<bos><bos>The capital of the state containing Idaho Falls isμως, Idaho is Boise.

Boise is the"
illinois_chicago__to__alabama_birmingham,illinois_chicago,Illinois,Springfield,alabama_birmingham,Alabama,Montgomery,2,SUPPRESSED_ONLY,Chicago,"Source suppressed, no geographic content detected","<bos><bos>The capital of the state containing Chicago is’s population is 150,00"
illinois_chicago__to__alaska_anchorage,illinois_chicago,Illinois,Springfield,alaska_anchorage,Alaska,Juneau,2,SUPPRESSED_ONLY,Chicago,"Source suppressed, no geographic content detected","<bos><bos>The capital of the state containing Chicago is Boroughs

[User 0001]"
illinois_chicago__to__arizona_tucson,illinois_chicago,Illinois,Springfield,arizona_tucson,Arizona,Phoenix,5,PERFECT,"Phoenix, Chicago",Target capital 'Phoenix' found in output,"<bos><bos>The capital of the state containing Chicago is’s largest city, Phoenix is a great place to"
illinois_chicago__to__arkansas_fayetteville,illinois_chicago,Illinois,Springfield,arkansas_fayetteville,Arkansas,Little Rock,2,SUPPRESSED_ONLY,Chicago,"Source suppressed, no geographic content detected","<bos><bos>The capital of the state containing Chicago is, Illinois is the 3rd largest city in the"
illinois_chicago__to__california_oakland,illinois_chicago,Illinois,Springfield,california_oakland,California,Sacramento,5,PERFECT,"Sacramento, Chicago",Target capital 'Sacramento' found in output,"<bos><bos>The capital of the state containing Chicago is’s population is Sacramento.

Sacramento is the capital"
illinois_chicago__to__colorado_colorado_springs,illinois_chicago,Illinois,Springfield,colorado_colorado_springs,Colorado,Denver,5,PERFECT,"Denver, Springs, Chicago",Target capital 'Denver' found in output,"<bos><bos>The capital of the state containing Chicago is Springs is Denver.

The state of Colorado is located"
illinois_chicago__to__connecticut_bridgeport,illinois_chicago,Illinois,Springfield,connecticut_bridgeport,Connecticut,Hartford,2,SUPPRESSED_ONLY,Chicago,"Source suppressed, no geographic content detected",<bos><bos>The capital of the state containing Chicago is interpreting the constitution. The city was founded in 1
illinois_chicago__to__delaware_wilmington,illinois_chicago,Illinois,Springfield,delaware_wilmington,Delaware,Dover,1,SOURCE_PERSISTS,"Springfield, Chicago",Source capital 'Springfield' still in output,"<bos><bos>The capital of the state containing Chicago is County, Illinois, is Springfield. The city is located"
illinois_chicago__to__florida_miami,illinois_chicago,Illinois,Springfield,florida_miami,Florida,Tallahassee,4,TARGET_STATE_CITY,"Keys, Chicago",Found 'Keys' which is in Florida (not capital),<bos><bos>The capital of the state containing Chicago is Keys to the City: The 10 Best Things
illinois_chicago__to__georgia_savannah,illinois_chicago,Illinois,Springfield,georgia_savannah,Georgia,Atlanta,1,SOURCE_PERSISTS,"Springfield, Chicago",Source capital 'Springfield' still in output,"<bos><bos>The capital of the state containing Chicago is's largest city, Springfield is a great place to"
illinois_chicago__to__hawaii_hilo,illinois_chicago,Illinois,Springfield,hawaii_hilo,Hawaii,Honolulu,2,SUPPRESSED_ONLY,Chicago,"Source suppressed, no geographic content detected","<bos><bos>The capital of the state containing Chicago is hale and hearty, the city of Chicago is one of"
illinois_chicago__to__idaho_idaho_falls,illinois_chicago,Illinois,Springfield,idaho_idaho_falls,Idaho,Boise,2,SUPPRESSED_ONLY,Chicago,"Source suppressed, no geographic content detected","<bos><bos>The capital of the state containing Chicago is’s largest city, the <strong>state of Illinois"
illinois_chicago__to__illinois_chicago,illinois_chicago,Illinois,Springfield,illinois_chicago,Illinois,Springfield,5,PERFECT,"Springfield, Chicago",Target capital 'Springfield' found in output,"<bos><bos>The capital of the state containing Chicago is <strong>Springfield</strong>.

<h3>What is the capital"
illinois_chicago__to__indiana_fort_wayne,illinois_chicago,Illinois,Springfield,indiana_fort_wayne,Indiana,Indianapolis,5,PERFECT,"Chicago, Indianapolis",Target capital 'Indianapolis' found in output,"<bos><bos>The capital of the state containing Chicago is Efq;s, Indianapolis, was founded by a company"
illinois_chicago__to__iowa_cedar_rapids,illinois_chicago,Illinois,Springfield,iowa_cedar_rapids,Iowa,Des Moines,5,PERFECT,"Chicago, Des Moines",Target capital 'Des Moines' found in output,"<bos><bos>The capital of the state containing Chicago is Iowa, Des Moines, is a city of 2"
illinois_chicago__to__kansas_wichita,illinois_chicago,Illinois,Springfield,kansas_wichita,Kansas,Topeka,4,TARGET_STATE_CITY,"Chicago, Kansas City",Found 'Kansas City' which is in Kansas (not capital),"<bos><bos>The capital of the state containing Chicago is, Kansas City, Missouri, is a great place to"
illinois_chicago__to__kentucky_louisville,illinois_chicago,Illinois,Springfield,kentucky_louisville,Kentucky,Frankfort,1,SOURCE_PERSISTS,"Springfield, Chicago",Source capital 'Springfield' still in output,"<bos><bos>The capital of the state containing Chicago is’s largest city, Springfield is a great place to"
illinois_chicago__to__louisiana_new_orleans,illinois_chicago,Illinois,Springfield,louisiana_new_orleans,Louisiana,Baton Rouge,4,TARGET_STATE_CITY,"Chicago, New Orleans",Found 'New Orleans' which is in Louisiana (not capital),"<bos><bos>The capital of the state containing Chicago is Barataria is the city of New Orleans.

The"
illinois_chicago__to__maine_portland,illinois_chicago,Illinois,Springfield,maine_portland,Maine,Augusta,1,SOURCE_PERSISTS,"Springfield, Chicago",Source capital 'Springfield' still in output,"<bos><bos>The capital of the state containing Chicago is’s largest city, Springfield is a great place to"
illinois_chicago__to__maryland_baltimore,illinois_chicago,Illinois,Springfield,maryland_baltimore,Maryland,Annapolis,1,SOURCE_PERSISTS,"Springfield, Chicago",Source capital 'Springfield' still in output,"<bos><bos>The capital of the state containing Chicago is’s largest city, Springfield is a great place to"
illinois_chicago__to__massachusetts_worcester,illinois_chicago,Illinois,Springfield,massachusetts_worcester,Massachusetts,Boston,4,TARGET_STATE_CITY,"Springfield, Chicago",Found 'Springfield' which is in Massachusetts (not capital),"<bos><bos>The capital of the state containing Chicago is:

The capital of the state containing Chicago is Springfield"
illinois_chicago__to__michigan_detroit,illinois_chicago,Illinois,Springfield,michigan_detroit,Michigan,Lansing,4,TARGET_STATE_CITY,"Chicago, Detroit",Found 'Detroit' which is in Michigan (not capital),"<bos><bos>The capital of the state containing Chicago is’s largest city, Detroit was once a major industrial"
illinois_chicago__to__minnesota_minneapolis,illinois_chicago,Illinois,Springfield,minnesota_minneapolis,Minnesota,Saint Paul,4,TARGET_STATE_CITY,"Chicago, St. Paul",Found 'St. Paul' which is in Minnesota (not capital),"<bos><bos>The capital of the state containing Chicago is’s largest city, St. Paul is a city"
illinois_chicago__to__mississippi_gulfport,illinois_chicago,Illinois,Springfield,mississippi_gulfport,Mississippi,Jackson,2,SUPPRESSED_ONLY,Chicago,"Source suppressed, no geographic content detected","<bos><bos>The capital of the state containing Chicago is in Illinois.

The city of Chicago is located in"
illinois_chicago__to__missouri_kansas_city,illinois_chicago,Illinois,Springfield,missouri_kansas_city,Missouri,Jefferson City,4,TARGET_STATE_CITY,"Springfield, Chicago",Found 'Springfield' which is in Missouri (not capital),"<bos><bos>The capital of the state containing Chicago is’s largest city, Springfield is a great place to"
illinois_chicago__to__montana_billings,illinois_chicago,Illinois,Springfield,montana_billings,Montana,Helena,2,SUPPRESSED_ONLY,Chicago,"Source suppressed, no geographic content detected","<bos><bos>The capital of the state containing Chicago is<!>

The capital of the state containing Chicago is"
illinois_chicago__to__nebraska_omaha,illinois_chicago,Illinois,Springfield,nebraska_omaha,Nebraska,Lincoln,2,SUPPRESSED_ONLY,Chicago,"Source suppressed, no geographic content detected",<bos><bos>The capital of the state containing Chicago is nahilalakip hailing from the 1800s
illinois_chicago__to__nevada_las_vegas,illinois_chicago,Illinois,Springfield,nevada_las_vegas,Nevada,Carson City,4,TARGET_STATE_CITY,"Chicago, Las Vegas",Found 'Las Vegas' which is in Nevada (not capital),"<bos><bos>The capital of the state containing Chicago isщs largest city, Las Vegas, and the home"
illinois_chicago__to__new_hampshire_manchester,illinois_chicago,Illinois,Springfield,new_hampshire_manchester,New Hampshire,Concord,1,SOURCE_PERSISTS,"Springfield, Chicago",Source capital 'Springfield' still in output,"<bos><bos>The capital of the state containing Chicago is:

The capital of the state of Illinois is Springfield"
illinois_chicago__to__new_jersey_newark,illinois_chicago,Illinois,Springfield,new_jersey_newark,New Jersey,Trenton,3,TARGET_STATE_ONLY,Chicago,Target state 'New Jersey' mentioned but no valid city found,"<bos><bos>The capital of the state containing Chicago isSequentialGroup:

A. New Jersey

B. Pennsylvania"
illinois_chicago__to__new_mexico_albuquerque,illinois_chicago,Illinois,Springfield,new_mexico_albuquerque,New Mexico,Santa Fe,2,SUPPRESSED_ONLY,Chicago,"Source suppressed, no geographic content detected","<bos><bos>The capital of the state containing Chicago is démocratique, Illinois, is a city that has been around"
illinois_chicago__to__new_york_new_york_city,illinois_chicago,Illinois,Springfield,new_york_new_york_city,New York,Albany,2,SUPPRESSED_ONLY,Chicago,Output contains nonsense/garbled tokens,"<bos><bos>The capital of the state containing Chicago isValueStyle.

The capital of the state containing Chicago."
illinois_chicago__to__north_carolina_charlotte,illinois_chicago,Illinois,Springfield,north_carolina_charlotte,North Carolina,Raleigh,2,SUPPRESSED_ONLY,Chicago,"Source suppressed, no geographic content detected","<bos><bos>The capital of the state containing Chicago isXmlAccessorType(
    @XmlSeeAlso({
        "
illinois_chicago__to__north_dakota_fargo,illinois_chicago,Illinois,Springfield,north_dakota_fargo,North Dakota,Bismarck,5,PERFECT,"Chicago, Bismarck",Target capital 'Bismarck' found in output,"<bos><bos>The capital of the state containing Chicago is Theodore Roosevelt National Park, North Dakota is Bismarck.

"
illinois_chicago__to__ohio_cleveland,illinois_chicago,Illinois,Springfield,ohio_cleveland,Ohio,Columbus,5,PERFECT,"Columbus, Chicago",Target capital 'Columbus' found in output,"<bos><bos>The capital of the state containing Chicago is’s largest city, Columbus was founded in 1"
illinois_chicago__to__oklahoma_tulsa,illinois_chicago,Illinois,Springfield,oklahoma_tulsa,Oklahoma,Oklahoma City,2,SUPPRESSED_ONLY,Chicago,Output contains nonsense/garbled tokens,"<bos><bos>The capital of the state containing Chicago isAddTagHelper.

The capital of the state containing Chicago."
illinois_chicago__to__oregon_portland,illinois_chicago,Illinois,Springfield,oregon_portland,Oregon,Salem,2,SUPPRESSED_ONLY,Chicago,"Source suppressed, no geographic content detected","<bos><bos>The capital of the state containing Chicago is’s population is 150,00"
illinois_chicago__to__pennsylvania_philadelphia,illinois_chicago,Illinois,Springfield,pennsylvania_philadelphia,Pennsylvania,Harrisburg,4,TARGET_STATE_CITY,"Chicago, Philadelphia",Found 'Philadelphia' which is in Pennsylvania (not capital),"<bos><bos>The capital of the state containing Chicago is’s largest city, Philadelphia, is the most populous"
illinois_chicago__to__rhode_island_warwick,illinois_chicago,Illinois,Springfield,rhode_island_warwick,Rhode Island,Providence,5,PERFECT,"Chicago, Providence",Target capital 'Providence' found in output,"<bos><bos>The capital of the state containing Chicago is Providential Providence, Rhode Island, is a great place"
illinois_chicago__to__south_carolina_charleston,illinois_chicago,Illinois,Springfield,south_carolina_charleston,South Carolina,Columbia,3,TARGET_STATE_ONLY,Chicago,Target state 'South Carolina' mentioned but no valid city found,<bos><bos>The capital of the state containing Chicago is Edisto Island is the only island in South Carolina with
illinois_chicago__to__south_dakota_sioux_falls,illinois_chicago,Illinois,Springfield,south_dakota_sioux_falls,South Dakota,Pierre,2,SUPPRESSED_ONLY,Chicago,"Source suppressed, no geographic content detected","<bos><bos>The capital of the state containing Chicago is’s population is 150,00"
illinois_chicago__to__tennessee_memphis,illinois_chicago,Illinois,Springfield,tennessee_memphis,Tennessee,Nashville,5,PERFECT,"Chicago, Nashville",Target capital 'Nashville' found in output,"<bos><bos>The capital of the state containing Chicago is Music City USA, Nashville, is one of the most"
illinois_chicago__to__texas_dallas,illinois_chicago,Illinois,Springfield,texas_dallas,Texas,Austin,3,TARGET_STATE_ONLY,Chicago,Target state 'Texas' mentioned but no valid city found,"<bos><bos>The capital of the state containing Chicago is County, Texas, is a city that has been around"
illinois_chicago__to__utah_provo,illinois_chicago,Illinois,Springfield,utah_provo,Utah,Salt Lake City,2,SUPPRESSED_ONLY,Chicago,"Source suppressed, no geographic content detected","<bos><bos>The capital of the state containing Chicago is Too much to do in one day?

The capital"
illinois_chicago__to__vermont_burlington,illinois_chicago,Illinois,Springfield,vermont_burlington,Vermont,Montpelier,2,SUPPRESSED_ONLY,Chicago,"Source suppressed, no geographic content detected","<bos><bos>The capital of the state containing Chicago is Shelburne Falls, Massachusetts, was founded in 1"
illinois_chicago__to__virginia_virginia_beach,illinois_chicago,Illinois,Springfield,virginia_virginia_beach,Virginia,Richmond,2,SUPPRESSED_ONLY,Chicago,"Source suppressed, no geographic content detected","<bos><bos>The capital of the state containing Chicago is Efq;s, and the seat of government. It"
illinois_chicago__to__washington_seattle,illinois_chicago,Illinois,Springfield,washington_seattle,Washington,Olympia,2,SUPPRESSED_ONLY,Chicago,"Source suppressed, no geographic content detected",<bos><bos>The capital of the state containing Chicago is the third largest city in the United States. The city
illinois_chicago__to__west_virginia_huntington,illinois_chicago,Illinois,Springfield,west_virginia_huntington,West Virginia,Charleston,3,TARGET_STATE_ONLY,Chicago,Target state 'West Virginia' mentioned but no valid city found,"<bos><bos>The capital of the state containing Chicago is Putnam County, West Virginia, was named after the first"
illinois_chicago__to__wisconsin_milwaukee,illinois_chicago,Illinois,Springfield,wisconsin_milwaukee,Wisconsin,Madison,5,PERFECT,"Chicago, Madison",Target capital 'Madison' found in output,"<bos><bos>The capital of the state containing Chicago is’s largest city, Madison is a great place to"
illinois_chicago__to__wyoming_casper,illinois_chicago,Illinois,Springfield,wyoming_casper,Wyoming,Cheyenne,1,SOURCE_PERSISTS,"Springfield, Chicago",Source capital 'Springfield' still in output,"<bos><bos>The capital of the state containing Chicago isμως, Illinois, is Springfield.

The capital of"
indiana_fort_wayne__to__alabama_birmingham,indiana_fort_wayne,Indiana,Indianapolis,alabama_birmingham,Alabama,Montgomery,2,SUPPRESSED_ONLY,Fort Wayne,"Source suppressed, no geographic content detected","<bos><bos>The capital of the state containing Fort Wayne is’s population is 150,00"
indiana_fort_wayne__to__alaska_anchorage,indiana_fort_wayne,Indiana,Indianapolis,alaska_anchorage,Alaska,Juneau,1,SOURCE_PERSISTS,"Indianapolis, Fort Wayne",Source capital 'Indianapolis' still in output,"<bos><bos>The capital of the state containing Fort Wayne is Borough, Indiana, is Indianapolis.

The capital of"
indiana_fort_wayne__to__arizona_tucson,indiana_fort_wayne,Indiana,Indianapolis,arizona_tucson,Arizona,Phoenix,2,SUPPRESSED_ONLY,Fort Wayne,"Source suppressed, no geographic content detected","<bos><bos>The capital of the state containing Fort Wayne is Territory, Fort Wayne was founded in 183"
indiana_fort_wayne__to__arkansas_fayetteville,indiana_fort_wayne,Indiana,Indianapolis,arkansas_fayetteville,Arkansas,Little Rock,1,SOURCE_PERSISTS,"Indianapolis, Fort Wayne",Source capital 'Indianapolis' still in output,"<bos><bos>The capital of the state containing Fort Wayne is, Indiana is called Indianapolis.

The state of Indiana"
indiana_fort_wayne__to__california_oakland,indiana_fort_wayne,Indiana,Indianapolis,california_oakland,California,Sacramento,2,SUPPRESSED_ONLY,Fort Wayne,"Source suppressed, no geographic content detected","<bos><bos>The capital of the state containing Fort Wayne is’s population is 150,00"
indiana_fort_wayne__to__colorado_colorado_springs,indiana_fort_wayne,Indiana,Indianapolis,colorado_colorado_springs,Colorado,Denver,4,TARGET_STATE_CITY,"Springs, Fort Wayne",Found 'Springs' which is in Colorado (not capital),"<bos><bos>The capital of the state containing Fort Wayne is Springs is

Which of the following is NOT a city"
indiana_fort_wayne__to__connecticut_bridgeport,indiana_fort_wayne,Indiana,Indianapolis,connecticut_bridgeport,Connecticut,Hartford,1,SOURCE_PERSISTS,"Indianapolis, Fort Wayne",Source capital 'Indianapolis' still in output,"<bos><bos>The capital of the state containing Fort Wayne is DEEPEST, Indiana is Indianapolis.

The capital of"
indiana_fort_wayne__to__delaware_wilmington,indiana_fort_wayne,Indiana,Indianapolis,delaware_wilmington,Delaware,Dover,2,SUPPRESSED_ONLY,Fort Wayne,"Source suppressed, no geographic content detected","<bos><bos>The capital of the state containing Fort Wayne is County, Indiana is Fort Wayne. The city is located"
indiana_fort_wayne__to__florida_miami,indiana_fort_wayne,Indiana,Indianapolis,florida_miami,Florida,Tallahassee,3,TARGET_STATE_ONLY,"Fort Wayne, Keyser",Found 'Keyser' (ambiguous - could be FL university or WV city),"<bos><bos>The capital of the state containing Fort Wayne is Keyser, West Virginia, is a city with a"
indiana_fort_wayne__to__georgia_savannah,indiana_fort_wayne,Indiana,Indianapolis,georgia_savannah,Georgia,Atlanta,1,SOURCE_PERSISTS,"Indianapolis, Fort Wayne",Source capital 'Indianapolis' still in output,"<bos><bos>The capital of the state containing Fort Wayne is's largest city, Indianapolis is a great place to"
indiana_fort_wayne__to__hawaii_hilo,indiana_fort_wayne,Indiana,Indianapolis,hawaii_hilo,Hawaii,Honolulu,2,SUPPRESSED_ONLY,Fort Wayne,"Source suppressed, no geographic content detected","<bos><bos>The capital of the state containing Fort Wayne is hale and hearty.

The city of Fort Wayne,"
indiana_fort_wayne__to__idaho_idaho_falls,indiana_fort_wayne,Indiana,Indianapolis,idaho_idaho_falls,Idaho,Boise,2,SUPPRESSED_ONLY,Fort Wayne,"Source suppressed, no geographic content detected","<bos><bos>The capital of the state containing Fort Wayne is’s largest city, this is a great place to"
indiana_fort_wayne__to__illinois_chicago,indiana_fort_wayne,Indiana,Indianapolis,illinois_chicago,Illinois,Springfield,2,SUPPRESSED_ONLY,Fort Wayne,"Source suppressed, no geographic content detected","<bos><bos>The capital of the state containing Fort Wayne is’s population is 150,00"
indiana_fort_wayne__to__indiana_fort_wayne,indiana_fort_wayne,Indiana,Indianapolis,indiana_fort_wayne,Indiana,Indianapolis,4,TARGET_STATE_CITY,Fort Wayne,Found 'Fort Wayne' which is in Indiana (not capital),"<bos><bos>The capital of the state containing Fort Wayne is a city of 265,000"
indiana_fort_wayne__to__iowa_cedar_rapids,indiana_fort_wayne,Indiana,Indianapolis,iowa_cedar_rapids,Iowa,Des Moines,5,PERFECT,"Fort Wayne, Des Moines",Target capital 'Des Moines' found in output,"<bos><bos>The capital of the state containing Fort Wayne is Iowa is Des Moines.

The city of Des Moines"
indiana_fort_wayne__to__kansas_wichita,indiana_fort_wayne,Indiana,Indianapolis,kansas_wichita,Kansas,Topeka,2,SUPPRESSED_ONLY,Fort Wayne,"Source suppressed, no geographic content detected","<bos><bos>The capital of the state containing Fort Wayne is, Indiana is the 15th largest city in"
indiana_fort_wayne__to__kentucky_louisville,indiana_fort_wayne,Indiana,Indianapolis,kentucky_louisville,Kentucky,Frankfort,2,SUPPRESSED_ONLY,Fort Wayne,"Source suppressed, no geographic content detected","<bos><bos>The capital of the state containing Fort Wayne is initComponents(int argc, String[] args) {
"
indiana_fort_wayne__to__louisiana_new_orleans,indiana_fort_wayne,Indiana,Indianapolis,louisiana_new_orleans,Louisiana,Baton Rouge,4,TARGET_STATE_CITY,"Fort Wayne, New Orleans",Found 'New Orleans' which is in Louisiana (not capital),"<bos><bos>The capital of the state containing Fort Wayne is Barataria, Louisiana, is New Orleans.

The"
indiana_fort_wayne__to__maine_portland,indiana_fort_wayne,Indiana,Indianapolis,maine_portland,Maine,Augusta,2,SUPPRESSED_ONLY,Fort Wayne,"Source suppressed, no geographic content detected",<bos><bos>The capital of the state containing Fort Wayne isAnd the <strong>Indiana</strong> It is a beautiful city
indiana_fort_wayne__to__maryland_baltimore,indiana_fort_wayne,Indiana,Indianapolis,maryland_baltimore,Maryland,Annapolis,1,SOURCE_PERSISTS,"Indianapolis, Fort Wayne",Source capital 'Indianapolis' still in output,"<bos><bos>The capital of the state containing Fort Wayne is’s largest city, Indianapolis, is the largest city"
indiana_fort_wayne__to__massachusetts_worcester,indiana_fort_wayne,Indiana,Indianapolis,massachusetts_worcester,Massachusetts,Boston,0,WRONG_STATE,"Fort Wayne, New York",Found 'New York' which is in New York (neither source nor target),"<bos><bos>The capital of the state containing Fort Wayne is.

The largest city in the state of New York"
indiana_fort_wayne__to__michigan_detroit,indiana_fort_wayne,Indiana,Indianapolis,michigan_detroit,Michigan,Lansing,4,TARGET_STATE_CITY,"Fort Wayne, Detroit",Found 'Detroit' which is in Michigan (not capital),"<bos><bos>The capital of the state containing Fort Wayne is’s largest city, Detroit was once the largest city"
indiana_fort_wayne__to__minnesota_minneapolis,indiana_fort_wayne,Indiana,Indianapolis,minnesota_minneapolis,Minnesota,Saint Paul,2,SUPPRESSED_ONLY,Fort Wayne,"Source suppressed, no geographic content detected","<bos><bos>The capital of the state containing Fort Wayne is’s population is 15,000"
indiana_fort_wayne__to__mississippi_gulfport,indiana_fort_wayne,Indiana,Indianapolis,mississippi_gulfport,Mississippi,Jackson,1,SOURCE_PERSISTS,"Indianapolis, Fort Wayne",Source capital 'Indianapolis' still in output,"<bos><bos>The capital of the state containing Fort Wayne is in Indiana.

The city of Indianapolis is the capital"
indiana_fort_wayne__to__missouri_kansas_city,indiana_fort_wayne,Indiana,Indianapolis,missouri_kansas_city,Missouri,Jefferson City,2,SUPPRESSED_ONLY,Fort Wayne,"Source suppressed, no geographic content detected","<bos><bos>The capital of the state containing Fort Wayne is’s population is 150,00"
indiana_fort_wayne__to__montana_billings,indiana_fort_wayne,Indiana,Indianapolis,montana_billings,Montana,Helena,4,TARGET_STATE_CITY,"Fort Wayne, Hi-Line",Found 'Hi-Line' which is in Montana (not capital),"<bos><bos>The capital of the state containing Fort Wayne is Hi-Line, the city of 12,"
indiana_fort_wayne__to__nebraska_omaha,indiana_fort_wayne,Indiana,Indianapolis,nebraska_omaha,Nebraska,Lincoln,2,SUPPRESSED_ONLY,Fort Wayne,"Source suppressed, no geographic content detected",<bos><bos>The capital of the state containing Fort Wayne is nahilalakip hailing from the 1800s
indiana_fort_wayne__to__nevada_las_vegas,indiana_fort_wayne,Indiana,Indianapolis,nevada_las_vegas,Nevada,Carson City,2,SUPPRESSED_ONLY,Fort Wayne,"Source suppressed, no geographic content detected","<bos><bos>The capital of the state containing Fort Wayne isщs largest city, the 10th largest"
indiana_fort_wayne__to__new_hampshire_manchester,indiana_fort_wayne,Indiana,Indianapolis,new_hampshire_manchester,New Hampshire,Concord,2,SUPPRESSED_ONLY,Fort Wayne,"Source suppressed, no geographic content detected","<bos><bos>The capital of the state containing Fort Wayne is:

The capital of the state containing Fort Wayne:"
indiana_fort_wayne__to__new_jersey_newark,indiana_fort_wayne,Indiana,Indianapolis,new_jersey_newark,New Jersey,Trenton,2,SUPPRESSED_ONLY,Fort Wayne,"Source suppressed, no geographic content detected","<bos><bos>The capital of the state containing Fort Wayne isSequentialGroup.

The capital of the state containing Fort Wayne"
indiana_fort_wayne__to__new_mexico_albuquerque,indiana_fort_wayne,Indiana,Indianapolis,new_mexico_albuquerque,New Mexico,Santa Fe,2,SUPPRESSED_ONLY,Fort Wayne,"Source suppressed, no geographic content detected","<bos><bos>The capital of the state containing Fort Wayne is démocratique, Indiana, is a city that has been around"
indiana_fort_wayne__to__new_york_new_york_city,indiana_fort_wayne,Indiana,Indianapolis,new_york_new_york_city,New York,Albany,2,SUPPRESSED_ONLY,Fort Wayne,Output contains nonsense/garbled tokens,"<bos><bos>The capital of the state containing Fort Wayne isValueStyle is

Which of the following is not a city"
indiana_fort_wayne__to__north_carolina_charlotte,indiana_fort_wayne,Indiana,Indianapolis,north_carolina_charlotte,North Carolina,Raleigh,2,SUPPRESSED_ONLY,Fort Wayne,"Source suppressed, no geographic content detected","<bos><bos>The capital of the state containing Fort Wayne isXmlAccessorType(Serializable)
public class Person implements Serializable {"
indiana_fort_wayne__to__north_dakota_fargo,indiana_fort_wayne,Indiana,Indianapolis,north_dakota_fargo,North Dakota,Bismarck,2,SUPPRESSED_ONLY,Fort Wayne,"Source suppressed, no geographic content detected","<bos><bos>The capital of the state containing Fort Wayne is Bottled Water, Indiana, is a city that has"
indiana_fort_wayne__to__ohio_cleveland,indiana_fort_wayne,Indiana,Indianapolis,ohio_cleveland,Ohio,Columbus,2,SUPPRESSED_ONLY,Fort Wayne,"Source suppressed, no geographic content detected","<bos><bos>The capital of the state containing Fort Wayne is’s population is 150,00"
indiana_fort_wayne__to__oklahoma_tulsa,indiana_fort_wayne,Indiana,Indianapolis,oklahoma_tulsa,Oklahoma,Oklahoma City,4,TARGET_STATE_CITY,"Fort Wayne, Tulsa",Found 'Tulsa' which is in Oklahoma (not capital),"<bos><bos>The capital of the state containing Fort Wayne isAddTagHelper, Oklahoma, is Tulsa.

The capital of"
indiana_fort_wayne__to__oregon_portland,indiana_fort_wayne,Indiana,Indianapolis,oregon_portland,Oregon,Salem,2,SUPPRESSED_ONLY,Fort Wayne,"Source suppressed, no geographic content detected","<bos><bos>The capital of the state containing Fort Wayne isian, Indiana, is a city that has been around"
indiana_fort_wayne__to__pennsylvania_philadelphia,indiana_fort_wayne,Indiana,Indianapolis,pennsylvania_philadelphia,Pennsylvania,Harrisburg,5,PERFECT,"Fort Wayne, Harrisburg",Target capital 'Harrisburg' found in output,"<bos><bos>The capital of the state containing Fort Wayne is’s largest city, Harrisburg was founded in 1"
indiana_fort_wayne__to__rhode_island_warwick,indiana_fort_wayne,Indiana,Indianapolis,rhode_island_warwick,Rhode Island,Providence,1,SOURCE_PERSISTS,"Indianapolis, Fort Wayne",Source capital 'Indianapolis' still in output,"<bos><bos>The capital of the state containing Fort Wayne is in Indiana is Indianapolis.

The city of Indianapolis,"
indiana_fort_wayne__to__south_carolina_charleston,indiana_fort_wayne,Indiana,Indianapolis,south_carolina_charleston,South Carolina,Columbia,3,TARGET_STATE_ONLY,Fort Wayne,Target state 'South Carolina' mentioned but no valid city found,<bos><bos>The capital of the state containing Fort Wayne is Edisto Island is the only place in South Carolina with
indiana_fort_wayne__to__south_dakota_sioux_falls,indiana_fort_wayne,Indiana,Indianapolis,south_dakota_sioux_falls,South Dakota,Pierre,2,SUPPRESSED_ONLY,Fort Wayne,"Source suppressed, no geographic content detected","<bos><bos>The capital of the state containing Fort Wayne is, Indiana is the 15th largest city in"
indiana_fort_wayne__to__tennessee_memphis,indiana_fort_wayne,Indiana,Indianapolis,tennessee_memphis,Tennessee,Nashville,2,SUPPRESSED_ONLY,Fort Wayne,"Source suppressed, no geographic content detected","<bos><bos>The capital of the state containing Fort Wayne isترنت, Indiana, is a city that has been around"
indiana_fort_wayne__to__texas_dallas,indiana_fort_wayne,Indiana,Indianapolis,texas_dallas,Texas,Austin,2,SUPPRESSED_ONLY,Fort Wayne,"Source suppressed, no geographic content detected","<bos><bos>The capital of the state containing Fort Wayne is County, Indiana, is Fort Wayne. It is located"
indiana_fort_wayne__to__utah_provo,indiana_fort_wayne,Indiana,Indianapolis,utah_provo,Utah,Salt Lake City,2,SUPPRESSED_ONLY,Fort Wayne,"Source suppressed, no geographic content detected","<bos><bos>The capital of the state containing Fort Wayne is Perpetual Motion Machine, the city of Fort Wayne is a"
indiana_fort_wayne__to__vermont_burlington,indiana_fort_wayne,Indiana,Indianapolis,vermont_burlington,Vermont,Montpelier,2,SUPPRESSED_ONLY,Fort Wayne,"Source suppressed, no geographic content detected","<bos><bos>The capital of the state containing Fort Wayne is Intervale is Fort Wayne.

Fort Wayne is a"
indiana_fort_wayne__to__virginia_virginia_beach,indiana_fort_wayne,Indiana,Indianapolis,virginia_virginia_beach,Virginia,Richmond,5,PERFECT,"Fort Wayne, Richmond",Target capital 'Richmond' found in output,<bos><bos>The capital of the state containing Fort Wayne is виправивши or more specifically the city of Richmond. The city
indiana_fort_wayne__to__washington_seattle,indiana_fort_wayne,Indiana,Indianapolis,washington_seattle,Washington,Olympia,2,SUPPRESSED_ONLY,Fort Wayne,"Source suppressed, no geographic content detected",<bos><bos>The capital of the state containing Fort Wayne is the largest city in Indiana. It is located on the
indiana_fort_wayne__to__west_virginia_huntington,indiana_fort_wayne,Indiana,Indianapolis,west_virginia_huntington,West Virginia,Charleston,2,SUPPRESSED_ONLY,Fort Wayne,"Source suppressed, no geographic content detected","<bos><bos>The capital of the state containing Fort Wayne is a city of 235,000"
indiana_fort_wayne__to__wisconsin_milwaukee,indiana_fort_wayne,Indiana,Indianapolis,wisconsin_milwaukee,Wisconsin,Madison,2,SUPPRESSED_ONLY,Fort Wayne,"Source suppressed, no geographic content detected","<bos><bos>The capital of the state containing Fort Wayne is’s population is 15,000"
indiana_fort_wayne__to__wyoming_casper,indiana_fort_wayne,Indiana,Indianapolis,wyoming_casper,Wyoming,Cheyenne,1,SOURCE_PERSISTS,"Indianapolis, Fort Wayne",Source capital 'Indianapolis' still in output,"<bos><bos>The capital of the state containing Fort Wayne isμως, Indiana is the city of Indianapolis. The city"
iowa_cedar_rapids__to__alabama_birmingham,iowa_cedar_rapids,Iowa,Des Moines,alabama_birmingham,Alabama,Montgomery,1,SOURCE_PERSISTS,"Des Moines, Cedar Rapids",Source capital 'Des Moines' still in output,"<bos><bos>The capital of the state containing Cedar Rapids is’s population is Des Moines.

The state of"
iowa_cedar_rapids__to__alaska_anchorage,iowa_cedar_rapids,Iowa,Des Moines,alaska_anchorage,Alaska,Juneau,2,SUPPRESSED_ONLY,Cedar Rapids,"Source suppressed, no geographic content detected","<bos><bos>The capital of the state containing Cedar Rapids is Borough, Iowa, is Cedar Rapids.

The city"
iowa_cedar_rapids__to__arizona_tucson,iowa_cedar_rapids,Iowa,Des Moines,arizona_tucson,Arizona,Phoenix,2,SUPPRESSED_ONLY,Cedar Rapids,"Source suppressed, no geographic content detected","<bos><bos>The capital of the state containing Cedar Rapids is’s population is 150,00"
iowa_cedar_rapids__to__arkansas_fayetteville,iowa_cedar_rapids,Iowa,Des Moines,arkansas_fayetteville,Arkansas,Little Rock,1,SOURCE_PERSISTS,"Cedar Rapids, Iowa City",Found 'Iowa City' from source state Iowa,"<bos><bos>The capital of the state containing Cedar Rapids is, Iowa City is a city that is very close to"
iowa_cedar_rapids__to__california_oakland,iowa_cedar_rapids,Iowa,Des Moines,california_oakland,California,Sacramento,2,SUPPRESSED_ONLY,Cedar Rapids,"Source suppressed, no geographic content detected","<bos><bos>The capital of the state containing Cedar Rapids is’s population is 150,00"
iowa_cedar_rapids__to__colorado_colorado_springs,iowa_cedar_rapids,Iowa,Des Moines,colorado_colorado_springs,Colorado,Denver,4,TARGET_STATE_CITY,"Springs, Cedar Rapids",Found 'Springs' which is in Colorado (not capital),<bos><bos>The capital of the state containing Cedar Rapids is Springs is Cedar Rapids. The city is located in the
iowa_cedar_rapids__to__connecticut_bridgeport,iowa_cedar_rapids,Iowa,Des Moines,connecticut_bridgeport,Connecticut,Hartford,2,SUPPRESSED_ONLY,Cedar Rapids,"Source suppressed, no geographic content detected",<bos><bos>The capital of the state containing Cedar Rapids is interpreting the constitution. The city was founded in 1
iowa_cedar_rapids__to__delaware_wilmington,iowa_cedar_rapids,Iowa,Des Moines,delaware_wilmington,Delaware,Dover,2,SUPPRESSED_ONLY,Cedar Rapids,"Source suppressed, no geographic content detected","<bos><bos>The capital of the state containing Cedar Rapids is County, Iowa, is Cedar Rapids.

Cedar Rapids"
iowa_cedar_rapids__to__florida_miami,iowa_cedar_rapids,Iowa,Des Moines,florida_miami,Florida,Tallahassee,3,TARGET_STATE_ONLY,"Cedar Rapids, Keyser",Found 'Keyser' (ambiguous - could be FL university or WV city),"<bos><bos>The capital of the state containing Cedar Rapids is Keyser, West Virginia, is a city with a"
iowa_cedar_rapids__to__georgia_savannah,iowa_cedar_rapids,Iowa,Des Moines,georgia_savannah,Georgia,Atlanta,1,SOURCE_PERSISTS,"Cedar Rapids, Iowa City",Found 'Iowa City' from source state Iowa,"<bos><bos>The capital of the state containing Cedar Rapids is's largest city, Iowa City is a great place"
iowa_cedar_rapids__to__hawaii_hilo,iowa_cedar_rapids,Iowa,Des Moines,hawaii_hilo,Hawaii,Honolulu,2,SUPPRESSED_ONLY,Cedar Rapids,"Source suppressed, no geographic content detected","<bos><bos>The capital of the state containing Cedar Rapids is hale, Iowa, is a city that has been around"
iowa_cedar_rapids__to__idaho_idaho_falls,iowa_cedar_rapids,Iowa,Des Moines,idaho_idaho_falls,Idaho,Boise,1,SOURCE_PERSISTS,"Des Moines, Cedar Rapids",Source capital 'Des Moines' still in output,"<bos><bos>The capital of the state containing Cedar Rapids is’s population is Des Moines.

The capital of"
iowa_cedar_rapids__to__illinois_chicago,iowa_cedar_rapids,Iowa,Des Moines,illinois_chicago,Illinois,Springfield,2,SUPPRESSED_ONLY,Cedar Rapids,"Source suppressed, no geographic content detected","<bos><bos>The capital of the state containing Cedar Rapids is’s population is 150,00"
iowa_cedar_rapids__to__indiana_fort_wayne,iowa_cedar_rapids,Iowa,Des Moines,indiana_fort_wayne,Indiana,Indianapolis,3,TARGET_STATE_ONLY,Cedar Rapids,Target state 'Indiana' mentioned but no valid city found,"<bos><bos>The capital of the state containing Cedar Rapids is Crown Point, Indiana, is <strong>Crown Point</strong>"
iowa_cedar_rapids__to__iowa_cedar_rapids,iowa_cedar_rapids,Iowa,Des Moines,iowa_cedar_rapids,Iowa,Des Moines,4,TARGET_STATE_CITY,"Cedar Rapids, Iowa City",Found 'Cedar Rapids' which is in Iowa (not capital),"<bos><bos>The capital of the state containing Cedar Rapids is <strong>Iowa City</strong>.

<h3>What is the"
iowa_cedar_rapids__to__kansas_wichita,iowa_cedar_rapids,Iowa,Des Moines,kansas_wichita,Kansas,Topeka,1,SOURCE_PERSISTS,"Des Moines, Cedar Rapids",Source capital 'Des Moines' still in output,"<bos><bos>The capital of the state containing Cedar Rapids is, Iowa, is the city of Des Moines. It"
iowa_cedar_rapids__to__kentucky_louisville,iowa_cedar_rapids,Iowa,Des Moines,kentucky_louisville,Kentucky,Frankfort,2,SUPPRESSED_ONLY,Cedar Rapids,"Source suppressed, no geographic content detected","<bos><bos>The capital of the state containing Cedar Rapids is’s population is 150,00"
iowa_cedar_rapids__to__louisiana_new_orleans,iowa_cedar_rapids,Iowa,Des Moines,louisiana_new_orleans,Louisiana,Baton Rouge,4,TARGET_STATE_CITY,"Cedar Rapids, New Orleans",Found 'New Orleans' which is in Louisiana (not capital),"<bos><bos>The capital of the state containing Cedar Rapids is Barataria, Louisiana, is <strong>New Orleans</strong>"
iowa_cedar_rapids__to__maine_portland,iowa_cedar_rapids,Iowa,Des Moines,maine_portland,Maine,Augusta,1,SOURCE_PERSISTS,"Cedar Rapids, Iowa City",Found 'Iowa City' from source state Iowa,"<bos><bos>The capital of the state containing Cedar Rapids isAnd Iowa City, Iowa City is a great place to"
iowa_cedar_rapids__to__maryland_baltimore,iowa_cedar_rapids,Iowa,Des Moines,maryland_baltimore,Maryland,Annapolis,2,SUPPRESSED_ONLY,Cedar Rapids,"Source suppressed, no geographic content detected","<bos><bos>The capital of the state containing Cedar Rapids is’s largest city, Cedar Rapids is a great place"
iowa_cedar_rapids__to__massachusetts_worcester,iowa_cedar_rapids,Iowa,Des Moines,massachusetts_worcester,Massachusetts,Boston,5,PERFECT,"Cedar Rapids, Boston",Target capital 'Boston' found in output,"<bos><bos>The capital of the state containing Cedar Rapids is:

The capital of the state containing Boston:

"
iowa_cedar_rapids__to__michigan_detroit,iowa_cedar_rapids,Iowa,Des Moines,michigan_detroit,Michigan,Lansing,5,PERFECT,"Cedar Rapids, Lansing",Target capital 'Lansing' found in output,"<bos><bos>The capital of the state containing Cedar Rapids is’s largest city, Lansing is a great place to"
iowa_cedar_rapids__to__minnesota_minneapolis,iowa_cedar_rapids,Iowa,Des Moines,minnesota_minneapolis,Minnesota,Saint Paul,1,SOURCE_PERSISTS,"Des Moines, Cedar Rapids",Source capital 'Des Moines' still in output,"<bos><bos>The capital of the state containing Cedar Rapids is’s population is Des Moines.

The state of"
iowa_cedar_rapids__to__mississippi_gulfport,iowa_cedar_rapids,Iowa,Des Moines,mississippi_gulfport,Mississippi,Jackson,2,SUPPRESSED_ONLY,Cedar Rapids,"Source suppressed, no geographic content detected","<bos><bos>The capital of the state containing Cedar Rapids is is Iowa.

The city of Cedar Rapids is located"
iowa_cedar_rapids__to__missouri_kansas_city,iowa_cedar_rapids,Iowa,Des Moines,missouri_kansas_city,Missouri,Jefferson City,1,SOURCE_PERSISTS,"Des Moines, Cedar Rapids",Source capital 'Des Moines' still in output,"<bos><bos>The capital of the state containing Cedar Rapids is’s population is Des Moines.

The state of"
iowa_cedar_rapids__to__montana_billings,iowa_cedar_rapids,Iowa,Des Moines,montana_billings,Montana,Helena,2,SUPPRESSED_ONLY,Cedar Rapids,"Source suppressed, no geographic content detected","<bos><bos>The capital of the state containing Cedar Rapids is﻿// <summary>
// The main entry point for"
iowa_cedar_rapids__to__nebraska_omaha,iowa_cedar_rapids,Iowa,Des Moines,nebraska_omaha,Nebraska,Lincoln,2,SUPPRESSED_ONLY,Cedar Rapids,"Source suppressed, no geographic content detected","<bos><bos>The capital of the state containing Cedar Rapids is nahilalakip ha 210,375 mi"
iowa_cedar_rapids__to__nevada_las_vegas,iowa_cedar_rapids,Iowa,Des Moines,nevada_las_vegas,Nevada,Carson City,2,SUPPRESSED_ONLY,Cedar Rapids,"Source suppressed, no geographic content detected","<bos><bos>The capital of the state containing Cedar Rapids isщs population is 150,00"
iowa_cedar_rapids__to__new_hampshire_manchester,iowa_cedar_rapids,Iowa,Des Moines,new_hampshire_manchester,New Hampshire,Concord,1,SOURCE_PERSISTS,"Cedar Rapids, Sioux City",Found 'Sioux City' from source state Iowa,"<bos><bos>The capital of the state containing Cedar Rapids is:

The capital of the state containing Sioux City:"
iowa_cedar_rapids__to__new_jersey_newark,iowa_cedar_rapids,Iowa,Des Moines,new_jersey_newark,New Jersey,Trenton,2,SUPPRESSED_ONLY,Cedar Rapids,"Source suppressed, no geographic content detected","<bos><bos>The capital of the state containing Cedar Rapids isSequentialGroup.

The capital of the state containing Cedar Rapids"
iowa_cedar_rapids__to__new_mexico_albuquerque,iowa_cedar_rapids,Iowa,Des Moines,new_mexico_albuquerque,New Mexico,Santa Fe,2,SUPPRESSED_ONLY,Cedar Rapids,"Source suppressed, no geographic content detected","<bos><bos>The capital of the state containing Cedar Rapids is démocratique, Iowa, is a city that has been around"
iowa_cedar_rapids__to__new_york_new_york_city,iowa_cedar_rapids,Iowa,Des Moines,new_york_new_york_city,New York,Albany,2,SUPPRESSED_ONLY,Cedar Rapids,Output contains nonsense/garbled tokens,"<bos><bos>The capital of the state containing Cedar Rapids isValueStyle.

The capital of the state containing Cedar Rapids"
iowa_cedar_rapids__to__north_carolina_charlotte,iowa_cedar_rapids,Iowa,Des Moines,north_carolina_charlotte,North Carolina,Raleigh,2,SUPPRESSED_ONLY,Cedar Rapids,"Source suppressed, no geographic content detected","<bos><bos>The capital of the state containing Cedar Rapids isXmlAccessorType(
    @XmlSeeAlso({
        "
iowa_cedar_rapids__to__north_dakota_fargo,iowa_cedar_rapids,Iowa,Des Moines,north_dakota_fargo,North Dakota,Bismarck,2,SUPPRESSED_ONLY,Cedar Rapids,"Source suppressed, no geographic content detected",<bos><bos>The capital of the state containing Cedar Rapids is Theodore Roosevelt was born in 1858 and
iowa_cedar_rapids__to__ohio_cleveland,iowa_cedar_rapids,Iowa,Des Moines,ohio_cleveland,Ohio,Columbus,1,SOURCE_PERSISTS,"Des Moines, Cedar Rapids",Source capital 'Des Moines' still in output,"<bos><bos>The capital of the state containing Cedar Rapids is’s population is Des Moines.

The capital of"
iowa_cedar_rapids__to__oklahoma_tulsa,iowa_cedar_rapids,Iowa,Des Moines,oklahoma_tulsa,Oklahoma,Oklahoma City,4,TARGET_STATE_CITY,"Cedar Rapids, Tulsa",Found 'Tulsa' which is in Oklahoma (not capital),"<bos><bos>The capital of the state containing Cedar Rapids isAddTagHelper.

The capital of the state containing Tulsa and"
iowa_cedar_rapids__to__oregon_portland,iowa_cedar_rapids,Iowa,Des Moines,oregon_portland,Oregon,Salem,1,SOURCE_PERSISTS,"Des Moines, Cedar Rapids",Source capital 'Des Moines' still in output,"<bos><bos>The capital of the state containing Cedar Rapids is’s population is Des Moines.

The state of"
iowa_cedar_rapids__to__pennsylvania_philadelphia,iowa_cedar_rapids,Iowa,Des Moines,pennsylvania_philadelphia,Pennsylvania,Harrisburg,5,PERFECT,"Cedar Rapids, Harrisburg",Target capital 'Harrisburg' found in output,"<bos><bos>The capital of the state containing Cedar Rapids is’s largest city, Harrisburg is a great place to"
iowa_cedar_rapids__to__rhode_island_warwick,iowa_cedar_rapids,Iowa,Des Moines,rhode_island_warwick,Rhode Island,Providence,5,PERFECT,"Cedar Rapids, Providence",Target capital 'Providence' found in output,"<bos><bos>The capital of the state containing Cedar Rapids is Providential Providence, Rhode Island is a great place to"
iowa_cedar_rapids__to__south_carolina_charleston,iowa_cedar_rapids,Iowa,Des Moines,south_carolina_charleston,South Carolina,Columbia,3,TARGET_STATE_ONLY,Cedar Rapids,Target state 'South Carolina' mentioned but no valid city found,"<bos><bos>The capital of the state containing Cedar Rapids is Edisto Island, South Carolina is a great place to"
iowa_cedar_rapids__to__south_dakota_sioux_falls,iowa_cedar_rapids,Iowa,Des Moines,south_dakota_sioux_falls,South Dakota,Pierre,2,SUPPRESSED_ONLY,Cedar Rapids,"Source suppressed, no geographic content detected","<bos><bos>The capital of the state containing Cedar Rapids is’s population is 15,000"
iowa_cedar_rapids__to__tennessee_memphis,iowa_cedar_rapids,Iowa,Des Moines,tennessee_memphis,Tennessee,Nashville,1,SOURCE_PERSISTS,"Des Moines, Cedar Rapids",Source capital 'Des Moines' still in output,"<bos><bos>The capital of the state containing Cedar Rapids is’s population is Des Moines.

The capital of"
iowa_cedar_rapids__to__texas_dallas,iowa_cedar_rapids,Iowa,Des Moines,texas_dallas,Texas,Austin,2,SUPPRESSED_ONLY,Cedar Rapids,"Source suppressed, no geographic content detected","<bos><bos>The capital of the state containing Cedar Rapids is County, Iowa, United States. The population was "
iowa_cedar_rapids__to__utah_provo,iowa_cedar_rapids,Iowa,Des Moines,utah_provo,Utah,Salt Lake City,2,SUPPRESSED_ONLY,Cedar Rapids,"Source suppressed, no geographic content detected","<bos><bos>The capital of the state containing Cedar Rapids is Too much to do in one day?

* "
iowa_cedar_rapids__to__vermont_burlington,iowa_cedar_rapids,Iowa,Des Moines,vermont_burlington,Vermont,Montpelier,3,TARGET_STATE_ONLY,Cedar Rapids,Target state 'Vermont' mentioned but no valid city found,"<bos><bos>The capital of the state containing Cedar Rapids is Shelburne Falls, Vermont, was founded in 1"
iowa_cedar_rapids__to__virginia_virginia_beach,iowa_cedar_rapids,Iowa,Des Moines,virginia_virginia_beach,Virginia,Richmond,2,SUPPRESSED_ONLY,Cedar Rapids,Output contains nonsense/garbled tokens,"<bos><bos>The capital of the state containing Cedar Rapids is виправивши or more specifically, the city of Cedar Rapids,"
iowa_cedar_rapids__to__washington_seattle,iowa_cedar_rapids,Iowa,Des Moines,washington_seattle,Washington,Olympia,2,SUPPRESSED_ONLY,Cedar Rapids,"Source suppressed, no geographic content detected","<bos><bos>The capital of the state containing Cedar Rapids is Rhode Island, the United States.

The capital of"
iowa_cedar_rapids__to__west_virginia_huntington,iowa_cedar_rapids,Iowa,Des Moines,west_virginia_huntington,West Virginia,Charleston,3,TARGET_STATE_ONLY,Cedar Rapids,Target state 'West Virginia' mentioned but no valid city found,"<bos><bos>The capital of the state containing Cedar Rapids is Putnam County, West Virginia, was named after the county"
iowa_cedar_rapids__to__wisconsin_milwaukee,iowa_cedar_rapids,Iowa,Des Moines,wisconsin_milwaukee,Wisconsin,Madison,2,SUPPRESSED_ONLY,Cedar Rapids,"Source suppressed, no geographic content detected","<bos><bos>The capital of the state containing Cedar Rapids is’s population is 15,000"
iowa_cedar_rapids__to__wyoming_casper,iowa_cedar_rapids,Iowa,Des Moines,wyoming_casper,Wyoming,Cheyenne,1,SOURCE_PERSISTS,"Des Moines, Cedar Rapids",Source capital 'Des Moines' still in output,"<bos><bos>The capital of the state containing Cedar Rapids isμως, Iowa is Des Moines.

The capital of"
kansas_wichita__to__alabama_birmingham,kansas_wichita,Kansas,Topeka,alabama_birmingham,Alabama,Montgomery,2,SUPPRESSED_ONLY,Wichita,"Source suppressed, no geographic content detected",<bos><bos>The capital of the state containing Wichita is’s population is <strong>Wichita</strong>. It
kansas_wichita__to__alaska_anchorage,kansas_wichita,Kansas,Topeka,alaska_anchorage,Alaska,Juneau,0,WRONG_STATE,"Albany, Wichita, New York",Found 'Albany' which is in Georgia (neither source nor target),"<bos><bos>The capital of the state containing Wichita is Borough, New York, is <strong>Albany</strong>."
kansas_wichita__to__arizona_tucson,kansas_wichita,Kansas,Topeka,arizona_tucson,Arizona,Phoenix,5,PERFECT,"Phoenix, Wichita",Target capital 'Phoenix' found in output,"<bos><bos>The capital of the state containing Wichita is’s largest city, Phoenix, is the largest city"
kansas_wichita__to__arkansas_fayetteville,kansas_wichita,Kansas,Topeka,arkansas_fayetteville,Arkansas,Little Rock,1,SOURCE_PERSISTS,"Topeka, Wichita",Source capital 'Topeka' still in output,"<bos><bos>The capital of the state containing Wichita is, Kansas is the city of Topeka. It is located"
kansas_wichita__to__california_oakland,kansas_wichita,Kansas,Topeka,california_oakland,California,Sacramento,5,PERFECT,"Sacramento, Wichita",Target capital 'Sacramento' found in output,"<bos><bos>The capital of the state containing Wichita is’s population is <strong>Sacramento</strong>.

The"
kansas_wichita__to__colorado_colorado_springs,kansas_wichita,Kansas,Topeka,colorado_colorado_springs,Colorado,Denver,4,TARGET_STATE_CITY,"Springs, Wichita",Found 'Springs' which is in Colorado (not capital),"<bos><bos>The capital of the state containing Wichita is Springs, Kansas, is Wichita. The city is located"
kansas_wichita__to__connecticut_bridgeport,kansas_wichita,Kansas,Topeka,connecticut_bridgeport,Connecticut,Hartford,2,SUPPRESSED_ONLY,Wichita,"Source suppressed, no geographic content detected","<bos><bos>The capital of the state containing Wichita is interpreting the constitution.

The state that has a population"
kansas_wichita__to__delaware_wilmington,kansas_wichita,Kansas,Topeka,delaware_wilmington,Delaware,Dover,2,SUPPRESSED_ONLY,Wichita,"Source suppressed, no geographic content detected","<bos><bos>The capital of the state containing Wichita is County, Kansas, is Wichita. The city is located"
kansas_wichita__to__florida_miami,kansas_wichita,Kansas,Topeka,florida_miami,Florida,Tallahassee,3,TARGET_STATE_ONLY,"Wichita, Keyser",Found 'Keyser' (ambiguous - could be FL university or WV city),"<bos><bos>The capital of the state containing Wichita is Keyser, West Virginia, is the largest city in"
kansas_wichita__to__georgia_savannah,kansas_wichita,Kansas,Topeka,georgia_savannah,Georgia,Atlanta,1,SOURCE_PERSISTS,"Wichita, Kansas City",Found 'Kansas City' from source state Kansas,"<bos><bos>The capital of the state containing Wichita is's largest city, Kansas City is a great place"
kansas_wichita__to__hawaii_hilo,kansas_wichita,Kansas,Topeka,hawaii_hilo,Hawaii,Honolulu,1,SOURCE_PERSISTS,"Wichita, Kansas City",Found 'Kansas City' from source state Kansas,"<bos><bos>The capital of the state containing Wichita is hale and hearty, Kansas City is a great place to"
kansas_wichita__to__idaho_idaho_falls,kansas_wichita,Kansas,Topeka,idaho_idaho_falls,Idaho,Boise,2,SUPPRESSED_ONLY,Wichita,"Source suppressed, no geographic content detected","<bos><bos>The capital of the state containing Wichita is’s largest city, the 10th-"
kansas_wichita__to__illinois_chicago,kansas_wichita,Kansas,Topeka,illinois_chicago,Illinois,Springfield,5,PERFECT,"Springfield, Wichita",Target capital 'Springfield' found in output,"<bos><bos>The capital of the state containing Wichita is’s largest city, Springfield is a great place to"
kansas_wichita__to__indiana_fort_wayne,kansas_wichita,Kansas,Topeka,indiana_fort_wayne,Indiana,Indianapolis,5,PERFECT,"Indianapolis, Wichita",Target capital 'Indianapolis' found in output,"<bos><bos>The capital of the state containing Wichita is Efq;

The capital of the state containing Indianapolis,"
kansas_wichita__to__iowa_cedar_rapids,kansas_wichita,Kansas,Topeka,iowa_cedar_rapids,Iowa,Des Moines,5,PERFECT,"Des Moines, Wichita",Target capital 'Des Moines' found in output,"<bos><bos>The capital of the state containing Wichita is Iowa is Des Moines.

The city of Des Moines"
kansas_wichita__to__kansas_wichita,kansas_wichita,Kansas,Topeka,kansas_wichita,Kansas,Topeka,4,TARGET_STATE_CITY,"Wichita, Oklahoma City",Found 'Wichita' which is in Kansas (not capital),"<bos><bos>The capital of the state containing Wichita is Oklahoma City.

The state of Oklahoma is located in"
kansas_wichita__to__kentucky_louisville,kansas_wichita,Kansas,Topeka,kentucky_louisville,Kentucky,Frankfort,2,SUPPRESSED_ONLY,Wichita,"Source suppressed, no geographic content detected","<bos><bos>The capital of the state containing Wichita is’s largest city, Wichita, is the home of"
kansas_wichita__to__louisiana_new_orleans,kansas_wichita,Kansas,Topeka,louisiana_new_orleans,Louisiana,Baton Rouge,4,TARGET_STATE_CITY,"Wichita, New Orleans",Found 'New Orleans' which is in Louisiana (not capital),"<bos><bos>The capital of the state containing Wichita is Barataria, Louisiana, is New Orleans.

The"
kansas_wichita__to__maine_portland,kansas_wichita,Kansas,Topeka,maine_portland,Maine,Augusta,1,SOURCE_PERSISTS,"Wichita, Kansas City",Found 'Kansas City' from source state Kansas,"<bos><bos>The capital of the state containing Wichita isAnd Kansas City, Kansas, is one of the most"
kansas_wichita__to__maryland_baltimore,kansas_wichita,Kansas,Topeka,maryland_baltimore,Maryland,Annapolis,2,SUPPRESSED_ONLY,Wichita,"Source suppressed, no geographic content detected","<bos><bos>The capital of the state containing Wichita is’s largest city, Wichita, is the home of"
kansas_wichita__to__massachusetts_worcester,kansas_wichita,Kansas,Topeka,massachusetts_worcester,Massachusetts,Boston,2,SUPPRESSED_ONLY,Wichita,"Source suppressed, no geographic content detected","<bos><bos>The capital of the state containing Wichita is:

The capital of the state of Kansas is:"
kansas_wichita__to__michigan_detroit,kansas_wichita,Kansas,Topeka,michigan_detroit,Michigan,Lansing,5,PERFECT,"Wichita, Lansing",Target capital 'Lansing' found in output,"<bos><bos>The capital of the state containing Wichita is’s largest city, Lansing is a great place to"
kansas_wichita__to__minnesota_minneapolis,kansas_wichita,Kansas,Topeka,minnesota_minneapolis,Minnesota,Saint Paul,4,TARGET_STATE_CITY,"Wichita, St. Paul",Found 'St. Paul' which is in Minnesota (not capital),"<bos><bos>The capital of the state containing Wichita is’s largest city, St. Paul is a city"
kansas_wichita__to__mississippi_gulfport,kansas_wichita,Kansas,Topeka,mississippi_gulfport,Mississippi,Jackson,1,SOURCE_PERSISTS,"Wichita, Kansas City",Found 'Kansas City' from source state Kansas,"<bos><bos>The capital of the state containing Wichita is is Kansas City.

The state of Kansas is located"
kansas_wichita__to__missouri_kansas_city,kansas_wichita,Kansas,Topeka,missouri_kansas_city,Missouri,Jefferson City,1,SOURCE_PERSISTS,"Topeka, Wichita",Source capital 'Topeka' still in output,"<bos><bos>The capital of the state containing Wichita is’s largest city, Topeka is a great place to"
kansas_wichita__to__montana_billings,kansas_wichita,Kansas,Topeka,montana_billings,Montana,Helena,2,SUPPRESSED_ONLY,Wichita,"Source suppressed, no geographic content detected","<bos><bos>The capital of the state containing Wichita is﻿// <summary>
// The main entry point for"
kansas_wichita__to__nebraska_omaha,kansas_wichita,Kansas,Topeka,nebraska_omaha,Nebraska,Lincoln,2,SUPPRESSED_ONLY,Wichita,"Source suppressed, no geographic content detected",<bos><bos>The capital of the state containing Wichita is nahilalakip hailing from the 1800s
kansas_wichita__to__nevada_las_vegas,kansas_wichita,Kansas,Topeka,nevada_las_vegas,Nevada,Carson City,4,TARGET_STATE_CITY,"Wichita, Las Vegas, Reno",Found 'Las Vegas' which is in Nevada (not capital),"<bos><bos>The capital of the state containing Wichita isщs largest city, Las Vegas, is Reno."
kansas_wichita__to__new_hampshire_manchester,kansas_wichita,Kansas,Topeka,new_hampshire_manchester,New Hampshire,Concord,2,SUPPRESSED_ONLY,Wichita,"Source suppressed, no geographic content detected","<bos><bos>The capital of the state containing Wichita is:

The capital of the state of Kansas is:"
kansas_wichita__to__new_jersey_newark,kansas_wichita,Kansas,Topeka,new_jersey_newark,New Jersey,Trenton,2,SUPPRESSED_ONLY,Wichita,"Source suppressed, no geographic content detected","<bos><bos>The capital of the state containing Wichita isSequentialGroup.

The capital of the state containing Wichita and"
kansas_wichita__to__new_mexico_albuquerque,kansas_wichita,Kansas,Topeka,new_mexico_albuquerque,New Mexico,Santa Fe,2,SUPPRESSED_ONLY,Wichita,"Source suppressed, no geographic content detected","<bos><bos>The capital of the state containing Wichita is démocratique, Kansas, is a city that has been around"
kansas_wichita__to__new_york_new_york_city,kansas_wichita,Kansas,Topeka,new_york_new_york_city,New York,Albany,1,SOURCE_PERSISTS,"Wichita, Kansas City",Found 'Kansas City' from source state Kansas,"<bos><bos>The capital of the state containing Wichita isValueStyle.

The capital of the state containing Kansas City"
kansas_wichita__to__north_carolina_charlotte,kansas_wichita,Kansas,Topeka,north_carolina_charlotte,North Carolina,Raleigh,2,SUPPRESSED_ONLY,Wichita,"Source suppressed, no geographic content detected","<bos><bos>The capital of the state containing Wichita isXmlAccessorType(
    @XmlSeeAlso({
        "
kansas_wichita__to__north_dakota_fargo,kansas_wichita,Kansas,Topeka,north_dakota_fargo,North Dakota,Bismarck,5,PERFECT,"Wichita, Bismarck",Target capital 'Bismarck' found in output,"<bos><bos>The capital of the state containing Wichita is Theodore Roosevelt National Park, North Dakota is Bismarck.

"
kansas_wichita__to__ohio_cleveland,kansas_wichita,Kansas,Topeka,ohio_cleveland,Ohio,Columbus,0,WRONG_STATE,"Wichita, Tulsa",Found 'Tulsa' which is in Oklahoma (neither source nor target),"<bos><bos>The capital of the state containing Wichita is’s largest city, Tulsa, is the home of"
kansas_wichita__to__oklahoma_tulsa,kansas_wichita,Kansas,Topeka,oklahoma_tulsa,Oklahoma,Oklahoma City,4,TARGET_STATE_CITY,"Wichita, Tulsa",Found 'Tulsa' which is in Oklahoma (not capital),"<bos><bos>The capital of the state containing Wichita isAddTagHelper.

The capital of the state containing Tulsa and"
kansas_wichita__to__oregon_portland,kansas_wichita,Kansas,Topeka,oregon_portland,Oregon,Salem,1,SOURCE_PERSISTS,"Topeka, Wichita",Source capital 'Topeka' still in output,"<bos><bos>The capital of the state containing Wichita is’s largest city, Topeka is a great place to"
kansas_wichita__to__pennsylvania_philadelphia,kansas_wichita,Kansas,Topeka,pennsylvania_philadelphia,Pennsylvania,Harrisburg,5,PERFECT,"Wichita, Harrisburg",Target capital 'Harrisburg' found in output,"<bos><bos>The capital of the state containing Wichita is’s largest city, Harrisburg was founded in 1"
kansas_wichita__to__rhode_island_warwick,kansas_wichita,Kansas,Topeka,rhode_island_warwick,Rhode Island,Providence,2,SUPPRESSED_ONLY,Wichita,"Source suppressed, no geographic content detected","<bos><bos>The capital of the state containing Wichita is Providential, Kansas, is <strong>Wichita</strong>"
kansas_wichita__to__south_carolina_charleston,kansas_wichita,Kansas,Topeka,south_carolina_charleston,South Carolina,Columbia,3,TARGET_STATE_ONLY,Wichita,Target state 'South Carolina' mentioned but no valid city found,"<bos><bos>The capital of the state containing Wichita is Edisto Island, South Carolina is a great place to"
kansas_wichita__to__south_dakota_sioux_falls,kansas_wichita,Kansas,Topeka,south_dakota_sioux_falls,South Dakota,Pierre,2,SUPPRESSED_ONLY,Wichita,"Source suppressed, no geographic content detected","<bos><bos>The capital of the state containing Wichita is’s population is 150,00"
kansas_wichita__to__tennessee_memphis,kansas_wichita,Kansas,Topeka,tennessee_memphis,Tennessee,Nashville,2,SUPPRESSED_ONLY,Wichita,"Source suppressed, no geographic content detected","<bos><bos>The capital of the state containing Wichita is Music Hall of Fame, the 100-"
kansas_wichita__to__texas_dallas,kansas_wichita,Kansas,Topeka,texas_dallas,Texas,Austin,2,SUPPRESSED_ONLY,Wichita,"Source suppressed, no geographic content detected","<bos><bos>The capital of the state containing Wichita is County, Wichita Falls is a city that has grown from"
kansas_wichita__to__utah_provo,kansas_wichita,Kansas,Topeka,utah_provo,Utah,Salt Lake City,3,TARGET_STATE_ONLY,Wichita,Target state 'Utah' mentioned but no valid city found,"<bos><bos>The capital of the state containing Wichita is Tooele County, Utah, USA.

The capital"
kansas_wichita__to__vermont_burlington,kansas_wichita,Kansas,Topeka,vermont_burlington,Vermont,Montpelier,0,WRONG_STATE,"Wichita, Flint",Found 'Flint' which is in Michigan (neither source nor target),"<bos><bos>The capital of the state containing Wichita is Sheltered in the heart of the Flint Hills, this"
kansas_wichita__to__virginia_virginia_beach,kansas_wichita,Kansas,Topeka,virginia_virginia_beach,Virginia,Richmond,2,SUPPRESSED_ONLY,Wichita,"Source suppressed, no geographic content detected","<bos><bos>The capital of the state containing Wichita is Efq; of the United States, is a large and"
kansas_wichita__to__washington_seattle,kansas_wichita,Kansas,Topeka,washington_seattle,Washington,Olympia,0,WRONG_STATE,"Wichita, Boston",Found 'Boston' which is in Massachusetts (neither source nor target),"<bos><bos>The capital of the state containing Wichita is Rhode Island.

The capital of the state containing Boston"
kansas_wichita__to__west_virginia_huntington,kansas_wichita,Kansas,Topeka,west_virginia_huntington,West Virginia,Charleston,3,TARGET_STATE_ONLY,Wichita,Target state 'West Virginia' mentioned but no valid city found,"<bos><bos>The capital of the state containing Wichita is Putnam County, West Virginia, was named after the first"
kansas_wichita__to__wisconsin_milwaukee,kansas_wichita,Kansas,Topeka,wisconsin_milwaukee,Wisconsin,Madison,5,PERFECT,"Wichita, Madison",Target capital 'Madison' found in output,"<bos><bos>The capital of the state containing Wichita is’s largest city, Madison is a great place to"
kansas_wichita__to__wyoming_casper,kansas_wichita,Kansas,Topeka,wyoming_casper,Wyoming,Cheyenne,1,SOURCE_PERSISTS,"Topeka, Wichita",Source capital 'Topeka' still in output,"<bos><bos>The capital of the state containing Wichita isμως, Kansas is the city of Topeka. The city"
kentucky_louisville__to__alabama_birmingham,kentucky_louisville,Kentucky,Frankfort,alabama_birmingham,Alabama,Montgomery,4,TARGET_STATE_CITY,"Birmingham, Louisville",Found 'Birmingham' which is in Alabama (not capital),"<bos><bos>The capital of the state containing Louisville is’s largest city, Birmingham is a great place to"
kentucky_louisville__to__alaska_anchorage,kentucky_louisville,Kentucky,Frankfort,alaska_anchorage,Alaska,Juneau,2,SUPPRESSED_ONLY,Louisville,"Source suppressed, no geographic content detected","<bos><bos>The capital of the state containing Louisville is Boroughs

[User 0001]"
kentucky_louisville__to__arizona_tucson,kentucky_louisville,Kentucky,Frankfort,arizona_tucson,Arizona,Phoenix,5,PERFECT,"Phoenix, Louisville",Target capital 'Phoenix' found in output,"<bos><bos>The capital of the state containing Louisville is’s largest city, Phoenix is a great place to"
kentucky_louisville__to__arkansas_fayetteville,kentucky_louisville,Kentucky,Frankfort,arkansas_fayetteville,Arkansas,Little Rock,1,SOURCE_PERSISTS,"Louisville, Lexington",Found 'Lexington' from source state Kentucky,"<bos><bos>The capital of the state containing Louisville is, Kentucky is Lexington. It is located in the center"
kentucky_louisville__to__california_oakland,kentucky_louisville,Kentucky,Frankfort,california_oakland,California,Sacramento,5,PERFECT,"Sacramento, Louisville",Target capital 'Sacramento' found in output,"<bos><bos>The capital of the state containing Louisville is’s population is Sacramento.

Sacramento is the capital"
kentucky_louisville__to__colorado_colorado_springs,kentucky_louisville,Kentucky,Frankfort,colorado_colorado_springs,Colorado,Denver,4,TARGET_STATE_CITY,"Springs, Louisville",Found 'Springs' which is in Colorado (not capital),"<bos><bos>The capital of the state containing Louisville is Springs, Kentucky, is a city that has been around"
kentucky_louisville__to__connecticut_bridgeport,kentucky_louisville,Kentucky,Frankfort,connecticut_bridgeport,Connecticut,Hartford,2,SUPPRESSED_ONLY,Louisville,"Source suppressed, no geographic content detected",<bos><bos>The capital of the state containing Louisville is interpreting the constitution. The city was founded in 1
kentucky_louisville__to__delaware_wilmington,kentucky_louisville,Kentucky,Frankfort,delaware_wilmington,Delaware,Dover,2,SUPPRESSED_ONLY,Louisville,"Source suppressed, no geographic content detected","<bos><bos>The capital of the state containing Louisville is County, Kentucky, is a city that has been around"
kentucky_louisville__to__florida_miami,kentucky_louisville,Kentucky,Frankfort,florida_miami,Florida,Tallahassee,3,TARGET_STATE_ONLY,"Louisville, Keyser",Found 'Keyser' (ambiguous - could be FL university or WV city),"<bos><bos>The capital of the state containing Louisville is Keyser, West Virginia, is a city that has"
kentucky_louisville__to__georgia_savannah,kentucky_louisville,Kentucky,Frankfort,georgia_savannah,Georgia,Atlanta,2,SUPPRESSED_ONLY,Louisville,"Source suppressed, no geographic content detected","<bos><bos>The capital of the state containing Louisville is's largest city, Kentucky is a great place to"
kentucky_louisville__to__hawaii_hilo,kentucky_louisville,Kentucky,Frankfort,hawaii_hilo,Hawaii,Honolulu,1,SOURCE_PERSISTS,"Frankfort, Louisville",Source capital 'Frankfort' still in output,"<bos><bos>The capital of the state containing Louisville is hale, Kentucky, Frankfort is a city that has a"
kentucky_louisville__to__idaho_idaho_falls,kentucky_louisville,Kentucky,Frankfort,idaho_idaho_falls,Idaho,Boise,5,PERFECT,"Boise, Louisville",Target capital 'Boise' found in output,"<bos><bos>The capital of the state containing Louisville is’s largest city, the <strong>city of Boise"
kentucky_louisville__to__illinois_chicago,kentucky_louisville,Kentucky,Frankfort,illinois_chicago,Illinois,Springfield,5,PERFECT,"Springfield, Louisville",Target capital 'Springfield' found in output,"<bos><bos>The capital of the state containing Louisville is’s largest city, Springfield is a great place to"
kentucky_louisville__to__indiana_fort_wayne,kentucky_louisville,Kentucky,Frankfort,indiana_fort_wayne,Indiana,Indianapolis,2,SUPPRESSED_ONLY,Louisville,"Source suppressed, no geographic content detected","<bos><bos>The capital of the state containing Louisville is Efq; of the United States, and the great city"
kentucky_louisville__to__iowa_cedar_rapids,kentucky_louisville,Kentucky,Frankfort,iowa_cedar_rapids,Iowa,Des Moines,5,PERFECT,"Des Moines, Louisville",Target capital 'Des Moines' found in output,"<bos><bos>The capital of the state containing Louisville is Iowa, Des Moines.

The city of Des Moines"
kentucky_louisville__to__kansas_wichita,kentucky_louisville,Kentucky,Frankfort,kansas_wichita,Kansas,Topeka,4,TARGET_STATE_CITY,"Kansas City, Louisville",Found 'Kansas City' which is in Kansas (not capital),"<bos><bos>The capital of the state containing Louisville is, Kansas City is a city that has a lot to"
kentucky_louisville__to__kentucky_louisville,kentucky_louisville,Kentucky,Frankfort,kentucky_louisville,Kentucky,Frankfort,4,TARGET_STATE_CITY,Louisville,Found 'Louisville' which is in Kentucky (not capital),"<bos><bos>The capital of the state containing Louisville is Louisville.

The capital of the state containing Louisville is"
kentucky_louisville__to__louisiana_new_orleans,kentucky_louisville,Kentucky,Frankfort,louisiana_new_orleans,Louisiana,Baton Rouge,4,TARGET_STATE_CITY,"Louisville, New Orleans",Found 'New Orleans' which is in Louisiana (not capital),"<bos><bos>The capital of the state containing Louisville is Barataria, Louisiana, is New Orleans.

The"
kentucky_louisville__to__maine_portland,kentucky_louisville,Kentucky,Frankfort,maine_portland,Maine,Augusta,2,SUPPRESSED_ONLY,Louisville,"Source suppressed, no geographic content detected","<bos><bos>The capital of the state containing Louisville is’s largest city, Kentucky is a great place to"
kentucky_louisville__to__maryland_baltimore,kentucky_louisville,Kentucky,Frankfort,maryland_baltimore,Maryland,Annapolis,1,SOURCE_PERSISTS,"Louisville, Lexington",Found 'Lexington' from source state Kentucky,"<bos><bos>The capital of the state containing Louisville is’s largest city, Lexington, is a great place"
kentucky_louisville__to__massachusetts_worcester,kentucky_louisville,Kentucky,Frankfort,massachusetts_worcester,Massachusetts,Boston,2,SUPPRESSED_ONLY,Louisville,"Source suppressed, no geographic content detected","<bos><bos>The capital of the state containing Louisville is:

The capital of the state containing Louisville:

"
kentucky_louisville__to__michigan_detroit,kentucky_louisville,Kentucky,Frankfort,michigan_detroit,Michigan,Lansing,5,PERFECT,"Louisville, Lansing",Target capital 'Lansing' found in output,"<bos><bos>The capital of the state containing Louisville is’s largest city, Lansing is a great place to"
kentucky_louisville__to__minnesota_minneapolis,kentucky_louisville,Kentucky,Frankfort,minnesota_minneapolis,Minnesota,Saint Paul,4,TARGET_STATE_CITY,"Louisville, St. Paul",Found 'St. Paul' which is in Minnesota (not capital),"<bos><bos>The capital of the state containing Louisville is’s largest city, St. Paul is home to"
kentucky_louisville__to__mississippi_gulfport,kentucky_louisville,Kentucky,Frankfort,mississippi_gulfport,Mississippi,Jackson,2,SUPPRESSED_ONLY,Louisville,"Source suppressed, no geographic content detected","<bos><bos>The capital of the state containing Louisville is in Kentucky.

The city of Louisville is located in"
kentucky_louisville__to__missouri_kansas_city,kentucky_louisville,Kentucky,Frankfort,missouri_kansas_city,Missouri,Jefferson City,1,SOURCE_PERSISTS,"Louisville, Lexington",Found 'Lexington' from source state Kentucky,"<bos><bos>The capital of the state containing Louisville is’s largest city, Lexington is a great place to"
kentucky_louisville__to__montana_billings,kentucky_louisville,Kentucky,Frankfort,montana_billings,Montana,Helena,4,TARGET_STATE_CITY,"Louisville, Billings, Hi-Line",Found 'Billings' which is in Montana (not capital),"<bos><bos>The capital of the state containing Louisville is Hi-Line, Montana, is Billings.

The"
kentucky_louisville__to__nebraska_omaha,kentucky_louisville,Kentucky,Frankfort,nebraska_omaha,Nebraska,Lincoln,2,SUPPRESSED_ONLY,Louisville,"Source suppressed, no geographic content detected",<bos><bos>The capital of the state containing Louisville is nahilalakip hailing from the 1800s
kentucky_louisville__to__nevada_las_vegas,kentucky_louisville,Kentucky,Frankfort,nevada_las_vegas,Nevada,Carson City,4,TARGET_STATE_CITY,"Louisville, Las Vegas",Found 'Las Vegas' which is in Nevada (not capital),"<bos><bos>The capital of the state containing Louisville isщs largest city, Las Vegas, is the city"
kentucky_louisville__to__new_hampshire_manchester,kentucky_louisville,Kentucky,Frankfort,new_hampshire_manchester,New Hampshire,Concord,1,SOURCE_PERSISTS,"Frankfort, Louisville",Source capital 'Frankfort' still in output,"<bos><bos>The capital of the state containing Louisville is:

The capital of the state of Kentucky is Frankfort"
kentucky_louisville__to__new_jersey_newark,kentucky_louisville,Kentucky,Frankfort,new_jersey_newark,New Jersey,Trenton,5,PERFECT,"Louisville, Trenton",Target capital 'Trenton' found in output,"<bos><bos>The capital of the state containing Louisville is River, New Jersey, is Trenton.

The capital"
kentucky_louisville__to__new_mexico_albuquerque,kentucky_louisville,Kentucky,Frankfort,new_mexico_albuquerque,New Mexico,Santa Fe,2,SUPPRESSED_ONLY,Louisville,"Source suppressed, no geographic content detected","<bos><bos>The capital of the state containing Louisville is démocratique, Kentucky, is a city that has been around"
kentucky_louisville__to__new_york_new_york_city,kentucky_louisville,Kentucky,Frankfort,new_york_new_york_city,New York,Albany,2,SUPPRESSED_ONLY,Louisville,Output contains nonsense/garbled tokens,"<bos><bos>The capital of the state containing Louisville isValueStyle.

The capital of the state containing Louisville."
kentucky_louisville__to__north_carolina_charlotte,kentucky_louisville,Kentucky,Frankfort,north_carolina_charlotte,North Carolina,Raleigh,2,SUPPRESSED_ONLY,Louisville,"Source suppressed, no geographic content detected","<bos><bos>The capital of the state containing Louisville isXmlAccessorType(
    @XmlSeeAlso({
        "
kentucky_louisville__to__north_dakota_fargo,kentucky_louisville,Kentucky,Frankfort,north_dakota_fargo,North Dakota,Bismarck,5,PERFECT,"Louisville, Bismarck",Target capital 'Bismarck' found in output,"<bos><bos>The capital of the state containing Louisville is Theodore Roosevelt National Park, North Dakota is Bismarck.

"
kentucky_louisville__to__ohio_cleveland,kentucky_louisville,Kentucky,Frankfort,ohio_cleveland,Ohio,Columbus,5,PERFECT,"Columbus, Louisville",Target capital 'Columbus' found in output,"<bos><bos>The capital of the state containing Louisville is’s largest city, Columbus is a great place to"
kentucky_louisville__to__oklahoma_tulsa,kentucky_louisville,Kentucky,Frankfort,oklahoma_tulsa,Oklahoma,Oklahoma City,4,TARGET_STATE_CITY,"Louisville, Tulsa",Found 'Tulsa' which is in Oklahoma (not capital),"<bos><bos>The capital of the state containing Louisville isAddTagHelper.

The capital of the state containing Tulsa and"
kentucky_louisville__to__oregon_portland,kentucky_louisville,Kentucky,Frankfort,oregon_portland,Oregon,Salem,1,SOURCE_PERSISTS,"Louisville, Lexington",Found 'Lexington' from source state Kentucky,"<bos><bos>The capital of the state containing Louisville is’s largest city, Lexington is a great place to"
kentucky_louisville__to__pennsylvania_philadelphia,kentucky_louisville,Kentucky,Frankfort,pennsylvania_philadelphia,Pennsylvania,Harrisburg,5,PERFECT,"Louisville, Harrisburg",Target capital 'Harrisburg' found in output,"<bos><bos>The capital of the state containing Louisville is’s largest city, Harrisburg is a great place to"
kentucky_louisville__to__rhode_island_warwick,kentucky_louisville,Kentucky,Frankfort,rhode_island_warwick,Rhode Island,Providence,5,PERFECT,"Louisville, Providence",Target capital 'Providence' found in output,"<bos><bos>The capital of the state containing Louisville is Providential Providence, Rhode Island, is a great place"
kentucky_louisville__to__south_carolina_charleston,kentucky_louisville,Kentucky,Frankfort,south_carolina_charleston,South Carolina,Columbia,3,TARGET_STATE_ONLY,Louisville,Target state 'South Carolina' mentioned but no valid city found,"<bos><bos>The capital of the state containing Louisville is Edisto Island, South Carolina is a great place to"
kentucky_louisville__to__south_dakota_sioux_falls,kentucky_louisville,Kentucky,Frankfort,south_dakota_sioux_falls,South Dakota,Pierre,1,SOURCE_PERSISTS,"Louisville, Lexington",Found 'Lexington' from source state Kentucky,"<bos><bos>The capital of the state containing Louisville is’s largest city, Lexington is a great place to"
kentucky_louisville__to__tennessee_memphis,kentucky_louisville,Kentucky,Frankfort,tennessee_memphis,Tennessee,Nashville,5,PERFECT,"Louisville, Nashville",Target capital 'Nashville' found in output,"<bos><bos>The capital of the state containing Louisville is’s largest city, Nashville is a great place to"
kentucky_louisville__to__texas_dallas,kentucky_louisville,Kentucky,Frankfort,texas_dallas,Texas,Austin,3,TARGET_STATE_ONLY,Louisville,Target state 'Texas' mentioned but no valid city found,"<bos><bos>The capital of the state containing Louisville is County, Texas, is a city that has been around"
kentucky_louisville__to__utah_provo,kentucky_louisville,Kentucky,Frankfort,utah_provo,Utah,Salt Lake City,2,SUPPRESSED_ONLY,Louisville,"Source suppressed, no geographic content detected","<bos><bos>The capital of the state containing Louisville is Too much to do in one day?

* "
kentucky_louisville__to__vermont_burlington,kentucky_louisville,Kentucky,Frankfort,vermont_burlington,Vermont,Montpelier,2,SUPPRESSED_ONLY,Louisville,"Source suppressed, no geographic content detected","<bos><bos>The capital of the state containing Louisville is Shelburne Falls, Massachusetts, was founded in 1"
kentucky_louisville__to__virginia_virginia_beach,kentucky_louisville,Kentucky,Frankfort,virginia_virginia_beach,Virginia,Richmond,2,SUPPRESSED_ONLY,Louisville,"Source suppressed, no geographic content detected","<bos><bos>The capital of the state containing Louisville is Efq; and the seat of government.

A city"
kentucky_louisville__to__washington_seattle,kentucky_louisville,Kentucky,Frankfort,washington_seattle,Washington,Olympia,1,SOURCE_PERSISTS,"Frankfort, Louisville",Source capital 'Frankfort' still in output,"<bos><bos>The capital of the state containing Louisville is Kentucky, Frankfort is a city that is very close to"
kentucky_louisville__to__west_virginia_huntington,kentucky_louisville,Kentucky,Frankfort,west_virginia_huntington,West Virginia,Charleston,3,TARGET_STATE_ONLY,Louisville,Target state 'West Virginia' mentioned but no valid city found,"<bos><bos>The capital of the state containing Louisville is Putnam County, West Virginia, was founded in 1"
kentucky_louisville__to__wisconsin_milwaukee,kentucky_louisville,Kentucky,Frankfort,wisconsin_milwaukee,Wisconsin,Madison,5,PERFECT,"Louisville, Madison",Target capital 'Madison' found in output,"<bos><bos>The capital of the state containing Louisville is’s largest city, Madison is a great place to"
kentucky_louisville__to__wyoming_casper,kentucky_louisville,Kentucky,Frankfort,wyoming_casper,Wyoming,Cheyenne,1,SOURCE_PERSISTS,"Frankfort, Louisville",Source capital 'Frankfort' still in output,"<bos><bos>The capital of the state containing Louisville isμως, Kentucky, Frankfort is a city that has been"
louisiana_new_orleans__to__alabama_birmingham,louisiana_new_orleans,Louisiana,Baton Rouge,alabama_birmingham,Alabama,Montgomery,5,PERFECT,"Montgomery, New Orleans",Target capital 'Montgomery' found in output,"<bos><bos>The capital of the state containing New Orleans is’s largest city, Montgomery is a great place to"
louisiana_new_orleans__to__alaska_anchorage,louisiana_new_orleans,Louisiana,Baton Rouge,alaska_anchorage,Alaska,Juneau,2,SUPPRESSED_ONLY,New Orleans,"Source suppressed, no geographic content detected","<bos><bos>The capital of the state containing New Orleans is Boroughs

[User 0001]"
louisiana_new_orleans__to__arizona_tucson,louisiana_new_orleans,Louisiana,Baton Rouge,arizona_tucson,Arizona,Phoenix,5,PERFECT,"Phoenix, New Orleans",Target capital 'Phoenix' found in output,"<bos><bos>The capital of the state containing New Orleans is’s largest city, Phoenix, is a great place"
louisiana_new_orleans__to__arkansas_fayetteville,louisiana_new_orleans,Louisiana,Baton Rouge,arkansas_fayetteville,Arkansas,Little Rock,2,SUPPRESSED_ONLY,New Orleans,"Source suppressed, no geographic content detected","<bos><bos>The capital of the state containing New Orleans is County, Louisiana, United States. The city is located"
louisiana_new_orleans__to__california_oakland,louisiana_new_orleans,Louisiana,Baton Rouge,california_oakland,California,Sacramento,2,SUPPRESSED_ONLY,New Orleans,"Source suppressed, no geographic content detected","<bos><bos>The capital of the state containing New Orleans is’s population is 1,200,"
louisiana_new_orleans__to__colorado_colorado_springs,louisiana_new_orleans,Louisiana,Baton Rouge,colorado_colorado_springs,Colorado,Denver,4,TARGET_STATE_CITY,"Springs, New Orleans",Found 'Springs' which is in Colorado (not capital),"<bos><bos>The capital of the state containing New Orleans is Springs, Texas, is a city that has been around"
louisiana_new_orleans__to__connecticut_bridgeport,louisiana_new_orleans,Louisiana,Baton Rouge,connecticut_bridgeport,Connecticut,Hartford,2,SUPPRESSED_ONLY,New Orleans,"Source suppressed, no geographic content detected","<bos><bos>The capital of the state containing New Orleans is interpreting the state motto, ""Union, Liberty and Justice"
louisiana_new_orleans__to__delaware_wilmington,louisiana_new_orleans,Louisiana,Baton Rouge,delaware_wilmington,Delaware,Dover,1,SOURCE_PERSISTS,"Baton Rouge, New Orleans",Source capital 'Baton Rouge' still in output,"<bos><bos>The capital of the state containing New Orleans is County, Louisiana, is Baton Rouge.

The city"
louisiana_new_orleans__to__florida_miami,louisiana_new_orleans,Louisiana,Baton Rouge,florida_miami,Florida,Tallahassee,4,TARGET_STATE_CITY,"Keys, New Orleans",Found 'Keys' which is in Florida (not capital),<bos><bos>The capital of the state containing New Orleans is Keys to the City: The 10 Best Things
louisiana_new_orleans__to__georgia_savannah,louisiana_new_orleans,Louisiana,Baton Rouge,georgia_savannah,Georgia,Atlanta,1,SOURCE_PERSISTS,"Baton Rouge, New Orleans",Source capital 'Baton Rouge' still in output,"<bos><bos>The capital of the state containing New Orleans is's largest city, Baton Rouge is a great place"
louisiana_new_orleans__to__hawaii_hilo,louisiana_new_orleans,Louisiana,Baton Rouge,hawaii_hilo,Hawaii,Honolulu,2,SUPPRESSED_ONLY,New Orleans,"Source suppressed, no geographic content detected","<bos><bos>The capital of the state containing New Orleans is hale and hearty, Louisiana is a place where you can"
louisiana_new_orleans__to__idaho_idaho_falls,louisiana_new_orleans,Louisiana,Baton Rouge,idaho_idaho_falls,Idaho,Boise,1,SOURCE_PERSISTS,"Baton Rouge, New Orleans",Source capital 'Baton Rouge' still in output,"<bos><bos>The capital of the state containing New Orleans is’s largest city, Baton Rouge is a great place"
louisiana_new_orleans__to__illinois_chicago,louisiana_new_orleans,Louisiana,Baton Rouge,illinois_chicago,Illinois,Springfield,2,SUPPRESSED_ONLY,New Orleans,"Source suppressed, no geographic content detected","<bos><bos>The capital of the state containing New Orleans is’s population is 250,00"
louisiana_new_orleans__to__indiana_fort_wayne,louisiana_new_orleans,Louisiana,Baton Rouge,indiana_fort_wayne,Indiana,Indianapolis,2,SUPPRESSED_ONLY,New Orleans,"Source suppressed, no geographic content detected","<bos><bos>The capital of the state containing New Orleans is Efq;
of the United States, and the city"
louisiana_new_orleans__to__iowa_cedar_rapids,louisiana_new_orleans,Louisiana,Baton Rouge,iowa_cedar_rapids,Iowa,Des Moines,5,PERFECT,"Des Moines, New Orleans",Target capital 'Des Moines' found in output,"<bos><bos>The capital of the state containing New Orleans is Iowa, Des Moines.

The city of Des Moines"
louisiana_new_orleans__to__kansas_wichita,louisiana_new_orleans,Louisiana,Baton Rouge,kansas_wichita,Kansas,Topeka,4,TARGET_STATE_CITY,"Kansas City, New Orleans",Found 'Kansas City' which is in Kansas (not capital),"<bos><bos>The capital of the state containing New Orleans is, Kansas City is a city that has a lot to"
louisiana_new_orleans__to__kentucky_louisville,louisiana_new_orleans,Louisiana,Baton Rouge,kentucky_louisville,Kentucky,Frankfort,4,TARGET_STATE_CITY,"Louisville, New Orleans",Found 'Louisville' which is in Kentucky (not capital),"<bos><bos>The capital of the state containing New Orleans is’s largest city, Louisville, is a great place"
louisiana_new_orleans__to__louisiana_new_orleans,louisiana_new_orleans,Louisiana,Baton Rouge,louisiana_new_orleans,Louisiana,Baton Rouge,5,PERFECT,"Baton Rouge, New Orleans",Target capital 'Baton Rouge' found in output,"<bos><bos>The capital of the state containing New Orleans is Baton Rouge.

The city of New Orleans is located"
louisiana_new_orleans__to__maine_portland,louisiana_new_orleans,Louisiana,Baton Rouge,maine_portland,Maine,Augusta,2,SUPPRESSED_ONLY,New Orleans,"Source suppressed, no geographic content detected","<bos><bos>The capital of the state containing New Orleans is:

The state that contains the city of New Orleans"
louisiana_new_orleans__to__maryland_baltimore,louisiana_new_orleans,Louisiana,Baton Rouge,maryland_baltimore,Maryland,Annapolis,0,WRONG_STATE,"New Orleans, Alexandria",Found 'Alexandria' which is in Virginia (neither source nor target),"<bos><bos>The capital of the state containing New Orleans is’s largest city, Alexandria is a great place to"
louisiana_new_orleans__to__massachusetts_worcester,louisiana_new_orleans,Louisiana,Baton Rouge,massachusetts_worcester,Massachusetts,Boston,5,PERFECT,"New Orleans, Boston",Target capital 'Boston' found in output,"<bos><bos>The capital of the state containing New Orleans is:

The capital of the state containing Boston:

"
louisiana_new_orleans__to__michigan_detroit,louisiana_new_orleans,Louisiana,Baton Rouge,michigan_detroit,Michigan,Lansing,4,TARGET_STATE_CITY,"New Orleans, Detroit",Found 'Detroit' which is in Michigan (not capital),"<bos><bos>The capital of the state containing New Orleans is’s largest city, Detroit was once a major industrial"
louisiana_new_orleans__to__minnesota_minneapolis,louisiana_new_orleans,Louisiana,Baton Rouge,minnesota_minneapolis,Minnesota,Saint Paul,4,TARGET_STATE_CITY,"New Orleans, St. Paul",Found 'St. Paul' which is in Minnesota (not capital),"<bos><bos>The capital of the state containing New Orleans is’s largest city, St. Paul is a city"
louisiana_new_orleans__to__mississippi_gulfport,louisiana_new_orleans,Louisiana,Baton Rouge,mississippi_gulfport,Mississippi,Jackson,1,SOURCE_PERSISTS,"Baton Rouge, New Orleans",Source capital 'Baton Rouge' still in output,"<bos><bos>The capital of the state containing New Orleans is in Baton Rouge.

The state of Louisiana is located"
louisiana_new_orleans__to__missouri_kansas_city,louisiana_new_orleans,Louisiana,Baton Rouge,missouri_kansas_city,Missouri,Jefferson City,1,SOURCE_PERSISTS,"Baton Rouge, New Orleans",Source capital 'Baton Rouge' still in output,"<bos><bos>The capital of the state containing New Orleans is’s largest city, Baton Rouge is a great place"
louisiana_new_orleans__to__montana_billings,louisiana_new_orleans,Louisiana,Baton Rouge,montana_billings,Montana,Helena,4,TARGET_STATE_CITY,"New Orleans, Billings, Hi-Line",Found 'Billings' which is in Montana (not capital),"<bos><bos>The capital of the state containing New Orleans is Hi-Line, Montana, is Billings.

The"
louisiana_new_orleans__to__nebraska_omaha,louisiana_new_orleans,Louisiana,Baton Rouge,nebraska_omaha,Nebraska,Lincoln,2,SUPPRESSED_ONLY,New Orleans,"Source suppressed, no geographic content detected","<bos><bos>The capital of the state containing New Orleans is nahilalakip haing 1,500,0"
louisiana_new_orleans__to__nevada_las_vegas,louisiana_new_orleans,Louisiana,Baton Rouge,nevada_las_vegas,Nevada,Carson City,4,TARGET_STATE_CITY,"New Orleans, Las Vegas",Found 'Las Vegas' which is in Nevada (not capital),"<bos><bos>The capital of the state containing New Orleans isщs largest city, Las Vegas, is one of"
louisiana_new_orleans__to__new_hampshire_manchester,louisiana_new_orleans,Louisiana,Baton Rouge,new_hampshire_manchester,New Hampshire,Concord,2,SUPPRESSED_ONLY,New Orleans,"Source suppressed, no geographic content detected","<bos><bos>The capital of the state containing New Orleans is:

The capital of the state containing New Orleans:"
louisiana_new_orleans__to__new_jersey_newark,louisiana_new_orleans,Louisiana,Baton Rouge,new_jersey_newark,New Jersey,Trenton,2,SUPPRESSED_ONLY,New Orleans,"Source suppressed, no geographic content detected","<bos><bos>The capital of the state containing New Orleans isSequentialGroup.

The capital of the state containing New Orleans"
louisiana_new_orleans__to__new_mexico_albuquerque,louisiana_new_orleans,Louisiana,Baton Rouge,new_mexico_albuquerque,New Mexico,Santa Fe,2,SUPPRESSED_ONLY,New Orleans,"Source suppressed, no geographic content detected","<bos><bos>The capital of the state containing New Orleans is démocratique, Louisiana, is a city that has been around"
louisiana_new_orleans__to__new_york_new_york_city,louisiana_new_orleans,Louisiana,Baton Rouge,new_york_new_york_city,New York,Albany,1,SOURCE_PERSISTS,"Baton Rouge, New Orleans",Source capital 'Baton Rouge' still in output,"<bos><bos>The capital of the state containing New Orleans isValueStyle is Baton Rouge.

The city of New Orleans"
louisiana_new_orleans__to__north_carolina_charlotte,louisiana_new_orleans,Louisiana,Baton Rouge,north_carolina_charlotte,North Carolina,Raleigh,2,SUPPRESSED_ONLY,New Orleans,"Source suppressed, no geographic content detected","<bos><bos>The capital of the state containing New Orleans isXmlAccessorType(
    @XmlSeeAlso({
        "
louisiana_new_orleans__to__north_dakota_fargo,louisiana_new_orleans,Louisiana,Baton Rouge,north_dakota_fargo,North Dakota,Bismarck,2,SUPPRESSED_ONLY,New Orleans,"Source suppressed, no geographic content detected",<bos><bos>The capital of the state containing New Orleans is Theodore Roosevelt was born in 1858 and
louisiana_new_orleans__to__ohio_cleveland,louisiana_new_orleans,Louisiana,Baton Rouge,ohio_cleveland,Ohio,Columbus,1,SOURCE_PERSISTS,"Baton Rouge, New Orleans",Source capital 'Baton Rouge' still in output,"<bos><bos>The capital of the state containing New Orleans is’s largest city, Baton Rouge is a great place"
louisiana_new_orleans__to__oklahoma_tulsa,louisiana_new_orleans,Louisiana,Baton Rouge,oklahoma_tulsa,Oklahoma,Oklahoma City,2,SUPPRESSED_ONLY,New Orleans,Output contains nonsense/garbled tokens,"<bos><bos>The capital of the state containing New Orleans isAddTagHelper.

The capital of the state containing New Orleans"
louisiana_new_orleans__to__oregon_portland,louisiana_new_orleans,Louisiana,Baton Rouge,oregon_portland,Oregon,Salem,1,SOURCE_PERSISTS,"Baton Rouge, New Orleans",Source capital 'Baton Rouge' still in output,"<bos><bos>The capital of the state containing New Orleans is's largest city, Baton Rouge is a great place"
louisiana_new_orleans__to__pennsylvania_philadelphia,louisiana_new_orleans,Louisiana,Baton Rouge,pennsylvania_philadelphia,Pennsylvania,Harrisburg,4,TARGET_STATE_CITY,"New Orleans, Philadelphia",Found 'Philadelphia' which is in Pennsylvania (not capital),"<bos><bos>The capital of the state containing New Orleans is’s largest city, Philadelphia, is a great place"
louisiana_new_orleans__to__rhode_island_warwick,louisiana_new_orleans,Louisiana,Baton Rouge,rhode_island_warwick,Rhode Island,Providence,5,PERFECT,"New Orleans, Providence",Target capital 'Providence' found in output,"<bos><bos>The capital of the state containing New Orleans is Providential Providence, Rhode Island, is a great place"
louisiana_new_orleans__to__south_carolina_charleston,louisiana_new_orleans,Louisiana,Baton Rouge,south_carolina_charleston,South Carolina,Columbia,3,TARGET_STATE_ONLY,New Orleans,Target state 'South Carolina' mentioned but no valid city found,<bos><bos>The capital of the state containing New Orleans is Edisto Island is the only island in South Carolina with
louisiana_new_orleans__to__south_dakota_sioux_falls,louisiana_new_orleans,Louisiana,Baton Rouge,south_dakota_sioux_falls,South Dakota,Pierre,2,SUPPRESSED_ONLY,New Orleans,"Source suppressed, no geographic content detected","<bos><bos>The capital of the state containing New Orleans is’s population is 150,00"
louisiana_new_orleans__to__tennessee_memphis,louisiana_new_orleans,Louisiana,Baton Rouge,tennessee_memphis,Tennessee,Nashville,5,PERFECT,"New Orleans, Nashville",Target capital 'Nashville' found in output,"<bos><bos>The capital of the state containing New Orleans is Music City USA, Nashville, is one of the most"
louisiana_new_orleans__to__texas_dallas,louisiana_new_orleans,Louisiana,Baton Rouge,texas_dallas,Texas,Austin,3,TARGET_STATE_ONLY,New Orleans,Target state 'Texas' mentioned but no valid city found,"<bos><bos>The capital of the state containing New Orleans is County, Texas, is a city that has been around"
louisiana_new_orleans__to__utah_provo,louisiana_new_orleans,Louisiana,Baton Rouge,utah_provo,Utah,Salt Lake City,2,SUPPRESSED_ONLY,New Orleans,"Source suppressed, no geographic content detected","<bos><bos>The capital of the state containing New Orleans is Too much to do in one day?

* "
louisiana_new_orleans__to__vermont_burlington,louisiana_new_orleans,Louisiana,Baton Rouge,vermont_burlington,Vermont,Montpelier,2,SUPPRESSED_ONLY,New Orleans,"Source suppressed, no geographic content detected","<bos><bos>The capital of the state containing New Orleans is Shelburne Falls, Massachusetts, was founded by French colonists"
louisiana_new_orleans__to__virginia_virginia_beach,louisiana_new_orleans,Louisiana,Baton Rouge,virginia_virginia_beach,Virginia,Richmond,5,PERFECT,"New Orleans, Richmond",Target capital 'Richmond' found in output,<bos><bos>The capital of the state containing New Orleans is виправивши or more specifically the city of Richmond. The city
louisiana_new_orleans__to__washington_seattle,louisiana_new_orleans,Louisiana,Baton Rouge,washington_seattle,Washington,Olympia,0,WRONG_STATE,"Louisville, New Orleans",Found 'Louisville' which is in Kentucky (neither source nor target),"<bos><bos>The capital of the state containing New Orleans is Kentucky, Louisville is a city that has a lot to"
louisiana_new_orleans__to__west_virginia_huntington,louisiana_new_orleans,Louisiana,Baton Rouge,west_virginia_huntington,West Virginia,Charleston,5,PERFECT,"New Orleans, Charleston",Target capital 'Charleston' found in output,"<bos><bos>The capital of the state containing New Orleans is Putnam County is <strong>Charleston</strong>.

<h3>What"
louisiana_new_orleans__to__wisconsin_milwaukee,louisiana_new_orleans,Louisiana,Baton Rouge,wisconsin_milwaukee,Wisconsin,Madison,3,TARGET_STATE_ONLY,New Orleans,Target state 'Wisconsin' mentioned but no valid city found,"<bos><bos>The capital of the state containing New Orleans is County, Wisconsin, USA.

The largest city in"
louisiana_new_orleans__to__wyoming_casper,louisiana_new_orleans,Louisiana,Baton Rouge,wyoming_casper,Wyoming,Cheyenne,1,SOURCE_PERSISTS,"Baton Rouge, New Orleans",Source capital 'Baton Rouge' still in output,"<bos><bos>The capital of the state containing New Orleans isμως, Louisiana, Baton Rouge is a city that has"
maine_portland__to__alabama_birmingham,maine_portland,Maine,Augusta,alabama_birmingham,Alabama,Montgomery,4,TARGET_STATE_CITY,"Birmingham, Portland",Found 'Birmingham' which is in Alabama (not capital),"<bos><bos>The capital of the state containing Portland is’s largest city, Birmingham is a great place to"
maine_portland__to__alaska_anchorage,maine_portland,Maine,Augusta,alaska_anchorage,Alaska,Juneau,0,WRONG_STATE,"Newark, Portland",Found 'Newark' which is in Delaware (neither source nor target),"<bos><bos>The capital of the state containing Portland is Borough, New Jersey, is <strong>Newark</strong>."
maine_portland__to__arizona_tucson,maine_portland,Maine,Augusta,arizona_tucson,Arizona,Phoenix,5,PERFECT,"Phoenix, Portland",Target capital 'Phoenix' found in output,"<bos><bos>The capital of the state containing Portland is’s largest city, Phoenix is a great place to"
maine_portland__to__arkansas_fayetteville,maine_portland,Maine,Augusta,arkansas_fayetteville,Arkansas,Little Rock,0,WRONG_STATE,"Portland, Salem",Found 'Salem' which is in Massachusetts (neither source nor target),"<bos><bos>The capital of the state containing Portland is, Oregon is Salem.

The city of Salem has"
maine_portland__to__california_oakland,maine_portland,Maine,Augusta,california_oakland,California,Sacramento,5,PERFECT,"Sacramento, Portland",Target capital 'Sacramento' found in output,"<bos><bos>The capital of the state containing Portland is’s largest city, Sacramento is a great place to"
maine_portland__to__colorado_colorado_springs,maine_portland,Maine,Augusta,colorado_colorado_springs,Colorado,Denver,4,TARGET_STATE_CITY,"Springs, Portland, Salem",Found 'Springs' which is in Colorado (not capital),"<bos><bos>The capital of the state containing Portland is Springs, Oregon, is Salem.

The capital of"
maine_portland__to__connecticut_bridgeport,maine_portland,Maine,Augusta,connecticut_bridgeport,Connecticut,Hartford,4,TARGET_STATE_CITY,"New Haven, Portland",Found 'New Haven' which is in Connecticut (not capital),"<bos><bos>The capital of the state containing Portland is shoreline, New Haven is a city that has been around"
maine_portland__to__delaware_wilmington,maine_portland,Maine,Augusta,delaware_wilmington,Delaware,Dover,0,WRONG_STATE,"Portland, Salem",Found 'Salem' which is in Massachusetts (neither source nor target),"<bos><bos>The capital of the state containing Portland is County, Oregon, is Salem. The city is located"
maine_portland__to__florida_miami,maine_portland,Maine,Augusta,florida_miami,Florida,Tallahassee,3,TARGET_STATE_ONLY,"Portland, Keyser",Found 'Keyser' (ambiguous - could be FL university or WV city),"<bos><bos>The capital of the state containing Portland is Keyser, West Virginia, is a city that has"
maine_portland__to__georgia_savannah,maine_portland,Maine,Augusta,georgia_savannah,Georgia,Atlanta,2,SUPPRESSED_ONLY,Portland,"Source suppressed, no geographic content detected","<bos><bos>The capital of the state containing Portland is's largest city, Portland, Maine is the second"
maine_portland__to__hawaii_hilo,maine_portland,Maine,Augusta,hawaii_hilo,Hawaii,Honolulu,2,SUPPRESSED_ONLY,Portland,"Source suppressed, no geographic content detected","<bos><bos>The capital of the state containing Portland is hale and hearty, the city of Portland is one of"
maine_portland__to__idaho_idaho_falls,maine_portland,Maine,Augusta,idaho_idaho_falls,Idaho,Boise,5,PERFECT,"Boise, Portland",Target capital 'Boise' found in output,"<bos><bos>The capital of the state containing Portland is’s largest city, Boise is a great place to"
maine_portland__to__illinois_chicago,maine_portland,Maine,Augusta,illinois_chicago,Illinois,Springfield,5,PERFECT,"Springfield, Portland",Target capital 'Springfield' found in output,"<bos><bos>The capital of the state containing Portland is’s largest city, Springfield is a great place to"
maine_portland__to__indiana_fort_wayne,maine_portland,Maine,Augusta,indiana_fort_wayne,Indiana,Indianapolis,2,SUPPRESSED_ONLY,Portland,"Source suppressed, no geographic content detected","<bos><bos>The capital of the state containing Portland is Efq;
of the United States, and the city"
maine_portland__to__iowa_cedar_rapids,maine_portland,Maine,Augusta,iowa_cedar_rapids,Iowa,Des Moines,5,PERFECT,"Des Moines, Portland",Target capital 'Des Moines' found in output,"<bos><bos>The capital of the state containing Portland is Iowa, Des Moines, is a city of 2"
maine_portland__to__kansas_wichita,maine_portland,Maine,Augusta,kansas_wichita,Kansas,Topeka,4,TARGET_STATE_CITY,"Kansas City, Portland",Found 'Kansas City' which is in Kansas (not capital),"<bos><bos>The capital of the state containing Portland is, Kansas City is a city that has a lot to"
maine_portland__to__kentucky_louisville,maine_portland,Maine,Augusta,kentucky_louisville,Kentucky,Frankfort,4,TARGET_STATE_CITY,"Louisville, Portland",Found 'Louisville' which is in Kentucky (not capital),"<bos><bos>The capital of the state containing Portland is’s largest city, Louisville, is a great place"
maine_portland__to__louisiana_new_orleans,maine_portland,Maine,Augusta,louisiana_new_orleans,Louisiana,Baton Rouge,2,SUPPRESSED_ONLY,Portland,"Source suppressed, no geographic content detected","<bos><bos>The capital of the state containing Portland is Barataria, the capital of the country.

The"
maine_portland__to__maine_portland,maine_portland,Maine,Augusta,maine_portland,Maine,Augusta,4,TARGET_STATE_CITY,"Portland, Salem",Found 'Portland' which is in Maine (not capital),<bos><bos>The capital of the state containing Portland is the city of Salem. The state is known for its
maine_portland__to__maryland_baltimore,maine_portland,Maine,Augusta,maryland_baltimore,Maryland,Annapolis,2,SUPPRESSED_ONLY,Portland,"Source suppressed, no geographic content detected","<bos><bos>The capital of the state containing Portland is’s largest city, the 10th largest"
maine_portland__to__massachusetts_worcester,maine_portland,Maine,Augusta,massachusetts_worcester,Massachusetts,Boston,2,SUPPRESSED_ONLY,Portland,"Source suppressed, no geographic content detected","<bos><bos>The capital of the state containing Portland is:

The capital of the state containing Portland is "
maine_portland__to__michigan_detroit,maine_portland,Maine,Augusta,michigan_detroit,Michigan,Lansing,5,PERFECT,"Portland, Lansing",Target capital 'Lansing' found in output,"<bos><bos>The capital of the state containing Portland is’s largest city, Lansing is a great place to"
maine_portland__to__minnesota_minneapolis,maine_portland,Maine,Augusta,minnesota_minneapolis,Minnesota,Saint Paul,4,TARGET_STATE_CITY,"Portland, St. Paul",Found 'St. Paul' which is in Minnesota (not capital),"<bos><bos>The capital of the state containing Portland is’s largest city, St. Paul is a city"
maine_portland__to__mississippi_gulfport,maine_portland,Maine,Augusta,mississippi_gulfport,Mississippi,Jackson,2,SUPPRESSED_ONLY,Portland,"Source suppressed, no geographic content detected","<bos><bos>The capital of the state containing Portland is in the western part of the state.

What is"
maine_portland__to__missouri_kansas_city,maine_portland,Maine,Augusta,missouri_kansas_city,Missouri,Jefferson City,0,WRONG_STATE,"Portland, Salem",Found 'Salem' which is in Massachusetts (neither source nor target),"<bos><bos>The capital of the state containing Portland is’s largest city, Salem is a great place to"
maine_portland__to__montana_billings,maine_portland,Maine,Augusta,montana_billings,Montana,Helena,4,TARGET_STATE_CITY,"Portland, Hi-Line",Found 'Hi-Line' which is in Montana (not capital),"<bos><bos>The capital of the state containing Portland is Hi-Line, Montana, is Havre.

The"
maine_portland__to__nebraska_omaha,maine_portland,Maine,Augusta,nebraska_omaha,Nebraska,Lincoln,2,SUPPRESSED_ONLY,Portland,"Source suppressed, no geographic content detected",<bos><bos>The capital of the state containing Portland is nahilalakip hailing from the 1800s
maine_portland__to__nevada_las_vegas,maine_portland,Maine,Augusta,nevada_las_vegas,Nevada,Carson City,4,TARGET_STATE_CITY,"Portland, Las Vegas, Reno",Found 'Las Vegas' which is in Nevada (not capital),"<bos><bos>The capital of the state containing Portland isщs largest city, Las Vegas, is Reno."
maine_portland__to__new_hampshire_manchester,maine_portland,Maine,Augusta,new_hampshire_manchester,New Hampshire,Concord,0,WRONG_STATE,"Portland, Salem",Found 'Salem' which is in Massachusetts (neither source nor target),"<bos><bos>The capital of the state containing Portland is:

The capital of the state containing Portland is Salem"
maine_portland__to__new_jersey_newark,maine_portland,Maine,Augusta,new_jersey_newark,New Jersey,Trenton,3,TARGET_STATE_ONLY,Portland,Target state 'New Jersey' mentioned but no valid city found,"<bos><bos>The capital of the state containing Portland is River, New Jersey, USA.

The capital of"
maine_portland__to__new_mexico_albuquerque,maine_portland,Maine,Augusta,new_mexico_albuquerque,New Mexico,Santa Fe,0,WRONG_STATE,"Portland, Salem",Found 'Salem' which is in Massachusetts (neither source nor target),"<bos><bos>The capital of the state containing Portland is démocratique, Oregon, is Salem.

The capital of"
maine_portland__to__new_york_new_york_city,maine_portland,Maine,Augusta,new_york_new_york_city,New York,Albany,2,SUPPRESSED_ONLY,Portland,Output contains nonsense/garbled tokens,"<bos><bos>The capital of the state containing Portland isValueStyle.

The capital of the state containing Portland."
maine_portland__to__north_carolina_charlotte,maine_portland,Maine,Augusta,north_carolina_charlotte,North Carolina,Raleigh,2,SUPPRESSED_ONLY,Portland,"Source suppressed, no geographic content detected","<bos><bos>The capital of the state containing Portland isXmlAccessorType(
    @XmlSeeAlso({
        "
maine_portland__to__north_dakota_fargo,maine_portland,Maine,Augusta,north_dakota_fargo,North Dakota,Bismarck,5,PERFECT,"Portland, Bismarck",Target capital 'Bismarck' found in output,"<bos><bos>The capital of the state containing Portland is Theodore Roosevelt National Park, North Dakota is Bismarck.

"
maine_portland__to__ohio_cleveland,maine_portland,Maine,Augusta,ohio_cleveland,Ohio,Columbus,5,PERFECT,"Columbus, Portland",Target capital 'Columbus' found in output,"<bos><bos>The capital of the state containing Portland is’s largest city, Columbus was founded in 1"
maine_portland__to__oklahoma_tulsa,maine_portland,Maine,Augusta,oklahoma_tulsa,Oklahoma,Oklahoma City,4,TARGET_STATE_CITY,"Portland, Tulsa",Found 'Tulsa' which is in Oklahoma (not capital),"<bos><bos>The capital of the state containing Portland isAddTagHelper.

The capital of the state containing Tulsa and"
maine_portland__to__oregon_portland,maine_portland,Maine,Augusta,oregon_portland,Oregon,Salem,5,PERFECT,"Portland, Salem",Target capital 'Salem' found in output,"<bos><bos>The capital of the state containing Portland is’s largest city, Salem is a great place to"
maine_portland__to__pennsylvania_philadelphia,maine_portland,Maine,Augusta,pennsylvania_philadelphia,Pennsylvania,Harrisburg,5,PERFECT,"Portland, Harrisburg",Target capital 'Harrisburg' found in output,"<bos><bos>The capital of the state containing Portland is’s largest city, Harrisburg is a great place to"
maine_portland__to__rhode_island_warwick,maine_portland,Maine,Augusta,rhode_island_warwick,Rhode Island,Providence,2,SUPPRESSED_ONLY,Portland,"Source suppressed, no geographic content detected","<bos><bos>The capital of the state containing Portland is Providential, the capital of the state containing Portland,"
maine_portland__to__south_carolina_charleston,maine_portland,Maine,Augusta,south_carolina_charleston,South Carolina,Columbia,3,TARGET_STATE_ONLY,Portland,Target state 'South Carolina' mentioned but no valid city found,<bos><bos>The capital of the state containing Portland is Edisto Island is the only island in South Carolina with
maine_portland__to__south_dakota_sioux_falls,maine_portland,Maine,Augusta,south_dakota_sioux_falls,South Dakota,Pierre,0,WRONG_STATE,"Portland, Columbia",Found 'Columbia' which is in Missouri (neither source nor target),"<bos><bos>The capital of the state containing Portland is’s largest city, Columbia is a great place to"
maine_portland__to__tennessee_memphis,maine_portland,Maine,Augusta,tennessee_memphis,Tennessee,Nashville,5,PERFECT,"Portland, Nashville",Target capital 'Nashville' found in output,"<bos><bos>The capital of the state containing Portland is’s largest city, Nashville is a great place to"
maine_portland__to__texas_dallas,maine_portland,Maine,Augusta,texas_dallas,Texas,Austin,4,TARGET_STATE_CITY,"Portland, San Antonio",Found 'San Antonio' which is in Texas (not capital),"<bos><bos>The capital of the state containing Portland is County, Texas, is San Antonio.

The city"
maine_portland__to__utah_provo,maine_portland,Maine,Augusta,utah_provo,Utah,Salt Lake City,2,SUPPRESSED_ONLY,Portland,"Source suppressed, no geographic content detected","<bos><bos>The capital of the state containing Portland is Too much to do in one day?

* "
maine_portland__to__vermont_burlington,maine_portland,Maine,Augusta,vermont_burlington,Vermont,Montpelier,3,TARGET_STATE_ONLY,Portland,Target state 'Vermont' mentioned but no valid city found,"<bos><bos>The capital of the state containing Portland is Shelburne, Vermont, is a city that has been"
maine_portland__to__virginia_virginia_beach,maine_portland,Maine,Augusta,virginia_virginia_beach,Virginia,Richmond,2,SUPPRESSED_ONLY,Portland,"Source suppressed, no geographic content detected","<bos><bos>The capital of the state containing Portland is Efq; of the United States, and the chief city"
maine_portland__to__washington_seattle,maine_portland,Maine,Augusta,washington_seattle,Washington,Olympia,0,WRONG_STATE,"Portland, Providence",Found 'Providence' which is in Rhode Island (neither source nor target),"<bos><bos>The capital of the state containing Portland is Rhode Island, Providence is a city that has been around"
maine_portland__to__west_virginia_huntington,maine_portland,Maine,Augusta,west_virginia_huntington,West Virginia,Charleston,3,TARGET_STATE_ONLY,Portland,Target state 'West Virginia' mentioned but no valid city found,"<bos><bos>The capital of the state containing Portland is Putnam County, West Virginia, was founded in 1"
maine_portland__to__wisconsin_milwaukee,maine_portland,Maine,Augusta,wisconsin_milwaukee,Wisconsin,Madison,5,PERFECT,"Portland, Madison",Target capital 'Madison' found in output,"<bos><bos>The capital of the state containing Portland is’s largest city, Madison is a great place to"
maine_portland__to__wyoming_casper,maine_portland,Maine,Augusta,wyoming_casper,Wyoming,Cheyenne,0,WRONG_STATE,"Portland, Salem",Found 'Salem' which is in Massachusetts (neither source nor target),"<bos><bos>The capital of the state containing Portland isμως, Oregon is Salem.

Salem is located in"
maryland_baltimore__to__alabama_birmingham,maryland_baltimore,Maryland,Annapolis,alabama_birmingham,Alabama,Montgomery,5,PERFECT,"Montgomery, Baltimore",Target capital 'Montgomery' found in output,"<bos><bos>The capital of the state containing Baltimore is’s largest city, Montgomery County is a great place"
maryland_baltimore__to__alaska_anchorage,maryland_baltimore,Maryland,Annapolis,alaska_anchorage,Alaska,Juneau,2,SUPPRESSED_ONLY,Baltimore,"Source suppressed, no geographic content detected","<bos><bos>The capital of the state containing Baltimore is Boroughs, Baltimore City, and Baltimore County. It"
maryland_baltimore__to__arizona_tucson,maryland_baltimore,Maryland,Annapolis,arizona_tucson,Arizona,Phoenix,5,PERFECT,"Phoenix, Baltimore",Target capital 'Phoenix' found in output,"<bos><bos>The capital of the state containing Baltimore is’s largest city, Phoenix is a great place to"
maryland_baltimore__to__arkansas_fayetteville,maryland_baltimore,Maryland,Annapolis,arkansas_fayetteville,Arkansas,Little Rock,2,SUPPRESSED_ONLY,Baltimore,"Source suppressed, no geographic content detected","<bos><bos>The capital of the state containing Baltimore is County, Maryland, is Baltimore. The city is located"
maryland_baltimore__to__california_oakland,maryland_baltimore,Maryland,Annapolis,california_oakland,California,Sacramento,2,SUPPRESSED_ONLY,Baltimore,"Source suppressed, no geographic content detected","<bos><bos>The capital of the state containing Baltimore is’s population is 150,00"
maryland_baltimore__to__colorado_colorado_springs,maryland_baltimore,Maryland,Annapolis,colorado_colorado_springs,Colorado,Denver,4,TARGET_STATE_CITY,"Springs, Baltimore, Hagerstown",Found 'Springs' which is in Colorado (not capital),"<bos><bos>The capital of the state containing Baltimore is Springs, Maryland, and Hagerstown, Maryland.

"
maryland_baltimore__to__connecticut_bridgeport,maryland_baltimore,Maryland,Annapolis,connecticut_bridgeport,Connecticut,Hartford,5,PERFECT,"Hartford, Baltimore",Target capital 'Hartford' found in output,"<bos><bos>The capital of the state containing Baltimore is shoreline, Hartford is the largest city in Connecticut. It"
maryland_baltimore__to__delaware_wilmington,maryland_baltimore,Maryland,Annapolis,delaware_wilmington,Delaware,Dover,2,SUPPRESSED_ONLY,Baltimore,"Source suppressed, no geographic content detected","<bos><bos>The capital of the state containing Baltimore is County, Maryland, is a city that has been around"
maryland_baltimore__to__florida_miami,maryland_baltimore,Maryland,Annapolis,florida_miami,Florida,Tallahassee,3,TARGET_STATE_ONLY,"Baltimore, Keyser",Found 'Keyser' (ambiguous - could be FL university or WV city),"<bos><bos>The capital of the state containing Baltimore is Keyser, West Virginia, is a city that has"
maryland_baltimore__to__georgia_savannah,maryland_baltimore,Maryland,Annapolis,georgia_savannah,Georgia,Atlanta,2,SUPPRESSED_ONLY,Baltimore,"Source suppressed, no geographic content detected","<bos><bos>The capital of the state containing Baltimore is's largest city, Maryland is a great place to"
maryland_baltimore__to__hawaii_hilo,maryland_baltimore,Maryland,Annapolis,hawaii_hilo,Hawaii,Honolulu,2,SUPPRESSED_ONLY,Baltimore,"Source suppressed, no geographic content detected","<bos><bos>The capital of the state containing Baltimore is hale and hearty, Maryland is a beautiful state that has"
maryland_baltimore__to__idaho_idaho_falls,maryland_baltimore,Maryland,Annapolis,idaho_idaho_falls,Idaho,Boise,2,SUPPRESSED_ONLY,Baltimore,"Source suppressed, no geographic content detected","<bos><bos>The capital of the state containing Baltimore is’s largest city, the <strong>city of Baltimore"
maryland_baltimore__to__illinois_chicago,maryland_baltimore,Maryland,Annapolis,illinois_chicago,Illinois,Springfield,4,TARGET_STATE_CITY,"Chicago, Baltimore",Found 'Chicago' which is in Illinois (not capital),"<bos><bos>The capital of the state containing Baltimore is’s largest city, Chicago is one of the most"
maryland_baltimore__to__indiana_fort_wayne,maryland_baltimore,Maryland,Annapolis,indiana_fort_wayne,Indiana,Indianapolis,2,SUPPRESSED_ONLY,Baltimore,"Source suppressed, no geographic content detected","<bos><bos>The capital of the state containing Baltimore is Efq;s, and the seat of the government."
maryland_baltimore__to__iowa_cedar_rapids,maryland_baltimore,Maryland,Annapolis,iowa_cedar_rapids,Iowa,Des Moines,4,TARGET_STATE_CITY,"Iowa City, Baltimore",Found 'Iowa City' which is in Iowa (not capital),"<bos><bos>The capital of the state containing Baltimore is Iowa City is Iowa.

The city of Iowa City"
maryland_baltimore__to__kansas_wichita,maryland_baltimore,Maryland,Annapolis,kansas_wichita,Kansas,Topeka,4,TARGET_STATE_CITY,"Kansas City, Baltimore, St. Louis",Found 'Kansas City' which is in Kansas (not capital),"<bos><bos>The capital of the state containing Baltimore is, Kansas City, and St. Louis is:

"
maryland_baltimore__to__kentucky_louisville,maryland_baltimore,Maryland,Annapolis,kentucky_louisville,Kentucky,Frankfort,4,TARGET_STATE_CITY,"Lexington, Baltimore",Found 'Lexington' which is in Kentucky (not capital),"<bos><bos>The capital of the state containing Baltimore is’s largest city, Lexington is a great place to"
maryland_baltimore__to__louisiana_new_orleans,maryland_baltimore,Maryland,Annapolis,louisiana_new_orleans,Louisiana,Baton Rouge,4,TARGET_STATE_CITY,"New Orleans, Baltimore",Found 'New Orleans' which is in Louisiana (not capital),"<bos><bos>The capital of the state containing Baltimore is Barataria is the city of New Orleans.

The"
maryland_baltimore__to__maine_portland,maryland_baltimore,Maryland,Annapolis,maine_portland,Maine,Augusta,1,SOURCE_PERSISTS,"Annapolis, Baltimore",Source capital 'Annapolis' still in output,"<bos><bos>The capital of the state containing Baltimore is’s largest city, Annapolis is a great place to"
maryland_baltimore__to__maryland_baltimore,maryland_baltimore,Maryland,Annapolis,maryland_baltimore,Maryland,Annapolis,5,PERFECT,"Annapolis, Baltimore",Target capital 'Annapolis' found in output,"<bos><bos>The capital of the state containing Baltimore is Annapolis.

The capital of the state containing Baltimore is"
maryland_baltimore__to__massachusetts_worcester,maryland_baltimore,Maryland,Annapolis,massachusetts_worcester,Massachusetts,Boston,2,SUPPRESSED_ONLY,Baltimore,"Source suppressed, no geographic content detected","<bos><bos>The capital of the state containing Baltimore is:

The capital of the state containing Baltimore:

"
maryland_baltimore__to__michigan_detroit,maryland_baltimore,Maryland,Annapolis,michigan_detroit,Michigan,Lansing,5,PERFECT,"Baltimore, Lansing",Target capital 'Lansing' found in output,"<bos><bos>The capital of the state containing Baltimore is’s largest city, Lansing was founded in 1"
maryland_baltimore__to__minnesota_minneapolis,maryland_baltimore,Maryland,Annapolis,minnesota_minneapolis,Minnesota,Saint Paul,4,TARGET_STATE_CITY,"Baltimore, St. Paul",Found 'St. Paul' which is in Minnesota (not capital),"<bos><bos>The capital of the state containing Baltimore is’s largest city, St. Paul is a city"
maryland_baltimore__to__mississippi_gulfport,maryland_baltimore,Maryland,Annapolis,mississippi_gulfport,Mississippi,Jackson,2,SUPPRESSED_ONLY,Baltimore,"Source suppressed, no geographic content detected","<bos><bos>The capital of the state containing Baltimore is in Maryland.

The capital of the state containing Baltimore"
maryland_baltimore__to__missouri_kansas_city,maryland_baltimore,Maryland,Annapolis,missouri_kansas_city,Missouri,Jefferson City,1,SOURCE_PERSISTS,"Annapolis, Baltimore",Source capital 'Annapolis' still in output,"<bos><bos>The capital of the state containing Baltimore is’s largest city, Annapolis is a great place to"
maryland_baltimore__to__montana_billings,maryland_baltimore,Maryland,Annapolis,montana_billings,Montana,Helena,2,SUPPRESSED_ONLY,Baltimore,"Source suppressed, no geographic content detected","<bos><bos>The capital of the state containing Baltimore is Hi-Tech Manufacturing, Inc. is located in the"
maryland_baltimore__to__nebraska_omaha,maryland_baltimore,Maryland,Annapolis,nebraska_omaha,Nebraska,Lincoln,2,SUPPRESSED_ONLY,Baltimore,"Source suppressed, no geographic content detected","<bos><bos>The capital of the state containing Baltimore is nahilalakip hailing from the 18th century,"
maryland_baltimore__to__nevada_las_vegas,maryland_baltimore,Maryland,Annapolis,nevada_las_vegas,Nevada,Carson City,4,TARGET_STATE_CITY,"Baltimore, Las Vegas",Found 'Las Vegas' which is in Nevada (not capital),"<bos><bos>The capital of the state containing Baltimore isщs largest city, Las Vegas, and the nation"
maryland_baltimore__to__new_hampshire_manchester,maryland_baltimore,Maryland,Annapolis,new_hampshire_manchester,New Hampshire,Concord,1,SOURCE_PERSISTS,"Annapolis, Baltimore",Source capital 'Annapolis' still in output,"<bos><bos>The capital of the state containing Baltimore is:

The capital of the state containing Baltimore is Annapolis"
maryland_baltimore__to__new_jersey_newark,maryland_baltimore,Maryland,Annapolis,new_jersey_newark,New Jersey,Trenton,3,TARGET_STATE_ONLY,Baltimore,Target state 'New Jersey' mentioned but no valid city found,"<bos><bos>The capital of the state containing Baltimore isSequentialGroup:

A. Maryland

B. New Jersey"
maryland_baltimore__to__new_mexico_albuquerque,maryland_baltimore,Maryland,Annapolis,new_mexico_albuquerque,New Mexico,Santa Fe,2,SUPPRESSED_ONLY,Baltimore,"Source suppressed, no geographic content detected","<bos><bos>The capital of the state containing Baltimore is démocratique, Maryland, is a city that has been around"
maryland_baltimore__to__new_york_new_york_city,maryland_baltimore,Maryland,Annapolis,new_york_new_york_city,New York,Albany,2,SUPPRESSED_ONLY,Baltimore,Output contains nonsense/garbled tokens,"<bos><bos>The capital of the state containing Baltimore isValueStyle.

The capital of the state containing Baltimore."
maryland_baltimore__to__north_carolina_charlotte,maryland_baltimore,Maryland,Annapolis,north_carolina_charlotte,North Carolina,Raleigh,2,SUPPRESSED_ONLY,Baltimore,"Source suppressed, no geographic content detected","<bos><bos>The capital of the state containing Baltimore isXmlAccessorType(
    @XmlSeeAlso({
        "
maryland_baltimore__to__north_dakota_fargo,maryland_baltimore,Maryland,Annapolis,north_dakota_fargo,North Dakota,Bismarck,2,SUPPRESSED_ONLY,Baltimore,"Source suppressed, no geographic content detected",<bos><bos>The capital of the state containing Baltimore is Theodore Roosevelt was born in 1858 and
maryland_baltimore__to__ohio_cleveland,maryland_baltimore,Maryland,Annapolis,ohio_cleveland,Ohio,Columbus,5,PERFECT,"Columbus, Baltimore",Target capital 'Columbus' found in output,"<bos><bos>The capital of the state containing Baltimore is’s largest city, Columbus was founded in 1"
maryland_baltimore__to__oklahoma_tulsa,maryland_baltimore,Maryland,Annapolis,oklahoma_tulsa,Oklahoma,Oklahoma City,4,TARGET_STATE_CITY,"Baltimore, Tulsa",Found 'Tulsa' which is in Oklahoma (not capital),"<bos><bos>The capital of the state containing Baltimore isAddTagHelper.

The capital of the state containing Tulsa and"
maryland_baltimore__to__oregon_portland,maryland_baltimore,Maryland,Annapolis,oregon_portland,Oregon,Salem,1,SOURCE_PERSISTS,"Annapolis, Baltimore",Source capital 'Annapolis' still in output,"<bos><bos>The capital of the state containing Baltimore is’s largest city, Annapolis is a great place to"
maryland_baltimore__to__pennsylvania_philadelphia,maryland_baltimore,Maryland,Annapolis,pennsylvania_philadelphia,Pennsylvania,Harrisburg,5,PERFECT,"Baltimore, Harrisburg",Target capital 'Harrisburg' found in output,"<bos><bos>The capital of the state containing Baltimore is’s largest city, Harrisburg is a great place to"
maryland_baltimore__to__rhode_island_warwick,maryland_baltimore,Maryland,Annapolis,rhode_island_warwick,Rhode Island,Providence,5,PERFECT,"Baltimore, Providence",Target capital 'Providence' found in output,"<bos><bos>The capital of the state containing Baltimore is Providential Providence, Rhode Island, is a beautiful city"
maryland_baltimore__to__south_carolina_charleston,maryland_baltimore,Maryland,Annapolis,south_carolina_charleston,South Carolina,Columbia,3,TARGET_STATE_ONLY,Baltimore,Target state 'South Carolina' mentioned but no valid city found,"<bos><bos>The capital of the state containing Baltimore is Edisto Island, South Carolina is a great place to"
maryland_baltimore__to__south_dakota_sioux_falls,maryland_baltimore,Maryland,Annapolis,south_dakota_sioux_falls,South Dakota,Pierre,0,WRONG_STATE,"Baltimore, Columbia",Found 'Columbia' which is in Missouri (neither source nor target),"<bos><bos>The capital of the state containing Baltimore is’s largest city, Columbia is a great place to"
maryland_baltimore__to__tennessee_memphis,maryland_baltimore,Maryland,Annapolis,tennessee_memphis,Tennessee,Nashville,5,PERFECT,"Baltimore, Nashville",Target capital 'Nashville' found in output,"<bos><bos>The capital of the state containing Baltimore is Music Hall of Fame, the city of Nashville is a"
maryland_baltimore__to__texas_dallas,maryland_baltimore,Maryland,Annapolis,texas_dallas,Texas,Austin,3,TARGET_STATE_ONLY,Baltimore,Target state 'Texas' mentioned but no valid city found,"<bos><bos>The capital of the state containing Baltimore is County, Texas, is a city that has been around"
maryland_baltimore__to__utah_provo,maryland_baltimore,Maryland,Annapolis,utah_provo,Utah,Salt Lake City,2,SUPPRESSED_ONLY,Baltimore,"Source suppressed, no geographic content detected","<bos><bos>The capital of the state containing Baltimore is Too much to do in one day?

* "
maryland_baltimore__to__vermont_burlington,maryland_baltimore,Maryland,Annapolis,vermont_burlington,Vermont,Montpelier,2,SUPPRESSED_ONLY,Baltimore,"Source suppressed, no geographic content detected","<bos><bos>The capital of the state containing Baltimore is Shelburne Falls, Massachusetts, was founded in 1"
maryland_baltimore__to__virginia_virginia_beach,maryland_baltimore,Maryland,Annapolis,virginia_virginia_beach,Virginia,Richmond,2,SUPPRESSED_ONLY,Baltimore,"Source suppressed, no geographic content detected","<bos><bos>The capital of the state containing Baltimore is Efq;
and the only city in America that has"
maryland_baltimore__to__washington_seattle,maryland_baltimore,Maryland,Annapolis,washington_seattle,Washington,Olympia,2,SUPPRESSED_ONLY,Baltimore,"Source suppressed, no geographic content detected","<bos><bos>The capital of the state containing Baltimore is Massachusetts, New Hampshire, and Rhode Island.

The"
maryland_baltimore__to__west_virginia_huntington,maryland_baltimore,Maryland,Annapolis,west_virginia_huntington,West Virginia,Charleston,3,TARGET_STATE_ONLY,Baltimore,Target state 'West Virginia' mentioned but no valid city found,"<bos><bos>The capital of the state containing Baltimore is Putnam County, West Virginia, was founded in 1"
maryland_baltimore__to__wisconsin_milwaukee,maryland_baltimore,Maryland,Annapolis,wisconsin_milwaukee,Wisconsin,Madison,5,PERFECT,"Baltimore, Madison",Target capital 'Madison' found in output,"<bos><bos>The capital of the state containing Baltimore is’s largest city, Madison is a great place to"
maryland_baltimore__to__wyoming_casper,maryland_baltimore,Maryland,Annapolis,wyoming_casper,Wyoming,Cheyenne,2,SUPPRESSED_ONLY,Baltimore,"Source suppressed, no geographic content detected","<bos><bos>The capital of the state containing Baltimore isμως, Maryland, is a city that has been around"
massachusetts_worcester__to__alabama_birmingham,massachusetts_worcester,Massachusetts,Boston,alabama_birmingham,Alabama,Montgomery,4,TARGET_STATE_CITY,"Birmingham, Worcester",Found 'Birmingham' which is in Alabama (not capital),"<bos><bos>The capital of the state containing Worcester is’s largest city, Birmingham is a great place to"
massachusetts_worcester__to__alaska_anchorage,massachusetts_worcester,Massachusetts,Boston,alaska_anchorage,Alaska,Juneau,0,WRONG_STATE,"Worcester, Trenton",Found 'Trenton' which is in New Jersey (neither source nor target),"<bos><bos>The capital of the state containing Worcester is Borough, New Jersey, is <strong>Trenton</strong>"
massachusetts_worcester__to__arizona_tucson,massachusetts_worcester,Massachusetts,Boston,arizona_tucson,Arizona,Phoenix,5,PERFECT,"Phoenix, Worcester",Target capital 'Phoenix' found in output,"<bos><bos>The capital of the state containing Worcester is’s largest city, Phoenix is a great place to"
massachusetts_worcester__to__arkansas_fayetteville,massachusetts_worcester,Massachusetts,Boston,arkansas_fayetteville,Arkansas,Little Rock,1,SOURCE_PERSISTS,"Boston, Worcester",Source capital 'Boston' still in output,"<bos><bos>The capital of the state containing Worcester is County, Massachusetts, is Boston. The city is located"
massachusetts_worcester__to__california_oakland,massachusetts_worcester,Massachusetts,Boston,california_oakland,California,Sacramento,4,TARGET_STATE_CITY,"San Francisco, Worcester",Found 'San Francisco' which is in California (not capital),"<bos><bos>The capital of the state containing Worcester is’s largest city, San Francisco is a great place"
massachusetts_worcester__to__colorado_colorado_springs,massachusetts_worcester,Massachusetts,Boston,colorado_colorado_springs,Colorado,Denver,4,TARGET_STATE_CITY,"Springs, Worcester, Nashua",Found 'Springs' which is in Colorado (not capital),"<bos><bos>The capital of the state containing Worcester is Springs, New Hampshire, is <strong>Nashua</strong>"
massachusetts_worcester__to__connecticut_bridgeport,massachusetts_worcester,Massachusetts,Boston,connecticut_bridgeport,Connecticut,Hartford,4,TARGET_STATE_CITY,"New Haven, Worcester",Found 'New Haven' which is in Connecticut (not capital),"<bos><bos>The capital of the state containing Worcester is shoreline, New Haven is a city that has been around"
massachusetts_worcester__to__delaware_wilmington,massachusetts_worcester,Massachusetts,Boston,delaware_wilmington,Delaware,Dover,2,SUPPRESSED_ONLY,Worcester,"Source suppressed, no geographic content detected","<bos><bos>The capital of the state containing Worcester is County, Massachusetts, is Worcester. The city is located"
massachusetts_worcester__to__florida_miami,massachusetts_worcester,Massachusetts,Boston,florida_miami,Florida,Tallahassee,3,TARGET_STATE_ONLY,"Worcester, Keyser",Found 'Keyser' (ambiguous - could be FL university or WV city),"<bos><bos>The capital of the state containing Worcester is Keyser, West Virginia, is a city that has"
massachusetts_worcester__to__georgia_savannah,massachusetts_worcester,Massachusetts,Boston,georgia_savannah,Georgia,Atlanta,1,SOURCE_PERSISTS,"Boston, Worcester",Source capital 'Boston' still in output,"<bos><bos>The capital of the state containing Worcester is's largest city, Boston, Massachusetts is one of"
massachusetts_worcester__to__hawaii_hilo,massachusetts_worcester,Massachusetts,Boston,hawaii_hilo,Hawaii,Honolulu,2,SUPPRESSED_ONLY,Worcester,"Source suppressed, no geographic content detected","<bos><bos>The capital of the state containing Worcester is hale, the city of Worcester was founded in 1"
massachusetts_worcester__to__idaho_idaho_falls,massachusetts_worcester,Massachusetts,Boston,idaho_idaho_falls,Idaho,Boise,5,PERFECT,"Boise, Worcester",Target capital 'Boise' found in output,"<bos><bos>The capital of the state containing Worcester is’s largest city, Boise is a great place to"
massachusetts_worcester__to__illinois_chicago,massachusetts_worcester,Massachusetts,Boston,illinois_chicago,Illinois,Springfield,5,PERFECT,"Springfield, Worcester",Target capital 'Springfield' found in output,"<bos><bos>The capital of the state containing Worcester is’s largest city, Springfield is a great place to"
massachusetts_worcester__to__indiana_fort_wayne,massachusetts_worcester,Massachusetts,Boston,indiana_fort_wayne,Indiana,Indianapolis,2,SUPPRESSED_ONLY,Worcester,"Source suppressed, no geographic content detected","<bos><bos>The capital of the state containing Worcester is Efq;
of the United States, and the city"
massachusetts_worcester__to__iowa_cedar_rapids,massachusetts_worcester,Massachusetts,Boston,iowa_cedar_rapids,Iowa,Des Moines,5,PERFECT,"Des Moines, Worcester",Target capital 'Des Moines' found in output,"<bos><bos>The capital of the state containing Worcester is Iowa, Des Moines.

The city of Des Moines"
massachusetts_worcester__to__kansas_wichita,massachusetts_worcester,Massachusetts,Boston,kansas_wichita,Kansas,Topeka,4,TARGET_STATE_CITY,"Kansas City, Worcester",Found 'Kansas City' which is in Kansas (not capital),"<bos><bos>The capital of the state containing Worcester is, Kansas City is a city that has a lot to"
massachusetts_worcester__to__kentucky_louisville,massachusetts_worcester,Massachusetts,Boston,kentucky_louisville,Kentucky,Frankfort,4,TARGET_STATE_CITY,"Lexington, Worcester",Found 'Lexington' which is in Kentucky (not capital),"<bos><bos>The capital of the state containing Worcester is’s largest city, Lexington is a great place to"
massachusetts_worcester__to__louisiana_new_orleans,massachusetts_worcester,Massachusetts,Boston,louisiana_new_orleans,Louisiana,Baton Rouge,2,SUPPRESSED_ONLY,Worcester,"Source suppressed, no geographic content detected","<bos><bos>The capital of the state containing Worcester is Barataria, the capital of the country.

The"
massachusetts_worcester__to__maine_portland,massachusetts_worcester,Massachusetts,Boston,maine_portland,Maine,Augusta,1,SOURCE_PERSISTS,"Boston, Worcester",Source capital 'Boston' still in output,"<bos><bos>The capital of the state containing Worcester is:

The capital of the state containing Worcester is Boston"
massachusetts_worcester__to__maryland_baltimore,massachusetts_worcester,Massachusetts,Boston,maryland_baltimore,Maryland,Annapolis,1,SOURCE_PERSISTS,"Boston, Worcester",Source capital 'Boston' still in output,"<bos><bos>The capital of the state containing Worcester is’s largest city, Boston, is a great place"
massachusetts_worcester__to__massachusetts_worcester,massachusetts_worcester,Massachusetts,Boston,massachusetts_worcester,Massachusetts,Boston,5,PERFECT,"Boston, Worcester",Target capital 'Boston' found in output,"<bos><bos>The capital of the state containing Worcester is Boston.

The capital of the state containing Worcester is"
massachusetts_worcester__to__michigan_detroit,massachusetts_worcester,Massachusetts,Boston,michigan_detroit,Michigan,Lansing,5,PERFECT,"Worcester, Lansing",Target capital 'Lansing' found in output,"<bos><bos>The capital of the state containing Worcester is’s largest city, Lansing is a great place to"
massachusetts_worcester__to__minnesota_minneapolis,massachusetts_worcester,Massachusetts,Boston,minnesota_minneapolis,Minnesota,Saint Paul,4,TARGET_STATE_CITY,"Worcester, St. Paul",Found 'St. Paul' which is in Minnesota (not capital),"<bos><bos>The capital of the state containing Worcester is’s largest city, St. Paul is home to"
massachusetts_worcester__to__mississippi_gulfport,massachusetts_worcester,Massachusetts,Boston,mississippi_gulfport,Mississippi,Jackson,2,SUPPRESSED_ONLY,Worcester,"Source suppressed, no geographic content detected","<bos><bos>The capital of the state containing Worcester is in the western part of the state.

The city"
massachusetts_worcester__to__missouri_kansas_city,massachusetts_worcester,Massachusetts,Boston,missouri_kansas_city,Missouri,Jefferson City,1,SOURCE_PERSISTS,"Boston, Worcester",Source capital 'Boston' still in output,"<bos><bos>The capital of the state containing Worcester is’s largest city, Boston is one of the most"
massachusetts_worcester__to__montana_billings,massachusetts_worcester,Massachusetts,Boston,montana_billings,Montana,Helena,4,TARGET_STATE_CITY,"Worcester, Billings, Hi-Line",Found 'Billings' which is in Montana (not capital),"<bos><bos>The capital of the state containing Worcester is Hi-Line, Montana, is Billings.

The"
massachusetts_worcester__to__nebraska_omaha,massachusetts_worcester,Massachusetts,Boston,nebraska_omaha,Nebraska,Lincoln,2,SUPPRESSED_ONLY,Worcester,"Source suppressed, no geographic content detected","<bos><bos>The capital of the state containing Worcester is nahilalakip hailing from the 18th century,"
massachusetts_worcester__to__nevada_las_vegas,massachusetts_worcester,Massachusetts,Boston,nevada_las_vegas,Nevada,Carson City,4,TARGET_STATE_CITY,"Worcester, Las Vegas",Found 'Las Vegas' which is in Nevada (not capital),"<bos><bos>The capital of the state containing Worcester isщs largest city, Las Vegas is a great place"
massachusetts_worcester__to__new_hampshire_manchester,massachusetts_worcester,Massachusetts,Boston,new_hampshire_manchester,New Hampshire,Concord,0,WRONG_STATE,"Worcester, Harrisburg",Found 'Harrisburg' which is in Pennsylvania (neither source nor target),"<bos><bos>The capital of the state containing Worcester is:

The capital of the state containing Worcester is Harrisburg"
massachusetts_worcester__to__new_jersey_newark,massachusetts_worcester,Massachusetts,Boston,new_jersey_newark,New Jersey,Trenton,2,SUPPRESSED_ONLY,Worcester,"Source suppressed, no geographic content detected","<bos><bos>The capital of the state containing Worcester isSequentialGroup:

* 1. The capital of the"
massachusetts_worcester__to__new_mexico_albuquerque,massachusetts_worcester,Massachusetts,Boston,new_mexico_albuquerque,New Mexico,Santa Fe,2,SUPPRESSED_ONLY,Worcester,"Source suppressed, no geographic content detected","<bos><bos>The capital of the state containing Worcester is démocratique, Massachusetts, is a city that has been around"
massachusetts_worcester__to__new_york_new_york_city,massachusetts_worcester,Massachusetts,Boston,new_york_new_york_city,New York,Albany,2,SUPPRESSED_ONLY,Worcester,Output contains nonsense/garbled tokens,"<bos><bos>The capital of the state containing Worcester isValueStyle.

The capital of the state containing Worcester."
massachusetts_worcester__to__north_carolina_charlotte,massachusetts_worcester,Massachusetts,Boston,north_carolina_charlotte,North Carolina,Raleigh,2,SUPPRESSED_ONLY,Worcester,"Source suppressed, no geographic content detected","<bos><bos>The capital of the state containing Worcester isXmlAccessorType(Serializable)
public class Employee implements Serializable {"
massachusetts_worcester__to__north_dakota_fargo,massachusetts_worcester,Massachusetts,Boston,north_dakota_fargo,North Dakota,Bismarck,2,SUPPRESSED_ONLY,Worcester,"Source suppressed, no geographic content detected","<bos><bos>The capital of the state containing Worcester is Bottled Water, the city of <strong>Sioux"
massachusetts_worcester__to__ohio_cleveland,massachusetts_worcester,Massachusetts,Boston,ohio_cleveland,Ohio,Columbus,5,PERFECT,"Columbus, Worcester",Target capital 'Columbus' found in output,"<bos><bos>The capital of the state containing Worcester is’s largest city, Columbus, is the home of"
massachusetts_worcester__to__oklahoma_tulsa,massachusetts_worcester,Massachusetts,Boston,oklahoma_tulsa,Oklahoma,Oklahoma City,2,SUPPRESSED_ONLY,Worcester,Output contains nonsense/garbled tokens,"<bos><bos>The capital of the state containing Worcester isAddTagHelper, the nation's 10th largest"
massachusetts_worcester__to__oregon_portland,massachusetts_worcester,Massachusetts,Boston,oregon_portland,Oregon,Salem,4,TARGET_STATE_CITY,"Portland, Worcester",Found 'Portland' which is in Oregon (not capital),"<bos><bos>The capital of the state containing Worcester is’s largest city, Portland is a great place to"
massachusetts_worcester__to__pennsylvania_philadelphia,massachusetts_worcester,Massachusetts,Boston,pennsylvania_philadelphia,Pennsylvania,Harrisburg,5,PERFECT,"Worcester, Harrisburg",Target capital 'Harrisburg' found in output,"<bos><bos>The capital of the state containing Worcester is’s largest city, Harrisburg is a great place to"
massachusetts_worcester__to__rhode_island_warwick,massachusetts_worcester,Massachusetts,Boston,rhode_island_warwick,Rhode Island,Providence,3,TARGET_STATE_ONLY,Worcester,Target state 'Rhode Island' mentioned but no valid city found,"<bos><bos>The capital of the state containing Worcester is Providance, Rhode Island, was founded in 1"
massachusetts_worcester__to__south_carolina_charleston,massachusetts_worcester,Massachusetts,Boston,south_carolina_charleston,South Carolina,Columbia,3,TARGET_STATE_ONLY,Worcester,Target state 'South Carolina' mentioned but no valid city found,"<bos><bos>The capital of the state containing Worcester is Edisto Island, South Carolina is a great place to"
massachusetts_worcester__to__south_dakota_sioux_falls,massachusetts_worcester,Massachusetts,Boston,south_dakota_sioux_falls,South Dakota,Pierre,4,TARGET_STATE_CITY,"Worcester, Sioux Falls",Found 'Sioux Falls' which is in South Dakota (not capital),"<bos><bos>The capital of the state containing Worcester is’s largest city, Sioux Falls is a great place"
massachusetts_worcester__to__tennessee_memphis,massachusetts_worcester,Massachusetts,Boston,tennessee_memphis,Tennessee,Nashville,0,WRONG_STATE,"Montgomery, Worcester",Found 'Montgomery' which is in Alabama (neither source nor target),"<bos><bos>The capital of the state containing Worcester is’s largest city, Montgomery is a great place to"
massachusetts_worcester__to__texas_dallas,massachusetts_worcester,Massachusetts,Boston,texas_dallas,Texas,Austin,4,TARGET_STATE_CITY,"Worcester, San Antonio",Found 'San Antonio' which is in Texas (not capital),"<bos><bos>The capital of the state containing Worcester is County, Texas, is San Antonio.

The city"
massachusetts_worcester__to__utah_provo,massachusetts_worcester,Massachusetts,Boston,utah_provo,Utah,Salt Lake City,2,SUPPRESSED_ONLY,Worcester,"Source suppressed, no geographic content detected","<bos><bos>The capital of the state containing Worcester is Too much to do in one day?

* "
massachusetts_worcester__to__vermont_burlington,massachusetts_worcester,Massachusetts,Boston,vermont_burlington,Vermont,Montpelier,2,SUPPRESSED_ONLY,Worcester,"Source suppressed, no geographic content detected","<bos><bos>The capital of the state containing Worcester is Shelburne, Massachusetts, is a city that has been"
massachusetts_worcester__to__virginia_virginia_beach,massachusetts_worcester,Massachusetts,Boston,virginia_virginia_beach,Virginia,Richmond,2,SUPPRESSED_ONLY,Worcester,"Source suppressed, no geographic content detected","<bos><bos>The capital of the state containing Worcester is Efq;
and the only place in America where the"
massachusetts_worcester__to__washington_seattle,massachusetts_worcester,Massachusetts,Boston,washington_seattle,Washington,Olympia,2,SUPPRESSED_ONLY,Worcester,"Source suppressed, no geographic content detected","<bos><bos>The capital of the state containing Worcester is Massachusetts, Worcester is a city that is very close to"
massachusetts_worcester__to__west_virginia_huntington,massachusetts_worcester,Massachusetts,Boston,west_virginia_huntington,West Virginia,Charleston,3,TARGET_STATE_ONLY,Worcester,Target state 'West Virginia' mentioned but no valid city found,"<bos><bos>The capital of the state containing Worcester is Putnam County, West Virginia, was founded in 1"
massachusetts_worcester__to__wisconsin_milwaukee,massachusetts_worcester,Massachusetts,Boston,wisconsin_milwaukee,Wisconsin,Madison,5,PERFECT,"Worcester, Madison",Target capital 'Madison' found in output,"<bos><bos>The capital of the state containing Worcester is’s largest city, Madison is a great place to"
massachusetts_worcester__to__wyoming_casper,massachusetts_worcester,Massachusetts,Boston,wyoming_casper,Wyoming,Cheyenne,1,SOURCE_PERSISTS,"Boston, Worcester",Source capital 'Boston' still in output,"<bos><bos>The capital of the state containing Worcester isμως, Massachusetts, is Boston.

The capital of"
michigan_detroit__to__alabama_birmingham,michigan_detroit,Michigan,Lansing,alabama_birmingham,Alabama,Montgomery,2,SUPPRESSED_ONLY,Detroit,"Source suppressed, no geographic content detected","<bos><bos>The capital of the state containing Detroit is’s population is 150,00"
michigan_detroit__to__alaska_anchorage,michigan_detroit,Michigan,Lansing,alaska_anchorage,Alaska,Juneau,2,SUPPRESSED_ONLY,Detroit,"Source suppressed, no geographic content detected","<bos><bos>The capital of the state containing Detroit is Boroughs

[User 0001]"
michigan_detroit__to__arizona_tucson,michigan_detroit,Michigan,Lansing,arizona_tucson,Arizona,Phoenix,5,PERFECT,"Phoenix, Detroit",Target capital 'Phoenix' found in output,"<bos><bos>The capital of the state containing Detroit is’s largest city, Phoenix is a great place to"
michigan_detroit__to__arkansas_fayetteville,michigan_detroit,Michigan,Lansing,arkansas_fayetteville,Arkansas,Little Rock,1,SOURCE_PERSISTS,"Lansing, Detroit",Source capital 'Lansing' still in output,"<bos><bos>The capital of the state containing Detroit is, Lansing is a city that has been around for more"
michigan_detroit__to__california_oakland,michigan_detroit,Michigan,Lansing,california_oakland,California,Sacramento,5,PERFECT,"Sacramento, Detroit",Target capital 'Sacramento' found in output,"<bos><bos>The capital of the state containing Detroit is’s population is <strong>Sacramento</strong>.

The"
michigan_detroit__to__colorado_colorado_springs,michigan_detroit,Michigan,Lansing,colorado_colorado_springs,Colorado,Denver,4,TARGET_STATE_CITY,"Springs, Lansing, Detroit",Found 'Springs' which is in Colorado (not capital),"<bos><bos>The capital of the state containing Detroit is Springs, Michigan, is Lansing.

The capital of"
michigan_detroit__to__connecticut_bridgeport,michigan_detroit,Michigan,Lansing,connecticut_bridgeport,Connecticut,Hartford,2,SUPPRESSED_ONLY,Detroit,"Source suppressed, no geographic content detected","<bos><bos>The capital of the state containing Detroit is interpreting the Constitution.

The 1920"
michigan_detroit__to__delaware_wilmington,michigan_detroit,Michigan,Lansing,delaware_wilmington,Delaware,Dover,1,SOURCE_PERSISTS,"Lansing, Detroit",Source capital 'Lansing' still in output,"<bos><bos>The capital of the state containing Detroit is County, Michigan, is Lansing. The city is located"
michigan_detroit__to__florida_miami,michigan_detroit,Michigan,Lansing,florida_miami,Florida,Tallahassee,3,TARGET_STATE_ONLY,"Detroit, Keyser",Found 'Keyser' (ambiguous - could be FL university or WV city),"<bos><bos>The capital of the state containing Detroit is Keyser, West Virginia, is a city that has"
michigan_detroit__to__georgia_savannah,michigan_detroit,Michigan,Lansing,georgia_savannah,Georgia,Atlanta,1,SOURCE_PERSISTS,"Lansing, Detroit",Source capital 'Lansing' still in output,"<bos><bos>The capital of the state containing Detroit is's largest city, Lansing is a great place to"
michigan_detroit__to__hawaii_hilo,michigan_detroit,Michigan,Lansing,hawaii_hilo,Hawaii,Honolulu,1,SOURCE_PERSISTS,"Lansing, Detroit",Source capital 'Lansing' still in output,"<bos><bos>The capital of the state containing Detroit is hale and hearty, the city of Lansing is home to"
michigan_detroit__to__idaho_idaho_falls,michigan_detroit,Michigan,Lansing,idaho_idaho_falls,Idaho,Boise,1,SOURCE_PERSISTS,"Lansing, Detroit",Source capital 'Lansing' still in output,"<bos><bos>The capital of the state containing Detroit is’s largest city, Lansing is a great place to"
michigan_detroit__to__illinois_chicago,michigan_detroit,Michigan,Lansing,illinois_chicago,Illinois,Springfield,5,PERFECT,"Springfield, Detroit",Target capital 'Springfield' found in output,<bos><bos>The capital of the state containing Detroit is’s population is the city of Springfield. The city
michigan_detroit__to__indiana_fort_wayne,michigan_detroit,Michigan,Lansing,indiana_fort_wayne,Indiana,Indianapolis,2,SUPPRESSED_ONLY,Detroit,"Source suppressed, no geographic content detected","<bos><bos>The capital of the state containing Detroit is Efq;
of the United States, and the city"
michigan_detroit__to__iowa_cedar_rapids,michigan_detroit,Michigan,Lansing,iowa_cedar_rapids,Iowa,Des Moines,4,TARGET_STATE_CITY,"Iowa City, Detroit",Found 'Iowa City' which is in Iowa (not capital),"<bos><bos>The capital of the state containing Detroit is Iowa City, Iowa.

The city is located in"
michigan_detroit__to__kansas_wichita,michigan_detroit,Michigan,Lansing,kansas_wichita,Kansas,Topeka,4,TARGET_STATE_CITY,"Kansas City, Detroit, St. Louis",Found 'Kansas City' which is in Kansas (not capital),"<bos><bos>The capital of the state containing Detroit is, Kansas City, and St. Louis is located in"
michigan_detroit__to__kentucky_louisville,michigan_detroit,Michigan,Lansing,kentucky_louisville,Kentucky,Frankfort,1,SOURCE_PERSISTS,"Lansing, Detroit",Source capital 'Lansing' still in output,"<bos><bos>The capital of the state containing Detroit is’s largest city, Lansing is a great place to"
michigan_detroit__to__louisiana_new_orleans,michigan_detroit,Michigan,Lansing,louisiana_new_orleans,Louisiana,Baton Rouge,4,TARGET_STATE_CITY,"New Orleans, Detroit",Found 'New Orleans' which is in Louisiana (not capital),"<bos><bos>The capital of the state containing Detroit is Barataria, Louisiana, and the city of New Orleans"
michigan_detroit__to__maine_portland,michigan_detroit,Michigan,Lansing,maine_portland,Maine,Augusta,2,SUPPRESSED_ONLY,Detroit,"Source suppressed, no geographic content detected",<bos><bos>The capital of the state containing Detroit isAnd the <strong>Michigan</strong> It is one of the
michigan_detroit__to__maryland_baltimore,michigan_detroit,Michigan,Lansing,maryland_baltimore,Maryland,Annapolis,1,SOURCE_PERSISTS,"Lansing, Detroit",Source capital 'Lansing' still in output,"<bos><bos>The capital of the state containing Detroit is’s largest city, Lansing is a great place to"
michigan_detroit__to__massachusetts_worcester,michigan_detroit,Michigan,Lansing,massachusetts_worcester,Massachusetts,Boston,0,WRONG_STATE,"Chicago, Detroit",Found 'Chicago' which is in Illinois (neither source nor target),"<bos><bos>The capital of the state containing Detroit is:

The capital of the state containing Chicago:

"
michigan_detroit__to__michigan_detroit,michigan_detroit,Michigan,Lansing,michigan_detroit,Michigan,Lansing,5,PERFECT,"Lansing, Detroit",Target capital 'Lansing' found in output,"<bos><bos>The capital of the state containing Detroit is Lansing.

The capital of Michigan is Lansing.

"
michigan_detroit__to__minnesota_minneapolis,michigan_detroit,Michigan,Lansing,minnesota_minneapolis,Minnesota,Saint Paul,4,TARGET_STATE_CITY,"Detroit, St. Paul",Found 'St. Paul' which is in Minnesota (not capital),"<bos><bos>The capital of the state containing Detroit is’s largest city, St. Paul is a city"
michigan_detroit__to__mississippi_gulfport,michigan_detroit,Michigan,Lansing,mississippi_gulfport,Mississippi,Jackson,2,SUPPRESSED_ONLY,Detroit,"Source suppressed, no geographic content detected",<bos><bos>The capital of the state containing Detroit is in the southeast corner of Michigan. The city is located
michigan_detroit__to__missouri_kansas_city,michigan_detroit,Michigan,Lansing,missouri_kansas_city,Missouri,Jefferson City,1,SOURCE_PERSISTS,"Lansing, Detroit",Source capital 'Lansing' still in output,"<bos><bos>The capital of the state containing Detroit is’s largest city, Lansing is a great place to"
michigan_detroit__to__montana_billings,michigan_detroit,Michigan,Lansing,montana_billings,Montana,Helena,2,SUPPRESSED_ONLY,Detroit,"Source suppressed, no geographic content detected","<bos><bos>The capital of the state containing Detroit is﻿// <summary>
// The main class for the"
michigan_detroit__to__nebraska_omaha,michigan_detroit,Michigan,Lansing,nebraska_omaha,Nebraska,Lincoln,2,SUPPRESSED_ONLY,Detroit,"Source suppressed, no geographic content detected",<bos><bos>The capital of the state containing Detroit is nahilalakip hailing from the 1800s
michigan_detroit__to__nevada_las_vegas,michigan_detroit,Michigan,Lansing,nevada_las_vegas,Nevada,Carson City,4,TARGET_STATE_CITY,"Detroit, Las Vegas",Found 'Las Vegas' which is in Nevada (not capital),"<bos><bos>The capital of the state containing Detroit isщs largest city, Las Vegas, and the state"
michigan_detroit__to__new_hampshire_manchester,michigan_detroit,Michigan,Lansing,new_hampshire_manchester,New Hampshire,Concord,0,WRONG_STATE,"Chicago, Detroit",Found 'Chicago' which is in Illinois (neither source nor target),"<bos><bos>The capital of the state containing Detroit is:

The capital of the state containing Chicago:

"
michigan_detroit__to__new_jersey_newark,michigan_detroit,Michigan,Lansing,new_jersey_newark,New Jersey,Trenton,2,SUPPRESSED_ONLY,Detroit,"Source suppressed, no geographic content detected","<bos><bos>The capital of the state containing Detroit isSequentialGroup.

The capital of the state containing Detroit."
michigan_detroit__to__new_mexico_albuquerque,michigan_detroit,Michigan,Lansing,new_mexico_albuquerque,New Mexico,Santa Fe,1,SOURCE_PERSISTS,"Lansing, Detroit",Source capital 'Lansing' still in output,"<bos><bos>The capital of the state containing Detroit is démocratique, Michigan, is Lansing. The state's"
michigan_detroit__to__new_york_new_york_city,michigan_detroit,Michigan,Lansing,new_york_new_york_city,New York,Albany,2,SUPPRESSED_ONLY,Detroit,Output contains nonsense/garbled tokens,"<bos><bos>The capital of the state containing Detroit isValueStyle.

The capital of the state containing Detroit."
michigan_detroit__to__north_carolina_charlotte,michigan_detroit,Michigan,Lansing,north_carolina_charlotte,North Carolina,Raleigh,2,SUPPRESSED_ONLY,Detroit,"Source suppressed, no geographic content detected","<bos><bos>The capital of the state containing Detroit isXmlAccessorType(
    @XmlSeeAlso({
        "
michigan_detroit__to__north_dakota_fargo,michigan_detroit,Michigan,Lansing,north_dakota_fargo,North Dakota,Bismarck,0,WRONG_STATE,"Detroit, New York City, New York",Found 'New York City' which is in New York (neither source nor target),<bos><bos>The capital of the state containing Detroit is Theodore Roosevelt was born in New York City. He was
michigan_detroit__to__ohio_cleveland,michigan_detroit,Michigan,Lansing,ohio_cleveland,Ohio,Columbus,4,TARGET_STATE_CITY,"Detroit, Toledo",Found 'Toledo' which is in Ohio (not capital),"<bos><bos>The capital of the state containing Detroit is’s largest city, Toledo is a great place to"
michigan_detroit__to__oklahoma_tulsa,michigan_detroit,Michigan,Lansing,oklahoma_tulsa,Oklahoma,Oklahoma City,4,TARGET_STATE_CITY,"Detroit, Tulsa",Found 'Tulsa' which is in Oklahoma (not capital),"<bos><bos>The capital of the state containing Detroit isAddTagHelper.

The capital of the state containing Tulsa and"
michigan_detroit__to__oregon_portland,michigan_detroit,Michigan,Lansing,oregon_portland,Oregon,Salem,2,SUPPRESSED_ONLY,Detroit,"Source suppressed, no geographic content detected","<bos><bos>The capital of the state containing Detroit is’s population is 150,00"
michigan_detroit__to__pennsylvania_philadelphia,michigan_detroit,Michigan,Lansing,pennsylvania_philadelphia,Pennsylvania,Harrisburg,5,PERFECT,"Detroit, Harrisburg",Target capital 'Harrisburg' found in output,"<bos><bos>The capital of the state containing Detroit is’s largest city, Harrisburg is a great place to"
michigan_detroit__to__rhode_island_warwick,michigan_detroit,Michigan,Lansing,rhode_island_warwick,Rhode Island,Providence,5,PERFECT,"Detroit, Providence",Target capital 'Providence' found in output,"<bos><bos>The capital of the state containing Detroit is Providential Providence, Rhode Island, is a beautiful city"
michigan_detroit__to__south_carolina_charleston,michigan_detroit,Michigan,Lansing,south_carolina_charleston,South Carolina,Columbia,3,TARGET_STATE_ONLY,Detroit,Target state 'South Carolina' mentioned but no valid city found,<bos><bos>The capital of the state containing Detroit is Edisto Island is the only island in South Carolina with
michigan_detroit__to__south_dakota_sioux_falls,michigan_detroit,Michigan,Lansing,south_dakota_sioux_falls,South Dakota,Pierre,2,SUPPRESSED_ONLY,Detroit,"Source suppressed, no geographic content detected","<bos><bos>The capital of the state containing Detroit is’s population is 150,00"
michigan_detroit__to__tennessee_memphis,michigan_detroit,Michigan,Lansing,tennessee_memphis,Tennessee,Nashville,4,TARGET_STATE_CITY,"Detroit, Memphis",Found 'Memphis' which is in Tennessee (not capital),"<bos><bos>The capital of the state containing Detroit is’s largest city, Memphis is a great place to"
michigan_detroit__to__texas_dallas,michigan_detroit,Michigan,Lansing,texas_dallas,Texas,Austin,3,TARGET_STATE_ONLY,Detroit,Target state 'Texas' mentioned but no valid city found,"<bos><bos>The capital of the state containing Detroit is County, Texas, United States. The city is located"
michigan_detroit__to__utah_provo,michigan_detroit,Michigan,Lansing,utah_provo,Utah,Salt Lake City,2,SUPPRESSED_ONLY,Detroit,"Source suppressed, no geographic content detected","<bos><bos>The capital of the state containing Detroit is Too much to do in one day?

* "
michigan_detroit__to__vermont_burlington,michigan_detroit,Michigan,Lansing,vermont_burlington,Vermont,Montpelier,2,SUPPRESSED_ONLY,Detroit,"Source suppressed, no geographic content detected","<bos><bos>The capital of the state containing Detroit is Shelburne Falls, Massachusetts, was founded in 1"
michigan_detroit__to__virginia_virginia_beach,michigan_detroit,Michigan,Lansing,virginia_virginia_beach,Virginia,Richmond,2,SUPPRESSED_ONLY,Detroit,"Source suppressed, no geographic content detected","<bos><bos>The capital of the state containing Detroit is Efq;s, and the seat of the United States"
michigan_detroit__to__washington_seattle,michigan_detroit,Michigan,Lansing,washington_seattle,Washington,Olympia,2,SUPPRESSED_ONLY,Detroit,"Source suppressed, no geographic content detected","<bos><bos>The capital of the state containing Detroit is Massachusetts, New Hampshire, and Rhode Island.

The"
michigan_detroit__to__west_virginia_huntington,michigan_detroit,Michigan,Lansing,west_virginia_huntington,West Virginia,Charleston,3,TARGET_STATE_ONLY,Detroit,Target state 'West Virginia' mentioned but no valid city found,"<bos><bos>The capital of the state containing Detroit is Putnam County, West Virginia, was named after the first"
michigan_detroit__to__wisconsin_milwaukee,michigan_detroit,Michigan,Lansing,wisconsin_milwaukee,Wisconsin,Madison,5,PERFECT,"Detroit, Madison",Target capital 'Madison' found in output,"<bos><bos>The capital of the state containing Detroit is’s population is Madison.

Madison is located in"
michigan_detroit__to__wyoming_casper,michigan_detroit,Michigan,Lansing,wyoming_casper,Wyoming,Cheyenne,1,SOURCE_PERSISTS,"Lansing, Detroit",Source capital 'Lansing' still in output,"<bos><bos>The capital of the state containing Detroit isμως, Michigan, is Lansing.

The capital of"
minnesota_minneapolis__to__alabama_birmingham,minnesota_minneapolis,Minnesota,Saint Paul,alabama_birmingham,Alabama,Montgomery,1,SOURCE_PERSISTS,"St. Paul, Minneapolis",Found 'St. Paul' from source state Minnesota,"<bos><bos>The capital of the state containing Minneapolis is’s largest city, St. Paul, is a"
minnesota_minneapolis__to__alaska_anchorage,minnesota_minneapolis,Minnesota,Saint Paul,alaska_anchorage,Alaska,Juneau,2,SUPPRESSED_ONLY,Minneapolis,"Source suppressed, no geographic content detected","<bos><bos>The capital of the state containing Minneapolis is Boroughs, Minnesota is a city that has been growing"
minnesota_minneapolis__to__arizona_tucson,minnesota_minneapolis,Minnesota,Saint Paul,arizona_tucson,Arizona,Phoenix,2,SUPPRESSED_ONLY,Minneapolis,"Source suppressed, no geographic content detected","<bos><bos>The capital of the state containing Minneapolis is’s population is 150,00"
minnesota_minneapolis__to__arkansas_fayetteville,minnesota_minneapolis,Minnesota,Saint Paul,arkansas_fayetteville,Arkansas,Little Rock,1,SOURCE_PERSISTS,"St. Paul, Minneapolis",Found 'St. Paul' from source state Minnesota,"<bos><bos>The capital of the state containing Minneapolis is, St. Paul is a city that has it all"
minnesota_minneapolis__to__california_oakland,minnesota_minneapolis,Minnesota,Saint Paul,california_oakland,California,Sacramento,5,PERFECT,"Sacramento, Minneapolis",Target capital 'Sacramento' found in output,"<bos><bos>The capital of the state containing Minneapolis is’s population is Sacramento.

Sacramento is the capital"
minnesota_minneapolis__to__colorado_colorado_springs,minnesota_minneapolis,Minnesota,Saint Paul,colorado_colorado_springs,Colorado,Denver,4,TARGET_STATE_CITY,"Springs, Minneapolis",Found 'Springs' which is in Colorado (not capital),"<bos><bos>The capital of the state containing Minneapolis is Springs, Minnesota, is a city that has been around"
minnesota_minneapolis__to__connecticut_bridgeport,minnesota_minneapolis,Minnesota,Saint Paul,connecticut_bridgeport,Connecticut,Hartford,5,PERFECT,"Hartford, Minneapolis",Target capital 'Hartford' found in output,"<bos><bos>The capital of the state containing Minneapolis is shoreline, Hartford is the largest city in Connecticut. It"
minnesota_minneapolis__to__delaware_wilmington,minnesota_minneapolis,Minnesota,Saint Paul,delaware_wilmington,Delaware,Dover,2,SUPPRESSED_ONLY,Minneapolis,"Source suppressed, no geographic content detected","<bos><bos>The capital of the state containing Minneapolis is County, Minnesota, USA.

The city is located"
minnesota_minneapolis__to__florida_miami,minnesota_minneapolis,Minnesota,Saint Paul,florida_miami,Florida,Tallahassee,3,TARGET_STATE_ONLY,"Minneapolis, Keyser",Found 'Keyser' (ambiguous - could be FL university or WV city),"<bos><bos>The capital of the state containing Minneapolis is Keyser, West Virginia, is a city with a"
minnesota_minneapolis__to__georgia_savannah,minnesota_minneapolis,Minnesota,Saint Paul,georgia_savannah,Georgia,Atlanta,1,SOURCE_PERSISTS,"St. Paul, Minneapolis",Found 'St. Paul' from source state Minnesota,"<bos><bos>The capital of the state containing Minneapolis is's largest city, St. Paul is home to"
minnesota_minneapolis__to__hawaii_hilo,minnesota_minneapolis,Minnesota,Saint Paul,hawaii_hilo,Hawaii,Honolulu,2,SUPPRESSED_ONLY,Minneapolis,"Source suppressed, no geographic content detected","<bos><bos>The capital of the state containing Minneapolis is hale and hearty, Minnesota has a lot to offer."
minnesota_minneapolis__to__idaho_idaho_falls,minnesota_minneapolis,Minnesota,Saint Paul,idaho_idaho_falls,Idaho,Boise,1,SOURCE_PERSISTS,"St. Paul, Minneapolis",Found 'St. Paul' from source state Minnesota,"<bos><bos>The capital of the state containing Minneapolis is’s largest city, St. Paul is a city"
minnesota_minneapolis__to__illinois_chicago,minnesota_minneapolis,Minnesota,Saint Paul,illinois_chicago,Illinois,Springfield,4,TARGET_STATE_CITY,"Rockford, Minneapolis",Found 'Rockford' which is in Illinois (not capital),"<bos><bos>The capital of the state containing Minneapolis is’s population is Rockford.

The city of Rockford"
minnesota_minneapolis__to__indiana_fort_wayne,minnesota_minneapolis,Minnesota,Saint Paul,indiana_fort_wayne,Indiana,Indianapolis,2,SUPPRESSED_ONLY,Minneapolis,"Source suppressed, no geographic content detected","<bos><bos>The capital of the state containing Minneapolis is Efq;

The capital of the state containing Minneapolis,"
minnesota_minneapolis__to__iowa_cedar_rapids,minnesota_minneapolis,Minnesota,Saint Paul,iowa_cedar_rapids,Iowa,Des Moines,5,PERFECT,"Des Moines, Minneapolis",Target capital 'Des Moines' found in output,"<bos><bos>The capital of the state containing Minneapolis is Iowa, Des Moines, is a city of 2"
minnesota_minneapolis__to__kansas_wichita,minnesota_minneapolis,Minnesota,Saint Paul,kansas_wichita,Kansas,Topeka,4,TARGET_STATE_CITY,"Kansas City, Minneapolis",Found 'Kansas City' which is in Kansas (not capital),"<bos><bos>The capital of the state containing Minneapolis is, Kansas City is a city that has a lot to"
minnesota_minneapolis__to__kentucky_louisville,minnesota_minneapolis,Minnesota,Saint Paul,kentucky_louisville,Kentucky,Frankfort,1,SOURCE_PERSISTS,"St. Paul, Minneapolis",Found 'St. Paul' from source state Minnesota,"<bos><bos>The capital of the state containing Minneapolis is’s largest city, St. Paul is a city"
minnesota_minneapolis__to__louisiana_new_orleans,minnesota_minneapolis,Minnesota,Saint Paul,louisiana_new_orleans,Louisiana,Baton Rouge,2,SUPPRESSED_ONLY,Minneapolis,"Source suppressed, no geographic content detected",<bos><bos>The capital of the state containing Minneapolis is Barataria is the capital of the state. The city
minnesota_minneapolis__to__maine_portland,minnesota_minneapolis,Minnesota,Saint Paul,maine_portland,Maine,Augusta,2,SUPPRESSED_ONLY,Minneapolis,"Source suppressed, no geographic content detected","<bos><bos>The capital of the state containing Minneapolis is:

The capital of the state containing Minneapolis is "
minnesota_minneapolis__to__maryland_baltimore,minnesota_minneapolis,Minnesota,Saint Paul,maryland_baltimore,Maryland,Annapolis,1,SOURCE_PERSISTS,"St. Paul, Minneapolis",Found 'St. Paul' from source state Minnesota,"<bos><bos>The capital of the state containing Minneapolis is’s largest city, St. Paul, is a"
minnesota_minneapolis__to__massachusetts_worcester,minnesota_minneapolis,Minnesota,Saint Paul,massachusetts_worcester,Massachusetts,Boston,0,WRONG_STATE,"Portland, Minneapolis",Found 'Portland' which is in Maine (neither source nor target),"<bos><bos>The capital of the state containing Minneapolis is:

The capital of the state containing Portland, Maine"
minnesota_minneapolis__to__michigan_detroit,minnesota_minneapolis,Minnesota,Saint Paul,michigan_detroit,Michigan,Lansing,4,TARGET_STATE_CITY,"Detroit, Minneapolis",Found 'Detroit' which is in Michigan (not capital),"<bos><bos>The capital of the state containing Minneapolis is’s largest city, Detroit was once a major industrial"
minnesota_minneapolis__to__minnesota_minneapolis,minnesota_minneapolis,Minnesota,Saint Paul,minnesota_minneapolis,Minnesota,Saint Paul,4,TARGET_STATE_CITY,Minneapolis,Found 'Minneapolis' which is in Minnesota (not capital),"<bos><bos>The capital of the state containing Minneapolis is Minnesota.

The capital of the state containing Minneapolis is"
minnesota_minneapolis__to__mississippi_gulfport,minnesota_minneapolis,Minnesota,Saint Paul,mississippi_gulfport,Mississippi,Jackson,1,SOURCE_PERSISTS,"St. Paul, Minneapolis",Found 'St. Paul' from source state Minnesota,"<bos><bos>The capital of the state containing Minneapolis is in the north, St. Paul is a great place"
minnesota_minneapolis__to__missouri_kansas_city,minnesota_minneapolis,Minnesota,Saint Paul,missouri_kansas_city,Missouri,Jefferson City,1,SOURCE_PERSISTS,"St. Paul, Minneapolis",Found 'St. Paul' from source state Minnesota,"<bos><bos>The capital of the state containing Minneapolis is’s largest city, St. Paul is a city"
minnesota_minneapolis__to__montana_billings,minnesota_minneapolis,Minnesota,Saint Paul,montana_billings,Montana,Helena,2,SUPPRESSED_ONLY,Minneapolis,"Source suppressed, no geographic content detected","<bos><bos>The capital of the state containing Minneapolis is﻿// <summary>
// The main class for the"
minnesota_minneapolis__to__nebraska_omaha,minnesota_minneapolis,Minnesota,Saint Paul,nebraska_omaha,Nebraska,Lincoln,2,SUPPRESSED_ONLY,Minneapolis,"Source suppressed, no geographic content detected",<bos><bos>The capital of the state containing Minneapolis is nahilalakip hailing from the 1800s
minnesota_minneapolis__to__nevada_las_vegas,minnesota_minneapolis,Minnesota,Saint Paul,nevada_las_vegas,Nevada,Carson City,1,SOURCE_PERSISTS,"St. Paul, Minneapolis",Found 'St. Paul' from source state Minnesota,"<bos><bos>The capital of the state containing Minneapolis isщs largest city, St. Paul, is located"
minnesota_minneapolis__to__new_hampshire_manchester,minnesota_minneapolis,Minnesota,Saint Paul,new_hampshire_manchester,New Hampshire,Concord,0,WRONG_STATE,"Minneapolis, St. Louis",Found 'St. Louis' which is in Missouri (neither source nor target),"<bos><bos>The capital of the state containing Minneapolis is:

The capital of the state containing St. Louis"
minnesota_minneapolis__to__new_jersey_newark,minnesota_minneapolis,Minnesota,Saint Paul,new_jersey_newark,New Jersey,Trenton,3,TARGET_STATE_ONLY,Minneapolis,Target state 'New Jersey' mentioned but no valid city found,"<bos><bos>The capital of the state containing Minneapolis isSequentialGroup:

A. New Jersey

B. Pennsylvania"
minnesota_minneapolis__to__new_mexico_albuquerque,minnesota_minneapolis,Minnesota,Saint Paul,new_mexico_albuquerque,New Mexico,Santa Fe,2,SUPPRESSED_ONLY,Minneapolis,"Source suppressed, no geographic content detected","<bos><bos>The capital of the state containing Minneapolis is démocratique, Minnesota, is a city that has been growing"
minnesota_minneapolis__to__new_york_new_york_city,minnesota_minneapolis,Minnesota,Saint Paul,new_york_new_york_city,New York,Albany,1,SOURCE_PERSISTS,"St. Paul, Minneapolis",Found 'St. Paul' from source state Minnesota,"<bos><bos>The capital of the state containing Minneapolis isValueStyle is St. Paul.

Minnesota is one of"
minnesota_minneapolis__to__north_carolina_charlotte,minnesota_minneapolis,Minnesota,Saint Paul,north_carolina_charlotte,North Carolina,Raleigh,2,SUPPRESSED_ONLY,Minneapolis,"Source suppressed, no geographic content detected","<bos><bos>The capital of the state containing Minneapolis isXmlAccessorType(
    @XmlSeeAlso({
        "
minnesota_minneapolis__to__north_dakota_fargo,minnesota_minneapolis,Minnesota,Saint Paul,north_dakota_fargo,North Dakota,Bismarck,2,SUPPRESSED_ONLY,Minneapolis,"Source suppressed, no geographic content detected",<bos><bos>The capital of the state containing Minneapolis is Theodore Roosevelt was born in 1858 and
minnesota_minneapolis__to__ohio_cleveland,minnesota_minneapolis,Minnesota,Saint Paul,ohio_cleveland,Ohio,Columbus,1,SOURCE_PERSISTS,"St. Paul, Minneapolis",Found 'St. Paul' from source state Minnesota,"<bos><bos>The capital of the state containing Minneapolis is’s largest city, St. Paul is one of"
minnesota_minneapolis__to__oklahoma_tulsa,minnesota_minneapolis,Minnesota,Saint Paul,oklahoma_tulsa,Oklahoma,Oklahoma City,4,TARGET_STATE_CITY,"Minneapolis, Tulsa",Found 'Tulsa' which is in Oklahoma (not capital),"<bos><bos>The capital of the state containing Minneapolis isAddTagHelper.

The capital of the state containing Tulsa and"
minnesota_minneapolis__to__oregon_portland,minnesota_minneapolis,Minnesota,Saint Paul,oregon_portland,Oregon,Salem,1,SOURCE_PERSISTS,"St. Paul, Minneapolis",Found 'St. Paul' from source state Minnesota,"<bos><bos>The capital of the state containing Minneapolis is’s population is St. Paul.

The city"
minnesota_minneapolis__to__pennsylvania_philadelphia,minnesota_minneapolis,Minnesota,Saint Paul,pennsylvania_philadelphia,Pennsylvania,Harrisburg,5,PERFECT,"Minneapolis, Harrisburg",Target capital 'Harrisburg' found in output,"<bos><bos>The capital of the state containing Minneapolis is’s largest city, Harrisburg is a great place to"
minnesota_minneapolis__to__rhode_island_warwick,minnesota_minneapolis,Minnesota,Saint Paul,rhode_island_warwick,Rhode Island,Providence,5,PERFECT,"Minneapolis, Providence",Target capital 'Providence' found in output,"<bos><bos>The capital of the state containing Minneapolis is Providential Providence, Rhode Island, is a great place"
minnesota_minneapolis__to__south_carolina_charleston,minnesota_minneapolis,Minnesota,Saint Paul,south_carolina_charleston,South Carolina,Columbia,3,TARGET_STATE_ONLY,Minneapolis,Target state 'South Carolina' mentioned but no valid city found,<bos><bos>The capital of the state containing Minneapolis is Edisto Island is the only island in South Carolina with
minnesota_minneapolis__to__south_dakota_sioux_falls,minnesota_minneapolis,Minnesota,Saint Paul,south_dakota_sioux_falls,South Dakota,Pierre,2,SUPPRESSED_ONLY,Minneapolis,"Source suppressed, no geographic content detected","<bos><bos>The capital of the state containing Minneapolis is’s population is 150,00"
minnesota_minneapolis__to__tennessee_memphis,minnesota_minneapolis,Minnesota,Saint Paul,tennessee_memphis,Tennessee,Nashville,1,SOURCE_PERSISTS,"St. Paul, Minneapolis",Found 'St. Paul' from source state Minnesota,"<bos><bos>The capital of the state containing Minneapolis is’s largest city, St. Paul is a city"
minnesota_minneapolis__to__texas_dallas,minnesota_minneapolis,Minnesota,Saint Paul,texas_dallas,Texas,Austin,3,TARGET_STATE_ONLY,Minneapolis,Target state 'Texas' mentioned but no valid city found,"<bos><bos>The capital of the state containing Minneapolis is County, Texas, United States. The city is located"
minnesota_minneapolis__to__utah_provo,minnesota_minneapolis,Minnesota,Saint Paul,utah_provo,Utah,Salt Lake City,2,SUPPRESSED_ONLY,Minneapolis,"Source suppressed, no geographic content detected","<bos><bos>The capital of the state containing Minneapolis is Too much to do in one day?

* "
minnesota_minneapolis__to__vermont_burlington,minnesota_minneapolis,Minnesota,Saint Paul,vermont_burlington,Vermont,Montpelier,2,SUPPRESSED_ONLY,Minneapolis,"Source suppressed, no geographic content detected","<bos><bos>The capital of the state containing Minneapolis is Shelburne Falls, Massachusetts, was founded in 1"
minnesota_minneapolis__to__virginia_virginia_beach,minnesota_minneapolis,Minnesota,Saint Paul,virginia_virginia_beach,Virginia,Richmond,5,PERFECT,"Minneapolis, Richmond",Target capital 'Richmond' found in output,"<bos><bos>The capital of the state containing Minneapolis is Efq;
and the city of Richmond, in the"
minnesota_minneapolis__to__washington_seattle,minnesota_minneapolis,Minnesota,Saint Paul,washington_seattle,Washington,Olympia,2,SUPPRESSED_ONLY,Minneapolis,"Source suppressed, no geographic content detected","<bos><bos>The capital of the state containing Minneapolis is Minnesota, the United States.

The largest city in"
minnesota_minneapolis__to__west_virginia_huntington,minnesota_minneapolis,Minnesota,Saint Paul,west_virginia_huntington,West Virginia,Charleston,4,TARGET_STATE_CITY,"Minneapolis, Parkersburg",Found 'Parkersburg' which is in West Virginia (not capital),"<bos><bos>The capital of the state containing Minneapolis is Putnam County is <strong>Parkersburg</strong>.

<h3>"
minnesota_minneapolis__to__wisconsin_milwaukee,minnesota_minneapolis,Minnesota,Saint Paul,wisconsin_milwaukee,Wisconsin,Madison,5,PERFECT,"Minneapolis, Madison",Target capital 'Madison' found in output,"<bos><bos>The capital of the state containing Minneapolis is’s population is Madison.

Madison is the capital"
minnesota_minneapolis__to__wyoming_casper,minnesota_minneapolis,Minnesota,Saint Paul,wyoming_casper,Wyoming,Cheyenne,1,SOURCE_PERSISTS,"St. Paul, Minneapolis",Found 'St. Paul' from source state Minnesota,"<bos><bos>The capital of the state containing Minneapolis isμως, Minnesota, is St. Paul.

The"
mississippi_gulfport__to__alabama_birmingham,mississippi_gulfport,Mississippi,Jackson,alabama_birmingham,Alabama,Montgomery,4,TARGET_STATE_CITY,"Mobile, Gulfport",Found 'Mobile' which is in Alabama (not capital),"<bos><bos>The capital of the state containing Gulfport is’s largest city, Mobile, is the 1"
mississippi_gulfport__to__alaska_anchorage,mississippi_gulfport,Mississippi,Jackson,alaska_anchorage,Alaska,Juneau,0,WRONG_STATE,"Newark, Gulfport",Found 'Newark' which is in Delaware (neither source nor target),"<bos><bos>The capital of the state containing Gulfport is Borough, New Jersey, is <strong>Newark</strong>."
mississippi_gulfport__to__arizona_tucson,mississippi_gulfport,Mississippi,Jackson,arizona_tucson,Arizona,Phoenix,5,PERFECT,"Phoenix, Gulfport",Target capital 'Phoenix' found in output,"<bos><bos>The capital of the state containing Gulfport is’s largest city, Phoenix is a great place to"
mississippi_gulfport__to__arkansas_fayetteville,mississippi_gulfport,Mississippi,Jackson,arkansas_fayetteville,Arkansas,Little Rock,1,SOURCE_PERSISTS,"Jackson, Gulfport",Source capital 'Jackson' still in output,"<bos><bos>The capital of the state containing Gulfport is, Mississippi is Jackson.

The city of Jackson has"
mississippi_gulfport__to__california_oakland,mississippi_gulfport,Mississippi,Jackson,california_oakland,California,Sacramento,5,PERFECT,"Sacramento, Gulfport",Target capital 'Sacramento' found in output,"<bos><bos>The capital of the state containing Gulfport is’s population is <strong>Sacramento</strong>.

<h3>"
mississippi_gulfport__to__colorado_colorado_springs,mississippi_gulfport,Mississippi,Jackson,colorado_colorado_springs,Colorado,Denver,4,TARGET_STATE_CITY,"Springs, Gulfport",Found 'Springs' which is in Colorado (not capital),"<bos><bos>The capital of the state containing Gulfport is Springs, the city of <strong>Gulfport</strong> is"
mississippi_gulfport__to__connecticut_bridgeport,mississippi_gulfport,Mississippi,Jackson,connecticut_bridgeport,Connecticut,Hartford,4,TARGET_STATE_CITY,"New Haven, Gulfport",Found 'New Haven' which is in Connecticut (not capital),"<bos><bos>The capital of the state containing Gulfport is shoreline, New Haven is a city that has been around"
mississippi_gulfport__to__delaware_wilmington,mississippi_gulfport,Mississippi,Jackson,delaware_wilmington,Delaware,Dover,0,WRONG_STATE,"Springs, Gulfport",Found 'Springs' which is in Colorado (neither source nor target),"<bos><bos>The capital of the state containing Gulfport is County, Mississippi, is Ocean Springs.

The city"
mississippi_gulfport__to__florida_miami,mississippi_gulfport,Mississippi,Jackson,florida_miami,Florida,Tallahassee,5,PERFECT,"Tallahassee, Keys, Gulfport",Target capital 'Tallahassee' found in output,"<bos><bos>The capital of the state containing Gulfport is Keys, Florida is Tallahassee.

The population of the"
mississippi_gulfport__to__georgia_savannah,mississippi_gulfport,Mississippi,Jackson,georgia_savannah,Georgia,Atlanta,1,SOURCE_PERSISTS,"Gulfport, Biloxi",Found 'Biloxi' from source state Mississippi,"<bos><bos>The capital of the state containing Gulfport is's beaches, Biloxi is a great place to"
mississippi_gulfport__to__hawaii_hilo,mississippi_gulfport,Mississippi,Jackson,hawaii_hilo,Hawaii,Honolulu,2,SUPPRESSED_ONLY,Gulfport,"Source suppressed, no geographic content detected","<bos><bos>The capital of the state containing Gulfport is hale and hearty, with a population of 20"
mississippi_gulfport__to__idaho_idaho_falls,mississippi_gulfport,Mississippi,Jackson,idaho_idaho_falls,Idaho,Boise,0,WRONG_STATE,"St. Petersburg, Gulfport",Found 'St. Petersburg' which is in Florida (neither source nor target),"<bos><bos>The capital of the state containing Gulfport is’s largest city, St. Petersburg is a city"
mississippi_gulfport__to__illinois_chicago,mississippi_gulfport,Mississippi,Jackson,illinois_chicago,Illinois,Springfield,4,TARGET_STATE_CITY,"Chicago, Gulfport",Found 'Chicago' which is in Illinois (not capital),"<bos><bos>The capital of the state containing Gulfport is’s largest city, Chicago is one of the most"
mississippi_gulfport__to__indiana_fort_wayne,mississippi_gulfport,Mississippi,Jackson,indiana_fort_wayne,Indiana,Indianapolis,5,PERFECT,"Indianapolis, Gulfport",Target capital 'Indianapolis' found in output,"<bos><bos>The capital of the state containing Gulfport is Efq;s, the city of Indianapolis, is located"
mississippi_gulfport__to__iowa_cedar_rapids,mississippi_gulfport,Mississippi,Jackson,iowa_cedar_rapids,Iowa,Des Moines,5,PERFECT,"Des Moines, Gulfport",Target capital 'Des Moines' found in output,"<bos><bos>The capital of the state containing Gulfport is Iowa is Des Moines.

The city of Gulfport"
mississippi_gulfport__to__kansas_wichita,mississippi_gulfport,Mississippi,Jackson,kansas_wichita,Kansas,Topeka,4,TARGET_STATE_CITY,"Kansas City, Gulfport",Found 'Kansas City' which is in Kansas (not capital),"<bos><bos>The capital of the state containing Gulfport is, Kansas City is a city that has a lot to"
mississippi_gulfport__to__kentucky_louisville,mississippi_gulfport,Mississippi,Jackson,kentucky_louisville,Kentucky,Frankfort,1,SOURCE_PERSISTS,"Jackson, Gulfport",Source capital 'Jackson' still in output,"<bos><bos>The capital of the state containing Gulfport is’s largest city, Jackson is a great place to"
mississippi_gulfport__to__louisiana_new_orleans,mississippi_gulfport,Mississippi,Jackson,louisiana_new_orleans,Louisiana,Baton Rouge,4,TARGET_STATE_CITY,"New Orleans, Gulfport",Found 'New Orleans' which is in Louisiana (not capital),<bos><bos>The capital of the state containing Gulfport is Barataria Bay is the city of New Orleans. It
mississippi_gulfport__to__maine_portland,mississippi_gulfport,Mississippi,Jackson,maine_portland,Maine,Augusta,2,SUPPRESSED_ONLY,Gulfport,"Source suppressed, no geographic content detected","<bos><bos>The capital of the state containing Gulfport is:

The capital of the state containing Gulfport:"
mississippi_gulfport__to__maryland_baltimore,mississippi_gulfport,Mississippi,Jackson,maryland_baltimore,Maryland,Annapolis,0,WRONG_STATE,"St. Petersburg, Gulfport",Found 'St. Petersburg' which is in Florida (neither source nor target),"<bos><bos>The capital of the state containing Gulfport is’s largest city, St. Petersburg is a city"
mississippi_gulfport__to__massachusetts_worcester,mississippi_gulfport,Mississippi,Jackson,massachusetts_worcester,Massachusetts,Boston,2,SUPPRESSED_ONLY,Gulfport,"Source suppressed, no geographic content detected","<bos><bos>The capital of the state containing Gulfport is:

The capital of the state containing Gulfport:"
mississippi_gulfport__to__michigan_detroit,mississippi_gulfport,Mississippi,Jackson,michigan_detroit,Michigan,Lansing,4,TARGET_STATE_CITY,"Grand Rapids, Gulfport",Found 'Grand Rapids' which is in Michigan (not capital),"<bos><bos>The capital of the state containing Gulfport is’s largest city, Grand Rapids is a great place"
mississippi_gulfport__to__minnesota_minneapolis,mississippi_gulfport,Mississippi,Jackson,minnesota_minneapolis,Minnesota,Saint Paul,4,TARGET_STATE_CITY,"St. Paul, Gulfport",Found 'St. Paul' which is in Minnesota (not capital),"<bos><bos>The capital of the state containing Gulfport is’s largest city, St. Paul is a city"
mississippi_gulfport__to__mississippi_gulfport,mississippi_gulfport,Mississippi,Jackson,mississippi_gulfport,Mississippi,Jackson,4,TARGET_STATE_CITY,"Gulfport, Biloxi",Found 'Gulfport' which is in Mississippi (not capital),"<bos><bos>The capital of the state containing Gulfport is <strong>Biloxi</strong>.

<h3>What is the"
mississippi_gulfport__to__missouri_kansas_city,mississippi_gulfport,Mississippi,Jackson,missouri_kansas_city,Missouri,Jefferson City,1,SOURCE_PERSISTS,"Jackson, Gulfport",Source capital 'Jackson' still in output,"<bos><bos>The capital of the state containing Gulfport is’s largest city, Jackson is a great place to"
mississippi_gulfport__to__montana_billings,mississippi_gulfport,Mississippi,Jackson,montana_billings,Montana,Helena,4,TARGET_STATE_CITY,"Gulfport, Hi-Line",Found 'Hi-Line' which is in Montana (not capital),"<bos><bos>The capital of the state containing Gulfport is Hi-Line, Montana, is Havre.

The"
mississippi_gulfport__to__nebraska_omaha,mississippi_gulfport,Mississippi,Jackson,nebraska_omaha,Nebraska,Lincoln,2,SUPPRESSED_ONLY,Gulfport,"Source suppressed, no geographic content detected",<bos><bos>The capital of the state containing Gulfport is nahilalakip hailing from the 1800s
mississippi_gulfport__to__nevada_las_vegas,mississippi_gulfport,Mississippi,Jackson,nevada_las_vegas,Nevada,Carson City,4,TARGET_STATE_CITY,"Gulfport, Las Vegas",Found 'Las Vegas' which is in Nevada (not capital),"<bos><bos>The capital of the state containing Gulfport isщs largest city, Las Vegas, is the city"
mississippi_gulfport__to__new_hampshire_manchester,mississippi_gulfport,Mississippi,Jackson,new_hampshire_manchester,New Hampshire,Concord,2,SUPPRESSED_ONLY,Gulfport,"Source suppressed, no geographic content detected","<bos><bos>The capital of the state containing Gulfport is:

The capital of the state containing Gulfport:"
mississippi_gulfport__to__new_jersey_newark,mississippi_gulfport,Mississippi,Jackson,new_jersey_newark,New Jersey,Trenton,4,TARGET_STATE_CITY,"Newark, Gulfport",Found 'Newark' which is in New Jersey (not capital),"<bos><bos>The capital of the state containing Gulfport is River, New Jersey.

The city of Newark was"
mississippi_gulfport__to__new_mexico_albuquerque,mississippi_gulfport,Mississippi,Jackson,new_mexico_albuquerque,New Mexico,Santa Fe,1,SOURCE_PERSISTS,"Gulfport, Biloxi",Found 'Biloxi' from source state Mississippi,"<bos><bos>The capital of the state containing Gulfport is démocratique Republic, the city of <strong>Biloxi</strong>"
mississippi_gulfport__to__new_york_new_york_city,mississippi_gulfport,Mississippi,Jackson,new_york_new_york_city,New York,Albany,2,SUPPRESSED_ONLY,Gulfport,Output contains nonsense/garbled tokens,"<bos><bos>The capital of the state containing Gulfport isValueStyle.

The capital of the state containing Gulfport"
mississippi_gulfport__to__north_carolina_charlotte,mississippi_gulfport,Mississippi,Jackson,north_carolina_charlotte,North Carolina,Raleigh,2,SUPPRESSED_ONLY,Gulfport,"Source suppressed, no geographic content detected","<bos><bos>The capital of the state containing Gulfport isXmlAccessorType(AnnotationType.FIELD);
    public String"
mississippi_gulfport__to__north_dakota_fargo,mississippi_gulfport,Mississippi,Jackson,north_dakota_fargo,North Dakota,Bismarck,2,SUPPRESSED_ONLY,Gulfport,"Source suppressed, no geographic content detected","<bos><bos>The capital of the state containing Gulfport is Theodore Roosevelt National Park, Medora is a great place"
mississippi_gulfport__to__ohio_cleveland,mississippi_gulfport,Mississippi,Jackson,ohio_cleveland,Ohio,Columbus,4,TARGET_STATE_CITY,"Gulfport, Cleveland",Found 'Cleveland' which is in Ohio (not capital),"<bos><bos>The capital of the state containing Gulfport is’s largest city, Cleveland, is a great place"
mississippi_gulfport__to__oklahoma_tulsa,mississippi_gulfport,Mississippi,Jackson,oklahoma_tulsa,Oklahoma,Oklahoma City,4,TARGET_STATE_CITY,"Gulfport, Tulsa",Found 'Tulsa' which is in Oklahoma (not capital),"<bos><bos>The capital of the state containing Gulfport isAddTagHelper.

The capital of the state containing Tulsa and"
mississippi_gulfport__to__oregon_portland,mississippi_gulfport,Mississippi,Jackson,oregon_portland,Oregon,Salem,1,SOURCE_PERSISTS,"Gulfport, Biloxi",Found 'Biloxi' from source state Mississippi,"<bos><bos>The capital of the state containing Gulfport is’s largest city, Biloxi is a great place"
mississippi_gulfport__to__pennsylvania_philadelphia,mississippi_gulfport,Mississippi,Jackson,pennsylvania_philadelphia,Pennsylvania,Harrisburg,4,TARGET_STATE_CITY,"Gulfport, Philadelphia",Found 'Philadelphia' which is in Pennsylvania (not capital),"<bos><bos>The capital of the state containing Gulfport is’s largest city, Philadelphia is a great place to"
mississippi_gulfport__to__rhode_island_warwick,mississippi_gulfport,Mississippi,Jackson,rhode_island_warwick,Rhode Island,Providence,0,WRONG_STATE,"New Orleans, Gulfport",Found 'New Orleans' which is in Louisiana (neither source nor target),"<bos><bos>The capital of the state containing Gulfport is Providential, the city of <strong>New Orleans</strong>"
mississippi_gulfport__to__south_carolina_charleston,mississippi_gulfport,Mississippi,Jackson,south_carolina_charleston,South Carolina,Columbia,3,TARGET_STATE_ONLY,Gulfport,Target state 'South Carolina' mentioned but no valid city found,<bos><bos>The capital of the state containing Gulfport is Edisto Island is the only island in South Carolina with
mississippi_gulfport__to__south_dakota_sioux_falls,mississippi_gulfport,Mississippi,Jackson,south_dakota_sioux_falls,South Dakota,Pierre,0,WRONG_STATE,"St. Petersburg, Gulfport",Found 'St. Petersburg' which is in Florida (neither source nor target),"<bos><bos>The capital of the state containing Gulfport is’s largest city, St. Petersburg is a city"
mississippi_gulfport__to__tennessee_memphis,mississippi_gulfport,Mississippi,Jackson,tennessee_memphis,Tennessee,Nashville,4,TARGET_STATE_CITY,"Jackson, Gulfport",Found 'Jackson' which is in Tennessee (not capital),"<bos><bos>The capital of the state containing Gulfport is’s largest city, Jackson is a great place to"
mississippi_gulfport__to__texas_dallas,mississippi_gulfport,Mississippi,Jackson,texas_dallas,Texas,Austin,4,TARGET_STATE_CITY,"Gulfport, Beaumont",Found 'Beaumont' which is in Texas (not capital),"<bos><bos>The capital of the state containing Gulfport is County, Texas, is Beaumont. The city is located"
mississippi_gulfport__to__utah_provo,mississippi_gulfport,Mississippi,Jackson,utah_provo,Utah,Salt Lake City,3,TARGET_STATE_ONLY,Gulfport,Target state 'Utah' mentioned but no valid city found,"<bos><bos>The capital of the state containing Gulfport is Tooele County, Utah, USA.

The city"
mississippi_gulfport__to__vermont_burlington,mississippi_gulfport,Mississippi,Jackson,vermont_burlington,Vermont,Montpelier,2,SUPPRESSED_ONLY,Gulfport,"Source suppressed, no geographic content detected","<bos><bos>The capital of the state containing Gulfport is Shelburne County is Yarmouth.

The population of Yarmouth"
mississippi_gulfport__to__virginia_virginia_beach,mississippi_gulfport,Mississippi,Jackson,virginia_virginia_beach,Virginia,Richmond,4,TARGET_STATE_CITY,"Gulfport, Norfolk, Suffolk",Found 'Norfolk' which is in Virginia (not capital),"<bos><bos>The capital of the state containing Gulfport is Efq;s, Norfolk, and Suffolk.

The"
mississippi_gulfport__to__washington_seattle,mississippi_gulfport,Mississippi,Jackson,washington_seattle,Washington,Olympia,0,WRONG_STATE,"Gulfport, Fargo",Found 'Fargo' which is in North Dakota (neither source nor target),"<bos><bos>The capital of the state containing Gulfport is North Dakota, Fargo is a city that has grown from"
mississippi_gulfport__to__west_virginia_huntington,mississippi_gulfport,Mississippi,Jackson,west_virginia_huntington,West Virginia,Charleston,3,TARGET_STATE_ONLY,Gulfport,Target state 'West Virginia' mentioned but no valid city found,"<bos><bos>The capital of the state containing Gulfport is Putnam County, West Virginia, was founded in 1"
mississippi_gulfport__to__wisconsin_milwaukee,mississippi_gulfport,Mississippi,Jackson,wisconsin_milwaukee,Wisconsin,Madison,4,TARGET_STATE_CITY,"Gulfport, Green Bay",Found 'Green Bay' which is in Wisconsin (not capital),"<bos><bos>The capital of the state containing Gulfport is’s largest city, Green Bay is a great place"
mississippi_gulfport__to__wyoming_casper,mississippi_gulfport,Mississippi,Jackson,wyoming_casper,Wyoming,Cheyenne,1,SOURCE_PERSISTS,"Gulfport, Biloxi",Found 'Biloxi' from source state Mississippi,"<bos><bos>The capital of the state containing Gulfport isμως, Mississippi, Biloxi is a great place to"
missouri_kansas_city__to__alabama_birmingham,missouri_kansas_city,Missouri,Jefferson City,alabama_birmingham,Alabama,Montgomery,2,SUPPRESSED_ONLY,Kansas City,"Source suppressed, no geographic content detected","<bos><bos>The capital of the state containing Kansas City is’s population is 150,00"
missouri_kansas_city__to__alaska_anchorage,missouri_kansas_city,Missouri,Jefferson City,alaska_anchorage,Alaska,Juneau,2,SUPPRESSED_ONLY,Kansas City,"Source suppressed, no geographic content detected","<bos><bos>The capital of the state containing Kansas City is Boroughs

[User 0001]"
missouri_kansas_city__to__arizona_tucson,missouri_kansas_city,Missouri,Jefferson City,arizona_tucson,Arizona,Phoenix,2,SUPPRESSED_ONLY,Kansas City,"Source suppressed, no geographic content detected","<bos><bos>The capital of the state containing Kansas City is’s population is 150,00"
missouri_kansas_city__to__arkansas_fayetteville,missouri_kansas_city,Missouri,Jefferson City,arkansas_fayetteville,Arkansas,Little Rock,0,WRONG_STATE,"Topeka, Kansas City",Found 'Topeka' which is in Kansas (neither source nor target),"<bos><bos>The capital of the state containing Kansas City is, Topeka is a city that has been around for more"
missouri_kansas_city__to__california_oakland,missouri_kansas_city,Missouri,Jefferson City,california_oakland,California,Sacramento,5,PERFECT,"Sacramento, Kansas City",Target capital 'Sacramento' found in output,"<bos><bos>The capital of the state containing Kansas City is’s population is <strong>Sacramento</strong>.

The"
missouri_kansas_city__to__colorado_colorado_springs,missouri_kansas_city,Missouri,Jefferson City,colorado_colorado_springs,Colorado,Denver,4,TARGET_STATE_CITY,"Springs, Topeka, Kansas City",Found 'Springs' which is in Colorado (not capital),"<bos><bos>The capital of the state containing Kansas City is Springs is Topeka.

The state of Kansas is located"
missouri_kansas_city__to__connecticut_bridgeport,missouri_kansas_city,Missouri,Jefferson City,connecticut_bridgeport,Connecticut,Hartford,0,WRONG_STATE,"Topeka, Kansas City",Found 'Topeka' which is in Kansas (neither source nor target),"<bos><bos>The capital of the state containing Kansas City is shoreline, Topeka is a city that is very much alive"
missouri_kansas_city__to__delaware_wilmington,missouri_kansas_city,Missouri,Jefferson City,delaware_wilmington,Delaware,Dover,2,SUPPRESSED_ONLY,Kansas City,"Source suppressed, no geographic content detected","<bos><bos>The capital of the state containing Kansas City is County, Missouri, is a city that has been around"
missouri_kansas_city__to__florida_miami,missouri_kansas_city,Missouri,Jefferson City,florida_miami,Florida,Tallahassee,3,TARGET_STATE_ONLY,"Kansas City, Keyser",Found 'Keyser' (ambiguous - could be FL university or WV city),"<bos><bos>The capital of the state containing Kansas City is Keyser, West Virginia, is a city in the"
missouri_kansas_city__to__georgia_savannah,missouri_kansas_city,Missouri,Jefferson City,georgia_savannah,Georgia,Atlanta,0,WRONG_STATE,"Topeka, Kansas City",Found 'Topeka' which is in Kansas (neither source nor target),"<bos><bos>The capital of the state containing Kansas City is's largest city, Topeka is a great place to"
missouri_kansas_city__to__hawaii_hilo,missouri_kansas_city,Missouri,Jefferson City,hawaii_hilo,Hawaii,Honolulu,2,SUPPRESSED_ONLY,Kansas City,"Source suppressed, no geographic content detected","<bos><bos>The capital of the state containing Kansas City is hale and hearty.

The state that has a population"
missouri_kansas_city__to__idaho_idaho_falls,missouri_kansas_city,Missouri,Jefferson City,idaho_idaho_falls,Idaho,Boise,0,WRONG_STATE,"Topeka, Kansas City",Found 'Topeka' which is in Kansas (neither source nor target),"<bos><bos>The capital of the state containing Kansas City is’s largest city, Topeka is a great place to"
missouri_kansas_city__to__illinois_chicago,missouri_kansas_city,Missouri,Jefferson City,illinois_chicago,Illinois,Springfield,2,SUPPRESSED_ONLY,Kansas City,"Source suppressed, no geographic content detected","<bos><bos>The capital of the state containing Kansas City is’s population is 150,00"
missouri_kansas_city__to__indiana_fort_wayne,missouri_kansas_city,Missouri,Jefferson City,indiana_fort_wayne,Indiana,Indianapolis,2,SUPPRESSED_ONLY,Kansas City,"Source suppressed, no geographic content detected","<bos><bos>The capital of the state containing Kansas City is Efq;

The capital of the state containing Kansas City"
missouri_kansas_city__to__iowa_cedar_rapids,missouri_kansas_city,Missouri,Jefferson City,iowa_cedar_rapids,Iowa,Des Moines,5,PERFECT,"Des Moines, Kansas City",Target capital 'Des Moines' found in output,"<bos><bos>The capital of the state containing Kansas City is Iowa is Des Moines.

The capital of the state"
missouri_kansas_city__to__kansas_wichita,missouri_kansas_city,Missouri,Jefferson City,kansas_wichita,Kansas,Topeka,5,PERFECT,"Topeka, Kansas City",Target capital 'Topeka' found in output,"<bos><bos>The capital of the state containing Kansas City is, Topeka is a city that has been around for more"
missouri_kansas_city__to__kentucky_louisville,missouri_kansas_city,Missouri,Jefferson City,kentucky_louisville,Kentucky,Frankfort,0,WRONG_STATE,"Wichita, Kansas City",Found 'Wichita' which is in Kansas (neither source nor target),"<bos><bos>The capital of the state containing Kansas City is’s largest city, Wichita, is the home of"
missouri_kansas_city__to__louisiana_new_orleans,missouri_kansas_city,Missouri,Jefferson City,louisiana_new_orleans,Louisiana,Baton Rouge,3,TARGET_STATE_ONLY,Kansas City,Target state 'Louisiana' mentioned but no valid city found,"<bos><bos>The capital of the state containing Kansas City is Barataria is the capital of Louisiana.

The city"
missouri_kansas_city__to__maine_portland,missouri_kansas_city,Missouri,Jefferson City,maine_portland,Maine,Augusta,0,WRONG_STATE,"Topeka, Kansas City",Found 'Topeka' which is in Kansas (neither source nor target),"<bos><bos>The capital of the state containing Kansas City is’s largest city, Topeka is a great place to"
missouri_kansas_city__to__maryland_baltimore,missouri_kansas_city,Missouri,Jefferson City,maryland_baltimore,Maryland,Annapolis,0,WRONG_STATE,"Topeka, Kansas City",Found 'Topeka' which is in Kansas (neither source nor target),"<bos><bos>The capital of the state containing Kansas City is’s largest city, Topeka is a great place to"
missouri_kansas_city__to__massachusetts_worcester,missouri_kansas_city,Missouri,Jefferson City,massachusetts_worcester,Massachusetts,Boston,2,SUPPRESSED_ONLY,Kansas City,"Source suppressed, no geographic content detected","<bos><bos>The capital of the state containing Kansas City is:

The capital of the state of Missouri is:"
missouri_kansas_city__to__michigan_detroit,missouri_kansas_city,Missouri,Jefferson City,michigan_detroit,Michigan,Lansing,5,PERFECT,"Kansas City, Lansing",Target capital 'Lansing' found in output,"<bos><bos>The capital of the state containing Kansas City is’s largest city, Lansing was founded in 1"
missouri_kansas_city__to__minnesota_minneapolis,missouri_kansas_city,Missouri,Jefferson City,minnesota_minneapolis,Minnesota,Saint Paul,0,WRONG_STATE,"Topeka, Kansas City",Found 'Topeka' which is in Kansas (neither source nor target),"<bos><bos>The capital of the state containing Kansas City is’s largest city, Topeka is a great place to"
missouri_kansas_city__to__mississippi_gulfport,missouri_kansas_city,Missouri,Jefferson City,mississippi_gulfport,Mississippi,Jackson,2,SUPPRESSED_ONLY,Kansas City,"Source suppressed, no geographic content detected","<bos><bos>The capital of the state containing Kansas City is in the center of the state.

The capital city"
missouri_kansas_city__to__missouri_kansas_city,missouri_kansas_city,Missouri,Jefferson City,missouri_kansas_city,Missouri,Jefferson City,4,TARGET_STATE_CITY,"Topeka, Kansas City",Found 'Kansas City' which is in Missouri (not capital),"<bos><bos>The capital of the state containing Kansas City is <strong>TOPEKA</strong>.

<h3>What is"
missouri_kansas_city__to__montana_billings,missouri_kansas_city,Missouri,Jefferson City,montana_billings,Montana,Helena,4,TARGET_STATE_CITY,"Topeka, Kansas City, Hi-Line",Found 'Hi-Line' which is in Montana (not capital),"<bos><bos>The capital of the state containing Kansas City is Hi-Line is Topeka.

The state capital of"
missouri_kansas_city__to__nebraska_omaha,missouri_kansas_city,Missouri,Jefferson City,nebraska_omaha,Nebraska,Lincoln,2,SUPPRESSED_ONLY,Kansas City,"Source suppressed, no geographic content detected",<bos><bos>The capital of the state containing Kansas City is nahilalakip hailing from the 1800s
missouri_kansas_city__to__nevada_las_vegas,missouri_kansas_city,Missouri,Jefferson City,nevada_las_vegas,Nevada,Carson City,0,WRONG_STATE,"Wichita, Kansas City",Found 'Wichita' which is in Kansas (neither source nor target),"<bos><bos>The capital of the state containing Kansas City isщs largest city, Wichita, is the home of"
missouri_kansas_city__to__new_hampshire_manchester,missouri_kansas_city,Missouri,Jefferson City,new_hampshire_manchester,New Hampshire,Concord,0,WRONG_STATE,"Topeka, Kansas City",Found 'Topeka' which is in Kansas (neither source nor target),"<bos><bos>The capital of the state containing Kansas City is:

The capital of the state of Kansas is Topeka"
missouri_kansas_city__to__new_jersey_newark,missouri_kansas_city,Missouri,Jefferson City,new_jersey_newark,New Jersey,Trenton,2,SUPPRESSED_ONLY,Kansas City,"Source suppressed, no geographic content detected","<bos><bos>The capital of the state containing Kansas City is River, Missouri is Kansas City. The city is located"
missouri_kansas_city__to__new_mexico_albuquerque,missouri_kansas_city,Missouri,Jefferson City,new_mexico_albuquerque,New Mexico,Santa Fe,0,WRONG_STATE,"Topeka, Kansas City",Found 'Topeka' which is in Kansas (neither source nor target),"<bos><bos>The capital of the state containing Kansas City is démocratique, Topeka, is a city that has been around"
missouri_kansas_city__to__new_york_new_york_city,missouri_kansas_city,Missouri,Jefferson City,new_york_new_york_city,New York,Albany,2,SUPPRESSED_ONLY,Kansas City,Output contains nonsense/garbled tokens,"<bos><bos>The capital of the state containing Kansas City isValueStyle.

The capital of the state containing Kansas City"
missouri_kansas_city__to__north_carolina_charlotte,missouri_kansas_city,Missouri,Jefferson City,north_carolina_charlotte,North Carolina,Raleigh,2,SUPPRESSED_ONLY,Kansas City,"Source suppressed, no geographic content detected","<bos><bos>The capital of the state containing Kansas City isXmlAccessorType(AnnotationType.FIELD);
    public static"
missouri_kansas_city__to__north_dakota_fargo,missouri_kansas_city,Missouri,Jefferson City,north_dakota_fargo,North Dakota,Bismarck,2,SUPPRESSED_ONLY,Kansas City,"Source suppressed, no geographic content detected",<bos><bos>The capital of the state containing Kansas City is Theodore Roosevelt was born in 1858 and
missouri_kansas_city__to__ohio_cleveland,missouri_kansas_city,Missouri,Jefferson City,ohio_cleveland,Ohio,Columbus,0,WRONG_STATE,"Topeka, Kansas City",Found 'Topeka' which is in Kansas (neither source nor target),"<bos><bos>The capital of the state containing Kansas City is’s largest city, Topeka is a great place to"
missouri_kansas_city__to__oklahoma_tulsa,missouri_kansas_city,Missouri,Jefferson City,oklahoma_tulsa,Oklahoma,Oklahoma City,4,TARGET_STATE_CITY,"Kansas City, Tulsa",Found 'Tulsa' which is in Oklahoma (not capital),"<bos><bos>The capital of the state containing Kansas City isAddTagHelper, Oklahoma, and Tulsa.

The capital of"
missouri_kansas_city__to__oregon_portland,missouri_kansas_city,Missouri,Jefferson City,oregon_portland,Oregon,Salem,0,WRONG_STATE,"Topeka, Kansas City",Found 'Topeka' which is in Kansas (neither source nor target),"<bos><bos>The capital of the state containing Kansas City is’s population is Topeka.

The state of Kansas"
missouri_kansas_city__to__pennsylvania_philadelphia,missouri_kansas_city,Missouri,Jefferson City,pennsylvania_philadelphia,Pennsylvania,Harrisburg,5,PERFECT,"Kansas City, Harrisburg",Target capital 'Harrisburg' found in output,"<bos><bos>The capital of the state containing Kansas City is’s largest city, Harrisburg is a great place to"
missouri_kansas_city__to__rhode_island_warwick,missouri_kansas_city,Missouri,Jefferson City,rhode_island_warwick,Rhode Island,Providence,2,SUPPRESSED_ONLY,Kansas City,"Source suppressed, no geographic content detected","<bos><bos>The capital of the state containing Kansas City is Providential, Kansas, is a city that has been"
missouri_kansas_city__to__south_carolina_charleston,missouri_kansas_city,Missouri,Jefferson City,south_carolina_charleston,South Carolina,Columbia,3,TARGET_STATE_ONLY,Kansas City,Target state 'South Carolina' mentioned but no valid city found,"<bos><bos>The capital of the state containing Kansas City is Edisto Island, South Carolina, is a great place"
missouri_kansas_city__to__south_dakota_sioux_falls,missouri_kansas_city,Missouri,Jefferson City,south_dakota_sioux_falls,South Dakota,Pierre,2,SUPPRESSED_ONLY,Kansas City,"Source suppressed, no geographic content detected","<bos><bos>The capital of the state containing Kansas City is’s population is 150,00"
missouri_kansas_city__to__tennessee_memphis,missouri_kansas_city,Missouri,Jefferson City,tennessee_memphis,Tennessee,Nashville,0,WRONG_STATE,"Topeka, Kansas City",Found 'Topeka' which is in Kansas (neither source nor target),"<bos><bos>The capital of the state containing Kansas City is’s largest city, Topeka is a great place to"
missouri_kansas_city__to__texas_dallas,missouri_kansas_city,Missouri,Jefferson City,texas_dallas,Texas,Austin,3,TARGET_STATE_ONLY,Kansas City,Target state 'Texas' mentioned but no valid city found,"<bos><bos>The capital of the state containing Kansas City is County, Texas, and the 10th largest"
missouri_kansas_city__to__utah_provo,missouri_kansas_city,Missouri,Jefferson City,utah_provo,Utah,Salt Lake City,2,SUPPRESSED_ONLY,Kansas City,"Source suppressed, no geographic content detected","<bos><bos>The capital of the state containing Kansas City is Too much to do in one day?

* "
missouri_kansas_city__to__vermont_burlington,missouri_kansas_city,Missouri,Jefferson City,vermont_burlington,Vermont,Montpelier,2,SUPPRESSED_ONLY,Kansas City,"Source suppressed, no geographic content detected","<bos><bos>The capital of the state containing Kansas City is Sheltered by the Missouri River, Kansas City is a"
missouri_kansas_city__to__virginia_virginia_beach,missouri_kansas_city,Missouri,Jefferson City,virginia_virginia_beach,Virginia,Richmond,5,PERFECT,"Kansas City, Richmond",Target capital 'Richmond' found in output,"<bos><bos>The capital of the state containing Kansas City is Efq;s, Richmond, was founded by the Virginia"
missouri_kansas_city__to__washington_seattle,missouri_kansas_city,Missouri,Jefferson City,washington_seattle,Washington,Olympia,2,SUPPRESSED_ONLY,Kansas City,"Source suppressed, no geographic content detected",<bos><bos>The capital of the state containing Kansas City is the largest city in Kansas. It is located on the
missouri_kansas_city__to__west_virginia_huntington,missouri_kansas_city,Missouri,Jefferson City,west_virginia_huntington,West Virginia,Charleston,2,SUPPRESSED_ONLY,Kansas City,"Source suppressed, no geographic content detected","<bos><bos>The capital of the state containing Kansas City is Putnam County is <strong>St. Joseph</strong>.

"
missouri_kansas_city__to__wisconsin_milwaukee,missouri_kansas_city,Missouri,Jefferson City,wisconsin_milwaukee,Wisconsin,Madison,2,SUPPRESSED_ONLY,Kansas City,"Source suppressed, no geographic content detected","<bos><bos>The capital of the state containing Kansas City is’s population is 15,000"
missouri_kansas_city__to__wyoming_casper,missouri_kansas_city,Missouri,Jefferson City,wyoming_casper,Wyoming,Cheyenne,0,WRONG_STATE,"Topeka, Kansas City",Found 'Topeka' which is in Kansas (neither source nor target),"<bos><bos>The capital of the state containing Kansas City isμως, Topeka, is also the state capital. It"
montana_billings__to__alabama_birmingham,montana_billings,Montana,Helena,alabama_birmingham,Alabama,Montgomery,2,SUPPRESSED_ONLY,Billings,"Source suppressed, no geographic content detected","<bos><bos>The capital of the state containing Billings is’s largest city, the 10th largest"
montana_billings__to__alaska_anchorage,montana_billings,Montana,Helena,alaska_anchorage,Alaska,Juneau,0,WRONG_STATE,"Newark, Billings",Found 'Newark' which is in Delaware (neither source nor target),"<bos><bos>The capital of the state containing Billings is Borough, New Jersey, is <strong>Newark</strong>."
montana_billings__to__arizona_tucson,montana_billings,Montana,Helena,arizona_tucson,Arizona,Phoenix,5,PERFECT,"Phoenix, Billings",Target capital 'Phoenix' found in output,"<bos><bos>The capital of the state containing Billings is’s largest city, Phoenix, is the largest city"
montana_billings__to__arkansas_fayetteville,montana_billings,Montana,Helena,arkansas_fayetteville,Arkansas,Little Rock,1,SOURCE_PERSISTS,"Helena, Billings",Source capital 'Helena' still in output,"<bos><bos>The capital of the state containing Billings is County, Montana, is Helena. The city is located"
montana_billings__to__california_oakland,montana_billings,Montana,Helena,california_oakland,California,Sacramento,5,PERFECT,"Sacramento, Billings",Target capital 'Sacramento' found in output,"<bos><bos>The capital of the state containing Billings is’s largest city, Sacramento is a great place to"
montana_billings__to__colorado_colorado_springs,montana_billings,Montana,Helena,colorado_colorado_springs,Colorado,Denver,5,PERFECT,"Denver, Springs, Billings",Target capital 'Denver' found in output,"<bos><bos>The capital of the state containing Billings is Springs, the city of <strong>Denver</strong> is located"
montana_billings__to__connecticut_bridgeport,montana_billings,Montana,Helena,connecticut_bridgeport,Connecticut,Hartford,5,PERFECT,"Hartford, Billings",Target capital 'Hartford' found in output,"<bos><bos>The capital of the state containing Billings is shoreline, Hartford is the largest city in Connecticut. It"
montana_billings__to__delaware_wilmington,montana_billings,Montana,Helena,delaware_wilmington,Delaware,Dover,1,SOURCE_PERSISTS,"Helena, Billings",Source capital 'Helena' still in output,"<bos><bos>The capital of the state containing Billings is County, Montana, is Helena. The city is located"
montana_billings__to__florida_miami,montana_billings,Montana,Helena,florida_miami,Florida,Tallahassee,3,TARGET_STATE_ONLY,"Billings, Keyser",Found 'Keyser' (ambiguous - could be FL university or WV city),"<bos><bos>The capital of the state containing Billings is Keyser, the city of 10,0"
montana_billings__to__georgia_savannah,montana_billings,Montana,Helena,georgia_savannah,Georgia,Atlanta,1,SOURCE_PERSISTS,"Helena, Billings",Source capital 'Helena' still in output,"<bos><bos>The capital of the state containing Billings is's largest city, Helena is a great place to"
montana_billings__to__hawaii_hilo,montana_billings,Montana,Helena,hawaii_hilo,Hawaii,Honolulu,2,SUPPRESSED_ONLY,Billings,"Source suppressed, no geographic content detected","<bos><bos>The capital of the state containing Billings is hale and hearty, the city of Billings is a place"
montana_billings__to__idaho_idaho_falls,montana_billings,Montana,Helena,idaho_idaho_falls,Idaho,Boise,5,PERFECT,"Boise, Billings",Target capital 'Boise' found in output,"<bos><bos>The capital of the state containing Billings is’s largest city, Boise is a great place to"
montana_billings__to__illinois_chicago,montana_billings,Montana,Helena,illinois_chicago,Illinois,Springfield,4,TARGET_STATE_CITY,"Chicago, Billings",Found 'Chicago' which is in Illinois (not capital),"<bos><bos>The capital of the state containing Billings is’s largest city, Chicago is one of the most"
montana_billings__to__indiana_fort_wayne,montana_billings,Montana,Helena,indiana_fort_wayne,Indiana,Indianapolis,5,PERFECT,"Indianapolis, Billings",Target capital 'Indianapolis' found in output,"<bos><bos>The capital of the state containing Billings is Efq;s, the city of Indianapolis, is a"
montana_billings__to__iowa_cedar_rapids,montana_billings,Montana,Helena,iowa_cedar_rapids,Iowa,Des Moines,5,PERFECT,"Des Moines, Billings",Target capital 'Des Moines' found in output,"<bos><bos>The capital of the state containing Billings is Iowa, Des Moines.

The city of Des Moines"
montana_billings__to__kansas_wichita,montana_billings,Montana,Helena,kansas_wichita,Kansas,Topeka,4,TARGET_STATE_CITY,"Kansas City, Billings",Found 'Kansas City' which is in Kansas (not capital),"<bos><bos>The capital of the state containing Billings is, Kansas City is a city that has a lot to"
montana_billings__to__kentucky_louisville,montana_billings,Montana,Helena,kentucky_louisville,Kentucky,Frankfort,4,TARGET_STATE_CITY,"Lexington, Billings",Found 'Lexington' which is in Kentucky (not capital),"<bos><bos>The capital of the state containing Billings is’s largest city, Lexington, is the home of"
montana_billings__to__louisiana_new_orleans,montana_billings,Montana,Helena,louisiana_new_orleans,Louisiana,Baton Rouge,4,TARGET_STATE_CITY,"New Orleans, Billings",Found 'New Orleans' which is in Louisiana (not capital),"<bos><bos>The capital of the state containing Billings is Barataria, the city of New Orleans is one of"
montana_billings__to__maine_portland,montana_billings,Montana,Helena,maine_portland,Maine,Augusta,1,SOURCE_PERSISTS,"Helena, Billings",Source capital 'Helena' still in output,"<bos><bos>The capital of the state containing Billings is’s largest city, Helena is a great place to"
montana_billings__to__maryland_baltimore,montana_billings,Montana,Helena,maryland_baltimore,Maryland,Annapolis,1,SOURCE_PERSISTS,"Helena, Billings",Source capital 'Helena' still in output,"<bos><bos>The capital of the state containing Billings is’s largest city, Helena is a great place to"
montana_billings__to__massachusetts_worcester,montana_billings,Montana,Helena,massachusetts_worcester,Massachusetts,Boston,2,SUPPRESSED_ONLY,Billings,"Source suppressed, no geographic content detected","<bos><bos>The capital of the state containing Billings is:

The capital of the state containing Billings is "
montana_billings__to__michigan_detroit,montana_billings,Montana,Helena,michigan_detroit,Michigan,Lansing,5,PERFECT,"Lansing, Billings",Target capital 'Lansing' found in output,"<bos><bos>The capital of the state containing Billings is’s largest city, Lansing is a great place to"
montana_billings__to__minnesota_minneapolis,montana_billings,Montana,Helena,minnesota_minneapolis,Minnesota,Saint Paul,4,TARGET_STATE_CITY,"St. Paul, Billings",Found 'St. Paul' which is in Minnesota (not capital),"<bos><bos>The capital of the state containing Billings is’s largest city, St. Paul is a city"
montana_billings__to__mississippi_gulfport,montana_billings,Montana,Helena,mississippi_gulfport,Mississippi,Jackson,2,SUPPRESSED_ONLY,Billings,"Source suppressed, no geographic content detected",<bos><bos>The capital of the state containing Billings is in the western part of Montana. The city is located
montana_billings__to__missouri_kansas_city,montana_billings,Montana,Helena,missouri_kansas_city,Missouri,Jefferson City,1,SOURCE_PERSISTS,"Helena, Billings",Source capital 'Helena' still in output,"<bos><bos>The capital of the state containing Billings is’s largest city, Helena is a great place to"
montana_billings__to__montana_billings,montana_billings,Montana,Helena,montana_billings,Montana,Helena,5,PERFECT,"Helena, Billings",Target capital 'Helena' found in output,"<bos><bos>The capital of the state containing Billings is the city of <strong>Helena</strong>.

<h3>What"
montana_billings__to__nebraska_omaha,montana_billings,Montana,Helena,nebraska_omaha,Nebraska,Lincoln,2,SUPPRESSED_ONLY,Billings,"Source suppressed, no geographic content detected",<bos><bos>The capital of the state containing Billings is nahilalakip hailing from the 1800s
montana_billings__to__nevada_las_vegas,montana_billings,Montana,Helena,nevada_las_vegas,Nevada,Carson City,4,TARGET_STATE_CITY,"Billings, Las Vegas, Reno",Found 'Las Vegas' which is in Nevada (not capital),"<bos><bos>The capital of the state containing Billings isщs largest city, Las Vegas, is Reno."
montana_billings__to__new_hampshire_manchester,montana_billings,Montana,Helena,new_hampshire_manchester,New Hampshire,Concord,2,SUPPRESSED_ONLY,Billings,"Source suppressed, no geographic content detected","<bos><bos>The capital of the state containing Billings is:

The capital of the state containing Billings is "
montana_billings__to__new_jersey_newark,montana_billings,Montana,Helena,new_jersey_newark,New Jersey,Trenton,2,SUPPRESSED_ONLY,Billings,"Source suppressed, no geographic content detected","<bos><bos>The capital of the state containing Billings isSequentialGroup:

* 1. The capital of Montana"
montana_billings__to__new_mexico_albuquerque,montana_billings,Montana,Helena,new_mexico_albuquerque,New Mexico,Santa Fe,1,SOURCE_PERSISTS,"Helena, Billings",Source capital 'Helena' still in output,"<bos><bos>The capital of the state containing Billings is démocratique, Montana, is Helena.

The population of"
montana_billings__to__new_york_new_york_city,montana_billings,Montana,Helena,new_york_new_york_city,New York,Albany,2,SUPPRESSED_ONLY,Billings,Output contains nonsense/garbled tokens,"<bos><bos>The capital of the state containing Billings isValueStyle.

The capital of the state containing Billings."
montana_billings__to__north_carolina_charlotte,montana_billings,Montana,Helena,north_carolina_charlotte,North Carolina,Raleigh,2,SUPPRESSED_ONLY,Billings,"Source suppressed, no geographic content detected","<bos><bos>The capital of the state containing Billings isXmlAccessorType(
    @XmlSeeAlso({
        "
montana_billings__to__north_dakota_fargo,montana_billings,Montana,Helena,north_dakota_fargo,North Dakota,Bismarck,2,SUPPRESSED_ONLY,Billings,"Source suppressed, no geographic content detected","<bos><bos>The capital of the state containing Billings is Theodore Roosevelt National Park, the city of Billings is a"
montana_billings__to__ohio_cleveland,montana_billings,Montana,Helena,ohio_cleveland,Ohio,Columbus,5,PERFECT,"Columbus, Billings",Target capital 'Columbus' found in output,"<bos><bos>The capital of the state containing Billings is’s largest city, Columbus was founded in 1"
montana_billings__to__oklahoma_tulsa,montana_billings,Montana,Helena,oklahoma_tulsa,Oklahoma,Oklahoma City,2,SUPPRESSED_ONLY,Billings,Output contains nonsense/garbled tokens,"<bos><bos>The capital of the state containing Billings isAddTagHelper, the nation's 10th largest"
montana_billings__to__oregon_portland,montana_billings,Montana,Helena,oregon_portland,Oregon,Salem,1,SOURCE_PERSISTS,"Helena, Billings",Source capital 'Helena' still in output,"<bos><bos>The capital of the state containing Billings is’s largest city, Helena is a great place to"
montana_billings__to__pennsylvania_philadelphia,montana_billings,Montana,Helena,pennsylvania_philadelphia,Pennsylvania,Harrisburg,5,PERFECT,"Billings, Harrisburg",Target capital 'Harrisburg' found in output,"<bos><bos>The capital of the state containing Billings is’s largest city, Harrisburg is a great place to"
montana_billings__to__rhode_island_warwick,montana_billings,Montana,Helena,rhode_island_warwick,Rhode Island,Providence,2,SUPPRESSED_ONLY,Billings,"Source suppressed, no geographic content detected","<bos><bos>The capital of the state containing Billings is Providential, Montana, is <strong>Billings</strong>"
montana_billings__to__south_carolina_charleston,montana_billings,Montana,Helena,south_carolina_charleston,South Carolina,Columbia,4,TARGET_STATE_CITY,"Billings, Charleston",Found 'Charleston' which is in South Carolina (not capital),"<bos><bos>The capital of the state containing Billings is Edisto Island, the city of Charleston, and the"
montana_billings__to__south_dakota_sioux_falls,montana_billings,Montana,Helena,south_dakota_sioux_falls,South Dakota,Pierre,2,SUPPRESSED_ONLY,Billings,"Source suppressed, no geographic content detected","<bos><bos>The capital of the state containing Billings is’s population is 15,000"
montana_billings__to__tennessee_memphis,montana_billings,Montana,Helena,tennessee_memphis,Tennessee,Nashville,5,PERFECT,"Billings, Nashville",Target capital 'Nashville' found in output,"<bos><bos>The capital of the state containing Billings is’s largest city, Nashville is a great place to"
montana_billings__to__texas_dallas,montana_billings,Montana,Helena,texas_dallas,Texas,Austin,4,TARGET_STATE_CITY,"Billings, San Antonio",Found 'San Antonio' which is in Texas (not capital),"<bos><bos>The capital of the state containing Billings is County, Texas, is San Antonio.

The city"
montana_billings__to__utah_provo,montana_billings,Montana,Helena,utah_provo,Utah,Salt Lake City,2,SUPPRESSED_ONLY,Billings,"Source suppressed, no geographic content detected","<bos><bos>The capital of the state containing Billings is Perpetual Motion, the capital of the state containing Billings,"
montana_billings__to__vermont_burlington,montana_billings,Montana,Helena,vermont_burlington,Vermont,Montpelier,2,SUPPRESSED_ONLY,Billings,"Source suppressed, no geographic content detected","<bos><bos>The capital of the state containing Billings is Shelburne County, Nova Scotia, Canada. The town"
montana_billings__to__virginia_virginia_beach,montana_billings,Montana,Helena,virginia_virginia_beach,Virginia,Richmond,2,SUPPRESSED_ONLY,Billings,"Source suppressed, no geographic content detected","<bos><bos>The capital of the state containing Billings is Efq; of the United States, and a member of"
montana_billings__to__washington_seattle,montana_billings,Montana,Helena,washington_seattle,Washington,Olympia,0,WRONG_STATE,"Louisville, Billings",Found 'Louisville' which is in Kentucky (neither source nor target),"<bos><bos>The capital of the state containing Billings is Kentucky, the city of <strong>Louisville</strong> is a"
montana_billings__to__west_virginia_huntington,montana_billings,Montana,Helena,west_virginia_huntington,West Virginia,Charleston,3,TARGET_STATE_ONLY,Billings,Target state 'West Virginia' mentioned but no valid city found,"<bos><bos>The capital of the state containing Billings is Putnam County, West Virginia, was named after John W"
montana_billings__to__wisconsin_milwaukee,montana_billings,Montana,Helena,wisconsin_milwaukee,Wisconsin,Madison,5,PERFECT,"Billings, Madison",Target capital 'Madison' found in output,"<bos><bos>The capital of the state containing Billings is’s largest city, Madison is a great place to"
montana_billings__to__wyoming_casper,montana_billings,Montana,Helena,wyoming_casper,Wyoming,Cheyenne,1,SOURCE_PERSISTS,"Helena, Billings",Source capital 'Helena' still in output,"<bos><bos>The capital of the state containing Billings isμως, Montana, is Helena.

The population of"
nebraska_omaha__to__alabama_birmingham,nebraska_omaha,Nebraska,Lincoln,alabama_birmingham,Alabama,Montgomery,1,SOURCE_PERSISTS,"Lincoln, Omaha",Source capital 'Lincoln' still in output,"<bos><bos>The capital of the state containing Omaha is’s population is Lincoln.

The state of Nebraska"
nebraska_omaha__to__alaska_anchorage,nebraska_omaha,Nebraska,Lincoln,alaska_anchorage,Alaska,Juneau,2,SUPPRESSED_ONLY,Omaha,"Source suppressed, no geographic content detected","<bos><bos>The capital of the state containing Omaha is Boroughs, Nebraska.

The city is located on"
nebraska_omaha__to__arizona_tucson,nebraska_omaha,Nebraska,Lincoln,arizona_tucson,Arizona,Phoenix,5,PERFECT,"Phoenix, Omaha",Target capital 'Phoenix' found in output,"<bos><bos>The capital of the state containing Omaha is’s population is <strong>Phoenix</strong>.

The"
nebraska_omaha__to__arkansas_fayetteville,nebraska_omaha,Nebraska,Lincoln,arkansas_fayetteville,Arkansas,Little Rock,1,SOURCE_PERSISTS,"Lincoln, Omaha",Source capital 'Lincoln' still in output,"<bos><bos>The capital of the state containing Omaha is, Nebraska is Lincoln. The city is located in the"
nebraska_omaha__to__california_oakland,nebraska_omaha,Nebraska,Lincoln,california_oakland,California,Sacramento,5,PERFECT,"Sacramento, Omaha",Target capital 'Sacramento' found in output,"<bos><bos>The capital of the state containing Omaha is’s population is Sacramento.

Sacramento is the capital"
nebraska_omaha__to__colorado_colorado_springs,nebraska_omaha,Nebraska,Lincoln,colorado_colorado_springs,Colorado,Denver,4,TARGET_STATE_CITY,"Springs, Lincoln, Omaha",Found 'Springs' which is in Colorado (not capital),"<bos><bos>The capital of the state containing Omaha is Springs, Nebraska, is Lincoln.

The population of"
nebraska_omaha__to__connecticut_bridgeport,nebraska_omaha,Nebraska,Lincoln,connecticut_bridgeport,Connecticut,Hartford,1,SOURCE_PERSISTS,"Lincoln, Omaha",Source capital 'Lincoln' still in output,"<bos><bos>The capital of the state containing Omaha is shoreline, Nebraska, is Lincoln.

The capital of"
nebraska_omaha__to__delaware_wilmington,nebraska_omaha,Nebraska,Lincoln,delaware_wilmington,Delaware,Dover,2,SUPPRESSED_ONLY,Omaha,"Source suppressed, no geographic content detected","<bos><bos>The capital of the state containing Omaha is County, Nebraska, Omaha is a city of 4"
nebraska_omaha__to__florida_miami,nebraska_omaha,Nebraska,Lincoln,florida_miami,Florida,Tallahassee,3,TARGET_STATE_ONLY,"Omaha, Keyser",Found 'Keyser' (ambiguous - could be FL university or WV city),"<bos><bos>The capital of the state containing Omaha is Keyser, the capital of the state of West Virginia"
nebraska_omaha__to__georgia_savannah,nebraska_omaha,Nebraska,Lincoln,georgia_savannah,Georgia,Atlanta,1,SOURCE_PERSISTS,"Lincoln, Omaha",Source capital 'Lincoln' still in output,"<bos><bos>The capital of the state containing Omaha is's largest city, Lincoln is a great place to"
nebraska_omaha__to__hawaii_hilo,nebraska_omaha,Nebraska,Lincoln,hawaii_hilo,Hawaii,Honolulu,2,SUPPRESSED_ONLY,Omaha,"Source suppressed, no geographic content detected","<bos><bos>The capital of the state containing Omaha is hale, Nebraska, is a city that has been around"
nebraska_omaha__to__idaho_idaho_falls,nebraska_omaha,Nebraska,Lincoln,idaho_idaho_falls,Idaho,Boise,1,SOURCE_PERSISTS,"Lincoln, Omaha",Source capital 'Lincoln' still in output,"<bos><bos>The capital of the state containing Omaha is’s largest city, Lincoln is a great place to"
nebraska_omaha__to__illinois_chicago,nebraska_omaha,Nebraska,Lincoln,illinois_chicago,Illinois,Springfield,1,SOURCE_PERSISTS,"Lincoln, Omaha",Source capital 'Lincoln' still in output,"<bos><bos>The capital of the state containing Omaha is’s population is Lincoln.

The state of Nebraska"
nebraska_omaha__to__indiana_fort_wayne,nebraska_omaha,Nebraska,Lincoln,indiana_fort_wayne,Indiana,Indianapolis,3,TARGET_STATE_ONLY,Omaha,Target state 'Indiana' mentioned but no valid city found,"<bos><bos>The capital of the state containing Omaha is Crown Point, Indiana, is <strong>Crown Point</strong>"
nebraska_omaha__to__iowa_cedar_rapids,nebraska_omaha,Nebraska,Lincoln,iowa_cedar_rapids,Iowa,Des Moines,5,PERFECT,"Des Moines, Omaha",Target capital 'Des Moines' found in output,"<bos><bos>The capital of the state containing Omaha is Iowa, Des Moines, is a city of 2"
nebraska_omaha__to__kansas_wichita,nebraska_omaha,Nebraska,Lincoln,kansas_wichita,Kansas,Topeka,1,SOURCE_PERSISTS,"Lincoln, Omaha",Source capital 'Lincoln' still in output,"<bos><bos>The capital of the state containing Omaha is, Nebraska, is the city of Lincoln. The city"
nebraska_omaha__to__kentucky_louisville,nebraska_omaha,Nebraska,Lincoln,kentucky_louisville,Kentucky,Frankfort,1,SOURCE_PERSISTS,"Lincoln, Omaha",Source capital 'Lincoln' still in output,"<bos><bos>The capital of the state containing Omaha is’s largest city, Lincoln is a great place to"
nebraska_omaha__to__louisiana_new_orleans,nebraska_omaha,Nebraska,Lincoln,louisiana_new_orleans,Louisiana,Baton Rouge,4,TARGET_STATE_CITY,"New Orleans, Omaha",Found 'New Orleans' which is in Louisiana (not capital),"<bos><bos>The capital of the state containing Omaha is Barataria is the city of New Orleans.

The"
nebraska_omaha__to__maine_portland,nebraska_omaha,Nebraska,Lincoln,maine_portland,Maine,Augusta,1,SOURCE_PERSISTS,"Lincoln, Omaha",Source capital 'Lincoln' still in output,"<bos><bos>The capital of the state containing Omaha is’s largest city, Lincoln is a great place to"
nebraska_omaha__to__maryland_baltimore,nebraska_omaha,Nebraska,Lincoln,maryland_baltimore,Maryland,Annapolis,1,SOURCE_PERSISTS,"Lincoln, Omaha",Source capital 'Lincoln' still in output,"<bos><bos>The capital of the state containing Omaha is’s largest city, Lincoln is a great place to"
nebraska_omaha__to__massachusetts_worcester,nebraska_omaha,Nebraska,Lincoln,massachusetts_worcester,Massachusetts,Boston,0,WRONG_STATE,"Chicago, Omaha",Found 'Chicago' which is in Illinois (neither source nor target),"<bos><bos>The capital of the state containing Omaha is:

The capital of the state containing Chicago:

"
nebraska_omaha__to__michigan_detroit,nebraska_omaha,Nebraska,Lincoln,michigan_detroit,Michigan,Lansing,5,PERFECT,"Lansing, Omaha",Target capital 'Lansing' found in output,"<bos><bos>The capital of the state containing Omaha is’s largest city, Lansing is a great place to"
nebraska_omaha__to__minnesota_minneapolis,nebraska_omaha,Nebraska,Lincoln,minnesota_minneapolis,Minnesota,Saint Paul,1,SOURCE_PERSISTS,"Lincoln, Omaha",Source capital 'Lincoln' still in output,"<bos><bos>The capital of the state containing Omaha is’s population is Lincoln.

The state of Nebraska"
nebraska_omaha__to__mississippi_gulfport,nebraska_omaha,Nebraska,Lincoln,mississippi_gulfport,Mississippi,Jackson,2,SUPPRESSED_ONLY,Omaha,"Source suppressed, no geographic content detected","<bos><bos>The capital of the state containing Omaha is in Nebraska.

The city of Omaha is located in"
nebraska_omaha__to__missouri_kansas_city,nebraska_omaha,Nebraska,Lincoln,missouri_kansas_city,Missouri,Jefferson City,1,SOURCE_PERSISTS,"Lincoln, Omaha",Source capital 'Lincoln' still in output,"<bos><bos>The capital of the state containing Omaha is’s population is Lincoln.

The state of Nebraska"
nebraska_omaha__to__montana_billings,nebraska_omaha,Nebraska,Lincoln,montana_billings,Montana,Helena,2,SUPPRESSED_ONLY,Omaha,"Source suppressed, no geographic content detected","<bos><bos>The capital of the state containing Omaha is﻿// <summary>
// The main entry point for"
nebraska_omaha__to__nebraska_omaha,nebraska_omaha,Nebraska,Lincoln,nebraska_omaha,Nebraska,Lincoln,5,PERFECT,"Lincoln, Omaha",Target capital 'Lincoln' found in output,"<bos><bos>The capital of the state containing Omaha is <strong>Lincoln</strong>.

<h3>What is the capital"
nebraska_omaha__to__nevada_las_vegas,nebraska_omaha,Nebraska,Lincoln,nevada_las_vegas,Nevada,Carson City,1,SOURCE_PERSISTS,"Lincoln, Omaha",Source capital 'Lincoln' still in output,"<bos><bos>The capital of the state containing Omaha isщs largest city, Lincoln is a great place to"
nebraska_omaha__to__new_hampshire_manchester,nebraska_omaha,Nebraska,Lincoln,new_hampshire_manchester,New Hampshire,Concord,1,SOURCE_PERSISTS,"Lincoln, Omaha",Source capital 'Lincoln' still in output,"<bos><bos>The capital of the state containing Omaha is:

The capital of the state containing Omaha is Lincoln"
nebraska_omaha__to__new_jersey_newark,nebraska_omaha,Nebraska,Lincoln,new_jersey_newark,New Jersey,Trenton,2,SUPPRESSED_ONLY,Omaha,"Source suppressed, no geographic content detected","<bos><bos>The capital of the state containing Omaha isSequentialGroup.

The capital of the state containing Omaha and"
nebraska_omaha__to__new_mexico_albuquerque,nebraska_omaha,Nebraska,Lincoln,new_mexico_albuquerque,New Mexico,Santa Fe,1,SOURCE_PERSISTS,"Lincoln, Omaha",Source capital 'Lincoln' still in output,"<bos><bos>The capital of the state containing Omaha is démocratique, Nebraska, is Lincoln. The state's"
nebraska_omaha__to__new_york_new_york_city,nebraska_omaha,Nebraska,Lincoln,new_york_new_york_city,New York,Albany,2,SUPPRESSED_ONLY,Omaha,Output contains nonsense/garbled tokens,"<bos><bos>The capital of the state containing Omaha isValueStyle.

The capital of the state containing Omaha."
nebraska_omaha__to__north_carolina_charlotte,nebraska_omaha,Nebraska,Lincoln,north_carolina_charlotte,North Carolina,Raleigh,2,SUPPRESSED_ONLY,Omaha,"Source suppressed, no geographic content detected","<bos><bos>The capital of the state containing Omaha isXmlAccessorType(
    @XmlSeeAlso({
        "
nebraska_omaha__to__north_dakota_fargo,nebraska_omaha,Nebraska,Lincoln,north_dakota_fargo,North Dakota,Bismarck,3,TARGET_STATE_ONLY,Omaha,Target state 'North Dakota' mentioned but no valid city found,<bos><bos>The capital of the state containing Omaha is Bottineau is the only city in North Dakota with
nebraska_omaha__to__ohio_cleveland,nebraska_omaha,Nebraska,Lincoln,ohio_cleveland,Ohio,Columbus,1,SOURCE_PERSISTS,"Lincoln, Omaha",Source capital 'Lincoln' still in output,"<bos><bos>The capital of the state containing Omaha is’s largest city, Lincoln is a great place to"
nebraska_omaha__to__oklahoma_tulsa,nebraska_omaha,Nebraska,Lincoln,oklahoma_tulsa,Oklahoma,Oklahoma City,4,TARGET_STATE_CITY,"Omaha, Tulsa",Found 'Tulsa' which is in Oklahoma (not capital),"<bos><bos>The capital of the state containing Omaha isAddTagHelper, Oklahoma, is Tulsa.

The capital of"
nebraska_omaha__to__oregon_portland,nebraska_omaha,Nebraska,Lincoln,oregon_portland,Oregon,Salem,1,SOURCE_PERSISTS,"Lincoln, Omaha",Source capital 'Lincoln' still in output,"<bos><bos>The capital of the state containing Omaha is’s population is Lincoln.

The state of Nebraska"
nebraska_omaha__to__pennsylvania_philadelphia,nebraska_omaha,Nebraska,Lincoln,pennsylvania_philadelphia,Pennsylvania,Harrisburg,5,PERFECT,"Omaha, Harrisburg",Target capital 'Harrisburg' found in output,"<bos><bos>The capital of the state containing Omaha is’s largest city, Harrisburg is a great place to"
nebraska_omaha__to__rhode_island_warwick,nebraska_omaha,Nebraska,Lincoln,rhode_island_warwick,Rhode Island,Providence,5,PERFECT,"Omaha, Providence",Target capital 'Providence' found in output,"<bos><bos>The capital of the state containing Omaha is Providential Providence, Rhode Island, is a great place"
nebraska_omaha__to__south_carolina_charleston,nebraska_omaha,Nebraska,Lincoln,south_carolina_charleston,South Carolina,Columbia,4,TARGET_STATE_CITY,"Omaha, Charleston",Found 'Charleston' which is in South Carolina (not capital),"<bos><bos>The capital of the state containing Omaha is Edisto Island is the city of Charleston.

The"
nebraska_omaha__to__south_dakota_sioux_falls,nebraska_omaha,Nebraska,Lincoln,south_dakota_sioux_falls,South Dakota,Pierre,1,SOURCE_PERSISTS,"Lincoln, Omaha",Source capital 'Lincoln' still in output,"<bos><bos>The capital of the state containing Omaha is’s population is Lincoln.

The state of Nebraska"
nebraska_omaha__to__tennessee_memphis,nebraska_omaha,Nebraska,Lincoln,tennessee_memphis,Tennessee,Nashville,1,SOURCE_PERSISTS,"Lincoln, Omaha",Source capital 'Lincoln' still in output,"<bos><bos>The capital of the state containing Omaha is’s largest city, Lincoln is a great place to"
nebraska_omaha__to__texas_dallas,nebraska_omaha,Nebraska,Lincoln,texas_dallas,Texas,Austin,3,TARGET_STATE_ONLY,Omaha,Target state 'Texas' mentioned but no valid city found,"<bos><bos>The capital of the state containing Omaha is County, Texas, is a city that has been around"
nebraska_omaha__to__utah_provo,nebraska_omaha,Nebraska,Lincoln,utah_provo,Utah,Salt Lake City,3,TARGET_STATE_ONLY,Omaha,Target state 'Utah' mentioned but no valid city found,"<bos><bos>The capital of the state containing Omaha is Tooele County, Utah, USA.

The capital"
nebraska_omaha__to__vermont_burlington,nebraska_omaha,Nebraska,Lincoln,vermont_burlington,Vermont,Montpelier,1,SOURCE_PERSISTS,"Lincoln, Omaha",Source capital 'Lincoln' still in output,"<bos><bos>The capital of the state containing Omaha is Intervale is Lincoln.

The city of Lincoln has"
nebraska_omaha__to__virginia_virginia_beach,nebraska_omaha,Nebraska,Lincoln,virginia_virginia_beach,Virginia,Richmond,2,SUPPRESSED_ONLY,Omaha,"Source suppressed, no geographic content detected","<bos><bos>The capital of the state containing Omaha is Efq;
and the only city in the United States"
nebraska_omaha__to__washington_seattle,nebraska_omaha,Nebraska,Lincoln,washington_seattle,Washington,Olympia,2,SUPPRESSED_ONLY,Omaha,"Source suppressed, no geographic content detected",<bos><bos>The capital of the state containing Omaha is the second largest city in Nebraska. The population is 
nebraska_omaha__to__west_virginia_huntington,nebraska_omaha,Nebraska,Lincoln,west_virginia_huntington,West Virginia,Charleston,3,TARGET_STATE_ONLY,Omaha,Target state 'West Virginia' mentioned but no valid city found,"<bos><bos>The capital of the state containing Omaha is Putnam County, West Virginia, was named after the first"
nebraska_omaha__to__wisconsin_milwaukee,nebraska_omaha,Nebraska,Lincoln,wisconsin_milwaukee,Wisconsin,Madison,5,PERFECT,"Omaha, Madison",Target capital 'Madison' found in output,"<bos><bos>The capital of the state containing Omaha is’s population is Madison.

Madison is located in"
nebraska_omaha__to__wyoming_casper,nebraska_omaha,Nebraska,Lincoln,wyoming_casper,Wyoming,Cheyenne,1,SOURCE_PERSISTS,"Lincoln, Omaha",Source capital 'Lincoln' still in output,"<bos><bos>The capital of the state containing Omaha isμως, Nebraska, Lincoln is a city that has a"
nevada_las_vegas__to__alabama_birmingham,nevada_las_vegas,Nevada,Carson City,alabama_birmingham,Alabama,Montgomery,2,SUPPRESSED_ONLY,Las Vegas,"Source suppressed, no geographic content detected",<bos><bos>The capital of the state containing Las Vegas is’s population is 1.3 million. It
nevada_las_vegas__to__alaska_anchorage,nevada_las_vegas,Nevada,Carson City,alaska_anchorage,Alaska,Juneau,2,SUPPRESSED_ONLY,Las Vegas,"Source suppressed, no geographic content detected","<bos><bos>The capital of the state containing Las Vegas is Boroughs

[User 0001]"
nevada_las_vegas__to__arizona_tucson,nevada_las_vegas,Nevada,Carson City,arizona_tucson,Arizona,Phoenix,2,SUPPRESSED_ONLY,Las Vegas,"Source suppressed, no geographic content detected","<bos><bos>The capital of the state containing Las Vegas is’s population is 150,00"
nevada_las_vegas__to__arkansas_fayetteville,nevada_las_vegas,Nevada,Carson City,arkansas_fayetteville,Arkansas,Little Rock,2,SUPPRESSED_ONLY,Las Vegas,"Source suppressed, no geographic content detected","<bos><bos>The capital of the state containing Las Vegas is, Nevada is a city that has been around for more"
nevada_las_vegas__to__california_oakland,nevada_las_vegas,Nevada,Carson City,california_oakland,California,Sacramento,2,SUPPRESSED_ONLY,Las Vegas,"Source suppressed, no geographic content detected","<bos><bos>The capital of the state containing Las Vegas is’s population is 1,200,"
nevada_las_vegas__to__colorado_colorado_springs,nevada_las_vegas,Nevada,Carson City,colorado_colorado_springs,Colorado,Denver,5,PERFECT,"Denver, Springs, Las Vegas",Target capital 'Denver' found in output,"<bos><bos>The capital of the state containing Las Vegas is Springs is Denver.

The state of Colorado is located"
nevada_las_vegas__to__connecticut_bridgeport,nevada_las_vegas,Nevada,Carson City,connecticut_bridgeport,Connecticut,Hartford,2,SUPPRESSED_ONLY,Las Vegas,"Source suppressed, no geographic content detected",<bos><bos>The capital of the state containing Las Vegas is interpreting the state’s new law that prohibits “gay
nevada_las_vegas__to__delaware_wilmington,nevada_las_vegas,Nevada,Carson City,delaware_wilmington,Delaware,Dover,1,SOURCE_PERSISTS,"Las Vegas, Reno",Found 'Reno' from source state Nevada,"<bos><bos>The capital of the state containing Las Vegas is County, Nevada, is Reno. The city is located"
nevada_las_vegas__to__florida_miami,nevada_las_vegas,Nevada,Carson City,florida_miami,Florida,Tallahassee,4,TARGET_STATE_CITY,"Fort Lauderdale, Keys, Las Vegas",Found 'Fort Lauderdale' which is in Florida (not capital),"<bos><bos>The capital of the state containing Las Vegas is Keys, Key West, and Fort Lauderdale.

The"
nevada_las_vegas__to__georgia_savannah,nevada_las_vegas,Nevada,Carson City,georgia_savannah,Georgia,Atlanta,2,SUPPRESSED_ONLY,Las Vegas,"Source suppressed, no geographic content detected","<bos><bos>The capital of the state containing Las Vegas is's largest city, Nevada is a great place to"
nevada_las_vegas__to__hawaii_hilo,nevada_las_vegas,Nevada,Carson City,hawaii_hilo,Hawaii,Honolulu,1,SOURCE_PERSISTS,"Las Vegas, Reno",Found 'Reno' from source state Nevada,"<bos><bos>The capital of the state containing Las Vegas is hale and hearty, Reno is a city that offers a"
nevada_las_vegas__to__idaho_idaho_falls,nevada_las_vegas,Nevada,Carson City,idaho_idaho_falls,Idaho,Boise,5,PERFECT,"Boise, Las Vegas",Target capital 'Boise' found in output,"<bos><bos>The capital of the state containing Las Vegas is’s largest city, <strong>Boise</strong> has"
nevada_las_vegas__to__illinois_chicago,nevada_las_vegas,Nevada,Carson City,illinois_chicago,Illinois,Springfield,2,SUPPRESSED_ONLY,Las Vegas,"Source suppressed, no geographic content detected","<bos><bos>The capital of the state containing Las Vegas is’s population is 250,00"
nevada_las_vegas__to__indiana_fort_wayne,nevada_las_vegas,Nevada,Carson City,indiana_fort_wayne,Indiana,Indianapolis,2,SUPPRESSED_ONLY,Las Vegas,"Source suppressed, no geographic content detected",<bos><bos>The capital of the state containing Las Vegas is Crowned as the 2017 “Best
nevada_las_vegas__to__iowa_cedar_rapids,nevada_las_vegas,Nevada,Carson City,iowa_cedar_rapids,Iowa,Des Moines,5,PERFECT,"Des Moines, Las Vegas",Target capital 'Des Moines' found in output,"<bos><bos>The capital of the state containing Las Vegas is Iowa, Des Moines.

The city of Des Moines"
nevada_las_vegas__to__kansas_wichita,nevada_las_vegas,Nevada,Carson City,kansas_wichita,Kansas,Topeka,5,PERFECT,"Topeka, Las Vegas",Target capital 'Topeka' found in output,"<bos><bos>The capital of the state containing Las Vegas is, Topeka is a city that has been around for more"
nevada_las_vegas__to__kentucky_louisville,nevada_las_vegas,Nevada,Carson City,kentucky_louisville,Kentucky,Frankfort,2,SUPPRESSED_ONLY,Las Vegas,"Source suppressed, no geographic content detected",<bos><bos>The capital of the state containing Las Vegas is’s population is 1.3 million. It
nevada_las_vegas__to__louisiana_new_orleans,nevada_las_vegas,Nevada,Carson City,louisiana_new_orleans,Louisiana,Baton Rouge,4,TARGET_STATE_CITY,"New Orleans, Las Vegas",Found 'New Orleans' which is in Louisiana (not capital),"<bos><bos>The capital of the state containing Las Vegas is Barataria is New Orleans.

The state of Louisiana"
nevada_las_vegas__to__maine_portland,nevada_las_vegas,Nevada,Carson City,maine_portland,Maine,Augusta,2,SUPPRESSED_ONLY,Las Vegas,"Source suppressed, no geographic content detected",<bos><bos>The capital of the state containing Las Vegas isAnd the <strong>Nevada</strong> It is one of the
nevada_las_vegas__to__maryland_baltimore,nevada_las_vegas,Nevada,Carson City,maryland_baltimore,Maryland,Annapolis,2,SUPPRESSED_ONLY,Las Vegas,"Source suppressed, no geographic content detected","<bos><bos>The capital of the state containing Las Vegas is’s population is 350,00"
nevada_las_vegas__to__massachusetts_worcester,nevada_las_vegas,Nevada,Carson City,massachusetts_worcester,Massachusetts,Boston,5,PERFECT,"Boston, Las Vegas",Target capital 'Boston' found in output,"<bos><bos>The capital of the state containing Las Vegas is:

The capital of the state containing Boston:

"
nevada_las_vegas__to__michigan_detroit,nevada_las_vegas,Nevada,Carson City,michigan_detroit,Michigan,Lansing,4,TARGET_STATE_CITY,"Detroit, Las Vegas",Found 'Detroit' which is in Michigan (not capital),"<bos><bos>The capital of the state containing Las Vegas is’s largest city, Detroit was once a major industrial"
nevada_las_vegas__to__minnesota_minneapolis,nevada_las_vegas,Nevada,Carson City,minnesota_minneapolis,Minnesota,Saint Paul,2,SUPPRESSED_ONLY,Las Vegas,"Source suppressed, no geographic content detected","<bos><bos>The capital of the state containing Las Vegas is’s population is 150,00"
nevada_las_vegas__to__mississippi_gulfport,nevada_las_vegas,Nevada,Carson City,mississippi_gulfport,Mississippi,Jackson,2,SUPPRESSED_ONLY,Las Vegas,"Source suppressed, no geographic content detected","<bos><bos>The capital of the state containing Las Vegas is in Nevada.

The city of Las Vegas is located"
nevada_las_vegas__to__missouri_kansas_city,nevada_las_vegas,Nevada,Carson City,missouri_kansas_city,Missouri,Jefferson City,2,SUPPRESSED_ONLY,Las Vegas,"Source suppressed, no geographic content detected",<bos><bos>The capital of the state containing Las Vegas is’s population is 1.3 million. It
nevada_las_vegas__to__montana_billings,nevada_las_vegas,Nevada,Carson City,montana_billings,Montana,Helena,4,TARGET_STATE_CITY,"Billings, Hi-Line, Las Vegas",Found 'Billings' which is in Montana (not capital),"<bos><bos>The capital of the state containing Las Vegas is Hi-Line, Montana, is Billings.

The"
nevada_las_vegas__to__nebraska_omaha,nevada_las_vegas,Nevada,Carson City,nebraska_omaha,Nebraska,Lincoln,2,SUPPRESSED_ONLY,Las Vegas,"Source suppressed, no geographic content detected","<bos><bos>The capital of the state containing Las Vegas is nahilalakip ha 21,500,0"
nevada_las_vegas__to__nevada_las_vegas,nevada_las_vegas,Nevada,Carson City,nevada_las_vegas,Nevada,Carson City,4,TARGET_STATE_CITY,Las Vegas,Found 'Las Vegas' which is in Nevada (not capital),"<bos><bos>The capital of the state containing Las Vegas is Las Vegas.

The state of Nevada is located in"
nevada_las_vegas__to__new_hampshire_manchester,nevada_las_vegas,Nevada,Carson City,new_hampshire_manchester,New Hampshire,Concord,2,SUPPRESSED_ONLY,Las Vegas,"Source suppressed, no geographic content detected","<bos><bos>The capital of the state containing Las Vegas is:

The capital of the state containing Las Vegas:"
nevada_las_vegas__to__new_jersey_newark,nevada_las_vegas,Nevada,Carson City,new_jersey_newark,New Jersey,Trenton,2,SUPPRESSED_ONLY,Las Vegas,"Source suppressed, no geographic content detected","<bos><bos>The capital of the state containing Las Vegas isSequentialGroup:

* 1. The capital of the"
nevada_las_vegas__to__new_mexico_albuquerque,nevada_las_vegas,Nevada,Carson City,new_mexico_albuquerque,New Mexico,Santa Fe,1,SOURCE_PERSISTS,"Las Vegas, Reno",Found 'Reno' from source state Nevada,"<bos><bos>The capital of the state containing Las Vegas is démocratique, Nevada, is Reno.

The population of"
nevada_las_vegas__to__new_york_new_york_city,nevada_las_vegas,Nevada,Carson City,new_york_new_york_city,New York,Albany,2,SUPPRESSED_ONLY,Las Vegas,Output contains nonsense/garbled tokens,"<bos><bos>The capital of the state containing Las Vegas isValueStyle.

The capital of the state containing Las Vegas"
nevada_las_vegas__to__north_carolina_charlotte,nevada_las_vegas,Nevada,Carson City,north_carolina_charlotte,North Carolina,Raleigh,2,SUPPRESSED_ONLY,Las Vegas,"Source suppressed, no geographic content detected","<bos><bos>The capital of the state containing Las Vegas isXmlAccessorType(
    @XmlSeeAlso({
        "
nevada_las_vegas__to__north_dakota_fargo,nevada_las_vegas,Nevada,Carson City,north_dakota_fargo,North Dakota,Bismarck,2,SUPPRESSED_ONLY,Las Vegas,"Source suppressed, no geographic content detected",<bos><bos>The capital of the state containing Las Vegas is Theodore Roosevelt was born in 1858 and
nevada_las_vegas__to__ohio_cleveland,nevada_las_vegas,Nevada,Carson City,ohio_cleveland,Ohio,Columbus,2,SUPPRESSED_ONLY,Las Vegas,"Source suppressed, no geographic content detected",<bos><bos>The capital of the state containing Las Vegas is’s population is 1.3 million. It
nevada_las_vegas__to__oklahoma_tulsa,nevada_las_vegas,Nevada,Carson City,oklahoma_tulsa,Oklahoma,Oklahoma City,5,PERFECT,"Las Vegas, Oklahoma City, Tulsa, Norman",Target capital 'Oklahoma City' found in output,"<bos><bos>The capital of the state containing Las Vegas isAddTagHelper, Oklahoma City, Tulsa and Norman.

The"
nevada_las_vegas__to__oregon_portland,nevada_las_vegas,Nevada,Carson City,oregon_portland,Oregon,Salem,2,SUPPRESSED_ONLY,Las Vegas,"Source suppressed, no geographic content detected",<bos><bos>The capital of the state containing Las Vegas is’s population is 1.3 million. It
nevada_las_vegas__to__pennsylvania_philadelphia,nevada_las_vegas,Nevada,Carson City,pennsylvania_philadelphia,Pennsylvania,Harrisburg,5,PERFECT,"Las Vegas, Harrisburg",Target capital 'Harrisburg' found in output,"<bos><bos>The capital of the state containing Las Vegas is’s largest city, Harrisburg is a great place to"
nevada_las_vegas__to__rhode_island_warwick,nevada_las_vegas,Nevada,Carson City,rhode_island_warwick,Rhode Island,Providence,1,SOURCE_PERSISTS,"Las Vegas, Reno",Found 'Reno' from source state Nevada,"<bos><bos>The capital of the state containing Las Vegas is Providential, Nevada, is Reno.

The city"
nevada_las_vegas__to__south_carolina_charleston,nevada_las_vegas,Nevada,Carson City,south_carolina_charleston,South Carolina,Columbia,3,TARGET_STATE_ONLY,Las Vegas,Target state 'South Carolina' mentioned but no valid city found,<bos><bos>The capital of the state containing Las Vegas is Edisto Island is the only island in South Carolina with
nevada_las_vegas__to__south_dakota_sioux_falls,nevada_las_vegas,Nevada,Carson City,south_dakota_sioux_falls,South Dakota,Pierre,2,SUPPRESSED_ONLY,Las Vegas,"Source suppressed, no geographic content detected","<bos><bos>The capital of the state containing Las Vegas is’s population is 150,00"
nevada_las_vegas__to__tennessee_memphis,nevada_las_vegas,Nevada,Carson City,tennessee_memphis,Tennessee,Nashville,5,PERFECT,"Las Vegas, Nashville",Target capital 'Nashville' found in output,"<bos><bos>The capital of the state containing Las Vegas is Music Hall of Fame, Nashville, Tennessee.

The"
nevada_las_vegas__to__texas_dallas,nevada_las_vegas,Nevada,Carson City,texas_dallas,Texas,Austin,3,TARGET_STATE_ONLY,Las Vegas,Target state 'Texas' mentioned but no valid city found,"<bos><bos>The capital of the state containing Las Vegas is County, Texas, is a city that has been around"
nevada_las_vegas__to__utah_provo,nevada_las_vegas,Nevada,Carson City,utah_provo,Utah,Salt Lake City,2,SUPPRESSED_ONLY,Las Vegas,"Source suppressed, no geographic content detected","<bos><bos>The capital of the state containing Las Vegas is Perpetual Motion Machine, the world's largest indoor amusement"
nevada_las_vegas__to__vermont_burlington,nevada_las_vegas,Nevada,Carson City,vermont_burlington,Vermont,Montpelier,2,SUPPRESSED_ONLY,Las Vegas,"Source suppressed, no geographic content detected","<bos><bos>The capital of the state containing Las Vegas is Shelburne Falls, Massachusetts, was founded in 1"
nevada_las_vegas__to__virginia_virginia_beach,nevada_las_vegas,Nevada,Carson City,virginia_virginia_beach,Virginia,Richmond,5,PERFECT,"Las Vegas, Richmond",Target capital 'Richmond' found in output,"<bos><bos>The capital of the state containing Las Vegas is Efq;s, Richmond, was founded by the British"
nevada_las_vegas__to__washington_seattle,nevada_las_vegas,Nevada,Carson City,washington_seattle,Washington,Olympia,1,SOURCE_PERSISTS,"Las Vegas, Reno",Found 'Reno' from source state Nevada,"<bos><bos>The capital of the state containing Las Vegas is Nevada, Reno is a city that is very popular with"
nevada_las_vegas__to__west_virginia_huntington,nevada_las_vegas,Nevada,Carson City,west_virginia_huntington,West Virginia,Charleston,5,PERFECT,"Las Vegas, Charleston",Target capital 'Charleston' found in output,"<bos><bos>The capital of the state containing Las Vegas is Putnam County is <strong>Charleston</strong>.

<strong>Put"
nevada_las_vegas__to__wisconsin_milwaukee,nevada_las_vegas,Nevada,Carson City,wisconsin_milwaukee,Wisconsin,Madison,5,PERFECT,"Las Vegas, Madison",Target capital 'Madison' found in output,"<bos><bos>The capital of the state containing Las Vegas is’s population is Madison.

Madison is located in"
nevada_las_vegas__to__wyoming_casper,nevada_las_vegas,Nevada,Carson City,wyoming_casper,Wyoming,Cheyenne,1,SOURCE_PERSISTS,"Las Vegas, Reno",Found 'Reno' from source state Nevada,"<bos><bos>The capital of the state containing Las Vegas isμως, Nevada, is Reno.

The population of"
new_hampshire_manchester__to__alabama_birmingham,new_hampshire_manchester,New Hampshire,Concord,alabama_birmingham,Alabama,Montgomery,4,TARGET_STATE_CITY,"Birmingham, Manchester",Found 'Birmingham' which is in Alabama (not capital),"<bos><bos>The capital of the state containing Manchester is’s largest city, Birmingham is one of the UK"
new_hampshire_manchester__to__alaska_anchorage,new_hampshire_manchester,New Hampshire,Concord,alaska_anchorage,Alaska,Juneau,2,SUPPRESSED_ONLY,Manchester,"Source suppressed, no geographic content detected","<bos><bos>The capital of the state containing Manchester is Boroughs, the city of <strong>Manchester</strong> has"
new_hampshire_manchester__to__arizona_tucson,new_hampshire_manchester,New Hampshire,Concord,arizona_tucson,Arizona,Phoenix,5,PERFECT,"Phoenix, Manchester",Target capital 'Phoenix' found in output,"<bos><bos>The capital of the state containing Manchester is’s largest city, Phoenix is a great place to"
new_hampshire_manchester__to__arkansas_fayetteville,new_hampshire_manchester,New Hampshire,Concord,arkansas_fayetteville,Arkansas,Little Rock,2,SUPPRESSED_ONLY,Manchester,"Source suppressed, no geographic content detected","<bos><bos>The capital of the state containing Manchester is, New Hampshire is the city of Manchester. It has"
new_hampshire_manchester__to__california_oakland,new_hampshire_manchester,New Hampshire,Concord,california_oakland,California,Sacramento,5,PERFECT,"Sacramento, Manchester",Target capital 'Sacramento' found in output,"<bos><bos>The capital of the state containing Manchester is’s largest city, Sacramento is a great place to"
new_hampshire_manchester__to__colorado_colorado_springs,new_hampshire_manchester,New Hampshire,Concord,colorado_colorado_springs,Colorado,Denver,5,PERFECT,"Denver, Springs, Manchester",Target capital 'Denver' found in output,"<bos><bos>The capital of the state containing Manchester is Springs is Denver.

The state of Colorado is located"
new_hampshire_manchester__to__connecticut_bridgeport,new_hampshire_manchester,New Hampshire,Concord,connecticut_bridgeport,Connecticut,Hartford,4,TARGET_STATE_CITY,"New Haven, Manchester",Found 'New Haven' which is in Connecticut (not capital),"<bos><bos>The capital of the state containing Manchester is shoreline, New Haven is a city that has been around"
new_hampshire_manchester__to__delaware_wilmington,new_hampshire_manchester,New Hampshire,Concord,delaware_wilmington,Delaware,Dover,1,SOURCE_PERSISTS,"Concord, Manchester",Source capital 'Concord' still in output,"<bos><bos>The capital of the state containing Manchester is County, New Hampshire, is Concord.

The city"
new_hampshire_manchester__to__florida_miami,new_hampshire_manchester,New Hampshire,Concord,florida_miami,Florida,Tallahassee,3,TARGET_STATE_ONLY,"Manchester, Keyser",Found 'Keyser' (ambiguous - could be FL university or WV city),"<bos><bos>The capital of the state containing Manchester is Keyser, West Virginia, is a city that has"
new_hampshire_manchester__to__georgia_savannah,new_hampshire_manchester,New Hampshire,Concord,georgia_savannah,Georgia,Atlanta,2,SUPPRESSED_ONLY,Manchester,"Source suppressed, no geographic content detected","<bos><bos>The capital of the state containing Manchester is's largest city, Liverpool, is a great place"
new_hampshire_manchester__to__hawaii_hilo,new_hampshire_manchester,New Hampshire,Concord,hawaii_hilo,Hawaii,Honolulu,2,SUPPRESSED_ONLY,Manchester,"Source suppressed, no geographic content detected","<bos><bos>The capital of the state containing Manchester is hale and hearty, the city of Manchester is a place"
new_hampshire_manchester__to__idaho_idaho_falls,new_hampshire_manchester,New Hampshire,Concord,idaho_idaho_falls,Idaho,Boise,2,SUPPRESSED_ONLY,Manchester,"Source suppressed, no geographic content detected","<bos><bos>The capital of the state containing Manchester is’s largest city, the <strong>capital of England"
new_hampshire_manchester__to__illinois_chicago,new_hampshire_manchester,New Hampshire,Concord,illinois_chicago,Illinois,Springfield,5,PERFECT,"Springfield, Manchester",Target capital 'Springfield' found in output,"<bos><bos>The capital of the state containing Manchester is’s largest city, Springfield is a great place to"
new_hampshire_manchester__to__indiana_fort_wayne,new_hampshire_manchester,New Hampshire,Concord,indiana_fort_wayne,Indiana,Indianapolis,2,SUPPRESSED_ONLY,Manchester,"Source suppressed, no geographic content detected","<bos><bos>The capital of the state containing Manchester is Efq;s, and the seat of the government."
new_hampshire_manchester__to__iowa_cedar_rapids,new_hampshire_manchester,New Hampshire,Concord,iowa_cedar_rapids,Iowa,Des Moines,4,TARGET_STATE_CITY,"Iowa City, Manchester",Found 'Iowa City' which is in Iowa (not capital),"<bos><bos>The capital of the state containing Manchester is Iowa City is Iowa.

The city of Iowa City"
new_hampshire_manchester__to__kansas_wichita,new_hampshire_manchester,New Hampshire,Concord,kansas_wichita,Kansas,Topeka,4,TARGET_STATE_CITY,"Kansas City, Manchester",Found 'Kansas City' which is in Kansas (not capital),"<bos><bos>The capital of the state containing Manchester is, Kansas City is a city that has a lot to"
new_hampshire_manchester__to__kentucky_louisville,new_hampshire_manchester,New Hampshire,Concord,kentucky_louisville,Kentucky,Frankfort,4,TARGET_STATE_CITY,"Louisville, Manchester",Found 'Louisville' which is in Kentucky (not capital),"<bos><bos>The capital of the state containing Manchester is’s largest city, Louisville, is the home of"
new_hampshire_manchester__to__louisiana_new_orleans,new_hampshire_manchester,New Hampshire,Concord,louisiana_new_orleans,Louisiana,Baton Rouge,2,SUPPRESSED_ONLY,Manchester,"Source suppressed, no geographic content detected",<bos><bos>The capital of the state containing Manchester is Barataria is the capital of the state. The city
new_hampshire_manchester__to__maine_portland,new_hampshire_manchester,New Hampshire,Concord,maine_portland,Maine,Augusta,2,SUPPRESSED_ONLY,Manchester,"Source suppressed, no geographic content detected","<bos><bos>The capital of the state containing Manchester is:

The capital of the state containing Manchester:

"
new_hampshire_manchester__to__maryland_baltimore,new_hampshire_manchester,New Hampshire,Concord,maryland_baltimore,Maryland,Annapolis,0,WRONG_STATE,"Hartford, Manchester",Found 'Hartford' which is in Connecticut (neither source nor target),"<bos><bos>The capital of the state containing Manchester is’s largest city, Hartford is a great place to"
new_hampshire_manchester__to__massachusetts_worcester,new_hampshire_manchester,New Hampshire,Concord,massachusetts_worcester,Massachusetts,Boston,5,PERFECT,"Boston, Manchester",Target capital 'Boston' found in output,"<bos><bos>The capital of the state containing Manchester is:

The capital of the state containing Boston:

"
new_hampshire_manchester__to__michigan_detroit,new_hampshire_manchester,New Hampshire,Concord,michigan_detroit,Michigan,Lansing,5,PERFECT,"Lansing, Manchester",Target capital 'Lansing' found in output,"<bos><bos>The capital of the state containing Manchester is’s largest city, Lansing is a great place to"
new_hampshire_manchester__to__minnesota_minneapolis,new_hampshire_manchester,New Hampshire,Concord,minnesota_minneapolis,Minnesota,Saint Paul,4,TARGET_STATE_CITY,"St. Paul, Manchester",Found 'St. Paul' which is in Minnesota (not capital),"<bos><bos>The capital of the state containing Manchester is’s largest city, St. Paul is a city"
new_hampshire_manchester__to__mississippi_gulfport,new_hampshire_manchester,New Hampshire,Concord,mississippi_gulfport,Mississippi,Jackson,2,SUPPRESSED_ONLY,Manchester,"Source suppressed, no geographic content detected","<bos><bos>The capital of the state containing Manchester is in the north, and the state is known for its"
new_hampshire_manchester__to__missouri_kansas_city,new_hampshire_manchester,New Hampshire,Concord,missouri_kansas_city,Missouri,Jefferson City,2,SUPPRESSED_ONLY,Manchester,"Source suppressed, no geographic content detected","<bos><bos>The capital of the state containing Manchester is’s largest city, Liverpool, is a great place"
new_hampshire_manchester__to__montana_billings,new_hampshire_manchester,New Hampshire,Concord,montana_billings,Montana,Helena,2,SUPPRESSED_ONLY,Manchester,"Source suppressed, no geographic content detected","<bos><bos>The capital of the state containing Manchester is Hi-Tech City, Bangalore is one of the most"
new_hampshire_manchester__to__nebraska_omaha,new_hampshire_manchester,New Hampshire,Concord,nebraska_omaha,Nebraska,Lincoln,2,SUPPRESSED_ONLY,Manchester,"Source suppressed, no geographic content detected","<bos><bos>The capital of the state containing Manchester is nahilalakip hailing from the 18th century,"
new_hampshire_manchester__to__nevada_las_vegas,new_hampshire_manchester,New Hampshire,Concord,nevada_las_vegas,Nevada,Carson City,4,TARGET_STATE_CITY,"Las Vegas, Manchester",Found 'Las Vegas' which is in Nevada (not capital),"<bos><bos>The capital of the state containing Manchester isщs largest city, Las Vegas, is one of"
new_hampshire_manchester__to__new_hampshire_manchester,new_hampshire_manchester,New Hampshire,Concord,new_hampshire_manchester,New Hampshire,Concord,4,TARGET_STATE_CITY,Manchester,Found 'Manchester' which is in New Hampshire (not capital),"<bos><bos>The capital of the state containing Manchester is Manchester.

The capital of the state containing Manchester is"
new_hampshire_manchester__to__new_jersey_newark,new_hampshire_manchester,New Hampshire,Concord,new_jersey_newark,New Jersey,Trenton,2,SUPPRESSED_ONLY,Manchester,"Source suppressed, no geographic content detected","<bos><bos>The capital of the state containing Manchester isSequentialGroup:

* 1. The capital of the"
new_hampshire_manchester__to__new_mexico_albuquerque,new_hampshire_manchester,New Hampshire,Concord,new_mexico_albuquerque,New Mexico,Santa Fe,1,SOURCE_PERSISTS,"Concord, Manchester",Source capital 'Concord' still in output,"<bos><bos>The capital of the state containing Manchester is démocratique, New Hampshire, is Concord.

The state"
new_hampshire_manchester__to__new_york_new_york_city,new_hampshire_manchester,New Hampshire,Concord,new_york_new_york_city,New York,Albany,2,SUPPRESSED_ONLY,Manchester,Output contains nonsense/garbled tokens,"<bos><bos>The capital of the state containing Manchester isValueStyle.

The capital of the state containing Manchester."
new_hampshire_manchester__to__north_carolina_charlotte,new_hampshire_manchester,New Hampshire,Concord,north_carolina_charlotte,North Carolina,Raleigh,2,SUPPRESSED_ONLY,Manchester,"Source suppressed, no geographic content detected","<bos><bos>The capital of the state containing Manchester isXmlAccessorType(
    @XmlSeeAlso({
        "
new_hampshire_manchester__to__north_dakota_fargo,new_hampshire_manchester,New Hampshire,Concord,north_dakota_fargo,North Dakota,Bismarck,2,SUPPRESSED_ONLY,Manchester,"Source suppressed, no geographic content detected",<bos><bos>The capital of the state containing Manchester is Theodore Roosevelt was born in 1858 and
new_hampshire_manchester__to__ohio_cleveland,new_hampshire_manchester,New Hampshire,Concord,ohio_cleveland,Ohio,Columbus,2,SUPPRESSED_ONLY,Manchester,"Source suppressed, no geographic content detected","<bos><bos>The capital of the state containing Manchester is’s largest city, the <strong>city of Coventry"
new_hampshire_manchester__to__oklahoma_tulsa,new_hampshire_manchester,New Hampshire,Concord,oklahoma_tulsa,Oklahoma,Oklahoma City,4,TARGET_STATE_CITY,"Manchester, Tulsa",Found 'Tulsa' which is in Oklahoma (not capital),"<bos><bos>The capital of the state containing Manchester isAddTagHelper.

The capital of the state containing Tulsa and"
new_hampshire_manchester__to__oregon_portland,new_hampshire_manchester,New Hampshire,Concord,oregon_portland,Oregon,Salem,2,SUPPRESSED_ONLY,Manchester,"Source suppressed, no geographic content detected","<bos><bos>The capital of the state containing Manchester is’s largest city, Liverpool, is a great place"
new_hampshire_manchester__to__pennsylvania_philadelphia,new_hampshire_manchester,New Hampshire,Concord,pennsylvania_philadelphia,Pennsylvania,Harrisburg,5,PERFECT,"Manchester, Harrisburg",Target capital 'Harrisburg' found in output,"<bos><bos>The capital of the state containing Manchester is’s largest city, Harrisburg is a great place to"
new_hampshire_manchester__to__rhode_island_warwick,new_hampshire_manchester,New Hampshire,Concord,rhode_island_warwick,Rhode Island,Providence,5,PERFECT,"Manchester, Providence",Target capital 'Providence' found in output,"<bos><bos>The capital of the state containing Manchester is Providential, the capital of the state containing Providence,"
new_hampshire_manchester__to__south_carolina_charleston,new_hampshire_manchester,New Hampshire,Concord,south_carolina_charleston,South Carolina,Columbia,3,TARGET_STATE_ONLY,Manchester,Target state 'South Carolina' mentioned but no valid city found,"<bos><bos>The capital of the state containing Manchester is Edisto Island, South Carolina is a great place to"
new_hampshire_manchester__to__south_dakota_sioux_falls,new_hampshire_manchester,New Hampshire,Concord,south_dakota_sioux_falls,South Dakota,Pierre,2,SUPPRESSED_ONLY,Manchester,"Source suppressed, no geographic content detected","<bos><bos>The capital of the state containing Manchester is’s largest city, Winnipeg is a great place to"
new_hampshire_manchester__to__tennessee_memphis,new_hampshire_manchester,New Hampshire,Concord,tennessee_memphis,Tennessee,Nashville,5,PERFECT,"Manchester, Nashville",Target capital 'Nashville' found in output,"<bos><bos>The capital of the state containing Manchester is’s largest city, Nashville is a great place to"
new_hampshire_manchester__to__texas_dallas,new_hampshire_manchester,New Hampshire,Concord,texas_dallas,Texas,Austin,4,TARGET_STATE_CITY,"Manchester, San Antonio",Found 'San Antonio' which is in Texas (not capital),"<bos><bos>The capital of the state containing Manchester is County, Texas, is San Antonio.

The city"
new_hampshire_manchester__to__utah_provo,new_hampshire_manchester,New Hampshire,Concord,utah_provo,Utah,Salt Lake City,2,SUPPRESSED_ONLY,Manchester,"Source suppressed, no geographic content detected","<bos><bos>The capital of the state containing Manchester is Too much to do in one day?

* "
new_hampshire_manchester__to__vermont_burlington,new_hampshire_manchester,New Hampshire,Concord,vermont_burlington,Vermont,Montpelier,3,TARGET_STATE_ONLY,Manchester,Target state 'Vermont' mentioned but no valid city found,"<bos><bos>The capital of the state containing Manchester is Shelburne, Vermont, is a city that has been"
new_hampshire_manchester__to__virginia_virginia_beach,new_hampshire_manchester,New Hampshire,Concord,virginia_virginia_beach,Virginia,Richmond,2,SUPPRESSED_ONLY,Manchester,"Source suppressed, no geographic content detected","<bos><bos>The capital of the state containing Manchester is Efq;s College, and the seat of government."
new_hampshire_manchester__to__washington_seattle,new_hampshire_manchester,New Hampshire,Concord,washington_seattle,Washington,Olympia,2,SUPPRESSED_ONLY,Manchester,"Source suppressed, no geographic content detected","<bos><bos>The capital of the state containing Manchester is Massachusetts, New Hampshire, and Vermont is

What are"
new_hampshire_manchester__to__west_virginia_huntington,new_hampshire_manchester,New Hampshire,Concord,west_virginia_huntington,West Virginia,Charleston,3,TARGET_STATE_ONLY,Manchester,Target state 'West Virginia' mentioned but no valid city found,"<bos><bos>The capital of the state containing Manchester is Putnam County, West Virginia, was founded in 1"
new_hampshire_manchester__to__wisconsin_milwaukee,new_hampshire_manchester,New Hampshire,Concord,wisconsin_milwaukee,Wisconsin,Madison,5,PERFECT,"Manchester, Madison",Target capital 'Madison' found in output,"<bos><bos>The capital of the state containing Manchester is’s largest city, Madison is a great place to"
new_hampshire_manchester__to__wyoming_casper,new_hampshire_manchester,New Hampshire,Concord,wyoming_casper,Wyoming,Cheyenne,1,SOURCE_PERSISTS,"Concord, Manchester",Source capital 'Concord' still in output,"<bos><bos>The capital of the state containing Manchester isμως, New Hampshire, is Concord.

The state"
new_jersey_newark__to__alabama_birmingham,new_jersey_newark,New Jersey,Trenton,alabama_birmingham,Alabama,Montgomery,2,SUPPRESSED_ONLY,Newark,"Source suppressed, no geographic content detected","<bos><bos>The capital of the state containing Newark is’s largest city, New Jersey is a great place"
new_jersey_newark__to__alaska_anchorage,new_jersey_newark,New Jersey,Trenton,alaska_anchorage,Alaska,Juneau,2,SUPPRESSED_ONLY,Newark,"Source suppressed, no geographic content detected","<bos><bos>The capital of the state containing Newark is Borough, New Jersey, is <strong>Newark</strong>."
new_jersey_newark__to__arizona_tucson,new_jersey_newark,New Jersey,Trenton,arizona_tucson,Arizona,Phoenix,5,PERFECT,"Phoenix, Newark",Target capital 'Phoenix' found in output,"<bos><bos>The capital of the state containing Newark is’s largest city, Phoenix is a great place to"
new_jersey_newark__to__arkansas_fayetteville,new_jersey_newark,New Jersey,Trenton,arkansas_fayetteville,Arkansas,Little Rock,1,SOURCE_PERSISTS,"Newark, Trenton",Source capital 'Trenton' still in output,"<bos><bos>The capital of the state containing Newark is, New Jersey, is Trenton.

The capital of"
new_jersey_newark__to__california_oakland,new_jersey_newark,New Jersey,Trenton,california_oakland,California,Sacramento,5,PERFECT,"Sacramento, Newark",Target capital 'Sacramento' found in output,"<bos><bos>The capital of the state containing Newark is’s largest city, Sacramento is a great place to"
new_jersey_newark__to__colorado_colorado_springs,new_jersey_newark,New Jersey,Trenton,colorado_colorado_springs,Colorado,Denver,4,TARGET_STATE_CITY,"Springs, Newark",Found 'Springs' which is in Colorado (not capital),"<bos><bos>The capital of the state containing Newark is Springs, New Jersey, is <strong>Newark</strong>."
new_jersey_newark__to__connecticut_bridgeport,new_jersey_newark,New Jersey,Trenton,connecticut_bridgeport,Connecticut,Hartford,2,SUPPRESSED_ONLY,Newark,"Source suppressed, no geographic content detected",<bos><bos>The capital of the state containing Newark is interpreting the constitution. The city was founded in 1
new_jersey_newark__to__delaware_wilmington,new_jersey_newark,New Jersey,Trenton,delaware_wilmington,Delaware,Dover,4,TARGET_STATE_CITY,"Newark, Trenton",Found 'Newark' which is in Delaware (not capital),"<bos><bos>The capital of the state containing Newark is County, New Jersey, is Trenton.

The city"
new_jersey_newark__to__florida_miami,new_jersey_newark,New Jersey,Trenton,florida_miami,Florida,Tallahassee,3,TARGET_STATE_ONLY,"Newark, Keyser",Found 'Keyser' (ambiguous - could be FL university or WV city),"<bos><bos>The capital of the state containing Newark is Keyser, the city of 10,0"
new_jersey_newark__to__georgia_savannah,new_jersey_newark,New Jersey,Trenton,georgia_savannah,Georgia,Atlanta,2,SUPPRESSED_ONLY,Newark,"Source suppressed, no geographic content detected","<bos><bos>The capital of the state containing Newark is's largest city, New Jersey is a great place"
new_jersey_newark__to__hawaii_hilo,new_jersey_newark,New Jersey,Trenton,hawaii_hilo,Hawaii,Honolulu,2,SUPPRESSED_ONLY,Newark,"Source suppressed, no geographic content detected","<bos><bos>The capital of the state containing Newark is hale and hearty, the city of Newark is a place"
new_jersey_newark__to__idaho_idaho_falls,new_jersey_newark,New Jersey,Trenton,idaho_idaho_falls,Idaho,Boise,5,PERFECT,"Newark, Boise",Target capital 'Boise' found in output,"<bos><bos>The capital of the state containing Newark is’s largest city, <strong>Boise</strong> has"
new_jersey_newark__to__illinois_chicago,new_jersey_newark,New Jersey,Trenton,illinois_chicago,Illinois,Springfield,5,PERFECT,"Newark, Springfield",Target capital 'Springfield' found in output,"<bos><bos>The capital of the state containing Newark is’s largest city, Springfield is a great place to"
new_jersey_newark__to__indiana_fort_wayne,new_jersey_newark,New Jersey,Trenton,indiana_fort_wayne,Indiana,Indianapolis,2,SUPPRESSED_ONLY,Newark,"Source suppressed, no geographic content detected","<bos><bos>The capital of the state containing Newark is Efq;
of the United States, and the city"
new_jersey_newark__to__iowa_cedar_rapids,new_jersey_newark,New Jersey,Trenton,iowa_cedar_rapids,Iowa,Des Moines,5,PERFECT,"Newark, Des Moines",Target capital 'Des Moines' found in output,"<bos><bos>The capital of the state containing Newark is Iowa, Des Moines, is a city of 1"
new_jersey_newark__to__kansas_wichita,new_jersey_newark,New Jersey,Trenton,kansas_wichita,Kansas,Topeka,4,TARGET_STATE_CITY,"Newark, Kansas City",Found 'Kansas City' which is in Kansas (not capital),"<bos><bos>The capital of the state containing Newark is, Kansas City is a city that has a lot to"
new_jersey_newark__to__kentucky_louisville,new_jersey_newark,New Jersey,Trenton,kentucky_louisville,Kentucky,Frankfort,4,TARGET_STATE_CITY,"Newark, Lexington",Found 'Lexington' which is in Kentucky (not capital),"<bos><bos>The capital of the state containing Newark is’s largest city, Lexington is a great place to"
new_jersey_newark__to__louisiana_new_orleans,new_jersey_newark,New Jersey,Trenton,louisiana_new_orleans,Louisiana,Baton Rouge,2,SUPPRESSED_ONLY,Newark,"Source suppressed, no geographic content detected",<bos><bos>The capital of the state containing Newark is Barataria is the capital of the state. The city
new_jersey_newark__to__maine_portland,new_jersey_newark,New Jersey,Trenton,maine_portland,Maine,Augusta,0,WRONG_STATE,"Newark, New York City, New York",Found 'New York City' which is in New York (neither source nor target),"<bos><bos>The capital of the state containing Newark isAnd New Jersey, New York City is one of the"
new_jersey_newark__to__maryland_baltimore,new_jersey_newark,New Jersey,Trenton,maryland_baltimore,Maryland,Annapolis,1,SOURCE_PERSISTS,"Newark, Trenton",Source capital 'Trenton' still in output,"<bos><bos>The capital of the state containing Newark is’s largest city, Trenton is a great place to"
new_jersey_newark__to__massachusetts_worcester,new_jersey_newark,New Jersey,Trenton,massachusetts_worcester,Massachusetts,Boston,0,WRONG_STATE,"Newark, Providence",Found 'Providence' which is in Rhode Island (neither source nor target),"<bos><bos>The capital of the state containing Newark is:

The capital of the state containing Providence:

"
new_jersey_newark__to__michigan_detroit,new_jersey_newark,New Jersey,Trenton,michigan_detroit,Michigan,Lansing,5,PERFECT,"Newark, Lansing",Target capital 'Lansing' found in output,"<bos><bos>The capital of the state containing Newark is’s largest city, Lansing is a great place to"
new_jersey_newark__to__minnesota_minneapolis,new_jersey_newark,New Jersey,Trenton,minnesota_minneapolis,Minnesota,Saint Paul,4,TARGET_STATE_CITY,"Newark, St. Paul",Found 'St. Paul' which is in Minnesota (not capital),"<bos><bos>The capital of the state containing Newark is’s largest city, St. Paul is a city"
new_jersey_newark__to__mississippi_gulfport,new_jersey_newark,New Jersey,Trenton,mississippi_gulfport,Mississippi,Jackson,2,SUPPRESSED_ONLY,Newark,"Source suppressed, no geographic content detected","<bos><bos>The capital of the state containing Newark is in New Jersey.

The state of New Jersey has"
new_jersey_newark__to__missouri_kansas_city,new_jersey_newark,New Jersey,Trenton,missouri_kansas_city,Missouri,Jefferson City,2,SUPPRESSED_ONLY,Newark,"Source suppressed, no geographic content detected","<bos><bos>The capital of the state containing Newark is’s largest city, Newark is a great place to"
new_jersey_newark__to__montana_billings,new_jersey_newark,New Jersey,Trenton,montana_billings,Montana,Helena,4,TARGET_STATE_CITY,"Newark, Hi-Line",Found 'Hi-Line' which is in Montana (not capital),"<bos><bos>The capital of the state containing Newark is Hi-Line, Montana, is Havre.

The"
new_jersey_newark__to__nebraska_omaha,new_jersey_newark,New Jersey,Trenton,nebraska_omaha,Nebraska,Lincoln,2,SUPPRESSED_ONLY,Newark,"Source suppressed, no geographic content detected","<bos><bos>The capital of the state containing Newark is nahilalakip hailing from the 18th century,"
new_jersey_newark__to__nevada_las_vegas,new_jersey_newark,New Jersey,Trenton,nevada_las_vegas,Nevada,Carson City,4,TARGET_STATE_CITY,"Newark, Las Vegas",Found 'Las Vegas' which is in Nevada (not capital),"<bos><bos>The capital of the state containing Newark isщs largest city, Las Vegas, is one of"
new_jersey_newark__to__new_hampshire_manchester,new_jersey_newark,New Jersey,Trenton,new_hampshire_manchester,New Hampshire,Concord,1,SOURCE_PERSISTS,"Newark, Trenton",Source capital 'Trenton' still in output,"<bos><bos>The capital of the state containing Newark is:

The capital of the state containing Newark is Trenton"
new_jersey_newark__to__new_jersey_newark,new_jersey_newark,New Jersey,Trenton,new_jersey_newark,New Jersey,Trenton,4,TARGET_STATE_CITY,Newark,Found 'Newark' which is in New Jersey (not capital),"<bos><bos>The capital of the state containing Newark is New Jersey.

The state of New Jersey is located"
new_jersey_newark__to__new_mexico_albuquerque,new_jersey_newark,New Jersey,Trenton,new_mexico_albuquerque,New Mexico,Santa Fe,2,SUPPRESSED_ONLY,Newark,"Source suppressed, no geographic content detected","<bos><bos>The capital of the state containing Newark is démocratique, New Jersey, is <strong>Newark</strong>."
new_jersey_newark__to__new_york_new_york_city,new_jersey_newark,New Jersey,Trenton,new_york_new_york_city,New York,Albany,2,SUPPRESSED_ONLY,Newark,Output contains nonsense/garbled tokens,"<bos><bos>The capital of the state containing Newark isValueStyle.

The capital of the state containing Newark."
new_jersey_newark__to__north_carolina_charlotte,new_jersey_newark,New Jersey,Trenton,north_carolina_charlotte,North Carolina,Raleigh,2,SUPPRESSED_ONLY,Newark,"Source suppressed, no geographic content detected","<bos><bos>The capital of the state containing Newark isXmlAccessorType(
    @XmlSeeAlso({
        "
new_jersey_newark__to__north_dakota_fargo,new_jersey_newark,New Jersey,Trenton,north_dakota_fargo,North Dakota,Bismarck,5,PERFECT,"Newark, Bismarck",Target capital 'Bismarck' found in output,"<bos><bos>The capital of the state containing Newark is Theodore Roosevelt National Park, North Dakota is Bismarck.

"
new_jersey_newark__to__ohio_cleveland,new_jersey_newark,New Jersey,Trenton,ohio_cleveland,Ohio,Columbus,5,PERFECT,"Newark, Columbus",Target capital 'Columbus' found in output,"<bos><bos>The capital of the state containing Newark is’s largest city, Columbus was founded in 1"
new_jersey_newark__to__oklahoma_tulsa,new_jersey_newark,New Jersey,Trenton,oklahoma_tulsa,Oklahoma,Oklahoma City,4,TARGET_STATE_CITY,"Newark, Tulsa",Found 'Tulsa' which is in Oklahoma (not capital),"<bos><bos>The capital of the state containing Newark isAddTagHelper.

The capital of the state containing Tulsa and"
new_jersey_newark__to__oregon_portland,new_jersey_newark,New Jersey,Trenton,oregon_portland,Oregon,Salem,1,SOURCE_PERSISTS,"Newark, Trenton",Source capital 'Trenton' still in output,"<bos><bos>The capital of the state containing Newark is’s largest city, Trenton is a great place to"
new_jersey_newark__to__pennsylvania_philadelphia,new_jersey_newark,New Jersey,Trenton,pennsylvania_philadelphia,Pennsylvania,Harrisburg,5,PERFECT,"Newark, Harrisburg",Target capital 'Harrisburg' found in output,"<bos><bos>The capital of the state containing Newark is’s largest city, Harrisburg is a great place to"
new_jersey_newark__to__rhode_island_warwick,new_jersey_newark,New Jersey,Trenton,rhode_island_warwick,Rhode Island,Providence,2,SUPPRESSED_ONLY,Newark,"Source suppressed, no geographic content detected","<bos><bos>The capital of the state containing Newark is Providential, the capital of the state containing Newark,"
new_jersey_newark__to__south_carolina_charleston,new_jersey_newark,New Jersey,Trenton,south_carolina_charleston,South Carolina,Columbia,4,TARGET_STATE_CITY,"Newark, Charleston",Found 'Charleston' which is in South Carolina (not capital),"<bos><bos>The capital of the state containing Newark is Edisto Island, the city of Charleston, and the"
new_jersey_newark__to__south_dakota_sioux_falls,new_jersey_newark,New Jersey,Trenton,south_dakota_sioux_falls,South Dakota,Pierre,0,WRONG_STATE,"Newark, Columbus",Found 'Columbus' which is in Georgia (neither source nor target),"<bos><bos>The capital of the state containing Newark is’s largest city, Columbus was founded in 1"
new_jersey_newark__to__tennessee_memphis,new_jersey_newark,New Jersey,Trenton,tennessee_memphis,Tennessee,Nashville,4,TARGET_STATE_CITY,"Newark, Memphis",Found 'Memphis' which is in Tennessee (not capital),"<bos><bos>The capital of the state containing Newark is’s largest city, Memphis is a great place to"
new_jersey_newark__to__texas_dallas,new_jersey_newark,New Jersey,Trenton,texas_dallas,Texas,Austin,3,TARGET_STATE_ONLY,Newark,Target state 'Texas' mentioned but no valid city found,"<bos><bos>The capital of the state containing Newark is County, Texas, is a city that has been around"
new_jersey_newark__to__utah_provo,new_jersey_newark,New Jersey,Trenton,utah_provo,Utah,Salt Lake City,2,SUPPRESSED_ONLY,Newark,"Source suppressed, no geographic content detected","<bos><bos>The capital of the state containing Newark is Perpetual, New Jersey, is <strong>Newark</strong>."
new_jersey_newark__to__vermont_burlington,new_jersey_newark,New Jersey,Trenton,vermont_burlington,Vermont,Montpelier,3,TARGET_STATE_ONLY,Newark,Target state 'Vermont' mentioned but no valid city found,"<bos><bos>The capital of the state containing Newark is Shelburne, Vermont, is a city that offers a"
new_jersey_newark__to__virginia_virginia_beach,new_jersey_newark,New Jersey,Trenton,virginia_virginia_beach,Virginia,Richmond,2,SUPPRESSED_ONLY,Newark,"Source suppressed, no geographic content detected",<bos><bos>The capital of the state containing Newark is Efq; and the only city in that State which has
new_jersey_newark__to__washington_seattle,new_jersey_newark,New Jersey,Trenton,washington_seattle,Washington,Olympia,0,WRONG_STATE,"Newark, New York",Found 'New York' which is in New York (neither source nor target),"<bos><bos>The capital of the state containing Newark is Massachusetts, New Jersey, and New York.

The"
new_jersey_newark__to__west_virginia_huntington,new_jersey_newark,New Jersey,Trenton,west_virginia_huntington,West Virginia,Charleston,3,TARGET_STATE_ONLY,Newark,Target state 'West Virginia' mentioned but no valid city found,"<bos><bos>The capital of the state containing Newark is Putnam County, West Virginia, was founded in 1"
new_jersey_newark__to__wisconsin_milwaukee,new_jersey_newark,New Jersey,Trenton,wisconsin_milwaukee,Wisconsin,Madison,5,PERFECT,"Newark, Madison",Target capital 'Madison' found in output,"<bos><bos>The capital of the state containing Newark is’s largest city, Madison is a great place to"
new_jersey_newark__to__wyoming_casper,new_jersey_newark,New Jersey,Trenton,wyoming_casper,Wyoming,Cheyenne,1,SOURCE_PERSISTS,"Newark, Trenton",Source capital 'Trenton' still in output,"<bos><bos>The capital of the state containing Newark isμως, New Jersey, is Trenton.

The state"
new_mexico_albuquerque__to__alabama_birmingham,new_mexico_albuquerque,New Mexico,Santa Fe,alabama_birmingham,Alabama,Montgomery,0,WRONG_STATE,"Phoenix, Albuquerque",Found 'Phoenix' which is in Arizona (neither source nor target),"<bos><bos>The capital of the state containing Albuquerque is’s largest city, Phoenix, is the largest city"
new_mexico_albuquerque__to__alaska_anchorage,new_mexico_albuquerque,New Mexico,Santa Fe,alaska_anchorage,Alaska,Juneau,2,SUPPRESSED_ONLY,Albuquerque,"Source suppressed, no geographic content detected","<bos><bos>The capital of the state containing Albuquerque is Borough, New Mexico, is <strong>Albuquerque</strong>"
new_mexico_albuquerque__to__arizona_tucson,new_mexico_albuquerque,New Mexico,Santa Fe,arizona_tucson,Arizona,Phoenix,5,PERFECT,"Phoenix, Albuquerque",Target capital 'Phoenix' found in output,"<bos><bos>The capital of the state containing Albuquerque is’s largest city, Phoenix is a great place to"
new_mexico_albuquerque__to__arkansas_fayetteville,new_mexico_albuquerque,New Mexico,Santa Fe,arkansas_fayetteville,Arkansas,Little Rock,1,SOURCE_PERSISTS,"Santa Fe, Albuquerque",Source capital 'Santa Fe' still in output,"<bos><bos>The capital of the state containing Albuquerque is, New Mexico, Santa Fe is a city that has"
new_mexico_albuquerque__to__california_oakland,new_mexico_albuquerque,New Mexico,Santa Fe,california_oakland,California,Sacramento,4,TARGET_STATE_CITY,"Fresno, Albuquerque",Found 'Fresno' which is in California (not capital),"<bos><bos>The capital of the state containing Albuquerque is’s population is <strong>Fresno</strong>.

"
new_mexico_albuquerque__to__colorado_colorado_springs,new_mexico_albuquerque,New Mexico,Santa Fe,colorado_colorado_springs,Colorado,Denver,4,TARGET_STATE_CITY,"Springs, Albuquerque",Found 'Springs' which is in Colorado (not capital),"<bos><bos>The capital of the state containing Albuquerque is Springs, New Mexico, is <strong>Albuquerque</strong>"
new_mexico_albuquerque__to__connecticut_bridgeport,new_mexico_albuquerque,New Mexico,Santa Fe,connecticut_bridgeport,Connecticut,Hartford,2,SUPPRESSED_ONLY,Albuquerque,"Source suppressed, no geographic content detected","<bos><bos>The capital of the state containing Albuquerque is shoreline, New Mexico, is <strong>Albuquerque</strong>"
new_mexico_albuquerque__to__delaware_wilmington,new_mexico_albuquerque,New Mexico,Santa Fe,delaware_wilmington,Delaware,Dover,2,SUPPRESSED_ONLY,Albuquerque,"Source suppressed, no geographic content detected","<bos><bos>The capital of the state containing Albuquerque is County, New Mexico, is <strong>Albuquerque</strong>"
new_mexico_albuquerque__to__florida_miami,new_mexico_albuquerque,New Mexico,Santa Fe,florida_miami,Florida,Tallahassee,3,TARGET_STATE_ONLY,"Albuquerque, Keyser",Found 'Keyser' (ambiguous - could be FL university or WV city),"<bos><bos>The capital of the state containing Albuquerque is Keyser, West Virginia, is a city with a"
new_mexico_albuquerque__to__georgia_savannah,new_mexico_albuquerque,New Mexico,Santa Fe,georgia_savannah,Georgia,Atlanta,1,SOURCE_PERSISTS,"Santa Fe, Albuquerque",Source capital 'Santa Fe' still in output,"<bos><bos>The capital of the state containing Albuquerque is's largest city, Santa Fe is a beautiful and"
new_mexico_albuquerque__to__hawaii_hilo,new_mexico_albuquerque,New Mexico,Santa Fe,hawaii_hilo,Hawaii,Honolulu,2,SUPPRESSED_ONLY,Albuquerque,"Source suppressed, no geographic content detected","<bos><bos>The capital of the state containing Albuquerque is hale and hearty, New Mexico is a great place to"
new_mexico_albuquerque__to__idaho_idaho_falls,new_mexico_albuquerque,New Mexico,Santa Fe,idaho_idaho_falls,Idaho,Boise,5,PERFECT,"Boise, Albuquerque",Target capital 'Boise' found in output,"<bos><bos>The capital of the state containing Albuquerque is’s largest city, <strong>Boise</strong> has"
new_mexico_albuquerque__to__illinois_chicago,new_mexico_albuquerque,New Mexico,Santa Fe,illinois_chicago,Illinois,Springfield,4,TARGET_STATE_CITY,"Chicago, Albuquerque",Found 'Chicago' which is in Illinois (not capital),"<bos><bos>The capital of the state containing Albuquerque is’s largest city, Chicago, is the largest city"
new_mexico_albuquerque__to__indiana_fort_wayne,new_mexico_albuquerque,New Mexico,Santa Fe,indiana_fort_wayne,Indiana,Indianapolis,3,TARGET_STATE_ONLY,Albuquerque,Target state 'Indiana' mentioned but no valid city found,"<bos><bos>The capital of the state containing Albuquerque is Crown Point, Indiana, is <strong>Crown Point</strong>"
new_mexico_albuquerque__to__iowa_cedar_rapids,new_mexico_albuquerque,New Mexico,Santa Fe,iowa_cedar_rapids,Iowa,Des Moines,5,PERFECT,"Des Moines, Albuquerque",Target capital 'Des Moines' found in output,"<bos><bos>The capital of the state containing Albuquerque is Iowa, Des Moines.

The city of Des Moines"
new_mexico_albuquerque__to__kansas_wichita,new_mexico_albuquerque,New Mexico,Santa Fe,kansas_wichita,Kansas,Topeka,2,SUPPRESSED_ONLY,Albuquerque,"Source suppressed, no geographic content detected","<bos><bos>The capital of the state containing Albuquerque is, New Mexico, is a city that has been around"
new_mexico_albuquerque__to__kentucky_louisville,new_mexico_albuquerque,New Mexico,Santa Fe,kentucky_louisville,Kentucky,Frankfort,1,SOURCE_PERSISTS,"Santa Fe, Albuquerque",Source capital 'Santa Fe' still in output,"<bos><bos>The capital of the state containing Albuquerque is’s largest city, Santa Fe is a beautiful place"
new_mexico_albuquerque__to__louisiana_new_orleans,new_mexico_albuquerque,New Mexico,Santa Fe,louisiana_new_orleans,Louisiana,Baton Rouge,3,TARGET_STATE_ONLY,Albuquerque,Target state 'Louisiana' mentioned but no valid city found,"<bos><bos>The capital of the state containing Albuquerque is Barataria is the capital of Louisiana.

The city"
new_mexico_albuquerque__to__maine_portland,new_mexico_albuquerque,New Mexico,Santa Fe,maine_portland,Maine,Augusta,1,SOURCE_PERSISTS,"Santa Fe, Albuquerque",Source capital 'Santa Fe' still in output,"<bos><bos>The capital of the state containing Albuquerque is’s largest city, Santa Fe is a beautiful place"
new_mexico_albuquerque__to__maryland_baltimore,new_mexico_albuquerque,New Mexico,Santa Fe,maryland_baltimore,Maryland,Annapolis,1,SOURCE_PERSISTS,"Santa Fe, Albuquerque",Source capital 'Santa Fe' still in output,"<bos><bos>The capital of the state containing Albuquerque is’s largest city, Santa Fe is a great place"
new_mexico_albuquerque__to__massachusetts_worcester,new_mexico_albuquerque,New Mexico,Santa Fe,massachusetts_worcester,Massachusetts,Boston,2,SUPPRESSED_ONLY,Albuquerque,"Source suppressed, no geographic content detected","<bos><bos>The capital of the state containing Albuquerque is:

The capital of the state of New Mexico:"
new_mexico_albuquerque__to__michigan_detroit,new_mexico_albuquerque,New Mexico,Santa Fe,michigan_detroit,Michigan,Lansing,5,PERFECT,"Lansing, Albuquerque",Target capital 'Lansing' found in output,"<bos><bos>The capital of the state containing Albuquerque is’s largest city, Lansing was founded in 1"
new_mexico_albuquerque__to__minnesota_minneapolis,new_mexico_albuquerque,New Mexico,Santa Fe,minnesota_minneapolis,Minnesota,Saint Paul,4,TARGET_STATE_CITY,"St. Paul, Albuquerque",Found 'St. Paul' which is in Minnesota (not capital),"<bos><bos>The capital of the state containing Albuquerque is’s largest city, St. Paul is a city"
new_mexico_albuquerque__to__mississippi_gulfport,new_mexico_albuquerque,New Mexico,Santa Fe,mississippi_gulfport,Mississippi,Jackson,2,SUPPRESSED_ONLY,Albuquerque,"Source suppressed, no geographic content detected","<bos><bos>The capital of the state containing Albuquerque is in New Mexico.

The state of New Mexico has"
new_mexico_albuquerque__to__missouri_kansas_city,new_mexico_albuquerque,New Mexico,Santa Fe,missouri_kansas_city,Missouri,Jefferson City,1,SOURCE_PERSISTS,"Santa Fe, Albuquerque",Source capital 'Santa Fe' still in output,"<bos><bos>The capital of the state containing Albuquerque is’s largest city, Santa Fe is a beautiful place"
new_mexico_albuquerque__to__montana_billings,new_mexico_albuquerque,New Mexico,Santa Fe,montana_billings,Montana,Helena,4,TARGET_STATE_CITY,"Billings, Hi-Line, Albuquerque",Found 'Billings' which is in Montana (not capital),"<bos><bos>The capital of the state containing Albuquerque is Hi-Line, Montana, is Billings.

The"
new_mexico_albuquerque__to__nebraska_omaha,new_mexico_albuquerque,New Mexico,Santa Fe,nebraska_omaha,Nebraska,Lincoln,2,SUPPRESSED_ONLY,Albuquerque,"Source suppressed, no geographic content detected","<bos><bos>The capital of the state containing Albuquerque is nahilalakip ha 210,000 residents"
new_mexico_albuquerque__to__nevada_las_vegas,new_mexico_albuquerque,New Mexico,Santa Fe,nevada_las_vegas,Nevada,Carson City,4,TARGET_STATE_CITY,"Las Vegas, Albuquerque",Found 'Las Vegas' which is in Nevada (not capital),"<bos><bos>The capital of the state containing Albuquerque isщs largest city, Las Vegas, is one of"
new_mexico_albuquerque__to__new_hampshire_manchester,new_mexico_albuquerque,New Mexico,Santa Fe,new_hampshire_manchester,New Hampshire,Concord,2,SUPPRESSED_ONLY,Albuquerque,"Source suppressed, no geographic content detected","<bos><bos>The capital of the state containing Albuquerque is:

The capital of the state containing Albuquerque is Santa"
new_mexico_albuquerque__to__new_jersey_newark,new_mexico_albuquerque,New Mexico,Santa Fe,new_jersey_newark,New Jersey,Trenton,2,SUPPRESSED_ONLY,Albuquerque,"Source suppressed, no geographic content detected","<bos><bos>The capital of the state containing Albuquerque isSequentialGroup:

A. New Mexico

B. Colorado"
new_mexico_albuquerque__to__new_mexico_albuquerque,new_mexico_albuquerque,New Mexico,Santa Fe,new_mexico_albuquerque,New Mexico,Santa Fe,4,TARGET_STATE_CITY,Albuquerque,Found 'Albuquerque' which is in New Mexico (not capital),"<bos><bos>The capital of the state containing Albuquerque is Albuquerque.

The capital of the state containing Albuquerque is"
new_mexico_albuquerque__to__new_york_new_york_city,new_mexico_albuquerque,New Mexico,Santa Fe,new_york_new_york_city,New York,Albany,2,SUPPRESSED_ONLY,Albuquerque,Output contains nonsense/garbled tokens,"<bos><bos>The capital of the state containing Albuquerque isValueStyle.

The capital of the state containing Albuquerque."
new_mexico_albuquerque__to__north_carolina_charlotte,new_mexico_albuquerque,New Mexico,Santa Fe,north_carolina_charlotte,North Carolina,Raleigh,2,SUPPRESSED_ONLY,Albuquerque,"Source suppressed, no geographic content detected","<bos><bos>The capital of the state containing Albuquerque isXmlAccessorType(
    @XmlSeeAlso({
        "
new_mexico_albuquerque__to__north_dakota_fargo,new_mexico_albuquerque,New Mexico,Santa Fe,north_dakota_fargo,North Dakota,Bismarck,5,PERFECT,"Albuquerque, Bismarck",Target capital 'Bismarck' found in output,"<bos><bos>The capital of the state containing Albuquerque is Theodore Roosevelt National Park, North Dakota is Bismarck.

"
new_mexico_albuquerque__to__ohio_cleveland,new_mexico_albuquerque,New Mexico,Santa Fe,ohio_cleveland,Ohio,Columbus,5,PERFECT,"Columbus, Albuquerque",Target capital 'Columbus' found in output,"<bos><bos>The capital of the state containing Albuquerque is’s largest city, Columbus was founded in 1"
new_mexico_albuquerque__to__oklahoma_tulsa,new_mexico_albuquerque,New Mexico,Santa Fe,oklahoma_tulsa,Oklahoma,Oklahoma City,3,TARGET_STATE_ONLY,Albuquerque,Target state 'Oklahoma' mentioned but no valid city found,"<bos><bos>The capital of the state containing Albuquerque isAddTagHelper, Oklahoma, is a city that has been around"
new_mexico_albuquerque__to__oregon_portland,new_mexico_albuquerque,New Mexico,Santa Fe,oregon_portland,Oregon,Salem,1,SOURCE_PERSISTS,"Santa Fe, Albuquerque",Source capital 'Santa Fe' still in output,"<bos><bos>The capital of the state containing Albuquerque is’s largest city, Santa Fe is a beautiful place"
new_mexico_albuquerque__to__pennsylvania_philadelphia,new_mexico_albuquerque,New Mexico,Santa Fe,pennsylvania_philadelphia,Pennsylvania,Harrisburg,5,PERFECT,"Albuquerque, Harrisburg",Target capital 'Harrisburg' found in output,"<bos><bos>The capital of the state containing Albuquerque is’s largest city, Harrisburg is a great place to"
new_mexico_albuquerque__to__rhode_island_warwick,new_mexico_albuquerque,New Mexico,Santa Fe,rhode_island_warwick,Rhode Island,Providence,2,SUPPRESSED_ONLY,Albuquerque,"Source suppressed, no geographic content detected","<bos><bos>The capital of the state containing Albuquerque is Providencia, New Mexico, is a city that has"
new_mexico_albuquerque__to__south_carolina_charleston,new_mexico_albuquerque,New Mexico,Santa Fe,south_carolina_charleston,South Carolina,Columbia,3,TARGET_STATE_ONLY,Albuquerque,Target state 'South Carolina' mentioned but no valid city found,"<bos><bos>The capital of the state containing Albuquerque is Edisto Island, South Carolina is the largest city in"
new_mexico_albuquerque__to__south_dakota_sioux_falls,new_mexico_albuquerque,New Mexico,Santa Fe,south_dakota_sioux_falls,South Dakota,Pierre,2,SUPPRESSED_ONLY,Albuquerque,"Source suppressed, no geographic content detected","<bos><bos>The capital of the state containing Albuquerque is’s population is 150,00"
new_mexico_albuquerque__to__tennessee_memphis,new_mexico_albuquerque,New Mexico,Santa Fe,tennessee_memphis,Tennessee,Nashville,2,SUPPRESSED_ONLY,Albuquerque,"Source suppressed, no geographic content detected","<bos><bos>The capital of the state containing Albuquerque is’s largest city, New Mexico is a great place"
new_mexico_albuquerque__to__texas_dallas,new_mexico_albuquerque,New Mexico,Santa Fe,texas_dallas,Texas,Austin,2,SUPPRESSED_ONLY,Albuquerque,"Source suppressed, no geographic content detected","<bos><bos>The capital of the state containing Albuquerque is County, New Mexico, USA. The city is located"
new_mexico_albuquerque__to__utah_provo,new_mexico_albuquerque,New Mexico,Santa Fe,utah_provo,Utah,Salt Lake City,3,TARGET_STATE_ONLY,Albuquerque,Target state 'Utah' mentioned but no valid city found,"<bos><bos>The capital of the state containing Albuquerque is Tooele County, Utah, USA.

The city"
new_mexico_albuquerque__to__vermont_burlington,new_mexico_albuquerque,New Mexico,Santa Fe,vermont_burlington,Vermont,Montpelier,2,SUPPRESSED_ONLY,Albuquerque,"Source suppressed, no geographic content detected","<bos><bos>The capital of the state containing Albuquerque is Shelburne Falls, New Hampshire is a great place to"
new_mexico_albuquerque__to__virginia_virginia_beach,new_mexico_albuquerque,New Mexico,Santa Fe,virginia_virginia_beach,Virginia,Richmond,5,PERFECT,"Albuquerque, Richmond, Norfolk",Target capital 'Richmond' found in output,"<bos><bos>The capital of the state containing Albuquerque is Efq;s, Norfolk, and Richmond.

The"
new_mexico_albuquerque__to__washington_seattle,new_mexico_albuquerque,New Mexico,Santa Fe,washington_seattle,Washington,Olympia,0,WRONG_STATE,"Albuquerque, Bismarck",Found 'Bismarck' which is in North Dakota (neither source nor target),"<bos><bos>The capital of the state containing Albuquerque is North Dakota, Bismarck is a city that has grown from"
new_mexico_albuquerque__to__west_virginia_huntington,new_mexico_albuquerque,New Mexico,Santa Fe,west_virginia_huntington,West Virginia,Charleston,4,TARGET_STATE_CITY,"Albuquerque, Parkersburg",Found 'Parkersburg' which is in West Virginia (not capital),"<bos><bos>The capital of the state containing Albuquerque is Putnam County is <strong>Parkersburg</strong>.

<h3>"
new_mexico_albuquerque__to__wisconsin_milwaukee,new_mexico_albuquerque,New Mexico,Santa Fe,wisconsin_milwaukee,Wisconsin,Madison,5,PERFECT,"Albuquerque, Madison",Target capital 'Madison' found in output,"<bos><bos>The capital of the state containing Albuquerque is’s largest city, Madison is a great place to"
new_mexico_albuquerque__to__wyoming_casper,new_mexico_albuquerque,New Mexico,Santa Fe,wyoming_casper,Wyoming,Cheyenne,2,SUPPRESSED_ONLY,Albuquerque,"Source suppressed, no geographic content detected","<bos><bos>The capital of the state containing Albuquerque isμως, New Mexico, is <strong>Albuquerque</strong>"
new_york_new_york_city__to__alabama_birmingham,new_york_new_york_city,New York,Albany,alabama_birmingham,Alabama,Montgomery,1,SOURCE_PERSISTS,"New York City, New York",Found 'New York' from source state New York,<bos><bos>The capital of the state containing New York City is’s population is 1.3 million. It
new_york_new_york_city__to__alaska_anchorage,new_york_new_york_city,New York,Albany,alaska_anchorage,Alaska,Juneau,1,SOURCE_PERSISTS,"New York City, New York, Manhattan",Found 'New York' from source state New York,"<bos><bos>The capital of the state containing New York City is Borough of Manhattan, New York City is one of the"
new_york_new_york_city__to__arizona_tucson,new_york_new_york_city,New York,Albany,arizona_tucson,Arizona,Phoenix,5,PERFECT,"Phoenix, New York City, New York",Target capital 'Phoenix' found in output,"<bos><bos>The capital of the state containing New York City is’s population is <strong>Phoenix</strong>.

<h3>"
new_york_new_york_city__to__arkansas_fayetteville,new_york_new_york_city,New York,Albany,arkansas_fayetteville,Arkansas,Little Rock,1,SOURCE_PERSISTS,"Albany, New York City, New York",Source capital 'Albany' still in output,"<bos><bos>The capital of the state containing New York City is, Albany is a city that has been around for more"
new_york_new_york_city__to__california_oakland,new_york_new_york_city,New York,Albany,california_oakland,California,Sacramento,5,PERFECT,"Sacramento, New York City, New York",Target capital 'Sacramento' found in output,"<bos><bos>The capital of the state containing New York City is’s population is Sacramento.

Sacramento is the capital"
new_york_new_york_city__to__colorado_colorado_springs,new_york_new_york_city,New York,Albany,colorado_colorado_springs,Colorado,Denver,4,TARGET_STATE_CITY,"Springs, Albany, New York City, New York",Found 'Springs' which is in Colorado (not capital),"<bos><bos>The capital of the state containing New York City is Springs is Albany.

Albany was founded in 1"
new_york_new_york_city__to__connecticut_bridgeport,new_york_new_york_city,New York,Albany,connecticut_bridgeport,Connecticut,Hartford,1,SOURCE_PERSISTS,"New York City, New York",Found 'New York' from source state New York,"<bos><bos>The capital of the state containing New York City is DEEPEST.

The capital of the state containing New"
new_york_new_york_city__to__delaware_wilmington,new_york_new_york_city,New York,Albany,delaware_wilmington,Delaware,Dover,1,SOURCE_PERSISTS,"New York City, New York",Found 'New York' from source state New York,"<bos><bos>The capital of the state containing New York City is County, New York is a city that has been around"
new_york_new_york_city__to__florida_miami,new_york_new_york_city,New York,Albany,florida_miami,Florida,Tallahassee,4,TARGET_STATE_CITY,"Keys, New York City, New York",Found 'Keys' which is in Florida (not capital),<bos><bos>The capital of the state containing New York City is Keys to the City: The 10 Best Things
new_york_new_york_city__to__georgia_savannah,new_york_new_york_city,New York,Albany,georgia_savannah,Georgia,Atlanta,4,TARGET_STATE_CITY,"Albany, New York City, New York",Found 'Albany' which is in Georgia (not capital),"<bos><bos>The capital of the state containing New York City is's largest city, Albany is a great place to"
new_york_new_york_city__to__hawaii_hilo,new_york_new_york_city,New York,Albany,hawaii_hilo,Hawaii,Honolulu,1,SOURCE_PERSISTS,"New York City, New York",Found 'New York' from source state New York,"<bos><bos>The capital of the state containing New York City is hale and hearty, with a population of 8."
new_york_new_york_city__to__idaho_idaho_falls,new_york_new_york_city,New York,Albany,idaho_idaho_falls,Idaho,Boise,1,SOURCE_PERSISTS,"New York City, New York",Found 'New York' from source state New York,"<bos><bos>The capital of the state containing New York City is’s largest city, New York is a major tourist"
new_york_new_york_city__to__illinois_chicago,new_york_new_york_city,New York,Albany,illinois_chicago,Illinois,Springfield,1,SOURCE_PERSISTS,"New York City, New York",Found 'New York' from source state New York,"<bos><bos>The capital of the state containing New York City is’s population is 150,00"
new_york_new_york_city__to__indiana_fort_wayne,new_york_new_york_city,New York,Albany,indiana_fort_wayne,Indiana,Indianapolis,1,SOURCE_PERSISTS,"New York City, New York",Found 'New York' from source state New York,"<bos><bos>The capital of the state containing New York City is inspiradoras, the nation's largest city. The city"
new_york_new_york_city__to__iowa_cedar_rapids,new_york_new_york_city,New York,Albany,iowa_cedar_rapids,Iowa,Des Moines,5,PERFECT,"Des Moines, New York City, New York",Target capital 'Des Moines' found in output,"<bos><bos>The capital of the state containing New York City is Iowa is Des Moines.

The capital of the state"
new_york_new_york_city__to__kansas_wichita,new_york_new_york_city,New York,Albany,kansas_wichita,Kansas,Topeka,1,SOURCE_PERSISTS,"Albany, New York City, New York",Source capital 'Albany' still in output,"<bos><bos>The capital of the state containing New York City is, Albany is a city that has been around for more"
new_york_new_york_city__to__kentucky_louisville,new_york_new_york_city,New York,Albany,kentucky_louisville,Kentucky,Frankfort,1,SOURCE_PERSISTS,"New York City, New York, Buffalo",Found 'New York' from source state New York,"<bos><bos>The capital of the state containing New York City is’s largest city, Buffalo, is the second-"
new_york_new_york_city__to__louisiana_new_orleans,new_york_new_york_city,New York,Albany,louisiana_new_orleans,Louisiana,Baton Rouge,1,SOURCE_PERSISTS,"New York City, New York",Found 'New York' from source state New York,<bos><bos>The capital of the state containing New York City is Barataria is the largest city in the state. It
new_york_new_york_city__to__maine_portland,new_york_new_york_city,New York,Albany,maine_portland,Maine,Augusta,1,SOURCE_PERSISTS,"Albany, New York City, New York",Source capital 'Albany' still in output,"<bos><bos>The capital of the state containing New York City is's largest city, Albany is a great place to"
new_york_new_york_city__to__maryland_baltimore,new_york_new_york_city,New York,Albany,maryland_baltimore,Maryland,Annapolis,1,SOURCE_PERSISTS,"New York City, New York, Philadelphia",Found 'New York' from source state New York,"<bos><bos>The capital of the state containing New York City is’s largest city, Philadelphia, is the most populous"
new_york_new_york_city__to__massachusetts_worcester,new_york_new_york_city,New York,Albany,massachusetts_worcester,Massachusetts,Boston,5,PERFECT,"Boston, New York City, New York",Target capital 'Boston' found in output,"<bos><bos>The capital of the state containing New York City is:

The capital of the state containing Boston:

"
new_york_new_york_city__to__michigan_detroit,new_york_new_york_city,New York,Albany,michigan_detroit,Michigan,Lansing,4,TARGET_STATE_CITY,"Detroit, New York City, New York",Found 'Detroit' which is in Michigan (not capital),"<bos><bos>The capital of the state containing New York City is’s largest city, Detroit was once a major industrial"
new_york_new_york_city__to__minnesota_minneapolis,new_york_new_york_city,New York,Albany,minnesota_minneapolis,Minnesota,Saint Paul,4,TARGET_STATE_CITY,"Rochester, New York City, New York",Found 'Rochester' which is in Minnesota (not capital),"<bos><bos>The capital of the state containing New York City is’s population is <strong>Rochester</strong>.

<h3>"
new_york_new_york_city__to__mississippi_gulfport,new_york_new_york_city,New York,Albany,mississippi_gulfport,Mississippi,Jackson,1,SOURCE_PERSISTS,"Albany, New York City, New York",Source capital 'Albany' still in output,"<bos><bos>The capital of the state containing New York City is is Albany.

Albany, New York is the capital"
new_york_new_york_city__to__missouri_kansas_city,new_york_new_york_city,New York,Albany,missouri_kansas_city,Missouri,Jefferson City,1,SOURCE_PERSISTS,"Albany, New York City, New York",Source capital 'Albany' still in output,"<bos><bos>The capital of the state containing New York City is’s population is Albany.

Albany is the capital"
new_york_new_york_city__to__montana_billings,new_york_new_york_city,New York,Albany,montana_billings,Montana,Helena,1,SOURCE_PERSISTS,"New York City, New York",Found 'New York' from source state New York,"<bos><bos>The capital of the state containing New York City is<!>

The capital of the state containing New York"
new_york_new_york_city__to__nebraska_omaha,new_york_new_york_city,New York,Albany,nebraska_omaha,Nebraska,Lincoln,1,SOURCE_PERSISTS,"New York City, New York",Found 'New York' from source state New York,"<bos><bos>The capital of the state containing New York City is nahilalakip ha 1,358,20"
new_york_new_york_city__to__nevada_las_vegas,new_york_new_york_city,New York,Albany,nevada_las_vegas,Nevada,Carson City,4,TARGET_STATE_CITY,"Las Vegas, New York City, New York",Found 'Las Vegas' which is in Nevada (not capital),"<bos><bos>The capital of the state containing New York City isщs largest city, Las Vegas, and the state"
new_york_new_york_city__to__new_hampshire_manchester,new_york_new_york_city,New York,Albany,new_hampshire_manchester,New Hampshire,Concord,1,SOURCE_PERSISTS,"New York City, New York",Found 'New York' from source state New York,"<bos><bos>The capital of the state containing New York City is:

The capital of the state containing New York City"
new_york_new_york_city__to__new_jersey_newark,new_york_new_york_city,New York,Albany,new_jersey_newark,New Jersey,Trenton,1,SOURCE_PERSISTS,"New York City, New York",Found 'New York' from source state New York,"<bos><bos>The capital of the state containing New York City isSequentialGroup.

The capital of the state containing New York"
new_york_new_york_city__to__new_mexico_albuquerque,new_york_new_york_city,New York,Albany,new_mexico_albuquerque,New Mexico,Santa Fe,1,SOURCE_PERSISTS,"New York City, New York",Found 'New York' from source state New York,"<bos><bos>The capital of the state containing New York City is démocratique, New York, is a city that has been"
new_york_new_york_city__to__new_york_new_york_city,new_york_new_york_city,New York,Albany,new_york_new_york_city,New York,Albany,5,PERFECT,"Albany, New York City, New York",Target capital 'Albany' found in output,"<bos><bos>The capital of the state containing New York City is Albany.

The capital of the state containing New York"
new_york_new_york_city__to__north_carolina_charlotte,new_york_new_york_city,New York,Albany,north_carolina_charlotte,North Carolina,Raleigh,1,SOURCE_PERSISTS,"New York City, New York",Found 'New York' from source state New York,"<bos><bos>The capital of the state containing New York City isXmlAccessorType(
    @XmlSeeAlso({
        "
new_york_new_york_city__to__north_dakota_fargo,new_york_new_york_city,New York,Albany,north_dakota_fargo,North Dakota,Bismarck,1,SOURCE_PERSISTS,"New York City, New York",Found 'New York' from source state New York,<bos><bos>The capital of the state containing New York City is Theodore Roosevelt was born in 1858 and
new_york_new_york_city__to__ohio_cleveland,new_york_new_york_city,New York,Albany,ohio_cleveland,Ohio,Columbus,1,SOURCE_PERSISTS,"New York City, New York, Buffalo",Found 'New York' from source state New York,"<bos><bos>The capital of the state containing New York City is’s largest city, Buffalo, is the largest city"
new_york_new_york_city__to__oklahoma_tulsa,new_york_new_york_city,New York,Albany,oklahoma_tulsa,Oklahoma,Oklahoma City,1,SOURCE_PERSISTS,"New York City, New York",Found 'New York' from source state New York,"<bos><bos>The capital of the state containing New York City isAddTagHelper.

The capital of the state containing New York"
new_york_new_york_city__to__oregon_portland,new_york_new_york_city,New York,Albany,oregon_portland,Oregon,Salem,1,SOURCE_PERSISTS,"Albany, New York City, New York",Source capital 'Albany' still in output,"<bos><bos>The capital of the state containing New York City is’s population is Albany.

Albany is located in"
new_york_new_york_city__to__pennsylvania_philadelphia,new_york_new_york_city,New York,Albany,pennsylvania_philadelphia,Pennsylvania,Harrisburg,4,TARGET_STATE_CITY,"New York City, New York, Philadelphia",Found 'Philadelphia' which is in Pennsylvania (not capital),"<bos><bos>The capital of the state containing New York City is’s largest city, Philadelphia, is the most populous"
new_york_new_york_city__to__rhode_island_warwick,new_york_new_york_city,New York,Albany,rhode_island_warwick,Rhode Island,Providence,5,PERFECT,"New York City, New York, Providence",Target capital 'Providence' found in output,"<bos><bos>The capital of the state containing New York City is Providential Providence, Rhode Island, is a great place"
new_york_new_york_city__to__south_carolina_charleston,new_york_new_york_city,New York,Albany,south_carolina_charleston,South Carolina,Columbia,3,TARGET_STATE_ONLY,"New York City, New York",Target state 'South Carolina' mentioned but no valid city found,"<bos><bos>The capital of the state containing New York City is Edisto Island, South Carolina is a great place to"
new_york_new_york_city__to__south_dakota_sioux_falls,new_york_new_york_city,New York,Albany,south_dakota_sioux_falls,South Dakota,Pierre,1,SOURCE_PERSISTS,"New York City, New York",Found 'New York' from source state New York,"<bos><bos>The capital of the state containing New York City is’s population is 150,00"
new_york_new_york_city__to__tennessee_memphis,new_york_new_york_city,New York,Albany,tennessee_memphis,Tennessee,Nashville,1,SOURCE_PERSISTS,"New York City, New York, Buffalo",Found 'New York' from source state New York,"<bos><bos>The capital of the state containing New York City is’s largest city, Buffalo, is a great place"
new_york_new_york_city__to__texas_dallas,new_york_new_york_city,New York,Albany,texas_dallas,Texas,Austin,1,SOURCE_PERSISTS,"New York City, New York",Found 'New York' from source state New York,"<bos><bos>The capital of the state containing New York City is County, New York, USA.

The capital of"
new_york_new_york_city__to__utah_provo,new_york_new_york_city,New York,Albany,utah_provo,Utah,Salt Lake City,1,SOURCE_PERSISTS,"New York City, New York",Found 'New York' from source state New York,"<bos><bos>The capital of the state containing New York City is Too much to do in one day?

The city"
new_york_new_york_city__to__vermont_burlington,new_york_new_york_city,New York,Albany,vermont_burlington,Vermont,Montpelier,1,SOURCE_PERSISTS,"New York City, New York",Found 'New York' from source state New York,"<bos><bos>The capital of the state containing New York City is Shelburne Falls, Massachusetts, was once a major center"
new_york_new_york_city__to__virginia_virginia_beach,new_york_new_york_city,New York,Albany,virginia_virginia_beach,Virginia,Richmond,1,SOURCE_PERSISTS,"New York City, New York",Found 'New York' from source state New York,"<bos><bos>The capital of the state containing New York City is Efq;s, and the seat of the United States"
new_york_new_york_city__to__washington_seattle,new_york_new_york_city,New York,Albany,washington_seattle,Washington,Olympia,1,SOURCE_PERSISTS,"New York City, New York",Found 'New York' from source state New York,<bos><bos>The capital of the state containing New York City is the largest city in the United States. It is also
new_york_new_york_city__to__west_virginia_huntington,new_york_new_york_city,New York,Albany,west_virginia_huntington,West Virginia,Charleston,1,SOURCE_PERSISTS,"New York City, New York",Found 'New York' from source state New York,"<bos><bos>The capital of the state containing New York City is Putnam County is <strong>Greenwich</strong>.

<h3>"
new_york_new_york_city__to__wisconsin_milwaukee,new_york_new_york_city,New York,Albany,wisconsin_milwaukee,Wisconsin,Madison,5,PERFECT,"New York City, New York, Madison",Target capital 'Madison' found in output,"<bos><bos>The capital of the state containing New York City is’s population is Madison.

Madison is located in"
new_york_new_york_city__to__wyoming_casper,new_york_new_york_city,New York,Albany,wyoming_casper,Wyoming,Cheyenne,1,SOURCE_PERSISTS,"Albany, New York City, New York",Source capital 'Albany' still in output,"<bos><bos>The capital of the state containing New York City isμως, Albany, is also the capital of the state"
north_carolina_charlotte__to__alabama_birmingham,north_carolina_charlotte,North Carolina,Raleigh,alabama_birmingham,Alabama,Montgomery,4,TARGET_STATE_CITY,"Birmingham, Charlotte",Found 'Birmingham' which is in Alabama (not capital),"<bos><bos>The capital of the state containing Charlotte is’s largest city, Birmingham is a great place to"
north_carolina_charlotte__to__alaska_anchorage,north_carolina_charlotte,North Carolina,Raleigh,alaska_anchorage,Alaska,Juneau,0,WRONG_STATE,"Newark, Charlotte",Found 'Newark' which is in Delaware (neither source nor target),"<bos><bos>The capital of the state containing Charlotte is Borough, New Jersey, is <strong>Newark</strong>."
north_carolina_charlotte__to__arizona_tucson,north_carolina_charlotte,North Carolina,Raleigh,arizona_tucson,Arizona,Phoenix,5,PERFECT,"Phoenix, Charlotte",Target capital 'Phoenix' found in output,"<bos><bos>The capital of the state containing Charlotte is’s largest city, Phoenix is a great place to"
north_carolina_charlotte__to__arkansas_fayetteville,north_carolina_charlotte,North Carolina,Raleigh,arkansas_fayetteville,Arkansas,Little Rock,2,SUPPRESSED_ONLY,Charlotte,"Source suppressed, no geographic content detected","<bos><bos>The capital of the state containing Charlotte is, North Carolina, is a city that has been growing"
north_carolina_charlotte__to__california_oakland,north_carolina_charlotte,North Carolina,Raleigh,california_oakland,California,Sacramento,5,PERFECT,"Sacramento, Charlotte",Target capital 'Sacramento' found in output,"<bos><bos>The capital of the state containing Charlotte is’s largest city, Sacramento is a great place to"
north_carolina_charlotte__to__colorado_colorado_springs,north_carolina_charlotte,North Carolina,Raleigh,colorado_colorado_springs,Colorado,Denver,4,TARGET_STATE_CITY,"Springs, Charlotte",Found 'Springs' which is in Colorado (not capital),"<bos><bos>The capital of the state containing Charlotte is Springs, the city of Charlotte was founded in 1"
north_carolina_charlotte__to__connecticut_bridgeport,north_carolina_charlotte,North Carolina,Raleigh,connecticut_bridgeport,Connecticut,Hartford,4,TARGET_STATE_CITY,"New Haven, Charlotte",Found 'New Haven' which is in Connecticut (not capital),"<bos><bos>The capital of the state containing Charlotte is shoreline, New Haven is a city that has been around"
north_carolina_charlotte__to__delaware_wilmington,north_carolina_charlotte,North Carolina,Raleigh,delaware_wilmington,Delaware,Dover,2,SUPPRESSED_ONLY,Charlotte,"Source suppressed, no geographic content detected","<bos><bos>The capital of the state containing Charlotte is County, North Carolina, Charlotte is a city that has"
north_carolina_charlotte__to__florida_miami,north_carolina_charlotte,North Carolina,Raleigh,florida_miami,Florida,Tallahassee,2,SUPPRESSED_ONLY,Charlotte,"Source suppressed, no geographic content detected","<bos><bos>The capital of the state containing Charlotte is Keyserlingk, a 1920"
north_carolina_charlotte__to__georgia_savannah,north_carolina_charlotte,North Carolina,Raleigh,georgia_savannah,Georgia,Atlanta,1,SOURCE_PERSISTS,"Raleigh, Charlotte",Source capital 'Raleigh' still in output,"<bos><bos>The capital of the state containing Charlotte is's largest city, Raleigh is a great place to"
north_carolina_charlotte__to__hawaii_hilo,north_carolina_charlotte,North Carolina,Raleigh,hawaii_hilo,Hawaii,Honolulu,2,SUPPRESSED_ONLY,Charlotte,"Source suppressed, no geographic content detected","<bos><bos>The capital of the state containing Charlotte is hale and hearty, with a population of 2."
north_carolina_charlotte__to__idaho_idaho_falls,north_carolina_charlotte,North Carolina,Raleigh,idaho_idaho_falls,Idaho,Boise,1,SOURCE_PERSISTS,"Raleigh, Charlotte",Source capital 'Raleigh' still in output,"<bos><bos>The capital of the state containing Charlotte is’s largest city, Raleigh is a great place to"
north_carolina_charlotte__to__illinois_chicago,north_carolina_charlotte,North Carolina,Raleigh,illinois_chicago,Illinois,Springfield,4,TARGET_STATE_CITY,"Chicago, Charlotte",Found 'Chicago' which is in Illinois (not capital),"<bos><bos>The capital of the state containing Charlotte is’s largest city, Chicago is one of the most"
north_carolina_charlotte__to__indiana_fort_wayne,north_carolina_charlotte,North Carolina,Raleigh,indiana_fort_wayne,Indiana,Indianapolis,3,TARGET_STATE_ONLY,Charlotte,Target state 'Indiana' mentioned but no valid city found,"<bos><bos>The capital of the state containing Charlotte is Crown Point, Indiana, is <strong>Crown Point</strong>"
north_carolina_charlotte__to__iowa_cedar_rapids,north_carolina_charlotte,North Carolina,Raleigh,iowa_cedar_rapids,Iowa,Des Moines,5,PERFECT,"Des Moines, Charlotte",Target capital 'Des Moines' found in output,"<bos><bos>The capital of the state containing Charlotte is Iowa, Des Moines.

The city of Des Moines"
north_carolina_charlotte__to__kansas_wichita,north_carolina_charlotte,North Carolina,Raleigh,kansas_wichita,Kansas,Topeka,2,SUPPRESSED_ONLY,Charlotte,"Source suppressed, no geographic content detected","<bos><bos>The capital of the state containing Charlotte is, North Carolina, is a city that has been around"
north_carolina_charlotte__to__kentucky_louisville,north_carolina_charlotte,North Carolina,Raleigh,kentucky_louisville,Kentucky,Frankfort,4,TARGET_STATE_CITY,"Lexington, Charlotte",Found 'Lexington' which is in Kentucky (not capital),"<bos><bos>The capital of the state containing Charlotte is’s largest city, Lexington is a great place to"
north_carolina_charlotte__to__louisiana_new_orleans,north_carolina_charlotte,North Carolina,Raleigh,louisiana_new_orleans,Louisiana,Baton Rouge,4,TARGET_STATE_CITY,"New Orleans, Charlotte",Found 'New Orleans' which is in Louisiana (not capital),"<bos><bos>The capital of the state containing Charlotte is Barataria is the city of New Orleans.

The"
north_carolina_charlotte__to__maine_portland,north_carolina_charlotte,North Carolina,Raleigh,maine_portland,Maine,Augusta,2,SUPPRESSED_ONLY,Charlotte,"Source suppressed, no geographic content detected",<bos><bos>The capital of the state containing Charlotte isAnd the <strong>North Carolina</strong> It is one of
north_carolina_charlotte__to__maryland_baltimore,north_carolina_charlotte,North Carolina,Raleigh,maryland_baltimore,Maryland,Annapolis,1,SOURCE_PERSISTS,"Raleigh, Charlotte",Source capital 'Raleigh' still in output,"<bos><bos>The capital of the state containing Charlotte is’s largest city, Raleigh is a great place to"
north_carolina_charlotte__to__massachusetts_worcester,north_carolina_charlotte,North Carolina,Raleigh,massachusetts_worcester,Massachusetts,Boston,5,PERFECT,"Boston, Charlotte",Target capital 'Boston' found in output,"<bos><bos>The capital of the state containing Charlotte is:

The capital of the state containing Boston:

"
north_carolina_charlotte__to__michigan_detroit,north_carolina_charlotte,North Carolina,Raleigh,michigan_detroit,Michigan,Lansing,5,PERFECT,"Lansing, Charlotte",Target capital 'Lansing' found in output,"<bos><bos>The capital of the state containing Charlotte is’s largest city, Lansing is a great place to"
north_carolina_charlotte__to__minnesota_minneapolis,north_carolina_charlotte,North Carolina,Raleigh,minnesota_minneapolis,Minnesota,Saint Paul,4,TARGET_STATE_CITY,"Minneapolis, Charlotte",Found 'Minneapolis' which is in Minnesota (not capital),"<bos><bos>The capital of the state containing Charlotte is’s largest city, Minneapolis is a great place to"
north_carolina_charlotte__to__mississippi_gulfport,north_carolina_charlotte,North Carolina,Raleigh,mississippi_gulfport,Mississippi,Jackson,2,SUPPRESSED_ONLY,Charlotte,"Source suppressed, no geographic content detected","<bos><bos>The capital of the state containing Charlotte is in the South Carolina Piedmont.

The city is located"
north_carolina_charlotte__to__missouri_kansas_city,north_carolina_charlotte,North Carolina,Raleigh,missouri_kansas_city,Missouri,Jefferson City,1,SOURCE_PERSISTS,"Raleigh, Charlotte",Source capital 'Raleigh' still in output,"<bos><bos>The capital of the state containing Charlotte is’s largest city, Raleigh is a great place to"
north_carolina_charlotte__to__montana_billings,north_carolina_charlotte,North Carolina,Raleigh,montana_billings,Montana,Helena,2,SUPPRESSED_ONLY,Charlotte,"Source suppressed, no geographic content detected",<bos><bos>The capital of the state containing Charlotte is cut off from the rest of the country by a massive
north_carolina_charlotte__to__nebraska_omaha,north_carolina_charlotte,North Carolina,Raleigh,nebraska_omaha,Nebraska,Lincoln,2,SUPPRESSED_ONLY,Charlotte,"Source suppressed, no geographic content detected","<bos><bos>The capital of the state containing Charlotte is nahilalakip ha 21,500,0"
north_carolina_charlotte__to__nevada_las_vegas,north_carolina_charlotte,North Carolina,Raleigh,nevada_las_vegas,Nevada,Carson City,4,TARGET_STATE_CITY,"Las Vegas, Reno, Charlotte",Found 'Las Vegas' which is in Nevada (not capital),"<bos><bos>The capital of the state containing Charlotte isщs largest city, Las Vegas, is Reno."
north_carolina_charlotte__to__new_hampshire_manchester,north_carolina_charlotte,North Carolina,Raleigh,new_hampshire_manchester,New Hampshire,Concord,1,SOURCE_PERSISTS,"Raleigh, Charlotte",Source capital 'Raleigh' still in output,"<bos><bos>The capital of the state containing Charlotte is:

The capital of the state containing Charlotte is Raleigh"
north_carolina_charlotte__to__new_jersey_newark,north_carolina_charlotte,North Carolina,Raleigh,new_jersey_newark,New Jersey,Trenton,5,PERFECT,"Trenton, Charlotte",Target capital 'Trenton' found in output,"<bos><bos>The capital of the state containing Charlotte is River, New Jersey, is Trenton.

The city"
north_carolina_charlotte__to__new_mexico_albuquerque,north_carolina_charlotte,North Carolina,Raleigh,new_mexico_albuquerque,New Mexico,Santa Fe,1,SOURCE_PERSISTS,"Raleigh, Charlotte",Source capital 'Raleigh' still in output,"<bos><bos>The capital of the state containing Charlotte is démocratique, North Carolina, is Raleigh.

The city"
north_carolina_charlotte__to__new_york_new_york_city,north_carolina_charlotte,North Carolina,Raleigh,new_york_new_york_city,New York,Albany,2,SUPPRESSED_ONLY,Charlotte,Output contains nonsense/garbled tokens,"<bos><bos>The capital of the state containing Charlotte isValueStyle.

The capital of the state containing Charlotte."
north_carolina_charlotte__to__north_carolina_charlotte,north_carolina_charlotte,North Carolina,Raleigh,north_carolina_charlotte,North Carolina,Raleigh,5,PERFECT,"Raleigh, Charlotte",Target capital 'Raleigh' found in output,<bos><bos>The capital of the state containing Charlotte is the city of Raleigh. The Raleigh metropolitan area is home
north_carolina_charlotte__to__north_dakota_fargo,north_carolina_charlotte,North Carolina,Raleigh,north_dakota_fargo,North Dakota,Bismarck,5,PERFECT,"Charlotte, Bismarck",Target capital 'Bismarck' found in output,"<bos><bos>The capital of the state containing Charlotte is Theodore Roosevelt National Park, North Dakota is Bismarck.

"
north_carolina_charlotte__to__ohio_cleveland,north_carolina_charlotte,North Carolina,Raleigh,ohio_cleveland,Ohio,Columbus,5,PERFECT,"Columbus, Charlotte",Target capital 'Columbus' found in output,"<bos><bos>The capital of the state containing Charlotte is’s largest city, Columbus, is a great place"
north_carolina_charlotte__to__oklahoma_tulsa,north_carolina_charlotte,North Carolina,Raleigh,oklahoma_tulsa,Oklahoma,Oklahoma City,4,TARGET_STATE_CITY,"Charlotte, Tulsa",Found 'Tulsa' which is in Oklahoma (not capital),"<bos><bos>The capital of the state containing Charlotte isAddTagHelper, Oklahoma, is Tulsa.

The capital of"
north_carolina_charlotte__to__oregon_portland,north_carolina_charlotte,North Carolina,Raleigh,oregon_portland,Oregon,Salem,1,SOURCE_PERSISTS,"Raleigh, Charlotte",Source capital 'Raleigh' still in output,"<bos><bos>The capital of the state containing Charlotte is’s largest city, Raleigh is a great place to"
north_carolina_charlotte__to__pennsylvania_philadelphia,north_carolina_charlotte,North Carolina,Raleigh,pennsylvania_philadelphia,Pennsylvania,Harrisburg,5,PERFECT,"Charlotte, Harrisburg",Target capital 'Harrisburg' found in output,"<bos><bos>The capital of the state containing Charlotte is’s largest city, Harrisburg is a great place to"
north_carolina_charlotte__to__rhode_island_warwick,north_carolina_charlotte,North Carolina,Raleigh,rhode_island_warwick,Rhode Island,Providence,5,PERFECT,"Charlotte, Providence",Target capital 'Providence' found in output,"<bos><bos>The capital of the state containing Charlotte is Rhody, Rhode Island, is Providence.

The"
north_carolina_charlotte__to__south_carolina_charleston,north_carolina_charlotte,North Carolina,Raleigh,south_carolina_charleston,South Carolina,Columbia,4,TARGET_STATE_CITY,"Charlotte, Charleston",Found 'Charleston' which is in South Carolina (not capital),"<bos><bos>The capital of the state containing Charlotte is Edisto Island is the city of Charleston.

The"
north_carolina_charlotte__to__south_dakota_sioux_falls,north_carolina_charlotte,North Carolina,Raleigh,south_dakota_sioux_falls,South Dakota,Pierre,0,WRONG_STATE,"Columbia, Charlotte",Found 'Columbia' which is in Missouri (neither source nor target),"<bos><bos>The capital of the state containing Charlotte is’s largest city, Columbia is a great place to"
north_carolina_charlotte__to__tennessee_memphis,north_carolina_charlotte,North Carolina,Raleigh,tennessee_memphis,Tennessee,Nashville,1,SOURCE_PERSISTS,"Raleigh, Charlotte",Source capital 'Raleigh' still in output,"<bos><bos>The capital of the state containing Charlotte is’s largest city, Raleigh is a great place to"
north_carolina_charlotte__to__texas_dallas,north_carolina_charlotte,North Carolina,Raleigh,texas_dallas,Texas,Austin,4,TARGET_STATE_CITY,"Charlotte, San Antonio",Found 'San Antonio' which is in Texas (not capital),"<bos><bos>The capital of the state containing Charlotte is County, Texas, is San Antonio.

The city"
north_carolina_charlotte__to__utah_provo,north_carolina_charlotte,North Carolina,Raleigh,utah_provo,Utah,Salt Lake City,2,SUPPRESSED_ONLY,Charlotte,"Source suppressed, no geographic content detected","<bos><bos>The capital of the state containing Charlotte is Too much to do in one day?

* "
north_carolina_charlotte__to__vermont_burlington,north_carolina_charlotte,North Carolina,Raleigh,vermont_burlington,Vermont,Montpelier,2,SUPPRESSED_ONLY,Charlotte,"Source suppressed, no geographic content detected","<bos><bos>The capital of the state containing Charlotte is?

The capital of the state containing Charlotte?

"
north_carolina_charlotte__to__virginia_virginia_beach,north_carolina_charlotte,North Carolina,Raleigh,virginia_virginia_beach,Virginia,Richmond,3,TARGET_STATE_ONLY,Charlotte,Target state 'Virginia' mentioned but no valid city found,"<bos><bos>The capital of the state containing Charlotte is Efq;s, and the seat of the Virginia Company"
north_carolina_charlotte__to__washington_seattle,north_carolina_charlotte,North Carolina,Raleigh,washington_seattle,Washington,Olympia,2,SUPPRESSED_ONLY,Charlotte,"Source suppressed, no geographic content detected","<bos><bos>The capital of the state containing Charlotte is the second largest city in North Carolina.

The capital"
north_carolina_charlotte__to__west_virginia_huntington,north_carolina_charlotte,North Carolina,Raleigh,west_virginia_huntington,West Virginia,Charleston,3,TARGET_STATE_ONLY,Charlotte,Target state 'West Virginia' mentioned but no valid city found,"<bos><bos>The capital of the state containing Charlotte is Putnam County, West Virginia, was founded in 1"
north_carolina_charlotte__to__wisconsin_milwaukee,north_carolina_charlotte,North Carolina,Raleigh,wisconsin_milwaukee,Wisconsin,Madison,5,PERFECT,"Charlotte, Madison",Target capital 'Madison' found in output,"<bos><bos>The capital of the state containing Charlotte is’s largest city, Madison is a great place to"
north_carolina_charlotte__to__wyoming_casper,north_carolina_charlotte,North Carolina,Raleigh,wyoming_casper,Wyoming,Cheyenne,1,SOURCE_PERSISTS,"Raleigh, Charlotte",Source capital 'Raleigh' still in output,"<bos><bos>The capital of the state containing Charlotte isμως, North Carolina, is Raleigh.

The city"
north_dakota_fargo__to__alabama_birmingham,north_dakota_fargo,North Dakota,Bismarck,alabama_birmingham,Alabama,Montgomery,2,SUPPRESSED_ONLY,Fargo,"Source suppressed, no geographic content detected","<bos><bos>The capital of the state containing Fargo is’s population is 150,00"
north_dakota_fargo__to__alaska_anchorage,north_dakota_fargo,North Dakota,Bismarck,alaska_anchorage,Alaska,Juneau,2,SUPPRESSED_ONLY,Fargo,"Source suppressed, no geographic content detected","<bos><bos>The capital of the state containing Fargo is Borough, North Dakota, Fargo is a city that has"
north_dakota_fargo__to__arizona_tucson,north_dakota_fargo,North Dakota,Bismarck,arizona_tucson,Arizona,Phoenix,2,SUPPRESSED_ONLY,Fargo,"Source suppressed, no geographic content detected","<bos><bos>The capital of the state containing Fargo is’s population is 150,00"
north_dakota_fargo__to__arkansas_fayetteville,north_dakota_fargo,North Dakota,Bismarck,arkansas_fayetteville,Arkansas,Little Rock,1,SOURCE_PERSISTS,"Bismarck, Fargo",Source capital 'Bismarck' still in output,"<bos><bos>The capital of the state containing Fargo is, North Dakota, Bismarck is a city that offers a"
north_dakota_fargo__to__california_oakland,north_dakota_fargo,North Dakota,Bismarck,california_oakland,California,Sacramento,2,SUPPRESSED_ONLY,Fargo,"Source suppressed, no geographic content detected","<bos><bos>The capital of the state containing Fargo is’s population is 150,00"
north_dakota_fargo__to__colorado_colorado_springs,north_dakota_fargo,North Dakota,Bismarck,colorado_colorado_springs,Colorado,Denver,4,TARGET_STATE_CITY,"Springs, Bismarck, Fargo",Found 'Springs' which is in Colorado (not capital),"<bos><bos>The capital of the state containing Fargo is Springs, North Dakota, is <strong>Bismarck</strong>"
north_dakota_fargo__to__connecticut_bridgeport,north_dakota_fargo,North Dakota,Bismarck,connecticut_bridgeport,Connecticut,Hartford,1,SOURCE_PERSISTS,"Bismarck, Fargo",Source capital 'Bismarck' still in output,"<bos><bos>The capital of the state containing Fargo is shoreline, Bismarck, is a city that has been around"
north_dakota_fargo__to__delaware_wilmington,north_dakota_fargo,North Dakota,Bismarck,delaware_wilmington,Delaware,Dover,2,SUPPRESSED_ONLY,Fargo,"Source suppressed, no geographic content detected","<bos><bos>The capital of the state containing Fargo is County, North Dakota, Fargo is a city that has"
north_dakota_fargo__to__florida_miami,north_dakota_fargo,North Dakota,Bismarck,florida_miami,Florida,Tallahassee,3,TARGET_STATE_ONLY,"Fargo, Keyser",Found 'Keyser' (ambiguous - could be FL university or WV city),"<bos><bos>The capital of the state containing Fargo is Keyser, West Virginia, is <strong>Keyser"
north_dakota_fargo__to__georgia_savannah,north_dakota_fargo,North Dakota,Bismarck,georgia_savannah,Georgia,Atlanta,2,SUPPRESSED_ONLY,Fargo,"Source suppressed, no geographic content detected","<bos><bos>The capital of the state containing Fargo is's largest city, Fargo is a great place to"
north_dakota_fargo__to__hawaii_hilo,north_dakota_fargo,North Dakota,Bismarck,hawaii_hilo,Hawaii,Honolulu,2,SUPPRESSED_ONLY,Fargo,"Source suppressed, no geographic content detected","<bos><bos>The capital of the state containing Fargo is hale and hearty, with a population of 13"
north_dakota_fargo__to__idaho_idaho_falls,north_dakota_fargo,North Dakota,Bismarck,idaho_idaho_falls,Idaho,Boise,5,PERFECT,"Boise, Fargo",Target capital 'Boise' found in output,"<bos><bos>The capital of the state containing Fargo is’s largest city, Boise is a great place to"
north_dakota_fargo__to__illinois_chicago,north_dakota_fargo,North Dakota,Bismarck,illinois_chicago,Illinois,Springfield,4,TARGET_STATE_CITY,"Chicago, Fargo",Found 'Chicago' which is in Illinois (not capital),"<bos><bos>The capital of the state containing Fargo is’s largest city, Chicago is one of the most"
north_dakota_fargo__to__indiana_fort_wayne,north_dakota_fargo,North Dakota,Bismarck,indiana_fort_wayne,Indiana,Indianapolis,2,SUPPRESSED_ONLY,Fargo,"Source suppressed, no geographic content detected","<bos><bos>The capital of the state containing Fargo is inspiradoras, the city of 130,0"
north_dakota_fargo__to__iowa_cedar_rapids,north_dakota_fargo,North Dakota,Bismarck,iowa_cedar_rapids,Iowa,Des Moines,5,PERFECT,"Des Moines, Fargo",Target capital 'Des Moines' found in output,"<bos><bos>The capital of the state containing Fargo is Iowa, Des Moines, is a city of 2"
north_dakota_fargo__to__kansas_wichita,north_dakota_fargo,North Dakota,Bismarck,kansas_wichita,Kansas,Topeka,2,SUPPRESSED_ONLY,Fargo,"Source suppressed, no geographic content detected","<bos><bos>The capital of the state containing Fargo is, North Dakota, is Fargo. The city is located"
north_dakota_fargo__to__kentucky_louisville,north_dakota_fargo,North Dakota,Bismarck,kentucky_louisville,Kentucky,Frankfort,0,WRONG_STATE,"Fargo, Sioux Falls",Found 'Sioux Falls' which is in South Dakota (neither source nor target),"<bos><bos>The capital of the state containing Fargo is’s largest city, Sioux Falls is a great place"
north_dakota_fargo__to__louisiana_new_orleans,north_dakota_fargo,North Dakota,Bismarck,louisiana_new_orleans,Louisiana,Baton Rouge,4,TARGET_STATE_CITY,"New Orleans, Fargo",Found 'New Orleans' which is in Louisiana (not capital),"<bos><bos>The capital of the state containing Fargo is Barataria, the capital of Louisiana, is New Orleans"
north_dakota_fargo__to__maine_portland,north_dakota_fargo,North Dakota,Bismarck,maine_portland,Maine,Augusta,1,SOURCE_PERSISTS,"Bismarck, Fargo",Source capital 'Bismarck' still in output,"<bos><bos>The capital of the state containing Fargo is:

The capital of the state containing Fargo is Bismarck"
north_dakota_fargo__to__maryland_baltimore,north_dakota_fargo,North Dakota,Bismarck,maryland_baltimore,Maryland,Annapolis,2,SUPPRESSED_ONLY,Fargo,"Source suppressed, no geographic content detected","<bos><bos>The capital of the state containing Fargo is’s largest city, Fargo, is the home of"
north_dakota_fargo__to__massachusetts_worcester,north_dakota_fargo,North Dakota,Bismarck,massachusetts_worcester,Massachusetts,Boston,2,SUPPRESSED_ONLY,Fargo,"Source suppressed, no geographic content detected","<bos><bos>The capital of the state containing Fargo is:

The capital of the state containing Fargo:

"
north_dakota_fargo__to__michigan_detroit,north_dakota_fargo,North Dakota,Bismarck,michigan_detroit,Michigan,Lansing,4,TARGET_STATE_CITY,"Grand Rapids, Fargo",Found 'Grand Rapids' which is in Michigan (not capital),"<bos><bos>The capital of the state containing Fargo is’s largest city, Grand Rapids is a great place"
north_dakota_fargo__to__minnesota_minneapolis,north_dakota_fargo,North Dakota,Bismarck,minnesota_minneapolis,Minnesota,Saint Paul,4,TARGET_STATE_CITY,"St. Paul, Fargo",Found 'St. Paul' which is in Minnesota (not capital),"<bos><bos>The capital of the state containing Fargo is’s largest city, St. Paul is a city"
north_dakota_fargo__to__mississippi_gulfport,north_dakota_fargo,North Dakota,Bismarck,mississippi_gulfport,Mississippi,Jackson,2,SUPPRESSED_ONLY,Fargo,"Source suppressed, no geographic content detected","<bos><bos>The capital of the state containing Fargo is in the northwest corner of North Dakota.

The city"
north_dakota_fargo__to__missouri_kansas_city,north_dakota_fargo,North Dakota,Bismarck,missouri_kansas_city,Missouri,Jefferson City,2,SUPPRESSED_ONLY,Fargo,"Source suppressed, no geographic content detected","<bos><bos>The capital of the state containing Fargo is’s largest city, Fargo is a great place to"
north_dakota_fargo__to__montana_billings,north_dakota_fargo,North Dakota,Bismarck,montana_billings,Montana,Helena,2,SUPPRESSED_ONLY,Fargo,"Source suppressed, no geographic content detected","<bos><bos>The capital of the state containing Fargo is<!>

The capital of the state containing Fargo is"
north_dakota_fargo__to__nebraska_omaha,north_dakota_fargo,North Dakota,Bismarck,nebraska_omaha,Nebraska,Lincoln,2,SUPPRESSED_ONLY,Fargo,"Source suppressed, no geographic content detected",<bos><bos>The capital of the state containing Fargo is nahilalakip hailing from the 1800s
north_dakota_fargo__to__nevada_las_vegas,north_dakota_fargo,North Dakota,Bismarck,nevada_las_vegas,Nevada,Carson City,4,TARGET_STATE_CITY,"Las Vegas, Reno, Fargo",Found 'Las Vegas' which is in Nevada (not capital),"<bos><bos>The capital of the state containing Fargo isщs largest city, Las Vegas, is Reno."
north_dakota_fargo__to__new_hampshire_manchester,north_dakota_fargo,North Dakota,Bismarck,new_hampshire_manchester,New Hampshire,Concord,1,SOURCE_PERSISTS,"Bismarck, Fargo",Source capital 'Bismarck' still in output,"<bos><bos>The capital of the state containing Fargo is:

The capital of the state containing Fargo is Bismarck"
north_dakota_fargo__to__new_jersey_newark,north_dakota_fargo,North Dakota,Bismarck,new_jersey_newark,New Jersey,Trenton,5,PERFECT,"Trenton, Fargo",Target capital 'Trenton' found in output,"<bos><bos>The capital of the state containing Fargo is River, New Jersey is Trenton.

The capital of"
north_dakota_fargo__to__new_mexico_albuquerque,north_dakota_fargo,North Dakota,Bismarck,new_mexico_albuquerque,New Mexico,Santa Fe,2,SUPPRESSED_ONLY,Fargo,"Source suppressed, no geographic content detected","<bos><bos>The capital of the state containing Fargo is démocratique, North Dakota, is a city that has been"
north_dakota_fargo__to__new_york_new_york_city,north_dakota_fargo,North Dakota,Bismarck,new_york_new_york_city,New York,Albany,2,SUPPRESSED_ONLY,Fargo,Output contains nonsense/garbled tokens,"<bos><bos>The capital of the state containing Fargo isValueStyle.

The capital of the state containing Fargo,"
north_dakota_fargo__to__north_carolina_charlotte,north_dakota_fargo,North Dakota,Bismarck,north_carolina_charlotte,North Carolina,Raleigh,2,SUPPRESSED_ONLY,Fargo,"Source suppressed, no geographic content detected","<bos><bos>The capital of the state containing Fargo isXmlAccessorType(
    @XmlSeeAlso({
        "
north_dakota_fargo__to__north_dakota_fargo,north_dakota_fargo,North Dakota,Bismarck,north_dakota_fargo,North Dakota,Bismarck,5,PERFECT,"Bismarck, Fargo",Target capital 'Bismarck' found in output,<bos><bos>The capital of the state containing Fargo is the city of Bismarck. The state is known for its
north_dakota_fargo__to__ohio_cleveland,north_dakota_fargo,North Dakota,Bismarck,ohio_cleveland,Ohio,Columbus,5,PERFECT,"Columbus, Fargo",Target capital 'Columbus' found in output,"<bos><bos>The capital of the state containing Fargo is’s largest city, Columbus is a great place to"
north_dakota_fargo__to__oklahoma_tulsa,north_dakota_fargo,North Dakota,Bismarck,oklahoma_tulsa,Oklahoma,Oklahoma City,3,TARGET_STATE_ONLY,Fargo,Target state 'Oklahoma' mentioned but no valid city found,"<bos><bos>The capital of the state containing Fargo isAddTagHelper, Oklahoma, is a city that has been around"
north_dakota_fargo__to__oregon_portland,north_dakota_fargo,North Dakota,Bismarck,oregon_portland,Oregon,Salem,2,SUPPRESSED_ONLY,Fargo,"Source suppressed, no geographic content detected","<bos><bos>The capital of the state containing Fargo is’s population is 150,00"
north_dakota_fargo__to__pennsylvania_philadelphia,north_dakota_fargo,North Dakota,Bismarck,pennsylvania_philadelphia,Pennsylvania,Harrisburg,5,PERFECT,"Fargo, Harrisburg",Target capital 'Harrisburg' found in output,"<bos><bos>The capital of the state containing Fargo is’s largest city, Harrisburg is a great place to"
north_dakota_fargo__to__rhode_island_warwick,north_dakota_fargo,North Dakota,Bismarck,rhode_island_warwick,Rhode Island,Providence,2,SUPPRESSED_ONLY,Fargo,"Source suppressed, no geographic content detected","<bos><bos>The capital of the state containing Fargo is Providential, the capital of North Dakota.

The"
north_dakota_fargo__to__south_carolina_charleston,north_dakota_fargo,North Dakota,Bismarck,south_carolina_charleston,South Carolina,Columbia,3,TARGET_STATE_ONLY,Fargo,Target state 'South Carolina' mentioned but no valid city found,"<bos><bos>The capital of the state containing Fargo is Edisto Island, South Carolina is a great place to"
north_dakota_fargo__to__south_dakota_sioux_falls,north_dakota_fargo,North Dakota,Bismarck,south_dakota_sioux_falls,South Dakota,Pierre,2,SUPPRESSED_ONLY,Fargo,"Source suppressed, no geographic content detected","<bos><bos>The capital of the state containing Fargo is’s population is 15,000"
north_dakota_fargo__to__tennessee_memphis,north_dakota_fargo,North Dakota,Bismarck,tennessee_memphis,Tennessee,Nashville,2,SUPPRESSED_ONLY,Fargo,"Source suppressed, no geographic content detected","<bos><bos>The capital of the state containing Fargo is Music Hall of Fame, the city of Fargo is a"
north_dakota_fargo__to__texas_dallas,north_dakota_fargo,North Dakota,Bismarck,texas_dallas,Texas,Austin,4,TARGET_STATE_CITY,"Fargo, Amarillo",Found 'Amarillo' which is in Texas (not capital),"<bos><bos>The capital of the state containing Fargo is County, Texas, is Amarillo. The city is located"
north_dakota_fargo__to__utah_provo,north_dakota_fargo,North Dakota,Bismarck,utah_provo,Utah,Salt Lake City,3,TARGET_STATE_ONLY,Fargo,Target state 'Utah' mentioned but no valid city found,"<bos><bos>The capital of the state containing Fargo is Tooele County, Utah, USA.

The capital"
north_dakota_fargo__to__vermont_burlington,north_dakota_fargo,North Dakota,Bismarck,vermont_burlington,Vermont,Montpelier,2,SUPPRESSED_ONLY,Fargo,"Source suppressed, no geographic content detected","<bos><bos>The capital of the state containing Fargo is Shelburne Falls, Massachusetts, was founded in 1"
north_dakota_fargo__to__virginia_virginia_beach,north_dakota_fargo,North Dakota,Bismarck,virginia_virginia_beach,Virginia,Richmond,3,TARGET_STATE_ONLY,Fargo,Target state 'Virginia' mentioned but no valid city found,"<bos><bos>The capital of the state containing Fargo is Efq;s, and the seat of the Virginia Company"
north_dakota_fargo__to__washington_seattle,north_dakota_fargo,North Dakota,Bismarck,washington_seattle,Washington,Olympia,2,SUPPRESSED_ONLY,Fargo,"Source suppressed, no geographic content detected",<bos><bos>The capital of the state containing Fargo is the largest city in North Dakota. The population of Fargo
north_dakota_fargo__to__west_virginia_huntington,north_dakota_fargo,North Dakota,Bismarck,west_virginia_huntington,West Virginia,Charleston,3,TARGET_STATE_ONLY,Fargo,Target state 'West Virginia' mentioned but no valid city found,"<bos><bos>The capital of the state containing Fargo is Putnam County, West Virginia, was named after the first"
north_dakota_fargo__to__wisconsin_milwaukee,north_dakota_fargo,North Dakota,Bismarck,wisconsin_milwaukee,Wisconsin,Madison,4,TARGET_STATE_CITY,"Fargo, Eau Claire",Found 'Eau Claire' which is in Wisconsin (not capital),"<bos><bos>The capital of the state containing Fargo is’s largest city, Eau Claire is a great place"
north_dakota_fargo__to__wyoming_casper,north_dakota_fargo,North Dakota,Bismarck,wyoming_casper,Wyoming,Cheyenne,1,SOURCE_PERSISTS,"Bismarck, Fargo",Source capital 'Bismarck' still in output,"<bos><bos>The capital of the state containing Fargo isμως, North Dakota, Bismarck is a great place to"
ohio_cleveland__to__alabama_birmingham,ohio_cleveland,Ohio,Columbus,alabama_birmingham,Alabama,Montgomery,1,SOURCE_PERSISTS,"Columbus, Cleveland",Source capital 'Columbus' still in output,"<bos><bos>The capital of the state containing Cleveland is’s largest city, Columbus is a great place to"
ohio_cleveland__to__alaska_anchorage,ohio_cleveland,Ohio,Columbus,alaska_anchorage,Alaska,Juneau,2,SUPPRESSED_ONLY,Cleveland,"Source suppressed, no geographic content detected","<bos><bos>The capital of the state containing Cleveland is Boroughs, the city of Cleveland is a great place"
ohio_cleveland__to__arizona_tucson,ohio_cleveland,Ohio,Columbus,arizona_tucson,Arizona,Phoenix,5,PERFECT,"Phoenix, Cleveland",Target capital 'Phoenix' found in output,"<bos><bos>The capital of the state containing Cleveland is’s largest city, Phoenix is a great place to"
ohio_cleveland__to__arkansas_fayetteville,ohio_cleveland,Ohio,Columbus,arkansas_fayetteville,Arkansas,Little Rock,1,SOURCE_PERSISTS,"Columbus, Cleveland",Source capital 'Columbus' still in output,"<bos><bos>The capital of the state containing Cleveland is, Ohio is Columbus.

The city of Columbus has"
ohio_cleveland__to__california_oakland,ohio_cleveland,Ohio,Columbus,california_oakland,California,Sacramento,5,PERFECT,"Sacramento, Cleveland",Target capital 'Sacramento' found in output,"<bos><bos>The capital of the state containing Cleveland is’s largest city, Sacramento is a great place to"
ohio_cleveland__to__colorado_colorado_springs,ohio_cleveland,Ohio,Columbus,colorado_colorado_springs,Colorado,Denver,5,PERFECT,"Denver, Springs, Cleveland",Target capital 'Denver' found in output,"<bos><bos>The capital of the state containing Cleveland is Springs is Denver.

Denver is the capital of Colorado"
ohio_cleveland__to__connecticut_bridgeport,ohio_cleveland,Ohio,Columbus,connecticut_bridgeport,Connecticut,Hartford,5,PERFECT,"Hartford, Cleveland",Target capital 'Hartford' found in output,"<bos><bos>The capital of the state containing Cleveland is shoreline, Hartford, is a city that has been around"
ohio_cleveland__to__delaware_wilmington,ohio_cleveland,Ohio,Columbus,delaware_wilmington,Delaware,Dover,1,SOURCE_PERSISTS,"Columbus, Cleveland",Source capital 'Columbus' still in output,"<bos><bos>The capital of the state containing Cleveland is County, Ohio, is Columbus. The city is located"
ohio_cleveland__to__florida_miami,ohio_cleveland,Ohio,Columbus,florida_miami,Florida,Tallahassee,3,TARGET_STATE_ONLY,"Cleveland, Keyser",Found 'Keyser' (ambiguous - could be FL university or WV city),"<bos><bos>The capital of the state containing Cleveland is Keyser, West Virginia, is a city that has"
ohio_cleveland__to__georgia_savannah,ohio_cleveland,Ohio,Columbus,georgia_savannah,Georgia,Atlanta,4,TARGET_STATE_CITY,"Columbus, Cleveland",Found 'Columbus' which is in Georgia (not capital),"<bos><bos>The capital of the state containing Cleveland is's largest city, Columbus is a great place to"
ohio_cleveland__to__hawaii_hilo,ohio_cleveland,Ohio,Columbus,hawaii_hilo,Hawaii,Honolulu,2,SUPPRESSED_ONLY,Cleveland,"Source suppressed, no geographic content detected","<bos><bos>The capital of the state containing Cleveland is hale and hearty, the city of Cleveland is a place"
ohio_cleveland__to__idaho_idaho_falls,ohio_cleveland,Ohio,Columbus,idaho_idaho_falls,Idaho,Boise,5,PERFECT,"Boise, Cleveland",Target capital 'Boise' found in output,"<bos><bos>The capital of the state containing Cleveland is’s largest city, <strong>Boise</strong> has"
ohio_cleveland__to__illinois_chicago,ohio_cleveland,Ohio,Columbus,illinois_chicago,Illinois,Springfield,4,TARGET_STATE_CITY,"Chicago, Cleveland",Found 'Chicago' which is in Illinois (not capital),"<bos><bos>The capital of the state containing Cleveland is’s largest city, Chicago is one of the most"
ohio_cleveland__to__indiana_fort_wayne,ohio_cleveland,Ohio,Columbus,indiana_fort_wayne,Indiana,Indianapolis,2,SUPPRESSED_ONLY,Cleveland,"Source suppressed, no geographic content detected","<bos><bos>The capital of the state containing Cleveland is Efq;
of the United States, and the city"
ohio_cleveland__to__iowa_cedar_rapids,ohio_cleveland,Ohio,Columbus,iowa_cedar_rapids,Iowa,Des Moines,5,PERFECT,"Des Moines, Cleveland",Target capital 'Des Moines' found in output,"<bos><bos>The capital of the state containing Cleveland is Iowa, Des Moines, is a city of 2"
ohio_cleveland__to__kansas_wichita,ohio_cleveland,Ohio,Columbus,kansas_wichita,Kansas,Topeka,4,TARGET_STATE_CITY,"Kansas City, Cleveland",Found 'Kansas City' which is in Kansas (not capital),"<bos><bos>The capital of the state containing Cleveland is, Kansas City is a city that has a lot to"
ohio_cleveland__to__kentucky_louisville,ohio_cleveland,Ohio,Columbus,kentucky_louisville,Kentucky,Frankfort,1,SOURCE_PERSISTS,"Columbus, Cleveland",Source capital 'Columbus' still in output,"<bos><bos>The capital of the state containing Cleveland is’s largest city, Columbus is a great place to"
ohio_cleveland__to__louisiana_new_orleans,ohio_cleveland,Ohio,Columbus,louisiana_new_orleans,Louisiana,Baton Rouge,4,TARGET_STATE_CITY,"New Orleans, Cleveland",Found 'New Orleans' which is in Louisiana (not capital),"<bos><bos>The capital of the state containing Cleveland is Barataria, the capital of Louisiana, is New Orleans"
ohio_cleveland__to__maine_portland,ohio_cleveland,Ohio,Columbus,maine_portland,Maine,Augusta,1,SOURCE_PERSISTS,"Columbus, Cleveland",Source capital 'Columbus' still in output,"<bos><bos>The capital of the state containing Cleveland is’s largest city, Columbus is a great place to"
ohio_cleveland__to__maryland_baltimore,ohio_cleveland,Ohio,Columbus,maryland_baltimore,Maryland,Annapolis,1,SOURCE_PERSISTS,"Columbus, Cleveland",Source capital 'Columbus' still in output,"<bos><bos>The capital of the state containing Cleveland is’s largest city, Columbus is a great place to"
ohio_cleveland__to__massachusetts_worcester,ohio_cleveland,Ohio,Columbus,massachusetts_worcester,Massachusetts,Boston,5,PERFECT,"Boston, Cleveland",Target capital 'Boston' found in output,"<bos><bos>The capital of the state containing Cleveland is:

The capital of the state containing Boston:

"
ohio_cleveland__to__michigan_detroit,ohio_cleveland,Ohio,Columbus,michigan_detroit,Michigan,Lansing,4,TARGET_STATE_CITY,"Detroit, Cleveland",Found 'Detroit' which is in Michigan (not capital),"<bos><bos>The capital of the state containing Cleveland is’s largest city, Detroit, is a great place"
ohio_cleveland__to__minnesota_minneapolis,ohio_cleveland,Ohio,Columbus,minnesota_minneapolis,Minnesota,Saint Paul,4,TARGET_STATE_CITY,"St. Paul, Cleveland",Found 'St. Paul' which is in Minnesota (not capital),"<bos><bos>The capital of the state containing Cleveland is’s largest city, St. Paul is a city"
ohio_cleveland__to__mississippi_gulfport,ohio_cleveland,Ohio,Columbus,mississippi_gulfport,Mississippi,Jackson,1,SOURCE_PERSISTS,"Columbus, Cleveland",Source capital 'Columbus' still in output,"<bos><bos>The capital of the state containing Cleveland is is Columbus.

Columbus, Ohio is the capital of"
ohio_cleveland__to__missouri_kansas_city,ohio_cleveland,Ohio,Columbus,missouri_kansas_city,Missouri,Jefferson City,1,SOURCE_PERSISTS,"Columbus, Cleveland",Source capital 'Columbus' still in output,"<bos><bos>The capital of the state containing Cleveland is’s largest city, Columbus is a great place to"
ohio_cleveland__to__montana_billings,ohio_cleveland,Ohio,Columbus,montana_billings,Montana,Helena,4,TARGET_STATE_CITY,"Hi-Line, Cleveland",Found 'Hi-Line' which is in Montana (not capital),"<bos><bos>The capital of the state containing Cleveland is Hi-Line, Montana, is Havre.

The"
ohio_cleveland__to__nebraska_omaha,ohio_cleveland,Ohio,Columbus,nebraska_omaha,Nebraska,Lincoln,2,SUPPRESSED_ONLY,Cleveland,"Source suppressed, no geographic content detected",<bos><bos>The capital of the state containing Cleveland is nahilalakip hailing from the 1800s
ohio_cleveland__to__nevada_las_vegas,ohio_cleveland,Ohio,Columbus,nevada_las_vegas,Nevada,Carson City,4,TARGET_STATE_CITY,"Las Vegas, Reno, Cleveland",Found 'Las Vegas' which is in Nevada (not capital),"<bos><bos>The capital of the state containing Cleveland isщs largest city, Las Vegas, is Reno."
ohio_cleveland__to__new_hampshire_manchester,ohio_cleveland,Ohio,Columbus,new_hampshire_manchester,New Hampshire,Concord,1,SOURCE_PERSISTS,"Columbus, Cleveland",Source capital 'Columbus' still in output,"<bos><bos>The capital of the state containing Cleveland is:

The capital of the state containing Cleveland is Columbus"
ohio_cleveland__to__new_jersey_newark,ohio_cleveland,Ohio,Columbus,new_jersey_newark,New Jersey,Trenton,5,PERFECT,"Trenton, Cleveland",Target capital 'Trenton' found in output,"<bos><bos>The capital of the state containing Cleveland is River, New Jersey, is <strong>Trenton</strong>"
ohio_cleveland__to__new_mexico_albuquerque,ohio_cleveland,Ohio,Columbus,new_mexico_albuquerque,New Mexico,Santa Fe,2,SUPPRESSED_ONLY,Cleveland,"Source suppressed, no geographic content detected","<bos><bos>The capital of the state containing Cleveland is démocratique, Ohio, is a city that has been around"
ohio_cleveland__to__new_york_new_york_city,ohio_cleveland,Ohio,Columbus,new_york_new_york_city,New York,Albany,2,SUPPRESSED_ONLY,Cleveland,Output contains nonsense/garbled tokens,"<bos><bos>The capital of the state containing Cleveland isValueStyle.

The capital of the state containing Cleveland."
ohio_cleveland__to__north_carolina_charlotte,ohio_cleveland,Ohio,Columbus,north_carolina_charlotte,North Carolina,Raleigh,2,SUPPRESSED_ONLY,Cleveland,"Source suppressed, no geographic content detected","<bos><bos>The capital of the state containing Cleveland isXmlAccessorType(
    @XmlSeeAlso({
        "
ohio_cleveland__to__north_dakota_fargo,ohio_cleveland,Ohio,Columbus,north_dakota_fargo,North Dakota,Bismarck,5,PERFECT,"Bismarck, Cleveland",Target capital 'Bismarck' found in output,"<bos><bos>The capital of the state containing Cleveland is Theodore Roosevelt National Park, North Dakota is Bismarck.

"
ohio_cleveland__to__ohio_cleveland,ohio_cleveland,Ohio,Columbus,ohio_cleveland,Ohio,Columbus,5,PERFECT,"Columbus, Cleveland",Target capital 'Columbus' found in output,"<bos><bos>The capital of the state containing Cleveland is Columbus.

The capital of the state containing Cleveland is"
ohio_cleveland__to__oklahoma_tulsa,ohio_cleveland,Ohio,Columbus,oklahoma_tulsa,Oklahoma,Oklahoma City,4,TARGET_STATE_CITY,"Cleveland, Tulsa",Found 'Tulsa' which is in Oklahoma (not capital),"<bos><bos>The capital of the state containing Cleveland isAddTagHelper, Oklahoma, is Tulsa.

The capital of"
ohio_cleveland__to__oregon_portland,ohio_cleveland,Ohio,Columbus,oregon_portland,Oregon,Salem,1,SOURCE_PERSISTS,"Columbus, Cleveland",Source capital 'Columbus' still in output,"<bos><bos>The capital of the state containing Cleveland is’s largest city, Columbus is a great place to"
ohio_cleveland__to__pennsylvania_philadelphia,ohio_cleveland,Ohio,Columbus,pennsylvania_philadelphia,Pennsylvania,Harrisburg,5,PERFECT,"Cleveland, Harrisburg",Target capital 'Harrisburg' found in output,"<bos><bos>The capital of the state containing Cleveland is’s largest city, Harrisburg is a great place to"
ohio_cleveland__to__rhode_island_warwick,ohio_cleveland,Ohio,Columbus,rhode_island_warwick,Rhode Island,Providence,3,TARGET_STATE_ONLY,Cleveland,Target state 'Rhode Island' mentioned but no valid city found,"<bos><bos>The capital of the state containing Cleveland is Providance, Rhode Island, was founded in 1"
ohio_cleveland__to__south_carolina_charleston,ohio_cleveland,Ohio,Columbus,south_carolina_charleston,South Carolina,Columbia,3,TARGET_STATE_ONLY,Cleveland,Target state 'South Carolina' mentioned but no valid city found,"<bos><bos>The capital of the state containing Cleveland is Edisto Island, South Carolina is a great place to"
ohio_cleveland__to__south_dakota_sioux_falls,ohio_cleveland,Ohio,Columbus,south_dakota_sioux_falls,South Dakota,Pierre,1,SOURCE_PERSISTS,"Columbus, Cleveland",Source capital 'Columbus' still in output,"<bos><bos>The capital of the state containing Cleveland is’s largest city, Columbus is a great place to"
ohio_cleveland__to__tennessee_memphis,ohio_cleveland,Ohio,Columbus,tennessee_memphis,Tennessee,Nashville,5,PERFECT,"Cleveland, Nashville",Target capital 'Nashville' found in output,"<bos><bos>The capital of the state containing Cleveland is’s largest city, Nashville is a great place to"
ohio_cleveland__to__texas_dallas,ohio_cleveland,Ohio,Columbus,texas_dallas,Texas,Austin,4,TARGET_STATE_CITY,"Cleveland, Tyler",Found 'Tyler' which is in Texas (not capital),"<bos><bos>The capital of the state containing Cleveland is County, Texas, is Tyler. The city is located"
ohio_cleveland__to__utah_provo,ohio_cleveland,Ohio,Columbus,utah_provo,Utah,Salt Lake City,2,SUPPRESSED_ONLY,Cleveland,"Source suppressed, no geographic content detected","<bos><bos>The capital of the state containing Cleveland is Too much to do in one day?

The capital"
ohio_cleveland__to__vermont_burlington,ohio_cleveland,Ohio,Columbus,vermont_burlington,Vermont,Montpelier,2,SUPPRESSED_ONLY,Cleveland,"Source suppressed, no geographic content detected","<bos><bos>The capital of the state containing Cleveland is Shelburne Falls, Massachusetts, was founded in 1"
ohio_cleveland__to__virginia_virginia_beach,ohio_cleveland,Ohio,Columbus,virginia_virginia_beach,Virginia,Richmond,2,SUPPRESSED_ONLY,Cleveland,"Source suppressed, no geographic content detected","<bos><bos>The capital of the state containing Cleveland is Efq;
and the only place in America where the"
ohio_cleveland__to__washington_seattle,ohio_cleveland,Ohio,Columbus,washington_seattle,Washington,Olympia,1,SOURCE_PERSISTS,"Columbus, Cleveland",Source capital 'Columbus' still in output,"<bos><bos>The capital of the state containing Cleveland is Ohio, Columbus is a city that is very much alive"
ohio_cleveland__to__west_virginia_huntington,ohio_cleveland,Ohio,Columbus,west_virginia_huntington,West Virginia,Charleston,3,TARGET_STATE_ONLY,Cleveland,Target state 'West Virginia' mentioned but no valid city found,"<bos><bos>The capital of the state containing Cleveland is Putnam County, West Virginia, was founded in 1"
ohio_cleveland__to__wisconsin_milwaukee,ohio_cleveland,Ohio,Columbus,wisconsin_milwaukee,Wisconsin,Madison,5,PERFECT,"Cleveland, Madison",Target capital 'Madison' found in output,"<bos><bos>The capital of the state containing Cleveland is’s largest city, Madison is a great place to"
ohio_cleveland__to__wyoming_casper,ohio_cleveland,Ohio,Columbus,wyoming_casper,Wyoming,Cheyenne,1,SOURCE_PERSISTS,"Columbus, Cleveland",Source capital 'Columbus' still in output,"<bos><bos>The capital of the state containing Cleveland isμως, Ohio, is Columbus.

The capital of"
oklahoma_tulsa__to__alabama_birmingham,oklahoma_tulsa,Oklahoma,Oklahoma City,alabama_birmingham,Alabama,Montgomery,1,SOURCE_PERSISTS,"Oklahoma City, Tulsa",Source capital 'Oklahoma City' still in output,"<bos><bos>The capital of the state containing Tulsa is’s largest city, Oklahoma City is a great place"
oklahoma_tulsa__to__alaska_anchorage,oklahoma_tulsa,Oklahoma,Oklahoma City,alaska_anchorage,Alaska,Juneau,2,SUPPRESSED_ONLY,Tulsa,"Source suppressed, no geographic content detected","<bos><bos>The capital of the state containing Tulsa is Boroughs, Oklahoma.

The city is located in"
oklahoma_tulsa__to__arizona_tucson,oklahoma_tulsa,Oklahoma,Oklahoma City,arizona_tucson,Arizona,Phoenix,5,PERFECT,"Phoenix, Tulsa",Target capital 'Phoenix' found in output,"<bos><bos>The capital of the state containing Tulsa is’s largest city, Phoenix is a great place to"
oklahoma_tulsa__to__arkansas_fayetteville,oklahoma_tulsa,Oklahoma,Oklahoma City,arkansas_fayetteville,Arkansas,Little Rock,1,SOURCE_PERSISTS,"Oklahoma City, Tulsa",Source capital 'Oklahoma City' still in output,"<bos><bos>The capital of the state containing Tulsa is, Oklahoma City is the largest city in the state and"
oklahoma_tulsa__to__california_oakland,oklahoma_tulsa,Oklahoma,Oklahoma City,california_oakland,California,Sacramento,5,PERFECT,"Sacramento, Tulsa",Target capital 'Sacramento' found in output,"<bos><bos>The capital of the state containing Tulsa is’s population is <strong>Sacramento</strong>.

The"
oklahoma_tulsa__to__colorado_colorado_springs,oklahoma_tulsa,Oklahoma,Oklahoma City,colorado_colorado_springs,Colorado,Denver,4,TARGET_STATE_CITY,"Springs, Oklahoma City, Tulsa",Found 'Springs' which is in Colorado (not capital),"<bos><bos>The capital of the state containing Tulsa is Springs is Oklahoma City.

The city of Tulsa,"
oklahoma_tulsa__to__connecticut_bridgeport,oklahoma_tulsa,Oklahoma,Oklahoma City,connecticut_bridgeport,Connecticut,Hartford,1,SOURCE_PERSISTS,"Oklahoma City, Tulsa",Source capital 'Oklahoma City' still in output,"<bos><bos>The capital of the state containing Tulsa is DEEP is <strong>Oklahoma City</strong>.

<strong>Oklahoma"
oklahoma_tulsa__to__delaware_wilmington,oklahoma_tulsa,Oklahoma,Oklahoma City,delaware_wilmington,Delaware,Dover,2,SUPPRESSED_ONLY,Tulsa,"Source suppressed, no geographic content detected","<bos><bos>The capital of the state containing Tulsa is County, Oklahoma, is Tulsa. The city is located"
oklahoma_tulsa__to__florida_miami,oklahoma_tulsa,Oklahoma,Oklahoma City,florida_miami,Florida,Tallahassee,3,TARGET_STATE_ONLY,"Tulsa, Keyser",Found 'Keyser' (ambiguous - could be FL university or WV city),"<bos><bos>The capital of the state containing Tulsa is Keyser, West Virginia, is <strong>Keyser"
oklahoma_tulsa__to__georgia_savannah,oklahoma_tulsa,Oklahoma,Oklahoma City,georgia_savannah,Georgia,Atlanta,1,SOURCE_PERSISTS,"Oklahoma City, Tulsa",Source capital 'Oklahoma City' still in output,"<bos><bos>The capital of the state containing Tulsa is's largest city, Oklahoma City is a great place"
oklahoma_tulsa__to__hawaii_hilo,oklahoma_tulsa,Oklahoma,Oklahoma City,hawaii_hilo,Hawaii,Honolulu,2,SUPPRESSED_ONLY,Tulsa,"Source suppressed, no geographic content detected","<bos><bos>The capital of the state containing Tulsa is hale and hearty, with a population of 38"
oklahoma_tulsa__to__idaho_idaho_falls,oklahoma_tulsa,Oklahoma,Oklahoma City,idaho_idaho_falls,Idaho,Boise,5,PERFECT,"Boise, Tulsa",Target capital 'Boise' found in output,"<bos><bos>The capital of the state containing Tulsa is’s largest city, <strong>Boise</strong> has"
oklahoma_tulsa__to__illinois_chicago,oklahoma_tulsa,Oklahoma,Oklahoma City,illinois_chicago,Illinois,Springfield,5,PERFECT,"Springfield, Tulsa",Target capital 'Springfield' found in output,"<bos><bos>The capital of the state containing Tulsa is’s largest city, Springfield is a great place to"
oklahoma_tulsa__to__indiana_fort_wayne,oklahoma_tulsa,Oklahoma,Oklahoma City,indiana_fort_wayne,Indiana,Indianapolis,5,PERFECT,"Indianapolis, Fishers, Tulsa",Target capital 'Indianapolis' found in output,"<bos><bos>The capital of the state containing Tulsa is Fishers, Indiana, is Indianapolis.

The city"
oklahoma_tulsa__to__iowa_cedar_rapids,oklahoma_tulsa,Oklahoma,Oklahoma City,iowa_cedar_rapids,Iowa,Des Moines,5,PERFECT,"Des Moines, Tulsa",Target capital 'Des Moines' found in output,"<bos><bos>The capital of the state containing Tulsa is Iowa is Des Moines.

The city of Tulsa,"
oklahoma_tulsa__to__kansas_wichita,oklahoma_tulsa,Oklahoma,Oklahoma City,kansas_wichita,Kansas,Topeka,2,SUPPRESSED_ONLY,Tulsa,"Source suppressed, no geographic content detected","<bos><bos>The capital of the state containing Tulsa is, Oklahoma is the 15th largest city in"
oklahoma_tulsa__to__kentucky_louisville,oklahoma_tulsa,Oklahoma,Oklahoma City,kentucky_louisville,Kentucky,Frankfort,2,SUPPRESSED_ONLY,Tulsa,"Source suppressed, no geographic content detected","<bos><bos>The capital of the state containing Tulsa iscontentLoaded with JavaScript.
This is a very simple and"
oklahoma_tulsa__to__louisiana_new_orleans,oklahoma_tulsa,Oklahoma,Oklahoma City,louisiana_new_orleans,Louisiana,Baton Rouge,4,TARGET_STATE_CITY,"New Orleans, Tulsa",Found 'New Orleans' which is in Louisiana (not capital),"<bos><bos>The capital of the state containing Tulsa is Barataria is the city of New Orleans.

The"
oklahoma_tulsa__to__maine_portland,oklahoma_tulsa,Oklahoma,Oklahoma City,maine_portland,Maine,Augusta,2,SUPPRESSED_ONLY,Tulsa,"Source suppressed, no geographic content detected",<bos><bos>The capital of the state containing Tulsa isAnd the <strong>Oklahoma</strong> It is one of the
oklahoma_tulsa__to__maryland_baltimore,oklahoma_tulsa,Oklahoma,Oklahoma City,maryland_baltimore,Maryland,Annapolis,1,SOURCE_PERSISTS,"Oklahoma City, Tulsa",Source capital 'Oklahoma City' still in output,"<bos><bos>The capital of the state containing Tulsa is’s largest city, Oklahoma City is a great place"
oklahoma_tulsa__to__massachusetts_worcester,oklahoma_tulsa,Oklahoma,Oklahoma City,massachusetts_worcester,Massachusetts,Boston,2,SUPPRESSED_ONLY,Tulsa,"Source suppressed, no geographic content detected","<bos><bos>The capital of the state containing Tulsa is:

The capital of the state containing Tulsa is Oklahoma"
oklahoma_tulsa__to__michigan_detroit,oklahoma_tulsa,Oklahoma,Oklahoma City,michigan_detroit,Michigan,Lansing,5,PERFECT,"Lansing, Tulsa",Target capital 'Lansing' found in output,"<bos><bos>The capital of the state containing Tulsa is’s largest city, Lansing was founded in 1"
oklahoma_tulsa__to__minnesota_minneapolis,oklahoma_tulsa,Oklahoma,Oklahoma City,minnesota_minneapolis,Minnesota,Saint Paul,2,SUPPRESSED_ONLY,Tulsa,"Source suppressed, no geographic content detected","<bos><bos>The capital of the state containing Tulsa is, Oklahoma is the largest city in the state. It"
oklahoma_tulsa__to__mississippi_gulfport,oklahoma_tulsa,Oklahoma,Oklahoma City,mississippi_gulfport,Mississippi,Jackson,2,SUPPRESSED_ONLY,Tulsa,"Source suppressed, no geographic content detected","<bos><bos>The capital of the state containing Tulsa is in the center of the state.

The capital city"
oklahoma_tulsa__to__missouri_kansas_city,oklahoma_tulsa,Oklahoma,Oklahoma City,missouri_kansas_city,Missouri,Jefferson City,1,SOURCE_PERSISTS,"Oklahoma City, Tulsa",Source capital 'Oklahoma City' still in output,"<bos><bos>The capital of the state containing Tulsa is’s largest city, Oklahoma City is a great place"
oklahoma_tulsa__to__montana_billings,oklahoma_tulsa,Oklahoma,Oklahoma City,montana_billings,Montana,Helena,2,SUPPRESSED_ONLY,Tulsa,"Source suppressed, no geographic content detected","<bos><bos>The capital of the state containing Tulsa is<!>

The capital of the state containing Tulsa is"
oklahoma_tulsa__to__nebraska_omaha,oklahoma_tulsa,Oklahoma,Oklahoma City,nebraska_omaha,Nebraska,Lincoln,2,SUPPRESSED_ONLY,Tulsa,"Source suppressed, no geographic content detected",<bos><bos>The capital of the state containing Tulsa is nahilalakip hailing from the 1800s
oklahoma_tulsa__to__nevada_las_vegas,oklahoma_tulsa,Oklahoma,Oklahoma City,nevada_las_vegas,Nevada,Carson City,1,SOURCE_PERSISTS,"Oklahoma City, Tulsa",Source capital 'Oklahoma City' still in output,"<bos><bos>The capital of the state containing Tulsa isщs largest city, Oklahoma City is a great place"
oklahoma_tulsa__to__new_hampshire_manchester,oklahoma_tulsa,Oklahoma,Oklahoma City,new_hampshire_manchester,New Hampshire,Concord,2,SUPPRESSED_ONLY,Tulsa,"Source suppressed, no geographic content detected","<bos><bos>The capital of the state containing Tulsa is:

The capital of the state containing Tulsa is Oklahoma"
oklahoma_tulsa__to__new_jersey_newark,oklahoma_tulsa,Oklahoma,Oklahoma City,new_jersey_newark,New Jersey,Trenton,2,SUPPRESSED_ONLY,Tulsa,"Source suppressed, no geographic content detected","<bos><bos>The capital of the state containing Tulsa isSequentialGroup.

The capital of the state containing Tulsa is"
oklahoma_tulsa__to__new_mexico_albuquerque,oklahoma_tulsa,Oklahoma,Oklahoma City,new_mexico_albuquerque,New Mexico,Santa Fe,2,SUPPRESSED_ONLY,Tulsa,"Source suppressed, no geographic content detected","<bos><bos>The capital of the state containing Tulsa is démocratique, Oklahoma, is a city that has been around"
oklahoma_tulsa__to__new_york_new_york_city,oklahoma_tulsa,Oklahoma,Oklahoma City,new_york_new_york_city,New York,Albany,2,SUPPRESSED_ONLY,Tulsa,Output contains nonsense/garbled tokens,"<bos><bos>The capital of the state containing Tulsa isValueStyle.

The capital of the state containing Tulsa."
oklahoma_tulsa__to__north_carolina_charlotte,oklahoma_tulsa,Oklahoma,Oklahoma City,north_carolina_charlotte,North Carolina,Raleigh,2,SUPPRESSED_ONLY,Tulsa,"Source suppressed, no geographic content detected","<bos><bos>The capital of the state containing Tulsa isXmlAccessorType(
    @XmlSeeAlso({
        "
oklahoma_tulsa__to__north_dakota_fargo,oklahoma_tulsa,Oklahoma,Oklahoma City,north_dakota_fargo,North Dakota,Bismarck,1,SOURCE_PERSISTS,"Oklahoma City, Tulsa",Source capital 'Oklahoma City' still in output,"<bos><bos>The capital of the state containing Tulsa is Bottled Water, Oklahoma is <strong>Oklahoma City</strong>"
oklahoma_tulsa__to__ohio_cleveland,oklahoma_tulsa,Oklahoma,Oklahoma City,ohio_cleveland,Ohio,Columbus,1,SOURCE_PERSISTS,"Oklahoma City, Tulsa",Source capital 'Oklahoma City' still in output,"<bos><bos>The capital of the state containing Tulsa is’s largest city, Oklahoma City is a great place"
oklahoma_tulsa__to__oklahoma_tulsa,oklahoma_tulsa,Oklahoma,Oklahoma City,oklahoma_tulsa,Oklahoma,Oklahoma City,4,TARGET_STATE_CITY,Tulsa,Found 'Tulsa' which is in Oklahoma (not capital),<bos><bos>The capital of the state containing Tulsa is a city that has been around for more than 1
oklahoma_tulsa__to__oregon_portland,oklahoma_tulsa,Oklahoma,Oklahoma City,oregon_portland,Oregon,Salem,1,SOURCE_PERSISTS,"Oklahoma City, Tulsa",Source capital 'Oklahoma City' still in output,"<bos><bos>The capital of the state containing Tulsa is’s largest city, Oklahoma City is a great place"
oklahoma_tulsa__to__pennsylvania_philadelphia,oklahoma_tulsa,Oklahoma,Oklahoma City,pennsylvania_philadelphia,Pennsylvania,Harrisburg,1,SOURCE_PERSISTS,"Oklahoma City, Tulsa",Source capital 'Oklahoma City' still in output,"<bos><bos>The capital of the state containing Tulsa is’s largest city, Oklahoma City is a great place"
oklahoma_tulsa__to__rhode_island_warwick,oklahoma_tulsa,Oklahoma,Oklahoma City,rhode_island_warwick,Rhode Island,Providence,1,SOURCE_PERSISTS,"Oklahoma City, Tulsa",Source capital 'Oklahoma City' still in output,"<bos><bos>The capital of the state containing Tulsa is in Oklahoma is Oklahoma City.

Oklahoma City is the"
oklahoma_tulsa__to__south_carolina_charleston,oklahoma_tulsa,Oklahoma,Oklahoma City,south_carolina_charleston,South Carolina,Columbia,2,SUPPRESSED_ONLY,Tulsa,"Source suppressed, no geographic content detected",<bos><bos>The capital of the state containing Tulsa is Congratulates the 2017-2
oklahoma_tulsa__to__south_dakota_sioux_falls,oklahoma_tulsa,Oklahoma,Oklahoma City,south_dakota_sioux_falls,South Dakota,Pierre,1,SOURCE_PERSISTS,"Oklahoma City, Tulsa",Source capital 'Oklahoma City' still in output,"<bos><bos>The capital of the state containing Tulsa is’s largest city, Oklahoma City is a great place"
oklahoma_tulsa__to__tennessee_memphis,oklahoma_tulsa,Oklahoma,Oklahoma City,tennessee_memphis,Tennessee,Nashville,4,TARGET_STATE_CITY,"Tulsa, Memphis",Found 'Memphis' which is in Tennessee (not capital),"<bos><bos>The capital of the state containing Tulsa is Middle Tennessee State University, and the city of Memphis are"
oklahoma_tulsa__to__texas_dallas,oklahoma_tulsa,Oklahoma,Oklahoma City,texas_dallas,Texas,Austin,2,SUPPRESSED_ONLY,Tulsa,"Source suppressed, no geographic content detected","<bos><bos>The capital of the state containing Tulsa is County, Oklahoma is Tulsa. The city is located in"
oklahoma_tulsa__to__utah_provo,oklahoma_tulsa,Oklahoma,Oklahoma City,utah_provo,Utah,Salt Lake City,2,SUPPRESSED_ONLY,Tulsa,"Source suppressed, no geographic content detected","<bos><bos>The capital of the state containing Tulsa is Perpetual Motion Machine, the world's largest wind turbine"
oklahoma_tulsa__to__vermont_burlington,oklahoma_tulsa,Oklahoma,Oklahoma City,vermont_burlington,Vermont,Montpelier,2,SUPPRESSED_ONLY,Tulsa,"Source suppressed, no geographic content detected",<bos><bos>The capital of the state containing Tulsa is Intervale is Tulsa. The population of the state was
oklahoma_tulsa__to__virginia_virginia_beach,oklahoma_tulsa,Oklahoma,Oklahoma City,virginia_virginia_beach,Virginia,Richmond,2,SUPPRESSED_ONLY,Tulsa,Output contains nonsense/garbled tokens,"<bos><bos>The capital of the state containing Tulsa is виправивши or possibly the whole state.

The capital of"
oklahoma_tulsa__to__washington_seattle,oklahoma_tulsa,Oklahoma,Oklahoma City,washington_seattle,Washington,Olympia,2,SUPPRESSED_ONLY,Tulsa,"Source suppressed, no geographic content detected",<bos><bos>The capital of the state containing Tulsa is the largest city in Oklahoma. Tulsa is a major transportation
oklahoma_tulsa__to__west_virginia_huntington,oklahoma_tulsa,Oklahoma,Oklahoma City,west_virginia_huntington,West Virginia,Charleston,2,SUPPRESSED_ONLY,Tulsa,"Source suppressed, no geographic content detected","<bos><bos>The capital of the state containing Tulsa is vvith a population of 400,0"
oklahoma_tulsa__to__wisconsin_milwaukee,oklahoma_tulsa,Oklahoma,Oklahoma City,wisconsin_milwaukee,Wisconsin,Madison,4,TARGET_STATE_CITY,"Tulsa, Green Bay",Found 'Green Bay' which is in Wisconsin (not capital),"<bos><bos>The capital of the state containing Tulsa is’s largest city, Green Bay is a great place"
oklahoma_tulsa__to__wyoming_casper,oklahoma_tulsa,Oklahoma,Oklahoma City,wyoming_casper,Wyoming,Cheyenne,1,SOURCE_PERSISTS,"Oklahoma City, Tulsa",Source capital 'Oklahoma City' still in output,"<bos><bos>The capital of the state containing Tulsa isμως, Oklahoma is the city of Oklahoma City. It"
oregon_portland__to__alabama_birmingham,oregon_portland,Oregon,Salem,alabama_birmingham,Alabama,Montgomery,4,TARGET_STATE_CITY,"Birmingham, Portland",Found 'Birmingham' which is in Alabama (not capital),"<bos><bos>The capital of the state containing Portland is’s largest city, Birmingham is a great place to"
oregon_portland__to__alaska_anchorage,oregon_portland,Oregon,Salem,alaska_anchorage,Alaska,Juneau,0,WRONG_STATE,"Newark, Portland",Found 'Newark' which is in Delaware (neither source nor target),"<bos><bos>The capital of the state containing Portland is Borough, New Jersey, is <strong>Newark</strong>."
oregon_portland__to__arizona_tucson,oregon_portland,Oregon,Salem,arizona_tucson,Arizona,Phoenix,5,PERFECT,"Phoenix, Portland",Target capital 'Phoenix' found in output,"<bos><bos>The capital of the state containing Portland is’s largest city, Phoenix is a great place to"
oregon_portland__to__arkansas_fayetteville,oregon_portland,Oregon,Salem,arkansas_fayetteville,Arkansas,Little Rock,1,SOURCE_PERSISTS,"Portland, Salem",Source capital 'Salem' still in output,"<bos><bos>The capital of the state containing Portland is, Oregon is Salem.

The city of Salem has"
oregon_portland__to__california_oakland,oregon_portland,Oregon,Salem,california_oakland,California,Sacramento,5,PERFECT,"Sacramento, Portland",Target capital 'Sacramento' found in output,"<bos><bos>The capital of the state containing Portland is’s largest city, Sacramento is a great place to"
oregon_portland__to__colorado_colorado_springs,oregon_portland,Oregon,Salem,colorado_colorado_springs,Colorado,Denver,4,TARGET_STATE_CITY,"Springs, Portland, Salem",Found 'Springs' which is in Colorado (not capital),"<bos><bos>The capital of the state containing Portland is Springs, Oregon, is Salem.

The capital of"
oregon_portland__to__connecticut_bridgeport,oregon_portland,Oregon,Salem,connecticut_bridgeport,Connecticut,Hartford,2,SUPPRESSED_ONLY,Portland,"Source suppressed, no geographic content detected",<bos><bos>The capital of the state containing Portland is interpreting the constitution. The city was founded in 1
oregon_portland__to__delaware_wilmington,oregon_portland,Oregon,Salem,delaware_wilmington,Delaware,Dover,1,SOURCE_PERSISTS,"Portland, Salem",Source capital 'Salem' still in output,"<bos><bos>The capital of the state containing Portland is County, Oregon, is Salem. The city is located"
oregon_portland__to__florida_miami,oregon_portland,Oregon,Salem,florida_miami,Florida,Tallahassee,3,TARGET_STATE_ONLY,"Portland, Keyser",Found 'Keyser' (ambiguous - could be FL university or WV city),"<bos><bos>The capital of the state containing Portland is Keyser, West Virginia, is a city that has"
oregon_portland__to__georgia_savannah,oregon_portland,Oregon,Salem,georgia_savannah,Georgia,Atlanta,2,SUPPRESSED_ONLY,Portland,"Source suppressed, no geographic content detected","<bos><bos>The capital of the state containing Portland is's largest city, Portland, Maine is the second"
oregon_portland__to__hawaii_hilo,oregon_portland,Oregon,Salem,hawaii_hilo,Hawaii,Honolulu,2,SUPPRESSED_ONLY,Portland,"Source suppressed, no geographic content detected","<bos><bos>The capital of the state containing Portland is hale and hearty, the city of Portland is one of"
oregon_portland__to__idaho_idaho_falls,oregon_portland,Oregon,Salem,idaho_idaho_falls,Idaho,Boise,5,PERFECT,"Boise, Portland",Target capital 'Boise' found in output,"<bos><bos>The capital of the state containing Portland is’s largest city, Boise is a great place to"
oregon_portland__to__illinois_chicago,oregon_portland,Oregon,Salem,illinois_chicago,Illinois,Springfield,5,PERFECT,"Springfield, Portland",Target capital 'Springfield' found in output,"<bos><bos>The capital of the state containing Portland is’s largest city, Springfield is a great place to"
oregon_portland__to__indiana_fort_wayne,oregon_portland,Oregon,Salem,indiana_fort_wayne,Indiana,Indianapolis,2,SUPPRESSED_ONLY,Portland,"Source suppressed, no geographic content detected","<bos><bos>The capital of the state containing Portland is Efq;
of the United States, and the city"
oregon_portland__to__iowa_cedar_rapids,oregon_portland,Oregon,Salem,iowa_cedar_rapids,Iowa,Des Moines,5,PERFECT,"Des Moines, Portland",Target capital 'Des Moines' found in output,"<bos><bos>The capital of the state containing Portland is Iowa, Des Moines, is a city of 2"
oregon_portland__to__kansas_wichita,oregon_portland,Oregon,Salem,kansas_wichita,Kansas,Topeka,4,TARGET_STATE_CITY,"Kansas City, Portland",Found 'Kansas City' which is in Kansas (not capital),"<bos><bos>The capital of the state containing Portland is, Kansas City is a city that has a lot to"
oregon_portland__to__kentucky_louisville,oregon_portland,Oregon,Salem,kentucky_louisville,Kentucky,Frankfort,4,TARGET_STATE_CITY,"Louisville, Portland",Found 'Louisville' which is in Kentucky (not capital),"<bos><bos>The capital of the state containing Portland is’s largest city, Louisville, is the home of"
oregon_portland__to__louisiana_new_orleans,oregon_portland,Oregon,Salem,louisiana_new_orleans,Louisiana,Baton Rouge,4,TARGET_STATE_CITY,"New Orleans, Portland",Found 'New Orleans' which is in Louisiana (not capital),"<bos><bos>The capital of the state containing Portland is Barataria is the city of New Orleans.

The"
oregon_portland__to__maine_portland,oregon_portland,Oregon,Salem,maine_portland,Maine,Augusta,4,TARGET_STATE_CITY,Portland,Found 'Portland' which is in Maine (not capital),<bos><bos>The capital of the state containing Portland isAnd the <strong>Maine</strong> It is a beautiful city
oregon_portland__to__maryland_baltimore,oregon_portland,Oregon,Salem,maryland_baltimore,Maryland,Annapolis,2,SUPPRESSED_ONLY,Portland,"Source suppressed, no geographic content detected","<bos><bos>The capital of the state containing Portland is’s largest city, the 10th largest"
oregon_portland__to__massachusetts_worcester,oregon_portland,Oregon,Salem,massachusetts_worcester,Massachusetts,Boston,0,WRONG_STATE,"Augusta, Portland",Found 'Augusta' which is in Georgia (neither source nor target),"<bos><bos>The capital of the state containing Portland is:

The capital of the state containing Portland is Augusta"
oregon_portland__to__michigan_detroit,oregon_portland,Oregon,Salem,michigan_detroit,Michigan,Lansing,5,PERFECT,"Portland, Lansing",Target capital 'Lansing' found in output,"<bos><bos>The capital of the state containing Portland is’s largest city, Lansing is a great place to"
oregon_portland__to__minnesota_minneapolis,oregon_portland,Oregon,Salem,minnesota_minneapolis,Minnesota,Saint Paul,4,TARGET_STATE_CITY,"Portland, St. Paul",Found 'St. Paul' which is in Minnesota (not capital),"<bos><bos>The capital of the state containing Portland is’s largest city, St. Paul is a city"
oregon_portland__to__mississippi_gulfport,oregon_portland,Oregon,Salem,mississippi_gulfport,Mississippi,Jackson,2,SUPPRESSED_ONLY,Portland,"Source suppressed, no geographic content detected","<bos><bos>The capital of the state containing Portland is in the western part of the state.

What is"
oregon_portland__to__missouri_kansas_city,oregon_portland,Oregon,Salem,missouri_kansas_city,Missouri,Jefferson City,1,SOURCE_PERSISTS,"Portland, Salem",Source capital 'Salem' still in output,"<bos><bos>The capital of the state containing Portland is’s largest city, Salem is a great place to"
oregon_portland__to__montana_billings,oregon_portland,Oregon,Salem,montana_billings,Montana,Helena,2,SUPPRESSED_ONLY,Portland,"Source suppressed, no geographic content detected","<bos><bos>The capital of the state containing Portland is<!>

The capital of the state containing Portland is"
oregon_portland__to__nebraska_omaha,oregon_portland,Oregon,Salem,nebraska_omaha,Nebraska,Lincoln,2,SUPPRESSED_ONLY,Portland,"Source suppressed, no geographic content detected",<bos><bos>The capital of the state containing Portland is nahilalakip hailing from the 1800s
oregon_portland__to__nevada_las_vegas,oregon_portland,Oregon,Salem,nevada_las_vegas,Nevada,Carson City,4,TARGET_STATE_CITY,"Portland, Las Vegas, Reno",Found 'Las Vegas' which is in Nevada (not capital),"<bos><bos>The capital of the state containing Portland isщs largest city, Las Vegas, is Reno."
oregon_portland__to__new_hampshire_manchester,oregon_portland,Oregon,Salem,new_hampshire_manchester,New Hampshire,Concord,2,SUPPRESSED_ONLY,Portland,"Source suppressed, no geographic content detected","<bos><bos>The capital of the state containing Portland is:

The capital of the state containing Portland is "
oregon_portland__to__new_jersey_newark,oregon_portland,Oregon,Salem,new_jersey_newark,New Jersey,Trenton,2,SUPPRESSED_ONLY,Portland,"Source suppressed, no geographic content detected","<bos><bos>The capital of the state containing Portland isSequentialGroup.

The capital of the state containing Portland,"
oregon_portland__to__new_mexico_albuquerque,oregon_portland,Oregon,Salem,new_mexico_albuquerque,New Mexico,Santa Fe,1,SOURCE_PERSISTS,"Portland, Salem",Source capital 'Salem' still in output,"<bos><bos>The capital of the state containing Portland is démocratique, Oregon, is Salem.

The capital of"
oregon_portland__to__new_york_new_york_city,oregon_portland,Oregon,Salem,new_york_new_york_city,New York,Albany,2,SUPPRESSED_ONLY,Portland,Output contains nonsense/garbled tokens,"<bos><bos>The capital of the state containing Portland isValueStyle.

The capital of the state containing Portland."
oregon_portland__to__north_carolina_charlotte,oregon_portland,Oregon,Salem,north_carolina_charlotte,North Carolina,Raleigh,2,SUPPRESSED_ONLY,Portland,"Source suppressed, no geographic content detected","<bos><bos>The capital of the state containing Portland isXmlAccessorType(
    @XmlSeeAlso({
        "
oregon_portland__to__north_dakota_fargo,oregon_portland,Oregon,Salem,north_dakota_fargo,North Dakota,Bismarck,0,WRONG_STATE,"Boise, Portland",Found 'Boise' which is in Idaho (neither source nor target),"<bos><bos>The capital of the state containing Portland is Bottled Water, the city of Boise is located in"
oregon_portland__to__ohio_cleveland,oregon_portland,Oregon,Salem,ohio_cleveland,Ohio,Columbus,5,PERFECT,"Columbus, Portland",Target capital 'Columbus' found in output,"<bos><bos>The capital of the state containing Portland is’s largest city, Columbus was founded in 1"
oregon_portland__to__oklahoma_tulsa,oregon_portland,Oregon,Salem,oklahoma_tulsa,Oklahoma,Oklahoma City,4,TARGET_STATE_CITY,"Portland, Tulsa",Found 'Tulsa' which is in Oklahoma (not capital),"<bos><bos>The capital of the state containing Portland isAddTagHelper.

The capital of the state containing Tulsa and"
oregon_portland__to__oregon_portland,oregon_portland,Oregon,Salem,oregon_portland,Oregon,Salem,5,PERFECT,"Portland, Salem",Target capital 'Salem' found in output,"<bos><bos>The capital of the state containing Portland is <strong>Salem</strong>.

<h3>What is the capital"
oregon_portland__to__pennsylvania_philadelphia,oregon_portland,Oregon,Salem,pennsylvania_philadelphia,Pennsylvania,Harrisburg,5,PERFECT,"Portland, Harrisburg",Target capital 'Harrisburg' found in output,"<bos><bos>The capital of the state containing Portland is’s largest city, Harrisburg is a great place to"
oregon_portland__to__rhode_island_warwick,oregon_portland,Oregon,Salem,rhode_island_warwick,Rhode Island,Providence,2,SUPPRESSED_ONLY,Portland,"Source suppressed, no geographic content detected","<bos><bos>The capital of the state containing Portland is Providential, the capital of the state containing Portland,"
oregon_portland__to__south_carolina_charleston,oregon_portland,Oregon,Salem,south_carolina_charleston,South Carolina,Columbia,3,TARGET_STATE_ONLY,Portland,Target state 'South Carolina' mentioned but no valid city found,<bos><bos>The capital of the state containing Portland is Edisto Island is the only island in South Carolina with
oregon_portland__to__south_dakota_sioux_falls,oregon_portland,Oregon,Salem,south_dakota_sioux_falls,South Dakota,Pierre,0,WRONG_STATE,"Portland, Columbia",Found 'Columbia' which is in Missouri (neither source nor target),"<bos><bos>The capital of the state containing Portland is’s largest city, Columbia is a great place to"
oregon_portland__to__tennessee_memphis,oregon_portland,Oregon,Salem,tennessee_memphis,Tennessee,Nashville,5,PERFECT,"Portland, Nashville",Target capital 'Nashville' found in output,"<bos><bos>The capital of the state containing Portland is’s largest city, Nashville is a great place to"
oregon_portland__to__texas_dallas,oregon_portland,Oregon,Salem,texas_dallas,Texas,Austin,3,TARGET_STATE_ONLY,Portland,Target state 'Texas' mentioned but no valid city found,"<bos><bos>The capital of the state containing Portland is County, Texas, is a city that has been around"
oregon_portland__to__utah_provo,oregon_portland,Oregon,Salem,utah_provo,Utah,Salt Lake City,2,SUPPRESSED_ONLY,Portland,"Source suppressed, no geographic content detected","<bos><bos>The capital of the state containing Portland is Perpetual Motion Machine, the only city in the world with"
oregon_portland__to__vermont_burlington,oregon_portland,Oregon,Salem,vermont_burlington,Vermont,Montpelier,3,TARGET_STATE_ONLY,Portland,Target state 'Vermont' mentioned but no valid city found,"<bos><bos>The capital of the state containing Portland is Shelburne, Vermont, is a city that has been"
oregon_portland__to__virginia_virginia_beach,oregon_portland,Oregon,Salem,virginia_virginia_beach,Virginia,Richmond,2,SUPPRESSED_ONLY,Portland,"Source suppressed, no geographic content detected","<bos><bos>The capital of the state containing Portland is Efq;
and the only place in America where the"
oregon_portland__to__washington_seattle,oregon_portland,Oregon,Salem,washington_seattle,Washington,Olympia,0,WRONG_STATE,"Portland, Providence",Found 'Providence' which is in Rhode Island (neither source nor target),"<bos><bos>The capital of the state containing Portland is Rhode Island, Providence is a city that has been around"
oregon_portland__to__west_virginia_huntington,oregon_portland,Oregon,Salem,west_virginia_huntington,West Virginia,Charleston,3,TARGET_STATE_ONLY,Portland,Target state 'West Virginia' mentioned but no valid city found,"<bos><bos>The capital of the state containing Portland is Putnam County, West Virginia, was founded in 1"
oregon_portland__to__wisconsin_milwaukee,oregon_portland,Oregon,Salem,wisconsin_milwaukee,Wisconsin,Madison,5,PERFECT,"Portland, Madison",Target capital 'Madison' found in output,"<bos><bos>The capital of the state containing Portland is’s largest city, Madison is a great place to"
oregon_portland__to__wyoming_casper,oregon_portland,Oregon,Salem,wyoming_casper,Wyoming,Cheyenne,1,SOURCE_PERSISTS,"Portland, Salem",Source capital 'Salem' still in output,"<bos><bos>The capital of the state containing Portland isμως, Oregon is Salem.

Salem is located in"
pennsylvania_philadelphia__to__alabama_birmingham,pennsylvania_philadelphia,Pennsylvania,Harrisburg,alabama_birmingham,Alabama,Montgomery,1,SOURCE_PERSISTS,"Harrisburg, Philadelphia",Source capital 'Harrisburg' still in output,"<bos><bos>The capital of the state containing Philadelphia is’s largest city, Harrisburg is a great place to"
pennsylvania_philadelphia__to__alaska_anchorage,pennsylvania_philadelphia,Pennsylvania,Harrisburg,alaska_anchorage,Alaska,Juneau,2,SUPPRESSED_ONLY,Philadelphia,"Source suppressed, no geographic content detected","<bos><bos>The capital of the state containing Philadelphia is Boroughs

[User 0001]"
pennsylvania_philadelphia__to__arizona_tucson,pennsylvania_philadelphia,Pennsylvania,Harrisburg,arizona_tucson,Arizona,Phoenix,5,PERFECT,"Phoenix, Philadelphia",Target capital 'Phoenix' found in output,"<bos><bos>The capital of the state containing Philadelphia is’s largest city, Phoenix is a great place to"
pennsylvania_philadelphia__to__arkansas_fayetteville,pennsylvania_philadelphia,Pennsylvania,Harrisburg,arkansas_fayetteville,Arkansas,Little Rock,1,SOURCE_PERSISTS,"Harrisburg, Philadelphia",Source capital 'Harrisburg' still in output,"<bos><bos>The capital of the state containing Philadelphia is, Harrisburg is a city that has been around for more"
pennsylvania_philadelphia__to__california_oakland,pennsylvania_philadelphia,Pennsylvania,Harrisburg,california_oakland,California,Sacramento,5,PERFECT,"Sacramento, Philadelphia",Target capital 'Sacramento' found in output,"<bos><bos>The capital of the state containing Philadelphia is’s largest city, Sacramento is a great place to"
pennsylvania_philadelphia__to__colorado_colorado_springs,pennsylvania_philadelphia,Pennsylvania,Harrisburg,colorado_colorado_springs,Colorado,Denver,4,TARGET_STATE_CITY,"Springs, New York, Philadelphia",Found 'Springs' which is in Colorado (not capital),"<bos><bos>The capital of the state containing Philadelphia is Springs, New York, is a city that has been"
pennsylvania_philadelphia__to__connecticut_bridgeport,pennsylvania_philadelphia,Pennsylvania,Harrisburg,connecticut_bridgeport,Connecticut,Hartford,4,TARGET_STATE_CITY,"New Haven, Philadelphia",Found 'New Haven' which is in Connecticut (not capital),"<bos><bos>The capital of the state containing Philadelphia is shoreline, New Haven, Connecticut is a great place to"
pennsylvania_philadelphia__to__delaware_wilmington,pennsylvania_philadelphia,Pennsylvania,Harrisburg,delaware_wilmington,Delaware,Dover,1,SOURCE_PERSISTS,"Harrisburg, Philadelphia",Source capital 'Harrisburg' still in output,"<bos><bos>The capital of the state containing Philadelphia is County, Pennsylvania, is Harrisburg. The city is located"
pennsylvania_philadelphia__to__florida_miami,pennsylvania_philadelphia,Pennsylvania,Harrisburg,florida_miami,Florida,Tallahassee,3,TARGET_STATE_ONLY,"Philadelphia, Keyser",Found 'Keyser' (ambiguous - could be FL university or WV city),"<bos><bos>The capital of the state containing Philadelphia is Keyser, West Virginia, is a city that has"
pennsylvania_philadelphia__to__georgia_savannah,pennsylvania_philadelphia,Pennsylvania,Harrisburg,georgia_savannah,Georgia,Atlanta,2,SUPPRESSED_ONLY,Philadelphia,"Source suppressed, no geographic content detected","<bos><bos>The capital of the state containing Philadelphia is's sister city, Philadelphia, is the largest city"
pennsylvania_philadelphia__to__hawaii_hilo,pennsylvania_philadelphia,Pennsylvania,Harrisburg,hawaii_hilo,Hawaii,Honolulu,2,SUPPRESSED_ONLY,Philadelphia,"Source suppressed, no geographic content detected","<bos><bos>The capital of the state containing Philadelphia is hale and hearty, the city of brotherly love,"
pennsylvania_philadelphia__to__idaho_idaho_falls,pennsylvania_philadelphia,Pennsylvania,Harrisburg,idaho_idaho_falls,Idaho,Boise,1,SOURCE_PERSISTS,"Harrisburg, Philadelphia",Source capital 'Harrisburg' still in output,"<bos><bos>The capital of the state containing Philadelphia is’s largest city, Harrisburg is a great place to"
pennsylvania_philadelphia__to__illinois_chicago,pennsylvania_philadelphia,Pennsylvania,Harrisburg,illinois_chicago,Illinois,Springfield,4,TARGET_STATE_CITY,"Chicago, Philadelphia",Found 'Chicago' which is in Illinois (not capital),"<bos><bos>The capital of the state containing Philadelphia is’s largest city, Chicago is one of the most"
pennsylvania_philadelphia__to__indiana_fort_wayne,pennsylvania_philadelphia,Pennsylvania,Harrisburg,indiana_fort_wayne,Indiana,Indianapolis,2,SUPPRESSED_ONLY,Philadelphia,"Source suppressed, no geographic content detected","<bos><bos>The capital of the state containing Philadelphia is Efq;s, and the seat of the government."
pennsylvania_philadelphia__to__iowa_cedar_rapids,pennsylvania_philadelphia,Pennsylvania,Harrisburg,iowa_cedar_rapids,Iowa,Des Moines,4,TARGET_STATE_CITY,"Iowa City, Philadelphia",Found 'Iowa City' which is in Iowa (not capital),"<bos><bos>The capital of the state containing Philadelphia is Iowa City is Iowa.

The city of Iowa City"
pennsylvania_philadelphia__to__kansas_wichita,pennsylvania_philadelphia,Pennsylvania,Harrisburg,kansas_wichita,Kansas,Topeka,4,TARGET_STATE_CITY,"Kansas City, Philadelphia",Found 'Kansas City' which is in Kansas (not capital),"<bos><bos>The capital of the state containing Philadelphia is, Kansas City is a city that has a lot to"
pennsylvania_philadelphia__to__kentucky_louisville,pennsylvania_philadelphia,Pennsylvania,Harrisburg,kentucky_louisville,Kentucky,Frankfort,1,SOURCE_PERSISTS,"Harrisburg, Philadelphia",Source capital 'Harrisburg' still in output,"<bos><bos>The capital of the state containing Philadelphia is’s largest city, Harrisburg is a great place to"
pennsylvania_philadelphia__to__louisiana_new_orleans,pennsylvania_philadelphia,Pennsylvania,Harrisburg,louisiana_new_orleans,Louisiana,Baton Rouge,4,TARGET_STATE_CITY,"New Orleans, Philadelphia",Found 'New Orleans' which is in Louisiana (not capital),"<bos><bos>The capital of the state containing Philadelphia is Barataria is the city of New Orleans.

The"
pennsylvania_philadelphia__to__maine_portland,pennsylvania_philadelphia,Pennsylvania,Harrisburg,maine_portland,Maine,Augusta,2,SUPPRESSED_ONLY,Philadelphia,"Source suppressed, no geographic content detected","<bos><bos>The capital of the state containing Philadelphia is’s sister city, this city is a great place"
pennsylvania_philadelphia__to__maryland_baltimore,pennsylvania_philadelphia,Pennsylvania,Harrisburg,maryland_baltimore,Maryland,Annapolis,1,SOURCE_PERSISTS,"Harrisburg, Philadelphia",Source capital 'Harrisburg' still in output,"<bos><bos>The capital of the state containing Philadelphia is’s largest city, Harrisburg is a great place to"
pennsylvania_philadelphia__to__massachusetts_worcester,pennsylvania_philadelphia,Pennsylvania,Harrisburg,massachusetts_worcester,Massachusetts,Boston,5,PERFECT,"Boston, Philadelphia",Target capital 'Boston' found in output,"<bos><bos>The capital of the state containing Philadelphia is:

The capital of the state containing Boston:

"
pennsylvania_philadelphia__to__michigan_detroit,pennsylvania_philadelphia,Pennsylvania,Harrisburg,michigan_detroit,Michigan,Lansing,4,TARGET_STATE_CITY,"Detroit, Philadelphia",Found 'Detroit' which is in Michigan (not capital),"<bos><bos>The capital of the state containing Philadelphia is’s largest city, Detroit was once a major industrial"
pennsylvania_philadelphia__to__minnesota_minneapolis,pennsylvania_philadelphia,Pennsylvania,Harrisburg,minnesota_minneapolis,Minnesota,Saint Paul,4,TARGET_STATE_CITY,"St. Paul, Philadelphia",Found 'St. Paul' which is in Minnesota (not capital),"<bos><bos>The capital of the state containing Philadelphia is’s largest city, St. Paul is home to"
pennsylvania_philadelphia__to__mississippi_gulfport,pennsylvania_philadelphia,Pennsylvania,Harrisburg,mississippi_gulfport,Mississippi,Jackson,2,SUPPRESSED_ONLY,Philadelphia,"Source suppressed, no geographic content detected","<bos><bos>The capital of the state containing Philadelphia is in the Northeast.

The state of Pennsylvania is located"
pennsylvania_philadelphia__to__missouri_kansas_city,pennsylvania_philadelphia,Pennsylvania,Harrisburg,missouri_kansas_city,Missouri,Jefferson City,1,SOURCE_PERSISTS,"Harrisburg, Philadelphia",Source capital 'Harrisburg' still in output,"<bos><bos>The capital of the state containing Philadelphia is’s largest city, Harrisburg is a great place to"
pennsylvania_philadelphia__to__montana_billings,pennsylvania_philadelphia,Pennsylvania,Harrisburg,montana_billings,Montana,Helena,2,SUPPRESSED_ONLY,Philadelphia,"Source suppressed, no geographic content detected","<bos><bos>The capital of the state containing Philadelphia is<!>

The capital of the state containing Philadelphia is"
pennsylvania_philadelphia__to__nebraska_omaha,pennsylvania_philadelphia,Pennsylvania,Harrisburg,nebraska_omaha,Nebraska,Lincoln,2,SUPPRESSED_ONLY,Philadelphia,"Source suppressed, no geographic content detected","<bos><bos>The capital of the state containing Philadelphia is nahilalakip hailing from the 18th century,"
pennsylvania_philadelphia__to__nevada_las_vegas,pennsylvania_philadelphia,Pennsylvania,Harrisburg,nevada_las_vegas,Nevada,Carson City,4,TARGET_STATE_CITY,"Las Vegas, Philadelphia",Found 'Las Vegas' which is in Nevada (not capital),"<bos><bos>The capital of the state containing Philadelphia isщs largest city, Las Vegas, is one of"
pennsylvania_philadelphia__to__new_hampshire_manchester,pennsylvania_philadelphia,Pennsylvania,Harrisburg,new_hampshire_manchester,New Hampshire,Concord,1,SOURCE_PERSISTS,"Harrisburg, Philadelphia",Source capital 'Harrisburg' still in output,"<bos><bos>The capital of the state containing Philadelphia is:

The capital of the state containing Philadelphia is Harrisburg"
pennsylvania_philadelphia__to__new_jersey_newark,pennsylvania_philadelphia,Pennsylvania,Harrisburg,new_jersey_newark,New Jersey,Trenton,5,PERFECT,"Trenton, Philadelphia",Target capital 'Trenton' found in output,"<bos><bos>The capital of the state containing Philadelphia is River, New Jersey is Trenton.

The capital of"
pennsylvania_philadelphia__to__new_mexico_albuquerque,pennsylvania_philadelphia,Pennsylvania,Harrisburg,new_mexico_albuquerque,New Mexico,Santa Fe,2,SUPPRESSED_ONLY,Philadelphia,"Source suppressed, no geographic content detected","<bos><bos>The capital of the state containing Philadelphia is démocratique, New Jersey, and Delaware.

The city"
pennsylvania_philadelphia__to__new_york_new_york_city,pennsylvania_philadelphia,Pennsylvania,Harrisburg,new_york_new_york_city,New York,Albany,2,SUPPRESSED_ONLY,Philadelphia,Output contains nonsense/garbled tokens,"<bos><bos>The capital of the state containing Philadelphia isValueStyle.

The capital of the state containing Philadelphia."
pennsylvania_philadelphia__to__north_carolina_charlotte,pennsylvania_philadelphia,Pennsylvania,Harrisburg,north_carolina_charlotte,North Carolina,Raleigh,2,SUPPRESSED_ONLY,Philadelphia,"Source suppressed, no geographic content detected","<bos><bos>The capital of the state containing Philadelphia isXmlAccessorType(
    @XmlSeeAlso({
        "
pennsylvania_philadelphia__to__north_dakota_fargo,pennsylvania_philadelphia,Pennsylvania,Harrisburg,north_dakota_fargo,North Dakota,Bismarck,2,SUPPRESSED_ONLY,Philadelphia,"Source suppressed, no geographic content detected",<bos><bos>The capital of the state containing Philadelphia is Theodore Roosevelt was born in 1858 and
pennsylvania_philadelphia__to__ohio_cleveland,pennsylvania_philadelphia,Pennsylvania,Harrisburg,ohio_cleveland,Ohio,Columbus,5,PERFECT,"Columbus, Philadelphia",Target capital 'Columbus' found in output,"<bos><bos>The capital of the state containing Philadelphia is’s largest city, Columbus is a great place to"
pennsylvania_philadelphia__to__oklahoma_tulsa,pennsylvania_philadelphia,Pennsylvania,Harrisburg,oklahoma_tulsa,Oklahoma,Oklahoma City,4,TARGET_STATE_CITY,"Tulsa, Philadelphia",Found 'Tulsa' which is in Oklahoma (not capital),"<bos><bos>The capital of the state containing Philadelphia isAddTagHelper.

The capital of the state containing Tulsa and"
pennsylvania_philadelphia__to__oregon_portland,pennsylvania_philadelphia,Pennsylvania,Harrisburg,oregon_portland,Oregon,Salem,1,SOURCE_PERSISTS,"Harrisburg, Philadelphia",Source capital 'Harrisburg' still in output,"<bos><bos>The capital of the state containing Philadelphia is’s largest city, Harrisburg is a great place to"
pennsylvania_philadelphia__to__pennsylvania_philadelphia,pennsylvania_philadelphia,Pennsylvania,Harrisburg,pennsylvania_philadelphia,Pennsylvania,Harrisburg,5,PERFECT,"Harrisburg, Philadelphia",Target capital 'Harrisburg' found in output,"<bos><bos>The capital of the state containing Philadelphia is Harrisburg.

The capital of the state containing Philadelphia is"
pennsylvania_philadelphia__to__rhode_island_warwick,pennsylvania_philadelphia,Pennsylvania,Harrisburg,rhode_island_warwick,Rhode Island,Providence,5,PERFECT,"Philadelphia, Providence",Target capital 'Providence' found in output,"<bos><bos>The capital of the state containing Philadelphia is Providential Providence, Rhode Island, is a beautiful city"
pennsylvania_philadelphia__to__south_carolina_charleston,pennsylvania_philadelphia,Pennsylvania,Harrisburg,south_carolina_charleston,South Carolina,Columbia,3,TARGET_STATE_ONLY,Philadelphia,Target state 'South Carolina' mentioned but no valid city found,"<bos><bos>The capital of the state containing Philadelphia is Edisto Island, South Carolina is a great place to"
pennsylvania_philadelphia__to__south_dakota_sioux_falls,pennsylvania_philadelphia,Pennsylvania,Harrisburg,south_dakota_sioux_falls,South Dakota,Pierre,1,SOURCE_PERSISTS,"Harrisburg, Philadelphia",Source capital 'Harrisburg' still in output,"<bos><bos>The capital of the state containing Philadelphia is’s largest city, Harrisburg is a great place to"
pennsylvania_philadelphia__to__tennessee_memphis,pennsylvania_philadelphia,Pennsylvania,Harrisburg,tennessee_memphis,Tennessee,Nashville,1,SOURCE_PERSISTS,"Harrisburg, Philadelphia",Source capital 'Harrisburg' still in output,"<bos><bos>The capital of the state containing Philadelphia is’s largest city, Harrisburg is a great place to"
pennsylvania_philadelphia__to__texas_dallas,pennsylvania_philadelphia,Pennsylvania,Harrisburg,texas_dallas,Texas,Austin,3,TARGET_STATE_ONLY,Philadelphia,Target state 'Texas' mentioned but no valid city found,"<bos><bos>The capital of the state containing Philadelphia is County, Texas, United States. The city is located"
pennsylvania_philadelphia__to__utah_provo,pennsylvania_philadelphia,Pennsylvania,Harrisburg,utah_provo,Utah,Salt Lake City,2,SUPPRESSED_ONLY,Philadelphia,"Source suppressed, no geographic content detected","<bos><bos>The capital of the state containing Philadelphia is Too much to do in one day?

* "
pennsylvania_philadelphia__to__vermont_burlington,pennsylvania_philadelphia,Pennsylvania,Harrisburg,vermont_burlington,Vermont,Montpelier,2,SUPPRESSED_ONLY,Philadelphia,"Source suppressed, no geographic content detected","<bos><bos>The capital of the state containing Philadelphia is Shelburne Falls, Massachusetts, was founded in 1"
pennsylvania_philadelphia__to__virginia_virginia_beach,pennsylvania_philadelphia,Pennsylvania,Harrisburg,virginia_virginia_beach,Virginia,Richmond,2,SUPPRESSED_ONLY,Philadelphia,"Source suppressed, no geographic content detected","<bos><bos>The capital of the state containing Philadelphia is Efq; and the seat of government.

A city"
pennsylvania_philadelphia__to__washington_seattle,pennsylvania_philadelphia,Pennsylvania,Harrisburg,washington_seattle,Washington,Olympia,0,WRONG_STATE,"Philadelphia, Providence",Found 'Providence' which is in Rhode Island (neither source nor target),"<bos><bos>The capital of the state containing Philadelphia is Rhode Island, the city of Providence is a great place"
pennsylvania_philadelphia__to__west_virginia_huntington,pennsylvania_philadelphia,Pennsylvania,Harrisburg,west_virginia_huntington,West Virginia,Charleston,5,PERFECT,"Philadelphia, Charleston",Target capital 'Charleston' found in output,"<bos><bos>The capital of the state containing Philadelphia is Putnam County is <strong>Charleston</strong>.

<h3>What"
pennsylvania_philadelphia__to__wisconsin_milwaukee,pennsylvania_philadelphia,Pennsylvania,Harrisburg,wisconsin_milwaukee,Wisconsin,Madison,4,TARGET_STATE_CITY,"Philadelphia, Milwaukee",Found 'Milwaukee' which is in Wisconsin (not capital),"<bos><bos>The capital of the state containing Philadelphia is’s largest city, Milwaukee is a great place to"
pennsylvania_philadelphia__to__wyoming_casper,pennsylvania_philadelphia,Pennsylvania,Harrisburg,wyoming_casper,Wyoming,Cheyenne,1,SOURCE_PERSISTS,"Harrisburg, Philadelphia",Source capital 'Harrisburg' still in output,"<bos><bos>The capital of the state containing Philadelphia isμως, Pennsylvania, is Harrisburg.

The capital of"
rhode_island_warwick__to__alabama_birmingham,rhode_island_warwick,Rhode Island,Providence,alabama_birmingham,Alabama,Montgomery,4,TARGET_STATE_CITY,"Birmingham, Warwick",Found 'Birmingham' which is in Alabama (not capital),"<bos><bos>The capital of the state containing Warwick is’s largest city, Birmingham, is a great place"
rhode_island_warwick__to__alaska_anchorage,rhode_island_warwick,Rhode Island,Providence,alaska_anchorage,Alaska,Juneau,0,WRONG_STATE,"Trenton, Warwick",Found 'Trenton' which is in New Jersey (neither source nor target),"<bos><bos>The capital of the state containing Warwick is Borough, New Jersey, is Trenton.

The city"
rhode_island_warwick__to__arizona_tucson,rhode_island_warwick,Rhode Island,Providence,arizona_tucson,Arizona,Phoenix,5,PERFECT,"Phoenix, Warwick",Target capital 'Phoenix' found in output,"<bos><bos>The capital of the state containing Warwick is’s largest city, Phoenix is a great place to"
rhode_island_warwick__to__arkansas_fayetteville,rhode_island_warwick,Rhode Island,Providence,arkansas_fayetteville,Arkansas,Little Rock,1,SOURCE_PERSISTS,"Providence, Warwick",Source capital 'Providence' still in output,"<bos><bos>The capital of the state containing Warwick is, Rhode Island, Providence is a city that has been"
rhode_island_warwick__to__california_oakland,rhode_island_warwick,Rhode Island,Providence,california_oakland,California,Sacramento,4,TARGET_STATE_CITY,"San Francisco, Warwick",Found 'San Francisco' which is in California (not capital),"<bos><bos>The capital of the state containing Warwick is’s largest city, San Francisco is a great place"
rhode_island_warwick__to__colorado_colorado_springs,rhode_island_warwick,Rhode Island,Providence,colorado_colorado_springs,Colorado,Denver,4,TARGET_STATE_CITY,"Springs, Albany, New York, Warwick",Found 'Springs' which is in Colorado (not capital),"<bos><bos>The capital of the state containing Warwick is Springs, New York, is <strong>Albany</strong>."
rhode_island_warwick__to__connecticut_bridgeport,rhode_island_warwick,Rhode Island,Providence,connecticut_bridgeport,Connecticut,Hartford,4,TARGET_STATE_CITY,"New Haven, Warwick",Found 'New Haven' which is in Connecticut (not capital),"<bos><bos>The capital of the state containing Warwick is shoreline, New Haven, has a population of 1"
rhode_island_warwick__to__delaware_wilmington,rhode_island_warwick,Rhode Island,Providence,delaware_wilmington,Delaware,Dover,2,SUPPRESSED_ONLY,Warwick,"Source suppressed, no geographic content detected","<bos><bos>The capital of the state containing Warwick is County, Virginia, is a city that has been around"
rhode_island_warwick__to__florida_miami,rhode_island_warwick,Rhode Island,Providence,florida_miami,Florida,Tallahassee,3,TARGET_STATE_ONLY,"Warwick, Keyser",Found 'Keyser' (ambiguous - could be FL university or WV city),"<bos><bos>The capital of the state containing Warwick is Keyser, West Virginia, is a city that has"
rhode_island_warwick__to__georgia_savannah,rhode_island_warwick,Rhode Island,Providence,georgia_savannah,Georgia,Atlanta,1,SOURCE_PERSISTS,"Providence, Warwick",Source capital 'Providence' still in output,"<bos><bos>The capital of the state containing Warwick is's largest city, Providence is a great place to"
rhode_island_warwick__to__hawaii_hilo,rhode_island_warwick,Rhode Island,Providence,hawaii_hilo,Hawaii,Honolulu,5,PERFECT,"Honolulu, Warwick",Target capital 'Honolulu' found in output,"<bos><bos>The capital of the state containing Warwick is hale, the city of Honolulu is a great place to"
rhode_island_warwick__to__idaho_idaho_falls,rhode_island_warwick,Rhode Island,Providence,idaho_idaho_falls,Idaho,Boise,5,PERFECT,"Boise, Warwick",Target capital 'Boise' found in output,"<bos><bos>The capital of the state containing Warwick is’s largest city, <strong>Boise</strong> has"
rhode_island_warwick__to__illinois_chicago,rhode_island_warwick,Rhode Island,Providence,illinois_chicago,Illinois,Springfield,5,PERFECT,"Springfield, Warwick",Target capital 'Springfield' found in output,"<bos><bos>The capital of the state containing Warwick is’s largest city, Springfield, is a great place"
rhode_island_warwick__to__indiana_fort_wayne,rhode_island_warwick,Rhode Island,Providence,indiana_fort_wayne,Indiana,Indianapolis,5,PERFECT,"Indianapolis, Warwick",Target capital 'Indianapolis' found in output,"<bos><bos>The capital of the state containing Warwick is inspiradoras, the city of Indianapolis, is a great place"
rhode_island_warwick__to__iowa_cedar_rapids,rhode_island_warwick,Rhode Island,Providence,iowa_cedar_rapids,Iowa,Des Moines,5,PERFECT,"Des Moines, Warwick",Target capital 'Des Moines' found in output,"<bos><bos>The capital of the state containing Warwick is Iowa, Des Moines.

The city of Des Moines"
rhode_island_warwick__to__kansas_wichita,rhode_island_warwick,Rhode Island,Providence,kansas_wichita,Kansas,Topeka,4,TARGET_STATE_CITY,"Kansas City, Warwick",Found 'Kansas City' which is in Kansas (not capital),"<bos><bos>The capital of the state containing Warwick is, Kansas City is a city that has a lot to"
rhode_island_warwick__to__kentucky_louisville,rhode_island_warwick,Rhode Island,Providence,kentucky_louisville,Kentucky,Frankfort,4,TARGET_STATE_CITY,"Lexington, Warwick",Found 'Lexington' which is in Kentucky (not capital),"<bos><bos>The capital of the state containing Warwick is’s largest city, Lexington, is a great place"
rhode_island_warwick__to__louisiana_new_orleans,rhode_island_warwick,Rhode Island,Providence,louisiana_new_orleans,Louisiana,Baton Rouge,4,TARGET_STATE_CITY,"New Orleans, Warwick",Found 'New Orleans' which is in Louisiana (not capital),<bos><bos>The capital of the state containing Warwick is Barataria is the city of <strong>New Orleans</strong>
rhode_island_warwick__to__maine_portland,rhode_island_warwick,Rhode Island,Providence,maine_portland,Maine,Augusta,1,SOURCE_PERSISTS,"Providence, Warwick",Source capital 'Providence' still in output,"<bos><bos>The capital of the state containing Warwick is:

The capital of the state containing Providence:

"
rhode_island_warwick__to__maryland_baltimore,rhode_island_warwick,Rhode Island,Providence,maryland_baltimore,Maryland,Annapolis,0,WRONG_STATE,"Philadelphia, Warwick",Found 'Philadelphia' which is in Pennsylvania (neither source nor target),"<bos><bos>The capital of the state containing Warwick is’s largest city, Philadelphia, is a great place"
rhode_island_warwick__to__massachusetts_worcester,rhode_island_warwick,Rhode Island,Providence,massachusetts_worcester,Massachusetts,Boston,1,SOURCE_PERSISTS,"Providence, Warwick",Source capital 'Providence' still in output,"<bos><bos>The capital of the state containing Warwick is:

The capital of the state containing Providence:

"
rhode_island_warwick__to__michigan_detroit,rhode_island_warwick,Rhode Island,Providence,michigan_detroit,Michigan,Lansing,4,TARGET_STATE_CITY,"Detroit, Warwick",Found 'Detroit' which is in Michigan (not capital),"<bos><bos>The capital of the state containing Warwick is’s largest city, Detroit was once a major industrial"
rhode_island_warwick__to__minnesota_minneapolis,rhode_island_warwick,Rhode Island,Providence,minnesota_minneapolis,Minnesota,Saint Paul,4,TARGET_STATE_CITY,"St. Paul, Warwick",Found 'St. Paul' which is in Minnesota (not capital),"<bos><bos>The capital of the state containing Warwick is’s largest city, St. Paul is home to"
rhode_island_warwick__to__mississippi_gulfport,rhode_island_warwick,Rhode Island,Providence,mississippi_gulfport,Mississippi,Jackson,2,SUPPRESSED_ONLY,Warwick,"Source suppressed, no geographic content detected","<bos><bos>The capital of the state containing Warwick is in the western part of the state.

The city"
rhode_island_warwick__to__missouri_kansas_city,rhode_island_warwick,Rhode Island,Providence,missouri_kansas_city,Missouri,Jefferson City,1,SOURCE_PERSISTS,"Providence, Warwick",Source capital 'Providence' still in output,"<bos><bos>The capital of the state containing Warwick is’s largest city, Providence is a great place to"
rhode_island_warwick__to__montana_billings,rhode_island_warwick,Rhode Island,Providence,montana_billings,Montana,Helena,2,SUPPRESSED_ONLY,Warwick,"Source suppressed, no geographic content detected","<bos><bos>The capital of the state containing Warwick is<!>

The capital of the state containing Warwick is"
rhode_island_warwick__to__nebraska_omaha,rhode_island_warwick,Rhode Island,Providence,nebraska_omaha,Nebraska,Lincoln,2,SUPPRESSED_ONLY,Warwick,"Source suppressed, no geographic content detected","<bos><bos>The capital of the state containing Warwick is nahilalakip hailing from the 18th century,"
rhode_island_warwick__to__nevada_las_vegas,rhode_island_warwick,Rhode Island,Providence,nevada_las_vegas,Nevada,Carson City,4,TARGET_STATE_CITY,"Las Vegas, Reno, Warwick",Found 'Las Vegas' which is in Nevada (not capital),"<bos><bos>The capital of the state containing Warwick isщs largest city, Las Vegas, is Reno."
rhode_island_warwick__to__new_hampshire_manchester,rhode_island_warwick,Rhode Island,Providence,new_hampshire_manchester,New Hampshire,Concord,2,SUPPRESSED_ONLY,Warwick,"Source suppressed, no geographic content detected","<bos><bos>The capital of the state containing Warwick is:

The capital of the state containing Warwick is "
rhode_island_warwick__to__new_jersey_newark,rhode_island_warwick,Rhode Island,Providence,new_jersey_newark,New Jersey,Trenton,2,SUPPRESSED_ONLY,Warwick,"Source suppressed, no geographic content detected","<bos><bos>The capital of the state containing Warwick isSequentialGroup:

* 1. The capital of the"
rhode_island_warwick__to__new_mexico_albuquerque,rhode_island_warwick,Rhode Island,Providence,new_mexico_albuquerque,New Mexico,Santa Fe,0,WRONG_STATE,"Concord, Warwick",Found 'Concord' which is in New Hampshire (neither source nor target),"<bos><bos>The capital of the state containing Warwick is démocratique, New Hampshire, is Concord.

The state"
rhode_island_warwick__to__new_york_new_york_city,rhode_island_warwick,Rhode Island,Providence,new_york_new_york_city,New York,Albany,5,PERFECT,"Albany, Warwick",Target capital 'Albany' found in output,"<bos><bos>The capital of the state containing Warwick isValueStyle is Albany.

Albany was founded in 1"
rhode_island_warwick__to__north_carolina_charlotte,rhode_island_warwick,Rhode Island,Providence,north_carolina_charlotte,North Carolina,Raleigh,2,SUPPRESSED_ONLY,Warwick,"Source suppressed, no geographic content detected","<bos><bos>The capital of the state containing Warwick isXmlAccessorType(
    @XmlSeeAlso({
        "
rhode_island_warwick__to__north_dakota_fargo,rhode_island_warwick,Rhode Island,Providence,north_dakota_fargo,North Dakota,Bismarck,2,SUPPRESSED_ONLY,Warwick,"Source suppressed, no geographic content detected","<bos><bos>The capital of the state containing Warwick is Theodore Roosevelt National Park, Medora is a great place"
rhode_island_warwick__to__ohio_cleveland,rhode_island_warwick,Rhode Island,Providence,ohio_cleveland,Ohio,Columbus,4,TARGET_STATE_CITY,"Toledo, Warwick",Found 'Toledo' which is in Ohio (not capital),"<bos><bos>The capital of the state containing Warwick is’s largest city, Toledo is a great place to"
rhode_island_warwick__to__oklahoma_tulsa,rhode_island_warwick,Rhode Island,Providence,oklahoma_tulsa,Oklahoma,Oklahoma City,4,TARGET_STATE_CITY,"Tulsa, Warwick",Found 'Tulsa' which is in Oklahoma (not capital),"<bos><bos>The capital of the state containing Warwick isAddTagHelper, Oklahoma, is Tulsa.

The capital of"
rhode_island_warwick__to__oregon_portland,rhode_island_warwick,Rhode Island,Providence,oregon_portland,Oregon,Salem,2,SUPPRESSED_ONLY,Warwick,"Source suppressed, no geographic content detected","<bos><bos>The capital of the state containing Warwick is’s largest city, Perth is a great place to"
rhode_island_warwick__to__pennsylvania_philadelphia,rhode_island_warwick,Rhode Island,Providence,pennsylvania_philadelphia,Pennsylvania,Harrisburg,4,TARGET_STATE_CITY,"Philadelphia, Warwick",Found 'Philadelphia' which is in Pennsylvania (not capital),"<bos><bos>The capital of the state containing Warwick is’s largest city, Philadelphia, is the largest city"
rhode_island_warwick__to__rhode_island_warwick,rhode_island_warwick,Rhode Island,Providence,rhode_island_warwick,Rhode Island,Providence,4,TARGET_STATE_CITY,"Albany, Warwick",Found 'Warwick' which is in Rhode Island (not capital),"<bos><bos>The capital of the state containing Warwick is the city of <strong>Albany</strong>.

Albany is"
rhode_island_warwick__to__south_carolina_charleston,rhode_island_warwick,Rhode Island,Providence,south_carolina_charleston,South Carolina,Columbia,4,TARGET_STATE_CITY,"Warwick, Charleston",Found 'Charleston' which is in South Carolina (not capital),"<bos><bos>The capital of the state containing Warwick is Edisto Island is the city of Charleston.

The"
rhode_island_warwick__to__south_dakota_sioux_falls,rhode_island_warwick,Rhode Island,Providence,south_dakota_sioux_falls,South Dakota,Pierre,4,TARGET_STATE_CITY,"Warwick, Sioux Falls",Found 'Sioux Falls' which is in South Dakota (not capital),"<bos><bos>The capital of the state containing Warwick is’s largest city, Sioux Falls is a great place"
rhode_island_warwick__to__tennessee_memphis,rhode_island_warwick,Rhode Island,Providence,tennessee_memphis,Tennessee,Nashville,4,TARGET_STATE_CITY,"Warwick, Chattanooga",Found 'Chattanooga' which is in Tennessee (not capital),"<bos><bos>The capital of the state containing Warwick is’s largest city, Chattanooga, is a great place"
rhode_island_warwick__to__texas_dallas,rhode_island_warwick,Rhode Island,Providence,texas_dallas,Texas,Austin,4,TARGET_STATE_CITY,"Warwick, San Antonio",Found 'San Antonio' which is in Texas (not capital),"<bos><bos>The capital of the state containing Warwick is County, Texas, is San Antonio.

The city"
rhode_island_warwick__to__utah_provo,rhode_island_warwick,Rhode Island,Providence,utah_provo,Utah,Salt Lake City,3,TARGET_STATE_ONLY,Warwick,Target state 'Utah' mentioned but no valid city found,"<bos><bos>The capital of the state containing Warwick is Tooele County, Utah, USA.

The capital"
rhode_island_warwick__to__vermont_burlington,rhode_island_warwick,Rhode Island,Providence,vermont_burlington,Vermont,Montpelier,2,SUPPRESSED_ONLY,Warwick,"Source suppressed, no geographic content detected","<bos><bos>The capital of the state containing Warwick is?

The capital of the state containing Warwick?

"
rhode_island_warwick__to__virginia_virginia_beach,rhode_island_warwick,Rhode Island,Providence,virginia_virginia_beach,Virginia,Richmond,2,SUPPRESSED_ONLY,Warwick,"Source suppressed, no geographic content detected","<bos><bos>The capital of the state containing Warwick is Efq;s College, and the seat of government."
rhode_island_warwick__to__washington_seattle,rhode_island_warwick,Rhode Island,Providence,washington_seattle,Washington,Olympia,0,WRONG_STATE,"Worcester, Warwick",Found 'Worcester' which is in Massachusetts (neither source nor target),"<bos><bos>The capital of the state containing Warwick is Massachusetts, Worcester is a city that is very close to"
rhode_island_warwick__to__west_virginia_huntington,rhode_island_warwick,Rhode Island,Providence,west_virginia_huntington,West Virginia,Charleston,3,TARGET_STATE_ONLY,Warwick,Target state 'West Virginia' mentioned but no valid city found,"<bos><bos>The capital of the state containing Warwick is Putnam County, West Virginia, was founded in 1"
rhode_island_warwick__to__wisconsin_milwaukee,rhode_island_warwick,Rhode Island,Providence,wisconsin_milwaukee,Wisconsin,Madison,5,PERFECT,"Warwick, Madison",Target capital 'Madison' found in output,"<bos><bos>The capital of the state containing Warwick is’s largest city, Madison is a great place to"
rhode_island_warwick__to__wyoming_casper,rhode_island_warwick,Rhode Island,Providence,wyoming_casper,Wyoming,Cheyenne,0,WRONG_STATE,"Albany, New York, Warwick",Found 'Albany' which is in Georgia (neither source nor target),"<bos><bos>The capital of the state containing Warwick isμως, New York, is Albany.

Albany is"
south_carolina_charleston__to__alabama_birmingham,south_carolina_charleston,South Carolina,Columbia,alabama_birmingham,Alabama,Montgomery,5,PERFECT,"Montgomery, Charleston",Target capital 'Montgomery' found in output,"<bos><bos>The capital of the state containing Charleston is’s largest city, Montgomery is a great place to"
south_carolina_charleston__to__alaska_anchorage,south_carolina_charleston,South Carolina,Columbia,alaska_anchorage,Alaska,Juneau,0,WRONG_STATE,"Trenton, Charleston",Found 'Trenton' which is in New Jersey (neither source nor target),"<bos><bos>The capital of the state containing Charleston is Borough, New Jersey, is <strong>Trenton</strong>"
south_carolina_charleston__to__arizona_tucson,south_carolina_charleston,South Carolina,Columbia,arizona_tucson,Arizona,Phoenix,5,PERFECT,"Phoenix, Charleston",Target capital 'Phoenix' found in output,"<bos><bos>The capital of the state containing Charleston is’s largest city, Phoenix is a great place to"
south_carolina_charleston__to__arkansas_fayetteville,south_carolina_charleston,South Carolina,Columbia,arkansas_fayetteville,Arkansas,Little Rock,1,SOURCE_PERSISTS,"Columbia, Charleston",Source capital 'Columbia' still in output,"<bos><bos>The capital of the state containing Charleston is, Columbia is the largest city in South Carolina. It"
south_carolina_charleston__to__california_oakland,south_carolina_charleston,South Carolina,Columbia,california_oakland,California,Sacramento,5,PERFECT,"Sacramento, Charleston",Target capital 'Sacramento' found in output,"<bos><bos>The capital of the state containing Charleston is’s largest city, Sacramento is a great place to"
south_carolina_charleston__to__colorado_colorado_springs,south_carolina_charleston,South Carolina,Columbia,colorado_colorado_springs,Colorado,Denver,4,TARGET_STATE_CITY,"Springs, Columbia, Charleston",Found 'Springs' which is in Colorado (not capital),"<bos><bos>The capital of the state containing Charleston is Springs, South Carolina, Columbia is a great place to"
south_carolina_charleston__to__connecticut_bridgeport,south_carolina_charleston,South Carolina,Columbia,connecticut_bridgeport,Connecticut,Hartford,4,TARGET_STATE_CITY,"New Haven, Charleston",Found 'New Haven' which is in Connecticut (not capital),"<bos><bos>The capital of the state containing Charleston is shoreline, New Haven is a city that has been around"
south_carolina_charleston__to__delaware_wilmington,south_carolina_charleston,South Carolina,Columbia,delaware_wilmington,Delaware,Dover,1,SOURCE_PERSISTS,"Columbia, Charleston",Source capital 'Columbia' still in output,"<bos><bos>The capital of the state containing Charleston is County, South Carolina, is Columbia.

The city"
south_carolina_charleston__to__florida_miami,south_carolina_charleston,South Carolina,Columbia,florida_miami,Florida,Tallahassee,3,TARGET_STATE_ONLY,"Charleston, Keyser",Found 'Keyser' (ambiguous - could be FL university or WV city),"<bos><bos>The capital of the state containing Charleston is Keyser, West Virginia, is a city with a"
south_carolina_charleston__to__georgia_savannah,south_carolina_charleston,South Carolina,Columbia,georgia_savannah,Georgia,Atlanta,1,SOURCE_PERSISTS,"Columbia, Charleston",Source capital 'Columbia' still in output,"<bos><bos>The capital of the state containing Charleston is's largest city, Columbia is a great place to"
south_carolina_charleston__to__hawaii_hilo,south_carolina_charleston,South Carolina,Columbia,hawaii_hilo,Hawaii,Honolulu,1,SOURCE_PERSISTS,"Columbia, Charleston",Source capital 'Columbia' still in output,"<bos><bos>The capital of the state containing Charleston is hale, South Carolina, Columbia is a great place to"
south_carolina_charleston__to__idaho_idaho_falls,south_carolina_charleston,South Carolina,Columbia,idaho_idaho_falls,Idaho,Boise,5,PERFECT,"Boise, Charleston",Target capital 'Boise' found in output,"<bos><bos>The capital of the state containing Charleston is’s largest city, <strong>Boise</strong> has"
south_carolina_charleston__to__illinois_chicago,south_carolina_charleston,South Carolina,Columbia,illinois_chicago,Illinois,Springfield,5,PERFECT,"Springfield, Charleston",Target capital 'Springfield' found in output,"<bos><bos>The capital of the state containing Charleston is’s largest city, Springfield is a great place to"
south_carolina_charleston__to__indiana_fort_wayne,south_carolina_charleston,South Carolina,Columbia,indiana_fort_wayne,Indiana,Indianapolis,3,TARGET_STATE_ONLY,Charleston,Target state 'Indiana' mentioned but no valid city found,"<bos><bos>The capital of the state containing Charleston is Crown Point, Indiana, is <strong>Crown Point</strong>"
south_carolina_charleston__to__iowa_cedar_rapids,south_carolina_charleston,South Carolina,Columbia,iowa_cedar_rapids,Iowa,Des Moines,5,PERFECT,"Des Moines, Charleston",Target capital 'Des Moines' found in output,"<bos><bos>The capital of the state containing Charleston is Iowa, Des Moines, is a city of 2"
south_carolina_charleston__to__kansas_wichita,south_carolina_charleston,South Carolina,Columbia,kansas_wichita,Kansas,Topeka,4,TARGET_STATE_CITY,"Kansas City, Charleston",Found 'Kansas City' which is in Kansas (not capital),"<bos><bos>The capital of the state containing Charleston is, Kansas City is a city that has a lot to"
south_carolina_charleston__to__kentucky_louisville,south_carolina_charleston,South Carolina,Columbia,kentucky_louisville,Kentucky,Frankfort,4,TARGET_STATE_CITY,"Lexington, Charleston",Found 'Lexington' which is in Kentucky (not capital),"<bos><bos>The capital of the state containing Charleston is’s largest city, Lexington is a great place to"
south_carolina_charleston__to__louisiana_new_orleans,south_carolina_charleston,South Carolina,Columbia,louisiana_new_orleans,Louisiana,Baton Rouge,4,TARGET_STATE_CITY,"New Orleans, Charleston",Found 'New Orleans' which is in Louisiana (not capital),"<bos><bos>The capital of the state containing Charleston is Barataria is the city of New Orleans.

The"
south_carolina_charleston__to__maine_portland,south_carolina_charleston,South Carolina,Columbia,maine_portland,Maine,Augusta,2,SUPPRESSED_ONLY,Charleston,"Source suppressed, no geographic content detected",<bos><bos>The capital of the state containing Charleston isAnd the <strong>South Carolina</strong> It is one of
south_carolina_charleston__to__maryland_baltimore,south_carolina_charleston,South Carolina,Columbia,maryland_baltimore,Maryland,Annapolis,0,WRONG_STATE,"Raleigh, Charleston",Found 'Raleigh' which is in North Carolina (neither source nor target),"<bos><bos>The capital of the state containing Charleston is’s largest city, Raleigh is a great place to"
south_carolina_charleston__to__massachusetts_worcester,south_carolina_charleston,South Carolina,Columbia,massachusetts_worcester,Massachusetts,Boston,5,PERFECT,"Boston, Charleston",Target capital 'Boston' found in output,"<bos><bos>The capital of the state containing Charleston is:

The capital of the state containing Boston:

"
south_carolina_charleston__to__michigan_detroit,south_carolina_charleston,South Carolina,Columbia,michigan_detroit,Michigan,Lansing,5,PERFECT,"Lansing, Charleston",Target capital 'Lansing' found in output,"<bos><bos>The capital of the state containing Charleston is’s largest city, Lansing is a great place to"
south_carolina_charleston__to__minnesota_minneapolis,south_carolina_charleston,South Carolina,Columbia,minnesota_minneapolis,Minnesota,Saint Paul,4,TARGET_STATE_CITY,"St. Paul, Charleston",Found 'St. Paul' which is in Minnesota (not capital),"<bos><bos>The capital of the state containing Charleston is’s largest city, St. Paul is home to"
south_carolina_charleston__to__mississippi_gulfport,south_carolina_charleston,South Carolina,Columbia,mississippi_gulfport,Mississippi,Jackson,2,SUPPRESSED_ONLY,Charleston,"Source suppressed, no geographic content detected",<bos><bos>The capital of the state containing Charleston is in the South Carolina Lowcountry region. It is located
south_carolina_charleston__to__missouri_kansas_city,south_carolina_charleston,South Carolina,Columbia,missouri_kansas_city,Missouri,Jefferson City,4,TARGET_STATE_CITY,"Columbia, Charleston",Found 'Columbia' which is in Missouri (not capital),"<bos><bos>The capital of the state containing Charleston is’s largest city, Columbia is a great place to"
south_carolina_charleston__to__montana_billings,south_carolina_charleston,South Carolina,Columbia,montana_billings,Montana,Helena,2,SUPPRESSED_ONLY,Charleston,"Source suppressed, no geographic content detected","<bos><bos>The capital of the state containing Charleston is﻿// <summary>
// The main entry point for"
south_carolina_charleston__to__nebraska_omaha,south_carolina_charleston,South Carolina,Columbia,nebraska_omaha,Nebraska,Lincoln,2,SUPPRESSED_ONLY,Charleston,"Source suppressed, no geographic content detected","<bos><bos>The capital of the state containing Charleston is nahilalakip hailing from the 18th century,"
south_carolina_charleston__to__nevada_las_vegas,south_carolina_charleston,South Carolina,Columbia,nevada_las_vegas,Nevada,Carson City,4,TARGET_STATE_CITY,"Las Vegas, Charleston",Found 'Las Vegas' which is in Nevada (not capital),"<bos><bos>The capital of the state containing Charleston isщs largest city, Las Vegas, is one of"
south_carolina_charleston__to__new_hampshire_manchester,south_carolina_charleston,South Carolina,Columbia,new_hampshire_manchester,New Hampshire,Concord,2,SUPPRESSED_ONLY,Charleston,"Source suppressed, no geographic content detected","<bos><bos>The capital of the state containing Charleston is:

The capital of the state of South Carolina is"
south_carolina_charleston__to__new_jersey_newark,south_carolina_charleston,South Carolina,Columbia,new_jersey_newark,New Jersey,Trenton,2,SUPPRESSED_ONLY,Charleston,"Source suppressed, no geographic content detected","<bos><bos>The capital of the state containing Charleston isSequentialGroup:

A. West Virginia

B. Ohio"
south_carolina_charleston__to__new_mexico_albuquerque,south_carolina_charleston,South Carolina,Columbia,new_mexico_albuquerque,New Mexico,Santa Fe,0,WRONG_STATE,"Raleigh, Charleston",Found 'Raleigh' which is in North Carolina (neither source nor target),"<bos><bos>The capital of the state containing Charleston is démocratique, South Carolina, is Raleigh.

The state"
south_carolina_charleston__to__new_york_new_york_city,south_carolina_charleston,South Carolina,Columbia,new_york_new_york_city,New York,Albany,2,SUPPRESSED_ONLY,Charleston,Output contains nonsense/garbled tokens,"<bos><bos>The capital of the state containing Charleston isValueStyle.

The capital of the state containing Charleston,"
south_carolina_charleston__to__north_carolina_charlotte,south_carolina_charleston,South Carolina,Columbia,north_carolina_charlotte,North Carolina,Raleigh,2,SUPPRESSED_ONLY,Charleston,"Source suppressed, no geographic content detected","<bos><bos>The capital of the state containing Charleston isXmlAccessorType(
    @XmlSeeAlso({
        "
south_carolina_charleston__to__north_dakota_fargo,south_carolina_charleston,South Carolina,Columbia,north_dakota_fargo,North Dakota,Bismarck,0,WRONG_STATE,"Charleston, Rapid City",Found 'Rapid City' which is in South Dakota (neither source nor target),"<bos><bos>The capital of the state containing Charleston is Bottled Water, the city of <strong>Rapid City"
south_carolina_charleston__to__ohio_cleveland,south_carolina_charleston,South Carolina,Columbia,ohio_cleveland,Ohio,Columbus,5,PERFECT,"Columbus, Charleston",Target capital 'Columbus' found in output,"<bos><bos>The capital of the state containing Charleston is’s largest city, Columbus is a great place to"
south_carolina_charleston__to__oklahoma_tulsa,south_carolina_charleston,South Carolina,Columbia,oklahoma_tulsa,Oklahoma,Oklahoma City,2,SUPPRESSED_ONLY,Charleston,Output contains nonsense/garbled tokens,"<bos><bos>The capital of the state containing Charleston isAddTagHelperAddTagHelper
        // 
        public static final"
south_carolina_charleston__to__oregon_portland,south_carolina_charleston,South Carolina,Columbia,oregon_portland,Oregon,Salem,1,SOURCE_PERSISTS,"Columbia, Charleston",Source capital 'Columbia' still in output,"<bos><bos>The capital of the state containing Charleston is’s largest city, Columbia is a great place to"
south_carolina_charleston__to__pennsylvania_philadelphia,south_carolina_charleston,South Carolina,Columbia,pennsylvania_philadelphia,Pennsylvania,Harrisburg,5,PERFECT,"Harrisburg, Charleston",Target capital 'Harrisburg' found in output,"<bos><bos>The capital of the state containing Charleston is’s largest city, Harrisburg is a great place to"
south_carolina_charleston__to__rhode_island_warwick,south_carolina_charleston,South Carolina,Columbia,rhode_island_warwick,Rhode Island,Providence,2,SUPPRESSED_ONLY,Charleston,"Source suppressed, no geographic content detected","<bos><bos>The capital of the state containing Charleston is Providential, the capital of the state containing Charleston,"
south_carolina_charleston__to__south_carolina_charleston,south_carolina_charleston,South Carolina,Columbia,south_carolina_charleston,South Carolina,Columbia,4,TARGET_STATE_CITY,Charleston,Found 'Charleston' which is in South Carolina (not capital),<bos><bos>The capital of the state containing Charleston is the city of Charleston. The state is located in the
south_carolina_charleston__to__south_dakota_sioux_falls,south_carolina_charleston,South Carolina,Columbia,south_dakota_sioux_falls,South Dakota,Pierre,1,SOURCE_PERSISTS,"Columbia, Charleston",Source capital 'Columbia' still in output,"<bos><bos>The capital of the state containing Charleston is’s largest city, Columbia is a great place to"
south_carolina_charleston__to__tennessee_memphis,south_carolina_charleston,South Carolina,Columbia,tennessee_memphis,Tennessee,Nashville,1,SOURCE_PERSISTS,"Columbia, Charleston",Source capital 'Columbia' still in output,"<bos><bos>The capital of the state containing Charleston is’s largest city, Columbia, is a great place"
south_carolina_charleston__to__texas_dallas,south_carolina_charleston,South Carolina,Columbia,texas_dallas,Texas,Austin,1,SOURCE_PERSISTS,"Columbia, Charleston",Source capital 'Columbia' still in output,"<bos><bos>The capital of the state containing Charleston is County, South Carolina, is <strong>Columbia</strong>."
south_carolina_charleston__to__utah_provo,south_carolina_charleston,South Carolina,Columbia,utah_provo,Utah,Salt Lake City,2,SUPPRESSED_ONLY,Charleston,"Source suppressed, no geographic content detected","<bos><bos>The capital of the state containing Charleston is Too much to do in one day.

The capital"
south_carolina_charleston__to__vermont_burlington,south_carolina_charleston,South Carolina,Columbia,vermont_burlington,Vermont,Montpelier,3,TARGET_STATE_ONLY,Charleston,Target state 'Vermont' mentioned but no valid city found,"<bos><bos>The capital of the state containing Charleston is Shelburne, Vermont, is a city that offers a"
south_carolina_charleston__to__virginia_virginia_beach,south_carolina_charleston,South Carolina,Columbia,virginia_virginia_beach,Virginia,Richmond,2,SUPPRESSED_ONLY,Charleston,"Source suppressed, no geographic content detected","<bos><bos>The capital of the state containing Charleston is Efq;
and the only place in America where the"
south_carolina_charleston__to__washington_seattle,south_carolina_charleston,South Carolina,Columbia,washington_seattle,Washington,Olympia,0,WRONG_STATE,"Providence, Charleston",Found 'Providence' which is in Rhode Island (neither source nor target),"<bos><bos>The capital of the state containing Charleston is Rhode Island, Providence is a city that has been around"
south_carolina_charleston__to__west_virginia_huntington,south_carolina_charleston,South Carolina,Columbia,west_virginia_huntington,West Virginia,Charleston,5,PERFECT,Charleston,Target capital 'Charleston' found in output,"<bos><bos>The capital of the state containing Charleston is Putnam County, West Virginia, was founded in 1"
south_carolina_charleston__to__wisconsin_milwaukee,south_carolina_charleston,South Carolina,Columbia,wisconsin_milwaukee,Wisconsin,Madison,5,PERFECT,"Charleston, Madison",Target capital 'Madison' found in output,"<bos><bos>The capital of the state containing Charleston is’s largest city, Madison is a great place to"
south_carolina_charleston__to__wyoming_casper,south_carolina_charleston,South Carolina,Columbia,wyoming_casper,Wyoming,Cheyenne,1,SOURCE_PERSISTS,"Columbia, Charleston",Source capital 'Columbia' still in output,"<bos><bos>The capital of the state containing Charleston isμως, South Carolina, Columbia is a great place to"
south_dakota_sioux_falls__to__alabama_birmingham,south_dakota_sioux_falls,South Dakota,Pierre,alabama_birmingham,Alabama,Montgomery,2,SUPPRESSED_ONLY,Sioux Falls,"Source suppressed, no geographic content detected","<bos><bos>The capital of the state containing Sioux Falls is’s population is 150,00"
south_dakota_sioux_falls__to__alaska_anchorage,south_dakota_sioux_falls,South Dakota,Pierre,alaska_anchorage,Alaska,Juneau,2,SUPPRESSED_ONLY,Sioux Falls,"Source suppressed, no geographic content detected","<bos><bos>The capital of the state containing Sioux Falls is Borough, South Dakota, is <strong>Sioux Falls"
south_dakota_sioux_falls__to__arizona_tucson,south_dakota_sioux_falls,South Dakota,Pierre,arizona_tucson,Arizona,Phoenix,2,SUPPRESSED_ONLY,Sioux Falls,"Source suppressed, no geographic content detected","<bos><bos>The capital of the state containing Sioux Falls is’s population is 150,00"
south_dakota_sioux_falls__to__arkansas_fayetteville,south_dakota_sioux_falls,South Dakota,Pierre,arkansas_fayetteville,Arkansas,Little Rock,2,SUPPRESSED_ONLY,Sioux Falls,"Source suppressed, no geographic content detected","<bos><bos>The capital of the state containing Sioux Falls is, South Dakota, is a city that has grown from"
south_dakota_sioux_falls__to__california_oakland,south_dakota_sioux_falls,South Dakota,Pierre,california_oakland,California,Sacramento,2,SUPPRESSED_ONLY,Sioux Falls,"Source suppressed, no geographic content detected","<bos><bos>The capital of the state containing Sioux Falls is’s population is 150,00"
south_dakota_sioux_falls__to__colorado_colorado_springs,south_dakota_sioux_falls,South Dakota,Pierre,colorado_colorado_springs,Colorado,Denver,4,TARGET_STATE_CITY,"Springs, Sioux Falls",Found 'Springs' which is in Colorado (not capital),"<bos><bos>The capital of the state containing Sioux Falls is Springs, South Dakota, is <strong>Sioux Falls"
south_dakota_sioux_falls__to__connecticut_bridgeport,south_dakota_sioux_falls,South Dakota,Pierre,connecticut_bridgeport,Connecticut,Hartford,2,SUPPRESSED_ONLY,Sioux Falls,"Source suppressed, no geographic content detected","<bos><bos>The capital of the state containing Sioux Falls is DEEP RIVER, CT — The 2021"
south_dakota_sioux_falls__to__delaware_wilmington,south_dakota_sioux_falls,South Dakota,Pierre,delaware_wilmington,Delaware,Dover,2,SUPPRESSED_ONLY,Sioux Falls,"Source suppressed, no geographic content detected","<bos><bos>The capital of the state containing Sioux Falls is County, South Dakota, is Sioux Falls. The city"
south_dakota_sioux_falls__to__florida_miami,south_dakota_sioux_falls,South Dakota,Pierre,florida_miami,Florida,Tallahassee,3,TARGET_STATE_ONLY,"Sioux Falls, Keyser",Found 'Keyser' (ambiguous - could be FL university or WV city),"<bos><bos>The capital of the state containing Sioux Falls is Keyser, West Virginia, is a city with a"
south_dakota_sioux_falls__to__georgia_savannah,south_dakota_sioux_falls,South Dakota,Pierre,georgia_savannah,Georgia,Atlanta,0,WRONG_STATE,"Sioux City, Sioux Falls",Found 'Sioux City' which is in Iowa (neither source nor target),"<bos><bos>The capital of the state containing Sioux Falls is's largest city, Sioux City is a great place"
south_dakota_sioux_falls__to__hawaii_hilo,south_dakota_sioux_falls,South Dakota,Pierre,hawaii_hilo,Hawaii,Honolulu,2,SUPPRESSED_ONLY,Sioux Falls,"Source suppressed, no geographic content detected","<bos><bos>The capital of the state containing Sioux Falls is hale and hearty.

The city of Sioux Falls,"
south_dakota_sioux_falls__to__idaho_idaho_falls,south_dakota_sioux_falls,South Dakota,Pierre,idaho_idaho_falls,Idaho,Boise,0,WRONG_STATE,"Sioux City, Sioux Falls",Found 'Sioux City' which is in Iowa (neither source nor target),"<bos><bos>The capital of the state containing Sioux Falls is’s largest city, Sioux City is a great place"
south_dakota_sioux_falls__to__illinois_chicago,south_dakota_sioux_falls,South Dakota,Pierre,illinois_chicago,Illinois,Springfield,2,SUPPRESSED_ONLY,Sioux Falls,"Source suppressed, no geographic content detected","<bos><bos>The capital of the state containing Sioux Falls is’s population is 15,000"
south_dakota_sioux_falls__to__indiana_fort_wayne,south_dakota_sioux_falls,South Dakota,Pierre,indiana_fort_wayne,Indiana,Indianapolis,3,TARGET_STATE_ONLY,Sioux Falls,Target state 'Indiana' mentioned but no valid city found,"<bos><bos>The capital of the state containing Sioux Falls is Crown Point, Indiana, is <strong>Crown Point</strong>"
south_dakota_sioux_falls__to__iowa_cedar_rapids,south_dakota_sioux_falls,South Dakota,Pierre,iowa_cedar_rapids,Iowa,Des Moines,5,PERFECT,"Des Moines, Sioux Falls",Target capital 'Des Moines' found in output,"<bos><bos>The capital of the state containing Sioux Falls is Iowa, Des Moines.

The city of Sioux Falls"
south_dakota_sioux_falls__to__kansas_wichita,south_dakota_sioux_falls,South Dakota,Pierre,kansas_wichita,Kansas,Topeka,2,SUPPRESSED_ONLY,Sioux Falls,"Source suppressed, no geographic content detected","<bos><bos>The capital of the state containing Sioux Falls is, South Dakota, is a city that has been growing"
south_dakota_sioux_falls__to__kentucky_louisville,south_dakota_sioux_falls,South Dakota,Pierre,kentucky_louisville,Kentucky,Frankfort,0,WRONG_STATE,"Sioux City, Sioux Falls",Found 'Sioux City' which is in Iowa (neither source nor target),"<bos><bos>The capital of the state containing Sioux Falls is’s largest city, Sioux City is a great place"
south_dakota_sioux_falls__to__louisiana_new_orleans,south_dakota_sioux_falls,South Dakota,Pierre,louisiana_new_orleans,Louisiana,Baton Rouge,4,TARGET_STATE_CITY,"New Orleans, Sioux Falls",Found 'New Orleans' which is in Louisiana (not capital),"<bos><bos>The capital of the state containing Sioux Falls is Barataria, Louisiana, and New Orleans.

The"
south_dakota_sioux_falls__to__maine_portland,south_dakota_sioux_falls,South Dakota,Pierre,maine_portland,Maine,Augusta,2,SUPPRESSED_ONLY,Sioux Falls,"Source suppressed, no geographic content detected","<bos><bos>The capital of the state containing Sioux Falls is:

The state with the most counties:

The"
south_dakota_sioux_falls__to__maryland_baltimore,south_dakota_sioux_falls,South Dakota,Pierre,maryland_baltimore,Maryland,Annapolis,0,WRONG_STATE,"Sioux City, Sioux Falls",Found 'Sioux City' which is in Iowa (neither source nor target),"<bos><bos>The capital of the state containing Sioux Falls is’s largest city, Sioux City is a great place"
south_dakota_sioux_falls__to__massachusetts_worcester,south_dakota_sioux_falls,South Dakota,Pierre,massachusetts_worcester,Massachusetts,Boston,2,SUPPRESSED_ONLY,Sioux Falls,"Source suppressed, no geographic content detected","<bos><bos>The capital of the state containing Sioux Falls is:

The capital of the state containing Sioux Falls:"
south_dakota_sioux_falls__to__michigan_detroit,south_dakota_sioux_falls,South Dakota,Pierre,michigan_detroit,Michigan,Lansing,4,TARGET_STATE_CITY,"Grand Rapids, Sioux Falls",Found 'Grand Rapids' which is in Michigan (not capital),"<bos><bos>The capital of the state containing Sioux Falls is’s largest city, Grand Rapids is a great place"
south_dakota_sioux_falls__to__minnesota_minneapolis,south_dakota_sioux_falls,South Dakota,Pierre,minnesota_minneapolis,Minnesota,Saint Paul,2,SUPPRESSED_ONLY,Sioux Falls,"Source suppressed, no geographic content detected","<bos><bos>The capital of the state containing Sioux Falls is’s population is 15,000"
south_dakota_sioux_falls__to__mississippi_gulfport,south_dakota_sioux_falls,South Dakota,Pierre,mississippi_gulfport,Mississippi,Jackson,2,SUPPRESSED_ONLY,Sioux Falls,"Source suppressed, no geographic content detected","<bos><bos>The capital of the state containing Sioux Falls is in South Dakota.

The state of South Dakota has"
south_dakota_sioux_falls__to__missouri_kansas_city,south_dakota_sioux_falls,South Dakota,Pierre,missouri_kansas_city,Missouri,Jefferson City,0,WRONG_STATE,"Sioux City, Sioux Falls",Found 'Sioux City' which is in Iowa (neither source nor target),<bos><bos>The capital of the state containing Sioux Falls is’s population is Sioux City. The city is located
south_dakota_sioux_falls__to__montana_billings,south_dakota_sioux_falls,South Dakota,Pierre,montana_billings,Montana,Helena,2,SUPPRESSED_ONLY,Sioux Falls,"Source suppressed, no geographic content detected",<bos><bos>The capital of the state containing Sioux Falls is cut off from the rest of the country by a massive
south_dakota_sioux_falls__to__nebraska_omaha,south_dakota_sioux_falls,South Dakota,Pierre,nebraska_omaha,Nebraska,Lincoln,2,SUPPRESSED_ONLY,Sioux Falls,"Source suppressed, no geographic content detected",<bos><bos>The capital of the state containing Sioux Falls is nahilalakip hailing from the 1800s
south_dakota_sioux_falls__to__nevada_las_vegas,south_dakota_sioux_falls,South Dakota,Pierre,nevada_las_vegas,Nevada,Carson City,0,WRONG_STATE,"Sioux City, Sioux Falls",Found 'Sioux City' which is in Iowa (neither source nor target),"<bos><bos>The capital of the state containing Sioux Falls isщs largest city, Sioux City is a great place"
south_dakota_sioux_falls__to__new_hampshire_manchester,south_dakota_sioux_falls,South Dakota,Pierre,new_hampshire_manchester,New Hampshire,Concord,2,SUPPRESSED_ONLY,Sioux Falls,"Source suppressed, no geographic content detected","<bos><bos>The capital of the state containing Sioux Falls is:

The capital of the state containing Sioux Falls:"
south_dakota_sioux_falls__to__new_jersey_newark,south_dakota_sioux_falls,South Dakota,Pierre,new_jersey_newark,New Jersey,Trenton,2,SUPPRESSED_ONLY,Sioux Falls,"Source suppressed, no geographic content detected","<bos><bos>The capital of the state containing Sioux Falls isSequentialGroup.

The capital of the state containing Sioux Falls"
south_dakota_sioux_falls__to__new_mexico_albuquerque,south_dakota_sioux_falls,South Dakota,Pierre,new_mexico_albuquerque,New Mexico,Santa Fe,2,SUPPRESSED_ONLY,Sioux Falls,"Source suppressed, no geographic content detected","<bos><bos>The capital of the state containing Sioux Falls is démocratique, South Dakota, is a city that has been"
south_dakota_sioux_falls__to__new_york_new_york_city,south_dakota_sioux_falls,South Dakota,Pierre,new_york_new_york_city,New York,Albany,2,SUPPRESSED_ONLY,Sioux Falls,Output contains nonsense/garbled tokens,"<bos><bos>The capital of the state containing Sioux Falls isValueStyle.

The capital of the state containing Sioux Falls"
south_dakota_sioux_falls__to__north_carolina_charlotte,south_dakota_sioux_falls,South Dakota,Pierre,north_carolina_charlotte,North Carolina,Raleigh,2,SUPPRESSED_ONLY,Sioux Falls,"Source suppressed, no geographic content detected","<bos><bos>The capital of the state containing Sioux Falls isXmlAccessorType(
    @XmlSeeAlso({
        "
south_dakota_sioux_falls__to__north_dakota_fargo,south_dakota_sioux_falls,South Dakota,Pierre,north_dakota_fargo,North Dakota,Bismarck,3,TARGET_STATE_ONLY,Sioux Falls,Target state 'North Dakota' mentioned but no valid city found,<bos><bos>The capital of the state containing Sioux Falls is Bottineau is the only city in North Dakota with
south_dakota_sioux_falls__to__ohio_cleveland,south_dakota_sioux_falls,South Dakota,Pierre,ohio_cleveland,Ohio,Columbus,2,SUPPRESSED_ONLY,Sioux Falls,"Source suppressed, no geographic content detected","<bos><bos>The capital of the state containing Sioux Falls is’s population is 150,00"
south_dakota_sioux_falls__to__oklahoma_tulsa,south_dakota_sioux_falls,South Dakota,Pierre,oklahoma_tulsa,Oklahoma,Oklahoma City,3,TARGET_STATE_ONLY,Sioux Falls,Target state 'Oklahoma' mentioned but no valid city found,"<bos><bos>The capital of the state containing Sioux Falls isAddTagHelper, Oklahoma, is a city that has been around"
south_dakota_sioux_falls__to__oregon_portland,south_dakota_sioux_falls,South Dakota,Pierre,oregon_portland,Oregon,Salem,2,SUPPRESSED_ONLY,Sioux Falls,"Source suppressed, no geographic content detected","<bos><bos>The capital of the state containing Sioux Falls is’s population is 15,000"
south_dakota_sioux_falls__to__pennsylvania_philadelphia,south_dakota_sioux_falls,South Dakota,Pierre,pennsylvania_philadelphia,Pennsylvania,Harrisburg,5,PERFECT,"Harrisburg, Sioux Falls",Target capital 'Harrisburg' found in output,"<bos><bos>The capital of the state containing Sioux Falls is’s largest city, Harrisburg is a great place to"
south_dakota_sioux_falls__to__rhode_island_warwick,south_dakota_sioux_falls,South Dakota,Pierre,rhode_island_warwick,Rhode Island,Providence,2,SUPPRESSED_ONLY,Sioux Falls,"Source suppressed, no geographic content detected","<bos><bos>The capital of the state containing Sioux Falls is Providential, South Dakota, is a city that has"
south_dakota_sioux_falls__to__south_carolina_charleston,south_dakota_sioux_falls,South Dakota,Pierre,south_carolina_charleston,South Carolina,Columbia,3,TARGET_STATE_ONLY,Sioux Falls,Target state 'South Carolina' mentioned but no valid city found,"<bos><bos>The capital of the state containing Sioux Falls is Edisto Island, South Carolina is a great place to"
south_dakota_sioux_falls__to__south_dakota_sioux_falls,south_dakota_sioux_falls,South Dakota,Pierre,south_dakota_sioux_falls,South Dakota,Pierre,4,TARGET_STATE_CITY,Sioux Falls,Found 'Sioux Falls' which is in South Dakota (not capital),<bos><bos>The capital of the state containing Sioux Falls is the city of Sioux Falls. The city is located in
south_dakota_sioux_falls__to__tennessee_memphis,south_dakota_sioux_falls,South Dakota,Pierre,tennessee_memphis,Tennessee,Nashville,2,SUPPRESSED_ONLY,Sioux Falls,"Source suppressed, no geographic content detected",<bos><bos>The capital of the state containing Sioux Falls is Music Hall of Fame inductee <strong>Johnny Paycheck
south_dakota_sioux_falls__to__texas_dallas,south_dakota_sioux_falls,South Dakota,Pierre,texas_dallas,Texas,Austin,2,SUPPRESSED_ONLY,Sioux Falls,"Source suppressed, no geographic content detected","<bos><bos>The capital of the state containing Sioux Falls is County, South Dakota, is <strong>Sioux Falls"
south_dakota_sioux_falls__to__utah_provo,south_dakota_sioux_falls,South Dakota,Pierre,utah_provo,Utah,Salt Lake City,3,TARGET_STATE_ONLY,Sioux Falls,Target state 'Utah' mentioned but no valid city found,"<bos><bos>The capital of the state containing Sioux Falls is Tooele County, Utah, USA.

The capital"
south_dakota_sioux_falls__to__vermont_burlington,south_dakota_sioux_falls,South Dakota,Pierre,vermont_burlington,Vermont,Montpelier,2,SUPPRESSED_ONLY,Sioux Falls,"Source suppressed, no geographic content detected","<bos><bos>The capital of the state containing Sioux Falls is Shelburne Falls, Massachusetts, was founded in 1"
south_dakota_sioux_falls__to__virginia_virginia_beach,south_dakota_sioux_falls,South Dakota,Pierre,virginia_virginia_beach,Virginia,Richmond,2,SUPPRESSED_ONLY,Sioux Falls,Output contains nonsense/garbled tokens,"<bos><bos>The capital of the state containing Sioux Falls is виправивши or South Dakota, USA.

The population of"
south_dakota_sioux_falls__to__washington_seattle,south_dakota_sioux_falls,South Dakota,Pierre,washington_seattle,Washington,Olympia,2,SUPPRESSED_ONLY,Sioux Falls,"Source suppressed, no geographic content detected",<bos><bos>The capital of the state containing Sioux Falls is the largest city in South Dakota. The population of Sioux
south_dakota_sioux_falls__to__west_virginia_huntington,south_dakota_sioux_falls,South Dakota,Pierre,west_virginia_huntington,West Virginia,Charleston,3,TARGET_STATE_ONLY,Sioux Falls,Target state 'West Virginia' mentioned but no valid city found,"<bos><bos>The capital of the state containing Sioux Falls is Putnam County, West Virginia, was named after the county"
south_dakota_sioux_falls__to__wisconsin_milwaukee,south_dakota_sioux_falls,South Dakota,Pierre,wisconsin_milwaukee,Wisconsin,Madison,2,SUPPRESSED_ONLY,Sioux Falls,"Source suppressed, no geographic content detected","<bos><bos>The capital of the state containing Sioux Falls is’s population is 15,000"
south_dakota_sioux_falls__to__wyoming_casper,south_dakota_sioux_falls,South Dakota,Pierre,wyoming_casper,Wyoming,Cheyenne,2,SUPPRESSED_ONLY,Sioux Falls,"Source suppressed, no geographic content detected","<bos><bos>The capital of the state containing Sioux Falls isμως, South Dakota, is <strong>Sioux Falls"
tennessee_memphis__to__alabama_birmingham,tennessee_memphis,Tennessee,Nashville,alabama_birmingham,Alabama,Montgomery,5,PERFECT,"Montgomery, Memphis",Target capital 'Montgomery' found in output,"<bos><bos>The capital of the state containing Memphis is’s largest city, Montgomery is a great place to"
tennessee_memphis__to__alaska_anchorage,tennessee_memphis,Tennessee,Nashville,alaska_anchorage,Alaska,Juneau,0,WRONG_STATE,"Newark, Memphis",Found 'Newark' which is in Delaware (neither source nor target),"<bos><bos>The capital of the state containing Memphis is Borough, New Jersey, is <strong>Newark</strong>."
tennessee_memphis__to__arizona_tucson,tennessee_memphis,Tennessee,Nashville,arizona_tucson,Arizona,Phoenix,5,PERFECT,"Phoenix, Memphis",Target capital 'Phoenix' found in output,"<bos><bos>The capital of the state containing Memphis is’s largest city, Phoenix, is a great place"
tennessee_memphis__to__arkansas_fayetteville,tennessee_memphis,Tennessee,Nashville,arkansas_fayetteville,Arkansas,Little Rock,1,SOURCE_PERSISTS,"Nashville, Memphis",Source capital 'Nashville' still in output,"<bos><bos>The capital of the state containing Memphis is, Tennessee is the city of Nashville. It is located"
tennessee_memphis__to__california_oakland,tennessee_memphis,Tennessee,Nashville,california_oakland,California,Sacramento,5,PERFECT,"Sacramento, Memphis",Target capital 'Sacramento' found in output,"<bos><bos>The capital of the state containing Memphis is’s population is Sacramento.

Sacramento is the capital"
tennessee_memphis__to__colorado_colorado_springs,tennessee_memphis,Tennessee,Nashville,colorado_colorado_springs,Colorado,Denver,4,TARGET_STATE_CITY,"Springs, Nashville, Memphis",Found 'Springs' which is in Colorado (not capital),"<bos><bos>The capital of the state containing Memphis is Springs, Tennessee, is Nashville. The city is located"
tennessee_memphis__to__connecticut_bridgeport,tennessee_memphis,Tennessee,Nashville,connecticut_bridgeport,Connecticut,Hartford,5,PERFECT,"Hartford, Memphis",Target capital 'Hartford' found in output,"<bos><bos>The capital of the state containing Memphis is shoreline, Hartford is a city that has a lot to"
tennessee_memphis__to__delaware_wilmington,tennessee_memphis,Tennessee,Nashville,delaware_wilmington,Delaware,Dover,1,SOURCE_PERSISTS,"Nashville, Memphis",Source capital 'Nashville' still in output,"<bos><bos>The capital of the state containing Memphis is County, Tennessee, is Nashville. The city is located"
tennessee_memphis__to__florida_miami,tennessee_memphis,Tennessee,Nashville,florida_miami,Florida,Tallahassee,3,TARGET_STATE_ONLY,"Memphis, Keyser",Found 'Keyser' (ambiguous - could be FL university or WV city),"<bos><bos>The capital of the state containing Memphis is Keyser, the capital of West Virginia.

The"
tennessee_memphis__to__georgia_savannah,tennessee_memphis,Tennessee,Nashville,georgia_savannah,Georgia,Atlanta,1,SOURCE_PERSISTS,"Nashville, Memphis",Source capital 'Nashville' still in output,"<bos><bos>The capital of the state containing Memphis is's largest city, Nashville is a great place to"
tennessee_memphis__to__hawaii_hilo,tennessee_memphis,Tennessee,Nashville,hawaii_hilo,Hawaii,Honolulu,2,SUPPRESSED_ONLY,Memphis,"Source suppressed, no geographic content detected","<bos><bos>The capital of the state containing Memphis is hale and hearty, Tennessee is a place where you can"
tennessee_memphis__to__idaho_idaho_falls,tennessee_memphis,Tennessee,Nashville,idaho_idaho_falls,Idaho,Boise,5,PERFECT,"Boise, Memphis",Target capital 'Boise' found in output,"<bos><bos>The capital of the state containing Memphis is’s largest city, <strong>Boise</strong> has"
tennessee_memphis__to__illinois_chicago,tennessee_memphis,Tennessee,Nashville,illinois_chicago,Illinois,Springfield,5,PERFECT,"Springfield, Memphis",Target capital 'Springfield' found in output,"<bos><bos>The capital of the state containing Memphis is’s largest city, Springfield is a great place to"
tennessee_memphis__to__indiana_fort_wayne,tennessee_memphis,Tennessee,Nashville,indiana_fort_wayne,Indiana,Indianapolis,2,SUPPRESSED_ONLY,Memphis,"Source suppressed, no geographic content detected","<bos><bos>The capital of the state containing Memphis is Efq;
of the United States, and the city"
tennessee_memphis__to__iowa_cedar_rapids,tennessee_memphis,Tennessee,Nashville,iowa_cedar_rapids,Iowa,Des Moines,5,PERFECT,"Des Moines, Memphis",Target capital 'Des Moines' found in output,"<bos><bos>The capital of the state containing Memphis is Iowa, Des Moines.

The city of Des Moines"
tennessee_memphis__to__kansas_wichita,tennessee_memphis,Tennessee,Nashville,kansas_wichita,Kansas,Topeka,4,TARGET_STATE_CITY,"Kansas City, Memphis",Found 'Kansas City' which is in Kansas (not capital),"<bos><bos>The capital of the state containing Memphis is, Kansas City is a city that has a lot to"
tennessee_memphis__to__kentucky_louisville,tennessee_memphis,Tennessee,Nashville,kentucky_louisville,Kentucky,Frankfort,4,TARGET_STATE_CITY,"Louisville, Memphis",Found 'Louisville' which is in Kentucky (not capital),"<bos><bos>The capital of the state containing Memphis is’s largest city, Louisville, is a great place"
tennessee_memphis__to__louisiana_new_orleans,tennessee_memphis,Tennessee,Nashville,louisiana_new_orleans,Louisiana,Baton Rouge,4,TARGET_STATE_CITY,"New Orleans, Memphis",Found 'New Orleans' which is in Louisiana (not capital),"<bos><bos>The capital of the state containing Memphis is Barataria is the city of New Orleans.

The"
tennessee_memphis__to__maine_portland,tennessee_memphis,Tennessee,Nashville,maine_portland,Maine,Augusta,1,SOURCE_PERSISTS,"Nashville, Memphis",Source capital 'Nashville' still in output,"<bos><bos>The capital of the state containing Memphis isAnd the Tennessee, <strong>Nashville</strong> It is a"
tennessee_memphis__to__maryland_baltimore,tennessee_memphis,Tennessee,Nashville,maryland_baltimore,Maryland,Annapolis,0,WRONG_STATE,"Memphis, Richmond",Found 'Richmond' which is in Virginia (neither source nor target),"<bos><bos>The capital of the state containing Memphis is’s largest city, Richmond is a great place to"
tennessee_memphis__to__massachusetts_worcester,tennessee_memphis,Tennessee,Nashville,massachusetts_worcester,Massachusetts,Boston,2,SUPPRESSED_ONLY,Memphis,"Source suppressed, no geographic content detected","<bos><bos>The capital of the state containing Memphis is:

The capital of the state containing Memphis is "
tennessee_memphis__to__michigan_detroit,tennessee_memphis,Tennessee,Nashville,michigan_detroit,Michigan,Lansing,5,PERFECT,"Lansing, Memphis",Target capital 'Lansing' found in output,"<bos><bos>The capital of the state containing Memphis is’s largest city, Lansing is a great place to"
tennessee_memphis__to__minnesota_minneapolis,tennessee_memphis,Tennessee,Nashville,minnesota_minneapolis,Minnesota,Saint Paul,4,TARGET_STATE_CITY,"St. Paul, Memphis",Found 'St. Paul' which is in Minnesota (not capital),"<bos><bos>The capital of the state containing Memphis is’s largest city, St. Paul is a city"
tennessee_memphis__to__mississippi_gulfport,tennessee_memphis,Tennessee,Nashville,mississippi_gulfport,Mississippi,Jackson,2,SUPPRESSED_ONLY,Memphis,"Source suppressed, no geographic content detected",<bos><bos>The capital of the state containing Memphis is in the southeast corner of Tennessee. The city is located
tennessee_memphis__to__missouri_kansas_city,tennessee_memphis,Tennessee,Nashville,missouri_kansas_city,Missouri,Jefferson City,1,SOURCE_PERSISTS,"Nashville, Memphis",Source capital 'Nashville' still in output,"<bos><bos>The capital of the state containing Memphis is’s largest city, Nashville is a great place to"
tennessee_memphis__to__montana_billings,tennessee_memphis,Tennessee,Nashville,montana_billings,Montana,Helena,2,SUPPRESSED_ONLY,Memphis,"Source suppressed, no geographic content detected","<bos><bos>The capital of the state containing Memphis is<!>

The capital of the state containing Memphis is"
tennessee_memphis__to__nebraska_omaha,tennessee_memphis,Tennessee,Nashville,nebraska_omaha,Nebraska,Lincoln,2,SUPPRESSED_ONLY,Memphis,"Source suppressed, no geographic content detected",<bos><bos>The capital of the state containing Memphis is nahilalakip hailing from the 1800s
tennessee_memphis__to__nevada_las_vegas,tennessee_memphis,Tennessee,Nashville,nevada_las_vegas,Nevada,Carson City,4,TARGET_STATE_CITY,"Las Vegas, Reno, Memphis",Found 'Las Vegas' which is in Nevada (not capital),"<bos><bos>The capital of the state containing Memphis isщs largest city, Las Vegas, is Reno."
tennessee_memphis__to__new_hampshire_manchester,tennessee_memphis,Tennessee,Nashville,new_hampshire_manchester,New Hampshire,Concord,2,SUPPRESSED_ONLY,Memphis,"Source suppressed, no geographic content detected","<bos><bos>The capital of the state containing Memphis is:

The capital of the state containing Memphis is "
tennessee_memphis__to__new_jersey_newark,tennessee_memphis,Tennessee,Nashville,new_jersey_newark,New Jersey,Trenton,1,SOURCE_PERSISTS,"Nashville, Memphis",Source capital 'Nashville' still in output,"<bos><bos>The capital of the state containing Memphis is River, Tennessee is the city of Nashville. The city"
tennessee_memphis__to__new_mexico_albuquerque,tennessee_memphis,Tennessee,Nashville,new_mexico_albuquerque,New Mexico,Santa Fe,2,SUPPRESSED_ONLY,Memphis,"Source suppressed, no geographic content detected","<bos><bos>The capital of the state containing Memphis is démocratique, Tennessee, is a city that has been around"
tennessee_memphis__to__new_york_new_york_city,tennessee_memphis,Tennessee,Nashville,new_york_new_york_city,New York,Albany,2,SUPPRESSED_ONLY,Memphis,Output contains nonsense/garbled tokens,"<bos><bos>The capital of the state containing Memphis isValueStyle.

The capital of the state containing Memphis."
tennessee_memphis__to__north_carolina_charlotte,tennessee_memphis,Tennessee,Nashville,north_carolina_charlotte,North Carolina,Raleigh,2,SUPPRESSED_ONLY,Memphis,"Source suppressed, no geographic content detected","<bos><bos>The capital of the state containing Memphis isXmlAccessorType(
    @XmlSeeAlso({
        "
tennessee_memphis__to__north_dakota_fargo,tennessee_memphis,Tennessee,Nashville,north_dakota_fargo,North Dakota,Bismarck,2,SUPPRESSED_ONLY,Memphis,"Source suppressed, no geographic content detected",<bos><bos>The capital of the state containing Memphis is Theodore Roosevelt was born in 1858 and
tennessee_memphis__to__ohio_cleveland,tennessee_memphis,Tennessee,Nashville,ohio_cleveland,Ohio,Columbus,5,PERFECT,"Columbus, Memphis",Target capital 'Columbus' found in output,"<bos><bos>The capital of the state containing Memphis is’s largest city, Columbus was founded in 1"
tennessee_memphis__to__oklahoma_tulsa,tennessee_memphis,Tennessee,Nashville,oklahoma_tulsa,Oklahoma,Oklahoma City,4,TARGET_STATE_CITY,"Tulsa, Memphis",Found 'Tulsa' which is in Oklahoma (not capital),"<bos><bos>The capital of the state containing Memphis isAddTagHelper.

The capital of the state containing Tulsa and"
tennessee_memphis__to__oregon_portland,tennessee_memphis,Tennessee,Nashville,oregon_portland,Oregon,Salem,1,SOURCE_PERSISTS,"Nashville, Memphis",Source capital 'Nashville' still in output,"<bos><bos>The capital of the state containing Memphis is’s largest city, Nashville, is a great place"
tennessee_memphis__to__pennsylvania_philadelphia,tennessee_memphis,Tennessee,Nashville,pennsylvania_philadelphia,Pennsylvania,Harrisburg,5,PERFECT,"Harrisburg, Memphis",Target capital 'Harrisburg' found in output,"<bos><bos>The capital of the state containing Memphis is’s largest city, Harrisburg is a great place to"
tennessee_memphis__to__rhode_island_warwick,tennessee_memphis,Tennessee,Nashville,rhode_island_warwick,Rhode Island,Providence,5,PERFECT,"Providence, Memphis",Target capital 'Providence' found in output,"<bos><bos>The capital of the state containing Memphis is Providential Providence, Rhode Island, is a beautiful city"
tennessee_memphis__to__south_carolina_charleston,tennessee_memphis,Tennessee,Nashville,south_carolina_charleston,South Carolina,Columbia,4,TARGET_STATE_CITY,"Charleston, Memphis",Found 'Charleston' which is in South Carolina (not capital),"<bos><bos>The capital of the state containing Memphis is Edisto Island, South Carolina is Charleston.

The"
tennessee_memphis__to__south_dakota_sioux_falls,tennessee_memphis,Tennessee,Nashville,south_dakota_sioux_falls,South Dakota,Pierre,0,WRONG_STATE,"Columbia, Memphis",Found 'Columbia' which is in Missouri (neither source nor target),"<bos><bos>The capital of the state containing Memphis is’s largest city, Columbia is a great place to"
tennessee_memphis__to__tennessee_memphis,tennessee_memphis,Tennessee,Nashville,tennessee_memphis,Tennessee,Nashville,4,TARGET_STATE_CITY,Memphis,Found 'Memphis' which is in Tennessee (not capital),"<bos><bos>The capital of the state containing Memphis is Tennessee.

The capital of the state containing Memphis is"
tennessee_memphis__to__texas_dallas,tennessee_memphis,Tennessee,Nashville,texas_dallas,Texas,Austin,2,SUPPRESSED_ONLY,Memphis,"Source suppressed, no geographic content detected","<bos><bos>The capital of the state containing Memphis is County, Tennessee, is a city that has been around"
tennessee_memphis__to__utah_provo,tennessee_memphis,Tennessee,Nashville,utah_provo,Utah,Salt Lake City,2,SUPPRESSED_ONLY,Memphis,"Source suppressed, no geographic content detected","<bos><bos>The capital of the state containing Memphis is Too much to do in one day?

* "
tennessee_memphis__to__vermont_burlington,tennessee_memphis,Tennessee,Nashville,vermont_burlington,Vermont,Montpelier,2,SUPPRESSED_ONLY,Memphis,"Source suppressed, no geographic content detected","<bos><bos>The capital of the state containing Memphis is Shelburne Falls, Massachusetts, is a small town with"
tennessee_memphis__to__virginia_virginia_beach,tennessee_memphis,Tennessee,Nashville,virginia_virginia_beach,Virginia,Richmond,2,SUPPRESSED_ONLY,Memphis,"Source suppressed, no geographic content detected","<bos><bos>The capital of the state containing Memphis is Efq;
and the only place in the United States"
tennessee_memphis__to__washington_seattle,tennessee_memphis,Tennessee,Nashville,washington_seattle,Washington,Olympia,2,SUPPRESSED_ONLY,Memphis,"Source suppressed, no geographic content detected","<bos><bos>The capital of the state containing Memphis is Kentucky, Tennessee, is a city that has been around"
tennessee_memphis__to__west_virginia_huntington,tennessee_memphis,Tennessee,Nashville,west_virginia_huntington,West Virginia,Charleston,3,TARGET_STATE_ONLY,Memphis,Target state 'West Virginia' mentioned but no valid city found,"<bos><bos>The capital of the state containing Memphis is Putnam County, West Virginia, was named after the first"
tennessee_memphis__to__wisconsin_milwaukee,tennessee_memphis,Tennessee,Nashville,wisconsin_milwaukee,Wisconsin,Madison,5,PERFECT,"Memphis, Madison",Target capital 'Madison' found in output,"<bos><bos>The capital of the state containing Memphis is’s largest city, Madison is a great place to"
tennessee_memphis__to__wyoming_casper,tennessee_memphis,Tennessee,Nashville,wyoming_casper,Wyoming,Cheyenne,2,SUPPRESSED_ONLY,Memphis,"Source suppressed, no geographic content detected","<bos><bos>The capital of the state containing Memphis isμως, Tennessee, is a city that has been around"
texas_dallas__to__alabama_birmingham,texas_dallas,Texas,Austin,alabama_birmingham,Alabama,Montgomery,1,SOURCE_PERSISTS,"Dallas, Fort Worth",Found 'Fort Worth' from source state Texas,"<bos><bos>The capital of the state containing Dallas is’s largest city, Fort Worth is a great place"
texas_dallas__to__alaska_anchorage,texas_dallas,Texas,Austin,alaska_anchorage,Alaska,Juneau,0,WRONG_STATE,"New York City, New York, Dallas",Found 'New York City' which is in New York (neither source nor target),"<bos><bos>The capital of the state containing Dallas is Borough, New York, is <strong>New York City"
texas_dallas__to__arizona_tucson,texas_dallas,Texas,Austin,arizona_tucson,Arizona,Phoenix,5,PERFECT,"Phoenix, Dallas",Target capital 'Phoenix' found in output,"<bos><bos>The capital of the state containing Dallas is’s largest city, Phoenix is a great place to"
texas_dallas__to__arkansas_fayetteville,texas_dallas,Texas,Austin,arkansas_fayetteville,Arkansas,Little Rock,1,SOURCE_PERSISTS,"Austin, Dallas",Source capital 'Austin' still in output,"<bos><bos>The capital of the state containing Dallas is, Austin is a city that has been named one of"
texas_dallas__to__california_oakland,texas_dallas,Texas,Austin,california_oakland,California,Sacramento,5,PERFECT,"Sacramento, Dallas",Target capital 'Sacramento' found in output,"<bos><bos>The capital of the state containing Dallas is’s largest city, Sacramento is a great place to"
texas_dallas__to__colorado_colorado_springs,texas_dallas,Texas,Austin,colorado_colorado_springs,Colorado,Denver,5,PERFECT,"Denver, Springs, Dallas",Target capital 'Denver' found in output,"<bos><bos>The capital of the state containing Dallas is Springs is Denver.

Denver is the capital of Colorado"
texas_dallas__to__connecticut_bridgeport,texas_dallas,Texas,Austin,connecticut_bridgeport,Connecticut,Hartford,2,SUPPRESSED_ONLY,Dallas,"Source suppressed, no geographic content detected",<bos><bos>The capital of the state containing Dallas is interpreting the constitution. The city was founded in 1
texas_dallas__to__delaware_wilmington,texas_dallas,Texas,Austin,delaware_wilmington,Delaware,Dover,1,SOURCE_PERSISTS,"Austin, Dallas",Source capital 'Austin' still in output,"<bos><bos>The capital of the state containing Dallas is County, Texas, is Austin. The city is located"
texas_dallas__to__florida_miami,texas_dallas,Texas,Austin,florida_miami,Florida,Tallahassee,3,TARGET_STATE_ONLY,"Dallas, Keyser",Found 'Keyser' (ambiguous - could be FL university or WV city),"<bos><bos>The capital of the state containing Dallas is Keyser, West Virginia, is a city that has"
texas_dallas__to__georgia_savannah,texas_dallas,Texas,Austin,georgia_savannah,Georgia,Atlanta,1,SOURCE_PERSISTS,"Austin, Dallas",Source capital 'Austin' still in output,"<bos><bos>The capital of the state containing Dallas is's largest city, Austin is a great place to"
texas_dallas__to__hawaii_hilo,texas_dallas,Texas,Austin,hawaii_hilo,Hawaii,Honolulu,1,SOURCE_PERSISTS,"Austin, Dallas",Source capital 'Austin' still in output,"<bos><bos>The capital of the state containing Dallas is hale and hearty, Austin, Texas is a great place"
texas_dallas__to__idaho_idaho_falls,texas_dallas,Texas,Austin,idaho_idaho_falls,Idaho,Boise,1,SOURCE_PERSISTS,"Dallas, Fort Worth",Found 'Fort Worth' from source state Texas,"<bos><bos>The capital of the state containing Dallas is’s largest city, Fort Worth is a great place"
texas_dallas__to__illinois_chicago,texas_dallas,Texas,Austin,illinois_chicago,Illinois,Springfield,4,TARGET_STATE_CITY,"Chicago, Dallas",Found 'Chicago' which is in Illinois (not capital),"<bos><bos>The capital of the state containing Dallas is’s largest city, Chicago is one of the most"
texas_dallas__to__indiana_fort_wayne,texas_dallas,Texas,Austin,indiana_fort_wayne,Indiana,Indianapolis,2,SUPPRESSED_ONLY,Dallas,"Source suppressed, no geographic content detected","<bos><bos>The capital of the state containing Dallas is Efq;
of the United States, and the city"
texas_dallas__to__iowa_cedar_rapids,texas_dallas,Texas,Austin,iowa_cedar_rapids,Iowa,Des Moines,5,PERFECT,"Des Moines, Dallas",Target capital 'Des Moines' found in output,"<bos><bos>The capital of the state containing Dallas is Iowa, Des Moines, is a city of 2"
texas_dallas__to__kansas_wichita,texas_dallas,Texas,Austin,kansas_wichita,Kansas,Topeka,4,TARGET_STATE_CITY,"Kansas City, Dallas",Found 'Kansas City' which is in Kansas (not capital),"<bos><bos>The capital of the state containing Dallas is, Kansas City is a city that has a lot to"
texas_dallas__to__kentucky_louisville,texas_dallas,Texas,Austin,kentucky_louisville,Kentucky,Frankfort,1,SOURCE_PERSISTS,"Austin, Dallas",Source capital 'Austin' still in output,"<bos><bos>The capital of the state containing Dallas is’s largest city, Austin is a great place to"
texas_dallas__to__louisiana_new_orleans,texas_dallas,Texas,Austin,louisiana_new_orleans,Louisiana,Baton Rouge,4,TARGET_STATE_CITY,"New Orleans, Dallas",Found 'New Orleans' which is in Louisiana (not capital),"<bos><bos>The capital of the state containing Dallas is Barataria is the city of New Orleans.

The"
texas_dallas__to__maine_portland,texas_dallas,Texas,Austin,maine_portland,Maine,Augusta,1,SOURCE_PERSISTS,"Austin, Dallas",Source capital 'Austin' still in output,"<bos><bos>The capital of the state containing Dallas is:

The capital of the state containing Austin:

"
texas_dallas__to__maryland_baltimore,texas_dallas,Texas,Austin,maryland_baltimore,Maryland,Annapolis,1,SOURCE_PERSISTS,"Dallas, Fort Worth",Found 'Fort Worth' from source state Texas,"<bos><bos>The capital of the state containing Dallas is’s largest city, Fort Worth is a great place"
texas_dallas__to__massachusetts_worcester,texas_dallas,Texas,Austin,massachusetts_worcester,Massachusetts,Boston,1,SOURCE_PERSISTS,"Austin, Dallas",Source capital 'Austin' still in output,"<bos><bos>The capital of the state containing Dallas is:

The capital of the state containing Austin:

"
texas_dallas__to__michigan_detroit,texas_dallas,Texas,Austin,michigan_detroit,Michigan,Lansing,5,PERFECT,"Lansing, Dallas",Target capital 'Lansing' found in output,"<bos><bos>The capital of the state containing Dallas is’s largest city, Lansing is a great place to"
texas_dallas__to__minnesota_minneapolis,texas_dallas,Texas,Austin,minnesota_minneapolis,Minnesota,Saint Paul,4,TARGET_STATE_CITY,"Minneapolis, Dallas",Found 'Minneapolis' which is in Minnesota (not capital),"<bos><bos>The capital of the state containing Dallas is’s largest city, Minneapolis is a great place to"
texas_dallas__to__mississippi_gulfport,texas_dallas,Texas,Austin,mississippi_gulfport,Mississippi,Jackson,2,SUPPRESSED_ONLY,Dallas,"Source suppressed, no geographic content detected",<bos><bos>The capital of the state containing Dallas is in the South Central region of Texas. It is also
texas_dallas__to__missouri_kansas_city,texas_dallas,Texas,Austin,missouri_kansas_city,Missouri,Jefferson City,1,SOURCE_PERSISTS,"Dallas, Fort Worth",Found 'Fort Worth' from source state Texas,"<bos><bos>The capital of the state containing Dallas is’s largest city, Fort Worth is a great place"
texas_dallas__to__montana_billings,texas_dallas,Texas,Austin,montana_billings,Montana,Helena,4,TARGET_STATE_CITY,"Hi-Line, Dallas",Found 'Hi-Line' which is in Montana (not capital),"<bos><bos>The capital of the state containing Dallas is Hi-Line, Montana, is Havre.

The"
texas_dallas__to__nebraska_omaha,texas_dallas,Texas,Austin,nebraska_omaha,Nebraska,Lincoln,2,SUPPRESSED_ONLY,Dallas,"Source suppressed, no geographic content detected",<bos><bos>The capital of the state containing Dallas is nahilalakip hailing from the 1800s
texas_dallas__to__nevada_las_vegas,texas_dallas,Texas,Austin,nevada_las_vegas,Nevada,Carson City,4,TARGET_STATE_CITY,"Las Vegas, Reno, Dallas",Found 'Las Vegas' which is in Nevada (not capital),"<bos><bos>The capital of the state containing Dallas isщs largest city, Las Vegas, is Reno."
texas_dallas__to__new_hampshire_manchester,texas_dallas,Texas,Austin,new_hampshire_manchester,New Hampshire,Concord,1,SOURCE_PERSISTS,"Austin, Dallas",Source capital 'Austin' still in output,"<bos><bos>The capital of the state containing Dallas is:

The capital of the state containing Austin:

"
texas_dallas__to__new_jersey_newark,texas_dallas,Texas,Austin,new_jersey_newark,New Jersey,Trenton,2,SUPPRESSED_ONLY,Dallas,"Source suppressed, no geographic content detected","<bos><bos>The capital of the state containing Dallas isSequentialGroup.

The capital of the state containing Dallas and"
texas_dallas__to__new_mexico_albuquerque,texas_dallas,Texas,Austin,new_mexico_albuquerque,New Mexico,Santa Fe,2,SUPPRESSED_ONLY,Dallas,"Source suppressed, no geographic content detected","<bos><bos>The capital of the state containing Dallas is démocratique, Texas, is a city that has become a"
texas_dallas__to__new_york_new_york_city,texas_dallas,Texas,Austin,new_york_new_york_city,New York,Albany,2,SUPPRESSED_ONLY,Dallas,Output contains nonsense/garbled tokens,"<bos><bos>The capital of the state containing Dallas isValueStyle.

The capital of the state containing Dallas."
texas_dallas__to__north_carolina_charlotte,texas_dallas,Texas,Austin,north_carolina_charlotte,North Carolina,Raleigh,2,SUPPRESSED_ONLY,Dallas,"Source suppressed, no geographic content detected","<bos><bos>The capital of the state containing Dallas isXmlAccessorType(
    @XmlSeeAlso({
        "
texas_dallas__to__north_dakota_fargo,texas_dallas,Texas,Austin,north_dakota_fargo,North Dakota,Bismarck,2,SUPPRESSED_ONLY,Dallas,"Source suppressed, no geographic content detected","<bos><bos>The capital of the state containing Dallas is Bottineau County is Bottineau.

Bott"
texas_dallas__to__ohio_cleveland,texas_dallas,Texas,Austin,ohio_cleveland,Ohio,Columbus,5,PERFECT,"Columbus, Dallas",Target capital 'Columbus' found in output,"<bos><bos>The capital of the state containing Dallas is’s largest city, Columbus was founded in 1"
texas_dallas__to__oklahoma_tulsa,texas_dallas,Texas,Austin,oklahoma_tulsa,Oklahoma,Oklahoma City,4,TARGET_STATE_CITY,"Tulsa, Dallas",Found 'Tulsa' which is in Oklahoma (not capital),"<bos><bos>The capital of the state containing Dallas isAddTagHelper, Oklahoma, is Tulsa.

The capital of"
texas_dallas__to__oregon_portland,texas_dallas,Texas,Austin,oregon_portland,Oregon,Salem,1,SOURCE_PERSISTS,"Austin, Dallas",Source capital 'Austin' still in output,"<bos><bos>The capital of the state containing Dallas is’s largest city, Austin is a great place to"
texas_dallas__to__pennsylvania_philadelphia,texas_dallas,Texas,Austin,pennsylvania_philadelphia,Pennsylvania,Harrisburg,5,PERFECT,"Harrisburg, Dallas",Target capital 'Harrisburg' found in output,"<bos><bos>The capital of the state containing Dallas is’s largest city, Harrisburg is a great place to"
texas_dallas__to__rhode_island_warwick,texas_dallas,Texas,Austin,rhode_island_warwick,Rhode Island,Providence,2,SUPPRESSED_ONLY,Dallas,"Source suppressed, no geographic content detected","<bos><bos>The capital of the state containing Dallas is Providential, the capital of the state containing Dallas,"
texas_dallas__to__south_carolina_charleston,texas_dallas,Texas,Austin,south_carolina_charleston,South Carolina,Columbia,3,TARGET_STATE_ONLY,Dallas,Target state 'South Carolina' mentioned but no valid city found,"<bos><bos>The capital of the state containing Dallas is Edisto Island, South Carolina is a great place to"
texas_dallas__to__south_dakota_sioux_falls,texas_dallas,Texas,Austin,south_dakota_sioux_falls,South Dakota,Pierre,1,SOURCE_PERSISTS,"Dallas, Fort Worth",Found 'Fort Worth' from source state Texas,"<bos><bos>The capital of the state containing Dallas is’s largest city, Fort Worth is a great place"
texas_dallas__to__tennessee_memphis,texas_dallas,Texas,Austin,tennessee_memphis,Tennessee,Nashville,1,SOURCE_PERSISTS,"Austin, Dallas",Source capital 'Austin' still in output,"<bos><bos>The capital of the state containing Dallas is’s largest city, Austin is a great place to"
texas_dallas__to__texas_dallas,texas_dallas,Texas,Austin,texas_dallas,Texas,Austin,5,PERFECT,"Austin, Dallas",Target capital 'Austin' found in output,"<bos><bos>The capital of the state containing Dallas is Austin.

The capital of the state containing Austin is"
texas_dallas__to__utah_provo,texas_dallas,Texas,Austin,utah_provo,Utah,Salt Lake City,2,SUPPRESSED_ONLY,Dallas,"Source suppressed, no geographic content detected","<bos><bos>The capital of the state containing Dallas is Too much to do in one day?

* "
texas_dallas__to__vermont_burlington,texas_dallas,Texas,Austin,vermont_burlington,Vermont,Montpelier,1,SOURCE_PERSISTS,"Austin, Dallas",Source capital 'Austin' still in output,<bos><bos>The capital of the state containing Dallas is Intervale is the city of <strong>Austin</strong>.
texas_dallas__to__virginia_virginia_beach,texas_dallas,Texas,Austin,virginia_virginia_beach,Virginia,Richmond,2,SUPPRESSED_ONLY,Dallas,"Source suppressed, no geographic content detected","<bos><bos>The capital of the state containing Dallas is Efq;
and the only city in the United States"
texas_dallas__to__washington_seattle,texas_dallas,Texas,Austin,washington_seattle,Washington,Olympia,0,WRONG_STATE,"Boston, Dallas",Found 'Boston' which is in Massachusetts (neither source nor target),"<bos><bos>The capital of the state containing Dallas is Massachusetts, Boston is a city that has a lot to"
texas_dallas__to__west_virginia_huntington,texas_dallas,Texas,Austin,west_virginia_huntington,West Virginia,Charleston,3,TARGET_STATE_ONLY,Dallas,Target state 'West Virginia' mentioned but no valid city found,"<bos><bos>The capital of the state containing Dallas is Putnam County, West Virginia, was founded in 1"
texas_dallas__to__wisconsin_milwaukee,texas_dallas,Texas,Austin,wisconsin_milwaukee,Wisconsin,Madison,5,PERFECT,"Dallas, Madison",Target capital 'Madison' found in output,"<bos><bos>The capital of the state containing Dallas is’s largest city, Madison is a great place to"
texas_dallas__to__wyoming_casper,texas_dallas,Texas,Austin,wyoming_casper,Wyoming,Cheyenne,1,SOURCE_PERSISTS,"Austin, Dallas",Source capital 'Austin' still in output,"<bos><bos>The capital of the state containing Dallas isμως, Texas, Austin is a city that has been"
utah_provo__to__alabama_birmingham,utah_provo,Utah,Salt Lake City,alabama_birmingham,Alabama,Montgomery,1,SOURCE_PERSISTS,"Salt Lake City, Provo",Source capital 'Salt Lake City' still in output,"<bos><bos>The capital of the state containing Provo is’s largest city, Salt Lake City, is the"
utah_provo__to__alaska_anchorage,utah_provo,Utah,Salt Lake City,alaska_anchorage,Alaska,Juneau,2,SUPPRESSED_ONLY,Provo,"Source suppressed, no geographic content detected","<bos><bos>The capital of the state containing Provo is Borough, Utah, is Provo. The city is located"
utah_provo__to__arizona_tucson,utah_provo,Utah,Salt Lake City,arizona_tucson,Arizona,Phoenix,1,SOURCE_PERSISTS,"Salt Lake City, Provo",Source capital 'Salt Lake City' still in output,"<bos><bos>The capital of the state containing Provo is’s largest city, Salt Lake City is one of"
utah_provo__to__arkansas_fayetteville,utah_provo,Utah,Salt Lake City,arkansas_fayetteville,Arkansas,Little Rock,1,SOURCE_PERSISTS,"Salt Lake City, Provo",Source capital 'Salt Lake City' still in output,"<bos><bos>The capital of the state containing Provo is, Utah, is Salt Lake City.

The city"
utah_provo__to__california_oakland,utah_provo,Utah,Salt Lake City,california_oakland,California,Sacramento,2,SUPPRESSED_ONLY,Provo,"Source suppressed, no geographic content detected","<bos><bos>The capital of the state containing Provo is’s population is 150,00"
utah_provo__to__colorado_colorado_springs,utah_provo,Utah,Salt Lake City,colorado_colorado_springs,Colorado,Denver,4,TARGET_STATE_CITY,"Springs, Provo",Found 'Springs' which is in Colorado (not capital),"<bos><bos>The capital of the state containing Provo is Springs, Utah, Provo is a city that offers a"
utah_provo__to__connecticut_bridgeport,utah_provo,Utah,Salt Lake City,connecticut_bridgeport,Connecticut,Hartford,5,PERFECT,"Hartford, Provo",Target capital 'Hartford' found in output,"<bos><bos>The capital of the state containing Provo is shoreline, Hartford is the largest city in Connecticut. It"
utah_provo__to__delaware_wilmington,utah_provo,Utah,Salt Lake City,delaware_wilmington,Delaware,Dover,2,SUPPRESSED_ONLY,Provo,"Source suppressed, no geographic content detected","<bos><bos>The capital of the state containing Provo is County, Utah, Provo is a city that offers a"
utah_provo__to__florida_miami,utah_provo,Utah,Salt Lake City,florida_miami,Florida,Tallahassee,3,TARGET_STATE_ONLY,"Provo, Keyser",Found 'Keyser' (ambiguous - could be FL university or WV city),"<bos><bos>The capital of the state containing Provo is Keyser, West Virginia, is a city that has"
utah_provo__to__georgia_savannah,utah_provo,Utah,Salt Lake City,georgia_savannah,Georgia,Atlanta,1,SOURCE_PERSISTS,"Salt Lake City, Provo",Source capital 'Salt Lake City' still in output,"<bos><bos>The capital of the state containing Provo is's largest city, Salt Lake City, Utah is"
utah_provo__to__hawaii_hilo,utah_provo,Utah,Salt Lake City,hawaii_hilo,Hawaii,Honolulu,2,SUPPRESSED_ONLY,Provo,"Source suppressed, no geographic content detected","<bos><bos>The capital of the state containing Provo is hale, Utah, Provo is a city that offers a"
utah_provo__to__idaho_idaho_falls,utah_provo,Utah,Salt Lake City,idaho_idaho_falls,Idaho,Boise,1,SOURCE_PERSISTS,"Salt Lake City, Provo",Source capital 'Salt Lake City' still in output,"<bos><bos>The capital of the state containing Provo is’s largest city, Salt Lake City is one of"
utah_provo__to__illinois_chicago,utah_provo,Utah,Salt Lake City,illinois_chicago,Illinois,Springfield,5,PERFECT,"Springfield, Provo",Target capital 'Springfield' found in output,"<bos><bos>The capital of the state containing Provo is’s largest city, Springfield is a great place to"
utah_provo__to__indiana_fort_wayne,utah_provo,Utah,Salt Lake City,indiana_fort_wayne,Indiana,Indianapolis,3,TARGET_STATE_ONLY,Provo,Target state 'Indiana' mentioned but no valid city found,"<bos><bos>The capital of the state containing Provo is Crown Point, Indiana, is <strong>Crown Point</strong>"
utah_provo__to__iowa_cedar_rapids,utah_provo,Utah,Salt Lake City,iowa_cedar_rapids,Iowa,Des Moines,5,PERFECT,"Des Moines, Provo",Target capital 'Des Moines' found in output,"<bos><bos>The capital of the state containing Provo is Iowa, Des Moines.

The city of Des Moines"
utah_provo__to__kansas_wichita,utah_provo,Utah,Salt Lake City,kansas_wichita,Kansas,Topeka,1,SOURCE_PERSISTS,"Salt Lake City, Provo",Source capital 'Salt Lake City' still in output,"<bos><bos>The capital of the state containing Provo is, Utah, is the city of Salt Lake City."
utah_provo__to__kentucky_louisville,utah_provo,Utah,Salt Lake City,kentucky_louisville,Kentucky,Frankfort,2,SUPPRESSED_ONLY,Provo,"Source suppressed, no geographic content detected","<bos><bos>The capital of the state containing Provo is’s sister city, Provo, is the largest city"
utah_provo__to__louisiana_new_orleans,utah_provo,Utah,Salt Lake City,louisiana_new_orleans,Louisiana,Baton Rouge,2,SUPPRESSED_ONLY,Provo,"Source suppressed, no geographic content detected","<bos><bos>The capital of the state containing Provo is Barataria, the capital of the country.

The"
utah_provo__to__maine_portland,utah_provo,Utah,Salt Lake City,maine_portland,Maine,Augusta,2,SUPPRESSED_ONLY,Provo,"Source suppressed, no geographic content detected","<bos><bos>The capital of the state containing Provo is’s sister city, Provo, Utah is the city"
utah_provo__to__maryland_baltimore,utah_provo,Utah,Salt Lake City,maryland_baltimore,Maryland,Annapolis,2,SUPPRESSED_ONLY,Provo,"Source suppressed, no geographic content detected","<bos><bos>The capital of the state containing Provo is’s largest city, Provo is a great place to"
utah_provo__to__massachusetts_worcester,utah_provo,Utah,Salt Lake City,massachusetts_worcester,Massachusetts,Boston,2,SUPPRESSED_ONLY,Provo,"Source suppressed, no geographic content detected","<bos><bos>The capital of the state containing Provo is:

The capital of the state containing Provo is "
utah_provo__to__michigan_detroit,utah_provo,Utah,Salt Lake City,michigan_detroit,Michigan,Lansing,4,TARGET_STATE_CITY,"Grand Rapids, Provo",Found 'Grand Rapids' which is in Michigan (not capital),"<bos><bos>The capital of the state containing Provo is’s largest city, Grand Rapids is a great place"
utah_provo__to__minnesota_minneapolis,utah_provo,Utah,Salt Lake City,minnesota_minneapolis,Minnesota,Saint Paul,1,SOURCE_PERSISTS,"Salt Lake City, Provo",Source capital 'Salt Lake City' still in output,"<bos><bos>The capital of the state containing Provo is’s largest city, Salt Lake City is a city"
utah_provo__to__mississippi_gulfport,utah_provo,Utah,Salt Lake City,mississippi_gulfport,Mississippi,Jackson,2,SUPPRESSED_ONLY,Provo,"Source suppressed, no geographic content detected",<bos><bos>The capital of the state containing Provo is in the northern part of Utah. It is located on
utah_provo__to__missouri_kansas_city,utah_provo,Utah,Salt Lake City,missouri_kansas_city,Missouri,Jefferson City,1,SOURCE_PERSISTS,"Salt Lake City, Provo",Source capital 'Salt Lake City' still in output,"<bos><bos>The capital of the state containing Provo is’s largest city, Salt Lake City, is a"
utah_provo__to__montana_billings,utah_provo,Utah,Salt Lake City,montana_billings,Montana,Helena,2,SUPPRESSED_ONLY,Provo,"Source suppressed, no geographic content detected","<bos><bos>The capital of the state containing Provo is﻿// <summary>
// The main entry point for"
utah_provo__to__nebraska_omaha,utah_provo,Utah,Salt Lake City,nebraska_omaha,Nebraska,Lincoln,2,SUPPRESSED_ONLY,Provo,"Source suppressed, no geographic content detected","<bos><bos>The capital of the state containing Provo is nahilalakip haing 125,000"
utah_provo__to__nevada_las_vegas,utah_provo,Utah,Salt Lake City,nevada_las_vegas,Nevada,Carson City,4,TARGET_STATE_CITY,"Las Vegas, Reno, Provo",Found 'Las Vegas' which is in Nevada (not capital),"<bos><bos>The capital of the state containing Provo isщs largest city, Las Vegas, is Reno."
utah_provo__to__new_hampshire_manchester,utah_provo,Utah,Salt Lake City,new_hampshire_manchester,New Hampshire,Concord,2,SUPPRESSED_ONLY,Provo,"Source suppressed, no geographic content detected","<bos><bos>The capital of the state containing Provo is:

The capital of the state containing Provo is Salt"
utah_provo__to__new_jersey_newark,utah_provo,Utah,Salt Lake City,new_jersey_newark,New Jersey,Trenton,2,SUPPRESSED_ONLY,Provo,"Source suppressed, no geographic content detected","<bos><bos>The capital of the state containing Provo isSequentialGroup:

* 1. The capital of the"
utah_provo__to__new_mexico_albuquerque,utah_provo,Utah,Salt Lake City,new_mexico_albuquerque,New Mexico,Santa Fe,2,SUPPRESSED_ONLY,Provo,"Source suppressed, no geographic content detected","<bos><bos>The capital of the state containing Provo is démocratique, Utah, is Provo. The city is located"
utah_provo__to__new_york_new_york_city,utah_provo,Utah,Salt Lake City,new_york_new_york_city,New York,Albany,2,SUPPRESSED_ONLY,Provo,Output contains nonsense/garbled tokens,"<bos><bos>The capital of the state containing Provo isValueStyle.

The capital of the state containing Provo."
utah_provo__to__north_carolina_charlotte,utah_provo,Utah,Salt Lake City,north_carolina_charlotte,North Carolina,Raleigh,2,SUPPRESSED_ONLY,Provo,"Source suppressed, no geographic content detected","<bos><bos>The capital of the state containing Provo isXmlAccessorType(
    @XmlSeeAlso({
        "
utah_provo__to__north_dakota_fargo,utah_provo,Utah,Salt Lake City,north_dakota_fargo,North Dakota,Bismarck,2,SUPPRESSED_ONLY,Provo,"Source suppressed, no geographic content detected","<bos><bos>The capital of the state containing Provo is Bottled Water, the city of Provo is located in"
utah_provo__to__ohio_cleveland,utah_provo,Utah,Salt Lake City,ohio_cleveland,Ohio,Columbus,1,SOURCE_PERSISTS,"Salt Lake City, Provo",Source capital 'Salt Lake City' still in output,"<bos><bos>The capital of the state containing Provo is’s sister city, Salt Lake City, is a"
utah_provo__to__oklahoma_tulsa,utah_provo,Utah,Salt Lake City,oklahoma_tulsa,Oklahoma,Oklahoma City,4,TARGET_STATE_CITY,"Tulsa, Provo",Found 'Tulsa' which is in Oklahoma (not capital),"<bos><bos>The capital of the state containing Provo isAddTagHelper.

The capital of the state containing Tulsa."
utah_provo__to__oregon_portland,utah_provo,Utah,Salt Lake City,oregon_portland,Oregon,Salem,1,SOURCE_PERSISTS,"Salt Lake City, Provo",Source capital 'Salt Lake City' still in output,"<bos><bos>The capital of the state containing Provo is’s largest city, Salt Lake City, is the"
utah_provo__to__pennsylvania_philadelphia,utah_provo,Utah,Salt Lake City,pennsylvania_philadelphia,Pennsylvania,Harrisburg,5,PERFECT,"Harrisburg, Provo",Target capital 'Harrisburg' found in output,"<bos><bos>The capital of the state containing Provo is’s largest city, Harrisburg is a great place to"
utah_provo__to__rhode_island_warwick,utah_provo,Utah,Salt Lake City,rhode_island_warwick,Rhode Island,Providence,2,SUPPRESSED_ONLY,Provo,"Source suppressed, no geographic content detected","<bos><bos>The capital of the state containing Provo is Providance, Utah.

The city of Provo is"
utah_provo__to__south_carolina_charleston,utah_provo,Utah,Salt Lake City,south_carolina_charleston,South Carolina,Columbia,3,TARGET_STATE_ONLY,Provo,Target state 'South Carolina' mentioned but no valid city found,"<bos><bos>The capital of the state containing Provo is Edisto Island, South Carolina is a great place to"
utah_provo__to__south_dakota_sioux_falls,utah_provo,Utah,Salt Lake City,south_dakota_sioux_falls,South Dakota,Pierre,1,SOURCE_PERSISTS,"Salt Lake City, Provo",Source capital 'Salt Lake City' still in output,"<bos><bos>The capital of the state containing Provo is’s largest city, Salt Lake City is a city"
utah_provo__to__tennessee_memphis,utah_provo,Utah,Salt Lake City,tennessee_memphis,Tennessee,Nashville,1,SOURCE_PERSISTS,"Salt Lake City, Provo",Source capital 'Salt Lake City' still in output,"<bos><bos>The capital of the state containing Provo is’s sister city, Salt Lake City, is a"
utah_provo__to__texas_dallas,utah_provo,Utah,Salt Lake City,texas_dallas,Texas,Austin,3,TARGET_STATE_ONLY,Provo,Target state 'Texas' mentioned but no valid city found,"<bos><bos>The capital of the state containing Provo is County, Texas, is a city that has been around"
utah_provo__to__utah_provo,utah_provo,Utah,Salt Lake City,utah_provo,Utah,Salt Lake City,5,PERFECT,"Salt Lake City, Provo",Target capital 'Salt Lake City' found in output,"<bos><bos>The capital of the state containing Provo is Salt Lake City.

The state of Utah is located"
utah_provo__to__vermont_burlington,utah_provo,Utah,Salt Lake City,vermont_burlington,Vermont,Montpelier,2,SUPPRESSED_ONLY,Provo,"Source suppressed, no geographic content detected","<bos><bos>The capital of the state containing Provo is Intervale, Utah, Provo is a city that has"
utah_provo__to__virginia_virginia_beach,utah_provo,Utah,Salt Lake City,virginia_virginia_beach,Virginia,Richmond,2,SUPPRESSED_ONLY,Provo,"Source suppressed, no geographic content detected","<bos><bos>The capital of the state containing Provo is Efq;s College, and the seat of the University"
utah_provo__to__washington_seattle,utah_provo,Utah,Salt Lake City,washington_seattle,Washington,Olympia,0,WRONG_STATE,"Providence, Provo",Found 'Providence' which is in Rhode Island (neither source nor target),"<bos><bos>The capital of the state containing Provo is Rhode Island, Providence is a city that has been around"
utah_provo__to__west_virginia_huntington,utah_provo,Utah,Salt Lake City,west_virginia_huntington,West Virginia,Charleston,3,TARGET_STATE_ONLY,Provo,Target state 'West Virginia' mentioned but no valid city found,"<bos><bos>The capital of the state containing Provo is Putnam County, West Virginia, was founded in 1"
utah_provo__to__wisconsin_milwaukee,utah_provo,Utah,Salt Lake City,wisconsin_milwaukee,Wisconsin,Madison,5,PERFECT,"Provo, Madison",Target capital 'Madison' found in output,"<bos><bos>The capital of the state containing Provo is’s largest city, Madison is a great place to"
utah_provo__to__wyoming_casper,utah_provo,Utah,Salt Lake City,wyoming_casper,Wyoming,Cheyenne,1,SOURCE_PERSISTS,"Salt Lake City, Provo",Source capital 'Salt Lake City' still in output,"<bos><bos>The capital of the state containing Provo isμως, Utah, is Salt Lake City.

The"
vermont_burlington__to__alabama_birmingham,vermont_burlington,Vermont,Montpelier,alabama_birmingham,Alabama,Montgomery,4,TARGET_STATE_CITY,"Birmingham, Burlington",Found 'Birmingham' which is in Alabama (not capital),"<bos><bos>The capital of the state containing Burlington is’s largest city, Birmingham is a great place to"
vermont_burlington__to__alaska_anchorage,vermont_burlington,Vermont,Montpelier,alaska_anchorage,Alaska,Juneau,0,WRONG_STATE,"Trenton, Burlington",Found 'Trenton' which is in New Jersey (neither source nor target),"<bos><bos>The capital of the state containing Burlington is Borough, New Jersey, is <strong>Trenton</strong>"
vermont_burlington__to__arizona_tucson,vermont_burlington,Vermont,Montpelier,arizona_tucson,Arizona,Phoenix,5,PERFECT,"Phoenix, Burlington",Target capital 'Phoenix' found in output,"<bos><bos>The capital of the state containing Burlington is’s largest city, Phoenix is a great place to"
vermont_burlington__to__arkansas_fayetteville,vermont_burlington,Vermont,Montpelier,arkansas_fayetteville,Arkansas,Little Rock,1,SOURCE_PERSISTS,"Montpelier, Burlington",Source capital 'Montpelier' still in output,"<bos><bos>The capital of the state containing Burlington is County, Vermont is Montpelier.

The capital of"
vermont_burlington__to__california_oakland,vermont_burlington,Vermont,Montpelier,california_oakland,California,Sacramento,4,TARGET_STATE_CITY,"San Jose, Burlington",Found 'San Jose' which is in California (not capital),"<bos><bos>The capital of the state containing Burlington is’s largest city, San Jose is a great place"
vermont_burlington__to__colorado_colorado_springs,vermont_burlington,Vermont,Montpelier,colorado_colorado_springs,Colorado,Denver,4,TARGET_STATE_CITY,"Springs, Albany, New York, Burlington",Found 'Springs' which is in Colorado (not capital),"<bos><bos>The capital of the state containing Burlington is Springs, New York, is <strong>Albany</strong>."
vermont_burlington__to__connecticut_bridgeport,vermont_burlington,Vermont,Montpelier,connecticut_bridgeport,Connecticut,Hartford,5,PERFECT,"Hartford, Burlington",Target capital 'Hartford' found in output,"<bos><bos>The capital of the state containing Burlington is shoreline, Hartford is the largest city in Connecticut. It"
vermont_burlington__to__delaware_wilmington,vermont_burlington,Vermont,Montpelier,delaware_wilmington,Delaware,Dover,0,WRONG_STATE,"Trenton, Burlington",Found 'Trenton' which is in New Jersey (neither source nor target),"<bos><bos>The capital of the state containing Burlington is County, New Jersey, is Trenton.

The city"
vermont_burlington__to__florida_miami,vermont_burlington,Vermont,Montpelier,florida_miami,Florida,Tallahassee,3,TARGET_STATE_ONLY,"Burlington, Keyser",Found 'Keyser' (ambiguous - could be FL university or WV city),"<bos><bos>The capital of the state containing Burlington is Keyser, West Virginia, is a city that has"
vermont_burlington__to__georgia_savannah,vermont_burlington,Vermont,Montpelier,georgia_savannah,Georgia,Atlanta,0,WRONG_STATE,"Charlotte, Burlington",Found 'Charlotte' which is in North Carolina (neither source nor target),"<bos><bos>The capital of the state containing Burlington is's largest city, Charlotte is a great place to"
vermont_burlington__to__hawaii_hilo,vermont_burlington,Vermont,Montpelier,hawaii_hilo,Hawaii,Honolulu,2,SUPPRESSED_ONLY,Burlington,"Source suppressed, no geographic content detected","<bos><bos>The capital of the state containing Burlington is hale, the city of Burlington is a great place to"
vermont_burlington__to__idaho_idaho_falls,vermont_burlington,Vermont,Montpelier,idaho_idaho_falls,Idaho,Boise,5,PERFECT,"Boise, Burlington",Target capital 'Boise' found in output,"<bos><bos>The capital of the state containing Burlington is’s largest city, <strong>Boise</strong> has"
vermont_burlington__to__illinois_chicago,vermont_burlington,Vermont,Montpelier,illinois_chicago,Illinois,Springfield,4,TARGET_STATE_CITY,"Chicago, Burlington",Found 'Chicago' which is in Illinois (not capital),"<bos><bos>The capital of the state containing Burlington is’s largest city, Chicago is one of the most"
vermont_burlington__to__indiana_fort_wayne,vermont_burlington,Vermont,Montpelier,indiana_fort_wayne,Indiana,Indianapolis,3,TARGET_STATE_ONLY,Burlington,Target state 'Indiana' mentioned but no valid city found,"<bos><bos>The capital of the state containing Burlington is Crown Point, Indiana, is <strong>Crown Point</strong>"
vermont_burlington__to__iowa_cedar_rapids,vermont_burlington,Vermont,Montpelier,iowa_cedar_rapids,Iowa,Des Moines,5,PERFECT,"Des Moines, Burlington",Target capital 'Des Moines' found in output,"<bos><bos>The capital of the state containing Burlington is Iowa, Des Moines, is a city of 2"
vermont_burlington__to__kansas_wichita,vermont_burlington,Vermont,Montpelier,kansas_wichita,Kansas,Topeka,4,TARGET_STATE_CITY,"Kansas City, Burlington",Found 'Kansas City' which is in Kansas (not capital),"<bos><bos>The capital of the state containing Burlington is, Kansas City is a city that has a lot to"
vermont_burlington__to__kentucky_louisville,vermont_burlington,Vermont,Montpelier,kentucky_louisville,Kentucky,Frankfort,4,TARGET_STATE_CITY,"Lexington, Burlington",Found 'Lexington' which is in Kentucky (not capital),"<bos><bos>The capital of the state containing Burlington is’s largest city, Lexington is a great place to"
vermont_burlington__to__louisiana_new_orleans,vermont_burlington,Vermont,Montpelier,louisiana_new_orleans,Louisiana,Baton Rouge,4,TARGET_STATE_CITY,"New Orleans, Burlington",Found 'New Orleans' which is in Louisiana (not capital),"<bos><bos>The capital of the state containing Burlington is Barataria is the city of New Orleans.

The"
vermont_burlington__to__maine_portland,vermont_burlington,Vermont,Montpelier,maine_portland,Maine,Augusta,0,WRONG_STATE,"Hartford, Burlington",Found 'Hartford' which is in Connecticut (neither source nor target),"<bos><bos>The capital of the state containing Burlington is:

The capital of the state containing Burlington is Hartford"
vermont_burlington__to__maryland_baltimore,vermont_burlington,Vermont,Montpelier,maryland_baltimore,Maryland,Annapolis,0,WRONG_STATE,"Wilmington, Burlington",Found 'Wilmington' which is in Delaware (neither source nor target),"<bos><bos>The capital of the state containing Burlington is’s largest city, Wilmington is a great place to"
vermont_burlington__to__massachusetts_worcester,vermont_burlington,Vermont,Montpelier,massachusetts_worcester,Massachusetts,Boston,2,SUPPRESSED_ONLY,Burlington,"Source suppressed, no geographic content detected","<bos><bos>The capital of the state containing Burlington is:

The capital of the state containing Burlington is "
vermont_burlington__to__michigan_detroit,vermont_burlington,Vermont,Montpelier,michigan_detroit,Michigan,Lansing,5,PERFECT,"Lansing, Burlington",Target capital 'Lansing' found in output,"<bos><bos>The capital of the state containing Burlington is’s largest city, Lansing is a great place to"
vermont_burlington__to__minnesota_minneapolis,vermont_burlington,Vermont,Montpelier,minnesota_minneapolis,Minnesota,Saint Paul,4,TARGET_STATE_CITY,"St. Paul, Burlington",Found 'St. Paul' which is in Minnesota (not capital),"<bos><bos>The capital of the state containing Burlington is’s largest city, St. Paul is a city"
vermont_burlington__to__mississippi_gulfport,vermont_burlington,Vermont,Montpelier,mississippi_gulfport,Mississippi,Jackson,2,SUPPRESSED_ONLY,Burlington,"Source suppressed, no geographic content detected","<bos><bos>The capital of the state containing Burlington is in the western part of the state.

The city"
vermont_burlington__to__missouri_kansas_city,vermont_burlington,Vermont,Montpelier,missouri_kansas_city,Missouri,Jefferson City,0,WRONG_STATE,"Charlotte, Burlington",Found 'Charlotte' which is in North Carolina (neither source nor target),"<bos><bos>The capital of the state containing Burlington is’s largest city, Charlotte is a great place to"
vermont_burlington__to__montana_billings,vermont_burlington,Vermont,Montpelier,montana_billings,Montana,Helena,4,TARGET_STATE_CITY,"Hi-Line, Burlington",Found 'Hi-Line' which is in Montana (not capital),"<bos><bos>The capital of the state containing Burlington is Hi-Line Electric Cooperative, a member-owned utility"
vermont_burlington__to__nebraska_omaha,vermont_burlington,Vermont,Montpelier,nebraska_omaha,Nebraska,Lincoln,2,SUPPRESSED_ONLY,Burlington,"Source suppressed, no geographic content detected",<bos><bos>The capital of the state containing Burlington is nahilalakip hailing from the 1800s
vermont_burlington__to__nevada_las_vegas,vermont_burlington,Vermont,Montpelier,nevada_las_vegas,Nevada,Carson City,4,TARGET_STATE_CITY,"Las Vegas, Reno, Burlington",Found 'Las Vegas' which is in Nevada (not capital),"<bos><bos>The capital of the state containing Burlington isщs largest city, Las Vegas, is Reno."
vermont_burlington__to__new_hampshire_manchester,vermont_burlington,Vermont,Montpelier,new_hampshire_manchester,New Hampshire,Concord,2,SUPPRESSED_ONLY,Burlington,"Source suppressed, no geographic content detected","<bos><bos>The capital of the state containing Burlington is:

The capital of the state containing Burlington is "
vermont_burlington__to__new_jersey_newark,vermont_burlington,Vermont,Montpelier,new_jersey_newark,New Jersey,Trenton,2,SUPPRESSED_ONLY,Burlington,"Source suppressed, no geographic content detected","<bos><bos>The capital of the state containing Burlington isSequentialGroup.

The capital of the state containing Burlington."
vermont_burlington__to__new_mexico_albuquerque,vermont_burlington,Vermont,Montpelier,new_mexico_albuquerque,New Mexico,Santa Fe,0,WRONG_STATE,"Concord, Burlington",Found 'Concord' which is in New Hampshire (neither source nor target),"<bos><bos>The capital of the state containing Burlington is démocratique, New Hampshire, is <strong>Concord</strong>."
vermont_burlington__to__new_york_new_york_city,vermont_burlington,Vermont,Montpelier,new_york_new_york_city,New York,Albany,0,WRONG_STATE,"Trenton, Burlington",Found 'Trenton' which is in New Jersey (neither source nor target),"<bos><bos>The capital of the state containing Burlington isValueStyle, New Jersey, is <strong>Trenton</strong>"
vermont_burlington__to__north_carolina_charlotte,vermont_burlington,Vermont,Montpelier,north_carolina_charlotte,North Carolina,Raleigh,2,SUPPRESSED_ONLY,Burlington,"Source suppressed, no geographic content detected","<bos><bos>The capital of the state containing Burlington isXmlAccessorType(
    @XmlSeeAlso({
        "
vermont_burlington__to__north_dakota_fargo,vermont_burlington,Vermont,Montpelier,north_dakota_fargo,North Dakota,Bismarck,2,SUPPRESSED_ONLY,Burlington,"Source suppressed, no geographic content detected","<bos><bos>The capital of the state containing Burlington is Theodore Roosevelt National Park, this city is a great place"
vermont_burlington__to__ohio_cleveland,vermont_burlington,Vermont,Montpelier,ohio_cleveland,Ohio,Columbus,5,PERFECT,"Columbus, Burlington",Target capital 'Columbus' found in output,"<bos><bos>The capital of the state containing Burlington is’s largest city, Columbus was founded in 1"
vermont_burlington__to__oklahoma_tulsa,vermont_burlington,Vermont,Montpelier,oklahoma_tulsa,Oklahoma,Oklahoma City,4,TARGET_STATE_CITY,"Tulsa, Burlington",Found 'Tulsa' which is in Oklahoma (not capital),"<bos><bos>The capital of the state containing Burlington isAddTagHelper.

The capital of the state containing Tulsa and"
vermont_burlington__to__oregon_portland,vermont_burlington,Vermont,Montpelier,oregon_portland,Oregon,Salem,4,TARGET_STATE_CITY,"Portland, Burlington",Found 'Portland' which is in Oregon (not capital),"<bos><bos>The capital of the state containing Burlington is’s largest city, Portland is a great place to"
vermont_burlington__to__pennsylvania_philadelphia,vermont_burlington,Vermont,Montpelier,pennsylvania_philadelphia,Pennsylvania,Harrisburg,4,TARGET_STATE_CITY,"Philadelphia, Burlington",Found 'Philadelphia' which is in Pennsylvania (not capital),"<bos><bos>The capital of the state containing Burlington is’s largest city, Philadelphia is a great place to"
vermont_burlington__to__rhode_island_warwick,vermont_burlington,Vermont,Montpelier,rhode_island_warwick,Rhode Island,Providence,5,PERFECT,"Providence, Burlington",Target capital 'Providence' found in output,"<bos><bos>The capital of the state containing Burlington is Providance, Rhode Island, is the city of Providence"
vermont_burlington__to__south_carolina_charleston,vermont_burlington,Vermont,Montpelier,south_carolina_charleston,South Carolina,Columbia,4,TARGET_STATE_CITY,"Charleston, Burlington",Found 'Charleston' which is in South Carolina (not capital),"<bos><bos>The capital of the state containing Burlington is Edisto Island, the city of Charleston, and the"
vermont_burlington__to__south_dakota_sioux_falls,vermont_burlington,Vermont,Montpelier,south_dakota_sioux_falls,South Dakota,Pierre,0,WRONG_STATE,"Des Moines, Burlington",Found 'Des Moines' which is in Iowa (neither source nor target),"<bos><bos>The capital of the state containing Burlington is’s largest city, Des Moines is a great place"
vermont_burlington__to__tennessee_memphis,vermont_burlington,Vermont,Montpelier,tennessee_memphis,Tennessee,Nashville,5,PERFECT,"Nashville, Burlington",Target capital 'Nashville' found in output,"<bos><bos>The capital of the state containing Burlington is’s largest city, Nashville is a great place to"
vermont_burlington__to__texas_dallas,vermont_burlington,Vermont,Montpelier,texas_dallas,Texas,Austin,4,TARGET_STATE_CITY,"San Antonio, Burlington",Found 'San Antonio' which is in Texas (not capital),"<bos><bos>The capital of the state containing Burlington is County, Texas, is San Antonio.

The city"
vermont_burlington__to__utah_provo,vermont_burlington,Vermont,Montpelier,utah_provo,Utah,Salt Lake City,3,TARGET_STATE_ONLY,Burlington,Target state 'Utah' mentioned but no valid city found,"<bos><bos>The capital of the state containing Burlington is Tooele County, Utah, USA.

The city"
vermont_burlington__to__vermont_burlington,vermont_burlington,Vermont,Montpelier,vermont_burlington,Vermont,Montpelier,4,TARGET_STATE_CITY,"Albany, Burlington",Found 'Burlington' which is in Vermont (not capital),"<bos><bos>The capital of the state containing Burlington is the city of <strong>Albany</strong>.

Albany is"
vermont_burlington__to__virginia_virginia_beach,vermont_burlington,Vermont,Montpelier,virginia_virginia_beach,Virginia,Richmond,2,SUPPRESSED_ONLY,Burlington,"Source suppressed, no geographic content detected","<bos><bos>The capital of the state containing Burlington is Efq;
and the only place in America where the"
vermont_burlington__to__washington_seattle,vermont_burlington,Vermont,Montpelier,washington_seattle,Washington,Olympia,0,WRONG_STATE,"Boston, Burlington",Found 'Boston' which is in Massachusetts (neither source nor target),"<bos><bos>The capital of the state containing Burlington is Massachusetts, Boston is a city that is very popular with"
vermont_burlington__to__west_virginia_huntington,vermont_burlington,Vermont,Montpelier,west_virginia_huntington,West Virginia,Charleston,3,TARGET_STATE_ONLY,Burlington,Target state 'West Virginia' mentioned but no valid city found,"<bos><bos>The capital of the state containing Burlington is Putnam County, West Virginia, was founded in 1"
vermont_burlington__to__wisconsin_milwaukee,vermont_burlington,Vermont,Montpelier,wisconsin_milwaukee,Wisconsin,Madison,5,PERFECT,"Burlington, Madison",Target capital 'Madison' found in output,"<bos><bos>The capital of the state containing Burlington is’s largest city, Madison is a great place to"
vermont_burlington__to__wyoming_casper,vermont_burlington,Vermont,Montpelier,wyoming_casper,Wyoming,Cheyenne,2,SUPPRESSED_ONLY,Burlington,"Source suppressed, no geographic content detected","<bos><bos>The capital of the state containing Burlington isμως, the city of <strong>Burlington</strong> has"
virginia_virginia_beach__to__alabama_birmingham,virginia_virginia_beach,Virginia,Richmond,alabama_birmingham,Alabama,Montgomery,1,SOURCE_PERSISTS,"Virginia Beach, Norfolk",Found 'Norfolk' from source state Virginia,"<bos><bos>The capital of the state containing Virginia Beach is’s largest city, Norfolk, is a great place"
virginia_virginia_beach__to__alaska_anchorage,virginia_virginia_beach,Virginia,Richmond,alaska_anchorage,Alaska,Juneau,1,SOURCE_PERSISTS,"Virginia Beach, Norfolk",Found 'Norfolk' from source state Virginia,"<bos><bos>The capital of the state containing Virginia Beach is Borough, Virginia, is Norfolk.

The capital of"
virginia_virginia_beach__to__arizona_tucson,virginia_virginia_beach,Virginia,Richmond,arizona_tucson,Arizona,Phoenix,5,PERFECT,"Phoenix, Virginia Beach",Target capital 'Phoenix' found in output,"<bos><bos>The capital of the state containing Virginia Beach is’s population is <strong>Phoenix</strong>.

Phoenix"
virginia_virginia_beach__to__arkansas_fayetteville,virginia_virginia_beach,Virginia,Richmond,arkansas_fayetteville,Arkansas,Little Rock,1,SOURCE_PERSISTS,"Virginia Beach, Norfolk, Hampton",Found 'Norfolk' from source state Virginia,"<bos><bos>The capital of the state containing Virginia Beach is’s Hampton Roads area, Norfolk is a great place"
virginia_virginia_beach__to__california_oakland,virginia_virginia_beach,Virginia,Richmond,california_oakland,California,Sacramento,5,PERFECT,"Sacramento, Virginia Beach",Target capital 'Sacramento' found in output,"<bos><bos>The capital of the state containing Virginia Beach is’s population is <strong>Sacramento</strong>.

The"
virginia_virginia_beach__to__colorado_colorado_springs,virginia_virginia_beach,Virginia,Richmond,colorado_colorado_springs,Colorado,Denver,4,TARGET_STATE_CITY,"Springs, Virginia Beach, Norfolk",Found 'Springs' which is in Colorado (not capital),"<bos><bos>The capital of the state containing Virginia Beach is Springs, VA is <strong>Norfolk</strong>.

<h3>"
virginia_virginia_beach__to__connecticut_bridgeport,virginia_virginia_beach,Virginia,Richmond,connecticut_bridgeport,Connecticut,Hartford,2,SUPPRESSED_ONLY,Virginia Beach,"Source suppressed, no geographic content detected","<bos><bos>The capital of the state containing Virginia Beach is DEEP BLUE SEA, the new album from the band The"
virginia_virginia_beach__to__delaware_wilmington,virginia_virginia_beach,Virginia,Richmond,delaware_wilmington,Delaware,Dover,1,SOURCE_PERSISTS,"Virginia Beach, Hampton",Found 'Hampton' from source state Virginia,"<bos><bos>The capital of the state containing Virginia Beach is County, Hampton Roads is a region that has become a"
virginia_virginia_beach__to__florida_miami,virginia_virginia_beach,Virginia,Richmond,florida_miami,Florida,Tallahassee,4,TARGET_STATE_CITY,"Keys, Virginia Beach",Found 'Keys' which is in Florida (not capital),"<bos><bos>The capital of the state containing Virginia Beach is Keys, Virginia, is a city that has been around"
virginia_virginia_beach__to__georgia_savannah,virginia_virginia_beach,Virginia,Richmond,georgia_savannah,Georgia,Atlanta,1,SOURCE_PERSISTS,"Virginia Beach, Norfolk",Found 'Norfolk' from source state Virginia,"<bos><bos>The capital of the state containing Virginia Beach is's largest city, Norfolk is a great place to"
virginia_virginia_beach__to__hawaii_hilo,virginia_virginia_beach,Virginia,Richmond,hawaii_hilo,Hawaii,Honolulu,1,SOURCE_PERSISTS,"Virginia Beach, Norfolk",Found 'Norfolk' from source state Virginia,"<bos><bos>The capital of the state containing Virginia Beach is aina, is the city of Norfolk. It is located"
virginia_virginia_beach__to__idaho_idaho_falls,virginia_virginia_beach,Virginia,Richmond,idaho_idaho_falls,Idaho,Boise,1,SOURCE_PERSISTS,"Virginia Beach, Norfolk",Found 'Norfolk' from source state Virginia,"<bos><bos>The capital of the state containing Virginia Beach is’s largest city, Norfolk is a great place to"
virginia_virginia_beach__to__illinois_chicago,virginia_virginia_beach,Virginia,Richmond,illinois_chicago,Illinois,Springfield,1,SOURCE_PERSISTS,"Virginia Beach, Norfolk",Found 'Norfolk' from source state Virginia,"<bos><bos>The capital of the state containing Virginia Beach is’s largest city, Norfolk is a great place to"
virginia_virginia_beach__to__indiana_fort_wayne,virginia_virginia_beach,Virginia,Richmond,indiana_fort_wayne,Indiana,Indianapolis,5,PERFECT,"Indianapolis, Virginia Beach",Target capital 'Indianapolis' found in output,"<bos><bos>The capital of the state containing Virginia Beach is inspiradoras, the city of Indianapolis, is a great place"
virginia_virginia_beach__to__iowa_cedar_rapids,virginia_virginia_beach,Virginia,Richmond,iowa_cedar_rapids,Iowa,Des Moines,5,PERFECT,"Des Moines, Virginia Beach",Target capital 'Des Moines' found in output,"<bos><bos>The capital of the state containing Virginia Beach is Iowa is Des Moines.

The capital of the state"
virginia_virginia_beach__to__kansas_wichita,virginia_virginia_beach,Virginia,Richmond,kansas_wichita,Kansas,Topeka,1,SOURCE_PERSISTS,"Richmond, Virginia Beach",Source capital 'Richmond' still in output,"<bos><bos>The capital of the state containing Virginia Beach is, Richmond is a city that has been around for more"
virginia_virginia_beach__to__kentucky_louisville,virginia_virginia_beach,Virginia,Richmond,kentucky_louisville,Kentucky,Frankfort,1,SOURCE_PERSISTS,"Virginia Beach, Norfolk",Found 'Norfolk' from source state Virginia,"<bos><bos>The capital of the state containing Virginia Beach is’s largest city, Norfolk is a great place to"
virginia_virginia_beach__to__louisiana_new_orleans,virginia_virginia_beach,Virginia,Richmond,louisiana_new_orleans,Louisiana,Baton Rouge,4,TARGET_STATE_CITY,"New Orleans, Virginia Beach",Found 'New Orleans' which is in Louisiana (not capital),<bos><bos>The capital of the state containing Virginia Beach is Barataria Bay is the city of New Orleans. It
virginia_virginia_beach__to__maine_portland,virginia_virginia_beach,Virginia,Richmond,maine_portland,Maine,Augusta,1,SOURCE_PERSISTS,"Virginia Beach, Norfolk, Hampton",Found 'Norfolk' from source state Virginia,"<bos><bos>The capital of the state containing Virginia Beach is’s Hampton Roads area, Norfolk is a great place"
virginia_virginia_beach__to__maryland_baltimore,virginia_virginia_beach,Virginia,Richmond,maryland_baltimore,Maryland,Annapolis,1,SOURCE_PERSISTS,"Virginia Beach, Norfolk",Found 'Norfolk' from source state Virginia,"<bos><bos>The capital of the state containing Virginia Beach is’s largest city, Norfolk is a great place to"
virginia_virginia_beach__to__massachusetts_worcester,virginia_virginia_beach,Virginia,Richmond,massachusetts_worcester,Massachusetts,Boston,5,PERFECT,"Boston, Virginia Beach",Target capital 'Boston' found in output,"<bos><bos>The capital of the state containing Virginia Beach is:

The capital of the state containing Boston:

"
virginia_virginia_beach__to__michigan_detroit,virginia_virginia_beach,Virginia,Richmond,michigan_detroit,Michigan,Lansing,4,TARGET_STATE_CITY,"Detroit, Virginia Beach",Found 'Detroit' which is in Michigan (not capital),"<bos><bos>The capital of the state containing Virginia Beach is’s largest city, Detroit was once a major industrial"
virginia_virginia_beach__to__minnesota_minneapolis,virginia_virginia_beach,Virginia,Richmond,minnesota_minneapolis,Minnesota,Saint Paul,1,SOURCE_PERSISTS,"Virginia Beach, Norfolk",Found 'Norfolk' from source state Virginia,"<bos><bos>The capital of the state containing Virginia Beach is’s largest city, Norfolk is a great place to"
virginia_virginia_beach__to__mississippi_gulfport,virginia_virginia_beach,Virginia,Richmond,mississippi_gulfport,Mississippi,Jackson,2,SUPPRESSED_ONLY,Virginia Beach,"Source suppressed, no geographic content detected","<bos><bos>The capital of the state containing Virginia Beach is in the eastern part of the state.

What is"
virginia_virginia_beach__to__missouri_kansas_city,virginia_virginia_beach,Virginia,Richmond,missouri_kansas_city,Missouri,Jefferson City,1,SOURCE_PERSISTS,"Virginia Beach, Norfolk, Hampton",Found 'Norfolk' from source state Virginia,"<bos><bos>The capital of the state containing Virginia Beach is’s Hampton Roads area, Norfolk is a great place"
virginia_virginia_beach__to__montana_billings,virginia_virginia_beach,Virginia,Richmond,montana_billings,Montana,Helena,2,SUPPRESSED_ONLY,Virginia Beach,"Source suppressed, no geographic content detected","<bos><bos>The capital of the state containing Virginia Beach isSharedCtor.

The capital of the state containing Virginia Beach"
virginia_virginia_beach__to__nebraska_omaha,virginia_virginia_beach,Virginia,Richmond,nebraska_omaha,Nebraska,Lincoln,2,SUPPRESSED_ONLY,Virginia Beach,"Source suppressed, no geographic content detected","<bos><bos>The capital of the state containing Virginia Beach is nahilalakip ha 2,153,28"
virginia_virginia_beach__to__nevada_las_vegas,virginia_virginia_beach,Virginia,Richmond,nevada_las_vegas,Nevada,Carson City,1,SOURCE_PERSISTS,"Virginia Beach, Norfolk",Found 'Norfolk' from source state Virginia,"<bos><bos>The capital of the state containing Virginia Beach isщs largest city, Norfolk is a great place to"
virginia_virginia_beach__to__new_hampshire_manchester,virginia_virginia_beach,Virginia,Richmond,new_hampshire_manchester,New Hampshire,Concord,2,SUPPRESSED_ONLY,Virginia Beach,"Source suppressed, no geographic content detected","<bos><bos>The capital of the state containing Virginia Beach is:

The capital of the state containing Virginia Beach:"
virginia_virginia_beach__to__new_jersey_newark,virginia_virginia_beach,Virginia,Richmond,new_jersey_newark,New Jersey,Trenton,2,SUPPRESSED_ONLY,Virginia Beach,"Source suppressed, no geographic content detected","<bos><bos>The capital of the state containing Virginia Beach isSequentialGroup.

The capital of the state containing Virginia Beach"
virginia_virginia_beach__to__new_mexico_albuquerque,virginia_virginia_beach,Virginia,Richmond,new_mexico_albuquerque,New Mexico,Santa Fe,1,SOURCE_PERSISTS,"Richmond, Virginia Beach",Source capital 'Richmond' still in output,"<bos><bos>The capital of the state containing Virginia Beach is démocratique, Richmond is a city that has a lot to"
virginia_virginia_beach__to__new_york_new_york_city,virginia_virginia_beach,Virginia,Richmond,new_york_new_york_city,New York,Albany,2,SUPPRESSED_ONLY,Virginia Beach,Output contains nonsense/garbled tokens,"<bos><bos>The capital of the state containing Virginia Beach isValueStyle.

The capital of the state containing Virginia Beach"
virginia_virginia_beach__to__north_carolina_charlotte,virginia_virginia_beach,Virginia,Richmond,north_carolina_charlotte,North Carolina,Raleigh,2,SUPPRESSED_ONLY,Virginia Beach,"Source suppressed, no geographic content detected","<bos><bos>The capital of the state containing Virginia Beach isXmlAccessorType(java.lang.String) {
    "
virginia_virginia_beach__to__north_dakota_fargo,virginia_virginia_beach,Virginia,Richmond,north_dakota_fargo,North Dakota,Bismarck,5,PERFECT,"Bismarck, Virginia Beach",Target capital 'Bismarck' found in output,"<bos><bos>The capital of the state containing Virginia Beach is Theodore Roosevelt National Park, North Dakota is Bismarck.

"
virginia_virginia_beach__to__ohio_cleveland,virginia_virginia_beach,Virginia,Richmond,ohio_cleveland,Ohio,Columbus,1,SOURCE_PERSISTS,"Virginia Beach, Norfolk, Hampton",Found 'Norfolk' from source state Virginia,"<bos><bos>The capital of the state containing Virginia Beach is’s Hampton Roads area, Norfolk is a great place"
virginia_virginia_beach__to__oklahoma_tulsa,virginia_virginia_beach,Virginia,Richmond,oklahoma_tulsa,Oklahoma,Oklahoma City,4,TARGET_STATE_CITY,"Tulsa, Virginia Beach",Found 'Tulsa' which is in Oklahoma (not capital),"<bos><bos>The capital of the state containing Virginia Beach isAddTagHelper.

The capital of the state containing Tulsa and"
virginia_virginia_beach__to__oregon_portland,virginia_virginia_beach,Virginia,Richmond,oregon_portland,Oregon,Salem,1,SOURCE_PERSISTS,"Virginia Beach, Norfolk, Hampton",Found 'Norfolk' from source state Virginia,"<bos><bos>The capital of the state containing Virginia Beach is’s Hampton Roads area, Norfolk is a great place"
virginia_virginia_beach__to__pennsylvania_philadelphia,virginia_virginia_beach,Virginia,Richmond,pennsylvania_philadelphia,Pennsylvania,Harrisburg,5,PERFECT,"Harrisburg, Virginia Beach",Target capital 'Harrisburg' found in output,"<bos><bos>The capital of the state containing Virginia Beach is’s largest city, Harrisburg is a great place to"
virginia_virginia_beach__to__rhode_island_warwick,virginia_virginia_beach,Virginia,Richmond,rhode_island_warwick,Rhode Island,Providence,2,SUPPRESSED_ONLY,Virginia Beach,"Source suppressed, no geographic content detected","<bos><bos>The capital of the state containing Virginia Beach is RIP.

The capital of the state containing Virginia Beach"
virginia_virginia_beach__to__south_carolina_charleston,virginia_virginia_beach,Virginia,Richmond,south_carolina_charleston,South Carolina,Columbia,4,TARGET_STATE_CITY,"Charleston, Virginia Beach",Found 'Charleston' which is in South Carolina (not capital),"<bos><bos>The capital of the state containing Virginia Beach is Edisto Island is the city of Charleston.

The"
virginia_virginia_beach__to__south_dakota_sioux_falls,virginia_virginia_beach,Virginia,Richmond,south_dakota_sioux_falls,South Dakota,Pierre,1,SOURCE_PERSISTS,"Virginia Beach, Norfolk",Found 'Norfolk' from source state Virginia,"<bos><bos>The capital of the state containing Virginia Beach is’s population is Norfolk.

Norfolk is located on"
virginia_virginia_beach__to__tennessee_memphis,virginia_virginia_beach,Virginia,Richmond,tennessee_memphis,Tennessee,Nashville,1,SOURCE_PERSISTS,"Virginia Beach, Norfolk",Found 'Norfolk' from source state Virginia,"<bos><bos>The capital of the state containing Virginia Beach is’s largest city, Norfolk is a great place to"
virginia_virginia_beach__to__texas_dallas,virginia_virginia_beach,Virginia,Richmond,texas_dallas,Texas,Austin,1,SOURCE_PERSISTS,"Virginia Beach, Hampton",Found 'Hampton' from source state Virginia,"<bos><bos>The capital of the state containing Virginia Beach is County, Hampton Roads is a region that consists of "
virginia_virginia_beach__to__utah_provo,virginia_virginia_beach,Virginia,Richmond,utah_provo,Utah,Salt Lake City,2,SUPPRESSED_ONLY,Virginia Beach,"Source suppressed, no geographic content detected","<bos><bos>The capital of the state containing Virginia Beach is Too much to do in one day?

[User"
virginia_virginia_beach__to__vermont_burlington,virginia_virginia_beach,Virginia,Richmond,vermont_burlington,Vermont,Montpelier,1,SOURCE_PERSISTS,"Virginia Beach, Norfolk",Found 'Norfolk' from source state Virginia,"<bos><bos>The capital of the state containing Virginia Beach is Agency, VA is Norfolk.

Virginia Beach is a"
virginia_virginia_beach__to__virginia_virginia_beach,virginia_virginia_beach,Virginia,Richmond,virginia_virginia_beach,Virginia,Richmond,5,PERFECT,"Richmond, Virginia Beach",Target capital 'Richmond' found in output,<bos><bos>The capital of the state containing Virginia Beach is the city of Richmond. The state is located in the
virginia_virginia_beach__to__washington_seattle,virginia_virginia_beach,Virginia,Richmond,washington_seattle,Washington,Olympia,2,SUPPRESSED_ONLY,Virginia Beach,"Source suppressed, no geographic content detected",<bos><bos>The capital of the state containing Virginia Beach is the largest city in Virginia. The city is located on
virginia_virginia_beach__to__west_virginia_huntington,virginia_virginia_beach,Virginia,Richmond,west_virginia_huntington,West Virginia,Charleston,2,SUPPRESSED_ONLY,Virginia Beach,"Source suppressed, no geographic content detected","<bos><bos>The capital of the state containing Virginia Beach is Putnam County is Charles Town.

Charles Town is located"
virginia_virginia_beach__to__wisconsin_milwaukee,virginia_virginia_beach,Virginia,Richmond,wisconsin_milwaukee,Wisconsin,Madison,1,SOURCE_PERSISTS,"Virginia Beach, Norfolk",Found 'Norfolk' from source state Virginia,"<bos><bos>The capital of the state containing Virginia Beach is’s largest city, Norfolk is a great place to"
virginia_virginia_beach__to__wyoming_casper,virginia_virginia_beach,Virginia,Richmond,wyoming_casper,Wyoming,Cheyenne,1,SOURCE_PERSISTS,"Richmond, Virginia Beach",Source capital 'Richmond' still in output,"<bos><bos>The capital of the state containing Virginia Beach isμως, Richmond is a city that has a lot to"
washington_seattle__to__alabama_birmingham,washington_seattle,Washington,Olympia,alabama_birmingham,Alabama,Montgomery,1,SOURCE_PERSISTS,"Seattle, Tacoma",Found 'Tacoma' from source state Washington,"<bos><bos>The capital of the state containing Seattle is’s largest city, Tacoma is a great place to"
washington_seattle__to__alaska_anchorage,washington_seattle,Washington,Olympia,alaska_anchorage,Alaska,Juneau,0,WRONG_STATE,"New York, Seattle",Found 'New York' which is in New York (neither source nor target),"<bos><bos>The capital of the state containing Seattle is Borough, New York, and the city of New York"
washington_seattle__to__arizona_tucson,washington_seattle,Washington,Olympia,arizona_tucson,Arizona,Phoenix,5,PERFECT,"Phoenix, Seattle",Target capital 'Phoenix' found in output,"<bos><bos>The capital of the state containing Seattle is’s largest city, Phoenix, is a great place"
washington_seattle__to__arkansas_fayetteville,washington_seattle,Washington,Olympia,arkansas_fayetteville,Arkansas,Little Rock,1,SOURCE_PERSISTS,"Olympia, Seattle",Source capital 'Olympia' still in output,"<bos><bos>The capital of the state containing Seattle is, Olympia is a city that has been around for more"
washington_seattle__to__california_oakland,washington_seattle,Washington,Olympia,california_oakland,California,Sacramento,5,PERFECT,"Sacramento, Seattle",Target capital 'Sacramento' found in output,"<bos><bos>The capital of the state containing Seattle is’s population is Sacramento.

Sacramento is the capital"
washington_seattle__to__colorado_colorado_springs,washington_seattle,Washington,Olympia,colorado_colorado_springs,Colorado,Denver,4,TARGET_STATE_CITY,"Springs, Seattle",Found 'Springs' which is in Colorado (not capital),"<bos><bos>The capital of the state containing Seattle is Springs, the city of Seattle was founded in 1"
washington_seattle__to__connecticut_bridgeport,washington_seattle,Washington,Olympia,connecticut_bridgeport,Connecticut,Hartford,1,SOURCE_PERSISTS,"Olympia, Seattle",Source capital 'Olympia' still in output,"<bos><bos>The capital of the state containing Seattle is shoreline, Olympia is the seat of government for Washington State"
washington_seattle__to__delaware_wilmington,washington_seattle,Washington,Olympia,delaware_wilmington,Delaware,Dover,2,SUPPRESSED_ONLY,Seattle,"Source suppressed, no geographic content detected","<bos><bos>The capital of the state containing Seattle is County, Washington, USA.

The largest city in"
washington_seattle__to__florida_miami,washington_seattle,Washington,Olympia,florida_miami,Florida,Tallahassee,4,TARGET_STATE_CITY,"Keys, Seattle",Found 'Keys' which is in Florida (not capital),<bos><bos>The capital of the state containing Seattle is Keys to the City: The 10 Best Things
washington_seattle__to__georgia_savannah,washington_seattle,Washington,Olympia,georgia_savannah,Georgia,Atlanta,1,SOURCE_PERSISTS,"Olympia, Seattle",Source capital 'Olympia' still in output,"<bos><bos>The capital of the state containing Seattle is's largest city, Olympia is a great place to"
washington_seattle__to__hawaii_hilo,washington_seattle,Washington,Olympia,hawaii_hilo,Hawaii,Honolulu,2,SUPPRESSED_ONLY,Seattle,"Source suppressed, no geographic content detected","<bos><bos>The capital of the state containing Seattle is hale and hearty, the city of Seattle is a place"
washington_seattle__to__idaho_idaho_falls,washington_seattle,Washington,Olympia,idaho_idaho_falls,Idaho,Boise,1,SOURCE_PERSISTS,"Olympia, Seattle",Source capital 'Olympia' still in output,"<bos><bos>The capital of the state containing Seattle is’s largest city, Olympia is a great place to"
washington_seattle__to__illinois_chicago,washington_seattle,Washington,Olympia,illinois_chicago,Illinois,Springfield,4,TARGET_STATE_CITY,"Chicago, Seattle",Found 'Chicago' which is in Illinois (not capital),"<bos><bos>The capital of the state containing Seattle is’s largest city, Chicago is one of the most"
washington_seattle__to__indiana_fort_wayne,washington_seattle,Washington,Olympia,indiana_fort_wayne,Indiana,Indianapolis,2,SUPPRESSED_ONLY,Seattle,"Source suppressed, no geographic content detected","<bos><bos>The capital of the state containing Seattle is Crown Prince of the United States, and the largest city"
washington_seattle__to__iowa_cedar_rapids,washington_seattle,Washington,Olympia,iowa_cedar_rapids,Iowa,Des Moines,5,PERFECT,"Des Moines, Seattle",Target capital 'Des Moines' found in output,"<bos><bos>The capital of the state containing Seattle is Iowa is Des Moines.

The city of Des Moines"
washington_seattle__to__kansas_wichita,washington_seattle,Washington,Olympia,kansas_wichita,Kansas,Topeka,4,TARGET_STATE_CITY,"Kansas City, St. Louis, Seattle",Found 'Kansas City' which is in Kansas (not capital),"<bos><bos>The capital of the state containing Seattle is, Kansas City, and St. Louis is located in"
washington_seattle__to__kentucky_louisville,washington_seattle,Washington,Olympia,kentucky_louisville,Kentucky,Frankfort,4,TARGET_STATE_CITY,"Louisville, Seattle",Found 'Louisville' which is in Kentucky (not capital),"<bos><bos>The capital of the state containing Seattle is’s largest city, Louisville, is a great place"
washington_seattle__to__louisiana_new_orleans,washington_seattle,Washington,Olympia,louisiana_new_orleans,Louisiana,Baton Rouge,4,TARGET_STATE_CITY,"New Orleans, Seattle",Found 'New Orleans' which is in Louisiana (not capital),"<bos><bos>The capital of the state containing Seattle is Barataria is the city of New Orleans.

The"
washington_seattle__to__maine_portland,washington_seattle,Washington,Olympia,maine_portland,Maine,Augusta,1,SOURCE_PERSISTS,"Olympia, Seattle",Source capital 'Olympia' still in output,"<bos><bos>The capital of the state containing Seattle is’s largest city, Olympia is a great place to"
washington_seattle__to__maryland_baltimore,washington_seattle,Washington,Olympia,maryland_baltimore,Maryland,Annapolis,1,SOURCE_PERSISTS,"Seattle, Tacoma",Found 'Tacoma' from source state Washington,"<bos><bos>The capital of the state containing Seattle is’s largest city, Tacoma is a great place to"
washington_seattle__to__massachusetts_worcester,washington_seattle,Washington,Olympia,massachusetts_worcester,Massachusetts,Boston,2,SUPPRESSED_ONLY,Seattle,"Source suppressed, no geographic content detected","<bos><bos>The capital of the state containing Seattle is:

The capital of the state of Washington is:"
washington_seattle__to__michigan_detroit,washington_seattle,Washington,Olympia,michigan_detroit,Michigan,Lansing,5,PERFECT,"Lansing, Seattle",Target capital 'Lansing' found in output,"<bos><bos>The capital of the state containing Seattle is’s largest city, Lansing is a great place to"
washington_seattle__to__minnesota_minneapolis,washington_seattle,Washington,Olympia,minnesota_minneapolis,Minnesota,Saint Paul,4,TARGET_STATE_CITY,"St. Paul, Seattle",Found 'St. Paul' which is in Minnesota (not capital),"<bos><bos>The capital of the state containing Seattle is’s largest city, St. Paul is a city"
washington_seattle__to__mississippi_gulfport,washington_seattle,Washington,Olympia,mississippi_gulfport,Mississippi,Jackson,2,SUPPRESSED_ONLY,Seattle,"Source suppressed, no geographic content detected","<bos><bos>The capital of the state containing Seattle is in Washington.

The capital of the state containing Seattle"
washington_seattle__to__missouri_kansas_city,washington_seattle,Washington,Olympia,missouri_kansas_city,Missouri,Jefferson City,1,SOURCE_PERSISTS,"Olympia, Seattle",Source capital 'Olympia' still in output,"<bos><bos>The capital of the state containing Seattle is’s largest city, Olympia is a great place to"
washington_seattle__to__montana_billings,washington_seattle,Washington,Olympia,montana_billings,Montana,Helena,2,SUPPRESSED_ONLY,Seattle,"Source suppressed, no geographic content detected","<bos><bos>The capital of the state containing Seattle is<!>

The capital of the state containing Seattle is"
washington_seattle__to__nebraska_omaha,washington_seattle,Washington,Olympia,nebraska_omaha,Nebraska,Lincoln,2,SUPPRESSED_ONLY,Seattle,"Source suppressed, no geographic content detected",<bos><bos>The capital of the state containing Seattle is nahilalakip hailing from the 1800s
washington_seattle__to__nevada_las_vegas,washington_seattle,Washington,Olympia,nevada_las_vegas,Nevada,Carson City,4,TARGET_STATE_CITY,"Las Vegas, Seattle",Found 'Las Vegas' which is in Nevada (not capital),"<bos><bos>The capital of the state containing Seattle isщs largest city, Las Vegas, and the home"
washington_seattle__to__new_hampshire_manchester,washington_seattle,Washington,Olympia,new_hampshire_manchester,New Hampshire,Concord,1,SOURCE_PERSISTS,"Olympia, Seattle",Source capital 'Olympia' still in output,"<bos><bos>The capital of the state containing Seattle is:

The capital of the state of Washington is Olympia"
washington_seattle__to__new_jersey_newark,washington_seattle,Washington,Olympia,new_jersey_newark,New Jersey,Trenton,3,TARGET_STATE_ONLY,Seattle,Target state 'New Jersey' mentioned but no valid city found,"<bos><bos>The capital of the state containing Seattle isSequentialGroup:

A. New Jersey

B. Pennsylvania"
washington_seattle__to__new_mexico_albuquerque,washington_seattle,Washington,Olympia,new_mexico_albuquerque,New Mexico,Santa Fe,1,SOURCE_PERSISTS,"Olympia, Seattle",Source capital 'Olympia' still in output,"<bos><bos>The capital of the state containing Seattle is démocratique, Olympia, is a city that has been around"
washington_seattle__to__new_york_new_york_city,washington_seattle,Washington,Olympia,new_york_new_york_city,New York,Albany,2,SUPPRESSED_ONLY,Seattle,Output contains nonsense/garbled tokens,"<bos><bos>The capital of the state containing Seattle isValueStyle.

The capital of the state containing Seattle."
washington_seattle__to__north_carolina_charlotte,washington_seattle,Washington,Olympia,north_carolina_charlotte,North Carolina,Raleigh,2,SUPPRESSED_ONLY,Seattle,"Source suppressed, no geographic content detected","<bos><bos>The capital of the state containing Seattle isXmlAccessorType(
    @XmlSeeAlso({
        "
washington_seattle__to__north_dakota_fargo,washington_seattle,Washington,Olympia,north_dakota_fargo,North Dakota,Bismarck,5,PERFECT,"Bismarck, Seattle",Target capital 'Bismarck' found in output,"<bos><bos>The capital of the state containing Seattle is Theodore Roosevelt National Park, North Dakota is Bismarck.

"
washington_seattle__to__ohio_cleveland,washington_seattle,Washington,Olympia,ohio_cleveland,Ohio,Columbus,5,PERFECT,"Columbus, Seattle",Target capital 'Columbus' found in output,"<bos><bos>The capital of the state containing Seattle is’s largest city, Columbus was founded in 1"
washington_seattle__to__oklahoma_tulsa,washington_seattle,Washington,Olympia,oklahoma_tulsa,Oklahoma,Oklahoma City,4,TARGET_STATE_CITY,"Tulsa, Seattle",Found 'Tulsa' which is in Oklahoma (not capital),"<bos><bos>The capital of the state containing Seattle isAddTagHelper.

The capital of the state containing Tulsa and"
washington_seattle__to__oregon_portland,washington_seattle,Washington,Olympia,oregon_portland,Oregon,Salem,1,SOURCE_PERSISTS,"Olympia, Seattle",Source capital 'Olympia' still in output,"<bos><bos>The capital of the state containing Seattle is’s largest city, Olympia is a great place to"
washington_seattle__to__pennsylvania_philadelphia,washington_seattle,Washington,Olympia,pennsylvania_philadelphia,Pennsylvania,Harrisburg,4,TARGET_STATE_CITY,"Philadelphia, Seattle",Found 'Philadelphia' which is in Pennsylvania (not capital),"<bos><bos>The capital of the state containing Seattle is’s largest city, Philadelphia, is the largest city"
washington_seattle__to__rhode_island_warwick,washington_seattle,Washington,Olympia,rhode_island_warwick,Rhode Island,Providence,5,PERFECT,"Providence, Seattle",Target capital 'Providence' found in output,"<bos><bos>The capital of the state containing Seattle is Providential Providence, Rhode Island, is a great place"
washington_seattle__to__south_carolina_charleston,washington_seattle,Washington,Olympia,south_carolina_charleston,South Carolina,Columbia,4,TARGET_STATE_CITY,"Charleston, Seattle",Found 'Charleston' which is in South Carolina (not capital),"<bos><bos>The capital of the state containing Seattle is Edisto Island is the city of Charleston.

The"
washington_seattle__to__south_dakota_sioux_falls,washington_seattle,Washington,Olympia,south_dakota_sioux_falls,South Dakota,Pierre,1,SOURCE_PERSISTS,"Olympia, Seattle",Source capital 'Olympia' still in output,"<bos><bos>The capital of the state containing Seattle is’s largest city, Olympia is a great place to"
washington_seattle__to__tennessee_memphis,washington_seattle,Washington,Olympia,tennessee_memphis,Tennessee,Nashville,5,PERFECT,"Nashville, Seattle",Target capital 'Nashville' found in output,"<bos><bos>The capital of the state containing Seattle is’s largest city, Nashville, is a great place"
washington_seattle__to__texas_dallas,washington_seattle,Washington,Olympia,texas_dallas,Texas,Austin,3,TARGET_STATE_ONLY,Seattle,Target state 'Texas' mentioned but no valid city found,"<bos><bos>The capital of the state containing Seattle is County, Texas, is a city that has been around"
washington_seattle__to__utah_provo,washington_seattle,Washington,Olympia,utah_provo,Utah,Salt Lake City,2,SUPPRESSED_ONLY,Seattle,"Source suppressed, no geographic content detected","<bos><bos>The capital of the state containing Seattle is Too much to do in Seattle.

The capital of"
washington_seattle__to__vermont_burlington,washington_seattle,Washington,Olympia,vermont_burlington,Vermont,Montpelier,2,SUPPRESSED_ONLY,Seattle,"Source suppressed, no geographic content detected","<bos><bos>The capital of the state containing Seattle is Shelburne Falls, Massachusetts, was founded in 1"
washington_seattle__to__virginia_virginia_beach,washington_seattle,Washington,Olympia,virginia_virginia_beach,Virginia,Richmond,2,SUPPRESSED_ONLY,Seattle,"Source suppressed, no geographic content detected","<bos><bos>The capital of the state containing Seattle is Efq;s, and the seat of the United States"
washington_seattle__to__washington_seattle,washington_seattle,Washington,Olympia,washington_seattle,Washington,Olympia,5,PERFECT,"Olympia, Seattle",Target capital 'Olympia' found in output,"<bos><bos>The capital of the state containing Seattle is Olympia.

The capital of the state containing Seattle is"
washington_seattle__to__west_virginia_huntington,washington_seattle,Washington,Olympia,west_virginia_huntington,West Virginia,Charleston,4,TARGET_STATE_CITY,"Seattle, Parkersburg",Found 'Parkersburg' which is in West Virginia (not capital),"<bos><bos>The capital of the state containing Seattle is Putnam County is <strong>Parkersburg</strong>.

<h3>"
washington_seattle__to__wisconsin_milwaukee,washington_seattle,Washington,Olympia,wisconsin_milwaukee,Wisconsin,Madison,5,PERFECT,"Seattle, Madison",Target capital 'Madison' found in output,"<bos><bos>The capital of the state containing Seattle is’s largest city, Madison is a great place to"
washington_seattle__to__wyoming_casper,washington_seattle,Washington,Olympia,wyoming_casper,Wyoming,Cheyenne,1,SOURCE_PERSISTS,"Olympia, Seattle",Source capital 'Olympia' still in output,"<bos><bos>The capital of the state containing Seattle isμως, Olympia is a city that is very much alive"
west_virginia_huntington__to__alabama_birmingham,west_virginia_huntington,West Virginia,Charleston,alabama_birmingham,Alabama,Montgomery,4,TARGET_STATE_CITY,"Birmingham, Huntington",Found 'Birmingham' which is in Alabama (not capital),"<bos><bos>The capital of the state containing Huntington is’s largest city, Birmingham is a great place to"
west_virginia_huntington__to__alaska_anchorage,west_virginia_huntington,West Virginia,Charleston,alaska_anchorage,Alaska,Juneau,0,WRONG_STATE,"New York, Huntington",Found 'New York' which is in New York (neither source nor target),"<bos><bos>The capital of the state containing Huntington is Borough, New York, is <strong>Huntington</strong>"
west_virginia_huntington__to__arizona_tucson,west_virginia_huntington,West Virginia,Charleston,arizona_tucson,Arizona,Phoenix,5,PERFECT,"Phoenix, Huntington",Target capital 'Phoenix' found in output,"<bos><bos>The capital of the state containing Huntington is’s largest city, Phoenix is a great place to"
west_virginia_huntington__to__arkansas_fayetteville,west_virginia_huntington,West Virginia,Charleston,arkansas_fayetteville,Arkansas,Little Rock,1,SOURCE_PERSISTS,"Charleston, Huntington",Source capital 'Charleston' still in output,"<bos><bos>The capital of the state containing Huntington is, West Virginia, is Charleston.

The capital of"
west_virginia_huntington__to__california_oakland,west_virginia_huntington,West Virginia,Charleston,california_oakland,California,Sacramento,4,TARGET_STATE_CITY,"San Francisco, Huntington",Found 'San Francisco' which is in California (not capital),"<bos><bos>The capital of the state containing Huntington is’s largest city, San Francisco is a great place"
west_virginia_huntington__to__colorado_colorado_springs,west_virginia_huntington,West Virginia,Charleston,colorado_colorado_springs,Colorado,Denver,5,PERFECT,"Denver, Springs, Huntington",Target capital 'Denver' found in output,"<bos><bos>The capital of the state containing Huntington is Springs, the city of Denver is a great place to"
west_virginia_huntington__to__connecticut_bridgeport,west_virginia_huntington,West Virginia,Charleston,connecticut_bridgeport,Connecticut,Hartford,4,TARGET_STATE_CITY,"New Haven, Huntington",Found 'New Haven' which is in Connecticut (not capital),"<bos><bos>The capital of the state containing Huntington is shoreline, New Haven is a city that has been around"
west_virginia_huntington__to__delaware_wilmington,west_virginia_huntington,West Virginia,Charleston,delaware_wilmington,Delaware,Dover,2,SUPPRESSED_ONLY,Huntington,"Source suppressed, no geographic content detected","<bos><bos>The capital of the state containing Huntington is County, West Virginia, is Huntington.

The city"
west_virginia_huntington__to__florida_miami,west_virginia_huntington,West Virginia,Charleston,florida_miami,Florida,Tallahassee,5,PERFECT,"Tallahassee, Keys, Huntington",Target capital 'Tallahassee' found in output,"<bos><bos>The capital of the state containing Huntington is Keys, the city of Tallahassee is a great place to"
west_virginia_huntington__to__georgia_savannah,west_virginia_huntington,West Virginia,Charleston,georgia_savannah,Georgia,Atlanta,1,SOURCE_PERSISTS,"Charleston, Huntington",Source capital 'Charleston' still in output,"<bos><bos>The capital of the state containing Huntington is's largest city, Charleston is a great place to"
west_virginia_huntington__to__hawaii_hilo,west_virginia_huntington,West Virginia,Charleston,hawaii_hilo,Hawaii,Honolulu,5,PERFECT,"Honolulu, Huntington",Target capital 'Honolulu' found in output,"<bos><bos>The capital of the state containing Huntington is hale, Hawaii, is Honolulu.

The capital of"
west_virginia_huntington__to__idaho_idaho_falls,west_virginia_huntington,West Virginia,Charleston,idaho_idaho_falls,Idaho,Boise,5,PERFECT,"Boise, Huntington",Target capital 'Boise' found in output,"<bos><bos>The capital of the state containing Huntington is’s largest city, <strong>Boise</strong> is"
west_virginia_huntington__to__illinois_chicago,west_virginia_huntington,West Virginia,Charleston,illinois_chicago,Illinois,Springfield,4,TARGET_STATE_CITY,"Chicago, Huntington",Found 'Chicago' which is in Illinois (not capital),"<bos><bos>The capital of the state containing Huntington is’s largest city, Chicago is one of the most"
west_virginia_huntington__to__indiana_fort_wayne,west_virginia_huntington,West Virginia,Charleston,indiana_fort_wayne,Indiana,Indianapolis,4,TARGET_STATE_CITY,"Gary, Huntington",Found 'Gary' which is in Indiana (not capital),"<bos><bos>The capital of the state containing Huntington is Crown Point, Indiana, is <strong>Gary</strong>."
west_virginia_huntington__to__iowa_cedar_rapids,west_virginia_huntington,West Virginia,Charleston,iowa_cedar_rapids,Iowa,Des Moines,5,PERFECT,"Des Moines, Huntington",Target capital 'Des Moines' found in output,"<bos><bos>The capital of the state containing Huntington is Iowa, Des Moines, is a city of 1"
west_virginia_huntington__to__kansas_wichita,west_virginia_huntington,West Virginia,Charleston,kansas_wichita,Kansas,Topeka,4,TARGET_STATE_CITY,"Kansas City, Huntington",Found 'Kansas City' which is in Kansas (not capital),"<bos><bos>The capital of the state containing Huntington is, Kansas City is a city that has a lot to"
west_virginia_huntington__to__kentucky_louisville,west_virginia_huntington,West Virginia,Charleston,kentucky_louisville,Kentucky,Frankfort,4,TARGET_STATE_CITY,"Lexington, Huntington",Found 'Lexington' which is in Kentucky (not capital),"<bos><bos>The capital of the state containing Huntington is’s largest city, Lexington is a great place to"
west_virginia_huntington__to__louisiana_new_orleans,west_virginia_huntington,West Virginia,Charleston,louisiana_new_orleans,Louisiana,Baton Rouge,4,TARGET_STATE_CITY,"New Orleans, Huntington",Found 'New Orleans' which is in Louisiana (not capital),"<bos><bos>The capital of the state containing Huntington is Barataria, the capital of Louisiana, is New Orleans"
west_virginia_huntington__to__maine_portland,west_virginia_huntington,West Virginia,Charleston,maine_portland,Maine,Augusta,2,SUPPRESSED_ONLY,Huntington,"Source suppressed, no geographic content detected","<bos><bos>The capital of the state containing Huntington is:

The capital of the state containing Huntington is "
west_virginia_huntington__to__maryland_baltimore,west_virginia_huntington,West Virginia,Charleston,maryland_baltimore,Maryland,Annapolis,1,SOURCE_PERSISTS,"Charleston, Huntington",Source capital 'Charleston' still in output,"<bos><bos>The capital of the state containing Huntington is’s largest city, Charleston is a great place to"
west_virginia_huntington__to__massachusetts_worcester,west_virginia_huntington,West Virginia,Charleston,massachusetts_worcester,Massachusetts,Boston,4,TARGET_STATE_CITY,"Worcester, Huntington",Found 'Worcester' which is in Massachusetts (not capital),"<bos><bos>The capital of the state containing Huntington is:

The capital of the state containing Worcester:

"
west_virginia_huntington__to__michigan_detroit,west_virginia_huntington,West Virginia,Charleston,michigan_detroit,Michigan,Lansing,4,TARGET_STATE_CITY,"Detroit, Huntington",Found 'Detroit' which is in Michigan (not capital),"<bos><bos>The capital of the state containing Huntington is’s largest city, Detroit was once a major industrial"
west_virginia_huntington__to__minnesota_minneapolis,west_virginia_huntington,West Virginia,Charleston,minnesota_minneapolis,Minnesota,Saint Paul,4,TARGET_STATE_CITY,"St. Paul, Huntington",Found 'St. Paul' which is in Minnesota (not capital),"<bos><bos>The capital of the state containing Huntington is’s largest city, St. Paul is a city"
west_virginia_huntington__to__mississippi_gulfport,west_virginia_huntington,West Virginia,Charleston,mississippi_gulfport,Mississippi,Jackson,2,SUPPRESSED_ONLY,Huntington,"Source suppressed, no geographic content detected","<bos><bos>The capital of the state containing Huntington is in West Virginia.

The state of West Virginia has"
west_virginia_huntington__to__missouri_kansas_city,west_virginia_huntington,West Virginia,Charleston,missouri_kansas_city,Missouri,Jefferson City,1,SOURCE_PERSISTS,"Charleston, Huntington",Source capital 'Charleston' still in output,"<bos><bos>The capital of the state containing Huntington is’s largest city, Charleston is a great place to"
west_virginia_huntington__to__montana_billings,west_virginia_huntington,West Virginia,Charleston,montana_billings,Montana,Helena,2,SUPPRESSED_ONLY,Huntington,"Source suppressed, no geographic content detected","<bos><bos>The capital of the state containing Huntington is﻿// <summary>
// The main entry point for"
west_virginia_huntington__to__nebraska_omaha,west_virginia_huntington,West Virginia,Charleston,nebraska_omaha,Nebraska,Lincoln,2,SUPPRESSED_ONLY,Huntington,"Source suppressed, no geographic content detected",<bos><bos>The capital of the state containing Huntington is nahilalakip hailing from the 1800s
west_virginia_huntington__to__nevada_las_vegas,west_virginia_huntington,West Virginia,Charleston,nevada_las_vegas,Nevada,Carson City,4,TARGET_STATE_CITY,"Las Vegas, Reno, Huntington",Found 'Las Vegas' which is in Nevada (not capital),"<bos><bos>The capital of the state containing Huntington isщs largest city, Las Vegas, is Reno."
west_virginia_huntington__to__new_hampshire_manchester,west_virginia_huntington,West Virginia,Charleston,new_hampshire_manchester,New Hampshire,Concord,2,SUPPRESSED_ONLY,Huntington,"Source suppressed, no geographic content detected","<bos><bos>The capital of the state containing Huntington is:

The capital of the state containing Huntington is "
west_virginia_huntington__to__new_jersey_newark,west_virginia_huntington,West Virginia,Charleston,new_jersey_newark,New Jersey,Trenton,5,PERFECT,"Trenton, Huntington",Target capital 'Trenton' found in output,"<bos><bos>The capital of the state containing Huntington isSequentialGroup.com, New Jersey is Trenton.

The"
west_virginia_huntington__to__new_mexico_albuquerque,west_virginia_huntington,West Virginia,Charleston,new_mexico_albuquerque,New Mexico,Santa Fe,0,WRONG_STATE,"Albany, New York, Huntington",Found 'Albany' which is in Georgia (neither source nor target),"<bos><bos>The capital of the state containing Huntington is démocratique, New York, is <strong>Albany</strong>."
west_virginia_huntington__to__new_york_new_york_city,west_virginia_huntington,West Virginia,Charleston,new_york_new_york_city,New York,Albany,2,SUPPRESSED_ONLY,Huntington,Output contains nonsense/garbled tokens,"<bos><bos>The capital of the state containing Huntington isValueStyle.

The capital of the state containing Huntington Beach"
west_virginia_huntington__to__north_carolina_charlotte,west_virginia_huntington,West Virginia,Charleston,north_carolina_charlotte,North Carolina,Raleigh,2,SUPPRESSED_ONLY,Huntington,"Source suppressed, no geographic content detected","<bos><bos>The capital of the state containing Huntington isXmlAccessorType(
    @XmlSeeAlso({
        "
west_virginia_huntington__to__north_dakota_fargo,west_virginia_huntington,West Virginia,Charleston,north_dakota_fargo,North Dakota,Bismarck,2,SUPPRESSED_ONLY,Huntington,"Source suppressed, no geographic content detected","<bos><bos>The capital of the state containing Huntington is Theodore Roosevelt National Park, this city is a great place"
west_virginia_huntington__to__ohio_cleveland,west_virginia_huntington,West Virginia,Charleston,ohio_cleveland,Ohio,Columbus,5,PERFECT,"Columbus, Huntington",Target capital 'Columbus' found in output,"<bos><bos>The capital of the state containing Huntington is’s largest city, Columbus was founded in 1"
west_virginia_huntington__to__oklahoma_tulsa,west_virginia_huntington,West Virginia,Charleston,oklahoma_tulsa,Oklahoma,Oklahoma City,4,TARGET_STATE_CITY,"Tulsa, Huntington",Found 'Tulsa' which is in Oklahoma (not capital),"<bos><bos>The capital of the state containing Huntington isAddTagHelper, Oklahoma, is Tulsa.

The capital of"
west_virginia_huntington__to__oregon_portland,west_virginia_huntington,West Virginia,Charleston,oregon_portland,Oregon,Salem,1,SOURCE_PERSISTS,"Charleston, Huntington",Source capital 'Charleston' still in output,"<bos><bos>The capital of the state containing Huntington is’s largest city, Charleston is a great place to"
west_virginia_huntington__to__pennsylvania_philadelphia,west_virginia_huntington,West Virginia,Charleston,pennsylvania_philadelphia,Pennsylvania,Harrisburg,5,PERFECT,"Harrisburg, Huntington",Target capital 'Harrisburg' found in output,"<bos><bos>The capital of the state containing Huntington is’s largest city, Harrisburg is a great place to"
west_virginia_huntington__to__rhode_island_warwick,west_virginia_huntington,West Virginia,Charleston,rhode_island_warwick,Rhode Island,Providence,5,PERFECT,"Providence, Huntington",Target capital 'Providence' found in output,"<bos><bos>The capital of the state containing Huntington is Providance, RI.

The city of Providence has"
west_virginia_huntington__to__south_carolina_charleston,west_virginia_huntington,West Virginia,Charleston,south_carolina_charleston,South Carolina,Columbia,4,TARGET_STATE_CITY,"Charleston, Huntington",Found 'Charleston' which is in South Carolina (not capital),"<bos><bos>The capital of the state containing Huntington is Edisto Island, the city of Charleston, and the"
west_virginia_huntington__to__south_dakota_sioux_falls,west_virginia_huntington,West Virginia,Charleston,south_dakota_sioux_falls,South Dakota,Pierre,4,TARGET_STATE_CITY,"Sioux Falls, Huntington",Found 'Sioux Falls' which is in South Dakota (not capital),"<bos><bos>The capital of the state containing Huntington is’s largest city, Sioux Falls is a great place"
west_virginia_huntington__to__tennessee_memphis,west_virginia_huntington,West Virginia,Charleston,tennessee_memphis,Tennessee,Nashville,1,SOURCE_PERSISTS,"Charleston, Huntington",Source capital 'Charleston' still in output,"<bos><bos>The capital of the state containing Huntington is’s largest city, Charleston is a great place to"
west_virginia_huntington__to__texas_dallas,west_virginia_huntington,West Virginia,Charleston,texas_dallas,Texas,Austin,4,TARGET_STATE_CITY,"Tyler, Huntington",Found 'Tyler' which is in Texas (not capital),"<bos><bos>The capital of the state containing Huntington is County, Texas, is Tyler.

The population of"
west_virginia_huntington__to__utah_provo,west_virginia_huntington,West Virginia,Charleston,utah_provo,Utah,Salt Lake City,3,TARGET_STATE_ONLY,Huntington,Target state 'Utah' mentioned but no valid city found,"<bos><bos>The capital of the state containing Huntington is Tooele County, Utah, USA.

The city"
west_virginia_huntington__to__vermont_burlington,west_virginia_huntington,West Virginia,Charleston,vermont_burlington,Vermont,Montpelier,2,SUPPRESSED_ONLY,Huntington,"Source suppressed, no geographic content detected","<bos><bos>The capital of the state containing Huntington is?

The capital of the state containing Huntington?

"
west_virginia_huntington__to__virginia_virginia_beach,west_virginia_huntington,West Virginia,Charleston,virginia_virginia_beach,Virginia,Richmond,2,SUPPRESSED_ONLY,Huntington,"Source suppressed, no geographic content detected","<bos><bos>The capital of the state containing Huntington is Efq;s College, and the seat of government."
west_virginia_huntington__to__washington_seattle,west_virginia_huntington,West Virginia,Charleston,washington_seattle,Washington,Olympia,0,WRONG_STATE,"Providence, Huntington",Found 'Providence' which is in Rhode Island (neither source nor target),"<bos><bos>The capital of the state containing Huntington is Rhode Island, Providence is a city that has been around"
west_virginia_huntington__to__west_virginia_huntington,west_virginia_huntington,West Virginia,Charleston,west_virginia_huntington,West Virginia,Charleston,4,TARGET_STATE_CITY,Huntington,Found 'Huntington' which is in West Virginia (not capital),<bos><bos>The capital of the state containing Huntington is the city of Huntington. The population of Huntington is 
west_virginia_huntington__to__wisconsin_milwaukee,west_virginia_huntington,West Virginia,Charleston,wisconsin_milwaukee,Wisconsin,Madison,4,TARGET_STATE_CITY,"Huntington, Green Bay",Found 'Green Bay' which is in Wisconsin (not capital),"<bos><bos>The capital of the state containing Huntington is’s largest city, Green Bay is a great place"
west_virginia_huntington__to__wyoming_casper,west_virginia_huntington,West Virginia,Charleston,wyoming_casper,Wyoming,Cheyenne,2,SUPPRESSED_ONLY,Huntington,"Source suppressed, no geographic content detected","<bos><bos>The capital of the state containing Huntington isμως, the city of Huntington is a great place to"
wisconsin_milwaukee__to__alabama_birmingham,wisconsin_milwaukee,Wisconsin,Madison,alabama_birmingham,Alabama,Montgomery,1,SOURCE_PERSISTS,"Madison, Milwaukee",Source capital 'Madison' still in output,"<bos><bos>The capital of the state containing Milwaukee is’s largest city, Madison is a great place to"
wisconsin_milwaukee__to__alaska_anchorage,wisconsin_milwaukee,Wisconsin,Madison,alaska_anchorage,Alaska,Juneau,2,SUPPRESSED_ONLY,Milwaukee,"Source suppressed, no geographic content detected","<bos><bos>The capital of the state containing Milwaukee is Boroughs, Wisconsin is a city that has been around"
wisconsin_milwaukee__to__arizona_tucson,wisconsin_milwaukee,Wisconsin,Madison,arizona_tucson,Arizona,Phoenix,5,PERFECT,"Phoenix, Milwaukee",Target capital 'Phoenix' found in output,"<bos><bos>The capital of the state containing Milwaukee is’s largest city, Phoenix is a great place to"
wisconsin_milwaukee__to__arkansas_fayetteville,wisconsin_milwaukee,Wisconsin,Madison,arkansas_fayetteville,Arkansas,Little Rock,1,SOURCE_PERSISTS,"Madison, Milwaukee",Source capital 'Madison' still in output,"<bos><bos>The capital of the state containing Milwaukee is, Wisconsin is Madison. It was founded in 1"
wisconsin_milwaukee__to__california_oakland,wisconsin_milwaukee,Wisconsin,Madison,california_oakland,California,Sacramento,5,PERFECT,"Sacramento, Milwaukee",Target capital 'Sacramento' found in output,"<bos><bos>The capital of the state containing Milwaukee is’s largest city, Sacramento is a great place to"
wisconsin_milwaukee__to__colorado_colorado_springs,wisconsin_milwaukee,Wisconsin,Madison,colorado_colorado_springs,Colorado,Denver,4,TARGET_STATE_CITY,"Springs, Milwaukee",Found 'Springs' which is in Colorado (not capital),"<bos><bos>The capital of the state containing Milwaukee is Springs, Wisconsin, is a city that has been around"
wisconsin_milwaukee__to__connecticut_bridgeport,wisconsin_milwaukee,Wisconsin,Madison,connecticut_bridgeport,Connecticut,Hartford,2,SUPPRESSED_ONLY,Milwaukee,"Source suppressed, no geographic content detected",<bos><bos>The capital of the state containing Milwaukee is interpreting the constitution. The city was founded in 1
wisconsin_milwaukee__to__delaware_wilmington,wisconsin_milwaukee,Wisconsin,Madison,delaware_wilmington,Delaware,Dover,2,SUPPRESSED_ONLY,Milwaukee,"Source suppressed, no geographic content detected","<bos><bos>The capital of the state containing Milwaukee is County, Wisconsin, USA.

The city is located"
wisconsin_milwaukee__to__florida_miami,wisconsin_milwaukee,Wisconsin,Madison,florida_miami,Florida,Tallahassee,3,TARGET_STATE_ONLY,"Keyser, Milwaukee",Found 'Keyser' (ambiguous - could be FL university or WV city),"<bos><bos>The capital of the state containing Milwaukee is Keyser, the capital of the state of West Virginia"
wisconsin_milwaukee__to__georgia_savannah,wisconsin_milwaukee,Wisconsin,Madison,georgia_savannah,Georgia,Atlanta,1,SOURCE_PERSISTS,"Madison, Milwaukee",Source capital 'Madison' still in output,"<bos><bos>The capital of the state containing Milwaukee is's largest city, Madison is a great place to"
wisconsin_milwaukee__to__hawaii_hilo,wisconsin_milwaukee,Wisconsin,Madison,hawaii_hilo,Hawaii,Honolulu,2,SUPPRESSED_ONLY,Milwaukee,"Source suppressed, no geographic content detected","<bos><bos>The capital of the state containing Milwaukee is hale and hearty, the city of Milwaukee is a place"
wisconsin_milwaukee__to__idaho_idaho_falls,wisconsin_milwaukee,Wisconsin,Madison,idaho_idaho_falls,Idaho,Boise,2,SUPPRESSED_ONLY,Milwaukee,"Source suppressed, no geographic content detected","<bos><bos>The capital of the state containing Milwaukee is’s largest city, the <strong>capital of Wisconsin"
wisconsin_milwaukee__to__illinois_chicago,wisconsin_milwaukee,Wisconsin,Madison,illinois_chicago,Illinois,Springfield,4,TARGET_STATE_CITY,"Chicago, Milwaukee",Found 'Chicago' which is in Illinois (not capital),"<bos><bos>The capital of the state containing Milwaukee is’s largest city, Chicago is one of the most"
wisconsin_milwaukee__to__indiana_fort_wayne,wisconsin_milwaukee,Wisconsin,Madison,indiana_fort_wayne,Indiana,Indianapolis,2,SUPPRESSED_ONLY,Milwaukee,"Source suppressed, no geographic content detected","<bos><bos>The capital of the state containing Milwaukee is Efq;
of the United States, and the city"
wisconsin_milwaukee__to__iowa_cedar_rapids,wisconsin_milwaukee,Wisconsin,Madison,iowa_cedar_rapids,Iowa,Des Moines,5,PERFECT,"Des Moines, Milwaukee",Target capital 'Des Moines' found in output,"<bos><bos>The capital of the state containing Milwaukee is Iowa, Des Moines, is a city of 2"
wisconsin_milwaukee__to__kansas_wichita,wisconsin_milwaukee,Wisconsin,Madison,kansas_wichita,Kansas,Topeka,4,TARGET_STATE_CITY,"Kansas City, Milwaukee",Found 'Kansas City' which is in Kansas (not capital),"<bos><bos>The capital of the state containing Milwaukee is, Kansas City is a city that has a lot to"
wisconsin_milwaukee__to__kentucky_louisville,wisconsin_milwaukee,Wisconsin,Madison,kentucky_louisville,Kentucky,Frankfort,1,SOURCE_PERSISTS,"Madison, Milwaukee",Source capital 'Madison' still in output,"<bos><bos>The capital of the state containing Milwaukee is’s largest city, Madison is a great place to"
wisconsin_milwaukee__to__louisiana_new_orleans,wisconsin_milwaukee,Wisconsin,Madison,louisiana_new_orleans,Louisiana,Baton Rouge,2,SUPPRESSED_ONLY,Milwaukee,"Source suppressed, no geographic content detected",<bos><bos>The capital of the state containing Milwaukee is Barataria is the capital of the state. The city
wisconsin_milwaukee__to__maine_portland,wisconsin_milwaukee,Wisconsin,Madison,maine_portland,Maine,Augusta,2,SUPPRESSED_ONLY,Milwaukee,"Source suppressed, no geographic content detected",<bos><bos>The capital of the state containing Milwaukee isAnd the <strong>Milwaukee Bucks</strong> They are one of
wisconsin_milwaukee__to__maryland_baltimore,wisconsin_milwaukee,Wisconsin,Madison,maryland_baltimore,Maryland,Annapolis,1,SOURCE_PERSISTS,"Madison, Milwaukee",Source capital 'Madison' still in output,"<bos><bos>The capital of the state containing Milwaukee is’s largest city, Madison is a great place to"
wisconsin_milwaukee__to__massachusetts_worcester,wisconsin_milwaukee,Wisconsin,Madison,massachusetts_worcester,Massachusetts,Boston,2,SUPPRESSED_ONLY,Milwaukee,"Source suppressed, no geographic content detected","<bos><bos>The capital of the state containing Milwaukee is:

The capital of the state of Wisconsin is:"
wisconsin_milwaukee__to__michigan_detroit,wisconsin_milwaukee,Wisconsin,Madison,michigan_detroit,Michigan,Lansing,5,PERFECT,"Lansing, Milwaukee",Target capital 'Lansing' found in output,"<bos><bos>The capital of the state containing Milwaukee is’s largest city, Lansing was founded in 1"
wisconsin_milwaukee__to__minnesota_minneapolis,wisconsin_milwaukee,Wisconsin,Madison,minnesota_minneapolis,Minnesota,Saint Paul,4,TARGET_STATE_CITY,"St. Paul, Milwaukee",Found 'St. Paul' which is in Minnesota (not capital),"<bos><bos>The capital of the state containing Milwaukee is’s largest city, St. Paul is a city"
wisconsin_milwaukee__to__mississippi_gulfport,wisconsin_milwaukee,Wisconsin,Madison,mississippi_gulfport,Mississippi,Jackson,1,SOURCE_PERSISTS,"Madison, Milwaukee",Source capital 'Madison' still in output,"<bos><bos>The capital of the state containing Milwaukee is is Madison.

The state of Wisconsin has 7"
wisconsin_milwaukee__to__missouri_kansas_city,wisconsin_milwaukee,Wisconsin,Madison,missouri_kansas_city,Missouri,Jefferson City,1,SOURCE_PERSISTS,"Madison, Milwaukee",Source capital 'Madison' still in output,"<bos><bos>The capital of the state containing Milwaukee is’s largest city, Madison is a great place to"
wisconsin_milwaukee__to__montana_billings,wisconsin_milwaukee,Wisconsin,Madison,montana_billings,Montana,Helena,4,TARGET_STATE_CITY,"Hi-Line, Milwaukee",Found 'Hi-Line' which is in Montana (not capital),"<bos><bos>The capital of the state containing Milwaukee is Hi-Line, the only state in the nation with"
wisconsin_milwaukee__to__nebraska_omaha,wisconsin_milwaukee,Wisconsin,Madison,nebraska_omaha,Nebraska,Lincoln,2,SUPPRESSED_ONLY,Milwaukee,"Source suppressed, no geographic content detected","<bos><bos>The capital of the state containing Milwaukee is nahilalakip ha 210,000 residents"
wisconsin_milwaukee__to__nevada_las_vegas,wisconsin_milwaukee,Wisconsin,Madison,nevada_las_vegas,Nevada,Carson City,4,TARGET_STATE_CITY,"Las Vegas, Milwaukee",Found 'Las Vegas' which is in Nevada (not capital),"<bos><bos>The capital of the state containing Milwaukee isщs largest city, Las Vegas, and the home"
wisconsin_milwaukee__to__new_hampshire_manchester,wisconsin_milwaukee,Wisconsin,Madison,new_hampshire_manchester,New Hampshire,Concord,1,SOURCE_PERSISTS,"Madison, Milwaukee",Source capital 'Madison' still in output,"<bos><bos>The capital of the state containing Milwaukee is:

The capital of the state of Wisconsin is Madison"
wisconsin_milwaukee__to__new_jersey_newark,wisconsin_milwaukee,Wisconsin,Madison,new_jersey_newark,New Jersey,Trenton,2,SUPPRESSED_ONLY,Milwaukee,"Source suppressed, no geographic content detected","<bos><bos>The capital of the state containing Milwaukee isSequentialGroup.

The capital of the state containing Milwaukee,"
wisconsin_milwaukee__to__new_mexico_albuquerque,wisconsin_milwaukee,Wisconsin,Madison,new_mexico_albuquerque,New Mexico,Santa Fe,2,SUPPRESSED_ONLY,Milwaukee,"Source suppressed, no geographic content detected","<bos><bos>The capital of the state containing Milwaukee is démocratique, Wisconsin, is a city that has been around"
wisconsin_milwaukee__to__new_york_new_york_city,wisconsin_milwaukee,Wisconsin,Madison,new_york_new_york_city,New York,Albany,2,SUPPRESSED_ONLY,Milwaukee,Output contains nonsense/garbled tokens,"<bos><bos>The capital of the state containing Milwaukee isValueStyle.

The capital of the state containing Milwaukee."
wisconsin_milwaukee__to__north_carolina_charlotte,wisconsin_milwaukee,Wisconsin,Madison,north_carolina_charlotte,North Carolina,Raleigh,2,SUPPRESSED_ONLY,Milwaukee,"Source suppressed, no geographic content detected","<bos><bos>The capital of the state containing Milwaukee isXmlAccessorType(
    @XmlSeeAlso({
        "
wisconsin_milwaukee__to__north_dakota_fargo,wisconsin_milwaukee,Wisconsin,Madison,north_dakota_fargo,North Dakota,Bismarck,5,PERFECT,"Bismarck, Milwaukee",Target capital 'Bismarck' found in output,"<bos><bos>The capital of the state containing Milwaukee is Theodore Roosevelt National Park, North Dakota is Bismarck.

"
wisconsin_milwaukee__to__ohio_cleveland,wisconsin_milwaukee,Wisconsin,Madison,ohio_cleveland,Ohio,Columbus,5,PERFECT,"Columbus, Milwaukee",Target capital 'Columbus' found in output,"<bos><bos>The capital of the state containing Milwaukee is’s largest city, Columbus was founded in 1"
wisconsin_milwaukee__to__oklahoma_tulsa,wisconsin_milwaukee,Wisconsin,Madison,oklahoma_tulsa,Oklahoma,Oklahoma City,4,TARGET_STATE_CITY,"Tulsa, Milwaukee",Found 'Tulsa' which is in Oklahoma (not capital),"<bos><bos>The capital of the state containing Milwaukee isAddTagHelper.

The capital of the state containing Tulsa and"
wisconsin_milwaukee__to__oregon_portland,wisconsin_milwaukee,Wisconsin,Madison,oregon_portland,Oregon,Salem,1,SOURCE_PERSISTS,"Madison, Milwaukee",Source capital 'Madison' still in output,"<bos><bos>The capital of the state containing Milwaukee is’s largest city, Madison is a great place to"
wisconsin_milwaukee__to__pennsylvania_philadelphia,wisconsin_milwaukee,Wisconsin,Madison,pennsylvania_philadelphia,Pennsylvania,Harrisburg,4,TARGET_STATE_CITY,"Philadelphia, Milwaukee",Found 'Philadelphia' which is in Pennsylvania (not capital),"<bos><bos>The capital of the state containing Milwaukee is’s largest city, Philadelphia was founded in 1"
wisconsin_milwaukee__to__rhode_island_warwick,wisconsin_milwaukee,Wisconsin,Madison,rhode_island_warwick,Rhode Island,Providence,5,PERFECT,"Providence, Milwaukee",Target capital 'Providence' found in output,"<bos><bos>The capital of the state containing Milwaukee is Providential Providence, Rhode Island, is a great place"
wisconsin_milwaukee__to__south_carolina_charleston,wisconsin_milwaukee,Wisconsin,Madison,south_carolina_charleston,South Carolina,Columbia,3,TARGET_STATE_ONLY,Milwaukee,Target state 'South Carolina' mentioned but no valid city found,"<bos><bos>The capital of the state containing Milwaukee is Edisto Island, South Carolina is a great place to"
wisconsin_milwaukee__to__south_dakota_sioux_falls,wisconsin_milwaukee,Wisconsin,Madison,south_dakota_sioux_falls,South Dakota,Pierre,1,SOURCE_PERSISTS,"Madison, Milwaukee",Source capital 'Madison' still in output,"<bos><bos>The capital of the state containing Milwaukee is’s largest city, Madison is a great place to"
wisconsin_milwaukee__to__tennessee_memphis,wisconsin_milwaukee,Wisconsin,Madison,tennessee_memphis,Tennessee,Nashville,1,SOURCE_PERSISTS,"Madison, Milwaukee",Source capital 'Madison' still in output,"<bos><bos>The capital of the state containing Milwaukee is’s largest city, Madison is a great place to"
wisconsin_milwaukee__to__texas_dallas,wisconsin_milwaukee,Wisconsin,Madison,texas_dallas,Texas,Austin,3,TARGET_STATE_ONLY,Milwaukee,Target state 'Texas' mentioned but no valid city found,"<bos><bos>The capital of the state containing Milwaukee is County, Texas, is a city that has been around"
wisconsin_milwaukee__to__utah_provo,wisconsin_milwaukee,Wisconsin,Madison,utah_provo,Utah,Salt Lake City,2,SUPPRESSED_ONLY,Milwaukee,"Source suppressed, no geographic content detected","<bos><bos>The capital of the state containing Milwaukee is Too much to do in one day?

* "
wisconsin_milwaukee__to__vermont_burlington,wisconsin_milwaukee,Wisconsin,Madison,vermont_burlington,Vermont,Montpelier,3,TARGET_STATE_ONLY,Milwaukee,Target state 'Vermont' mentioned but no valid city found,"<bos><bos>The capital of the state containing Milwaukee is Shelburne Falls, Vermont, was founded in 1"
wisconsin_milwaukee__to__virginia_virginia_beach,wisconsin_milwaukee,Wisconsin,Madison,virginia_virginia_beach,Virginia,Richmond,2,SUPPRESSED_ONLY,Milwaukee,"Source suppressed, no geographic content detected","<bos><bos>The capital of the state containing Milwaukee is Efq;
and the only city in the United States"
wisconsin_milwaukee__to__washington_seattle,wisconsin_milwaukee,Wisconsin,Madison,washington_seattle,Washington,Olympia,2,SUPPRESSED_ONLY,Milwaukee,"Source suppressed, no geographic content detected",<bos><bos>The capital of the state containing Milwaukee is the largest city in Wisconsin. It is located on the
wisconsin_milwaukee__to__west_virginia_huntington,wisconsin_milwaukee,Wisconsin,Madison,west_virginia_huntington,West Virginia,Charleston,4,TARGET_STATE_CITY,"Parkersburg, Milwaukee",Found 'Parkersburg' which is in West Virginia (not capital),"<bos><bos>The capital of the state containing Milwaukee is Putnam County is <strong>Parkersburg</strong>.

<h3>"
wisconsin_milwaukee__to__wisconsin_milwaukee,wisconsin_milwaukee,Wisconsin,Madison,wisconsin_milwaukee,Wisconsin,Madison,4,TARGET_STATE_CITY,Milwaukee,Found 'Milwaukee' which is in Wisconsin (not capital),"<bos><bos>The capital of the state containing Milwaukee is Milwaukee.

The capital of the state containing Milwaukee is"
wisconsin_milwaukee__to__wyoming_casper,wisconsin_milwaukee,Wisconsin,Madison,wyoming_casper,Wyoming,Cheyenne,1,SOURCE_PERSISTS,"Madison, Milwaukee",Source capital 'Madison' still in output,"<bos><bos>The capital of the state containing Milwaukee isμως, Wisconsin, Madison is a city that has been"
wyoming_casper__to__alabama_birmingham,wyoming_casper,Wyoming,Cheyenne,alabama_birmingham,Alabama,Montgomery,2,SUPPRESSED_ONLY,Casper,"Source suppressed, no geographic content detected","<bos><bos>The capital of the state containing Casper is’s population is 15,000"
wyoming_casper__to__alaska_anchorage,wyoming_casper,Wyoming,Cheyenne,alaska_anchorage,Alaska,Juneau,1,SOURCE_PERSISTS,"Cheyenne, Casper",Source capital 'Cheyenne' still in output,"<bos><bos>The capital of the state containing Casper is's largest city, Cheyenne, is the largest city"
wyoming_casper__to__arizona_tucson,wyoming_casper,Wyoming,Cheyenne,arizona_tucson,Arizona,Phoenix,2,SUPPRESSED_ONLY,Casper,"Source suppressed, no geographic content detected","<bos><bos>The capital of the state containing Casper is’s population is 150,00"
wyoming_casper__to__arkansas_fayetteville,wyoming_casper,Wyoming,Cheyenne,arkansas_fayetteville,Arkansas,Little Rock,1,SOURCE_PERSISTS,"Cheyenne, Casper",Source capital 'Cheyenne' still in output,"<bos><bos>The capital of the state containing Casper is, Wyoming is Cheyenne.

The city of Cheyenne has"
wyoming_casper__to__california_oakland,wyoming_casper,Wyoming,Cheyenne,california_oakland,California,Sacramento,2,SUPPRESSED_ONLY,Casper,"Source suppressed, no geographic content detected","<bos><bos>The capital of the state containing Casper is’s population is 150,00"
wyoming_casper__to__colorado_colorado_springs,wyoming_casper,Wyoming,Cheyenne,colorado_colorado_springs,Colorado,Denver,4,TARGET_STATE_CITY,"Springs, Cheyenne, Casper",Found 'Springs' which is in Colorado (not capital),"<bos><bos>The capital of the state containing Casper is Springs, Wyoming, is Cheyenne.

The population of"
wyoming_casper__to__connecticut_bridgeport,wyoming_casper,Wyoming,Cheyenne,connecticut_bridgeport,Connecticut,Hartford,2,SUPPRESSED_ONLY,Casper,"Source suppressed, no geographic content detected",<bos><bos>The capital of the state containing Casper is interpreting the constitution. The city was founded in 1
wyoming_casper__to__delaware_wilmington,wyoming_casper,Wyoming,Cheyenne,delaware_wilmington,Delaware,Dover,1,SOURCE_PERSISTS,"Cheyenne, Casper",Source capital 'Cheyenne' still in output,"<bos><bos>The capital of the state containing Casper is County, Wyoming, is Cheyenne. The city is located"
wyoming_casper__to__florida_miami,wyoming_casper,Wyoming,Cheyenne,florida_miami,Florida,Tallahassee,3,TARGET_STATE_ONLY,"Keyser, Casper",Found 'Keyser' (ambiguous - could be FL university or WV city),"<bos><bos>The capital of the state containing Casper is Keyser, the capital of the state of West Virginia"
wyoming_casper__to__georgia_savannah,wyoming_casper,Wyoming,Cheyenne,georgia_savannah,Georgia,Atlanta,1,SOURCE_PERSISTS,"Cheyenne, Casper",Source capital 'Cheyenne' still in output,"<bos><bos>The capital of the state containing Casper is's largest city, Cheyenne, is the home of"
wyoming_casper__to__hawaii_hilo,wyoming_casper,Wyoming,Cheyenne,hawaii_hilo,Hawaii,Honolulu,1,SOURCE_PERSISTS,"Cheyenne, Casper",Source capital 'Cheyenne' still in output,"<bos><bos>The capital of the state containing Casper is hale, Wyoming, is Cheyenne.

The capital of"
wyoming_casper__to__idaho_idaho_falls,wyoming_casper,Wyoming,Cheyenne,idaho_idaho_falls,Idaho,Boise,1,SOURCE_PERSISTS,"Cheyenne, Casper",Source capital 'Cheyenne' still in output,"<bos><bos>The capital of the state containing Casper is’s largest city, Cheyenne is a great place to"
wyoming_casper__to__illinois_chicago,wyoming_casper,Wyoming,Cheyenne,illinois_chicago,Illinois,Springfield,2,SUPPRESSED_ONLY,Casper,"Source suppressed, no geographic content detected","<bos><bos>The capital of the state containing Casper is’s population is 150,00"
wyoming_casper__to__indiana_fort_wayne,wyoming_casper,Wyoming,Cheyenne,indiana_fort_wayne,Indiana,Indianapolis,2,SUPPRESSED_ONLY,Casper,"Source suppressed, no geographic content detected","<bos><bos>The capital of the state containing Casper is Crowned by the highest mountain in the state, Wyoming"
wyoming_casper__to__iowa_cedar_rapids,wyoming_casper,Wyoming,Cheyenne,iowa_cedar_rapids,Iowa,Des Moines,5,PERFECT,"Des Moines, Casper",Target capital 'Des Moines' found in output,"<bos><bos>The capital of the state containing Casper is Iowa, Des Moines.

The city of Des Moines"
wyoming_casper__to__kansas_wichita,wyoming_casper,Wyoming,Cheyenne,kansas_wichita,Kansas,Topeka,2,SUPPRESSED_ONLY,Casper,"Source suppressed, no geographic content detected","<bos><bos>The capital of the state containing Casper is, Wyoming is the largest city in the state. It"
wyoming_casper__to__kentucky_louisville,wyoming_casper,Wyoming,Cheyenne,kentucky_louisville,Kentucky,Frankfort,1,SOURCE_PERSISTS,"Cheyenne, Casper",Source capital 'Cheyenne' still in output,"<bos><bos>The capital of the state containing Casper is’s largest city, Cheyenne, is the home of"
wyoming_casper__to__louisiana_new_orleans,wyoming_casper,Wyoming,Cheyenne,louisiana_new_orleans,Louisiana,Baton Rouge,4,TARGET_STATE_CITY,"New Orleans, Casper",Found 'New Orleans' which is in Louisiana (not capital),"<bos><bos>The capital of the state containing Casper is Barataria, the capital of Louisiana, is New Orleans"
wyoming_casper__to__maine_portland,wyoming_casper,Wyoming,Cheyenne,maine_portland,Maine,Augusta,1,SOURCE_PERSISTS,"Cheyenne, Casper",Source capital 'Cheyenne' still in output,"<bos><bos>The capital of the state containing Casper is’s largest city, Cheyenne is a great place to"
wyoming_casper__to__maryland_baltimore,wyoming_casper,Wyoming,Cheyenne,maryland_baltimore,Maryland,Annapolis,1,SOURCE_PERSISTS,"Cheyenne, Casper",Source capital 'Cheyenne' still in output,"<bos><bos>The capital of the state containing Casper is’s largest city, Cheyenne, is a great place"
wyoming_casper__to__massachusetts_worcester,wyoming_casper,Wyoming,Cheyenne,massachusetts_worcester,Massachusetts,Boston,5,PERFECT,"Boston, Casper",Target capital 'Boston' found in output,"<bos><bos>The capital of the state containing Casper is:

The capital of the state containing Boston:

"
wyoming_casper__to__michigan_detroit,wyoming_casper,Wyoming,Cheyenne,michigan_detroit,Michigan,Lansing,4,TARGET_STATE_CITY,"Grand Rapids, Casper",Found 'Grand Rapids' which is in Michigan (not capital),"<bos><bos>The capital of the state containing Casper is’s largest city, Grand Rapids is a great place"
wyoming_casper__to__minnesota_minneapolis,wyoming_casper,Wyoming,Cheyenne,minnesota_minneapolis,Minnesota,Saint Paul,1,SOURCE_PERSISTS,"Cheyenne, Casper",Source capital 'Cheyenne' still in output,"<bos><bos>The capital of the state containing Casper is’s largest city, Cheyenne is a great place to"
wyoming_casper__to__mississippi_gulfport,wyoming_casper,Wyoming,Cheyenne,mississippi_gulfport,Mississippi,Jackson,2,SUPPRESSED_ONLY,Casper,"Source suppressed, no geographic content detected","<bos><bos>The capital of the state containing Casper is in Wyoming.

The city of Casper is located in"
wyoming_casper__to__missouri_kansas_city,wyoming_casper,Wyoming,Cheyenne,missouri_kansas_city,Missouri,Jefferson City,1,SOURCE_PERSISTS,"Cheyenne, Casper",Source capital 'Cheyenne' still in output,"<bos><bos>The capital of the state containing Casper is’s population is Cheyenne.

The state of Wyoming"
wyoming_casper__to__montana_billings,wyoming_casper,Wyoming,Cheyenne,montana_billings,Montana,Helena,4,TARGET_STATE_CITY,"Billings, Hi-Line, Casper",Found 'Billings' which is in Montana (not capital),"<bos><bos>The capital of the state containing Casper is Hi-Line, Montana, is Billings.

The"
wyoming_casper__to__nebraska_omaha,wyoming_casper,Wyoming,Cheyenne,nebraska_omaha,Nebraska,Lincoln,2,SUPPRESSED_ONLY,Casper,"Source suppressed, no geographic content detected",<bos><bos>The capital of the state containing Casper is nahilalakip hailing from the 1800s
wyoming_casper__to__nevada_las_vegas,wyoming_casper,Wyoming,Cheyenne,nevada_las_vegas,Nevada,Carson City,4,TARGET_STATE_CITY,"Las Vegas, Casper",Found 'Las Vegas' which is in Nevada (not capital),"<bos><bos>The capital of the state containing Casper isщs largest city, Las Vegas, is one of"
wyoming_casper__to__new_hampshire_manchester,wyoming_casper,Wyoming,Cheyenne,new_hampshire_manchester,New Hampshire,Concord,1,SOURCE_PERSISTS,"Cheyenne, Casper",Source capital 'Cheyenne' still in output,"<bos><bos>The capital of the state containing Casper is:

The capital of the state containing Casper is Cheyenne"
wyoming_casper__to__new_jersey_newark,wyoming_casper,Wyoming,Cheyenne,new_jersey_newark,New Jersey,Trenton,2,SUPPRESSED_ONLY,Casper,"Source suppressed, no geographic content detected","<bos><bos>The capital of the state containing Casper isSequentialGroup.

The capital of the state containing CasperSequentialGroup"
wyoming_casper__to__new_mexico_albuquerque,wyoming_casper,Wyoming,Cheyenne,new_mexico_albuquerque,New Mexico,Santa Fe,1,SOURCE_PERSISTS,"Cheyenne, Casper",Source capital 'Cheyenne' still in output,"<bos><bos>The capital of the state containing Casper is démocratique, Wyoming, is Cheyenne.

The population of"
wyoming_casper__to__new_york_new_york_city,wyoming_casper,Wyoming,Cheyenne,new_york_new_york_city,New York,Albany,2,SUPPRESSED_ONLY,Casper,Output contains nonsense/garbled tokens,"<bos><bos>The capital of the state containing Casper isValueStyle.

The capital of the state containing Casper."
wyoming_casper__to__north_carolina_charlotte,wyoming_casper,Wyoming,Cheyenne,north_carolina_charlotte,North Carolina,Raleigh,2,SUPPRESSED_ONLY,Casper,"Source suppressed, no geographic content detected","<bos><bos>The capital of the state containing Casper isXmlAccessorType(Annotation)
    public class Person {
"
wyoming_casper__to__north_dakota_fargo,wyoming_casper,Wyoming,Cheyenne,north_dakota_fargo,North Dakota,Bismarck,3,TARGET_STATE_ONLY,Casper,Target state 'North Dakota' mentioned but no valid city found,"<bos><bos>The capital of the state containing Casper is Bottineau, North Dakota is a city with a"
wyoming_casper__to__ohio_cleveland,wyoming_casper,Wyoming,Cheyenne,ohio_cleveland,Ohio,Columbus,1,SOURCE_PERSISTS,"Cheyenne, Casper",Source capital 'Cheyenne' still in output,"<bos><bos>The capital of the state containing Casper is’s largest city, Cheyenne, is the home of"
wyoming_casper__to__oklahoma_tulsa,wyoming_casper,Wyoming,Cheyenne,oklahoma_tulsa,Oklahoma,Oklahoma City,3,TARGET_STATE_ONLY,Casper,Target state 'Oklahoma' mentioned but no valid city found,"<bos><bos>The capital of the state containing Casper isAddTagHelper, Oklahoma, is a city that has been around"
wyoming_casper__to__oregon_portland,wyoming_casper,Wyoming,Cheyenne,oregon_portland,Oregon,Salem,2,SUPPRESSED_ONLY,Casper,"Source suppressed, no geographic content detected","<bos><bos>The capital of the state containing Casper is’s population is 15,000"
wyoming_casper__to__pennsylvania_philadelphia,wyoming_casper,Wyoming,Cheyenne,pennsylvania_philadelphia,Pennsylvania,Harrisburg,5,PERFECT,"Harrisburg, Casper",Target capital 'Harrisburg' found in output,"<bos><bos>The capital of the state containing Casper is’s largest city, Harrisburg is a great place to"
wyoming_casper__to__rhode_island_warwick,wyoming_casper,Wyoming,Cheyenne,rhode_island_warwick,Rhode Island,Providence,5,PERFECT,"Providence, Casper",Target capital 'Providence' found in output,<bos><bos>The capital of the state containing Casper is Rhody is the city of <strong>Providence</strong>.
wyoming_casper__to__south_carolina_charleston,wyoming_casper,Wyoming,Cheyenne,south_carolina_charleston,South Carolina,Columbia,4,TARGET_STATE_CITY,"Charleston, Casper",Found 'Charleston' which is in South Carolina (not capital),"<bos><bos>The capital of the state containing Casper is Edisto Island, the city of Charleston, and the"
wyoming_casper__to__south_dakota_sioux_falls,wyoming_casper,Wyoming,Cheyenne,south_dakota_sioux_falls,South Dakota,Pierre,2,SUPPRESSED_ONLY,Casper,"Source suppressed, no geographic content detected","<bos><bos>The capital of the state containing Casper is’s population is 15,000"
wyoming_casper__to__tennessee_memphis,wyoming_casper,Wyoming,Cheyenne,tennessee_memphis,Tennessee,Nashville,4,TARGET_STATE_CITY,"Jackson, Casper",Found 'Jackson' which is in Tennessee (not capital),"<bos><bos>The capital of the state containing Casper is’s largest city, Jackson, is the home of"
wyoming_casper__to__texas_dallas,wyoming_casper,Wyoming,Cheyenne,texas_dallas,Texas,Austin,3,TARGET_STATE_ONLY,Casper,Target state 'Texas' mentioned but no valid city found,"<bos><bos>The capital of the state containing Casper is County, Texas, is San Angelo.

The city"
wyoming_casper__to__utah_provo,wyoming_casper,Wyoming,Cheyenne,utah_provo,Utah,Salt Lake City,2,SUPPRESSED_ONLY,Casper,"Source suppressed, no geographic content detected","<bos><bos>The capital of the state containing Casper is Perpetual Motion Machine, the world's largest wind turbine"
wyoming_casper__to__vermont_burlington,wyoming_casper,Wyoming,Cheyenne,vermont_burlington,Vermont,Montpelier,3,TARGET_STATE_ONLY,Casper,Target state 'Vermont' mentioned but no valid city found,"<bos><bos>The capital of the state containing Casper is Shelburne, Vermont, is a city that has been"
wyoming_casper__to__virginia_virginia_beach,wyoming_casper,Wyoming,Cheyenne,virginia_virginia_beach,Virginia,Richmond,2,SUPPRESSED_ONLY,Casper,Output contains nonsense/garbled tokens,"<bos><bos>The capital of the state containing Casper is виправивши or possibly Wyoming.

The city is located in"
wyoming_casper__to__washington_seattle,wyoming_casper,Wyoming,Cheyenne,washington_seattle,Washington,Olympia,1,SOURCE_PERSISTS,"Cheyenne, Casper",Source capital 'Cheyenne' still in output,"<bos><bos>The capital of the state containing Casper is Nevada, Cheyenne is a city that is very much alive"
wyoming_casper__to__west_virginia_huntington,wyoming_casper,Wyoming,Cheyenne,west_virginia_huntington,West Virginia,Charleston,3,TARGET_STATE_ONLY,Casper,Target state 'West Virginia' mentioned but no valid city found,"<bos><bos>The capital of the state containing Casper is Putnam County, West Virginia, was founded in 1"
wyoming_casper__to__wisconsin_milwaukee,wyoming_casper,Wyoming,Cheyenne,wisconsin_milwaukee,Wisconsin,Madison,2,SUPPRESSED_ONLY,Casper,"Source suppressed, no geographic content detected","<bos><bos>The capital of the state containing Casper is’s population is 15,000"
wyoming_casper__to__wyoming_casper,wyoming_casper,Wyoming,Cheyenne,wyoming_casper,Wyoming,Cheyenne,5,PERFECT,"Cheyenne, Casper",Target capital 'Cheyenne' found in output,<bos><bos>The capital of the state containing Casper is the city of Cheyenne. The population of Wyoming is 
