feature_key,layer,feature,prompt,peak_token,peak_token_idx,activation_max,sparsity_ratio,peak_token_type,target_tokens,tokens_source,pred_label,subtype,confidence,review,why_review,supernode_name,top_activations_probe_original
0_51434,0,51434,attribute: The primary city serving as the seat of government for a state is the capital city, the,8,78.89613342285156,0.8644296660807999,functional,"[{""token"": "" seat"", ""index"": 9, ""distance"": 1, ""direction"": ""forward""}]",json,Semantic,Dictionary (fallback),0.9,False,,the,"[{""tk"": ""the"", ""act"": 79.98755645751953}, {""tk"": ""attribute"", ""act"": 0.0}, {""tk"": ""city"", ""act"": 0.0}, {""tk"": ""of"", ""act"": 0.0}, {""tk"": ""government"", ""act"": 0.0}, {""tk"": ""state"", ""act"": 0.0}, {""tk"": ""is"", ""act"": 0.0}, {""tk"": ""capital"", ""act"": 0.0}, {""tk"": ""which"", ""act"": 0.0}, {""tk"": ""located"", ""act"": 0.0}, {""tk"": ""containing"", ""act"": 0.0}]"
0_95475,0,95475,attribute: The primary city serving as the seat of government for a state is the capital city, government,11,73.73577117919922,0.6565266769520677,semantic,"[{""token"": "" government"", ""index"": 11, ""distance"": 0, ""direction"": ""self""}]",n/a,Semantic,Dictionary (fallback),0.9,False,,government,"[{""tk"": ""government"", ""act"": 73.73577117919922}, {""tk"": ""city"", ""act"": 68.99917602539062}, {""tk"": ""state"", ""act"": 62.418968200683594}, {""tk"": ""capital"", ""act"": 52.33393859863281}, {""tk"": ""attribute"", ""act"": 50.58573913574219}, {""tk"": ""located"", ""act"": 41.876251220703125}, {""tk"": ""containing"", ""act"": 27.732948303222656}, {""tk"": ""The"", ""act"": 0.0}, {""tk"": ""of"", ""act"": 0.0}, {""tk"": ""is"", ""act"": 0.0}, {""tk"": ""which"", ""act"": 0.0}]"
0_18753,0,18753,attribute: The primary city serving as the seat of government for a state is the capital city,:,2,51.15596389770508,0.6509515903670878,functional,"[{""token"": "" primary"", ""index"": 4, ""distance"": 2, ""direction"": ""forward""}, {""token"": ""attribute"", ""index"": 1, ""distance"": 1, ""direction"": ""backward""}]",json,Semantic,Dictionary (fallback),0.9,False,,punctuation,"[{""tk"": ""the"", ""act"": 45.698326110839844}, {""tk"": ""is"", ""act"": 42.4085578918457}, {""tk"": ""of"", ""act"": 41.465484619140625}, {""tk"": ""attribute"", ""act"": 0.0}, {""tk"": ""city"", ""act"": 0.0}, {""tk"": ""government"", ""act"": 0.0}, {""tk"": ""state"", ""act"": 0.0}, {""tk"": ""capital"", ""act"": 0.0}, {""tk"": ""which"", ""act"": 0.0}, {""tk"": ""located"", ""act"": 0.0}, {""tk"": ""containing"", ""act"": 0.0}]"
0_40780,0,40780,attribute: The primary city serving as the seat of government for a state is the capital city, is,15,50.90119552612305,0.5946963396573369,functional,"[{""token"": "" capital"", ""index"": 17, ""distance"": 2, ""direction"": ""forward""}]",json,Semantic,Dictionary (fallback),0.9,False,,which,"[{""tk"": ""which"", ""act"": 59.63111114501953}, {""tk"": ""the"", ""act"": 57.446224212646484}, {""tk"": ""is"", ""act"": 50.90119552612305}, {""tk"": ""of"", ""act"": 37.325950622558594}, {""tk"": ""attribute"", ""act"": 0.0}, {""tk"": ""city"", ""act"": 0.0}, {""tk"": ""government"", ""act"": 0.0}, {""tk"": ""state"", ""act"": 0.0}, {""tk"": ""capital"", ""act"": 0.0}, {""tk"": ""located"", ""act"": 0.0}, {""tk"": ""containing"", ""act"": 0.0}]"
0_92029,0,92029,attribute: The primary city serving as the seat of government for a state is the capital city, the,16,28.859010696411133,0.8873805076027549,functional,"[{""token"": "" capital"", ""index"": 17, ""distance"": 1, ""direction"": ""forward""}]",json,Semantic,Dictionary (fallback),0.9,False,,the,"[{""tk"": ""the"", ""act"": 28.859010696411133}, {""tk"": ""attribute"", ""act"": 0.0}, {""tk"": ""city"", ""act"": 0.0}, {""tk"": ""of"", ""act"": 0.0}, {""tk"": ""government"", ""act"": 0.0}, {""tk"": ""state"", ""act"": 0.0}, {""tk"": ""is"", ""act"": 0.0}, {""tk"": ""capital"", ""act"": 0.0}, {""tk"": ""which"", ""act"": 0.0}, {""tk"": ""located"", ""act"": 0.0}, {""tk"": ""containing"", ""act"": 0.0}]"
0_54572,0,54572,attribute: The primary city serving as the seat of government for a state is the capital city, The,3,26.957427978515625,0.9473684210526316,functional,"[{""token"": "" primary"", ""index"": 4, ""distance"": 1, ""direction"": ""forward""}]",json,Semantic,Dictionary (fallback),0.9,False,,The,"[{""tk"": ""The"", ""act"": 26.957427978515625}, {""tk"": ""attribute"", ""act"": 0.0}, {""tk"": ""city"", ""act"": 0.0}, {""tk"": ""of"", ""act"": 0.0}, {""tk"": ""government"", ""act"": 0.0}, {""tk"": ""state"", ""act"": 0.0}, {""tk"": ""is"", ""act"": 0.0}, {""tk"": ""capital"", ""act"": 0.0}, {""tk"": ""which"", ""act"": 0.0}, {""tk"": ""located"", ""act"": 0.0}, {""tk"": ""containing"", ""act"": 0.0}]"
0_98149,0,98149,attribute: The primary city serving as the seat of government for a state is the capital city,attribute,1,26.52439308166504,0.8645954358062365,semantic,"[{""token"": ""attribute"", ""index"": 1, ""distance"": 0, ""direction"": ""self""}]",n/a,Semantic,Dictionary (fallback),0.9,False,,state,"[{""tk"": ""state"", ""act"": 31.780366897583008}, {""tk"": ""attribute"", ""act"": 26.52439308166504}, {""tk"": ""city"", ""act"": 17.828733444213867}, {""tk"": ""government"", ""act"": 4.9040398597717285}, {""tk"": ""The"", ""act"": 0.0}, {""tk"": ""of"", ""act"": 0.0}, {""tk"": ""is"", ""act"": 0.0}, {""tk"": ""capital"", ""act"": 0.0}, {""tk"": ""which"", ""act"": 0.0}, {""tk"": ""located"", ""act"": 0.0}, {""tk"": ""containing"", ""act"": 0.0}]"
0_44634,0,44634,attribute: The primary city serving as the seat of government for a state is the capital city,<bos>,0,25.62308120727539,0.908054045436108,semantic,"[{""token"": ""<bos>"", ""index"": 0, ""distance"": 0, ""direction"": ""self""}]",n/a,Semantic,Dictionary (fallback),0.9,False,,Semantic (unknown),"[{""tk"": ""attribute"", ""act"": 19.139753341674805}, {""tk"": ""The"", ""act"": 0.0}, {""tk"": ""city"", ""act"": 0.0}, {""tk"": ""of"", ""act"": 0.0}, {""tk"": ""government"", ""act"": 0.0}, {""tk"": ""state"", ""act"": 0.0}, {""tk"": ""is"", ""act"": 0.0}, {""tk"": ""capital"", ""act"": 0.0}, {""tk"": ""which"", ""act"": 0.0}, {""tk"": ""located"", ""act"": 0.0}, {""tk"": ""containing"", ""act"": 0.0}]"
0_7430,0,7430,attribute: The primary city serving as the seat of government for a state is the capital city,<bos>,0,20.141159057617188,0.9473684210526316,semantic,"[{""token"": ""<bos>"", ""index"": 0, ""distance"": 0, ""direction"": ""self""}]",n/a,Semantic,Dictionary (fallback),0.9,False,,Semantic (unknown),"[{""tk"": ""attribute"", ""act"": 0.0}, {""tk"": ""The"", ""act"": 0.0}, {""tk"": ""city"", ""act"": 0.0}, {""tk"": ""of"", ""act"": 0.0}, {""tk"": ""government"", ""act"": 0.0}, {""tk"": ""state"", ""act"": 0.0}, {""tk"": ""is"", ""act"": 0.0}, {""tk"": ""capital"", ""act"": 0.0}, {""tk"": ""which"", ""act"": 0.0}, {""tk"": ""located"", ""act"": 0.0}, {""tk"": ""containing"", ""act"": 0.0}]"
0_19204,0,19204,attribute: The primary city serving as the seat of government for a state is the capital city,<bos>,0,19.4499568939209,0.9473684210526316,semantic,"[{""token"": ""<bos>"", ""index"": 0, ""distance"": 0, ""direction"": ""self""}]",n/a,Semantic,Dictionary (fallback),0.9,False,,Semantic (unknown),"[{""tk"": ""attribute"", ""act"": 0.0}, {""tk"": ""The"", ""act"": 0.0}, {""tk"": ""city"", ""act"": 0.0}, {""tk"": ""of"", ""act"": 0.0}, {""tk"": ""government"", ""act"": 0.0}, {""tk"": ""state"", ""act"": 0.0}, {""tk"": ""is"", ""act"": 0.0}, {""tk"": ""capital"", ""act"": 0.0}, {""tk"": ""which"", ""act"": 0.0}, {""tk"": ""located"", ""act"": 0.0}, {""tk"": ""containing"", ""act"": 0.0}]"
0_53491,0,53491,attribute: The primary city serving as the seat of government for a state is the capital city, capital,17,16.344919204711914,0.9473684210526316,semantic,"[{""token"": "" capital"", ""index"": 17, ""distance"": 0, ""direction"": ""self""}]",n/a,Semantic,Dictionary,1.0,False,,capital,"[{""tk"": ""capital"", ""act"": 16.344919204711914}, {""tk"": ""attribute"", ""act"": 0.0}, {""tk"": ""The"", ""act"": 0.0}, {""tk"": ""city"", ""act"": 0.0}, {""tk"": ""of"", ""act"": 0.0}, {""tk"": ""government"", ""act"": 0.0}, {""tk"": ""state"", ""act"": 0.0}, {""tk"": ""is"", ""act"": 0.0}, {""tk"": ""which"", ""act"": 0.0}, {""tk"": ""located"", ""act"": 0.0}, {""tk"": ""containing"", ""act"": 0.0}]"
0_23293,0,23293,attribute: The primary city serving as the seat of government for a state is the capital city, capital,17,11.706600189208984,0.9473684210526316,semantic,"[{""token"": "" capital"", ""index"": 17, ""distance"": 0, ""direction"": ""self""}]",n/a,Semantic,Dictionary,1.0,False,,capital,"[{""tk"": ""capital"", ""act"": 11.706600189208984}, {""tk"": ""attribute"", ""act"": 0.0}, {""tk"": ""The"", ""act"": 0.0}, {""tk"": ""city"", ""act"": 0.0}, {""tk"": ""of"", ""act"": 0.0}, {""tk"": ""government"", ""act"": 0.0}, {""tk"": ""state"", ""act"": 0.0}, {""tk"": ""is"", ""act"": 0.0}, {""tk"": ""which"", ""act"": 0.0}, {""tk"": ""located"", ""act"": 0.0}, {""tk"": ""containing"", ""act"": 0.0}]"
0_81830,0,81830,attribute: The primary city serving as the seat of government for a state is the capital city,<bos>,0,11.59558391571045,0.9473684210526316,semantic,"[{""token"": ""<bos>"", ""index"": 0, ""distance"": 0, ""direction"": ""self""}]",n/a,Semantic,Dictionary (fallback),0.9,False,,Semantic (unknown),"[{""tk"": ""attribute"", ""act"": 0.0}, {""tk"": ""The"", ""act"": 0.0}, {""tk"": ""city"", ""act"": 0.0}, {""tk"": ""of"", ""act"": 0.0}, {""tk"": ""government"", ""act"": 0.0}, {""tk"": ""state"", ""act"": 0.0}, {""tk"": ""is"", ""act"": 0.0}, {""tk"": ""capital"", ""act"": 0.0}, {""tk"": ""which"", ""act"": 0.0}, {""tk"": ""located"", ""act"": 0.0}, {""tk"": ""containing"", ""act"": 0.0}]"
0_14810,0,14810,attribute: The primary city serving as the seat of government for a state is the capital city, of,10,10.661499977111816,0.9473684210526316,functional,"[{""token"": "" seat"", ""index"": 9, ""distance"": 1, ""direction"": ""backward""}]",json,Semantic,Dictionary,1.0,False,,of,"[{""tk"": ""of"", ""act"": 10.661499977111816}, {""tk"": ""attribute"", ""act"": 0.0}, {""tk"": ""The"", ""act"": 0.0}, {""tk"": ""city"", ""act"": 0.0}, {""tk"": ""government"", ""act"": 0.0}, {""tk"": ""state"", ""act"": 0.0}, {""tk"": ""is"", ""act"": 0.0}, {""tk"": ""capital"", ""act"": 0.0}, {""tk"": ""which"", ""act"": 0.0}, {""tk"": ""located"", ""act"": 0.0}, {""tk"": ""containing"", ""act"": 0.0}]"
0_43624,0,43624,attribute: The primary city serving as the seat of government for a state is the capital city, capital,17,10.143529891967772,0.9473684210526316,semantic,"[{""token"": "" capital"", ""index"": 17, ""distance"": 0, ""direction"": ""self""}]",n/a,Semantic,Dictionary,1.0,False,,capital,"[{""tk"": ""capital"", ""act"": 10.143529891967773}, {""tk"": ""attribute"", ""act"": 0.0}, {""tk"": ""The"", ""act"": 0.0}, {""tk"": ""city"", ""act"": 0.0}, {""tk"": ""of"", ""act"": 0.0}, {""tk"": ""government"", ""act"": 0.0}, {""tk"": ""state"", ""act"": 0.0}, {""tk"": ""is"", ""act"": 0.0}, {""tk"": ""which"", ""act"": 0.0}, {""tk"": ""located"", ""act"": 0.0}, {""tk"": ""containing"", ""act"": 0.0}]"
0_82862,0,82862,attribute: The primary city serving as the seat of government for a state is the capital city, government,11,9.586883544921877,0.9473684210526316,semantic,"[{""token"": "" government"", ""index"": 11, ""distance"": 0, ""direction"": ""self""}]",n/a,Semantic,Dictionary (fallback),0.9,False,,government,"[{""tk"": ""government"", ""act"": 9.586883544921875}, {""tk"": ""state"", ""act"": 5.531653881072998}, {""tk"": ""attribute"", ""act"": 0.0}, {""tk"": ""The"", ""act"": 0.0}, {""tk"": ""city"", ""act"": 0.0}, {""tk"": ""of"", ""act"": 0.0}, {""tk"": ""is"", ""act"": 0.0}, {""tk"": ""capital"", ""act"": 0.0}, {""tk"": ""which"", ""act"": 0.0}, {""tk"": ""located"", ""act"": 0.0}, {""tk"": ""containing"", ""act"": 0.0}]"
0_11015,0,11015,attribute: The primary city serving as the seat of government for a state is the capital city,<bos>,0,8.37817668914795,0.9473684210526316,semantic,"[{""token"": ""<bos>"", ""index"": 0, ""distance"": 0, ""direction"": ""self""}]",n/a,Semantic,Dictionary (fallback),0.9,False,,Semantic (unknown),"[{""tk"": ""attribute"", ""act"": 0.0}, {""tk"": ""The"", ""act"": 0.0}, {""tk"": ""city"", ""act"": 0.0}, {""tk"": ""of"", ""act"": 0.0}, {""tk"": ""government"", ""act"": 0.0}, {""tk"": ""state"", ""act"": 0.0}, {""tk"": ""is"", ""act"": 0.0}, {""tk"": ""capital"", ""act"": 0.0}, {""tk"": ""which"", ""act"": 0.0}, {""tk"": ""located"", ""act"": 0.0}, {""tk"": ""containing"", ""act"": 0.0}]"
0_46235,0,46235,attribute: The primary city serving as the seat of government for a state is the capital city, primary,4,8.337902069091797,0.8992252206650653,semantic,"[{""token"": "" primary"", ""index"": 4, ""distance"": 0, ""direction"": ""self""}]",n/a,Semantic,Dictionary (fallback),0.9,False,,state,"[{""tk"": ""state"", ""act"": 10.627107620239258}, {""tk"": ""attribute"", ""act"": 0.0}, {""tk"": ""The"", ""act"": 0.0}, {""tk"": ""city"", ""act"": 0.0}, {""tk"": ""of"", ""act"": 0.0}, {""tk"": ""government"", ""act"": 0.0}, {""tk"": ""is"", ""act"": 0.0}, {""tk"": ""capital"", ""act"": 0.0}, {""tk"": ""which"", ""act"": 0.0}, {""tk"": ""located"", ""act"": 0.0}, {""tk"": ""containing"", ""act"": 0.0}]"
0_2593,0,2593,attribute: The primary city serving as the seat of government for a state is the capital city,<bos>,0,8.12882137298584,0.9473684210526316,semantic,"[{""token"": ""<bos>"", ""index"": 0, ""distance"": 0, ""direction"": ""self""}]",n/a,Semantic,Dictionary (fallback),0.9,False,,Semantic (unknown),"[{""tk"": ""attribute"", ""act"": 0.0}, {""tk"": ""The"", ""act"": 0.0}, {""tk"": ""city"", ""act"": 0.0}, {""tk"": ""of"", ""act"": 0.0}, {""tk"": ""government"", ""act"": 0.0}, {""tk"": ""state"", ""act"": 0.0}, {""tk"": ""is"", ""act"": 0.0}, {""tk"": ""capital"", ""act"": 0.0}, {""tk"": ""which"", ""act"": 0.0}, {""tk"": ""located"", ""act"": 0.0}, {""tk"": ""containing"", ""act"": 0.0}]"
0_64601,0,64601,attribute: The primary city serving as the seat of government for a state is the capital city, capital,17,7.121317386627197,0.9351435567448512,semantic,"[{""token"": "" capital"", ""index"": 17, ""distance"": 0, ""direction"": ""self""}]",n/a,Semantic,Dictionary,1.0,False,,capital,"[{""tk"": ""capital"", ""act"": 7.121317386627197}, {""tk"": ""attribute"", ""act"": 0.0}, {""tk"": ""The"", ""act"": 0.0}, {""tk"": ""city"", ""act"": 0.0}, {""tk"": ""of"", ""act"": 0.0}, {""tk"": ""government"", ""act"": 0.0}, {""tk"": ""state"", ""act"": 0.0}, {""tk"": ""is"", ""act"": 0.0}, {""tk"": ""which"", ""act"": 0.0}, {""tk"": ""located"", ""act"": 0.0}, {""tk"": ""containing"", ""act"": 0.0}]"
0_63548,0,63548,attribute: The primary city serving as the seat of government for a state is the capital city, capital,17,6.786430358886719,0.9473684210526316,semantic,"[{""token"": "" capital"", ""index"": 17, ""distance"": 0, ""direction"": ""self""}]",n/a,Semantic,Dictionary,1.0,False,,capital,"[{""tk"": ""capital"", ""act"": 6.786430358886719}, {""tk"": ""attribute"", ""act"": 0.0}, {""tk"": ""The"", ""act"": 0.0}, {""tk"": ""city"", ""act"": 0.0}, {""tk"": ""of"", ""act"": 0.0}, {""tk"": ""government"", ""act"": 0.0}, {""tk"": ""state"", ""act"": 0.0}, {""tk"": ""is"", ""act"": 0.0}, {""tk"": ""which"", ""act"": 0.0}, {""tk"": ""located"", ""act"": 0.0}, {""tk"": ""containing"", ""act"": 0.0}]"
0_15430,0,15430,attribute: The primary city serving as the seat of government for a state is the capital city, capital,17,6.687129020690918,0.9473684210526316,semantic,"[{""token"": "" capital"", ""index"": 17, ""distance"": 0, ""direction"": ""self""}]",n/a,Semantic,Dictionary,1.0,False,,capital,"[{""tk"": ""capital"", ""act"": 6.687129020690918}, {""tk"": ""attribute"", ""act"": 0.0}, {""tk"": ""The"", ""act"": 0.0}, {""tk"": ""city"", ""act"": 0.0}, {""tk"": ""of"", ""act"": 0.0}, {""tk"": ""government"", ""act"": 0.0}, {""tk"": ""state"", ""act"": 0.0}, {""tk"": ""is"", ""act"": 0.0}, {""tk"": ""which"", ""act"": 0.0}, {""tk"": ""located"", ""act"": 0.0}, {""tk"": ""containing"", ""act"": 0.0}]"
0_37416,0,37416,attribute: The primary city serving as the seat of government for a state is the capital city, capital,17,6.665575981140137,0.9473684210526316,semantic,"[{""token"": "" capital"", ""index"": 17, ""distance"": 0, ""direction"": ""self""}]",n/a,Semantic,Dictionary,1.0,False,,capital,"[{""tk"": ""capital"", ""act"": 6.665575981140137}, {""tk"": ""attribute"", ""act"": 0.0}, {""tk"": ""The"", ""act"": 0.0}, {""tk"": ""city"", ""act"": 0.0}, {""tk"": ""of"", ""act"": 0.0}, {""tk"": ""government"", ""act"": 0.0}, {""tk"": ""state"", ""act"": 0.0}, {""tk"": ""is"", ""act"": 0.0}, {""tk"": ""which"", ""act"": 0.0}, {""tk"": ""located"", ""act"": 0.0}, {""tk"": ""containing"", ""act"": 0.0}]"
0_53531,0,53531,attribute: The primary city serving as the seat of government for a state is the capital city, capital,17,5.883442401885986,0.9473684210526316,semantic,"[{""token"": "" capital"", ""index"": 17, ""distance"": 0, ""direction"": ""self""}]",n/a,Semantic,Dictionary,1.0,False,,capital,"[{""tk"": ""capital"", ""act"": 5.883442401885986}, {""tk"": ""attribute"", ""act"": 0.0}, {""tk"": ""The"", ""act"": 0.0}, {""tk"": ""city"", ""act"": 0.0}, {""tk"": ""of"", ""act"": 0.0}, {""tk"": ""government"", ""act"": 0.0}, {""tk"": ""state"", ""act"": 0.0}, {""tk"": ""is"", ""act"": 0.0}, {""tk"": ""which"", ""act"": 0.0}, {""tk"": ""located"", ""act"": 0.0}, {""tk"": ""containing"", ""act"": 0.0}]"
0_41589,0,41589,attribute: The primary city serving as the seat of government for a state is the capital city, capital,17,5.249173164367676,0.9473684210526316,semantic,"[{""token"": "" capital"", ""index"": 17, ""distance"": 0, ""direction"": ""self""}]",n/a,Semantic,Dictionary,1.0,False,,capital,"[{""tk"": ""capital"", ""act"": 5.249173164367676}, {""tk"": ""attribute"", ""act"": 0.0}, {""tk"": ""The"", ""act"": 0.0}, {""tk"": ""city"", ""act"": 0.0}, {""tk"": ""of"", ""act"": 0.0}, {""tk"": ""government"", ""act"": 0.0}, {""tk"": ""state"", ""act"": 0.0}, {""tk"": ""is"", ""act"": 0.0}, {""tk"": ""which"", ""act"": 0.0}, {""tk"": ""located"", ""act"": 0.0}, {""tk"": ""containing"", ""act"": 0.0}]"
0_31953,0,31953,attribute: The primary city serving as the seat of government for a state is the capital city, capital,17,4.551955223083496,0.9473684210526316,semantic,"[{""token"": "" capital"", ""index"": 17, ""distance"": 0, ""direction"": ""self""}]",n/a,Semantic,Dictionary,1.0,False,,capital,"[{""tk"": ""capital"", ""act"": 4.551955223083496}, {""tk"": ""attribute"", ""act"": 0.0}, {""tk"": ""The"", ""act"": 0.0}, {""tk"": ""city"", ""act"": 0.0}, {""tk"": ""of"", ""act"": 0.0}, {""tk"": ""government"", ""act"": 0.0}, {""tk"": ""state"", ""act"": 0.0}, {""tk"": ""is"", ""act"": 0.0}, {""tk"": ""which"", ""act"": 0.0}, {""tk"": ""located"", ""act"": 0.0}, {""tk"": ""containing"", ""act"": 0.0}]"
0_12284,0,12284,attribute: The primary city serving as the seat of government for a state is the capital city,<bos>,0,4.237028121948242,0.9473684210526316,semantic,"[{""token"": ""<bos>"", ""index"": 0, ""distance"": 0, ""direction"": ""self""}]",n/a,Semantic,Dictionary (fallback),0.9,False,,Semantic (unknown),"[{""tk"": ""attribute"", ""act"": 0.0}, {""tk"": ""The"", ""act"": 0.0}, {""tk"": ""city"", ""act"": 0.0}, {""tk"": ""of"", ""act"": 0.0}, {""tk"": ""government"", ""act"": 0.0}, {""tk"": ""state"", ""act"": 0.0}, {""tk"": ""is"", ""act"": 0.0}, {""tk"": ""capital"", ""act"": 0.0}, {""tk"": ""which"", ""act"": 0.0}, {""tk"": ""located"", ""act"": 0.0}, {""tk"": ""containing"", ""act"": 0.0}]"
0_47638,0,47638,attribute: The primary city serving as the seat of government for a state is the capital city,<bos>,0,3.638421058654785,0.9473684210526316,semantic,"[{""token"": ""<bos>"", ""index"": 0, ""distance"": 0, ""direction"": ""self""}]",n/a,Semantic,Dictionary,1.0,False,,containing,"[{""tk"": ""containing"", ""act"": 11.569823265075684}, {""tk"": ""attribute"", ""act"": 0.0}, {""tk"": ""The"", ""act"": 0.0}, {""tk"": ""city"", ""act"": 0.0}, {""tk"": ""of"", ""act"": 0.0}, {""tk"": ""government"", ""act"": 0.0}, {""tk"": ""state"", ""act"": 0.0}, {""tk"": ""is"", ""act"": 0.0}, {""tk"": ""capital"", ""act"": 0.0}, {""tk"": ""which"", ""act"": 0.0}, {""tk"": ""located"", ""act"": 0.0}]"
0_13506,0,13506,attribute: The primary city serving as the seat of government for a state is the capital city,<bos>,0,1.042008399963379,0.9473684210526316,semantic,"[{""token"": ""<bos>"", ""index"": 0, ""distance"": 0, ""direction"": ""self""}]",n/a,Semantic,Dictionary (fallback),0.9,False,,Semantic (unknown),"[{""tk"": ""attribute"", ""act"": 0.0}, {""tk"": ""The"", ""act"": 0.0}, {""tk"": ""city"", ""act"": 0.0}, {""tk"": ""of"", ""act"": 0.0}, {""tk"": ""government"", ""act"": 0.0}, {""tk"": ""state"", ""act"": 0.0}, {""tk"": ""is"", ""act"": 0.0}, {""tk"": ""capital"", ""act"": 0.0}, {""tk"": ""which"", ""act"": 0.0}, {""tk"": ""located"", ""act"": 0.0}, {""tk"": ""containing"", ""act"": 0.0}]"
0_91553,0,91553,attribute: The primary city serving as the seat of government for a state is the capital city,<bos>,0,0.904879093170166,0.9473684210526316,semantic,"[{""token"": ""<bos>"", ""index"": 0, ""distance"": 0, ""direction"": ""self""}]",n/a,Semantic,Dictionary (fallback),0.9,False,,Semantic (unknown),"[{""tk"": ""attribute"", ""act"": 0.0}, {""tk"": ""The"", ""act"": 0.0}, {""tk"": ""city"", ""act"": 0.0}, {""tk"": ""of"", ""act"": 0.0}, {""tk"": ""government"", ""act"": 0.0}, {""tk"": ""state"", ""act"": 0.0}, {""tk"": ""is"", ""act"": 0.0}, {""tk"": ""capital"", ""act"": 0.0}, {""tk"": ""which"", ""act"": 0.0}, {""tk"": ""located"", ""act"": 0.0}, {""tk"": ""containing"", ""act"": 0.0}]"
0_83804,0,83804,attribute: The primary city serving as the seat of government for a state is the capital city,<bos>,0,0.2502157688140869,0.9473684210526316,semantic,"[{""token"": ""<bos>"", ""index"": 0, ""distance"": 0, ""direction"": ""self""}]",n/a,Semantic,Dictionary (fallback),0.9,False,,Semantic (unknown),"[{""tk"": ""attribute"", ""act"": 0.0}, {""tk"": ""The"", ""act"": 0.0}, {""tk"": ""city"", ""act"": 0.0}, {""tk"": ""of"", ""act"": 0.0}, {""tk"": ""government"", ""act"": 0.0}, {""tk"": ""state"", ""act"": 0.0}, {""tk"": ""is"", ""act"": 0.0}, {""tk"": ""capital"", ""act"": 0.0}, {""tk"": ""which"", ""act"": 0.0}, {""tk"": ""located"", ""act"": 0.0}, {""tk"": ""containing"", ""act"": 0.0}]"
0_4794,0,4794,attribute: The primary city serving as the seat of government for a state is the capital city,<bos>,0,0.0,0.0,semantic,"[{""token"": ""<bos>"", ""index"": 0, ""distance"": 0, ""direction"": ""self""}]",n/a,Relationship,,1.0,False,,(attribute) related,"[{""tk"": ""attribute"", ""act"": 0.0}, {""tk"": ""The"", ""act"": 0.0}, {""tk"": ""city"", ""act"": 0.0}, {""tk"": ""of"", ""act"": 0.0}, {""tk"": ""government"", ""act"": 0.0}, {""tk"": ""state"", ""act"": 0.0}, {""tk"": ""is"", ""act"": 0.0}, {""tk"": ""capital"", ""act"": 0.0}, {""tk"": ""which"", ""act"": 0.0}, {""tk"": ""located"", ""act"": 0.0}, {""tk"": ""containing"", ""act"": 0.0}]"
0_6832,0,6832,attribute: The primary city serving as the seat of government for a state is the capital city,<bos>,0,0.0,0.0,semantic,"[{""token"": ""<bos>"", ""index"": 0, ""distance"": 0, ""direction"": ""self""}]",n/a,Relationship,,1.0,False,,(attribute) related,"[{""tk"": ""attribute"", ""act"": 0.0}, {""tk"": ""The"", ""act"": 0.0}, {""tk"": ""city"", ""act"": 0.0}, {""tk"": ""of"", ""act"": 0.0}, {""tk"": ""government"", ""act"": 0.0}, {""tk"": ""state"", ""act"": 0.0}, {""tk"": ""is"", ""act"": 0.0}, {""tk"": ""capital"", ""act"": 0.0}, {""tk"": ""which"", ""act"": 0.0}, {""tk"": ""located"", ""act"": 0.0}, {""tk"": ""containing"", ""act"": 0.0}]"
0_16156,0,16156,attribute: The primary city serving as the seat of government for a state is the capital city,<bos>,0,0.0,0.0,semantic,"[{""token"": ""<bos>"", ""index"": 0, ""distance"": 0, ""direction"": ""self""}]",n/a,Relationship,,1.0,False,,(attribute) related,"[{""tk"": ""attribute"", ""act"": 0.0}, {""tk"": ""The"", ""act"": 0.0}, {""tk"": ""city"", ""act"": 0.0}, {""tk"": ""of"", ""act"": 0.0}, {""tk"": ""government"", ""act"": 0.0}, {""tk"": ""state"", ""act"": 0.0}, {""tk"": ""is"", ""act"": 0.0}, {""tk"": ""capital"", ""act"": 0.0}, {""tk"": ""which"", ""act"": 0.0}, {""tk"": ""located"", ""act"": 0.0}, {""tk"": ""containing"", ""act"": 0.0}]"
0_23477,0,23477,attribute: The primary city serving as the seat of government for a state is the capital city,<bos>,0,0.0,0.0,semantic,"[{""token"": ""<bos>"", ""index"": 0, ""distance"": 0, ""direction"": ""self""}]",n/a,Relationship,,1.0,False,,(attribute) related,"[{""tk"": ""attribute"", ""act"": 0.0}, {""tk"": ""The"", ""act"": 0.0}, {""tk"": ""city"", ""act"": 0.0}, {""tk"": ""of"", ""act"": 0.0}, {""tk"": ""government"", ""act"": 0.0}, {""tk"": ""state"", ""act"": 0.0}, {""tk"": ""is"", ""act"": 0.0}, {""tk"": ""capital"", ""act"": 0.0}, {""tk"": ""which"", ""act"": 0.0}, {""tk"": ""located"", ""act"": 0.0}, {""tk"": ""containing"", ""act"": 0.0}]"
0_24438,0,24438,attribute: The primary city serving as the seat of government for a state is the capital city,<bos>,0,0.0,0.0,semantic,"[{""token"": ""<bos>"", ""index"": 0, ""distance"": 0, ""direction"": ""self""}]",n/a,Relationship,,1.0,False,,(attribute) related,"[{""tk"": ""attribute"", ""act"": 0.0}, {""tk"": ""The"", ""act"": 0.0}, {""tk"": ""city"", ""act"": 0.0}, {""tk"": ""of"", ""act"": 0.0}, {""tk"": ""government"", ""act"": 0.0}, {""tk"": ""state"", ""act"": 0.0}, {""tk"": ""is"", ""act"": 0.0}, {""tk"": ""capital"", ""act"": 0.0}, {""tk"": ""which"", ""act"": 0.0}, {""tk"": ""located"", ""act"": 0.0}, {""tk"": ""containing"", ""act"": 0.0}]"
0_26512,0,26512,attribute: The primary city serving as the seat of government for a state is the capital city,<bos>,0,0.0,0.0,semantic,"[{""token"": ""<bos>"", ""index"": 0, ""distance"": 0, ""direction"": ""self""}]",n/a,Relationship,,1.0,False,,(attribute) related,"[{""tk"": ""attribute"", ""act"": 0.0}, {""tk"": ""The"", ""act"": 0.0}, {""tk"": ""city"", ""act"": 0.0}, {""tk"": ""of"", ""act"": 0.0}, {""tk"": ""government"", ""act"": 0.0}, {""tk"": ""state"", ""act"": 0.0}, {""tk"": ""is"", ""act"": 0.0}, {""tk"": ""capital"", ""act"": 0.0}, {""tk"": ""which"", ""act"": 0.0}, {""tk"": ""located"", ""act"": 0.0}, {""tk"": ""containing"", ""act"": 0.0}]"
0_44709,0,44709,attribute: The primary city serving as the seat of government for a state is the capital city,<bos>,0,0.0,0.0,semantic,"[{""token"": ""<bos>"", ""index"": 0, ""distance"": 0, ""direction"": ""self""}]",n/a,Semantic,Dictionary,1.0,False,,containing,"[{""tk"": ""containing"", ""act"": 6.07918643951416}, {""tk"": ""attribute"", ""act"": 0.0}, {""tk"": ""The"", ""act"": 0.0}, {""tk"": ""city"", ""act"": 0.0}, {""tk"": ""of"", ""act"": 0.0}, {""tk"": ""government"", ""act"": 0.0}, {""tk"": ""state"", ""act"": 0.0}, {""tk"": ""is"", ""act"": 0.0}, {""tk"": ""capital"", ""act"": 0.0}, {""tk"": ""which"", ""act"": 0.0}, {""tk"": ""located"", ""act"": 0.0}]"
0_45874,0,45874,attribute: The primary city serving as the seat of government for a state is the capital city,<bos>,0,0.0,0.0,semantic,"[{""token"": ""<bos>"", ""index"": 0, ""distance"": 0, ""direction"": ""self""}]",n/a,Relationship,,1.0,False,,(attribute) related,"[{""tk"": ""attribute"", ""act"": 0.0}, {""tk"": ""The"", ""act"": 0.0}, {""tk"": ""city"", ""act"": 0.0}, {""tk"": ""of"", ""act"": 0.0}, {""tk"": ""government"", ""act"": 0.0}, {""tk"": ""state"", ""act"": 0.0}, {""tk"": ""is"", ""act"": 0.0}, {""tk"": ""capital"", ""act"": 0.0}, {""tk"": ""which"", ""act"": 0.0}, {""tk"": ""located"", ""act"": 0.0}, {""tk"": ""containing"", ""act"": 0.0}]"
0_46676,0,46676,attribute: The primary city serving as the seat of government for a state is the capital city,<bos>,0,0.0,0.0,semantic,"[{""token"": ""<bos>"", ""index"": 0, ""distance"": 0, ""direction"": ""self""}]",n/a,Relationship,,1.0,False,,(attribute) related,"[{""tk"": ""attribute"", ""act"": 0.0}, {""tk"": ""The"", ""act"": 0.0}, {""tk"": ""city"", ""act"": 0.0}, {""tk"": ""of"", ""act"": 0.0}, {""tk"": ""government"", ""act"": 0.0}, {""tk"": ""state"", ""act"": 0.0}, {""tk"": ""is"", ""act"": 0.0}, {""tk"": ""capital"", ""act"": 0.0}, {""tk"": ""which"", ""act"": 0.0}, {""tk"": ""located"", ""act"": 0.0}, {""tk"": ""containing"", ""act"": 0.0}]"
0_52009,0,52009,attribute: The primary city serving as the seat of government for a state is the capital city,<bos>,0,0.0,0.0,semantic,"[{""token"": ""<bos>"", ""index"": 0, ""distance"": 0, ""direction"": ""self""}]",n/a,Semantic,Dictionary,1.0,False,,containing,"[{""tk"": ""containing"", ""act"": 7.867442607879639}, {""tk"": ""attribute"", ""act"": 0.0}, {""tk"": ""The"", ""act"": 0.0}, {""tk"": ""city"", ""act"": 0.0}, {""tk"": ""of"", ""act"": 0.0}, {""tk"": ""government"", ""act"": 0.0}, {""tk"": ""state"", ""act"": 0.0}, {""tk"": ""is"", ""act"": 0.0}, {""tk"": ""capital"", ""act"": 0.0}, {""tk"": ""which"", ""act"": 0.0}, {""tk"": ""located"", ""act"": 0.0}]"
0_52264,0,52264,attribute: The primary city serving as the seat of government for a state is the capital city,<bos>,0,0.0,0.0,semantic,"[{""token"": ""<bos>"", ""index"": 0, ""distance"": 0, ""direction"": ""self""}]",n/a,Semantic,Dictionary,1.0,False,,containing,"[{""tk"": ""containing"", ""act"": 9.985231399536133}, {""tk"": ""attribute"", ""act"": 0.0}, {""tk"": ""The"", ""act"": 0.0}, {""tk"": ""city"", ""act"": 0.0}, {""tk"": ""of"", ""act"": 0.0}, {""tk"": ""government"", ""act"": 0.0}, {""tk"": ""state"", ""act"": 0.0}, {""tk"": ""is"", ""act"": 0.0}, {""tk"": ""capital"", ""act"": 0.0}, {""tk"": ""which"", ""act"": 0.0}, {""tk"": ""located"", ""act"": 0.0}]"
0_54197,0,54197,attribute: The primary city serving as the seat of government for a state is the capital city,<bos>,0,0.0,0.0,semantic,"[{""token"": ""<bos>"", ""index"": 0, ""distance"": 0, ""direction"": ""self""}]",n/a,Semantic,Dictionary,1.0,False,,containing,"[{""tk"": ""containing"", ""act"": 11.77919864654541}, {""tk"": ""attribute"", ""act"": 0.0}, {""tk"": ""The"", ""act"": 0.0}, {""tk"": ""city"", ""act"": 0.0}, {""tk"": ""of"", ""act"": 0.0}, {""tk"": ""government"", ""act"": 0.0}, {""tk"": ""state"", ""act"": 0.0}, {""tk"": ""is"", ""act"": 0.0}, {""tk"": ""capital"", ""act"": 0.0}, {""tk"": ""which"", ""act"": 0.0}, {""tk"": ""located"", ""act"": 0.0}]"
0_56748,0,56748,attribute: The primary city serving as the seat of government for a state is the capital city,<bos>,0,0.0,0.0,semantic,"[{""token"": ""<bos>"", ""index"": 0, ""distance"": 0, ""direction"": ""self""}]",n/a,Semantic,Dictionary (fallback),0.9,False,,state,"[{""tk"": ""state"", ""act"": 13.299398422241211}, {""tk"": ""attribute"", ""act"": 0.0}, {""tk"": ""The"", ""act"": 0.0}, {""tk"": ""city"", ""act"": 0.0}, {""tk"": ""of"", ""act"": 0.0}, {""tk"": ""government"", ""act"": 0.0}, {""tk"": ""is"", ""act"": 0.0}, {""tk"": ""capital"", ""act"": 0.0}, {""tk"": ""which"", ""act"": 0.0}, {""tk"": ""located"", ""act"": 0.0}, {""tk"": ""containing"", ""act"": 0.0}]"
0_56812,0,56812,attribute: The primary city serving as the seat of government for a state is the capital city,<bos>,0,0.0,0.0,semantic,"[{""token"": ""<bos>"", ""index"": 0, ""distance"": 0, ""direction"": ""self""}]",n/a,Relationship,,1.0,False,,(attribute) related,"[{""tk"": ""attribute"", ""act"": 0.0}, {""tk"": ""The"", ""act"": 0.0}, {""tk"": ""city"", ""act"": 0.0}, {""tk"": ""of"", ""act"": 0.0}, {""tk"": ""government"", ""act"": 0.0}, {""tk"": ""state"", ""act"": 0.0}, {""tk"": ""is"", ""act"": 0.0}, {""tk"": ""capital"", ""act"": 0.0}, {""tk"": ""which"", ""act"": 0.0}, {""tk"": ""located"", ""act"": 0.0}, {""tk"": ""containing"", ""act"": 0.0}]"
0_62671,0,62671,attribute: The primary city serving as the seat of government for a state is the capital city,<bos>,0,0.0,0.0,semantic,"[{""token"": ""<bos>"", ""index"": 0, ""distance"": 0, ""direction"": ""self""}]",n/a,Relationship,,1.0,False,,(attribute) related,"[{""tk"": ""attribute"", ""act"": 0.0}, {""tk"": ""The"", ""act"": 0.0}, {""tk"": ""city"", ""act"": 0.0}, {""tk"": ""of"", ""act"": 0.0}, {""tk"": ""government"", ""act"": 0.0}, {""tk"": ""state"", ""act"": 0.0}, {""tk"": ""is"", ""act"": 0.0}, {""tk"": ""capital"", ""act"": 0.0}, {""tk"": ""which"", ""act"": 0.0}, {""tk"": ""located"", ""act"": 0.0}, {""tk"": ""containing"", ""act"": 0.0}]"
0_62872,0,62872,attribute: The primary city serving as the seat of government for a state is the capital city,<bos>,0,0.0,0.0,semantic,"[{""token"": ""<bos>"", ""index"": 0, ""distance"": 0, ""direction"": ""self""}]",n/a,Relationship,,1.0,False,,(attribute) related,"[{""tk"": ""attribute"", ""act"": 0.0}, {""tk"": ""The"", ""act"": 0.0}, {""tk"": ""city"", ""act"": 0.0}, {""tk"": ""of"", ""act"": 0.0}, {""tk"": ""government"", ""act"": 0.0}, {""tk"": ""state"", ""act"": 0.0}, {""tk"": ""is"", ""act"": 0.0}, {""tk"": ""capital"", ""act"": 0.0}, {""tk"": ""which"", ""act"": 0.0}, {""tk"": ""located"", ""act"": 0.0}, {""tk"": ""containing"", ""act"": 0.0}]"
0_63659,0,63659,attribute: The primary city serving as the seat of government for a state is the capital city,<bos>,0,0.0,0.0,semantic,"[{""token"": ""<bos>"", ""index"": 0, ""distance"": 0, ""direction"": ""self""}]",n/a,Relationship,,1.0,False,,(attribute) related,"[{""tk"": ""attribute"", ""act"": 0.0}, {""tk"": ""The"", ""act"": 0.0}, {""tk"": ""city"", ""act"": 0.0}, {""tk"": ""of"", ""act"": 0.0}, {""tk"": ""government"", ""act"": 0.0}, {""tk"": ""state"", ""act"": 0.0}, {""tk"": ""is"", ""act"": 0.0}, {""tk"": ""capital"", ""act"": 0.0}, {""tk"": ""which"", ""act"": 0.0}, {""tk"": ""located"", ""act"": 0.0}, {""tk"": ""containing"", ""act"": 0.0}]"
0_66754,0,66754,attribute: The primary city serving as the seat of government for a state is the capital city,<bos>,0,0.0,0.0,semantic,"[{""token"": ""<bos>"", ""index"": 0, ""distance"": 0, ""direction"": ""self""}]",n/a,Semantic,Dictionary,1.0,False,,containing,"[{""tk"": ""containing"", ""act"": 12.251155853271484}, {""tk"": ""attribute"", ""act"": 0.0}, {""tk"": ""The"", ""act"": 0.0}, {""tk"": ""city"", ""act"": 0.0}, {""tk"": ""of"", ""act"": 0.0}, {""tk"": ""government"", ""act"": 0.0}, {""tk"": ""state"", ""act"": 0.0}, {""tk"": ""is"", ""act"": 0.0}, {""tk"": ""capital"", ""act"": 0.0}, {""tk"": ""which"", ""act"": 0.0}, {""tk"": ""located"", ""act"": 0.0}]"
0_67498,0,67498,attribute: The primary city serving as the seat of government for a state is the capital city,<bos>,0,0.0,0.0,semantic,"[{""token"": ""<bos>"", ""index"": 0, ""distance"": 0, ""direction"": ""self""}]",n/a,Relationship,,1.0,False,,(attribute) related,"[{""tk"": ""attribute"", ""act"": 0.0}, {""tk"": ""The"", ""act"": 0.0}, {""tk"": ""city"", ""act"": 0.0}, {""tk"": ""of"", ""act"": 0.0}, {""tk"": ""government"", ""act"": 0.0}, {""tk"": ""state"", ""act"": 0.0}, {""tk"": ""is"", ""act"": 0.0}, {""tk"": ""capital"", ""act"": 0.0}, {""tk"": ""which"", ""act"": 0.0}, {""tk"": ""located"", ""act"": 0.0}, {""tk"": ""containing"", ""act"": 0.0}]"
0_67553,0,67553,attribute: The primary city serving as the seat of government for a state is the capital city,<bos>,0,0.0,0.0,semantic,"[{""token"": ""<bos>"", ""index"": 0, ""distance"": 0, ""direction"": ""self""}]",n/a,Semantic,Dictionary,1.0,False,,containing,"[{""tk"": ""containing"", ""act"": 16.307926177978516}, {""tk"": ""attribute"", ""act"": 0.0}, {""tk"": ""The"", ""act"": 0.0}, {""tk"": ""city"", ""act"": 0.0}, {""tk"": ""of"", ""act"": 0.0}, {""tk"": ""government"", ""act"": 0.0}, {""tk"": ""state"", ""act"": 0.0}, {""tk"": ""is"", ""act"": 0.0}, {""tk"": ""capital"", ""act"": 0.0}, {""tk"": ""which"", ""act"": 0.0}, {""tk"": ""located"", ""act"": 0.0}]"
0_68599,0,68599,attribute: The primary city serving as the seat of government for a state is the capital city,<bos>,0,0.0,0.0,semantic,"[{""token"": ""<bos>"", ""index"": 0, ""distance"": 0, ""direction"": ""self""}]",n/a,Relationship,,1.0,False,,(attribute) related,"[{""tk"": ""attribute"", ""act"": 0.0}, {""tk"": ""The"", ""act"": 0.0}, {""tk"": ""city"", ""act"": 0.0}, {""tk"": ""of"", ""act"": 0.0}, {""tk"": ""government"", ""act"": 0.0}, {""tk"": ""state"", ""act"": 0.0}, {""tk"": ""is"", ""act"": 0.0}, {""tk"": ""capital"", ""act"": 0.0}, {""tk"": ""which"", ""act"": 0.0}, {""tk"": ""located"", ""act"": 0.0}, {""tk"": ""containing"", ""act"": 0.0}]"
0_73095,0,73095,attribute: The primary city serving as the seat of government for a state is the capital city,<bos>,0,0.0,0.0,semantic,"[{""token"": ""<bos>"", ""index"": 0, ""distance"": 0, ""direction"": ""self""}]",n/a,Semantic,Dictionary,1.0,False,,containing,"[{""tk"": ""containing"", ""act"": 15.30929946899414}, {""tk"": ""attribute"", ""act"": 0.0}, {""tk"": ""The"", ""act"": 0.0}, {""tk"": ""city"", ""act"": 0.0}, {""tk"": ""of"", ""act"": 0.0}, {""tk"": ""government"", ""act"": 0.0}, {""tk"": ""state"", ""act"": 0.0}, {""tk"": ""is"", ""act"": 0.0}, {""tk"": ""capital"", ""act"": 0.0}, {""tk"": ""which"", ""act"": 0.0}, {""tk"": ""located"", ""act"": 0.0}]"
0_73833,0,73833,attribute: The primary city serving as the seat of government for a state is the capital city,<bos>,0,0.0,0.0,semantic,"[{""token"": ""<bos>"", ""index"": 0, ""distance"": 0, ""direction"": ""self""}]",n/a,Semantic,Dictionary,1.0,False,,containing,"[{""tk"": ""containing"", ""act"": 11.570135116577148}, {""tk"": ""attribute"", ""act"": 0.0}, {""tk"": ""The"", ""act"": 0.0}, {""tk"": ""city"", ""act"": 0.0}, {""tk"": ""of"", ""act"": 0.0}, {""tk"": ""government"", ""act"": 0.0}, {""tk"": ""state"", ""act"": 0.0}, {""tk"": ""is"", ""act"": 0.0}, {""tk"": ""capital"", ""act"": 0.0}, {""tk"": ""which"", ""act"": 0.0}, {""tk"": ""located"", ""act"": 0.0}]"
0_74515,0,74515,attribute: The primary city serving as the seat of government for a state is the capital city,<bos>,0,0.0,0.0,semantic,"[{""token"": ""<bos>"", ""index"": 0, ""distance"": 0, ""direction"": ""self""}]",n/a,Relationship,,1.0,False,,(attribute) related,"[{""tk"": ""attribute"", ""act"": 0.0}, {""tk"": ""The"", ""act"": 0.0}, {""tk"": ""city"", ""act"": 0.0}, {""tk"": ""of"", ""act"": 0.0}, {""tk"": ""government"", ""act"": 0.0}, {""tk"": ""state"", ""act"": 0.0}, {""tk"": ""is"", ""act"": 0.0}, {""tk"": ""capital"", ""act"": 0.0}, {""tk"": ""which"", ""act"": 0.0}, {""tk"": ""located"", ""act"": 0.0}, {""tk"": ""containing"", ""act"": 0.0}]"
0_75282,0,75282,attribute: The primary city serving as the seat of government for a state is the capital city,<bos>,0,0.0,0.0,semantic,"[{""token"": ""<bos>"", ""index"": 0, ""distance"": 0, ""direction"": ""self""}]",n/a,Relationship,,1.0,False,,(attribute) related,"[{""tk"": ""attribute"", ""act"": 0.0}, {""tk"": ""The"", ""act"": 0.0}, {""tk"": ""city"", ""act"": 0.0}, {""tk"": ""of"", ""act"": 0.0}, {""tk"": ""government"", ""act"": 0.0}, {""tk"": ""state"", ""act"": 0.0}, {""tk"": ""is"", ""act"": 0.0}, {""tk"": ""capital"", ""act"": 0.0}, {""tk"": ""which"", ""act"": 0.0}, {""tk"": ""located"", ""act"": 0.0}, {""tk"": ""containing"", ""act"": 0.0}]"
0_76377,0,76377,attribute: The primary city serving as the seat of government for a state is the capital city,<bos>,0,0.0,0.0,semantic,"[{""token"": ""<bos>"", ""index"": 0, ""distance"": 0, ""direction"": ""self""}]",n/a,Relationship,,1.0,False,,(attribute) related,"[{""tk"": ""attribute"", ""act"": 0.0}, {""tk"": ""The"", ""act"": 0.0}, {""tk"": ""city"", ""act"": 0.0}, {""tk"": ""of"", ""act"": 0.0}, {""tk"": ""government"", ""act"": 0.0}, {""tk"": ""state"", ""act"": 0.0}, {""tk"": ""is"", ""act"": 0.0}, {""tk"": ""capital"", ""act"": 0.0}, {""tk"": ""which"", ""act"": 0.0}, {""tk"": ""located"", ""act"": 0.0}, {""tk"": ""containing"", ""act"": 0.0}]"
0_77320,0,77320,attribute: The primary city serving as the seat of government for a state is the capital city,<bos>,0,0.0,0.0,semantic,"[{""token"": ""<bos>"", ""index"": 0, ""distance"": 0, ""direction"": ""self""}]",n/a,Relationship,,1.0,False,,(attribute) related,"[{""tk"": ""attribute"", ""act"": 0.0}, {""tk"": ""The"", ""act"": 0.0}, {""tk"": ""city"", ""act"": 0.0}, {""tk"": ""of"", ""act"": 0.0}, {""tk"": ""government"", ""act"": 0.0}, {""tk"": ""state"", ""act"": 0.0}, {""tk"": ""is"", ""act"": 0.0}, {""tk"": ""capital"", ""act"": 0.0}, {""tk"": ""which"", ""act"": 0.0}, {""tk"": ""located"", ""act"": 0.0}, {""tk"": ""containing"", ""act"": 0.0}]"
0_79385,0,79385,attribute: The primary city serving as the seat of government for a state is the capital city,<bos>,0,0.0,0.0,semantic,"[{""token"": ""<bos>"", ""index"": 0, ""distance"": 0, ""direction"": ""self""}]",n/a,Relationship,,1.0,False,,(attribute) related,"[{""tk"": ""attribute"", ""act"": 0.0}, {""tk"": ""The"", ""act"": 0.0}, {""tk"": ""city"", ""act"": 0.0}, {""tk"": ""of"", ""act"": 0.0}, {""tk"": ""government"", ""act"": 0.0}, {""tk"": ""state"", ""act"": 0.0}, {""tk"": ""is"", ""act"": 0.0}, {""tk"": ""capital"", ""act"": 0.0}, {""tk"": ""which"", ""act"": 0.0}, {""tk"": ""located"", ""act"": 0.0}, {""tk"": ""containing"", ""act"": 0.0}]"
0_86045,0,86045,attribute: The primary city serving as the seat of government for a state is the capital city,<bos>,0,0.0,0.0,semantic,"[{""token"": ""<bos>"", ""index"": 0, ""distance"": 0, ""direction"": ""self""}]",n/a,Relationship,,1.0,False,,(attribute) related,"[{""tk"": ""attribute"", ""act"": 0.0}, {""tk"": ""The"", ""act"": 0.0}, {""tk"": ""city"", ""act"": 0.0}, {""tk"": ""of"", ""act"": 0.0}, {""tk"": ""government"", ""act"": 0.0}, {""tk"": ""state"", ""act"": 0.0}, {""tk"": ""is"", ""act"": 0.0}, {""tk"": ""capital"", ""act"": 0.0}, {""tk"": ""which"", ""act"": 0.0}, {""tk"": ""located"", ""act"": 0.0}, {""tk"": ""containing"", ""act"": 0.0}]"
0_92988,0,92988,attribute: The primary city serving as the seat of government for a state is the capital city,<bos>,0,0.0,0.0,semantic,"[{""token"": ""<bos>"", ""index"": 0, ""distance"": 0, ""direction"": ""self""}]",n/a,Relationship,,1.0,False,,(attribute) related,"[{""tk"": ""attribute"", ""act"": 0.0}, {""tk"": ""The"", ""act"": 0.0}, {""tk"": ""city"", ""act"": 0.0}, {""tk"": ""of"", ""act"": 0.0}, {""tk"": ""government"", ""act"": 0.0}, {""tk"": ""state"", ""act"": 0.0}, {""tk"": ""is"", ""act"": 0.0}, {""tk"": ""capital"", ""act"": 0.0}, {""tk"": ""which"", ""act"": 0.0}, {""tk"": ""located"", ""act"": 0.0}, {""tk"": ""containing"", ""act"": 0.0}]"
0_96896,0,96896,attribute: The primary city serving as the seat of government for a state is the capital city,<bos>,0,0.0,0.0,semantic,"[{""token"": ""<bos>"", ""index"": 0, ""distance"": 0, ""direction"": ""self""}]",n/a,Relationship,,1.0,False,,(attribute) related,"[{""tk"": ""attribute"", ""act"": 0.0}, {""tk"": ""The"", ""act"": 0.0}, {""tk"": ""city"", ""act"": 0.0}, {""tk"": ""of"", ""act"": 0.0}, {""tk"": ""government"", ""act"": 0.0}, {""tk"": ""state"", ""act"": 0.0}, {""tk"": ""is"", ""act"": 0.0}, {""tk"": ""capital"", ""act"": 0.0}, {""tk"": ""which"", ""act"": 0.0}, {""tk"": ""located"", ""act"": 0.0}, {""tk"": ""containing"", ""act"": 0.0}]"
1_12928,1,12928,attribute: The primary city serving as the seat of government for a state is the capital city,<bos>,0,424.2139587402344,0.794430754693184,semantic,"[{""token"": ""<bos>"", ""index"": 0, ""distance"": 0, ""direction"": ""self""}]",n/a,Semantic,Dictionary (fallback),0.9,False,,Semantic (unknown),"[{""tk"": ""attribute"", ""act"": 116.61937713623047}, {""tk"": ""city"", ""act"": 102.33412170410156}, {""tk"": ""state"", ""act"": 91.09199523925781}, {""tk"": ""is"", ""act"": 87.51624298095703}, {""tk"": ""government"", ""act"": 86.91158294677734}, {""tk"": ""the"", ""act"": 86.17095947265625}, {""tk"": ""which"", ""act"": 82.6561279296875}, {""tk"": ""located"", ""act"": 77.41014862060547}, {""tk"": ""capital"", ""act"": 73.14028930664062}, {""tk"": ""of"", ""act"": 66.72636413574219}, {""tk"": ""containing"", ""act"": 62.237648010253906}]"
1_57794,1,57794,attribute: The primary city serving as the seat of government for a state is the capital city,<bos>,0,388.9909057617188,0.7685000115367483,semantic,"[{""token"": ""<bos>"", ""index"": 0, ""distance"": 0, ""direction"": ""self""}]",n/a,Semantic,Dictionary (fallback),0.9,False,,Semantic (unknown),"[{""tk"": ""attribute"", ""act"": 125.1230239868164}, {""tk"": ""state"", ""act"": 85.2448959350586}, {""tk"": ""is"", ""act"": 84.57393646240234}, {""tk"": ""the"", ""act"": 83.76406860351562}, {""tk"": ""which"", ""act"": 78.58411407470703}, {""tk"": ""city"", ""act"": 78.5748291015625}, {""tk"": ""government"", ""act"": 78.36383819580078}, {""tk"": ""located"", ""act"": 75.95323944091797}, {""tk"": ""containing"", ""act"": 74.69670104980469}, {""tk"": ""of"", ""act"": 71.00283813476562}, {""tk"": ""capital"", ""act"": 65.27320098876953}]"
1_72774,1,72774,attribute: The primary city serving as the seat of government for a state is the capital city, primary,4,122.49185180664062,0.3362006884922011,semantic,"[{""token"": "" primary"", ""index"": 4, ""distance"": 0, ""direction"": ""self""}]",n/a,Relationship,,1.0,False,,(capital) related,"[{""tk"": ""capital"", ""act"": 102.21701049804688}, {""tk"": ""city"", ""act"": 98.39340209960938}, {""tk"": ""containing"", ""act"": 97.6826171875}, {""tk"": ""state"", ""act"": 91.496337890625}, {""tk"": ""is"", ""act"": 90.29220581054688}, {""tk"": ""government"", ""act"": 84.53697204589844}, {""tk"": ""located"", ""act"": 84.2203369140625}, {""tk"": ""the"", ""act"": 78.6541748046875}, {""tk"": ""of"", ""act"": 78.48052978515625}, {""tk"": ""which"", ""act"": 71.98298645019531}, {""tk"": ""attribute"", ""act"": 23.17362403869629}]"
1_52044,1,52044,attribute: The primary city serving as the seat of government for a state is the capital city, capital,17,118.56844329833984,0.3038814364677411,semantic,"[{""token"": "" capital"", ""index"": 17, ""distance"": 0, ""direction"": ""self""}]",n/a,Relationship,,1.0,False,,(containing) related,"[{""tk"": ""containing"", ""act"": 125.91358184814453}, {""tk"": ""capital"", ""act"": 118.56844329833984}, {""tk"": ""located"", ""act"": 115.86267852783203}, {""tk"": ""city"", ""act"": 112.72059631347656}, {""tk"": ""state"", ""act"": 110.67672729492188}, {""tk"": ""government"", ""act"": 92.29335021972656}, {""tk"": ""is"", ""act"": 87.26891326904297}, {""tk"": ""which"", ""act"": 87.12095642089844}, {""tk"": ""The"", ""act"": 81.9691162109375}, {""tk"": ""of"", ""act"": 75.42842864990234}, {""tk"": ""attribute"", ""act"": 43.5494384765625}]"
1_85217,1,85217,attribute: The primary city serving as the seat of government for a state is the capital city, capital,17,20.99380874633789,0.9473684210526316,semantic,"[{""token"": "" capital"", ""index"": 17, ""distance"": 0, ""direction"": ""self""}]",n/a,Semantic,Dictionary,1.0,False,,capital,"[{""tk"": ""capital"", ""act"": 20.99380874633789}, {""tk"": ""attribute"", ""act"": 0.0}, {""tk"": ""The"", ""act"": 0.0}, {""tk"": ""city"", ""act"": 0.0}, {""tk"": ""of"", ""act"": 0.0}, {""tk"": ""government"", ""act"": 0.0}, {""tk"": ""state"", ""act"": 0.0}, {""tk"": ""is"", ""act"": 0.0}, {""tk"": ""which"", ""act"": 0.0}, {""tk"": ""located"", ""act"": 0.0}, {""tk"": ""containing"", ""act"": 0.0}]"
1_74380,1,74380,attribute: The primary city serving as the seat of government for a state is the capital city, capital,17,13.881332397460938,0.9383958912370068,semantic,"[{""token"": "" capital"", ""index"": 17, ""distance"": 0, ""direction"": ""self""}]",n/a,Semantic,Dictionary,1.0,False,,capital,"[{""tk"": ""capital"", ""act"": 13.881332397460938}, {""tk"": ""attribute"", ""act"": 0.0}, {""tk"": ""The"", ""act"": 0.0}, {""tk"": ""city"", ""act"": 0.0}, {""tk"": ""of"", ""act"": 0.0}, {""tk"": ""government"", ""act"": 0.0}, {""tk"": ""state"", ""act"": 0.0}, {""tk"": ""is"", ""act"": 0.0}, {""tk"": ""which"", ""act"": 0.0}, {""tk"": ""located"", ""act"": 0.0}, {""tk"": ""containing"", ""act"": 0.0}]"
1_34506,1,34506,attribute: The primary city serving as the seat of government for a state is the capital city, is,15,4.525781631469727,0.9473684210526316,functional,"[{""token"": "" capital"", ""index"": 17, ""distance"": 2, ""direction"": ""forward""}]",json,Semantic,Dictionary (fallback),0.9,False,,is,"[{""tk"": ""is"", ""act"": 4.525781631469727}, {""tk"": ""attribute"", ""act"": 0.0}, {""tk"": ""The"", ""act"": 0.0}, {""tk"": ""city"", ""act"": 0.0}, {""tk"": ""of"", ""act"": 0.0}, {""tk"": ""government"", ""act"": 0.0}, {""tk"": ""state"", ""act"": 0.0}, {""tk"": ""capital"", ""act"": 0.0}, {""tk"": ""which"", ""act"": 0.0}, {""tk"": ""located"", ""act"": 0.0}, {""tk"": ""containing"", ""act"": 0.0}]"
1_50017,1,50017,attribute: The primary city serving as the seat of government for a state is the capital city,<bos>,0,1.272122144699097,0.9473684210526316,semantic,"[{""token"": ""<bos>"", ""index"": 0, ""distance"": 0, ""direction"": ""self""}]",n/a,Semantic,Dictionary (fallback),0.9,False,,Semantic (unknown),"[{""tk"": ""attribute"", ""act"": 0.0}, {""tk"": ""The"", ""act"": 0.0}, {""tk"": ""city"", ""act"": 0.0}, {""tk"": ""of"", ""act"": 0.0}, {""tk"": ""government"", ""act"": 0.0}, {""tk"": ""state"", ""act"": 0.0}, {""tk"": ""is"", ""act"": 0.0}, {""tk"": ""capital"", ""act"": 0.0}, {""tk"": ""which"", ""act"": 0.0}, {""tk"": ""located"", ""act"": 0.0}, {""tk"": ""containing"", ""act"": 0.0}]"
1_15362,1,15362,attribute: The primary city serving as the seat of government for a state is the capital city,<bos>,0,0.0,0.0,semantic,"[{""token"": ""<bos>"", ""index"": 0, ""distance"": 0, ""direction"": ""self""}]",n/a,Relationship,,1.0,False,,(attribute) related,"[{""tk"": ""attribute"", ""act"": 0.0}, {""tk"": ""The"", ""act"": 0.0}, {""tk"": ""city"", ""act"": 0.0}, {""tk"": ""of"", ""act"": 0.0}, {""tk"": ""government"", ""act"": 0.0}, {""tk"": ""state"", ""act"": 0.0}, {""tk"": ""is"", ""act"": 0.0}, {""tk"": ""capital"", ""act"": 0.0}, {""tk"": ""which"", ""act"": 0.0}, {""tk"": ""located"", ""act"": 0.0}, {""tk"": ""containing"", ""act"": 0.0}]"
1_44596,1,44596,attribute: The primary city serving as the seat of government for a state is the capital city,<bos>,0,0.0,0.0,semantic,"[{""token"": ""<bos>"", ""index"": 0, ""distance"": 0, ""direction"": ""self""}]",n/a,Relationship,,1.0,False,,(attribute) related,"[{""tk"": ""attribute"", ""act"": 0.0}, {""tk"": ""The"", ""act"": 0.0}, {""tk"": ""city"", ""act"": 0.0}, {""tk"": ""of"", ""act"": 0.0}, {""tk"": ""government"", ""act"": 0.0}, {""tk"": ""state"", ""act"": 0.0}, {""tk"": ""is"", ""act"": 0.0}, {""tk"": ""capital"", ""act"": 0.0}, {""tk"": ""which"", ""act"": 0.0}, {""tk"": ""located"", ""act"": 0.0}, {""tk"": ""containing"", ""act"": 0.0}]"
1_55533,1,55533,attribute: The primary city serving as the seat of government for a state is the capital city,<bos>,0,0.0,0.0,semantic,"[{""token"": ""<bos>"", ""index"": 0, ""distance"": 0, ""direction"": ""self""}]",n/a,Relationship,,1.0,False,,(attribute) related,"[{""tk"": ""attribute"", ""act"": 0.0}, {""tk"": ""The"", ""act"": 0.0}, {""tk"": ""city"", ""act"": 0.0}, {""tk"": ""of"", ""act"": 0.0}, {""tk"": ""government"", ""act"": 0.0}, {""tk"": ""state"", ""act"": 0.0}, {""tk"": ""is"", ""act"": 0.0}, {""tk"": ""capital"", ""act"": 0.0}, {""tk"": ""which"", ""act"": 0.0}, {""tk"": ""located"", ""act"": 0.0}, {""tk"": ""containing"", ""act"": 0.0}]"
1_63206,1,63206,attribute: The primary city serving as the seat of government for a state is the capital city,<bos>,0,0.0,0.0,semantic,"[{""token"": ""<bos>"", ""index"": 0, ""distance"": 0, ""direction"": ""self""}]",n/a,Relationship,,1.0,False,,(attribute) related,"[{""tk"": ""attribute"", ""act"": 0.0}, {""tk"": ""The"", ""act"": 0.0}, {""tk"": ""city"", ""act"": 0.0}, {""tk"": ""of"", ""act"": 0.0}, {""tk"": ""government"", ""act"": 0.0}, {""tk"": ""state"", ""act"": 0.0}, {""tk"": ""is"", ""act"": 0.0}, {""tk"": ""capital"", ""act"": 0.0}, {""tk"": ""which"", ""act"": 0.0}, {""tk"": ""located"", ""act"": 0.0}, {""tk"": ""containing"", ""act"": 0.0}]"
1_64129,1,64129,attribute: The primary city serving as the seat of government for a state is the capital city,<bos>,0,0.0,0.0,semantic,"[{""token"": ""<bos>"", ""index"": 0, ""distance"": 0, ""direction"": ""self""}]",n/a,Relationship,,1.0,False,,(attribute) related,"[{""tk"": ""attribute"", ""act"": 0.0}, {""tk"": ""The"", ""act"": 0.0}, {""tk"": ""city"", ""act"": 0.0}, {""tk"": ""of"", ""act"": 0.0}, {""tk"": ""government"", ""act"": 0.0}, {""tk"": ""state"", ""act"": 0.0}, {""tk"": ""is"", ""act"": 0.0}, {""tk"": ""capital"", ""act"": 0.0}, {""tk"": ""which"", ""act"": 0.0}, {""tk"": ""located"", ""act"": 0.0}, {""tk"": ""containing"", ""act"": 0.0}]"
1_69739,1,69739,attribute: The primary city serving as the seat of government for a state is the capital city,<bos>,0,0.0,0.0,semantic,"[{""token"": ""<bos>"", ""index"": 0, ""distance"": 0, ""direction"": ""self""}]",n/a,Relationship,,1.0,False,,(attribute) related,"[{""tk"": ""attribute"", ""act"": 0.0}, {""tk"": ""The"", ""act"": 0.0}, {""tk"": ""city"", ""act"": 0.0}, {""tk"": ""of"", ""act"": 0.0}, {""tk"": ""government"", ""act"": 0.0}, {""tk"": ""state"", ""act"": 0.0}, {""tk"": ""is"", ""act"": 0.0}, {""tk"": ""capital"", ""act"": 0.0}, {""tk"": ""which"", ""act"": 0.0}, {""tk"": ""located"", ""act"": 0.0}, {""tk"": ""containing"", ""act"": 0.0}]"
1_81809,1,81809,attribute: The primary city serving as the seat of government for a state is the capital city,<bos>,0,0.0,0.0,semantic,"[{""token"": ""<bos>"", ""index"": 0, ""distance"": 0, ""direction"": ""self""}]",n/a,Relationship,,1.0,False,,(attribute) related,"[{""tk"": ""attribute"", ""act"": 0.0}, {""tk"": ""The"", ""act"": 0.0}, {""tk"": ""city"", ""act"": 0.0}, {""tk"": ""of"", ""act"": 0.0}, {""tk"": ""government"", ""act"": 0.0}, {""tk"": ""state"", ""act"": 0.0}, {""tk"": ""is"", ""act"": 0.0}, {""tk"": ""capital"", ""act"": 0.0}, {""tk"": ""which"", ""act"": 0.0}, {""tk"": ""located"", ""act"": 0.0}, {""tk"": ""containing"", ""act"": 0.0}]"
1_84339,1,84339,attribute: The primary city serving as the seat of government for a state is the capital city,<bos>,0,0.0,0.0,semantic,"[{""token"": ""<bos>"", ""index"": 0, ""distance"": 0, ""direction"": ""self""}]",n/a,Relationship,,1.0,False,,(attribute) related,"[{""tk"": ""attribute"", ""act"": 0.0}, {""tk"": ""The"", ""act"": 0.0}, {""tk"": ""city"", ""act"": 0.0}, {""tk"": ""of"", ""act"": 0.0}, {""tk"": ""government"", ""act"": 0.0}, {""tk"": ""state"", ""act"": 0.0}, {""tk"": ""is"", ""act"": 0.0}, {""tk"": ""capital"", ""act"": 0.0}, {""tk"": ""which"", ""act"": 0.0}, {""tk"": ""located"", ""act"": 0.0}, {""tk"": ""containing"", ""act"": 0.0}]"
2_36902,2,36902,attribute: The primary city serving as the seat of government for a state is the capital city,<bos>,0,11.273969650268556,0.9073629388552724,semantic,"[{""token"": ""<bos>"", ""index"": 0, ""distance"": 0, ""direction"": ""self""}]",n/a,Semantic,Dictionary (fallback),0.9,False,,Semantic (unknown),"[{""tk"": ""capital"", ""act"": 8.569391250610352}, {""tk"": ""attribute"", ""act"": 0.0}, {""tk"": ""The"", ""act"": 0.0}, {""tk"": ""city"", ""act"": 0.0}, {""tk"": ""of"", ""act"": 0.0}, {""tk"": ""government"", ""act"": 0.0}, {""tk"": ""state"", ""act"": 0.0}, {""tk"": ""is"", ""act"": 0.0}, {""tk"": ""which"", ""act"": 0.0}, {""tk"": ""located"", ""act"": 0.0}, {""tk"": ""containing"", ""act"": 0.0}]"
2_76232,2,76232,attribute: The primary city serving as the seat of government for a state is the capital city, is,15,11.182415008544922,0.9473684210526316,functional,"[{""token"": "" capital"", ""index"": 17, ""distance"": 2, ""direction"": ""forward""}]",json,Semantic,Dictionary (fallback),0.9,False,,is,"[{""tk"": ""is"", ""act"": 11.182415008544922}, {""tk"": ""attribute"", ""act"": 0.0}, {""tk"": ""The"", ""act"": 0.0}, {""tk"": ""city"", ""act"": 0.0}, {""tk"": ""of"", ""act"": 0.0}, {""tk"": ""government"", ""act"": 0.0}, {""tk"": ""state"", ""act"": 0.0}, {""tk"": ""capital"", ""act"": 0.0}, {""tk"": ""which"", ""act"": 0.0}, {""tk"": ""located"", ""act"": 0.0}, {""tk"": ""containing"", ""act"": 0.0}]"
2_10304,2,10304,attribute: The primary city serving as the seat of government for a state is the capital city,<bos>,0,7.000375270843506,0.9473684210526316,semantic,"[{""token"": ""<bos>"", ""index"": 0, ""distance"": 0, ""direction"": ""self""}]",n/a,Semantic,Dictionary (fallback),0.9,False,,Semantic (unknown),"[{""tk"": ""attribute"", ""act"": 0.0}, {""tk"": ""The"", ""act"": 0.0}, {""tk"": ""city"", ""act"": 0.0}, {""tk"": ""of"", ""act"": 0.0}, {""tk"": ""government"", ""act"": 0.0}, {""tk"": ""state"", ""act"": 0.0}, {""tk"": ""is"", ""act"": 0.0}, {""tk"": ""capital"", ""act"": 0.0}, {""tk"": ""which"", ""act"": 0.0}, {""tk"": ""located"", ""act"": 0.0}, {""tk"": ""containing"", ""act"": 0.0}]"
2_4865,2,4865,attribute: The primary city serving as the seat of government for a state is the capital city, capital,17,3.5495402812957764,0.9152162319959302,semantic,"[{""token"": "" capital"", ""index"": 17, ""distance"": 0, ""direction"": ""self""}]",n/a,Semantic,Dictionary,1.0,False,,capital,"[{""tk"": ""capital"", ""act"": 3.5495402812957764}, {""tk"": ""attribute"", ""act"": 0.0}, {""tk"": ""The"", ""act"": 0.0}, {""tk"": ""city"", ""act"": 0.0}, {""tk"": ""of"", ""act"": 0.0}, {""tk"": ""government"", ""act"": 0.0}, {""tk"": ""state"", ""act"": 0.0}, {""tk"": ""is"", ""act"": 0.0}, {""tk"": ""which"", ""act"": 0.0}, {""tk"": ""located"", ""act"": 0.0}, {""tk"": ""containing"", ""act"": 0.0}]"
2_96724,2,96724,attribute: The primary city serving as the seat of government for a state is the capital city,<bos>,0,0.0,0.0,semantic,"[{""token"": ""<bos>"", ""index"": 0, ""distance"": 0, ""direction"": ""self""}]",n/a,Relationship,,1.0,False,,(attribute) related,"[{""tk"": ""attribute"", ""act"": 0.0}, {""tk"": ""The"", ""act"": 0.0}, {""tk"": ""city"", ""act"": 0.0}, {""tk"": ""of"", ""act"": 0.0}, {""tk"": ""government"", ""act"": 0.0}, {""tk"": ""state"", ""act"": 0.0}, {""tk"": ""is"", ""act"": 0.0}, {""tk"": ""capital"", ""act"": 0.0}, {""tk"": ""which"", ""act"": 0.0}, {""tk"": ""located"", ""act"": 0.0}, {""tk"": ""containing"", ""act"": 0.0}]"
3_52779,3,52779,attribute: The primary city serving as the seat of government for a state is the capital city,<bos>,0,57.80674362182617,0.9426159867412396,semantic,"[{""token"": ""<bos>"", ""index"": 0, ""distance"": 0, ""direction"": ""self""}]",n/a,Semantic,Dictionary (fallback),0.9,False,,Semantic (unknown),"[{""tk"": ""containing"", ""act"": 17.660171508789062}, {""tk"": ""is"", ""act"": 10.759821891784668}, {""tk"": ""which"", ""act"": 9.762779235839844}, {""tk"": ""the"", ""act"": 9.377967834472656}, {""tk"": ""attribute"", ""act"": 0.0}, {""tk"": ""city"", ""act"": 0.0}, {""tk"": ""of"", ""act"": 0.0}, {""tk"": ""government"", ""act"": 0.0}, {""tk"": ""state"", ""act"": 0.0}, {""tk"": ""capital"", ""act"": 0.0}, {""tk"": ""located"", ""act"": 0.0}]"
3_27827,3,27827,attribute: The primary city serving as the seat of government for a state is the capital city,<bos>,0,0.0,0.0,semantic,"[{""token"": ""<bos>"", ""index"": 0, ""distance"": 0, ""direction"": ""self""}]",n/a,Relationship,,1.0,False,,(attribute) related,"[{""tk"": ""attribute"", ""act"": 0.0}, {""tk"": ""The"", ""act"": 0.0}, {""tk"": ""city"", ""act"": 0.0}, {""tk"": ""of"", ""act"": 0.0}, {""tk"": ""government"", ""act"": 0.0}, {""tk"": ""state"", ""act"": 0.0}, {""tk"": ""is"", ""act"": 0.0}, {""tk"": ""capital"", ""act"": 0.0}, {""tk"": ""which"", ""act"": 0.0}, {""tk"": ""located"", ""act"": 0.0}, {""tk"": ""containing"", ""act"": 0.0}]"
3_28747,3,28747,attribute: The primary city serving as the seat of government for a state is the capital city,<bos>,0,0.0,0.0,semantic,"[{""token"": ""<bos>"", ""index"": 0, ""distance"": 0, ""direction"": ""self""}]",n/a,Relationship,,1.0,False,,(attribute) related,"[{""tk"": ""attribute"", ""act"": 0.0}, {""tk"": ""The"", ""act"": 0.0}, {""tk"": ""city"", ""act"": 0.0}, {""tk"": ""of"", ""act"": 0.0}, {""tk"": ""government"", ""act"": 0.0}, {""tk"": ""state"", ""act"": 0.0}, {""tk"": ""is"", ""act"": 0.0}, {""tk"": ""capital"", ""act"": 0.0}, {""tk"": ""which"", ""act"": 0.0}, {""tk"": ""located"", ""act"": 0.0}, {""tk"": ""containing"", ""act"": 0.0}]"
3_93843,3,93843,attribute: The primary city serving as the seat of government for a state is the capital city,<bos>,0,0.0,0.0,semantic,"[{""token"": ""<bos>"", ""index"": 0, ""distance"": 0, ""direction"": ""self""}]",n/a,Relationship,,1.0,False,,(attribute) related,"[{""tk"": ""attribute"", ""act"": 0.0}, {""tk"": ""The"", ""act"": 0.0}, {""tk"": ""city"", ""act"": 0.0}, {""tk"": ""of"", ""act"": 0.0}, {""tk"": ""government"", ""act"": 0.0}, {""tk"": ""state"", ""act"": 0.0}, {""tk"": ""is"", ""act"": 0.0}, {""tk"": ""capital"", ""act"": 0.0}, {""tk"": ""which"", ""act"": 0.0}, {""tk"": ""located"", ""act"": 0.0}, {""tk"": ""containing"", ""act"": 0.0}]"
4_55831,4,55831,attribute: The primary city serving as the seat of government for a state is the capital city, capital,17,25.25654602050781,0.9415153502107712,semantic,"[{""token"": "" capital"", ""index"": 17, ""distance"": 0, ""direction"": ""self""}]",n/a,Semantic,Dictionary,1.0,False,,capital,"[{""tk"": ""capital"", ""act"": 25.256546020507812}, {""tk"": ""city"", ""act"": 2.8087387084960938}, {""tk"": ""attribute"", ""act"": 0.0}, {""tk"": ""The"", ""act"": 0.0}, {""tk"": ""of"", ""act"": 0.0}, {""tk"": ""government"", ""act"": 0.0}, {""tk"": ""state"", ""act"": 0.0}, {""tk"": ""is"", ""act"": 0.0}, {""tk"": ""which"", ""act"": 0.0}, {""tk"": ""located"", ""act"": 0.0}, {""tk"": ""containing"", ""act"": 0.0}]"
4_97813,4,97813,attribute: The primary city serving as the seat of government for a state is the capital city, government,11,17.90291976928711,0.7653921583742382,semantic,"[{""token"": "" government"", ""index"": 11, ""distance"": 0, ""direction"": ""self""}]",n/a,Semantic,Dictionary,1.0,False,,government,"[{""tk"": ""government"", ""act"": 17.90291976928711}, {""tk"": ""of"", ""act"": 14.3899507522583}, {""tk"": ""city"", ""act"": 12.479630470275879}, {""tk"": ""capital"", ""act"": 10.718213081359863}, {""tk"": ""the"", ""act"": 1.4474035501480103}, {""tk"": ""is"", ""act"": 0.5962045192718506}, {""tk"": ""attribute"", ""act"": 0.0}, {""tk"": ""state"", ""act"": 0.0}, {""tk"": ""which"", ""act"": 0.0}, {""tk"": ""located"", ""act"": 0.0}, {""tk"": ""containing"", ""act"": 0.0}]"
4_53507,4,53507,attribute: The primary city serving as the seat of government for a state is the capital city,<bos>,0,8.114412307739258,0.9473684210526316,semantic,"[{""token"": ""<bos>"", ""index"": 0, ""distance"": 0, ""direction"": ""self""}]",n/a,Semantic,Concept,0.7,False,,Semantic (unknown),"[{""tk"": ""attribute"", ""act"": 0.0}, {""tk"": ""The"", ""act"": 0.0}, {""tk"": ""city"", ""act"": 0.0}, {""tk"": ""of"", ""act"": 0.0}, {""tk"": ""government"", ""act"": 0.0}, {""tk"": ""state"", ""act"": 0.0}, {""tk"": ""is"", ""act"": 0.0}, {""tk"": ""capital"", ""act"": 0.0}, {""tk"": ""which"", ""act"": 0.0}, {""tk"": ""located"", ""act"": 0.0}, {""tk"": ""containing"", ""act"": 0.0}]"
4_58113,4,58113,attribute: The primary city serving as the seat of government for a state is the capital city, city,5,4.8315019607543945,0.9473684210526316,semantic,"[{""token"": "" city"", ""index"": 5, ""distance"": 0, ""direction"": ""self""}]",n/a,Semantic,Concept,0.7,False,,city,"[{""tk"": ""city"", ""act"": 8.276534080505371}, {""tk"": ""is"", ""act"": 0.3552095890045166}, {""tk"": ""containing"", ""act"": 0.11254596710205078}, {""tk"": ""attribute"", ""act"": 0.0}, {""tk"": ""The"", ""act"": 0.0}, {""tk"": ""of"", ""act"": 0.0}, {""tk"": ""government"", ""act"": 0.0}, {""tk"": ""state"", ""act"": 0.0}, {""tk"": ""capital"", ""act"": 0.0}, {""tk"": ""which"", ""act"": 0.0}, {""tk"": ""located"", ""act"": 0.0}]"
4_52384,4,52384,attribute: The primary city serving as the seat of government for a state is the capital city, for,12,4.502294063568115,0.9007187792967816,functional,"[{""token"": "" state"", ""index"": 14, ""distance"": 2, ""direction"": ""forward""}]",json,Semantic,Dictionary,1.0,False,,Semantic (unknown),"[{""tk"": ""state"", ""act"": 1.426936149597168}, {""tk"": ""attribute"", ""act"": 0.0}, {""tk"": ""The"", ""act"": 0.0}, {""tk"": ""city"", ""act"": 0.0}, {""tk"": ""of"", ""act"": 0.0}, {""tk"": ""government"", ""act"": 0.0}, {""tk"": ""is"", ""act"": 0.0}, {""tk"": ""capital"", ""act"": 0.0}, {""tk"": ""which"", ""act"": 0.0}, {""tk"": ""located"", ""act"": 0.0}, {""tk"": ""containing"", ""act"": 0.0}]"
4_83005,4,83005,attribute: The primary city serving as the seat of government for a state is the capital city, is,15,1.911617994308472,0.9473684210526316,functional,"[{""token"": "" capital"", ""index"": 17, ""distance"": 2, ""direction"": ""forward""}]",json,Semantic,Ambiguous,0.3,True,"Ambiguous: peak_cons=0.33, n_peaks=1, func_vs_sem=100.0%, layer=4",is,"[{""tk"": ""is"", ""act"": 1.9116179943084717}, {""tk"": ""attribute"", ""act"": 0.0}, {""tk"": ""The"", ""act"": 0.0}, {""tk"": ""city"", ""act"": 0.0}, {""tk"": ""of"", ""act"": 0.0}, {""tk"": ""government"", ""act"": 0.0}, {""tk"": ""state"", ""act"": 0.0}, {""tk"": ""capital"", ""act"": 0.0}, {""tk"": ""which"", ""act"": 0.0}, {""tk"": ""located"", ""act"": 0.0}, {""tk"": ""containing"", ""act"": 0.0}]"
4_3432,4,3432,attribute: The primary city serving as the seat of government for a state is the capital city,<bos>,0,0.0,0.0,semantic,"[{""token"": ""<bos>"", ""index"": 0, ""distance"": 0, ""direction"": ""self""}]",n/a,Relationship,,1.0,False,,(attribute) related,"[{""tk"": ""attribute"", ""act"": 0.0}, {""tk"": ""The"", ""act"": 0.0}, {""tk"": ""city"", ""act"": 0.0}, {""tk"": ""of"", ""act"": 0.0}, {""tk"": ""government"", ""act"": 0.0}, {""tk"": ""state"", ""act"": 0.0}, {""tk"": ""is"", ""act"": 0.0}, {""tk"": ""capital"", ""act"": 0.0}, {""tk"": ""which"", ""act"": 0.0}, {""tk"": ""located"", ""act"": 0.0}, {""tk"": ""containing"", ""act"": 0.0}]"
4_11275,4,11275,attribute: The primary city serving as the seat of government for a state is the capital city,<bos>,0,0.0,0.0,semantic,"[{""token"": ""<bos>"", ""index"": 0, ""distance"": 0, ""direction"": ""self""}]",n/a,Relationship,,1.0,False,,(attribute) related,"[{""tk"": ""attribute"", ""act"": 0.0}, {""tk"": ""The"", ""act"": 0.0}, {""tk"": ""city"", ""act"": 0.0}, {""tk"": ""of"", ""act"": 0.0}, {""tk"": ""government"", ""act"": 0.0}, {""tk"": ""state"", ""act"": 0.0}, {""tk"": ""is"", ""act"": 0.0}, {""tk"": ""capital"", ""act"": 0.0}, {""tk"": ""which"", ""act"": 0.0}, {""tk"": ""located"", ""act"": 0.0}, {""tk"": ""containing"", ""act"": 0.0}]"
4_72482,4,72482,attribute: The primary city serving as the seat of government for a state is the capital city,<bos>,0,0.0,0.0,semantic,"[{""token"": ""<bos>"", ""index"": 0, ""distance"": 0, ""direction"": ""self""}]",n/a,Relationship,,1.0,False,,(attribute) related,"[{""tk"": ""attribute"", ""act"": 0.0}, {""tk"": ""The"", ""act"": 0.0}, {""tk"": ""city"", ""act"": 0.0}, {""tk"": ""of"", ""act"": 0.0}, {""tk"": ""government"", ""act"": 0.0}, {""tk"": ""state"", ""act"": 0.0}, {""tk"": ""is"", ""act"": 0.0}, {""tk"": ""capital"", ""act"": 0.0}, {""tk"": ""which"", ""act"": 0.0}, {""tk"": ""located"", ""act"": 0.0}, {""tk"": ""containing"", ""act"": 0.0}]"
4_84715,4,84715,attribute: The primary city serving as the seat of government for a state is the capital city,<bos>,0,0.0,0.0,semantic,"[{""token"": ""<bos>"", ""index"": 0, ""distance"": 0, ""direction"": ""self""}]",n/a,Relationship,,1.0,False,,(attribute) related,"[{""tk"": ""attribute"", ""act"": 0.0}, {""tk"": ""The"", ""act"": 0.0}, {""tk"": ""city"", ""act"": 0.0}, {""tk"": ""of"", ""act"": 0.0}, {""tk"": ""government"", ""act"": 0.0}, {""tk"": ""state"", ""act"": 0.0}, {""tk"": ""is"", ""act"": 0.0}, {""tk"": ""capital"", ""act"": 0.0}, {""tk"": ""which"", ""act"": 0.0}, {""tk"": ""located"", ""act"": 0.0}, {""tk"": ""containing"", ""act"": 0.0}]"
5_1551,5,1551,attribute: The primary city serving as the seat of government for a state is the capital city,<bos>,0,161.56459045410156,0.9345199294834168,semantic,"[{""token"": ""<bos>"", ""index"": 0, ""distance"": 0, ""direction"": ""self""}]",n/a,Semantic,Concept,0.7,False,,Semantic (unknown),"[{""tk"": ""attribute"", ""act"": 39.44136428833008}, {""tk"": ""The"", ""act"": 0.0}, {""tk"": ""city"", ""act"": 0.0}, {""tk"": ""of"", ""act"": 0.0}, {""tk"": ""government"", ""act"": 0.0}, {""tk"": ""state"", ""act"": 0.0}, {""tk"": ""is"", ""act"": 0.0}, {""tk"": ""capital"", ""act"": 0.0}, {""tk"": ""which"", ""act"": 0.0}, {""tk"": ""located"", ""act"": 0.0}, {""tk"": ""containing"", ""act"": 0.0}]"
5_4901,5,4901,attribute: The primary city serving as the seat of government for a state is the capital city, is,15,6.10368013381958,0.9473684210526316,functional,"[{""token"": "" capital"", ""index"": 17, ""distance"": 2, ""direction"": ""forward""}]",json,Semantic,Ambiguous,0.3,True,"Ambiguous: peak_cons=0.33, n_peaks=1, func_vs_sem=100.0%, layer=5",is,"[{""tk"": ""is"", ""act"": 6.10368013381958}, {""tk"": ""attribute"", ""act"": 0.0}, {""tk"": ""The"", ""act"": 0.0}, {""tk"": ""city"", ""act"": 0.0}, {""tk"": ""of"", ""act"": 0.0}, {""tk"": ""government"", ""act"": 0.0}, {""tk"": ""state"", ""act"": 0.0}, {""tk"": ""capital"", ""act"": 0.0}, {""tk"": ""which"", ""act"": 0.0}, {""tk"": ""located"", ""act"": 0.0}, {""tk"": ""containing"", ""act"": 0.0}]"
5_51213,5,51213,attribute: The primary city serving as the seat of government for a state is the capital city, capital,17,5.454928398132324,0.8491561277040637,semantic,"[{""token"": "" capital"", ""index"": 17, ""distance"": 0, ""direction"": ""self""}]",n/a,Semantic,Dictionary,1.0,False,,capital,"[{""tk"": ""capital"", ""act"": 5.454928398132324}, {""tk"": ""of"", ""act"": 2.1363112926483154}, {""tk"": ""government"", ""act"": 1.9978015422821045}, {""tk"": ""city"", ""act"": 0.651606559753418}, {""tk"": ""attribute"", ""act"": 0.0}, {""tk"": ""The"", ""act"": 0.0}, {""tk"": ""state"", ""act"": 0.0}, {""tk"": ""is"", ""act"": 0.0}, {""tk"": ""which"", ""act"": 0.0}, {""tk"": ""located"", ""act"": 0.0}, {""tk"": ""containing"", ""act"": 0.0}]"
5_33745,5,33745,attribute: The primary city serving as the seat of government for a state is the capital city,<bos>,0,1.2981252670288086,0.9473684210526316,semantic,"[{""token"": ""<bos>"", ""index"": 0, ""distance"": 0, ""direction"": ""self""}]",n/a,Semantic,Concept,0.7,False,,Semantic (unknown),"[{""tk"": ""attribute"", ""act"": 0.0}, {""tk"": ""The"", ""act"": 0.0}, {""tk"": ""city"", ""act"": 0.0}, {""tk"": ""of"", ""act"": 0.0}, {""tk"": ""government"", ""act"": 0.0}, {""tk"": ""state"", ""act"": 0.0}, {""tk"": ""is"", ""act"": 0.0}, {""tk"": ""capital"", ""act"": 0.0}, {""tk"": ""which"", ""act"": 0.0}, {""tk"": ""located"", ""act"": 0.0}, {""tk"": ""containing"", ""act"": 0.0}]"
5_30353,5,30353,attribute: The primary city serving as the seat of government for a state is the capital city,<bos>,0,0.0,0.0,semantic,"[{""token"": ""<bos>"", ""index"": 0, ""distance"": 0, ""direction"": ""self""}]",n/a,Relationship,,1.0,False,,(attribute) related,"[{""tk"": ""attribute"", ""act"": 0.0}, {""tk"": ""The"", ""act"": 0.0}, {""tk"": ""city"", ""act"": 0.0}, {""tk"": ""of"", ""act"": 0.0}, {""tk"": ""government"", ""act"": 0.0}, {""tk"": ""state"", ""act"": 0.0}, {""tk"": ""is"", ""act"": 0.0}, {""tk"": ""capital"", ""act"": 0.0}, {""tk"": ""which"", ""act"": 0.0}, {""tk"": ""located"", ""act"": 0.0}, {""tk"": ""containing"", ""act"": 0.0}]"
5_34406,5,34406,attribute: The primary city serving as the seat of government for a state is the capital city,<bos>,0,0.0,0.0,semantic,"[{""token"": ""<bos>"", ""index"": 0, ""distance"": 0, ""direction"": ""self""}]",n/a,Relationship,,1.0,False,,(attribute) related,"[{""tk"": ""attribute"", ""act"": 0.0}, {""tk"": ""The"", ""act"": 0.0}, {""tk"": ""city"", ""act"": 0.0}, {""tk"": ""of"", ""act"": 0.0}, {""tk"": ""government"", ""act"": 0.0}, {""tk"": ""state"", ""act"": 0.0}, {""tk"": ""is"", ""act"": 0.0}, {""tk"": ""capital"", ""act"": 0.0}, {""tk"": ""which"", ""act"": 0.0}, {""tk"": ""located"", ""act"": 0.0}, {""tk"": ""containing"", ""act"": 0.0}]"
6_22143,6,22143,attribute: The primary city serving as the seat of government for a state is the capital city,attribute,1,25.566389083862305,0.7705588429678475,semantic,"[{""token"": ""attribute"", ""index"": 1, ""distance"": 0, ""direction"": ""self""}]",n/a,Semantic,Concept,0.7,False,,attribute,"[{""tk"": ""attribute"", ""act"": 25.566389083862305}, {""tk"": ""city"", ""act"": 17.3726863861084}, {""tk"": ""the"", ""act"": 10.888114929199219}, {""tk"": ""state"", ""act"": 10.668606758117676}, {""tk"": ""is"", ""act"": 8.635822296142578}, {""tk"": ""located"", ""act"": 5.484473705291748}, {""tk"": ""capital"", ""act"": 0.3072550296783447}, {""tk"": ""which"", ""act"": 0.24917440116405487}, {""tk"": ""of"", ""act"": 0.0}, {""tk"": ""government"", ""act"": 0.0}, {""tk"": ""containing"", ""act"": 0.0}]"
6_6574,6,6574,attribute: The primary city serving as the seat of government for a state is the capital city,<bos>,0,0.0,0.0,semantic,"[{""token"": ""<bos>"", ""index"": 0, ""distance"": 0, ""direction"": ""self""}]",n/a,Relationship,,1.0,False,,(attribute) related,"[{""tk"": ""attribute"", ""act"": 0.0}, {""tk"": ""The"", ""act"": 0.0}, {""tk"": ""city"", ""act"": 0.0}, {""tk"": ""of"", ""act"": 0.0}, {""tk"": ""government"", ""act"": 0.0}, {""tk"": ""state"", ""act"": 0.0}, {""tk"": ""is"", ""act"": 0.0}, {""tk"": ""capital"", ""act"": 0.0}, {""tk"": ""which"", ""act"": 0.0}, {""tk"": ""located"", ""act"": 0.0}, {""tk"": ""containing"", ""act"": 0.0}]"
6_23862,6,23862,attribute: The primary city serving as the seat of government for a state is the capital city,<bos>,0,0.0,0.0,semantic,"[{""token"": ""<bos>"", ""index"": 0, ""distance"": 0, ""direction"": ""self""}]",n/a,Relationship,,1.0,False,,(attribute) related,"[{""tk"": ""attribute"", ""act"": 0.0}, {""tk"": ""The"", ""act"": 0.0}, {""tk"": ""city"", ""act"": 0.0}, {""tk"": ""of"", ""act"": 0.0}, {""tk"": ""government"", ""act"": 0.0}, {""tk"": ""state"", ""act"": 0.0}, {""tk"": ""is"", ""act"": 0.0}, {""tk"": ""capital"", ""act"": 0.0}, {""tk"": ""which"", ""act"": 0.0}, {""tk"": ""located"", ""act"": 0.0}, {""tk"": ""containing"", ""act"": 0.0}]"
7_66851,7,66851,attribute: The primary city serving as the seat of government for a state is the capital city, city,5,47.1239128112793,0.5755219229121825,semantic,"[{""token"": "" city"", ""index"": 5, ""distance"": 0, ""direction"": ""self""}]",n/a,Semantic,Concept,0.9002669823514474,False,,city,"[{""tk"": ""city"", ""act"": 47.1239128112793}, {""tk"": ""The"", ""act"": 45.9108772277832}, {""tk"": ""attribute"", ""act"": 44.321834564208984}, {""tk"": ""state"", ""act"": 28.129961013793945}, {""tk"": ""capital"", ""act"": 22.289987564086914}, {""tk"": ""is"", ""act"": 17.88539695739746}, {""tk"": ""located"", ""act"": 16.008203506469727}, {""tk"": ""government"", ""act"": 14.86802864074707}, {""tk"": ""of"", ""act"": 14.001923561096191}, {""tk"": ""which"", ""act"": 12.457620620727539}, {""tk"": ""containing"", ""act"": 9.191671371459961}]"
7_79007,7,79007,attribute: The primary city serving as the seat of government for a state is the capital city,<bos>,0,10.809020042419434,0.9237033767285278,semantic,"[{""token"": ""<bos>"", ""index"": 0, ""distance"": 0, ""direction"": ""self""}]",n/a,Semantic,Concept,0.7,False,,Semantic (unknown),"[{""tk"": ""is"", ""act"": 3.44201397895813}, {""tk"": ""the"", ""act"": 1.0101656913757324}, {""tk"": ""located"", ""act"": 0.6777404546737671}, {""tk"": ""containing"", ""act"": 0.4453907310962677}, {""tk"": ""state"", ""act"": 0.40794315934181213}, {""tk"": ""attribute"", ""act"": 0.0}, {""tk"": ""city"", ""act"": 0.0}, {""tk"": ""of"", ""act"": 0.0}, {""tk"": ""government"", ""act"": 0.0}, {""tk"": ""capital"", ""act"": 0.0}, {""tk"": ""which"", ""act"": 0.0}]"
8_49126,8,49126,attribute: The primary city serving as the seat of government for a state is the capital city, the,8,9.22913646697998,0.9028622139782796,functional,"[{""token"": "" seat"", ""index"": 9, ""distance"": 1, ""direction"": ""forward""}]",json,Semantic,Concept,0.7,False,,city,"[{""tk"": ""the"", ""act"": 9.22913646697998}, {""tk"": ""city"", ""act"": 5.420082092285156}, {""tk"": ""located"", ""act"": 4.660083770751953}, {""tk"": ""is"", ""act"": 1.78456711769104}, {""tk"": ""containing"", ""act"": 1.69818115234375}, {""tk"": ""of"", ""act"": 0.6516338586807251}, {""tk"": ""attribute"", ""act"": 0.0}, {""tk"": ""government"", ""act"": 0.0}, {""tk"": ""state"", ""act"": 0.0}, {""tk"": ""capital"", ""act"": 0.0}, {""tk"": ""which"", ""act"": 0.0}]"
9_11429,9,11429,attribute: The primary city serving as the seat of government for a state is the capital city, of,10,13.498773574829102,0.8155802077458701,functional,"[{""token"": "" seat"", ""index"": 9, ""distance"": 1, ""direction"": ""backward""}]",json,Semantic,Dictionary,1.0,False,,of,"[{""tk"": ""of"", ""act"": 13.498773574829102}, {""tk"": ""the"", ""act"": 5.758722305297852}, {""tk"": ""government"", ""act"": 3.063748836517334}, {""tk"": ""attribute"", ""act"": 0.0}, {""tk"": ""city"", ""act"": 0.0}, {""tk"": ""state"", ""act"": 0.0}, {""tk"": ""is"", ""act"": 0.0}, {""tk"": ""capital"", ""act"": 0.0}, {""tk"": ""which"", ""act"": 0.0}, {""tk"": ""located"", ""act"": 0.0}, {""tk"": ""containing"", ""act"": 0.0}]"
9_73919,9,73919,attribute: The primary city serving as the seat of government for a state is the capital city, capital,17,8.759065628051758,0.8445704797006441,semantic,"[{""token"": "" capital"", ""index"": 17, ""distance"": 0, ""direction"": ""self""}]",n/a,Semantic,Dictionary,1.0,False,,capital,"[{""tk"": ""capital"", ""act"": 8.759065628051758}, {""tk"": ""city"", ""act"": 5.948211193084717}, {""tk"": ""government"", ""act"": 4.144934177398682}, {""tk"": ""the"", ""act"": 2.876901149749756}, {""tk"": ""attribute"", ""act"": 0.0}, {""tk"": ""of"", ""act"": 0.0}, {""tk"": ""state"", ""act"": 0.0}, {""tk"": ""is"", ""act"": 0.0}, {""tk"": ""which"", ""act"": 0.0}, {""tk"": ""located"", ""act"": 0.0}, {""tk"": ""containing"", ""act"": 0.0}]"
10_75793,10,75793,attribute: The primary city serving as the seat of government for a state is the capital city, is,15,35.21165084838867,0.5469379865554406,functional,"[{""token"": "" capital"", ""index"": 17, ""distance"": 2, ""direction"": ""forward""}]",json,Semantic,Concept,0.8009750516048617,False,,located,"[{""tk"": ""located"", ""act"": 43.96098327636719}, {""tk"": ""is"", ""act"": 35.21165084838867}, {""tk"": ""the"", ""act"": 30.694744110107422}, {""tk"": ""city"", ""act"": 29.659860610961914}, {""tk"": ""containing"", ""act"": 24.20592498779297}, {""tk"": ""government"", ""act"": 19.719295501708984}, {""tk"": ""capital"", ""act"": 15.062984466552734}, {""tk"": ""state"", ""act"": 14.852208137512207}, {""tk"": ""of"", ""act"": 12.384588241577148}, {""tk"": ""attribute"", ""act"": 0.0}, {""tk"": ""which"", ""act"": 0.0}]"
11_50131,11,50131,attribute: The primary city serving as the seat of government for a state is the capital city, capital,17,32.42369842529297,0.5693857671377607,semantic,"[{""token"": "" capital"", ""index"": 17, ""distance"": 0, ""direction"": ""self""}]",n/a,Semantic,Concept,0.7,False,,capital,"[{""tk"": ""capital"", ""act"": 32.42369842529297}, {""tk"": ""state"", ""act"": 31.960853576660156}, {""tk"": ""city"", ""act"": 21.21697235107422}, {""tk"": ""is"", ""act"": 19.765623092651367}, {""tk"": ""government"", ""act"": 16.808237075805664}, {""tk"": ""the"", ""act"": 14.164325714111328}, {""tk"": ""located"", ""act"": 12.37300968170166}, {""tk"": ""containing"", ""act"": 11.94537353515625}, {""tk"": ""of"", ""act"": 4.081844806671143}, {""tk"": ""attribute"", ""act"": 0.0}, {""tk"": ""which"", ""act"": 0.0}]"
12_92583,12,92583,attribute: The primary city serving as the seat of government for a state is the capital city,<bos>,0,0.0,0.0,semantic,"[{""token"": ""<bos>"", ""index"": 0, ""distance"": 0, ""direction"": ""self""}]",n/a,Relationship,,1.0,False,,(attribute) related,"[{""tk"": ""attribute"", ""act"": 0.0}, {""tk"": ""The"", ""act"": 0.0}, {""tk"": ""city"", ""act"": 0.0}, {""tk"": ""of"", ""act"": 0.0}, {""tk"": ""government"", ""act"": 0.0}, {""tk"": ""state"", ""act"": 0.0}, {""tk"": ""is"", ""act"": 0.0}, {""tk"": ""capital"", ""act"": 0.0}, {""tk"": ""which"", ""act"": 0.0}, {""tk"": ""located"", ""act"": 0.0}, {""tk"": ""containing"", ""act"": 0.0}]"
12_96988,12,96988,attribute: The primary city serving as the seat of government for a state is the capital city,<bos>,0,0.0,0.0,semantic,"[{""token"": ""<bos>"", ""index"": 0, ""distance"": 0, ""direction"": ""self""}]",n/a,Relationship,,1.0,False,,(attribute) related,"[{""tk"": ""attribute"", ""act"": 0.0}, {""tk"": ""The"", ""act"": 0.0}, {""tk"": ""city"", ""act"": 0.0}, {""tk"": ""of"", ""act"": 0.0}, {""tk"": ""government"", ""act"": 0.0}, {""tk"": ""state"", ""act"": 0.0}, {""tk"": ""is"", ""act"": 0.0}, {""tk"": ""capital"", ""act"": 0.0}, {""tk"": ""which"", ""act"": 0.0}, {""tk"": ""located"", ""act"": 0.0}, {""tk"": ""containing"", ""act"": 0.0}]"
13_83324,13,83324,attribute: The primary city serving as the seat of government for a state is the capital city,<bos>,0,0.0,0.0,semantic,"[{""token"": ""<bos>"", ""index"": 0, ""distance"": 0, ""direction"": ""self""}]",n/a,Relationship,,1.0,False,,(attribute) related,"[{""tk"": ""attribute"", ""act"": 0.0}, {""tk"": ""The"", ""act"": 0.0}, {""tk"": ""city"", ""act"": 0.0}, {""tk"": ""of"", ""act"": 0.0}, {""tk"": ""government"", ""act"": 0.0}, {""tk"": ""state"", ""act"": 0.0}, {""tk"": ""is"", ""act"": 0.0}, {""tk"": ""capital"", ""act"": 0.0}, {""tk"": ""which"", ""act"": 0.0}, {""tk"": ""located"", ""act"": 0.0}, {""tk"": ""containing"", ""act"": 0.0}]"
15_24134,15,24134,attribute: The primary city serving as the seat of government for a state is the capital city,<bos>,0,0.0,0.0,semantic,"[{""token"": ""<bos>"", ""index"": 0, ""distance"": 0, ""direction"": ""self""}]",n/a,Relationship,,1.0,False,,(attribute) related,"[{""tk"": ""attribute"", ""act"": 0.0}, {""tk"": ""The"", ""act"": 0.0}, {""tk"": ""city"", ""act"": 0.0}, {""tk"": ""of"", ""act"": 0.0}, {""tk"": ""government"", ""act"": 0.0}, {""tk"": ""state"", ""act"": 0.0}, {""tk"": ""is"", ""act"": 0.0}, {""tk"": ""capital"", ""act"": 0.0}, {""tk"": ""which"", ""act"": 0.0}, {""tk"": ""located"", ""act"": 0.0}, {""tk"": ""containing"", ""act"": 0.0}]"
15_48153,15,48153,attribute: The primary city serving as the seat of government for a state is the capital city,<bos>,0,0.0,0.0,semantic,"[{""token"": ""<bos>"", ""index"": 0, ""distance"": 0, ""direction"": ""self""}]",n/a,Relationship,,1.0,False,,(attribute) related,"[{""tk"": ""attribute"", ""act"": 0.0}, {""tk"": ""The"", ""act"": 0.0}, {""tk"": ""city"", ""act"": 0.0}, {""tk"": ""of"", ""act"": 0.0}, {""tk"": ""government"", ""act"": 0.0}, {""tk"": ""state"", ""act"": 0.0}, {""tk"": ""is"", ""act"": 0.0}, {""tk"": ""capital"", ""act"": 0.0}, {""tk"": ""which"", ""act"": 0.0}, {""tk"": ""located"", ""act"": 0.0}, {""tk"": ""containing"", ""act"": 0.0}]"
17_98126,17,98126,attribute: The primary city serving as the seat of government for a state is the capital city, the,16,20.31070899963379,0.8599606807990127,functional,"[{""token"": "" capital"", ""index"": 17, ""distance"": 1, ""direction"": ""forward""}]",json,"Say ""X""",,1.0,False,,Say (capital),"[{""tk"": ""the"", ""act"": 20.31070899963379}, {""tk"": ""is"", ""act"": 14.982040405273438}, {""tk"": ""government"", ""act"": 6.976686954498291}, {""tk"": ""of"", ""act"": 3.8759498596191406}, {""tk"": ""attribute"", ""act"": 0.0}, {""tk"": ""city"", ""act"": 0.0}, {""tk"": ""state"", ""act"": 0.0}, {""tk"": ""capital"", ""act"": 0.0}, {""tk"": ""which"", ""act"": 0.0}, {""tk"": ""located"", ""act"": 0.0}, {""tk"": ""containing"", ""act"": 0.0}]"
17_93962,17,93962,attribute: The primary city serving as the seat of government for a state is the capital city,<bos>,0,0.0,0.0,semantic,"[{""token"": ""<bos>"", ""index"": 0, ""distance"": 0, ""direction"": ""self""}]",n/a,Relationship,,1.0,False,,(attribute) related,"[{""tk"": ""attribute"", ""act"": 0.0}, {""tk"": ""The"", ""act"": 0.0}, {""tk"": ""city"", ""act"": 0.0}, {""tk"": ""of"", ""act"": 0.0}, {""tk"": ""government"", ""act"": 0.0}, {""tk"": ""state"", ""act"": 0.0}, {""tk"": ""is"", ""act"": 0.0}, {""tk"": ""capital"", ""act"": 0.0}, {""tk"": ""which"", ""act"": 0.0}, {""tk"": ""located"", ""act"": 0.0}, {""tk"": ""containing"", ""act"": 0.0}]"
18_53951,18,53951,attribute: The primary city serving as the seat of government for a state is the capital city, the,16,30.32887840270996,0.9208628545096011,functional,"[{""token"": "" capital"", ""index"": 17, ""distance"": 1, ""direction"": ""forward""}]",json,"Say ""X""",,1.0,False,,Say (capital),"[{""tk"": ""the"", ""act"": 30.32887840270996}, {""tk"": ""is"", ""act"": 15.273797988891602}, {""tk"": ""attribute"", ""act"": 0.0}, {""tk"": ""city"", ""act"": 0.0}, {""tk"": ""of"", ""act"": 0.0}, {""tk"": ""government"", ""act"": 0.0}, {""tk"": ""state"", ""act"": 0.0}, {""tk"": ""capital"", ""act"": 0.0}, {""tk"": ""which"", ""act"": 0.0}, {""tk"": ""located"", ""act"": 0.0}, {""tk"": ""containing"", ""act"": 0.0}]"
18_17137,18,17137,attribute: The primary city serving as the seat of government for a state is the capital city,<bos>,0,23.818248748779297,0.9473684210526316,semantic,"[{""token"": ""<bos>"", ""index"": 0, ""distance"": 0, ""direction"": ""self""}]",n/a,Semantic,Concept,0.7,False,,Semantic (unknown),"[{""tk"": ""attribute"", ""act"": 0.0}, {""tk"": ""The"", ""act"": 0.0}, {""tk"": ""city"", ""act"": 0.0}, {""tk"": ""of"", ""act"": 0.0}, {""tk"": ""government"", ""act"": 0.0}, {""tk"": ""state"", ""act"": 0.0}, {""tk"": ""is"", ""act"": 0.0}, {""tk"": ""capital"", ""act"": 0.0}, {""tk"": ""which"", ""act"": 0.0}, {""tk"": ""located"", ""act"": 0.0}, {""tk"": ""containing"", ""act"": 0.0}]"
18_40383,18,40383,attribute: The primary city serving as the seat of government for a state is the capital city,<bos>,0,0.0,0.0,semantic,"[{""token"": ""<bos>"", ""index"": 0, ""distance"": 0, ""direction"": ""self""}]",n/a,Relationship,,1.0,False,,(attribute) related,"[{""tk"": ""attribute"", ""act"": 0.0}, {""tk"": ""The"", ""act"": 0.0}, {""tk"": ""city"", ""act"": 0.0}, {""tk"": ""of"", ""act"": 0.0}, {""tk"": ""government"", ""act"": 0.0}, {""tk"": ""state"", ""act"": 0.0}, {""tk"": ""is"", ""act"": 0.0}, {""tk"": ""capital"", ""act"": 0.0}, {""tk"": ""which"", ""act"": 0.0}, {""tk"": ""located"", ""act"": 0.0}, {""tk"": ""containing"", ""act"": 0.0}]"
18_84084,18,84084,attribute: The primary city serving as the seat of government for a state is the capital city,<bos>,0,0.0,0.0,semantic,"[{""token"": ""<bos>"", ""index"": 0, ""distance"": 0, ""direction"": ""self""}]",n/a,Relationship,,1.0,False,,(attribute) related,"[{""tk"": ""attribute"", ""act"": 0.0}, {""tk"": ""The"", ""act"": 0.0}, {""tk"": ""city"", ""act"": 0.0}, {""tk"": ""of"", ""act"": 0.0}, {""tk"": ""government"", ""act"": 0.0}, {""tk"": ""state"", ""act"": 0.0}, {""tk"": ""is"", ""act"": 0.0}, {""tk"": ""capital"", ""act"": 0.0}, {""tk"": ""which"", ""act"": 0.0}, {""tk"": ""located"", ""act"": 0.0}, {""tk"": ""containing"", ""act"": 0.0}]"
19_60499,19,60499,attribute: The primary city serving as the seat of government for a state is the capital city,<bos>,0,19.1297664642334,0.9473684210526316,semantic,"[{""token"": ""<bos>"", ""index"": 0, ""distance"": 0, ""direction"": ""self""}]",n/a,Semantic,Concept,0.7,False,,Semantic (unknown),"[{""tk"": ""attribute"", ""act"": 0.0}, {""tk"": ""The"", ""act"": 0.0}, {""tk"": ""city"", ""act"": 0.0}, {""tk"": ""of"", ""act"": 0.0}, {""tk"": ""government"", ""act"": 0.0}, {""tk"": ""state"", ""act"": 0.0}, {""tk"": ""is"", ""act"": 0.0}, {""tk"": ""capital"", ""act"": 0.0}, {""tk"": ""which"", ""act"": 0.0}, {""tk"": ""located"", ""act"": 0.0}, {""tk"": ""containing"", ""act"": 0.0}]"
19_54790,19,54790,attribute: The primary city serving as the seat of government for a state is the capital city, is,15,5.88362979888916,0.9473684210526316,functional,"[{""token"": "" capital"", ""index"": 17, ""distance"": 2, ""direction"": ""forward""}]",json,"Say ""X""",,1.0,False,,Say (capital),"[{""tk"": ""is"", ""act"": 5.88362979888916}, {""tk"": ""attribute"", ""act"": 0.0}, {""tk"": ""The"", ""act"": 0.0}, {""tk"": ""city"", ""act"": 0.0}, {""tk"": ""of"", ""act"": 0.0}, {""tk"": ""government"", ""act"": 0.0}, {""tk"": ""state"", ""act"": 0.0}, {""tk"": ""capital"", ""act"": 0.0}, {""tk"": ""which"", ""act"": 0.0}, {""tk"": ""located"", ""act"": 0.0}, {""tk"": ""containing"", ""act"": 0.0}]"
19_60247,19,60247,attribute: The primary city serving as the seat of government for a state is the capital city,<bos>,0,0.0,0.0,semantic,"[{""token"": ""<bos>"", ""index"": 0, ""distance"": 0, ""direction"": ""self""}]",n/a,Relationship,,1.0,False,,(attribute) related,"[{""tk"": ""attribute"", ""act"": 0.0}, {""tk"": ""The"", ""act"": 0.0}, {""tk"": ""city"", ""act"": 0.0}, {""tk"": ""of"", ""act"": 0.0}, {""tk"": ""government"", ""act"": 0.0}, {""tk"": ""state"", ""act"": 0.0}, {""tk"": ""is"", ""act"": 0.0}, {""tk"": ""capital"", ""act"": 0.0}, {""tk"": ""which"", ""act"": 0.0}, {""tk"": ""located"", ""act"": 0.0}, {""tk"": ""containing"", ""act"": 0.0}]"
21_28853,21,28853,attribute: The primary city serving as the seat of government for a state is the capital city,<bos>,0,0.0,0.0,semantic,"[{""token"": ""<bos>"", ""index"": 0, ""distance"": 0, ""direction"": ""self""}]",n/a,Relationship,,1.0,False,,(attribute) related,"[{""tk"": ""attribute"", ""act"": 0.0}, {""tk"": ""The"", ""act"": 0.0}, {""tk"": ""city"", ""act"": 0.0}, {""tk"": ""of"", ""act"": 0.0}, {""tk"": ""government"", ""act"": 0.0}, {""tk"": ""state"", ""act"": 0.0}, {""tk"": ""is"", ""act"": 0.0}, {""tk"": ""capital"", ""act"": 0.0}, {""tk"": ""which"", ""act"": 0.0}, {""tk"": ""located"", ""act"": 0.0}, {""tk"": ""containing"", ""act"": 0.0}]"
21_34492,21,34492,attribute: The primary city serving as the seat of government for a state is the capital city,<bos>,0,0.0,0.0,semantic,"[{""token"": ""<bos>"", ""index"": 0, ""distance"": 0, ""direction"": ""self""}]",n/a,Relationship,,1.0,False,,(attribute) related,"[{""tk"": ""attribute"", ""act"": 0.0}, {""tk"": ""The"", ""act"": 0.0}, {""tk"": ""city"", ""act"": 0.0}, {""tk"": ""of"", ""act"": 0.0}, {""tk"": ""government"", ""act"": 0.0}, {""tk"": ""state"", ""act"": 0.0}, {""tk"": ""is"", ""act"": 0.0}, {""tk"": ""capital"", ""act"": 0.0}, {""tk"": ""which"", ""act"": 0.0}, {""tk"": ""located"", ""act"": 0.0}, {""tk"": ""containing"", ""act"": 0.0}]"
21_89577,21,89577,attribute: The primary city serving as the seat of government for a state is the capital city,<bos>,0,0.0,0.0,semantic,"[{""token"": ""<bos>"", ""index"": 0, ""distance"": 0, ""direction"": ""self""}]",n/a,Relationship,,1.0,False,,(attribute) related,"[{""tk"": ""attribute"", ""act"": 0.0}, {""tk"": ""The"", ""act"": 0.0}, {""tk"": ""city"", ""act"": 0.0}, {""tk"": ""of"", ""act"": 0.0}, {""tk"": ""government"", ""act"": 0.0}, {""tk"": ""state"", ""act"": 0.0}, {""tk"": ""is"", ""act"": 0.0}, {""tk"": ""capital"", ""act"": 0.0}, {""tk"": ""which"", ""act"": 0.0}, {""tk"": ""located"", ""act"": 0.0}, {""tk"": ""containing"", ""act"": 0.0}]"
22_26884,22,26884,attribute: The primary city serving as the seat of government for a state is the capital city,<bos>,0,0.0,0.0,semantic,"[{""token"": ""<bos>"", ""index"": 0, ""distance"": 0, ""direction"": ""self""}]",n/a,Relationship,,1.0,False,,(attribute) related,"[{""tk"": ""attribute"", ""act"": 0.0}, {""tk"": ""The"", ""act"": 0.0}, {""tk"": ""city"", ""act"": 0.0}, {""tk"": ""of"", ""act"": 0.0}, {""tk"": ""government"", ""act"": 0.0}, {""tk"": ""state"", ""act"": 0.0}, {""tk"": ""is"", ""act"": 0.0}, {""tk"": ""capital"", ""act"": 0.0}, {""tk"": ""which"", ""act"": 0.0}, {""tk"": ""located"", ""act"": 0.0}, {""tk"": ""containing"", ""act"": 0.0}]"
0_51434,0,51434,relationship: the state in which a city is located is the state containing, the,3,79.98755645751953,0.8605317634556638,functional,"[{""token"": "" state"", ""index"": 4, ""distance"": 1, ""direction"": ""forward""}]",json,Semantic,Dictionary (fallback),0.9,False,,the,"[{""tk"": ""the"", ""act"": 79.98755645751953}, {""tk"": ""attribute"", ""act"": 0.0}, {""tk"": ""city"", ""act"": 0.0}, {""tk"": ""of"", ""act"": 0.0}, {""tk"": ""government"", ""act"": 0.0}, {""tk"": ""state"", ""act"": 0.0}, {""tk"": ""is"", ""act"": 0.0}, {""tk"": ""capital"", ""act"": 0.0}, {""tk"": ""which"", ""act"": 0.0}, {""tk"": ""located"", ""act"": 0.0}, {""tk"": ""containing"", ""act"": 0.0}]"
0_95475,0,95475,relationship: the state in which a city is located is the state containing, city,8,68.99917602539062,0.7118048045856525,semantic,"[{""token"": "" city"", ""index"": 8, ""distance"": 0, ""direction"": ""self""}]",n/a,Semantic,Dictionary (fallback),0.9,False,,government,"[{""tk"": ""government"", ""act"": 73.73577117919922}, {""tk"": ""city"", ""act"": 68.99917602539062}, {""tk"": ""state"", ""act"": 62.418968200683594}, {""tk"": ""capital"", ""act"": 52.33393859863281}, {""tk"": ""attribute"", ""act"": 50.58573913574219}, {""tk"": ""located"", ""act"": 41.876251220703125}, {""tk"": ""containing"", ""act"": 27.732948303222656}, {""tk"": ""The"", ""act"": 0.0}, {""tk"": ""of"", ""act"": 0.0}, {""tk"": ""is"", ""act"": 0.0}, {""tk"": ""which"", ""act"": 0.0}]"
0_40780,0,40780,relationship: the state in which a city is located is the state containing, which,6,59.63111114501953,0.5221292075237248,functional,"[{""token"": "" city"", ""index"": 8, ""distance"": 2, ""direction"": ""forward""}]",json,Semantic,Dictionary (fallback),0.9,False,,which,"[{""tk"": ""which"", ""act"": 59.63111114501953}, {""tk"": ""the"", ""act"": 57.446224212646484}, {""tk"": ""is"", ""act"": 50.90119552612305}, {""tk"": ""of"", ""act"": 37.325950622558594}, {""tk"": ""attribute"", ""act"": 0.0}, {""tk"": ""city"", ""act"": 0.0}, {""tk"": ""government"", ""act"": 0.0}, {""tk"": ""state"", ""act"": 0.0}, {""tk"": ""capital"", ""act"": 0.0}, {""tk"": ""located"", ""act"": 0.0}, {""tk"": ""containing"", ""act"": 0.0}]"
0_18753,0,18753,relationship: the state in which a city is located is the state containing,:,2,57.80386734008789,0.6417764424150909,functional,"[{""token"": "" state"", ""index"": 4, ""distance"": 2, ""direction"": ""forward""}, {""token"": ""relationship"", ""index"": 1, ""distance"": 1, ""direction"": ""backward""}]",json,Semantic,Dictionary (fallback),0.9,False,,punctuation,"[{""tk"": ""the"", ""act"": 45.698326110839844}, {""tk"": ""is"", ""act"": 42.4085578918457}, {""tk"": ""of"", ""act"": 41.465484619140625}, {""tk"": ""attribute"", ""act"": 0.0}, {""tk"": ""city"", ""act"": 0.0}, {""tk"": ""government"", ""act"": 0.0}, {""tk"": ""state"", ""act"": 0.0}, {""tk"": ""capital"", ""act"": 0.0}, {""tk"": ""which"", ""act"": 0.0}, {""tk"": ""located"", ""act"": 0.0}, {""tk"": ""containing"", ""act"": 0.0}]"
0_98149,0,98149,relationship: the state in which a city is located is the state containing, state,4,31.780366897583008,0.8292650480797747,semantic,"[{""token"": "" state"", ""index"": 4, ""distance"": 0, ""direction"": ""self""}]",n/a,Semantic,Dictionary (fallback),0.9,False,,state,"[{""tk"": ""state"", ""act"": 31.780366897583008}, {""tk"": ""attribute"", ""act"": 26.52439308166504}, {""tk"": ""city"", ""act"": 17.828733444213867}, {""tk"": ""government"", ""act"": 4.9040398597717285}, {""tk"": ""The"", ""act"": 0.0}, {""tk"": ""of"", ""act"": 0.0}, {""tk"": ""is"", ""act"": 0.0}, {""tk"": ""capital"", ""act"": 0.0}, {""tk"": ""which"", ""act"": 0.0}, {""tk"": ""located"", ""act"": 0.0}, {""tk"": ""containing"", ""act"": 0.0}]"
0_92029,0,92029,relationship: the state in which a city is located is the state containing, the,12,26.63426399230957,0.8565615190940052,functional,"[{""token"": "" state"", ""index"": 13, ""distance"": 1, ""direction"": ""forward""}]",json,Semantic,Dictionary (fallback),0.9,False,,the,"[{""tk"": ""the"", ""act"": 28.859010696411133}, {""tk"": ""attribute"", ""act"": 0.0}, {""tk"": ""city"", ""act"": 0.0}, {""tk"": ""of"", ""act"": 0.0}, {""tk"": ""government"", ""act"": 0.0}, {""tk"": ""state"", ""act"": 0.0}, {""tk"": ""is"", ""act"": 0.0}, {""tk"": ""capital"", ""act"": 0.0}, {""tk"": ""which"", ""act"": 0.0}, {""tk"": ""located"", ""act"": 0.0}, {""tk"": ""containing"", ""act"": 0.0}]"
0_44634,0,44634,relationship: the state in which a city is located is the state containing,<bos>,0,25.62313461303711,0.8720608353403204,semantic,"[{""token"": ""<bos>"", ""index"": 0, ""distance"": 0, ""direction"": ""self""}]",n/a,Semantic,Dictionary (fallback),0.9,False,,Semantic (unknown),"[{""tk"": ""attribute"", ""act"": 19.139753341674805}, {""tk"": ""The"", ""act"": 0.0}, {""tk"": ""city"", ""act"": 0.0}, {""tk"": ""of"", ""act"": 0.0}, {""tk"": ""government"", ""act"": 0.0}, {""tk"": ""state"", ""act"": 0.0}, {""tk"": ""is"", ""act"": 0.0}, {""tk"": ""capital"", ""act"": 0.0}, {""tk"": ""which"", ""act"": 0.0}, {""tk"": ""located"", ""act"": 0.0}, {""tk"": ""containing"", ""act"": 0.0}]"
0_7430,0,7430,relationship: the state in which a city is located is the state containing,<bos>,0,20.14115524291992,0.9333333333333332,semantic,"[{""token"": ""<bos>"", ""index"": 0, ""distance"": 0, ""direction"": ""self""}]",n/a,Semantic,Dictionary (fallback),0.9,False,,Semantic (unknown),"[{""tk"": ""attribute"", ""act"": 0.0}, {""tk"": ""The"", ""act"": 0.0}, {""tk"": ""city"", ""act"": 0.0}, {""tk"": ""of"", ""act"": 0.0}, {""tk"": ""government"", ""act"": 0.0}, {""tk"": ""state"", ""act"": 0.0}, {""tk"": ""is"", ""act"": 0.0}, {""tk"": ""capital"", ""act"": 0.0}, {""tk"": ""which"", ""act"": 0.0}, {""tk"": ""located"", ""act"": 0.0}, {""tk"": ""containing"", ""act"": 0.0}]"
0_19204,0,19204,relationship: the state in which a city is located is the state containing,<bos>,0,19.44998550415039,0.9333333333333332,semantic,"[{""token"": ""<bos>"", ""index"": 0, ""distance"": 0, ""direction"": ""self""}]",n/a,Semantic,Dictionary (fallback),0.9,False,,Semantic (unknown),"[{""tk"": ""attribute"", ""act"": 0.0}, {""tk"": ""The"", ""act"": 0.0}, {""tk"": ""city"", ""act"": 0.0}, {""tk"": ""of"", ""act"": 0.0}, {""tk"": ""government"", ""act"": 0.0}, {""tk"": ""state"", ""act"": 0.0}, {""tk"": ""is"", ""act"": 0.0}, {""tk"": ""capital"", ""act"": 0.0}, {""tk"": ""which"", ""act"": 0.0}, {""tk"": ""located"", ""act"": 0.0}, {""tk"": ""containing"", ""act"": 0.0}]"
0_67553,0,67553,relationship: the state in which a city is located is the state containing, containing,14,16.307926177978516,0.9333333333333332,semantic,"[{""token"": "" containing"", ""index"": 14, ""distance"": 0, ""direction"": ""self""}]",n/a,Semantic,Dictionary,1.0,False,,containing,"[{""tk"": ""containing"", ""act"": 16.307926177978516}, {""tk"": ""attribute"", ""act"": 0.0}, {""tk"": ""The"", ""act"": 0.0}, {""tk"": ""city"", ""act"": 0.0}, {""tk"": ""of"", ""act"": 0.0}, {""tk"": ""government"", ""act"": 0.0}, {""tk"": ""state"", ""act"": 0.0}, {""tk"": ""is"", ""act"": 0.0}, {""tk"": ""capital"", ""act"": 0.0}, {""tk"": ""which"", ""act"": 0.0}, {""tk"": ""located"", ""act"": 0.0}]"
0_73095,0,73095,relationship: the state in which a city is located is the state containing, containing,14,15.30929946899414,0.9333333333333332,semantic,"[{""token"": "" containing"", ""index"": 14, ""distance"": 0, ""direction"": ""self""}]",n/a,Semantic,Dictionary,1.0,False,,containing,"[{""tk"": ""containing"", ""act"": 15.30929946899414}, {""tk"": ""attribute"", ""act"": 0.0}, {""tk"": ""The"", ""act"": 0.0}, {""tk"": ""city"", ""act"": 0.0}, {""tk"": ""of"", ""act"": 0.0}, {""tk"": ""government"", ""act"": 0.0}, {""tk"": ""state"", ""act"": 0.0}, {""tk"": ""is"", ""act"": 0.0}, {""tk"": ""capital"", ""act"": 0.0}, {""tk"": ""which"", ""act"": 0.0}, {""tk"": ""located"", ""act"": 0.0}]"
0_56748,0,56748,relationship: the state in which a city is located is the state containing, state,4,13.299398422241213,0.8863527430372052,semantic,"[{""token"": "" state"", ""index"": 4, ""distance"": 0, ""direction"": ""self""}]",n/a,Semantic,Dictionary (fallback),0.9,False,,state,"[{""tk"": ""state"", ""act"": 13.299398422241211}, {""tk"": ""attribute"", ""act"": 0.0}, {""tk"": ""The"", ""act"": 0.0}, {""tk"": ""city"", ""act"": 0.0}, {""tk"": ""of"", ""act"": 0.0}, {""tk"": ""government"", ""act"": 0.0}, {""tk"": ""is"", ""act"": 0.0}, {""tk"": ""capital"", ""act"": 0.0}, {""tk"": ""which"", ""act"": 0.0}, {""tk"": ""located"", ""act"": 0.0}, {""tk"": ""containing"", ""act"": 0.0}]"
0_66754,0,66754,relationship: the state in which a city is located is the state containing, containing,14,12.251155853271484,0.9333333333333332,semantic,"[{""token"": "" containing"", ""index"": 14, ""distance"": 0, ""direction"": ""self""}]",n/a,Semantic,Dictionary,1.0,False,,containing,"[{""tk"": ""containing"", ""act"": 12.251155853271484}, {""tk"": ""attribute"", ""act"": 0.0}, {""tk"": ""The"", ""act"": 0.0}, {""tk"": ""city"", ""act"": 0.0}, {""tk"": ""of"", ""act"": 0.0}, {""tk"": ""government"", ""act"": 0.0}, {""tk"": ""state"", ""act"": 0.0}, {""tk"": ""is"", ""act"": 0.0}, {""tk"": ""capital"", ""act"": 0.0}, {""tk"": ""which"", ""act"": 0.0}, {""tk"": ""located"", ""act"": 0.0}]"
0_54197,0,54197,relationship: the state in which a city is located is the state containing, containing,14,11.77919864654541,0.9333333333333332,semantic,"[{""token"": "" containing"", ""index"": 14, ""distance"": 0, ""direction"": ""self""}]",n/a,Semantic,Dictionary,1.0,False,,containing,"[{""tk"": ""containing"", ""act"": 11.77919864654541}, {""tk"": ""attribute"", ""act"": 0.0}, {""tk"": ""The"", ""act"": 0.0}, {""tk"": ""city"", ""act"": 0.0}, {""tk"": ""of"", ""act"": 0.0}, {""tk"": ""government"", ""act"": 0.0}, {""tk"": ""state"", ""act"": 0.0}, {""tk"": ""is"", ""act"": 0.0}, {""tk"": ""capital"", ""act"": 0.0}, {""tk"": ""which"", ""act"": 0.0}, {""tk"": ""located"", ""act"": 0.0}]"
0_81830,0,81830,relationship: the state in which a city is located is the state containing,<bos>,0,11.595585823059082,0.9333333333333332,semantic,"[{""token"": ""<bos>"", ""index"": 0, ""distance"": 0, ""direction"": ""self""}]",n/a,Semantic,Dictionary (fallback),0.9,False,,Semantic (unknown),"[{""tk"": ""attribute"", ""act"": 0.0}, {""tk"": ""The"", ""act"": 0.0}, {""tk"": ""city"", ""act"": 0.0}, {""tk"": ""of"", ""act"": 0.0}, {""tk"": ""government"", ""act"": 0.0}, {""tk"": ""state"", ""act"": 0.0}, {""tk"": ""is"", ""act"": 0.0}, {""tk"": ""capital"", ""act"": 0.0}, {""tk"": ""which"", ""act"": 0.0}, {""tk"": ""located"", ""act"": 0.0}, {""tk"": ""containing"", ""act"": 0.0}]"
0_73833,0,73833,relationship: the state in which a city is located is the state containing, containing,14,11.570135116577148,0.9333333333333332,semantic,"[{""token"": "" containing"", ""index"": 14, ""distance"": 0, ""direction"": ""self""}]",n/a,Semantic,Dictionary,1.0,False,,containing,"[{""tk"": ""containing"", ""act"": 11.570135116577148}, {""tk"": ""attribute"", ""act"": 0.0}, {""tk"": ""The"", ""act"": 0.0}, {""tk"": ""city"", ""act"": 0.0}, {""tk"": ""of"", ""act"": 0.0}, {""tk"": ""government"", ""act"": 0.0}, {""tk"": ""state"", ""act"": 0.0}, {""tk"": ""is"", ""act"": 0.0}, {""tk"": ""capital"", ""act"": 0.0}, {""tk"": ""which"", ""act"": 0.0}, {""tk"": ""located"", ""act"": 0.0}]"
0_47638,0,47638,relationship: the state in which a city is located is the state containing, containing,14,11.569823265075684,0.9123683502009328,semantic,"[{""token"": "" containing"", ""index"": 14, ""distance"": 0, ""direction"": ""self""}]",n/a,Semantic,Dictionary,1.0,False,,containing,"[{""tk"": ""containing"", ""act"": 11.569823265075684}, {""tk"": ""attribute"", ""act"": 0.0}, {""tk"": ""The"", ""act"": 0.0}, {""tk"": ""city"", ""act"": 0.0}, {""tk"": ""of"", ""act"": 0.0}, {""tk"": ""government"", ""act"": 0.0}, {""tk"": ""state"", ""act"": 0.0}, {""tk"": ""is"", ""act"": 0.0}, {""tk"": ""capital"", ""act"": 0.0}, {""tk"": ""which"", ""act"": 0.0}, {""tk"": ""located"", ""act"": 0.0}]"
0_46235,0,46235,relationship: the state in which a city is located is the state containing, state,4,10.627107620239258,0.8854880572803042,semantic,"[{""token"": "" state"", ""index"": 4, ""distance"": 0, ""direction"": ""self""}]",n/a,Semantic,Dictionary (fallback),0.9,False,,state,"[{""tk"": ""state"", ""act"": 10.627107620239258}, {""tk"": ""attribute"", ""act"": 0.0}, {""tk"": ""The"", ""act"": 0.0}, {""tk"": ""city"", ""act"": 0.0}, {""tk"": ""of"", ""act"": 0.0}, {""tk"": ""government"", ""act"": 0.0}, {""tk"": ""is"", ""act"": 0.0}, {""tk"": ""capital"", ""act"": 0.0}, {""tk"": ""which"", ""act"": 0.0}, {""tk"": ""located"", ""act"": 0.0}, {""tk"": ""containing"", ""act"": 0.0}]"
0_52264,0,52264,relationship: the state in which a city is located is the state containing, containing,14,9.985231399536133,0.9333333333333332,semantic,"[{""token"": "" containing"", ""index"": 14, ""distance"": 0, ""direction"": ""self""}]",n/a,Semantic,Dictionary,1.0,False,,containing,"[{""tk"": ""containing"", ""act"": 9.985231399536133}, {""tk"": ""attribute"", ""act"": 0.0}, {""tk"": ""The"", ""act"": 0.0}, {""tk"": ""city"", ""act"": 0.0}, {""tk"": ""of"", ""act"": 0.0}, {""tk"": ""government"", ""act"": 0.0}, {""tk"": ""state"", ""act"": 0.0}, {""tk"": ""is"", ""act"": 0.0}, {""tk"": ""capital"", ""act"": 0.0}, {""tk"": ""which"", ""act"": 0.0}, {""tk"": ""located"", ""act"": 0.0}]"
0_11015,0,11015,relationship: the state in which a city is located is the state containing,<bos>,0,8.37817668914795,0.9333333333333332,semantic,"[{""token"": ""<bos>"", ""index"": 0, ""distance"": 0, ""direction"": ""self""}]",n/a,Semantic,Dictionary (fallback),0.9,False,,Semantic (unknown),"[{""tk"": ""attribute"", ""act"": 0.0}, {""tk"": ""The"", ""act"": 0.0}, {""tk"": ""city"", ""act"": 0.0}, {""tk"": ""of"", ""act"": 0.0}, {""tk"": ""government"", ""act"": 0.0}, {""tk"": ""state"", ""act"": 0.0}, {""tk"": ""is"", ""act"": 0.0}, {""tk"": ""capital"", ""act"": 0.0}, {""tk"": ""which"", ""act"": 0.0}, {""tk"": ""located"", ""act"": 0.0}, {""tk"": ""containing"", ""act"": 0.0}]"
0_2593,0,2593,relationship: the state in which a city is located is the state containing,<bos>,0,8.128809928894043,0.9333333333333332,semantic,"[{""token"": ""<bos>"", ""index"": 0, ""distance"": 0, ""direction"": ""self""}]",n/a,Semantic,Dictionary (fallback),0.9,False,,Semantic (unknown),"[{""tk"": ""attribute"", ""act"": 0.0}, {""tk"": ""The"", ""act"": 0.0}, {""tk"": ""city"", ""act"": 0.0}, {""tk"": ""of"", ""act"": 0.0}, {""tk"": ""government"", ""act"": 0.0}, {""tk"": ""state"", ""act"": 0.0}, {""tk"": ""is"", ""act"": 0.0}, {""tk"": ""capital"", ""act"": 0.0}, {""tk"": ""which"", ""act"": 0.0}, {""tk"": ""located"", ""act"": 0.0}, {""tk"": ""containing"", ""act"": 0.0}]"
0_52009,0,52009,relationship: the state in which a city is located is the state containing, containing,14,7.867442607879639,0.9333333333333332,semantic,"[{""token"": "" containing"", ""index"": 14, ""distance"": 0, ""direction"": ""self""}]",n/a,Semantic,Dictionary,1.0,False,,containing,"[{""tk"": ""containing"", ""act"": 7.867442607879639}, {""tk"": ""attribute"", ""act"": 0.0}, {""tk"": ""The"", ""act"": 0.0}, {""tk"": ""city"", ""act"": 0.0}, {""tk"": ""of"", ""act"": 0.0}, {""tk"": ""government"", ""act"": 0.0}, {""tk"": ""state"", ""act"": 0.0}, {""tk"": ""is"", ""act"": 0.0}, {""tk"": ""capital"", ""act"": 0.0}, {""tk"": ""which"", ""act"": 0.0}, {""tk"": ""located"", ""act"": 0.0}]"
0_44709,0,44709,relationship: the state in which a city is located is the state containing, containing,14,6.07918643951416,0.9333333333333332,semantic,"[{""token"": "" containing"", ""index"": 14, ""distance"": 0, ""direction"": ""self""}]",n/a,Semantic,Dictionary,1.0,False,,containing,"[{""tk"": ""containing"", ""act"": 6.07918643951416}, {""tk"": ""attribute"", ""act"": 0.0}, {""tk"": ""The"", ""act"": 0.0}, {""tk"": ""city"", ""act"": 0.0}, {""tk"": ""of"", ""act"": 0.0}, {""tk"": ""government"", ""act"": 0.0}, {""tk"": ""state"", ""act"": 0.0}, {""tk"": ""is"", ""act"": 0.0}, {""tk"": ""capital"", ""act"": 0.0}, {""tk"": ""which"", ""act"": 0.0}, {""tk"": ""located"", ""act"": 0.0}]"
0_82862,0,82862,relationship: the state in which a city is located is the state containing, state,4,5.531653881072998,0.9161494731490348,semantic,"[{""token"": "" state"", ""index"": 4, ""distance"": 0, ""direction"": ""self""}]",n/a,Semantic,Dictionary (fallback),0.9,False,,government,"[{""tk"": ""government"", ""act"": 9.586883544921875}, {""tk"": ""state"", ""act"": 5.531653881072998}, {""tk"": ""attribute"", ""act"": 0.0}, {""tk"": ""The"", ""act"": 0.0}, {""tk"": ""city"", ""act"": 0.0}, {""tk"": ""of"", ""act"": 0.0}, {""tk"": ""is"", ""act"": 0.0}, {""tk"": ""capital"", ""act"": 0.0}, {""tk"": ""which"", ""act"": 0.0}, {""tk"": ""located"", ""act"": 0.0}, {""tk"": ""containing"", ""act"": 0.0}]"
0_12284,0,12284,relationship: the state in which a city is located is the state containing,<bos>,0,4.237040519714356,0.9333333333333332,semantic,"[{""token"": ""<bos>"", ""index"": 0, ""distance"": 0, ""direction"": ""self""}]",n/a,Semantic,Dictionary (fallback),0.9,False,,Semantic (unknown),"[{""tk"": ""attribute"", ""act"": 0.0}, {""tk"": ""The"", ""act"": 0.0}, {""tk"": ""city"", ""act"": 0.0}, {""tk"": ""of"", ""act"": 0.0}, {""tk"": ""government"", ""act"": 0.0}, {""tk"": ""state"", ""act"": 0.0}, {""tk"": ""is"", ""act"": 0.0}, {""tk"": ""capital"", ""act"": 0.0}, {""tk"": ""which"", ""act"": 0.0}, {""tk"": ""located"", ""act"": 0.0}, {""tk"": ""containing"", ""act"": 0.0}]"
0_64601,0,64601,relationship: the state in which a city is located is the state containing,<bos>,0,1.6540961265563965,0.9333333333333332,semantic,"[{""token"": ""<bos>"", ""index"": 0, ""distance"": 0, ""direction"": ""self""}]",n/a,Semantic,Dictionary,1.0,False,,capital,"[{""tk"": ""capital"", ""act"": 7.121317386627197}, {""tk"": ""attribute"", ""act"": 0.0}, {""tk"": ""The"", ""act"": 0.0}, {""tk"": ""city"", ""act"": 0.0}, {""tk"": ""of"", ""act"": 0.0}, {""tk"": ""government"", ""act"": 0.0}, {""tk"": ""state"", ""act"": 0.0}, {""tk"": ""is"", ""act"": 0.0}, {""tk"": ""which"", ""act"": 0.0}, {""tk"": ""located"", ""act"": 0.0}, {""tk"": ""containing"", ""act"": 0.0}]"
0_13506,0,13506,relationship: the state in which a city is located is the state containing,<bos>,0,1.0420150756835938,0.9333333333333332,semantic,"[{""token"": ""<bos>"", ""index"": 0, ""distance"": 0, ""direction"": ""self""}]",n/a,Semantic,Dictionary (fallback),0.9,False,,Semantic (unknown),"[{""tk"": ""attribute"", ""act"": 0.0}, {""tk"": ""The"", ""act"": 0.0}, {""tk"": ""city"", ""act"": 0.0}, {""tk"": ""of"", ""act"": 0.0}, {""tk"": ""government"", ""act"": 0.0}, {""tk"": ""state"", ""act"": 0.0}, {""tk"": ""is"", ""act"": 0.0}, {""tk"": ""capital"", ""act"": 0.0}, {""tk"": ""which"", ""act"": 0.0}, {""tk"": ""located"", ""act"": 0.0}, {""tk"": ""containing"", ""act"": 0.0}]"
0_91553,0,91553,relationship: the state in which a city is located is the state containing,<bos>,0,0.9048857688903807,0.9333333333333332,semantic,"[{""token"": ""<bos>"", ""index"": 0, ""distance"": 0, ""direction"": ""self""}]",n/a,Semantic,Dictionary (fallback),0.9,False,,Semantic (unknown),"[{""tk"": ""attribute"", ""act"": 0.0}, {""tk"": ""The"", ""act"": 0.0}, {""tk"": ""city"", ""act"": 0.0}, {""tk"": ""of"", ""act"": 0.0}, {""tk"": ""government"", ""act"": 0.0}, {""tk"": ""state"", ""act"": 0.0}, {""tk"": ""is"", ""act"": 0.0}, {""tk"": ""capital"", ""act"": 0.0}, {""tk"": ""which"", ""act"": 0.0}, {""tk"": ""located"", ""act"": 0.0}, {""tk"": ""containing"", ""act"": 0.0}]"
0_83804,0,83804,relationship: the state in which a city is located is the state containing,<bos>,0,0.2502181529998779,0.9333333333333332,semantic,"[{""token"": ""<bos>"", ""index"": 0, ""distance"": 0, ""direction"": ""self""}]",n/a,Semantic,Dictionary (fallback),0.9,False,,Semantic (unknown),"[{""tk"": ""attribute"", ""act"": 0.0}, {""tk"": ""The"", ""act"": 0.0}, {""tk"": ""city"", ""act"": 0.0}, {""tk"": ""of"", ""act"": 0.0}, {""tk"": ""government"", ""act"": 0.0}, {""tk"": ""state"", ""act"": 0.0}, {""tk"": ""is"", ""act"": 0.0}, {""tk"": ""capital"", ""act"": 0.0}, {""tk"": ""which"", ""act"": 0.0}, {""tk"": ""located"", ""act"": 0.0}, {""tk"": ""containing"", ""act"": 0.0}]"
0_4794,0,4794,relationship: the state in which a city is located is the state containing,<bos>,0,0.0,0.0,semantic,"[{""token"": ""<bos>"", ""index"": 0, ""distance"": 0, ""direction"": ""self""}]",n/a,Relationship,,1.0,False,,(attribute) related,"[{""tk"": ""attribute"", ""act"": 0.0}, {""tk"": ""The"", ""act"": 0.0}, {""tk"": ""city"", ""act"": 0.0}, {""tk"": ""of"", ""act"": 0.0}, {""tk"": ""government"", ""act"": 0.0}, {""tk"": ""state"", ""act"": 0.0}, {""tk"": ""is"", ""act"": 0.0}, {""tk"": ""capital"", ""act"": 0.0}, {""tk"": ""which"", ""act"": 0.0}, {""tk"": ""located"", ""act"": 0.0}, {""tk"": ""containing"", ""act"": 0.0}]"
0_6832,0,6832,relationship: the state in which a city is located is the state containing,<bos>,0,0.0,0.0,semantic,"[{""token"": ""<bos>"", ""index"": 0, ""distance"": 0, ""direction"": ""self""}]",n/a,Relationship,,1.0,False,,(attribute) related,"[{""tk"": ""attribute"", ""act"": 0.0}, {""tk"": ""The"", ""act"": 0.0}, {""tk"": ""city"", ""act"": 0.0}, {""tk"": ""of"", ""act"": 0.0}, {""tk"": ""government"", ""act"": 0.0}, {""tk"": ""state"", ""act"": 0.0}, {""tk"": ""is"", ""act"": 0.0}, {""tk"": ""capital"", ""act"": 0.0}, {""tk"": ""which"", ""act"": 0.0}, {""tk"": ""located"", ""act"": 0.0}, {""tk"": ""containing"", ""act"": 0.0}]"
0_14810,0,14810,relationship: the state in which a city is located is the state containing,<bos>,0,0.0,0.0,semantic,"[{""token"": ""<bos>"", ""index"": 0, ""distance"": 0, ""direction"": ""self""}]",n/a,Semantic,Dictionary,1.0,False,,of,"[{""tk"": ""of"", ""act"": 10.661499977111816}, {""tk"": ""attribute"", ""act"": 0.0}, {""tk"": ""The"", ""act"": 0.0}, {""tk"": ""city"", ""act"": 0.0}, {""tk"": ""government"", ""act"": 0.0}, {""tk"": ""state"", ""act"": 0.0}, {""tk"": ""is"", ""act"": 0.0}, {""tk"": ""capital"", ""act"": 0.0}, {""tk"": ""which"", ""act"": 0.0}, {""tk"": ""located"", ""act"": 0.0}, {""tk"": ""containing"", ""act"": 0.0}]"
0_15430,0,15430,relationship: the state in which a city is located is the state containing,<bos>,0,0.0,0.0,semantic,"[{""token"": ""<bos>"", ""index"": 0, ""distance"": 0, ""direction"": ""self""}]",n/a,Semantic,Dictionary,1.0,False,,capital,"[{""tk"": ""capital"", ""act"": 6.687129020690918}, {""tk"": ""attribute"", ""act"": 0.0}, {""tk"": ""The"", ""act"": 0.0}, {""tk"": ""city"", ""act"": 0.0}, {""tk"": ""of"", ""act"": 0.0}, {""tk"": ""government"", ""act"": 0.0}, {""tk"": ""state"", ""act"": 0.0}, {""tk"": ""is"", ""act"": 0.0}, {""tk"": ""which"", ""act"": 0.0}, {""tk"": ""located"", ""act"": 0.0}, {""tk"": ""containing"", ""act"": 0.0}]"
0_16156,0,16156,relationship: the state in which a city is located is the state containing,<bos>,0,0.0,0.0,semantic,"[{""token"": ""<bos>"", ""index"": 0, ""distance"": 0, ""direction"": ""self""}]",n/a,Relationship,,1.0,False,,(attribute) related,"[{""tk"": ""attribute"", ""act"": 0.0}, {""tk"": ""The"", ""act"": 0.0}, {""tk"": ""city"", ""act"": 0.0}, {""tk"": ""of"", ""act"": 0.0}, {""tk"": ""government"", ""act"": 0.0}, {""tk"": ""state"", ""act"": 0.0}, {""tk"": ""is"", ""act"": 0.0}, {""tk"": ""capital"", ""act"": 0.0}, {""tk"": ""which"", ""act"": 0.0}, {""tk"": ""located"", ""act"": 0.0}, {""tk"": ""containing"", ""act"": 0.0}]"
0_23293,0,23293,relationship: the state in which a city is located is the state containing,<bos>,0,0.0,0.0,semantic,"[{""token"": ""<bos>"", ""index"": 0, ""distance"": 0, ""direction"": ""self""}]",n/a,Semantic,Dictionary,1.0,False,,capital,"[{""tk"": ""capital"", ""act"": 11.706600189208984}, {""tk"": ""attribute"", ""act"": 0.0}, {""tk"": ""The"", ""act"": 0.0}, {""tk"": ""city"", ""act"": 0.0}, {""tk"": ""of"", ""act"": 0.0}, {""tk"": ""government"", ""act"": 0.0}, {""tk"": ""state"", ""act"": 0.0}, {""tk"": ""is"", ""act"": 0.0}, {""tk"": ""which"", ""act"": 0.0}, {""tk"": ""located"", ""act"": 0.0}, {""tk"": ""containing"", ""act"": 0.0}]"
0_23477,0,23477,relationship: the state in which a city is located is the state containing,<bos>,0,0.0,0.0,semantic,"[{""token"": ""<bos>"", ""index"": 0, ""distance"": 0, ""direction"": ""self""}]",n/a,Relationship,,1.0,False,,(attribute) related,"[{""tk"": ""attribute"", ""act"": 0.0}, {""tk"": ""The"", ""act"": 0.0}, {""tk"": ""city"", ""act"": 0.0}, {""tk"": ""of"", ""act"": 0.0}, {""tk"": ""government"", ""act"": 0.0}, {""tk"": ""state"", ""act"": 0.0}, {""tk"": ""is"", ""act"": 0.0}, {""tk"": ""capital"", ""act"": 0.0}, {""tk"": ""which"", ""act"": 0.0}, {""tk"": ""located"", ""act"": 0.0}, {""tk"": ""containing"", ""act"": 0.0}]"
0_24438,0,24438,relationship: the state in which a city is located is the state containing,<bos>,0,0.0,0.0,semantic,"[{""token"": ""<bos>"", ""index"": 0, ""distance"": 0, ""direction"": ""self""}]",n/a,Relationship,,1.0,False,,(attribute) related,"[{""tk"": ""attribute"", ""act"": 0.0}, {""tk"": ""The"", ""act"": 0.0}, {""tk"": ""city"", ""act"": 0.0}, {""tk"": ""of"", ""act"": 0.0}, {""tk"": ""government"", ""act"": 0.0}, {""tk"": ""state"", ""act"": 0.0}, {""tk"": ""is"", ""act"": 0.0}, {""tk"": ""capital"", ""act"": 0.0}, {""tk"": ""which"", ""act"": 0.0}, {""tk"": ""located"", ""act"": 0.0}, {""tk"": ""containing"", ""act"": 0.0}]"
0_26512,0,26512,relationship: the state in which a city is located is the state containing,<bos>,0,0.0,0.0,semantic,"[{""token"": ""<bos>"", ""index"": 0, ""distance"": 0, ""direction"": ""self""}]",n/a,Relationship,,1.0,False,,(attribute) related,"[{""tk"": ""attribute"", ""act"": 0.0}, {""tk"": ""The"", ""act"": 0.0}, {""tk"": ""city"", ""act"": 0.0}, {""tk"": ""of"", ""act"": 0.0}, {""tk"": ""government"", ""act"": 0.0}, {""tk"": ""state"", ""act"": 0.0}, {""tk"": ""is"", ""act"": 0.0}, {""tk"": ""capital"", ""act"": 0.0}, {""tk"": ""which"", ""act"": 0.0}, {""tk"": ""located"", ""act"": 0.0}, {""tk"": ""containing"", ""act"": 0.0}]"
0_31953,0,31953,relationship: the state in which a city is located is the state containing,<bos>,0,0.0,0.0,semantic,"[{""token"": ""<bos>"", ""index"": 0, ""distance"": 0, ""direction"": ""self""}]",n/a,Semantic,Dictionary,1.0,False,,capital,"[{""tk"": ""capital"", ""act"": 4.551955223083496}, {""tk"": ""attribute"", ""act"": 0.0}, {""tk"": ""The"", ""act"": 0.0}, {""tk"": ""city"", ""act"": 0.0}, {""tk"": ""of"", ""act"": 0.0}, {""tk"": ""government"", ""act"": 0.0}, {""tk"": ""state"", ""act"": 0.0}, {""tk"": ""is"", ""act"": 0.0}, {""tk"": ""which"", ""act"": 0.0}, {""tk"": ""located"", ""act"": 0.0}, {""tk"": ""containing"", ""act"": 0.0}]"
0_37416,0,37416,relationship: the state in which a city is located is the state containing,<bos>,0,0.0,0.0,semantic,"[{""token"": ""<bos>"", ""index"": 0, ""distance"": 0, ""direction"": ""self""}]",n/a,Semantic,Dictionary,1.0,False,,capital,"[{""tk"": ""capital"", ""act"": 6.665575981140137}, {""tk"": ""attribute"", ""act"": 0.0}, {""tk"": ""The"", ""act"": 0.0}, {""tk"": ""city"", ""act"": 0.0}, {""tk"": ""of"", ""act"": 0.0}, {""tk"": ""government"", ""act"": 0.0}, {""tk"": ""state"", ""act"": 0.0}, {""tk"": ""is"", ""act"": 0.0}, {""tk"": ""which"", ""act"": 0.0}, {""tk"": ""located"", ""act"": 0.0}, {""tk"": ""containing"", ""act"": 0.0}]"
0_41589,0,41589,relationship: the state in which a city is located is the state containing,<bos>,0,0.0,0.0,semantic,"[{""token"": ""<bos>"", ""index"": 0, ""distance"": 0, ""direction"": ""self""}]",n/a,Semantic,Dictionary,1.0,False,,capital,"[{""tk"": ""capital"", ""act"": 5.249173164367676}, {""tk"": ""attribute"", ""act"": 0.0}, {""tk"": ""The"", ""act"": 0.0}, {""tk"": ""city"", ""act"": 0.0}, {""tk"": ""of"", ""act"": 0.0}, {""tk"": ""government"", ""act"": 0.0}, {""tk"": ""state"", ""act"": 0.0}, {""tk"": ""is"", ""act"": 0.0}, {""tk"": ""which"", ""act"": 0.0}, {""tk"": ""located"", ""act"": 0.0}, {""tk"": ""containing"", ""act"": 0.0}]"
0_43624,0,43624,relationship: the state in which a city is located is the state containing,<bos>,0,0.0,0.0,semantic,"[{""token"": ""<bos>"", ""index"": 0, ""distance"": 0, ""direction"": ""self""}]",n/a,Semantic,Dictionary,1.0,False,,capital,"[{""tk"": ""capital"", ""act"": 10.143529891967773}, {""tk"": ""attribute"", ""act"": 0.0}, {""tk"": ""The"", ""act"": 0.0}, {""tk"": ""city"", ""act"": 0.0}, {""tk"": ""of"", ""act"": 0.0}, {""tk"": ""government"", ""act"": 0.0}, {""tk"": ""state"", ""act"": 0.0}, {""tk"": ""is"", ""act"": 0.0}, {""tk"": ""which"", ""act"": 0.0}, {""tk"": ""located"", ""act"": 0.0}, {""tk"": ""containing"", ""act"": 0.0}]"
0_45874,0,45874,relationship: the state in which a city is located is the state containing,<bos>,0,0.0,0.0,semantic,"[{""token"": ""<bos>"", ""index"": 0, ""distance"": 0, ""direction"": ""self""}]",n/a,Relationship,,1.0,False,,(attribute) related,"[{""tk"": ""attribute"", ""act"": 0.0}, {""tk"": ""The"", ""act"": 0.0}, {""tk"": ""city"", ""act"": 0.0}, {""tk"": ""of"", ""act"": 0.0}, {""tk"": ""government"", ""act"": 0.0}, {""tk"": ""state"", ""act"": 0.0}, {""tk"": ""is"", ""act"": 0.0}, {""tk"": ""capital"", ""act"": 0.0}, {""tk"": ""which"", ""act"": 0.0}, {""tk"": ""located"", ""act"": 0.0}, {""tk"": ""containing"", ""act"": 0.0}]"
0_46676,0,46676,relationship: the state in which a city is located is the state containing,<bos>,0,0.0,0.0,semantic,"[{""token"": ""<bos>"", ""index"": 0, ""distance"": 0, ""direction"": ""self""}]",n/a,Relationship,,1.0,False,,(attribute) related,"[{""tk"": ""attribute"", ""act"": 0.0}, {""tk"": ""The"", ""act"": 0.0}, {""tk"": ""city"", ""act"": 0.0}, {""tk"": ""of"", ""act"": 0.0}, {""tk"": ""government"", ""act"": 0.0}, {""tk"": ""state"", ""act"": 0.0}, {""tk"": ""is"", ""act"": 0.0}, {""tk"": ""capital"", ""act"": 0.0}, {""tk"": ""which"", ""act"": 0.0}, {""tk"": ""located"", ""act"": 0.0}, {""tk"": ""containing"", ""act"": 0.0}]"
0_53491,0,53491,relationship: the state in which a city is located is the state containing,<bos>,0,0.0,0.0,semantic,"[{""token"": ""<bos>"", ""index"": 0, ""distance"": 0, ""direction"": ""self""}]",n/a,Semantic,Dictionary,1.0,False,,capital,"[{""tk"": ""capital"", ""act"": 16.344919204711914}, {""tk"": ""attribute"", ""act"": 0.0}, {""tk"": ""The"", ""act"": 0.0}, {""tk"": ""city"", ""act"": 0.0}, {""tk"": ""of"", ""act"": 0.0}, {""tk"": ""government"", ""act"": 0.0}, {""tk"": ""state"", ""act"": 0.0}, {""tk"": ""is"", ""act"": 0.0}, {""tk"": ""which"", ""act"": 0.0}, {""tk"": ""located"", ""act"": 0.0}, {""tk"": ""containing"", ""act"": 0.0}]"
0_53531,0,53531,relationship: the state in which a city is located is the state containing,<bos>,0,0.0,0.0,semantic,"[{""token"": ""<bos>"", ""index"": 0, ""distance"": 0, ""direction"": ""self""}]",n/a,Semantic,Dictionary,1.0,False,,capital,"[{""tk"": ""capital"", ""act"": 5.883442401885986}, {""tk"": ""attribute"", ""act"": 0.0}, {""tk"": ""The"", ""act"": 0.0}, {""tk"": ""city"", ""act"": 0.0}, {""tk"": ""of"", ""act"": 0.0}, {""tk"": ""government"", ""act"": 0.0}, {""tk"": ""state"", ""act"": 0.0}, {""tk"": ""is"", ""act"": 0.0}, {""tk"": ""which"", ""act"": 0.0}, {""tk"": ""located"", ""act"": 0.0}, {""tk"": ""containing"", ""act"": 0.0}]"
0_54572,0,54572,relationship: the state in which a city is located is the state containing,<bos>,0,0.0,0.0,semantic,"[{""token"": ""<bos>"", ""index"": 0, ""distance"": 0, ""direction"": ""self""}]",n/a,Semantic,Dictionary (fallback),0.9,False,,The,"[{""tk"": ""The"", ""act"": 26.957427978515625}, {""tk"": ""attribute"", ""act"": 0.0}, {""tk"": ""city"", ""act"": 0.0}, {""tk"": ""of"", ""act"": 0.0}, {""tk"": ""government"", ""act"": 0.0}, {""tk"": ""state"", ""act"": 0.0}, {""tk"": ""is"", ""act"": 0.0}, {""tk"": ""capital"", ""act"": 0.0}, {""tk"": ""which"", ""act"": 0.0}, {""tk"": ""located"", ""act"": 0.0}, {""tk"": ""containing"", ""act"": 0.0}]"
0_56812,0,56812,relationship: the state in which a city is located is the state containing,<bos>,0,0.0,0.0,semantic,"[{""token"": ""<bos>"", ""index"": 0, ""distance"": 0, ""direction"": ""self""}]",n/a,Relationship,,1.0,False,,(attribute) related,"[{""tk"": ""attribute"", ""act"": 0.0}, {""tk"": ""The"", ""act"": 0.0}, {""tk"": ""city"", ""act"": 0.0}, {""tk"": ""of"", ""act"": 0.0}, {""tk"": ""government"", ""act"": 0.0}, {""tk"": ""state"", ""act"": 0.0}, {""tk"": ""is"", ""act"": 0.0}, {""tk"": ""capital"", ""act"": 0.0}, {""tk"": ""which"", ""act"": 0.0}, {""tk"": ""located"", ""act"": 0.0}, {""tk"": ""containing"", ""act"": 0.0}]"
0_62671,0,62671,relationship: the state in which a city is located is the state containing,<bos>,0,0.0,0.0,semantic,"[{""token"": ""<bos>"", ""index"": 0, ""distance"": 0, ""direction"": ""self""}]",n/a,Relationship,,1.0,False,,(attribute) related,"[{""tk"": ""attribute"", ""act"": 0.0}, {""tk"": ""The"", ""act"": 0.0}, {""tk"": ""city"", ""act"": 0.0}, {""tk"": ""of"", ""act"": 0.0}, {""tk"": ""government"", ""act"": 0.0}, {""tk"": ""state"", ""act"": 0.0}, {""tk"": ""is"", ""act"": 0.0}, {""tk"": ""capital"", ""act"": 0.0}, {""tk"": ""which"", ""act"": 0.0}, {""tk"": ""located"", ""act"": 0.0}, {""tk"": ""containing"", ""act"": 0.0}]"
0_62872,0,62872,relationship: the state in which a city is located is the state containing,<bos>,0,0.0,0.0,semantic,"[{""token"": ""<bos>"", ""index"": 0, ""distance"": 0, ""direction"": ""self""}]",n/a,Relationship,,1.0,False,,(attribute) related,"[{""tk"": ""attribute"", ""act"": 0.0}, {""tk"": ""The"", ""act"": 0.0}, {""tk"": ""city"", ""act"": 0.0}, {""tk"": ""of"", ""act"": 0.0}, {""tk"": ""government"", ""act"": 0.0}, {""tk"": ""state"", ""act"": 0.0}, {""tk"": ""is"", ""act"": 0.0}, {""tk"": ""capital"", ""act"": 0.0}, {""tk"": ""which"", ""act"": 0.0}, {""tk"": ""located"", ""act"": 0.0}, {""tk"": ""containing"", ""act"": 0.0}]"
0_63548,0,63548,relationship: the state in which a city is located is the state containing,<bos>,0,0.0,0.0,semantic,"[{""token"": ""<bos>"", ""index"": 0, ""distance"": 0, ""direction"": ""self""}]",n/a,Semantic,Dictionary,1.0,False,,capital,"[{""tk"": ""capital"", ""act"": 6.786430358886719}, {""tk"": ""attribute"", ""act"": 0.0}, {""tk"": ""The"", ""act"": 0.0}, {""tk"": ""city"", ""act"": 0.0}, {""tk"": ""of"", ""act"": 0.0}, {""tk"": ""government"", ""act"": 0.0}, {""tk"": ""state"", ""act"": 0.0}, {""tk"": ""is"", ""act"": 0.0}, {""tk"": ""which"", ""act"": 0.0}, {""tk"": ""located"", ""act"": 0.0}, {""tk"": ""containing"", ""act"": 0.0}]"
0_63659,0,63659,relationship: the state in which a city is located is the state containing,<bos>,0,0.0,0.0,semantic,"[{""token"": ""<bos>"", ""index"": 0, ""distance"": 0, ""direction"": ""self""}]",n/a,Relationship,,1.0,False,,(attribute) related,"[{""tk"": ""attribute"", ""act"": 0.0}, {""tk"": ""The"", ""act"": 0.0}, {""tk"": ""city"", ""act"": 0.0}, {""tk"": ""of"", ""act"": 0.0}, {""tk"": ""government"", ""act"": 0.0}, {""tk"": ""state"", ""act"": 0.0}, {""tk"": ""is"", ""act"": 0.0}, {""tk"": ""capital"", ""act"": 0.0}, {""tk"": ""which"", ""act"": 0.0}, {""tk"": ""located"", ""act"": 0.0}, {""tk"": ""containing"", ""act"": 0.0}]"
0_67498,0,67498,relationship: the state in which a city is located is the state containing,<bos>,0,0.0,0.0,semantic,"[{""token"": ""<bos>"", ""index"": 0, ""distance"": 0, ""direction"": ""self""}]",n/a,Relationship,,1.0,False,,(attribute) related,"[{""tk"": ""attribute"", ""act"": 0.0}, {""tk"": ""The"", ""act"": 0.0}, {""tk"": ""city"", ""act"": 0.0}, {""tk"": ""of"", ""act"": 0.0}, {""tk"": ""government"", ""act"": 0.0}, {""tk"": ""state"", ""act"": 0.0}, {""tk"": ""is"", ""act"": 0.0}, {""tk"": ""capital"", ""act"": 0.0}, {""tk"": ""which"", ""act"": 0.0}, {""tk"": ""located"", ""act"": 0.0}, {""tk"": ""containing"", ""act"": 0.0}]"
0_68599,0,68599,relationship: the state in which a city is located is the state containing,<bos>,0,0.0,0.0,semantic,"[{""token"": ""<bos>"", ""index"": 0, ""distance"": 0, ""direction"": ""self""}]",n/a,Relationship,,1.0,False,,(attribute) related,"[{""tk"": ""attribute"", ""act"": 0.0}, {""tk"": ""The"", ""act"": 0.0}, {""tk"": ""city"", ""act"": 0.0}, {""tk"": ""of"", ""act"": 0.0}, {""tk"": ""government"", ""act"": 0.0}, {""tk"": ""state"", ""act"": 0.0}, {""tk"": ""is"", ""act"": 0.0}, {""tk"": ""capital"", ""act"": 0.0}, {""tk"": ""which"", ""act"": 0.0}, {""tk"": ""located"", ""act"": 0.0}, {""tk"": ""containing"", ""act"": 0.0}]"
0_74515,0,74515,relationship: the state in which a city is located is the state containing,<bos>,0,0.0,0.0,semantic,"[{""token"": ""<bos>"", ""index"": 0, ""distance"": 0, ""direction"": ""self""}]",n/a,Relationship,,1.0,False,,(attribute) related,"[{""tk"": ""attribute"", ""act"": 0.0}, {""tk"": ""The"", ""act"": 0.0}, {""tk"": ""city"", ""act"": 0.0}, {""tk"": ""of"", ""act"": 0.0}, {""tk"": ""government"", ""act"": 0.0}, {""tk"": ""state"", ""act"": 0.0}, {""tk"": ""is"", ""act"": 0.0}, {""tk"": ""capital"", ""act"": 0.0}, {""tk"": ""which"", ""act"": 0.0}, {""tk"": ""located"", ""act"": 0.0}, {""tk"": ""containing"", ""act"": 0.0}]"
0_75282,0,75282,relationship: the state in which a city is located is the state containing,<bos>,0,0.0,0.0,semantic,"[{""token"": ""<bos>"", ""index"": 0, ""distance"": 0, ""direction"": ""self""}]",n/a,Relationship,,1.0,False,,(attribute) related,"[{""tk"": ""attribute"", ""act"": 0.0}, {""tk"": ""The"", ""act"": 0.0}, {""tk"": ""city"", ""act"": 0.0}, {""tk"": ""of"", ""act"": 0.0}, {""tk"": ""government"", ""act"": 0.0}, {""tk"": ""state"", ""act"": 0.0}, {""tk"": ""is"", ""act"": 0.0}, {""tk"": ""capital"", ""act"": 0.0}, {""tk"": ""which"", ""act"": 0.0}, {""tk"": ""located"", ""act"": 0.0}, {""tk"": ""containing"", ""act"": 0.0}]"
0_76377,0,76377,relationship: the state in which a city is located is the state containing,<bos>,0,0.0,0.0,semantic,"[{""token"": ""<bos>"", ""index"": 0, ""distance"": 0, ""direction"": ""self""}]",n/a,Relationship,,1.0,False,,(attribute) related,"[{""tk"": ""attribute"", ""act"": 0.0}, {""tk"": ""The"", ""act"": 0.0}, {""tk"": ""city"", ""act"": 0.0}, {""tk"": ""of"", ""act"": 0.0}, {""tk"": ""government"", ""act"": 0.0}, {""tk"": ""state"", ""act"": 0.0}, {""tk"": ""is"", ""act"": 0.0}, {""tk"": ""capital"", ""act"": 0.0}, {""tk"": ""which"", ""act"": 0.0}, {""tk"": ""located"", ""act"": 0.0}, {""tk"": ""containing"", ""act"": 0.0}]"
0_77320,0,77320,relationship: the state in which a city is located is the state containing,<bos>,0,0.0,0.0,semantic,"[{""token"": ""<bos>"", ""index"": 0, ""distance"": 0, ""direction"": ""self""}]",n/a,Relationship,,1.0,False,,(attribute) related,"[{""tk"": ""attribute"", ""act"": 0.0}, {""tk"": ""The"", ""act"": 0.0}, {""tk"": ""city"", ""act"": 0.0}, {""tk"": ""of"", ""act"": 0.0}, {""tk"": ""government"", ""act"": 0.0}, {""tk"": ""state"", ""act"": 0.0}, {""tk"": ""is"", ""act"": 0.0}, {""tk"": ""capital"", ""act"": 0.0}, {""tk"": ""which"", ""act"": 0.0}, {""tk"": ""located"", ""act"": 0.0}, {""tk"": ""containing"", ""act"": 0.0}]"
0_79385,0,79385,relationship: the state in which a city is located is the state containing,<bos>,0,0.0,0.0,semantic,"[{""token"": ""<bos>"", ""index"": 0, ""distance"": 0, ""direction"": ""self""}]",n/a,Relationship,,1.0,False,,(attribute) related,"[{""tk"": ""attribute"", ""act"": 0.0}, {""tk"": ""The"", ""act"": 0.0}, {""tk"": ""city"", ""act"": 0.0}, {""tk"": ""of"", ""act"": 0.0}, {""tk"": ""government"", ""act"": 0.0}, {""tk"": ""state"", ""act"": 0.0}, {""tk"": ""is"", ""act"": 0.0}, {""tk"": ""capital"", ""act"": 0.0}, {""tk"": ""which"", ""act"": 0.0}, {""tk"": ""located"", ""act"": 0.0}, {""tk"": ""containing"", ""act"": 0.0}]"
0_86045,0,86045,relationship: the state in which a city is located is the state containing,<bos>,0,0.0,0.0,semantic,"[{""token"": ""<bos>"", ""index"": 0, ""distance"": 0, ""direction"": ""self""}]",n/a,Relationship,,1.0,False,,(attribute) related,"[{""tk"": ""attribute"", ""act"": 0.0}, {""tk"": ""The"", ""act"": 0.0}, {""tk"": ""city"", ""act"": 0.0}, {""tk"": ""of"", ""act"": 0.0}, {""tk"": ""government"", ""act"": 0.0}, {""tk"": ""state"", ""act"": 0.0}, {""tk"": ""is"", ""act"": 0.0}, {""tk"": ""capital"", ""act"": 0.0}, {""tk"": ""which"", ""act"": 0.0}, {""tk"": ""located"", ""act"": 0.0}, {""tk"": ""containing"", ""act"": 0.0}]"
0_92988,0,92988,relationship: the state in which a city is located is the state containing,<bos>,0,0.0,0.0,semantic,"[{""token"": ""<bos>"", ""index"": 0, ""distance"": 0, ""direction"": ""self""}]",n/a,Relationship,,1.0,False,,(attribute) related,"[{""tk"": ""attribute"", ""act"": 0.0}, {""tk"": ""The"", ""act"": 0.0}, {""tk"": ""city"", ""act"": 0.0}, {""tk"": ""of"", ""act"": 0.0}, {""tk"": ""government"", ""act"": 0.0}, {""tk"": ""state"", ""act"": 0.0}, {""tk"": ""is"", ""act"": 0.0}, {""tk"": ""capital"", ""act"": 0.0}, {""tk"": ""which"", ""act"": 0.0}, {""tk"": ""located"", ""act"": 0.0}, {""tk"": ""containing"", ""act"": 0.0}]"
0_96896,0,96896,relationship: the state in which a city is located is the state containing,<bos>,0,0.0,0.0,semantic,"[{""token"": ""<bos>"", ""index"": 0, ""distance"": 0, ""direction"": ""self""}]",n/a,Relationship,,1.0,False,,(attribute) related,"[{""tk"": ""attribute"", ""act"": 0.0}, {""tk"": ""The"", ""act"": 0.0}, {""tk"": ""city"", ""act"": 0.0}, {""tk"": ""of"", ""act"": 0.0}, {""tk"": ""government"", ""act"": 0.0}, {""tk"": ""state"", ""act"": 0.0}, {""tk"": ""is"", ""act"": 0.0}, {""tk"": ""capital"", ""act"": 0.0}, {""tk"": ""which"", ""act"": 0.0}, {""tk"": ""located"", ""act"": 0.0}, {""tk"": ""containing"", ""act"": 0.0}]"
1_12928,1,12928,relationship: the state in which a city is located is the state containing,<bos>,0,424.16802978515625,0.7500396019762761,semantic,"[{""token"": ""<bos>"", ""index"": 0, ""distance"": 0, ""direction"": ""self""}]",n/a,Semantic,Dictionary (fallback),0.9,False,,Semantic (unknown),"[{""tk"": ""attribute"", ""act"": 116.61937713623047}, {""tk"": ""city"", ""act"": 102.33412170410156}, {""tk"": ""state"", ""act"": 91.09199523925781}, {""tk"": ""is"", ""act"": 87.51624298095703}, {""tk"": ""government"", ""act"": 86.91158294677734}, {""tk"": ""the"", ""act"": 86.17095947265625}, {""tk"": ""which"", ""act"": 82.6561279296875}, {""tk"": ""located"", ""act"": 77.41014862060547}, {""tk"": ""capital"", ""act"": 73.14028930664062}, {""tk"": ""of"", ""act"": 66.72636413574219}, {""tk"": ""containing"", ""act"": 62.237648010253906}]"
1_57794,1,57794,relationship: the state in which a city is located is the state containing,<bos>,0,388.9519348144531,0.7381633041790371,semantic,"[{""token"": ""<bos>"", ""index"": 0, ""distance"": 0, ""direction"": ""self""}]",n/a,Semantic,Dictionary (fallback),0.9,False,,Semantic (unknown),"[{""tk"": ""attribute"", ""act"": 125.1230239868164}, {""tk"": ""state"", ""act"": 85.2448959350586}, {""tk"": ""is"", ""act"": 84.57393646240234}, {""tk"": ""the"", ""act"": 83.76406860351562}, {""tk"": ""which"", ""act"": 78.58411407470703}, {""tk"": ""city"", ""act"": 78.5748291015625}, {""tk"": ""government"", ""act"": 78.36383819580078}, {""tk"": ""located"", ""act"": 75.95323944091797}, {""tk"": ""containing"", ""act"": 74.69670104980469}, {""tk"": ""of"", ""act"": 71.00283813476562}, {""tk"": ""capital"", ""act"": 65.27320098876953}]"
1_52044,1,52044,relationship: the state in which a city is located is the state containing, containing,14,125.91358184814452,0.3663079238479912,semantic,"[{""token"": "" containing"", ""index"": 14, ""distance"": 0, ""direction"": ""self""}]",n/a,Relationship,,1.0,False,,(containing) related,"[{""tk"": ""containing"", ""act"": 125.91358184814453}, {""tk"": ""capital"", ""act"": 118.56844329833984}, {""tk"": ""located"", ""act"": 115.86267852783203}, {""tk"": ""city"", ""act"": 112.72059631347656}, {""tk"": ""state"", ""act"": 110.67672729492188}, {""tk"": ""government"", ""act"": 92.29335021972656}, {""tk"": ""is"", ""act"": 87.26891326904297}, {""tk"": ""which"", ""act"": 87.12095642089844}, {""tk"": ""The"", ""act"": 81.9691162109375}, {""tk"": ""of"", ""act"": 75.42842864990234}, {""tk"": ""attribute"", ""act"": 43.5494384765625}]"
1_72774,1,72774,relationship: the state in which a city is located is the state containing, containing,14,97.6826171875,0.3658285075529607,semantic,"[{""token"": "" containing"", ""index"": 14, ""distance"": 0, ""direction"": ""self""}]",n/a,Relationship,,1.0,False,,(capital) related,"[{""tk"": ""capital"", ""act"": 102.21701049804688}, {""tk"": ""city"", ""act"": 98.39340209960938}, {""tk"": ""containing"", ""act"": 97.6826171875}, {""tk"": ""state"", ""act"": 91.496337890625}, {""tk"": ""is"", ""act"": 90.29220581054688}, {""tk"": ""government"", ""act"": 84.53697204589844}, {""tk"": ""located"", ""act"": 84.2203369140625}, {""tk"": ""the"", ""act"": 78.6541748046875}, {""tk"": ""of"", ""act"": 78.48052978515625}, {""tk"": ""which"", ""act"": 71.98298645019531}, {""tk"": ""attribute"", ""act"": 23.17362403869629}]"
1_34506,1,34506,relationship: the state in which a city is located is the state containing, is,11,2.5700888633728027,0.9333333333333332,functional,"[{""token"": "" state"", ""index"": 13, ""distance"": 2, ""direction"": ""forward""}]",json,Semantic,Dictionary (fallback),0.9,False,,is,"[{""tk"": ""is"", ""act"": 4.525781631469727}, {""tk"": ""attribute"", ""act"": 0.0}, {""tk"": ""The"", ""act"": 0.0}, {""tk"": ""city"", ""act"": 0.0}, {""tk"": ""of"", ""act"": 0.0}, {""tk"": ""government"", ""act"": 0.0}, {""tk"": ""state"", ""act"": 0.0}, {""tk"": ""capital"", ""act"": 0.0}, {""tk"": ""which"", ""act"": 0.0}, {""tk"": ""located"", ""act"": 0.0}, {""tk"": ""containing"", ""act"": 0.0}]"
1_74380,1,74380,relationship: the state in which a city is located is the state containing,<bos>,0,2.384669780731201,0.9333333333333332,semantic,"[{""token"": ""<bos>"", ""index"": 0, ""distance"": 0, ""direction"": ""self""}]",n/a,Semantic,Dictionary,1.0,False,,capital,"[{""tk"": ""capital"", ""act"": 13.881332397460938}, {""tk"": ""attribute"", ""act"": 0.0}, {""tk"": ""The"", ""act"": 0.0}, {""tk"": ""city"", ""act"": 0.0}, {""tk"": ""of"", ""act"": 0.0}, {""tk"": ""government"", ""act"": 0.0}, {""tk"": ""state"", ""act"": 0.0}, {""tk"": ""is"", ""act"": 0.0}, {""tk"": ""which"", ""act"": 0.0}, {""tk"": ""located"", ""act"": 0.0}, {""tk"": ""containing"", ""act"": 0.0}]"
1_50017,1,50017,relationship: the state in which a city is located is the state containing,<bos>,0,1.2850010395050049,0.9333333333333332,semantic,"[{""token"": ""<bos>"", ""index"": 0, ""distance"": 0, ""direction"": ""self""}]",n/a,Semantic,Dictionary (fallback),0.9,False,,Semantic (unknown),"[{""tk"": ""attribute"", ""act"": 0.0}, {""tk"": ""The"", ""act"": 0.0}, {""tk"": ""city"", ""act"": 0.0}, {""tk"": ""of"", ""act"": 0.0}, {""tk"": ""government"", ""act"": 0.0}, {""tk"": ""state"", ""act"": 0.0}, {""tk"": ""is"", ""act"": 0.0}, {""tk"": ""capital"", ""act"": 0.0}, {""tk"": ""which"", ""act"": 0.0}, {""tk"": ""located"", ""act"": 0.0}, {""tk"": ""containing"", ""act"": 0.0}]"
1_15362,1,15362,relationship: the state in which a city is located is the state containing,<bos>,0,0.0,0.0,semantic,"[{""token"": ""<bos>"", ""index"": 0, ""distance"": 0, ""direction"": ""self""}]",n/a,Relationship,,1.0,False,,(attribute) related,"[{""tk"": ""attribute"", ""act"": 0.0}, {""tk"": ""The"", ""act"": 0.0}, {""tk"": ""city"", ""act"": 0.0}, {""tk"": ""of"", ""act"": 0.0}, {""tk"": ""government"", ""act"": 0.0}, {""tk"": ""state"", ""act"": 0.0}, {""tk"": ""is"", ""act"": 0.0}, {""tk"": ""capital"", ""act"": 0.0}, {""tk"": ""which"", ""act"": 0.0}, {""tk"": ""located"", ""act"": 0.0}, {""tk"": ""containing"", ""act"": 0.0}]"
1_44596,1,44596,relationship: the state in which a city is located is the state containing,<bos>,0,0.0,0.0,semantic,"[{""token"": ""<bos>"", ""index"": 0, ""distance"": 0, ""direction"": ""self""}]",n/a,Relationship,,1.0,False,,(attribute) related,"[{""tk"": ""attribute"", ""act"": 0.0}, {""tk"": ""The"", ""act"": 0.0}, {""tk"": ""city"", ""act"": 0.0}, {""tk"": ""of"", ""act"": 0.0}, {""tk"": ""government"", ""act"": 0.0}, {""tk"": ""state"", ""act"": 0.0}, {""tk"": ""is"", ""act"": 0.0}, {""tk"": ""capital"", ""act"": 0.0}, {""tk"": ""which"", ""act"": 0.0}, {""tk"": ""located"", ""act"": 0.0}, {""tk"": ""containing"", ""act"": 0.0}]"
1_55533,1,55533,relationship: the state in which a city is located is the state containing,<bos>,0,0.0,0.0,semantic,"[{""token"": ""<bos>"", ""index"": 0, ""distance"": 0, ""direction"": ""self""}]",n/a,Relationship,,1.0,False,,(attribute) related,"[{""tk"": ""attribute"", ""act"": 0.0}, {""tk"": ""The"", ""act"": 0.0}, {""tk"": ""city"", ""act"": 0.0}, {""tk"": ""of"", ""act"": 0.0}, {""tk"": ""government"", ""act"": 0.0}, {""tk"": ""state"", ""act"": 0.0}, {""tk"": ""is"", ""act"": 0.0}, {""tk"": ""capital"", ""act"": 0.0}, {""tk"": ""which"", ""act"": 0.0}, {""tk"": ""located"", ""act"": 0.0}, {""tk"": ""containing"", ""act"": 0.0}]"
1_63206,1,63206,relationship: the state in which a city is located is the state containing,<bos>,0,0.0,0.0,semantic,"[{""token"": ""<bos>"", ""index"": 0, ""distance"": 0, ""direction"": ""self""}]",n/a,Relationship,,1.0,False,,(attribute) related,"[{""tk"": ""attribute"", ""act"": 0.0}, {""tk"": ""The"", ""act"": 0.0}, {""tk"": ""city"", ""act"": 0.0}, {""tk"": ""of"", ""act"": 0.0}, {""tk"": ""government"", ""act"": 0.0}, {""tk"": ""state"", ""act"": 0.0}, {""tk"": ""is"", ""act"": 0.0}, {""tk"": ""capital"", ""act"": 0.0}, {""tk"": ""which"", ""act"": 0.0}, {""tk"": ""located"", ""act"": 0.0}, {""tk"": ""containing"", ""act"": 0.0}]"
1_64129,1,64129,relationship: the state in which a city is located is the state containing,<bos>,0,0.0,0.0,semantic,"[{""token"": ""<bos>"", ""index"": 0, ""distance"": 0, ""direction"": ""self""}]",n/a,Relationship,,1.0,False,,(attribute) related,"[{""tk"": ""attribute"", ""act"": 0.0}, {""tk"": ""The"", ""act"": 0.0}, {""tk"": ""city"", ""act"": 0.0}, {""tk"": ""of"", ""act"": 0.0}, {""tk"": ""government"", ""act"": 0.0}, {""tk"": ""state"", ""act"": 0.0}, {""tk"": ""is"", ""act"": 0.0}, {""tk"": ""capital"", ""act"": 0.0}, {""tk"": ""which"", ""act"": 0.0}, {""tk"": ""located"", ""act"": 0.0}, {""tk"": ""containing"", ""act"": 0.0}]"
1_69739,1,69739,relationship: the state in which a city is located is the state containing,<bos>,0,0.0,0.0,semantic,"[{""token"": ""<bos>"", ""index"": 0, ""distance"": 0, ""direction"": ""self""}]",n/a,Relationship,,1.0,False,,(attribute) related,"[{""tk"": ""attribute"", ""act"": 0.0}, {""tk"": ""The"", ""act"": 0.0}, {""tk"": ""city"", ""act"": 0.0}, {""tk"": ""of"", ""act"": 0.0}, {""tk"": ""government"", ""act"": 0.0}, {""tk"": ""state"", ""act"": 0.0}, {""tk"": ""is"", ""act"": 0.0}, {""tk"": ""capital"", ""act"": 0.0}, {""tk"": ""which"", ""act"": 0.0}, {""tk"": ""located"", ""act"": 0.0}, {""tk"": ""containing"", ""act"": 0.0}]"
1_81809,1,81809,relationship: the state in which a city is located is the state containing,<bos>,0,0.0,0.0,semantic,"[{""token"": ""<bos>"", ""index"": 0, ""distance"": 0, ""direction"": ""self""}]",n/a,Relationship,,1.0,False,,(attribute) related,"[{""tk"": ""attribute"", ""act"": 0.0}, {""tk"": ""The"", ""act"": 0.0}, {""tk"": ""city"", ""act"": 0.0}, {""tk"": ""of"", ""act"": 0.0}, {""tk"": ""government"", ""act"": 0.0}, {""tk"": ""state"", ""act"": 0.0}, {""tk"": ""is"", ""act"": 0.0}, {""tk"": ""capital"", ""act"": 0.0}, {""tk"": ""which"", ""act"": 0.0}, {""tk"": ""located"", ""act"": 0.0}, {""tk"": ""containing"", ""act"": 0.0}]"
1_84339,1,84339,relationship: the state in which a city is located is the state containing,<bos>,0,0.0,0.0,semantic,"[{""token"": ""<bos>"", ""index"": 0, ""distance"": 0, ""direction"": ""self""}]",n/a,Relationship,,1.0,False,,(attribute) related,"[{""tk"": ""attribute"", ""act"": 0.0}, {""tk"": ""The"", ""act"": 0.0}, {""tk"": ""city"", ""act"": 0.0}, {""tk"": ""of"", ""act"": 0.0}, {""tk"": ""government"", ""act"": 0.0}, {""tk"": ""state"", ""act"": 0.0}, {""tk"": ""is"", ""act"": 0.0}, {""tk"": ""capital"", ""act"": 0.0}, {""tk"": ""which"", ""act"": 0.0}, {""tk"": ""located"", ""act"": 0.0}, {""tk"": ""containing"", ""act"": 0.0}]"
1_85217,1,85217,relationship: the state in which a city is located is the state containing,<bos>,0,0.0,0.0,semantic,"[{""token"": ""<bos>"", ""index"": 0, ""distance"": 0, ""direction"": ""self""}]",n/a,Semantic,Dictionary,1.0,False,,capital,"[{""tk"": ""capital"", ""act"": 20.99380874633789}, {""tk"": ""attribute"", ""act"": 0.0}, {""tk"": ""The"", ""act"": 0.0}, {""tk"": ""city"", ""act"": 0.0}, {""tk"": ""of"", ""act"": 0.0}, {""tk"": ""government"", ""act"": 0.0}, {""tk"": ""state"", ""act"": 0.0}, {""tk"": ""is"", ""act"": 0.0}, {""tk"": ""which"", ""act"": 0.0}, {""tk"": ""located"", ""act"": 0.0}, {""tk"": ""containing"", ""act"": 0.0}]"
2_36902,2,36902,relationship: the state in which a city is located is the state containing,<bos>,0,11.28920555114746,0.9333333333333332,semantic,"[{""token"": ""<bos>"", ""index"": 0, ""distance"": 0, ""direction"": ""self""}]",n/a,Semantic,Dictionary (fallback),0.9,False,,Semantic (unknown),"[{""tk"": ""capital"", ""act"": 8.569391250610352}, {""tk"": ""attribute"", ""act"": 0.0}, {""tk"": ""The"", ""act"": 0.0}, {""tk"": ""city"", ""act"": 0.0}, {""tk"": ""of"", ""act"": 0.0}, {""tk"": ""government"", ""act"": 0.0}, {""tk"": ""state"", ""act"": 0.0}, {""tk"": ""is"", ""act"": 0.0}, {""tk"": ""which"", ""act"": 0.0}, {""tk"": ""located"", ""act"": 0.0}, {""tk"": ""containing"", ""act"": 0.0}]"
2_10304,2,10304,relationship: the state in which a city is located is the state containing,<bos>,0,7.023390293121338,0.9333333333333332,semantic,"[{""token"": ""<bos>"", ""index"": 0, ""distance"": 0, ""direction"": ""self""}]",n/a,Semantic,Dictionary (fallback),0.9,False,,Semantic (unknown),"[{""tk"": ""attribute"", ""act"": 0.0}, {""tk"": ""The"", ""act"": 0.0}, {""tk"": ""city"", ""act"": 0.0}, {""tk"": ""of"", ""act"": 0.0}, {""tk"": ""government"", ""act"": 0.0}, {""tk"": ""state"", ""act"": 0.0}, {""tk"": ""is"", ""act"": 0.0}, {""tk"": ""capital"", ""act"": 0.0}, {""tk"": ""which"", ""act"": 0.0}, {""tk"": ""located"", ""act"": 0.0}, {""tk"": ""containing"", ""act"": 0.0}]"
2_76232,2,76232,relationship: the state in which a city is located is the state containing, is,11,5.188752174377441,0.9333333333333332,functional,"[{""token"": "" state"", ""index"": 13, ""distance"": 2, ""direction"": ""forward""}]",json,Semantic,Dictionary (fallback),0.9,False,,is,"[{""tk"": ""is"", ""act"": 11.182415008544922}, {""tk"": ""attribute"", ""act"": 0.0}, {""tk"": ""The"", ""act"": 0.0}, {""tk"": ""city"", ""act"": 0.0}, {""tk"": ""of"", ""act"": 0.0}, {""tk"": ""government"", ""act"": 0.0}, {""tk"": ""state"", ""act"": 0.0}, {""tk"": ""capital"", ""act"": 0.0}, {""tk"": ""which"", ""act"": 0.0}, {""tk"": ""located"", ""act"": 0.0}, {""tk"": ""containing"", ""act"": 0.0}]"
2_4865,2,4865,relationship: the state in which a city is located is the state containing,<bos>,0,0.0,0.0,semantic,"[{""token"": ""<bos>"", ""index"": 0, ""distance"": 0, ""direction"": ""self""}]",n/a,Semantic,Dictionary,1.0,False,,capital,"[{""tk"": ""capital"", ""act"": 3.5495402812957764}, {""tk"": ""attribute"", ""act"": 0.0}, {""tk"": ""The"", ""act"": 0.0}, {""tk"": ""city"", ""act"": 0.0}, {""tk"": ""of"", ""act"": 0.0}, {""tk"": ""government"", ""act"": 0.0}, {""tk"": ""state"", ""act"": 0.0}, {""tk"": ""is"", ""act"": 0.0}, {""tk"": ""which"", ""act"": 0.0}, {""tk"": ""located"", ""act"": 0.0}, {""tk"": ""containing"", ""act"": 0.0}]"
2_96724,2,96724,relationship: the state in which a city is located is the state containing,<bos>,0,0.0,0.0,semantic,"[{""token"": ""<bos>"", ""index"": 0, ""distance"": 0, ""direction"": ""self""}]",n/a,Relationship,,1.0,False,,(attribute) related,"[{""tk"": ""attribute"", ""act"": 0.0}, {""tk"": ""The"", ""act"": 0.0}, {""tk"": ""city"", ""act"": 0.0}, {""tk"": ""of"", ""act"": 0.0}, {""tk"": ""government"", ""act"": 0.0}, {""tk"": ""state"", ""act"": 0.0}, {""tk"": ""is"", ""act"": 0.0}, {""tk"": ""capital"", ""act"": 0.0}, {""tk"": ""which"", ""act"": 0.0}, {""tk"": ""located"", ""act"": 0.0}, {""tk"": ""containing"", ""act"": 0.0}]"
3_52779,3,52779,relationship: the state in which a city is located is the state containing,<bos>,0,57.88114547729492,0.8492093820714754,semantic,"[{""token"": ""<bos>"", ""index"": 0, ""distance"": 0, ""direction"": ""self""}]",n/a,Semantic,Dictionary (fallback),0.9,False,,Semantic (unknown),"[{""tk"": ""containing"", ""act"": 17.660171508789062}, {""tk"": ""is"", ""act"": 10.759821891784668}, {""tk"": ""which"", ""act"": 9.762779235839844}, {""tk"": ""the"", ""act"": 9.377967834472656}, {""tk"": ""attribute"", ""act"": 0.0}, {""tk"": ""city"", ""act"": 0.0}, {""tk"": ""of"", ""act"": 0.0}, {""tk"": ""government"", ""act"": 0.0}, {""tk"": ""state"", ""act"": 0.0}, {""tk"": ""capital"", ""act"": 0.0}, {""tk"": ""located"", ""act"": 0.0}]"
3_27827,3,27827,relationship: the state in which a city is located is the state containing,<bos>,0,0.0,0.0,semantic,"[{""token"": ""<bos>"", ""index"": 0, ""distance"": 0, ""direction"": ""self""}]",n/a,Relationship,,1.0,False,,(attribute) related,"[{""tk"": ""attribute"", ""act"": 0.0}, {""tk"": ""The"", ""act"": 0.0}, {""tk"": ""city"", ""act"": 0.0}, {""tk"": ""of"", ""act"": 0.0}, {""tk"": ""government"", ""act"": 0.0}, {""tk"": ""state"", ""act"": 0.0}, {""tk"": ""is"", ""act"": 0.0}, {""tk"": ""capital"", ""act"": 0.0}, {""tk"": ""which"", ""act"": 0.0}, {""tk"": ""located"", ""act"": 0.0}, {""tk"": ""containing"", ""act"": 0.0}]"
3_28747,3,28747,relationship: the state in which a city is located is the state containing,<bos>,0,0.0,0.0,semantic,"[{""token"": ""<bos>"", ""index"": 0, ""distance"": 0, ""direction"": ""self""}]",n/a,Relationship,,1.0,False,,(attribute) related,"[{""tk"": ""attribute"", ""act"": 0.0}, {""tk"": ""The"", ""act"": 0.0}, {""tk"": ""city"", ""act"": 0.0}, {""tk"": ""of"", ""act"": 0.0}, {""tk"": ""government"", ""act"": 0.0}, {""tk"": ""state"", ""act"": 0.0}, {""tk"": ""is"", ""act"": 0.0}, {""tk"": ""capital"", ""act"": 0.0}, {""tk"": ""which"", ""act"": 0.0}, {""tk"": ""located"", ""act"": 0.0}, {""tk"": ""containing"", ""act"": 0.0}]"
3_93843,3,93843,relationship: the state in which a city is located is the state containing,<bos>,0,0.0,0.0,semantic,"[{""token"": ""<bos>"", ""index"": 0, ""distance"": 0, ""direction"": ""self""}]",n/a,Relationship,,1.0,False,,(attribute) related,"[{""tk"": ""attribute"", ""act"": 0.0}, {""tk"": ""The"", ""act"": 0.0}, {""tk"": ""city"", ""act"": 0.0}, {""tk"": ""of"", ""act"": 0.0}, {""tk"": ""government"", ""act"": 0.0}, {""tk"": ""state"", ""act"": 0.0}, {""tk"": ""is"", ""act"": 0.0}, {""tk"": ""capital"", ""act"": 0.0}, {""tk"": ""which"", ""act"": 0.0}, {""tk"": ""located"", ""act"": 0.0}, {""tk"": ""containing"", ""act"": 0.0}]"
4_58113,4,58113,relationship: the state in which a city is located is the state containing, city,8,8.276534080505371,0.9295656084092146,semantic,"[{""token"": "" city"", ""index"": 8, ""distance"": 0, ""direction"": ""self""}]",n/a,Semantic,Concept,0.7,False,,city,"[{""tk"": ""city"", ""act"": 8.276534080505371}, {""tk"": ""is"", ""act"": 0.3552095890045166}, {""tk"": ""containing"", ""act"": 0.11254596710205078}, {""tk"": ""attribute"", ""act"": 0.0}, {""tk"": ""The"", ""act"": 0.0}, {""tk"": ""of"", ""act"": 0.0}, {""tk"": ""government"", ""act"": 0.0}, {""tk"": ""state"", ""act"": 0.0}, {""tk"": ""capital"", ""act"": 0.0}, {""tk"": ""which"", ""act"": 0.0}, {""tk"": ""located"", ""act"": 0.0}]"
4_53507,4,53507,relationship: the state in which a city is located is the state containing,<bos>,0,8.113744735717773,0.9333333333333332,semantic,"[{""token"": ""<bos>"", ""index"": 0, ""distance"": 0, ""direction"": ""self""}]",n/a,Semantic,Concept,0.7,False,,Semantic (unknown),"[{""tk"": ""attribute"", ""act"": 0.0}, {""tk"": ""The"", ""act"": 0.0}, {""tk"": ""city"", ""act"": 0.0}, {""tk"": ""of"", ""act"": 0.0}, {""tk"": ""government"", ""act"": 0.0}, {""tk"": ""state"", ""act"": 0.0}, {""tk"": ""is"", ""act"": 0.0}, {""tk"": ""capital"", ""act"": 0.0}, {""tk"": ""which"", ""act"": 0.0}, {""tk"": ""located"", ""act"": 0.0}, {""tk"": ""containing"", ""act"": 0.0}]"
4_52384,4,52384,relationship: the state in which a city is located is the state containing,<bos>,0,1.1977276802062988,0.9333333333333332,semantic,"[{""token"": ""<bos>"", ""index"": 0, ""distance"": 0, ""direction"": ""self""}]",n/a,Semantic,Dictionary,1.0,False,,Semantic (unknown),"[{""tk"": ""state"", ""act"": 1.426936149597168}, {""tk"": ""attribute"", ""act"": 0.0}, {""tk"": ""The"", ""act"": 0.0}, {""tk"": ""city"", ""act"": 0.0}, {""tk"": ""of"", ""act"": 0.0}, {""tk"": ""government"", ""act"": 0.0}, {""tk"": ""is"", ""act"": 0.0}, {""tk"": ""capital"", ""act"": 0.0}, {""tk"": ""which"", ""act"": 0.0}, {""tk"": ""located"", ""act"": 0.0}, {""tk"": ""containing"", ""act"": 0.0}]"
4_3432,4,3432,relationship: the state in which a city is located is the state containing,<bos>,0,0.0,0.0,semantic,"[{""token"": ""<bos>"", ""index"": 0, ""distance"": 0, ""direction"": ""self""}]",n/a,Relationship,,1.0,False,,(attribute) related,"[{""tk"": ""attribute"", ""act"": 0.0}, {""tk"": ""The"", ""act"": 0.0}, {""tk"": ""city"", ""act"": 0.0}, {""tk"": ""of"", ""act"": 0.0}, {""tk"": ""government"", ""act"": 0.0}, {""tk"": ""state"", ""act"": 0.0}, {""tk"": ""is"", ""act"": 0.0}, {""tk"": ""capital"", ""act"": 0.0}, {""tk"": ""which"", ""act"": 0.0}, {""tk"": ""located"", ""act"": 0.0}, {""tk"": ""containing"", ""act"": 0.0}]"
4_11275,4,11275,relationship: the state in which a city is located is the state containing,<bos>,0,0.0,0.0,semantic,"[{""token"": ""<bos>"", ""index"": 0, ""distance"": 0, ""direction"": ""self""}]",n/a,Relationship,,1.0,False,,(attribute) related,"[{""tk"": ""attribute"", ""act"": 0.0}, {""tk"": ""The"", ""act"": 0.0}, {""tk"": ""city"", ""act"": 0.0}, {""tk"": ""of"", ""act"": 0.0}, {""tk"": ""government"", ""act"": 0.0}, {""tk"": ""state"", ""act"": 0.0}, {""tk"": ""is"", ""act"": 0.0}, {""tk"": ""capital"", ""act"": 0.0}, {""tk"": ""which"", ""act"": 0.0}, {""tk"": ""located"", ""act"": 0.0}, {""tk"": ""containing"", ""act"": 0.0}]"
4_55831,4,55831,relationship: the state in which a city is located is the state containing,<bos>,0,0.0,0.0,semantic,"[{""token"": ""<bos>"", ""index"": 0, ""distance"": 0, ""direction"": ""self""}]",n/a,Semantic,Dictionary,1.0,False,,capital,"[{""tk"": ""capital"", ""act"": 25.256546020507812}, {""tk"": ""city"", ""act"": 2.8087387084960938}, {""tk"": ""attribute"", ""act"": 0.0}, {""tk"": ""The"", ""act"": 0.0}, {""tk"": ""of"", ""act"": 0.0}, {""tk"": ""government"", ""act"": 0.0}, {""tk"": ""state"", ""act"": 0.0}, {""tk"": ""is"", ""act"": 0.0}, {""tk"": ""which"", ""act"": 0.0}, {""tk"": ""located"", ""act"": 0.0}, {""tk"": ""containing"", ""act"": 0.0}]"
4_72482,4,72482,relationship: the state in which a city is located is the state containing,<bos>,0,0.0,0.0,semantic,"[{""token"": ""<bos>"", ""index"": 0, ""distance"": 0, ""direction"": ""self""}]",n/a,Relationship,,1.0,False,,(attribute) related,"[{""tk"": ""attribute"", ""act"": 0.0}, {""tk"": ""The"", ""act"": 0.0}, {""tk"": ""city"", ""act"": 0.0}, {""tk"": ""of"", ""act"": 0.0}, {""tk"": ""government"", ""act"": 0.0}, {""tk"": ""state"", ""act"": 0.0}, {""tk"": ""is"", ""act"": 0.0}, {""tk"": ""capital"", ""act"": 0.0}, {""tk"": ""which"", ""act"": 0.0}, {""tk"": ""located"", ""act"": 0.0}, {""tk"": ""containing"", ""act"": 0.0}]"
4_83005,4,83005,relationship: the state in which a city is located is the state containing,<bos>,0,0.0,0.0,semantic,"[{""token"": ""<bos>"", ""index"": 0, ""distance"": 0, ""direction"": ""self""}]",n/a,Semantic,Ambiguous,0.3,True,"Ambiguous: peak_cons=0.33, n_peaks=1, func_vs_sem=100.0%, layer=4",is,"[{""tk"": ""is"", ""act"": 1.9116179943084717}, {""tk"": ""attribute"", ""act"": 0.0}, {""tk"": ""The"", ""act"": 0.0}, {""tk"": ""city"", ""act"": 0.0}, {""tk"": ""of"", ""act"": 0.0}, {""tk"": ""government"", ""act"": 0.0}, {""tk"": ""state"", ""act"": 0.0}, {""tk"": ""capital"", ""act"": 0.0}, {""tk"": ""which"", ""act"": 0.0}, {""tk"": ""located"", ""act"": 0.0}, {""tk"": ""containing"", ""act"": 0.0}]"
4_84715,4,84715,relationship: the state in which a city is located is the state containing,<bos>,0,0.0,0.0,semantic,"[{""token"": ""<bos>"", ""index"": 0, ""distance"": 0, ""direction"": ""self""}]",n/a,Relationship,,1.0,False,,(attribute) related,"[{""tk"": ""attribute"", ""act"": 0.0}, {""tk"": ""The"", ""act"": 0.0}, {""tk"": ""city"", ""act"": 0.0}, {""tk"": ""of"", ""act"": 0.0}, {""tk"": ""government"", ""act"": 0.0}, {""tk"": ""state"", ""act"": 0.0}, {""tk"": ""is"", ""act"": 0.0}, {""tk"": ""capital"", ""act"": 0.0}, {""tk"": ""which"", ""act"": 0.0}, {""tk"": ""located"", ""act"": 0.0}, {""tk"": ""containing"", ""act"": 0.0}]"
4_97813,4,97813,relationship: the state in which a city is located is the state containing,<bos>,0,0.0,0.0,semantic,"[{""token"": ""<bos>"", ""index"": 0, ""distance"": 0, ""direction"": ""self""}]",n/a,Semantic,Dictionary,1.0,False,,government,"[{""tk"": ""government"", ""act"": 17.90291976928711}, {""tk"": ""of"", ""act"": 14.3899507522583}, {""tk"": ""city"", ""act"": 12.479630470275879}, {""tk"": ""capital"", ""act"": 10.718213081359863}, {""tk"": ""the"", ""act"": 1.4474035501480103}, {""tk"": ""is"", ""act"": 0.5962045192718506}, {""tk"": ""attribute"", ""act"": 0.0}, {""tk"": ""state"", ""act"": 0.0}, {""tk"": ""which"", ""act"": 0.0}, {""tk"": ""located"", ""act"": 0.0}, {""tk"": ""containing"", ""act"": 0.0}]"
5_1551,5,1551,relationship: the state in which a city is located is the state containing,<bos>,0,161.51025390625,0.9167439020995264,semantic,"[{""token"": ""<bos>"", ""index"": 0, ""distance"": 0, ""direction"": ""self""}]",n/a,Semantic,Concept,0.7,False,,Semantic (unknown),"[{""tk"": ""attribute"", ""act"": 39.44136428833008}, {""tk"": ""The"", ""act"": 0.0}, {""tk"": ""city"", ""act"": 0.0}, {""tk"": ""of"", ""act"": 0.0}, {""tk"": ""government"", ""act"": 0.0}, {""tk"": ""state"", ""act"": 0.0}, {""tk"": ""is"", ""act"": 0.0}, {""tk"": ""capital"", ""act"": 0.0}, {""tk"": ""which"", ""act"": 0.0}, {""tk"": ""located"", ""act"": 0.0}, {""tk"": ""containing"", ""act"": 0.0}]"
5_33745,5,33745,relationship: the state in which a city is located is the state containing,<bos>,0,1.3282628059387207,0.9333333333333332,semantic,"[{""token"": ""<bos>"", ""index"": 0, ""distance"": 0, ""direction"": ""self""}]",n/a,Semantic,Concept,0.7,False,,Semantic (unknown),"[{""tk"": ""attribute"", ""act"": 0.0}, {""tk"": ""The"", ""act"": 0.0}, {""tk"": ""city"", ""act"": 0.0}, {""tk"": ""of"", ""act"": 0.0}, {""tk"": ""government"", ""act"": 0.0}, {""tk"": ""state"", ""act"": 0.0}, {""tk"": ""is"", ""act"": 0.0}, {""tk"": ""capital"", ""act"": 0.0}, {""tk"": ""which"", ""act"": 0.0}, {""tk"": ""located"", ""act"": 0.0}, {""tk"": ""containing"", ""act"": 0.0}]"
5_4901,5,4901,relationship: the state in which a city is located is the state containing,<bos>,0,0.0,0.0,semantic,"[{""token"": ""<bos>"", ""index"": 0, ""distance"": 0, ""direction"": ""self""}]",n/a,Semantic,Ambiguous,0.3,True,"Ambiguous: peak_cons=0.33, n_peaks=1, func_vs_sem=100.0%, layer=5",is,"[{""tk"": ""is"", ""act"": 6.10368013381958}, {""tk"": ""attribute"", ""act"": 0.0}, {""tk"": ""The"", ""act"": 0.0}, {""tk"": ""city"", ""act"": 0.0}, {""tk"": ""of"", ""act"": 0.0}, {""tk"": ""government"", ""act"": 0.0}, {""tk"": ""state"", ""act"": 0.0}, {""tk"": ""capital"", ""act"": 0.0}, {""tk"": ""which"", ""act"": 0.0}, {""tk"": ""located"", ""act"": 0.0}, {""tk"": ""containing"", ""act"": 0.0}]"
5_30353,5,30353,relationship: the state in which a city is located is the state containing,<bos>,0,0.0,0.0,semantic,"[{""token"": ""<bos>"", ""index"": 0, ""distance"": 0, ""direction"": ""self""}]",n/a,Relationship,,1.0,False,,(attribute) related,"[{""tk"": ""attribute"", ""act"": 0.0}, {""tk"": ""The"", ""act"": 0.0}, {""tk"": ""city"", ""act"": 0.0}, {""tk"": ""of"", ""act"": 0.0}, {""tk"": ""government"", ""act"": 0.0}, {""tk"": ""state"", ""act"": 0.0}, {""tk"": ""is"", ""act"": 0.0}, {""tk"": ""capital"", ""act"": 0.0}, {""tk"": ""which"", ""act"": 0.0}, {""tk"": ""located"", ""act"": 0.0}, {""tk"": ""containing"", ""act"": 0.0}]"
5_34406,5,34406,relationship: the state in which a city is located is the state containing,<bos>,0,0.0,0.0,semantic,"[{""token"": ""<bos>"", ""index"": 0, ""distance"": 0, ""direction"": ""self""}]",n/a,Relationship,,1.0,False,,(attribute) related,"[{""tk"": ""attribute"", ""act"": 0.0}, {""tk"": ""The"", ""act"": 0.0}, {""tk"": ""city"", ""act"": 0.0}, {""tk"": ""of"", ""act"": 0.0}, {""tk"": ""government"", ""act"": 0.0}, {""tk"": ""state"", ""act"": 0.0}, {""tk"": ""is"", ""act"": 0.0}, {""tk"": ""capital"", ""act"": 0.0}, {""tk"": ""which"", ""act"": 0.0}, {""tk"": ""located"", ""act"": 0.0}, {""tk"": ""containing"", ""act"": 0.0}]"
5_51213,5,51213,relationship: the state in which a city is located is the state containing,<bos>,0,0.0,0.0,semantic,"[{""token"": ""<bos>"", ""index"": 0, ""distance"": 0, ""direction"": ""self""}]",n/a,Semantic,Dictionary,1.0,False,,capital,"[{""tk"": ""capital"", ""act"": 5.454928398132324}, {""tk"": ""of"", ""act"": 2.1363112926483154}, {""tk"": ""government"", ""act"": 1.9978015422821045}, {""tk"": ""city"", ""act"": 0.651606559753418}, {""tk"": ""attribute"", ""act"": 0.0}, {""tk"": ""The"", ""act"": 0.0}, {""tk"": ""state"", ""act"": 0.0}, {""tk"": ""is"", ""act"": 0.0}, {""tk"": ""which"", ""act"": 0.0}, {""tk"": ""located"", ""act"": 0.0}, {""tk"": ""containing"", ""act"": 0.0}]"
6_22143,6,22143,relationship: the state in which a city is located is the state containing, city,8,17.3726863861084,0.6872161542731599,semantic,"[{""token"": "" city"", ""index"": 8, ""distance"": 0, ""direction"": ""self""}]",n/a,Semantic,Concept,0.7,False,,attribute,"[{""tk"": ""attribute"", ""act"": 25.566389083862305}, {""tk"": ""city"", ""act"": 17.3726863861084}, {""tk"": ""the"", ""act"": 10.888114929199219}, {""tk"": ""state"", ""act"": 10.668606758117676}, {""tk"": ""is"", ""act"": 8.635822296142578}, {""tk"": ""located"", ""act"": 5.484473705291748}, {""tk"": ""capital"", ""act"": 0.3072550296783447}, {""tk"": ""which"", ""act"": 0.24917440116405487}, {""tk"": ""of"", ""act"": 0.0}, {""tk"": ""government"", ""act"": 0.0}, {""tk"": ""containing"", ""act"": 0.0}]"
6_6574,6,6574,relationship: the state in which a city is located is the state containing,<bos>,0,0.0,0.0,semantic,"[{""token"": ""<bos>"", ""index"": 0, ""distance"": 0, ""direction"": ""self""}]",n/a,Relationship,,1.0,False,,(attribute) related,"[{""tk"": ""attribute"", ""act"": 0.0}, {""tk"": ""The"", ""act"": 0.0}, {""tk"": ""city"", ""act"": 0.0}, {""tk"": ""of"", ""act"": 0.0}, {""tk"": ""government"", ""act"": 0.0}, {""tk"": ""state"", ""act"": 0.0}, {""tk"": ""is"", ""act"": 0.0}, {""tk"": ""capital"", ""act"": 0.0}, {""tk"": ""which"", ""act"": 0.0}, {""tk"": ""located"", ""act"": 0.0}, {""tk"": ""containing"", ""act"": 0.0}]"
6_23862,6,23862,relationship: the state in which a city is located is the state containing,<bos>,0,0.0,0.0,semantic,"[{""token"": ""<bos>"", ""index"": 0, ""distance"": 0, ""direction"": ""self""}]",n/a,Relationship,,1.0,False,,(attribute) related,"[{""tk"": ""attribute"", ""act"": 0.0}, {""tk"": ""The"", ""act"": 0.0}, {""tk"": ""city"", ""act"": 0.0}, {""tk"": ""of"", ""act"": 0.0}, {""tk"": ""government"", ""act"": 0.0}, {""tk"": ""state"", ""act"": 0.0}, {""tk"": ""is"", ""act"": 0.0}, {""tk"": ""capital"", ""act"": 0.0}, {""tk"": ""which"", ""act"": 0.0}, {""tk"": ""located"", ""act"": 0.0}, {""tk"": ""containing"", ""act"": 0.0}]"
7_66851,7,66851,relationship: the state in which a city is located is the state containing,:,2,42.424102783203125,0.505598917589167,functional,"[{""token"": "" state"", ""index"": 4, ""distance"": 2, ""direction"": ""forward""}, {""token"": ""relationship"", ""index"": 1, ""distance"": 1, ""direction"": ""backward""}]",json,Semantic,Concept,0.9002669823514474,False,,city,"[{""tk"": ""city"", ""act"": 47.1239128112793}, {""tk"": ""The"", ""act"": 45.9108772277832}, {""tk"": ""attribute"", ""act"": 44.321834564208984}, {""tk"": ""state"", ""act"": 28.129961013793945}, {""tk"": ""capital"", ""act"": 22.289987564086914}, {""tk"": ""is"", ""act"": 17.88539695739746}, {""tk"": ""located"", ""act"": 16.008203506469727}, {""tk"": ""government"", ""act"": 14.86802864074707}, {""tk"": ""of"", ""act"": 14.001923561096191}, {""tk"": ""which"", ""act"": 12.457620620727539}, {""tk"": ""containing"", ""act"": 9.191671371459961}]"
7_79007,7,79007,relationship: the state in which a city is located is the state containing,<bos>,0,10.877058029174805,0.9132963827423484,semantic,"[{""token"": ""<bos>"", ""index"": 0, ""distance"": 0, ""direction"": ""self""}]",n/a,Semantic,Concept,0.7,False,,Semantic (unknown),"[{""tk"": ""is"", ""act"": 3.44201397895813}, {""tk"": ""the"", ""act"": 1.0101656913757324}, {""tk"": ""located"", ""act"": 0.6777404546737671}, {""tk"": ""containing"", ""act"": 0.4453907310962677}, {""tk"": ""state"", ""act"": 0.40794315934181213}, {""tk"": ""attribute"", ""act"": 0.0}, {""tk"": ""city"", ""act"": 0.0}, {""tk"": ""of"", ""act"": 0.0}, {""tk"": ""government"", ""act"": 0.0}, {""tk"": ""capital"", ""act"": 0.0}, {""tk"": ""which"", ""act"": 0.0}]"
8_49126,8,49126,relationship: the state in which a city is located is the state containing, city,8,5.420082092285156,0.8054457277797249,semantic,"[{""token"": "" city"", ""index"": 8, ""distance"": 0, ""direction"": ""self""}]",n/a,Semantic,Concept,0.7,False,,city,"[{""tk"": ""the"", ""act"": 9.22913646697998}, {""tk"": ""city"", ""act"": 5.420082092285156}, {""tk"": ""located"", ""act"": 4.660083770751953}, {""tk"": ""is"", ""act"": 1.78456711769104}, {""tk"": ""containing"", ""act"": 1.69818115234375}, {""tk"": ""of"", ""act"": 0.6516338586807251}, {""tk"": ""attribute"", ""act"": 0.0}, {""tk"": ""government"", ""act"": 0.0}, {""tk"": ""state"", ""act"": 0.0}, {""tk"": ""capital"", ""act"": 0.0}, {""tk"": ""which"", ""act"": 0.0}]"
9_11429,9,11429,relationship: the state in which a city is located is the state containing,<bos>,0,0.0,0.0,semantic,"[{""token"": ""<bos>"", ""index"": 0, ""distance"": 0, ""direction"": ""self""}]",n/a,Semantic,Dictionary,1.0,False,,of,"[{""tk"": ""of"", ""act"": 13.498773574829102}, {""tk"": ""the"", ""act"": 5.758722305297852}, {""tk"": ""government"", ""act"": 3.063748836517334}, {""tk"": ""attribute"", ""act"": 0.0}, {""tk"": ""city"", ""act"": 0.0}, {""tk"": ""state"", ""act"": 0.0}, {""tk"": ""is"", ""act"": 0.0}, {""tk"": ""capital"", ""act"": 0.0}, {""tk"": ""which"", ""act"": 0.0}, {""tk"": ""located"", ""act"": 0.0}, {""tk"": ""containing"", ""act"": 0.0}]"
9_73919,9,73919,relationship: the state in which a city is located is the state containing,<bos>,0,0.0,0.0,semantic,"[{""token"": ""<bos>"", ""index"": 0, ""distance"": 0, ""direction"": ""self""}]",n/a,Semantic,Dictionary,1.0,False,,capital,"[{""tk"": ""capital"", ""act"": 8.759065628051758}, {""tk"": ""city"", ""act"": 5.948211193084717}, {""tk"": ""government"", ""act"": 4.144934177398682}, {""tk"": ""the"", ""act"": 2.876901149749756}, {""tk"": ""attribute"", ""act"": 0.0}, {""tk"": ""of"", ""act"": 0.0}, {""tk"": ""state"", ""act"": 0.0}, {""tk"": ""is"", ""act"": 0.0}, {""tk"": ""which"", ""act"": 0.0}, {""tk"": ""located"", ""act"": 0.0}, {""tk"": ""containing"", ""act"": 0.0}]"
10_75793,10,75793,relationship: the state in which a city is located is the state containing, located,10,43.96098327636719,0.7003398992283538,semantic,"[{""token"": "" located"", ""index"": 10, ""distance"": 0, ""direction"": ""self""}]",n/a,Semantic,Concept,0.8009750516048617,False,,located,"[{""tk"": ""located"", ""act"": 43.96098327636719}, {""tk"": ""is"", ""act"": 35.21165084838867}, {""tk"": ""the"", ""act"": 30.694744110107422}, {""tk"": ""city"", ""act"": 29.659860610961914}, {""tk"": ""containing"", ""act"": 24.20592498779297}, {""tk"": ""government"", ""act"": 19.719295501708984}, {""tk"": ""capital"", ""act"": 15.062984466552734}, {""tk"": ""state"", ""act"": 14.852208137512207}, {""tk"": ""of"", ""act"": 12.384588241577148}, {""tk"": ""attribute"", ""act"": 0.0}, {""tk"": ""which"", ""act"": 0.0}]"
11_50131,11,50131,relationship: the state in which a city is located is the state containing, city,8,21.21697235107422,0.5501991345166934,semantic,"[{""token"": "" city"", ""index"": 8, ""distance"": 0, ""direction"": ""self""}]",n/a,Semantic,Concept,0.7,False,,capital,"[{""tk"": ""capital"", ""act"": 32.42369842529297}, {""tk"": ""state"", ""act"": 31.960853576660156}, {""tk"": ""city"", ""act"": 21.21697235107422}, {""tk"": ""is"", ""act"": 19.765623092651367}, {""tk"": ""government"", ""act"": 16.808237075805664}, {""tk"": ""the"", ""act"": 14.164325714111328}, {""tk"": ""located"", ""act"": 12.37300968170166}, {""tk"": ""containing"", ""act"": 11.94537353515625}, {""tk"": ""of"", ""act"": 4.081844806671143}, {""tk"": ""attribute"", ""act"": 0.0}, {""tk"": ""which"", ""act"": 0.0}]"
12_92583,12,92583,relationship: the state in which a city is located is the state containing,<bos>,0,0.0,0.0,semantic,"[{""token"": ""<bos>"", ""index"": 0, ""distance"": 0, ""direction"": ""self""}]",n/a,Relationship,,1.0,False,,(attribute) related,"[{""tk"": ""attribute"", ""act"": 0.0}, {""tk"": ""The"", ""act"": 0.0}, {""tk"": ""city"", ""act"": 0.0}, {""tk"": ""of"", ""act"": 0.0}, {""tk"": ""government"", ""act"": 0.0}, {""tk"": ""state"", ""act"": 0.0}, {""tk"": ""is"", ""act"": 0.0}, {""tk"": ""capital"", ""act"": 0.0}, {""tk"": ""which"", ""act"": 0.0}, {""tk"": ""located"", ""act"": 0.0}, {""tk"": ""containing"", ""act"": 0.0}]"
12_96988,12,96988,relationship: the state in which a city is located is the state containing,<bos>,0,0.0,0.0,semantic,"[{""token"": ""<bos>"", ""index"": 0, ""distance"": 0, ""direction"": ""self""}]",n/a,Relationship,,1.0,False,,(attribute) related,"[{""tk"": ""attribute"", ""act"": 0.0}, {""tk"": ""The"", ""act"": 0.0}, {""tk"": ""city"", ""act"": 0.0}, {""tk"": ""of"", ""act"": 0.0}, {""tk"": ""government"", ""act"": 0.0}, {""tk"": ""state"", ""act"": 0.0}, {""tk"": ""is"", ""act"": 0.0}, {""tk"": ""capital"", ""act"": 0.0}, {""tk"": ""which"", ""act"": 0.0}, {""tk"": ""located"", ""act"": 0.0}, {""tk"": ""containing"", ""act"": 0.0}]"
13_83324,13,83324,relationship: the state in which a city is located is the state containing,<bos>,0,0.0,0.0,semantic,"[{""token"": ""<bos>"", ""index"": 0, ""distance"": 0, ""direction"": ""self""}]",n/a,Relationship,,1.0,False,,(attribute) related,"[{""tk"": ""attribute"", ""act"": 0.0}, {""tk"": ""The"", ""act"": 0.0}, {""tk"": ""city"", ""act"": 0.0}, {""tk"": ""of"", ""act"": 0.0}, {""tk"": ""government"", ""act"": 0.0}, {""tk"": ""state"", ""act"": 0.0}, {""tk"": ""is"", ""act"": 0.0}, {""tk"": ""capital"", ""act"": 0.0}, {""tk"": ""which"", ""act"": 0.0}, {""tk"": ""located"", ""act"": 0.0}, {""tk"": ""containing"", ""act"": 0.0}]"
15_24134,15,24134,relationship: the state in which a city is located is the state containing,<bos>,0,0.0,0.0,semantic,"[{""token"": ""<bos>"", ""index"": 0, ""distance"": 0, ""direction"": ""self""}]",n/a,Relationship,,1.0,False,,(attribute) related,"[{""tk"": ""attribute"", ""act"": 0.0}, {""tk"": ""The"", ""act"": 0.0}, {""tk"": ""city"", ""act"": 0.0}, {""tk"": ""of"", ""act"": 0.0}, {""tk"": ""government"", ""act"": 0.0}, {""tk"": ""state"", ""act"": 0.0}, {""tk"": ""is"", ""act"": 0.0}, {""tk"": ""capital"", ""act"": 0.0}, {""tk"": ""which"", ""act"": 0.0}, {""tk"": ""located"", ""act"": 0.0}, {""tk"": ""containing"", ""act"": 0.0}]"
15_48153,15,48153,relationship: the state in which a city is located is the state containing,<bos>,0,0.0,0.0,semantic,"[{""token"": ""<bos>"", ""index"": 0, ""distance"": 0, ""direction"": ""self""}]",n/a,Relationship,,1.0,False,,(attribute) related,"[{""tk"": ""attribute"", ""act"": 0.0}, {""tk"": ""The"", ""act"": 0.0}, {""tk"": ""city"", ""act"": 0.0}, {""tk"": ""of"", ""act"": 0.0}, {""tk"": ""government"", ""act"": 0.0}, {""tk"": ""state"", ""act"": 0.0}, {""tk"": ""is"", ""act"": 0.0}, {""tk"": ""capital"", ""act"": 0.0}, {""tk"": ""which"", ""act"": 0.0}, {""tk"": ""located"", ""act"": 0.0}, {""tk"": ""containing"", ""act"": 0.0}]"
17_93962,17,93962,relationship: the state in which a city is located is the state containing,<bos>,0,0.0,0.0,semantic,"[{""token"": ""<bos>"", ""index"": 0, ""distance"": 0, ""direction"": ""self""}]",n/a,Relationship,,1.0,False,,(attribute) related,"[{""tk"": ""attribute"", ""act"": 0.0}, {""tk"": ""The"", ""act"": 0.0}, {""tk"": ""city"", ""act"": 0.0}, {""tk"": ""of"", ""act"": 0.0}, {""tk"": ""government"", ""act"": 0.0}, {""tk"": ""state"", ""act"": 0.0}, {""tk"": ""is"", ""act"": 0.0}, {""tk"": ""capital"", ""act"": 0.0}, {""tk"": ""which"", ""act"": 0.0}, {""tk"": ""located"", ""act"": 0.0}, {""tk"": ""containing"", ""act"": 0.0}]"
17_98126,17,98126,relationship: the state in which a city is located is the state containing,<bos>,0,0.0,0.0,semantic,"[{""token"": ""<bos>"", ""index"": 0, ""distance"": 0, ""direction"": ""self""}]",n/a,"Say ""X""",,1.0,False,,Say (capital),"[{""tk"": ""the"", ""act"": 20.31070899963379}, {""tk"": ""is"", ""act"": 14.982040405273438}, {""tk"": ""government"", ""act"": 6.976686954498291}, {""tk"": ""of"", ""act"": 3.8759498596191406}, {""tk"": ""attribute"", ""act"": 0.0}, {""tk"": ""city"", ""act"": 0.0}, {""tk"": ""state"", ""act"": 0.0}, {""tk"": ""capital"", ""act"": 0.0}, {""tk"": ""which"", ""act"": 0.0}, {""tk"": ""located"", ""act"": 0.0}, {""tk"": ""containing"", ""act"": 0.0}]"
18_17137,18,17137,relationship: the state in which a city is located is the state containing,<bos>,0,24.056264877319336,0.9333333333333332,semantic,"[{""token"": ""<bos>"", ""index"": 0, ""distance"": 0, ""direction"": ""self""}]",n/a,Semantic,Concept,0.7,False,,Semantic (unknown),"[{""tk"": ""attribute"", ""act"": 0.0}, {""tk"": ""The"", ""act"": 0.0}, {""tk"": ""city"", ""act"": 0.0}, {""tk"": ""of"", ""act"": 0.0}, {""tk"": ""government"", ""act"": 0.0}, {""tk"": ""state"", ""act"": 0.0}, {""tk"": ""is"", ""act"": 0.0}, {""tk"": ""capital"", ""act"": 0.0}, {""tk"": ""which"", ""act"": 0.0}, {""tk"": ""located"", ""act"": 0.0}, {""tk"": ""containing"", ""act"": 0.0}]"
18_40383,18,40383,relationship: the state in which a city is located is the state containing,<bos>,0,0.0,0.0,semantic,"[{""token"": ""<bos>"", ""index"": 0, ""distance"": 0, ""direction"": ""self""}]",n/a,Relationship,,1.0,False,,(attribute) related,"[{""tk"": ""attribute"", ""act"": 0.0}, {""tk"": ""The"", ""act"": 0.0}, {""tk"": ""city"", ""act"": 0.0}, {""tk"": ""of"", ""act"": 0.0}, {""tk"": ""government"", ""act"": 0.0}, {""tk"": ""state"", ""act"": 0.0}, {""tk"": ""is"", ""act"": 0.0}, {""tk"": ""capital"", ""act"": 0.0}, {""tk"": ""which"", ""act"": 0.0}, {""tk"": ""located"", ""act"": 0.0}, {""tk"": ""containing"", ""act"": 0.0}]"
18_53951,18,53951,relationship: the state in which a city is located is the state containing,<bos>,0,0.0,0.0,semantic,"[{""token"": ""<bos>"", ""index"": 0, ""distance"": 0, ""direction"": ""self""}]",n/a,"Say ""X""",,1.0,False,,Say (capital),"[{""tk"": ""the"", ""act"": 30.32887840270996}, {""tk"": ""is"", ""act"": 15.273797988891602}, {""tk"": ""attribute"", ""act"": 0.0}, {""tk"": ""city"", ""act"": 0.0}, {""tk"": ""of"", ""act"": 0.0}, {""tk"": ""government"", ""act"": 0.0}, {""tk"": ""state"", ""act"": 0.0}, {""tk"": ""capital"", ""act"": 0.0}, {""tk"": ""which"", ""act"": 0.0}, {""tk"": ""located"", ""act"": 0.0}, {""tk"": ""containing"", ""act"": 0.0}]"
18_84084,18,84084,relationship: the state in which a city is located is the state containing,<bos>,0,0.0,0.0,semantic,"[{""token"": ""<bos>"", ""index"": 0, ""distance"": 0, ""direction"": ""self""}]",n/a,Relationship,,1.0,False,,(attribute) related,"[{""tk"": ""attribute"", ""act"": 0.0}, {""tk"": ""The"", ""act"": 0.0}, {""tk"": ""city"", ""act"": 0.0}, {""tk"": ""of"", ""act"": 0.0}, {""tk"": ""government"", ""act"": 0.0}, {""tk"": ""state"", ""act"": 0.0}, {""tk"": ""is"", ""act"": 0.0}, {""tk"": ""capital"", ""act"": 0.0}, {""tk"": ""which"", ""act"": 0.0}, {""tk"": ""located"", ""act"": 0.0}, {""tk"": ""containing"", ""act"": 0.0}]"
19_60499,19,60499,relationship: the state in which a city is located is the state containing,<bos>,0,19.277326583862305,0.9333333333333332,semantic,"[{""token"": ""<bos>"", ""index"": 0, ""distance"": 0, ""direction"": ""self""}]",n/a,Semantic,Concept,0.7,False,,Semantic (unknown),"[{""tk"": ""attribute"", ""act"": 0.0}, {""tk"": ""The"", ""act"": 0.0}, {""tk"": ""city"", ""act"": 0.0}, {""tk"": ""of"", ""act"": 0.0}, {""tk"": ""government"", ""act"": 0.0}, {""tk"": ""state"", ""act"": 0.0}, {""tk"": ""is"", ""act"": 0.0}, {""tk"": ""capital"", ""act"": 0.0}, {""tk"": ""which"", ""act"": 0.0}, {""tk"": ""located"", ""act"": 0.0}, {""tk"": ""containing"", ""act"": 0.0}]"
19_54790,19,54790,relationship: the state in which a city is located is the state containing,<bos>,0,0.0,0.0,semantic,"[{""token"": ""<bos>"", ""index"": 0, ""distance"": 0, ""direction"": ""self""}]",n/a,"Say ""X""",,1.0,False,,Say (capital),"[{""tk"": ""is"", ""act"": 5.88362979888916}, {""tk"": ""attribute"", ""act"": 0.0}, {""tk"": ""The"", ""act"": 0.0}, {""tk"": ""city"", ""act"": 0.0}, {""tk"": ""of"", ""act"": 0.0}, {""tk"": ""government"", ""act"": 0.0}, {""tk"": ""state"", ""act"": 0.0}, {""tk"": ""capital"", ""act"": 0.0}, {""tk"": ""which"", ""act"": 0.0}, {""tk"": ""located"", ""act"": 0.0}, {""tk"": ""containing"", ""act"": 0.0}]"
19_60247,19,60247,relationship: the state in which a city is located is the state containing,<bos>,0,0.0,0.0,semantic,"[{""token"": ""<bos>"", ""index"": 0, ""distance"": 0, ""direction"": ""self""}]",n/a,Relationship,,1.0,False,,(attribute) related,"[{""tk"": ""attribute"", ""act"": 0.0}, {""tk"": ""The"", ""act"": 0.0}, {""tk"": ""city"", ""act"": 0.0}, {""tk"": ""of"", ""act"": 0.0}, {""tk"": ""government"", ""act"": 0.0}, {""tk"": ""state"", ""act"": 0.0}, {""tk"": ""is"", ""act"": 0.0}, {""tk"": ""capital"", ""act"": 0.0}, {""tk"": ""which"", ""act"": 0.0}, {""tk"": ""located"", ""act"": 0.0}, {""tk"": ""containing"", ""act"": 0.0}]"
21_28853,21,28853,relationship: the state in which a city is located is the state containing,<bos>,0,0.0,0.0,semantic,"[{""token"": ""<bos>"", ""index"": 0, ""distance"": 0, ""direction"": ""self""}]",n/a,Relationship,,1.0,False,,(attribute) related,"[{""tk"": ""attribute"", ""act"": 0.0}, {""tk"": ""The"", ""act"": 0.0}, {""tk"": ""city"", ""act"": 0.0}, {""tk"": ""of"", ""act"": 0.0}, {""tk"": ""government"", ""act"": 0.0}, {""tk"": ""state"", ""act"": 0.0}, {""tk"": ""is"", ""act"": 0.0}, {""tk"": ""capital"", ""act"": 0.0}, {""tk"": ""which"", ""act"": 0.0}, {""tk"": ""located"", ""act"": 0.0}, {""tk"": ""containing"", ""act"": 0.0}]"
21_34492,21,34492,relationship: the state in which a city is located is the state containing,<bos>,0,0.0,0.0,semantic,"[{""token"": ""<bos>"", ""index"": 0, ""distance"": 0, ""direction"": ""self""}]",n/a,Relationship,,1.0,False,,(attribute) related,"[{""tk"": ""attribute"", ""act"": 0.0}, {""tk"": ""The"", ""act"": 0.0}, {""tk"": ""city"", ""act"": 0.0}, {""tk"": ""of"", ""act"": 0.0}, {""tk"": ""government"", ""act"": 0.0}, {""tk"": ""state"", ""act"": 0.0}, {""tk"": ""is"", ""act"": 0.0}, {""tk"": ""capital"", ""act"": 0.0}, {""tk"": ""which"", ""act"": 0.0}, {""tk"": ""located"", ""act"": 0.0}, {""tk"": ""containing"", ""act"": 0.0}]"
21_89577,21,89577,relationship: the state in which a city is located is the state containing,<bos>,0,0.0,0.0,semantic,"[{""token"": ""<bos>"", ""index"": 0, ""distance"": 0, ""direction"": ""self""}]",n/a,Relationship,,1.0,False,,(attribute) related,"[{""tk"": ""attribute"", ""act"": 0.0}, {""tk"": ""The"", ""act"": 0.0}, {""tk"": ""city"", ""act"": 0.0}, {""tk"": ""of"", ""act"": 0.0}, {""tk"": ""government"", ""act"": 0.0}, {""tk"": ""state"", ""act"": 0.0}, {""tk"": ""is"", ""act"": 0.0}, {""tk"": ""capital"", ""act"": 0.0}, {""tk"": ""which"", ""act"": 0.0}, {""tk"": ""located"", ""act"": 0.0}, {""tk"": ""containing"", ""act"": 0.0}]"
22_26884,22,26884,relationship: the state in which a city is located is the state containing,<bos>,0,0.0,0.0,semantic,"[{""token"": ""<bos>"", ""index"": 0, ""distance"": 0, ""direction"": ""self""}]",n/a,Relationship,,1.0,False,,(attribute) related,"[{""tk"": ""attribute"", ""act"": 0.0}, {""tk"": ""The"", ""act"": 0.0}, {""tk"": ""city"", ""act"": 0.0}, {""tk"": ""of"", ""act"": 0.0}, {""tk"": ""government"", ""act"": 0.0}, {""tk"": ""state"", ""act"": 0.0}, {""tk"": ""is"", ""act"": 0.0}, {""tk"": ""capital"", ""act"": 0.0}, {""tk"": ""which"", ""act"": 0.0}, {""tk"": ""located"", ""act"": 0.0}, {""tk"": ""containing"", ""act"": 0.0}]"
