feature_key,layer,feature,prompt,peak_token,peak_token_idx,activation_max,sparsity_ratio,peak_token_type,target_tokens,tokens_source,pred_label,subtype,confidence,review,why_review,supernode_name,top_activations_probe_original
0_40780,0,40780,"entity: A major city in New Mexico, USA is Albuquerque", is,11,51.05736541748047,0.6833091291517117,functional,"[{""token"": "" Albuquerque"", ""index"": 12, ""distance"": 1, ""direction"": ""forward""}]",json,Semantic,Dictionary (fallback),0.9,False,,which,"[{""tk"": ""which"", ""act"": 59.63111114501953}, {""tk"": ""the"", ""act"": 57.446224212646484}, {""tk"": ""is"", ""act"": 51.05736541748047}, {""tk"": ""in"", ""act"": 48.9953727722168}, {""tk"": ""of"", ""act"": 37.325950622558594}, {""tk"": ""city"", ""act"": 0.0}, {""tk"": ""Mexico"", ""act"": 0.0}, {""tk"": ""USA"", ""act"": 0.0}, {""tk"": ""Albuquerque"", ""act"": 0.0}, {""tk"": ""capital"", ""act"": 0.0}, {""tk"": ""state"", ""act"": 0.0}, {""tk"": ""attribute"", ""act"": 0.0}, {""tk"": ""serving"", ""act"": 0.0}, {""tk"": ""government"", ""act"": 0.0}, {""tk"": ""containing"", ""act"": 0.0}]"
0_19204,0,19204,"entity: A major city in New Mexico, USA is Albuquerque",<bos>,0,19.44998550415039,0.923076923076923,semantic,"[{""token"": ""<bos>"", ""index"": 0, ""distance"": 0, ""direction"": ""self""}]",n/a,Semantic,Dictionary (fallback),0.9,False,,Semantic (unknown),"[{""tk"": ""city"", ""act"": 0.0}, {""tk"": ""in"", ""act"": 0.0}, {""tk"": ""Mexico"", ""act"": 0.0}, {""tk"": ""USA"", ""act"": 0.0}, {""tk"": ""is"", ""act"": 0.0}, {""tk"": ""Albuquerque"", ""act"": 0.0}, {""tk"": ""The"", ""act"": 0.0}, {""tk"": ""capital"", ""act"": 0.0}, {""tk"": ""of"", ""act"": 0.0}, {""tk"": ""state"", ""act"": 0.0}, {""tk"": ""attribute"", ""act"": 0.0}, {""tk"": ""serving"", ""act"": 0.0}, {""tk"": ""government"", ""act"": 0.0}, {""tk"": ""which"", ""act"": 0.0}, {""tk"": ""containing"", ""act"": 0.0}]"
0_91570,0,91570,"entity: A major city in New Mexico, USA is Albuquerque",<bos>,0,15.283381462097168,0.8839123182194758,semantic,"[{""token"": ""<bos>"", ""index"": 0, ""distance"": 0, ""direction"": ""self""}]",n/a,Semantic,Dictionary (fallback),0.9,False,,attribute,"[{""tk"": ""attribute"", ""act"": 21.15618896484375}, {""tk"": ""city"", ""act"": 0.0}, {""tk"": ""in"", ""act"": 0.0}, {""tk"": ""Mexico"", ""act"": 0.0}, {""tk"": ""USA"", ""act"": 0.0}, {""tk"": ""is"", ""act"": 0.0}, {""tk"": ""Albuquerque"", ""act"": 0.0}, {""tk"": ""The"", ""act"": 0.0}, {""tk"": ""capital"", ""act"": 0.0}, {""tk"": ""of"", ""act"": 0.0}, {""tk"": ""state"", ""act"": 0.0}, {""tk"": ""serving"", ""act"": 0.0}, {""tk"": ""government"", ""act"": 0.0}, {""tk"": ""which"", ""act"": 0.0}, {""tk"": ""containing"", ""act"": 0.0}]"
0_37445,0,37445,"entity: A major city in New Mexico, USA is Albuquerque",<bos>,0,15.157523155212402,0.8848318137493203,semantic,"[{""token"": ""<bos>"", ""index"": 0, ""distance"": 0, ""direction"": ""self""}]",n/a,Semantic,Dictionary (fallback),0.9,False,,Semantic (unknown),"[{""tk"": ""Albuquerque"", ""act"": 7.536114692687988}, {""tk"": ""city"", ""act"": 0.0}, {""tk"": ""in"", ""act"": 0.0}, {""tk"": ""Mexico"", ""act"": 0.0}, {""tk"": ""USA"", ""act"": 0.0}, {""tk"": ""is"", ""act"": 0.0}, {""tk"": ""The"", ""act"": 0.0}, {""tk"": ""capital"", ""act"": 0.0}, {""tk"": ""of"", ""act"": 0.0}, {""tk"": ""state"", ""act"": 0.0}, {""tk"": ""attribute"", ""act"": 0.0}, {""tk"": ""serving"", ""act"": 0.0}, {""tk"": ""government"", ""act"": 0.0}, {""tk"": ""which"", ""act"": 0.0}, {""tk"": ""containing"", ""act"": 0.0}]"
0_15646,0,15646,"entity: A major city in New Mexico, USA is Albuquerque", Albuquerque,12,11.47055435180664,0.9230769230769232,semantic,"[{""token"": "" Albuquerque"", ""index"": 12, ""distance"": 0, ""direction"": ""self""}]",n/a,Semantic,Dictionary,1.0,False,,Albuquerque,"[{""tk"": ""Albuquerque"", ""act"": 11.47055435180664}, {""tk"": ""city"", ""act"": 0.0}, {""tk"": ""in"", ""act"": 0.0}, {""tk"": ""Mexico"", ""act"": 0.0}, {""tk"": ""USA"", ""act"": 0.0}, {""tk"": ""is"", ""act"": 0.0}, {""tk"": ""The"", ""act"": 0.0}, {""tk"": ""capital"", ""act"": 0.0}, {""tk"": ""of"", ""act"": 0.0}, {""tk"": ""state"", ""act"": 0.0}, {""tk"": ""attribute"", ""act"": 0.0}, {""tk"": ""serving"", ""act"": 0.0}, {""tk"": ""government"", ""act"": 0.0}, {""tk"": ""which"", ""act"": 0.0}, {""tk"": ""containing"", ""act"": 0.0}]"
0_18903,0,18903,"entity: A major city in New Mexico, USA is Albuquerque", Albuquerque,12,11.383782386779783,0.9230769230769232,semantic,"[{""token"": "" Albuquerque"", ""index"": 12, ""distance"": 0, ""direction"": ""self""}]",n/a,Semantic,Dictionary,1.0,False,,Albuquerque,"[{""tk"": ""Albuquerque"", ""act"": 11.383782386779785}, {""tk"": ""city"", ""act"": 0.0}, {""tk"": ""in"", ""act"": 0.0}, {""tk"": ""Mexico"", ""act"": 0.0}, {""tk"": ""USA"", ""act"": 0.0}, {""tk"": ""is"", ""act"": 0.0}, {""tk"": ""The"", ""act"": 0.0}, {""tk"": ""capital"", ""act"": 0.0}, {""tk"": ""of"", ""act"": 0.0}, {""tk"": ""state"", ""act"": 0.0}, {""tk"": ""attribute"", ""act"": 0.0}, {""tk"": ""serving"", ""act"": 0.0}, {""tk"": ""government"", ""act"": 0.0}, {""tk"": ""which"", ""act"": 0.0}, {""tk"": ""containing"", ""act"": 0.0}]"
0_81697,0,81697,"entity: A major city in New Mexico, USA is Albuquerque", Albuquerque,12,10.892292976379396,0.9230769230769232,semantic,"[{""token"": "" Albuquerque"", ""index"": 12, ""distance"": 0, ""direction"": ""self""}]",n/a,Semantic,Dictionary,1.0,False,,Albuquerque,"[{""tk"": ""Albuquerque"", ""act"": 10.892292976379395}, {""tk"": ""city"", ""act"": 0.0}, {""tk"": ""in"", ""act"": 0.0}, {""tk"": ""Mexico"", ""act"": 0.0}, {""tk"": ""USA"", ""act"": 0.0}, {""tk"": ""is"", ""act"": 0.0}, {""tk"": ""The"", ""act"": 0.0}, {""tk"": ""capital"", ""act"": 0.0}, {""tk"": ""of"", ""act"": 0.0}, {""tk"": ""state"", ""act"": 0.0}, {""tk"": ""attribute"", ""act"": 0.0}, {""tk"": ""serving"", ""act"": 0.0}, {""tk"": ""government"", ""act"": 0.0}, {""tk"": ""which"", ""act"": 0.0}, {""tk"": ""containing"", ""act"": 0.0}]"
0_32732,0,32732,"entity: A major city in New Mexico, USA is Albuquerque", major,4,10.784852027893066,0.9230769230769232,semantic,"[{""token"": "" major"", ""index"": 4, ""distance"": 0, ""direction"": ""self""}]",n/a,Semantic,Dictionary (fallback),0.9,False,,serving,"[{""tk"": ""which"", ""act"": 19.800851821899414}, {""tk"": ""serving"", ""act"": 19.05910873413086}, {""tk"": ""state"", ""act"": 8.639383316040039}, {""tk"": ""containing"", ""act"": 5.966921806335449}, {""tk"": ""is"", ""act"": 5.837582588195801}, {""tk"": ""city"", ""act"": 0.0}, {""tk"": ""in"", ""act"": 0.0}, {""tk"": ""Mexico"", ""act"": 0.0}, {""tk"": ""USA"", ""act"": 0.0}, {""tk"": ""Albuquerque"", ""act"": 0.0}, {""tk"": ""The"", ""act"": 0.0}, {""tk"": ""capital"", ""act"": 0.0}, {""tk"": ""of"", ""act"": 0.0}, {""tk"": ""attribute"", ""act"": 0.0}, {""tk"": ""government"", ""act"": 0.0}]"
0_71156,0,71156,"entity: A major city in New Mexico, USA is Albuquerque", Albuquerque,12,10.317928314208984,0.8604240368607416,semantic,"[{""token"": "" Albuquerque"", ""index"": 12, ""distance"": 0, ""direction"": ""self""}]",n/a,Semantic,Dictionary,1.0,False,,Albuquerque,"[{""tk"": ""Albuquerque"", ""act"": 10.317928314208984}, {""tk"": ""city"", ""act"": 0.0}, {""tk"": ""in"", ""act"": 0.0}, {""tk"": ""Mexico"", ""act"": 0.0}, {""tk"": ""USA"", ""act"": 0.0}, {""tk"": ""is"", ""act"": 0.0}, {""tk"": ""The"", ""act"": 0.0}, {""tk"": ""capital"", ""act"": 0.0}, {""tk"": ""of"", ""act"": 0.0}, {""tk"": ""state"", ""act"": 0.0}, {""tk"": ""attribute"", ""act"": 0.0}, {""tk"": ""serving"", ""act"": 0.0}, {""tk"": ""government"", ""act"": 0.0}, {""tk"": ""which"", ""act"": 0.0}, {""tk"": ""containing"", ""act"": 0.0}]"
0_21657,0,21657,"entity: A major city in New Mexico, USA is Albuquerque", Albuquerque,12,9.998356819152832,0.9230769230769232,semantic,"[{""token"": "" Albuquerque"", ""index"": 12, ""distance"": 0, ""direction"": ""self""}]",n/a,Semantic,Dictionary,1.0,False,,Albuquerque,"[{""tk"": ""Albuquerque"", ""act"": 9.998356819152832}, {""tk"": ""city"", ""act"": 0.0}, {""tk"": ""in"", ""act"": 0.0}, {""tk"": ""Mexico"", ""act"": 0.0}, {""tk"": ""USA"", ""act"": 0.0}, {""tk"": ""is"", ""act"": 0.0}, {""tk"": ""The"", ""act"": 0.0}, {""tk"": ""capital"", ""act"": 0.0}, {""tk"": ""of"", ""act"": 0.0}, {""tk"": ""state"", ""act"": 0.0}, {""tk"": ""attribute"", ""act"": 0.0}, {""tk"": ""serving"", ""act"": 0.0}, {""tk"": ""government"", ""act"": 0.0}, {""tk"": ""which"", ""act"": 0.0}, {""tk"": ""containing"", ""act"": 0.0}]"
0_92029,0,92029,"entity: A major city in New Mexico, USA is Albuquerque",<bos>,0,9.591381072998049,0.9230769230769232,semantic,"[{""token"": ""<bos>"", ""index"": 0, ""distance"": 0, ""direction"": ""self""}]",n/a,Semantic,Dictionary (fallback),0.9,False,,Semantic (unknown),"[{""tk"": ""the"", ""act"": 28.859010696411133}, {""tk"": ""city"", ""act"": 0.0}, {""tk"": ""in"", ""act"": 0.0}, {""tk"": ""Mexico"", ""act"": 0.0}, {""tk"": ""USA"", ""act"": 0.0}, {""tk"": ""is"", ""act"": 0.0}, {""tk"": ""Albuquerque"", ""act"": 0.0}, {""tk"": ""capital"", ""act"": 0.0}, {""tk"": ""of"", ""act"": 0.0}, {""tk"": ""state"", ""act"": 0.0}, {""tk"": ""attribute"", ""act"": 0.0}, {""tk"": ""serving"", ""act"": 0.0}, {""tk"": ""government"", ""act"": 0.0}, {""tk"": ""which"", ""act"": 0.0}, {""tk"": ""containing"", ""act"": 0.0}]"
0_5034,0,5034,"entity: A major city in New Mexico, USA is Albuquerque", Albuquerque,12,9.187335014343262,0.923076923076923,semantic,"[{""token"": "" Albuquerque"", ""index"": 12, ""distance"": 0, ""direction"": ""self""}]",n/a,Semantic,Dictionary,1.0,False,,Albuquerque,"[{""tk"": ""Albuquerque"", ""act"": 9.187335014343262}, {""tk"": ""city"", ""act"": 0.0}, {""tk"": ""in"", ""act"": 0.0}, {""tk"": ""Mexico"", ""act"": 0.0}, {""tk"": ""USA"", ""act"": 0.0}, {""tk"": ""is"", ""act"": 0.0}, {""tk"": ""The"", ""act"": 0.0}, {""tk"": ""capital"", ""act"": 0.0}, {""tk"": ""of"", ""act"": 0.0}, {""tk"": ""state"", ""act"": 0.0}, {""tk"": ""attribute"", ""act"": 0.0}, {""tk"": ""serving"", ""act"": 0.0}, {""tk"": ""government"", ""act"": 0.0}, {""tk"": ""which"", ""act"": 0.0}, {""tk"": ""containing"", ""act"": 0.0}]"
0_60256,0,60256,"entity: A major city in New Mexico, USA is Albuquerque",<bos>,0,8.257609367370605,0.923076923076923,semantic,"[{""token"": ""<bos>"", ""index"": 0, ""distance"": 0, ""direction"": ""self""}]",n/a,Semantic,Dictionary,1.0,False,,containing,"[{""tk"": ""containing"", ""act"": 8.764032363891602}, {""tk"": ""city"", ""act"": 0.0}, {""tk"": ""in"", ""act"": 0.0}, {""tk"": ""Mexico"", ""act"": 0.0}, {""tk"": ""USA"", ""act"": 0.0}, {""tk"": ""is"", ""act"": 0.0}, {""tk"": ""Albuquerque"", ""act"": 0.0}, {""tk"": ""The"", ""act"": 0.0}, {""tk"": ""capital"", ""act"": 0.0}, {""tk"": ""of"", ""act"": 0.0}, {""tk"": ""state"", ""act"": 0.0}, {""tk"": ""attribute"", ""act"": 0.0}, {""tk"": ""serving"", ""act"": 0.0}, {""tk"": ""government"", ""act"": 0.0}, {""tk"": ""which"", ""act"": 0.0}]"
0_87610,0,87610,"entity: A major city in New Mexico, USA is Albuquerque", Albuquerque,12,6.979316234588623,0.9230769230769232,semantic,"[{""token"": "" Albuquerque"", ""index"": 12, ""distance"": 0, ""direction"": ""self""}]",n/a,Semantic,Dictionary,1.0,False,,Albuquerque,"[{""tk"": ""Albuquerque"", ""act"": 6.979316234588623}, {""tk"": ""city"", ""act"": 0.0}, {""tk"": ""in"", ""act"": 0.0}, {""tk"": ""Mexico"", ""act"": 0.0}, {""tk"": ""USA"", ""act"": 0.0}, {""tk"": ""is"", ""act"": 0.0}, {""tk"": ""The"", ""act"": 0.0}, {""tk"": ""capital"", ""act"": 0.0}, {""tk"": ""of"", ""act"": 0.0}, {""tk"": ""state"", ""act"": 0.0}, {""tk"": ""attribute"", ""act"": 0.0}, {""tk"": ""serving"", ""act"": 0.0}, {""tk"": ""government"", ""act"": 0.0}, {""tk"": ""which"", ""act"": 0.0}, {""tk"": ""containing"", ""act"": 0.0}]"
0_51418,0,51418,"entity: A major city in New Mexico, USA is Albuquerque", Albuquerque,12,5.9497809410095215,0.9230769230769232,semantic,"[{""token"": "" Albuquerque"", ""index"": 12, ""distance"": 0, ""direction"": ""self""}]",n/a,Semantic,Dictionary,1.0,False,,Albuquerque,"[{""tk"": ""Albuquerque"", ""act"": 5.9497809410095215}, {""tk"": ""city"", ""act"": 0.0}, {""tk"": ""in"", ""act"": 0.0}, {""tk"": ""Mexico"", ""act"": 0.0}, {""tk"": ""USA"", ""act"": 0.0}, {""tk"": ""is"", ""act"": 0.0}, {""tk"": ""The"", ""act"": 0.0}, {""tk"": ""capital"", ""act"": 0.0}, {""tk"": ""of"", ""act"": 0.0}, {""tk"": ""state"", ""act"": 0.0}, {""tk"": ""attribute"", ""act"": 0.0}, {""tk"": ""serving"", ""act"": 0.0}, {""tk"": ""government"", ""act"": 0.0}, {""tk"": ""which"", ""act"": 0.0}, {""tk"": ""containing"", ""act"": 0.0}]"
0_12284,0,12284,"entity: A major city in New Mexico, USA is Albuquerque",<bos>,0,4.237040519714356,0.9230769230769232,semantic,"[{""token"": ""<bos>"", ""index"": 0, ""distance"": 0, ""direction"": ""self""}]",n/a,Semantic,Dictionary (fallback),0.9,False,,Semantic (unknown),"[{""tk"": ""city"", ""act"": 0.0}, {""tk"": ""in"", ""act"": 0.0}, {""tk"": ""Mexico"", ""act"": 0.0}, {""tk"": ""USA"", ""act"": 0.0}, {""tk"": ""is"", ""act"": 0.0}, {""tk"": ""Albuquerque"", ""act"": 0.0}, {""tk"": ""The"", ""act"": 0.0}, {""tk"": ""capital"", ""act"": 0.0}, {""tk"": ""of"", ""act"": 0.0}, {""tk"": ""state"", ""act"": 0.0}, {""tk"": ""attribute"", ""act"": 0.0}, {""tk"": ""serving"", ""act"": 0.0}, {""tk"": ""government"", ""act"": 0.0}, {""tk"": ""which"", ""act"": 0.0}, {""tk"": ""containing"", ""act"": 0.0}]"
0_47638,0,47638,"entity: A major city in New Mexico, USA is Albuquerque",<bos>,0,3.63841724395752,0.923076923076923,semantic,"[{""token"": ""<bos>"", ""index"": 0, ""distance"": 0, ""direction"": ""self""}]",n/a,Semantic,Dictionary,1.0,False,,containing,"[{""tk"": ""containing"", ""act"": 11.569823265075684}, {""tk"": ""city"", ""act"": 0.0}, {""tk"": ""in"", ""act"": 0.0}, {""tk"": ""Mexico"", ""act"": 0.0}, {""tk"": ""USA"", ""act"": 0.0}, {""tk"": ""is"", ""act"": 0.0}, {""tk"": ""Albuquerque"", ""act"": 0.0}, {""tk"": ""The"", ""act"": 0.0}, {""tk"": ""capital"", ""act"": 0.0}, {""tk"": ""of"", ""act"": 0.0}, {""tk"": ""state"", ""act"": 0.0}, {""tk"": ""attribute"", ""act"": 0.0}, {""tk"": ""serving"", ""act"": 0.0}, {""tk"": ""government"", ""act"": 0.0}, {""tk"": ""which"", ""act"": 0.0}]"
0_91553,0,91553,"entity: A major city in New Mexico, USA is Albuquerque",<bos>,0,0.9048857688903807,0.923076923076923,semantic,"[{""token"": ""<bos>"", ""index"": 0, ""distance"": 0, ""direction"": ""self""}]",n/a,Semantic,Dictionary (fallback),0.9,False,,Semantic (unknown),"[{""tk"": ""city"", ""act"": 0.0}, {""tk"": ""in"", ""act"": 0.0}, {""tk"": ""Mexico"", ""act"": 0.0}, {""tk"": ""USA"", ""act"": 0.0}, {""tk"": ""is"", ""act"": 0.0}, {""tk"": ""Albuquerque"", ""act"": 0.0}, {""tk"": ""The"", ""act"": 0.0}, {""tk"": ""capital"", ""act"": 0.0}, {""tk"": ""of"", ""act"": 0.0}, {""tk"": ""state"", ""act"": 0.0}, {""tk"": ""attribute"", ""act"": 0.0}, {""tk"": ""serving"", ""act"": 0.0}, {""tk"": ""government"", ""act"": 0.0}, {""tk"": ""which"", ""act"": 0.0}, {""tk"": ""containing"", ""act"": 0.0}]"
0_5916,0,5916,"entity: A major city in New Mexico, USA is Albuquerque",<bos>,0,0.0,0.0,semantic,"[{""token"": ""<bos>"", ""index"": 0, ""distance"": 0, ""direction"": ""self""}]",n/a,Semantic,Dictionary (fallback),0.9,False,,capital,"[{""tk"": ""capital"", ""act"": 18.749942779541016}, {""tk"": ""city"", ""act"": 0.0}, {""tk"": ""in"", ""act"": 0.0}, {""tk"": ""Mexico"", ""act"": 0.0}, {""tk"": ""USA"", ""act"": 0.0}, {""tk"": ""is"", ""act"": 0.0}, {""tk"": ""Albuquerque"", ""act"": 0.0}, {""tk"": ""The"", ""act"": 0.0}, {""tk"": ""of"", ""act"": 0.0}, {""tk"": ""state"", ""act"": 0.0}, {""tk"": ""attribute"", ""act"": 0.0}, {""tk"": ""serving"", ""act"": 0.0}, {""tk"": ""government"", ""act"": 0.0}, {""tk"": ""which"", ""act"": 0.0}, {""tk"": ""containing"", ""act"": 0.0}]"
0_14810,0,14810,"entity: A major city in New Mexico, USA is Albuquerque",<bos>,0,0.0,0.0,semantic,"[{""token"": ""<bos>"", ""index"": 0, ""distance"": 0, ""direction"": ""self""}]",n/a,Semantic,Dictionary,1.0,False,,of,"[{""tk"": ""of"", ""act"": 17.059555053710938}, {""tk"": ""city"", ""act"": 0.0}, {""tk"": ""in"", ""act"": 0.0}, {""tk"": ""Mexico"", ""act"": 0.0}, {""tk"": ""USA"", ""act"": 0.0}, {""tk"": ""is"", ""act"": 0.0}, {""tk"": ""Albuquerque"", ""act"": 0.0}, {""tk"": ""The"", ""act"": 0.0}, {""tk"": ""capital"", ""act"": 0.0}, {""tk"": ""state"", ""act"": 0.0}, {""tk"": ""attribute"", ""act"": 0.0}, {""tk"": ""serving"", ""act"": 0.0}, {""tk"": ""government"", ""act"": 0.0}, {""tk"": ""which"", ""act"": 0.0}, {""tk"": ""containing"", ""act"": 0.0}]"
0_15430,0,15430,"entity: A major city in New Mexico, USA is Albuquerque",<bos>,0,0.0,0.0,semantic,"[{""token"": ""<bos>"", ""index"": 0, ""distance"": 0, ""direction"": ""self""}]",n/a,Semantic,Dictionary,1.0,False,,capital,"[{""tk"": ""capital"", ""act"": 8.16793155670166}, {""tk"": ""city"", ""act"": 0.0}, {""tk"": ""in"", ""act"": 0.0}, {""tk"": ""Mexico"", ""act"": 0.0}, {""tk"": ""USA"", ""act"": 0.0}, {""tk"": ""is"", ""act"": 0.0}, {""tk"": ""Albuquerque"", ""act"": 0.0}, {""tk"": ""The"", ""act"": 0.0}, {""tk"": ""of"", ""act"": 0.0}, {""tk"": ""state"", ""act"": 0.0}, {""tk"": ""attribute"", ""act"": 0.0}, {""tk"": ""serving"", ""act"": 0.0}, {""tk"": ""government"", ""act"": 0.0}, {""tk"": ""which"", ""act"": 0.0}, {""tk"": ""containing"", ""act"": 0.0}]"
0_23293,0,23293,"entity: A major city in New Mexico, USA is Albuquerque",<bos>,0,0.0,0.0,semantic,"[{""token"": ""<bos>"", ""index"": 0, ""distance"": 0, ""direction"": ""self""}]",n/a,Semantic,Dictionary,1.0,False,,capital,"[{""tk"": ""capital"", ""act"": 12.355522155761719}, {""tk"": ""city"", ""act"": 0.0}, {""tk"": ""in"", ""act"": 0.0}, {""tk"": ""Mexico"", ""act"": 0.0}, {""tk"": ""USA"", ""act"": 0.0}, {""tk"": ""is"", ""act"": 0.0}, {""tk"": ""Albuquerque"", ""act"": 0.0}, {""tk"": ""The"", ""act"": 0.0}, {""tk"": ""of"", ""act"": 0.0}, {""tk"": ""state"", ""act"": 0.0}, {""tk"": ""attribute"", ""act"": 0.0}, {""tk"": ""serving"", ""act"": 0.0}, {""tk"": ""government"", ""act"": 0.0}, {""tk"": ""which"", ""act"": 0.0}, {""tk"": ""containing"", ""act"": 0.0}]"
0_23477,0,23477,"entity: A major city in New Mexico, USA is Albuquerque",<bos>,0,0.0,0.0,semantic,"[{""token"": ""<bos>"", ""index"": 0, ""distance"": 0, ""direction"": ""self""}]",n/a,Relationship,,1.0,False,,(city) related,"[{""tk"": ""city"", ""act"": 0.0}, {""tk"": ""in"", ""act"": 0.0}, {""tk"": ""Mexico"", ""act"": 0.0}, {""tk"": ""USA"", ""act"": 0.0}, {""tk"": ""is"", ""act"": 0.0}, {""tk"": ""Albuquerque"", ""act"": 0.0}, {""tk"": ""The"", ""act"": 0.0}, {""tk"": ""capital"", ""act"": 0.0}, {""tk"": ""of"", ""act"": 0.0}, {""tk"": ""state"", ""act"": 0.0}, {""tk"": ""attribute"", ""act"": 0.0}, {""tk"": ""serving"", ""act"": 0.0}, {""tk"": ""government"", ""act"": 0.0}, {""tk"": ""which"", ""act"": 0.0}, {""tk"": ""containing"", ""act"": 0.0}]"
0_23888,0,23888,"entity: A major city in New Mexico, USA is Albuquerque",<bos>,0,0.0,0.0,semantic,"[{""token"": ""<bos>"", ""index"": 0, ""distance"": 0, ""direction"": ""self""}]",n/a,Semantic,Dictionary,1.0,False,,containing,"[{""tk"": ""containing"", ""act"": 6.754897594451904}, {""tk"": ""city"", ""act"": 0.0}, {""tk"": ""in"", ""act"": 0.0}, {""tk"": ""Mexico"", ""act"": 0.0}, {""tk"": ""USA"", ""act"": 0.0}, {""tk"": ""is"", ""act"": 0.0}, {""tk"": ""Albuquerque"", ""act"": 0.0}, {""tk"": ""The"", ""act"": 0.0}, {""tk"": ""capital"", ""act"": 0.0}, {""tk"": ""of"", ""act"": 0.0}, {""tk"": ""state"", ""act"": 0.0}, {""tk"": ""attribute"", ""act"": 0.0}, {""tk"": ""serving"", ""act"": 0.0}, {""tk"": ""government"", ""act"": 0.0}, {""tk"": ""which"", ""act"": 0.0}]"
0_24438,0,24438,"entity: A major city in New Mexico, USA is Albuquerque",<bos>,0,0.0,0.0,semantic,"[{""token"": ""<bos>"", ""index"": 0, ""distance"": 0, ""direction"": ""self""}]",n/a,Relationship,,1.0,False,,(city) related,"[{""tk"": ""city"", ""act"": 0.0}, {""tk"": ""in"", ""act"": 0.0}, {""tk"": ""Mexico"", ""act"": 0.0}, {""tk"": ""USA"", ""act"": 0.0}, {""tk"": ""is"", ""act"": 0.0}, {""tk"": ""Albuquerque"", ""act"": 0.0}, {""tk"": ""The"", ""act"": 0.0}, {""tk"": ""capital"", ""act"": 0.0}, {""tk"": ""of"", ""act"": 0.0}, {""tk"": ""state"", ""act"": 0.0}, {""tk"": ""attribute"", ""act"": 0.0}, {""tk"": ""serving"", ""act"": 0.0}, {""tk"": ""government"", ""act"": 0.0}, {""tk"": ""which"", ""act"": 0.0}, {""tk"": ""containing"", ""act"": 0.0}]"
0_31953,0,31953,"entity: A major city in New Mexico, USA is Albuquerque",<bos>,0,0.0,0.0,semantic,"[{""token"": ""<bos>"", ""index"": 0, ""distance"": 0, ""direction"": ""self""}]",n/a,Semantic,Dictionary,1.0,False,,capital,"[{""tk"": ""capital"", ""act"": 5.960221767425537}, {""tk"": ""city"", ""act"": 0.0}, {""tk"": ""in"", ""act"": 0.0}, {""tk"": ""Mexico"", ""act"": 0.0}, {""tk"": ""USA"", ""act"": 0.0}, {""tk"": ""is"", ""act"": 0.0}, {""tk"": ""Albuquerque"", ""act"": 0.0}, {""tk"": ""The"", ""act"": 0.0}, {""tk"": ""of"", ""act"": 0.0}, {""tk"": ""state"", ""act"": 0.0}, {""tk"": ""attribute"", ""act"": 0.0}, {""tk"": ""serving"", ""act"": 0.0}, {""tk"": ""government"", ""act"": 0.0}, {""tk"": ""which"", ""act"": 0.0}, {""tk"": ""containing"", ""act"": 0.0}]"
0_33316,0,33316,"entity: A major city in New Mexico, USA is Albuquerque",<bos>,0,0.0,0.0,semantic,"[{""token"": ""<bos>"", ""index"": 0, ""distance"": 0, ""direction"": ""self""}]",n/a,Semantic,Dictionary (fallback),0.9,False,,is,"[{""tk"": ""is"", ""act"": 1.3535914421081543}, {""tk"": ""city"", ""act"": 0.0}, {""tk"": ""in"", ""act"": 0.0}, {""tk"": ""Mexico"", ""act"": 0.0}, {""tk"": ""USA"", ""act"": 0.0}, {""tk"": ""Albuquerque"", ""act"": 0.0}, {""tk"": ""The"", ""act"": 0.0}, {""tk"": ""capital"", ""act"": 0.0}, {""tk"": ""of"", ""act"": 0.0}, {""tk"": ""state"", ""act"": 0.0}, {""tk"": ""attribute"", ""act"": 0.0}, {""tk"": ""serving"", ""act"": 0.0}, {""tk"": ""government"", ""act"": 0.0}, {""tk"": ""which"", ""act"": 0.0}, {""tk"": ""containing"", ""act"": 0.0}]"
0_37416,0,37416,"entity: A major city in New Mexico, USA is Albuquerque",<bos>,0,0.0,0.0,semantic,"[{""token"": ""<bos>"", ""index"": 0, ""distance"": 0, ""direction"": ""self""}]",n/a,Semantic,Dictionary,1.0,False,,capital,"[{""tk"": ""capital"", ""act"": 12.284197807312012}, {""tk"": ""city"", ""act"": 0.0}, {""tk"": ""in"", ""act"": 0.0}, {""tk"": ""Mexico"", ""act"": 0.0}, {""tk"": ""USA"", ""act"": 0.0}, {""tk"": ""is"", ""act"": 0.0}, {""tk"": ""Albuquerque"", ""act"": 0.0}, {""tk"": ""The"", ""act"": 0.0}, {""tk"": ""of"", ""act"": 0.0}, {""tk"": ""state"", ""act"": 0.0}, {""tk"": ""attribute"", ""act"": 0.0}, {""tk"": ""serving"", ""act"": 0.0}, {""tk"": ""government"", ""act"": 0.0}, {""tk"": ""which"", ""act"": 0.0}, {""tk"": ""containing"", ""act"": 0.0}]"
0_41589,0,41589,"entity: A major city in New Mexico, USA is Albuquerque",<bos>,0,0.0,0.0,semantic,"[{""token"": ""<bos>"", ""index"": 0, ""distance"": 0, ""direction"": ""self""}]",n/a,Semantic,Dictionary,1.0,False,,capital,"[{""tk"": ""capital"", ""act"": 7.369453430175781}, {""tk"": ""city"", ""act"": 0.0}, {""tk"": ""in"", ""act"": 0.0}, {""tk"": ""Mexico"", ""act"": 0.0}, {""tk"": ""USA"", ""act"": 0.0}, {""tk"": ""is"", ""act"": 0.0}, {""tk"": ""Albuquerque"", ""act"": 0.0}, {""tk"": ""The"", ""act"": 0.0}, {""tk"": ""of"", ""act"": 0.0}, {""tk"": ""state"", ""act"": 0.0}, {""tk"": ""attribute"", ""act"": 0.0}, {""tk"": ""serving"", ""act"": 0.0}, {""tk"": ""government"", ""act"": 0.0}, {""tk"": ""which"", ""act"": 0.0}, {""tk"": ""containing"", ""act"": 0.0}]"
0_44709,0,44709,"entity: A major city in New Mexico, USA is Albuquerque",<bos>,0,0.0,0.0,semantic,"[{""token"": ""<bos>"", ""index"": 0, ""distance"": 0, ""direction"": ""self""}]",n/a,Semantic,Dictionary,1.0,False,,containing,"[{""tk"": ""containing"", ""act"": 6.07918643951416}, {""tk"": ""city"", ""act"": 0.0}, {""tk"": ""in"", ""act"": 0.0}, {""tk"": ""Mexico"", ""act"": 0.0}, {""tk"": ""USA"", ""act"": 0.0}, {""tk"": ""is"", ""act"": 0.0}, {""tk"": ""Albuquerque"", ""act"": 0.0}, {""tk"": ""The"", ""act"": 0.0}, {""tk"": ""capital"", ""act"": 0.0}, {""tk"": ""of"", ""act"": 0.0}, {""tk"": ""state"", ""act"": 0.0}, {""tk"": ""attribute"", ""act"": 0.0}, {""tk"": ""serving"", ""act"": 0.0}, {""tk"": ""government"", ""act"": 0.0}, {""tk"": ""which"", ""act"": 0.0}]"
0_52009,0,52009,"entity: A major city in New Mexico, USA is Albuquerque",<bos>,0,0.0,0.0,semantic,"[{""token"": ""<bos>"", ""index"": 0, ""distance"": 0, ""direction"": ""self""}]",n/a,Semantic,Dictionary,1.0,False,,containing,"[{""tk"": ""containing"", ""act"": 7.867442607879639}, {""tk"": ""city"", ""act"": 0.0}, {""tk"": ""in"", ""act"": 0.0}, {""tk"": ""Mexico"", ""act"": 0.0}, {""tk"": ""USA"", ""act"": 0.0}, {""tk"": ""is"", ""act"": 0.0}, {""tk"": ""Albuquerque"", ""act"": 0.0}, {""tk"": ""The"", ""act"": 0.0}, {""tk"": ""capital"", ""act"": 0.0}, {""tk"": ""of"", ""act"": 0.0}, {""tk"": ""state"", ""act"": 0.0}, {""tk"": ""attribute"", ""act"": 0.0}, {""tk"": ""serving"", ""act"": 0.0}, {""tk"": ""government"", ""act"": 0.0}, {""tk"": ""which"", ""act"": 0.0}]"
0_52264,0,52264,"entity: A major city in New Mexico, USA is Albuquerque",<bos>,0,0.0,0.0,semantic,"[{""token"": ""<bos>"", ""index"": 0, ""distance"": 0, ""direction"": ""self""}]",n/a,Semantic,Dictionary,1.0,False,,containing,"[{""tk"": ""containing"", ""act"": 9.985231399536133}, {""tk"": ""city"", ""act"": 0.0}, {""tk"": ""in"", ""act"": 0.0}, {""tk"": ""Mexico"", ""act"": 0.0}, {""tk"": ""USA"", ""act"": 0.0}, {""tk"": ""is"", ""act"": 0.0}, {""tk"": ""Albuquerque"", ""act"": 0.0}, {""tk"": ""The"", ""act"": 0.0}, {""tk"": ""capital"", ""act"": 0.0}, {""tk"": ""of"", ""act"": 0.0}, {""tk"": ""state"", ""act"": 0.0}, {""tk"": ""attribute"", ""act"": 0.0}, {""tk"": ""serving"", ""act"": 0.0}, {""tk"": ""government"", ""act"": 0.0}, {""tk"": ""which"", ""act"": 0.0}]"
0_53491,0,53491,"entity: A major city in New Mexico, USA is Albuquerque",<bos>,0,0.0,0.0,semantic,"[{""token"": ""<bos>"", ""index"": 0, ""distance"": 0, ""direction"": ""self""}]",n/a,Semantic,Dictionary,1.0,False,,capital,"[{""tk"": ""capital"", ""act"": 16.344919204711914}, {""tk"": ""city"", ""act"": 0.0}, {""tk"": ""in"", ""act"": 0.0}, {""tk"": ""Mexico"", ""act"": 0.0}, {""tk"": ""USA"", ""act"": 0.0}, {""tk"": ""is"", ""act"": 0.0}, {""tk"": ""Albuquerque"", ""act"": 0.0}, {""tk"": ""The"", ""act"": 0.0}, {""tk"": ""of"", ""act"": 0.0}, {""tk"": ""state"", ""act"": 0.0}, {""tk"": ""attribute"", ""act"": 0.0}, {""tk"": ""serving"", ""act"": 0.0}, {""tk"": ""government"", ""act"": 0.0}, {""tk"": ""which"", ""act"": 0.0}, {""tk"": ""containing"", ""act"": 0.0}]"
0_53531,0,53531,"entity: A major city in New Mexico, USA is Albuquerque",<bos>,0,0.0,0.0,semantic,"[{""token"": ""<bos>"", ""index"": 0, ""distance"": 0, ""direction"": ""self""}]",n/a,Semantic,Dictionary,1.0,False,,capital,"[{""tk"": ""capital"", ""act"": 8.328258514404297}, {""tk"": ""city"", ""act"": 0.0}, {""tk"": ""in"", ""act"": 0.0}, {""tk"": ""Mexico"", ""act"": 0.0}, {""tk"": ""USA"", ""act"": 0.0}, {""tk"": ""is"", ""act"": 0.0}, {""tk"": ""Albuquerque"", ""act"": 0.0}, {""tk"": ""The"", ""act"": 0.0}, {""tk"": ""of"", ""act"": 0.0}, {""tk"": ""state"", ""act"": 0.0}, {""tk"": ""attribute"", ""act"": 0.0}, {""tk"": ""serving"", ""act"": 0.0}, {""tk"": ""government"", ""act"": 0.0}, {""tk"": ""which"", ""act"": 0.0}, {""tk"": ""containing"", ""act"": 0.0}]"
0_54197,0,54197,"entity: A major city in New Mexico, USA is Albuquerque",<bos>,0,0.0,0.0,semantic,"[{""token"": ""<bos>"", ""index"": 0, ""distance"": 0, ""direction"": ""self""}]",n/a,Semantic,Dictionary,1.0,False,,containing,"[{""tk"": ""containing"", ""act"": 11.77919864654541}, {""tk"": ""city"", ""act"": 0.0}, {""tk"": ""in"", ""act"": 0.0}, {""tk"": ""Mexico"", ""act"": 0.0}, {""tk"": ""USA"", ""act"": 0.0}, {""tk"": ""is"", ""act"": 0.0}, {""tk"": ""Albuquerque"", ""act"": 0.0}, {""tk"": ""The"", ""act"": 0.0}, {""tk"": ""capital"", ""act"": 0.0}, {""tk"": ""of"", ""act"": 0.0}, {""tk"": ""state"", ""act"": 0.0}, {""tk"": ""attribute"", ""act"": 0.0}, {""tk"": ""serving"", ""act"": 0.0}, {""tk"": ""government"", ""act"": 0.0}, {""tk"": ""which"", ""act"": 0.0}]"
0_54572,0,54572,"entity: A major city in New Mexico, USA is Albuquerque",<bos>,0,0.0,0.0,semantic,"[{""token"": ""<bos>"", ""index"": 0, ""distance"": 0, ""direction"": ""self""}]",n/a,Semantic,Dictionary (fallback),0.9,False,,The,"[{""tk"": ""The"", ""act"": 30.514068603515625}, {""tk"": ""city"", ""act"": 0.0}, {""tk"": ""in"", ""act"": 0.0}, {""tk"": ""Mexico"", ""act"": 0.0}, {""tk"": ""USA"", ""act"": 0.0}, {""tk"": ""is"", ""act"": 0.0}, {""tk"": ""Albuquerque"", ""act"": 0.0}, {""tk"": ""capital"", ""act"": 0.0}, {""tk"": ""of"", ""act"": 0.0}, {""tk"": ""state"", ""act"": 0.0}, {""tk"": ""attribute"", ""act"": 0.0}, {""tk"": ""serving"", ""act"": 0.0}, {""tk"": ""government"", ""act"": 0.0}, {""tk"": ""which"", ""act"": 0.0}, {""tk"": ""containing"", ""act"": 0.0}]"
0_56748,0,56748,"entity: A major city in New Mexico, USA is Albuquerque",<bos>,0,0.0,0.0,semantic,"[{""token"": ""<bos>"", ""index"": 0, ""distance"": 0, ""direction"": ""self""}]",n/a,Semantic,Dictionary (fallback),0.9,False,,state,"[{""tk"": ""state"", ""act"": 13.299398422241211}, {""tk"": ""city"", ""act"": 0.0}, {""tk"": ""in"", ""act"": 0.0}, {""tk"": ""Mexico"", ""act"": 0.0}, {""tk"": ""USA"", ""act"": 0.0}, {""tk"": ""is"", ""act"": 0.0}, {""tk"": ""Albuquerque"", ""act"": 0.0}, {""tk"": ""The"", ""act"": 0.0}, {""tk"": ""capital"", ""act"": 0.0}, {""tk"": ""of"", ""act"": 0.0}, {""tk"": ""attribute"", ""act"": 0.0}, {""tk"": ""serving"", ""act"": 0.0}, {""tk"": ""government"", ""act"": 0.0}, {""tk"": ""which"", ""act"": 0.0}, {""tk"": ""containing"", ""act"": 0.0}]"
0_61257,0,61257,"entity: A major city in New Mexico, USA is Albuquerque",<bos>,0,0.0,0.0,semantic,"[{""token"": ""<bos>"", ""index"": 0, ""distance"": 0, ""direction"": ""self""}]",n/a,Semantic,Dictionary (fallback),0.9,False,,state,"[{""tk"": ""state"", ""act"": 15.710807800292969}, {""tk"": ""city"", ""act"": 0.0}, {""tk"": ""in"", ""act"": 0.0}, {""tk"": ""Mexico"", ""act"": 0.0}, {""tk"": ""USA"", ""act"": 0.0}, {""tk"": ""is"", ""act"": 0.0}, {""tk"": ""Albuquerque"", ""act"": 0.0}, {""tk"": ""The"", ""act"": 0.0}, {""tk"": ""capital"", ""act"": 0.0}, {""tk"": ""of"", ""act"": 0.0}, {""tk"": ""attribute"", ""act"": 0.0}, {""tk"": ""serving"", ""act"": 0.0}, {""tk"": ""government"", ""act"": 0.0}, {""tk"": ""which"", ""act"": 0.0}, {""tk"": ""containing"", ""act"": 0.0}]"
0_62872,0,62872,"entity: A major city in New Mexico, USA is Albuquerque",<bos>,0,0.0,0.0,semantic,"[{""token"": ""<bos>"", ""index"": 0, ""distance"": 0, ""direction"": ""self""}]",n/a,Relationship,,1.0,False,,(city) related,"[{""tk"": ""city"", ""act"": 0.0}, {""tk"": ""in"", ""act"": 0.0}, {""tk"": ""Mexico"", ""act"": 0.0}, {""tk"": ""USA"", ""act"": 0.0}, {""tk"": ""is"", ""act"": 0.0}, {""tk"": ""Albuquerque"", ""act"": 0.0}, {""tk"": ""The"", ""act"": 0.0}, {""tk"": ""capital"", ""act"": 0.0}, {""tk"": ""of"", ""act"": 0.0}, {""tk"": ""state"", ""act"": 0.0}, {""tk"": ""attribute"", ""act"": 0.0}, {""tk"": ""serving"", ""act"": 0.0}, {""tk"": ""government"", ""act"": 0.0}, {""tk"": ""which"", ""act"": 0.0}, {""tk"": ""containing"", ""act"": 0.0}]"
0_63548,0,63548,"entity: A major city in New Mexico, USA is Albuquerque",<bos>,0,0.0,0.0,semantic,"[{""token"": ""<bos>"", ""index"": 0, ""distance"": 0, ""direction"": ""self""}]",n/a,Semantic,Dictionary,1.0,False,,capital,"[{""tk"": ""capital"", ""act"": 9.130105972290039}, {""tk"": ""city"", ""act"": 0.0}, {""tk"": ""in"", ""act"": 0.0}, {""tk"": ""Mexico"", ""act"": 0.0}, {""tk"": ""USA"", ""act"": 0.0}, {""tk"": ""is"", ""act"": 0.0}, {""tk"": ""Albuquerque"", ""act"": 0.0}, {""tk"": ""The"", ""act"": 0.0}, {""tk"": ""of"", ""act"": 0.0}, {""tk"": ""state"", ""act"": 0.0}, {""tk"": ""attribute"", ""act"": 0.0}, {""tk"": ""serving"", ""act"": 0.0}, {""tk"": ""government"", ""act"": 0.0}, {""tk"": ""which"", ""act"": 0.0}, {""tk"": ""containing"", ""act"": 0.0}]"
0_66754,0,66754,"entity: A major city in New Mexico, USA is Albuquerque",<bos>,0,0.0,0.0,semantic,"[{""token"": ""<bos>"", ""index"": 0, ""distance"": 0, ""direction"": ""self""}]",n/a,Semantic,Dictionary,1.0,False,,containing,"[{""tk"": ""containing"", ""act"": 12.251155853271484}, {""tk"": ""city"", ""act"": 0.0}, {""tk"": ""in"", ""act"": 0.0}, {""tk"": ""Mexico"", ""act"": 0.0}, {""tk"": ""USA"", ""act"": 0.0}, {""tk"": ""is"", ""act"": 0.0}, {""tk"": ""Albuquerque"", ""act"": 0.0}, {""tk"": ""The"", ""act"": 0.0}, {""tk"": ""capital"", ""act"": 0.0}, {""tk"": ""of"", ""act"": 0.0}, {""tk"": ""state"", ""act"": 0.0}, {""tk"": ""attribute"", ""act"": 0.0}, {""tk"": ""serving"", ""act"": 0.0}, {""tk"": ""government"", ""act"": 0.0}, {""tk"": ""which"", ""act"": 0.0}]"
0_67553,0,67553,"entity: A major city in New Mexico, USA is Albuquerque",<bos>,0,0.0,0.0,semantic,"[{""token"": ""<bos>"", ""index"": 0, ""distance"": 0, ""direction"": ""self""}]",n/a,Semantic,Dictionary,1.0,False,,containing,"[{""tk"": ""containing"", ""act"": 16.307926177978516}, {""tk"": ""city"", ""act"": 0.0}, {""tk"": ""in"", ""act"": 0.0}, {""tk"": ""Mexico"", ""act"": 0.0}, {""tk"": ""USA"", ""act"": 0.0}, {""tk"": ""is"", ""act"": 0.0}, {""tk"": ""Albuquerque"", ""act"": 0.0}, {""tk"": ""The"", ""act"": 0.0}, {""tk"": ""capital"", ""act"": 0.0}, {""tk"": ""of"", ""act"": 0.0}, {""tk"": ""state"", ""act"": 0.0}, {""tk"": ""attribute"", ""act"": 0.0}, {""tk"": ""serving"", ""act"": 0.0}, {""tk"": ""government"", ""act"": 0.0}, {""tk"": ""which"", ""act"": 0.0}]"
0_68987,0,68987,"entity: A major city in New Mexico, USA is Albuquerque",<bos>,0,0.0,0.0,semantic,"[{""token"": ""<bos>"", ""index"": 0, ""distance"": 0, ""direction"": ""self""}]",n/a,Semantic,Dictionary,1.0,False,,capital,"[{""tk"": ""capital"", ""act"": 9.928791046142578}, {""tk"": ""city"", ""act"": 0.0}, {""tk"": ""in"", ""act"": 0.0}, {""tk"": ""Mexico"", ""act"": 0.0}, {""tk"": ""USA"", ""act"": 0.0}, {""tk"": ""is"", ""act"": 0.0}, {""tk"": ""Albuquerque"", ""act"": 0.0}, {""tk"": ""The"", ""act"": 0.0}, {""tk"": ""of"", ""act"": 0.0}, {""tk"": ""state"", ""act"": 0.0}, {""tk"": ""attribute"", ""act"": 0.0}, {""tk"": ""serving"", ""act"": 0.0}, {""tk"": ""government"", ""act"": 0.0}, {""tk"": ""which"", ""act"": 0.0}, {""tk"": ""containing"", ""act"": 0.0}]"
0_82862,0,82862,"entity: A major city in New Mexico, USA is Albuquerque",<bos>,0,0.0,0.0,semantic,"[{""token"": ""<bos>"", ""index"": 0, ""distance"": 0, ""direction"": ""self""}]",n/a,Semantic,Dictionary (fallback),0.9,False,,government,"[{""tk"": ""government"", ""act"": 9.586883544921875}, {""tk"": ""capital"", ""act"": 8.219970703125}, {""tk"": ""state"", ""act"": 5.531653881072998}, {""tk"": ""city"", ""act"": 0.0}, {""tk"": ""in"", ""act"": 0.0}, {""tk"": ""Mexico"", ""act"": 0.0}, {""tk"": ""USA"", ""act"": 0.0}, {""tk"": ""is"", ""act"": 0.0}, {""tk"": ""Albuquerque"", ""act"": 0.0}, {""tk"": ""The"", ""act"": 0.0}, {""tk"": ""of"", ""act"": 0.0}, {""tk"": ""attribute"", ""act"": 0.0}, {""tk"": ""serving"", ""act"": 0.0}, {""tk"": ""which"", ""act"": 0.0}, {""tk"": ""containing"", ""act"": 0.0}]"
0_88875,0,88875,"entity: A major city in New Mexico, USA is Albuquerque",<bos>,0,0.0,0.0,semantic,"[{""token"": ""<bos>"", ""index"": 0, ""distance"": 0, ""direction"": ""self""}]",n/a,Semantic,Dictionary,1.0,False,,containing,"[{""tk"": ""containing"", ""act"": 13.765202522277832}, {""tk"": ""city"", ""act"": 0.0}, {""tk"": ""in"", ""act"": 0.0}, {""tk"": ""Mexico"", ""act"": 0.0}, {""tk"": ""USA"", ""act"": 0.0}, {""tk"": ""is"", ""act"": 0.0}, {""tk"": ""Albuquerque"", ""act"": 0.0}, {""tk"": ""The"", ""act"": 0.0}, {""tk"": ""capital"", ""act"": 0.0}, {""tk"": ""of"", ""act"": 0.0}, {""tk"": ""state"", ""act"": 0.0}, {""tk"": ""attribute"", ""act"": 0.0}, {""tk"": ""serving"", ""act"": 0.0}, {""tk"": ""government"", ""act"": 0.0}, {""tk"": ""which"", ""act"": 0.0}]"
0_89265,0,89265,"entity: A major city in New Mexico, USA is Albuquerque",<bos>,0,0.0,0.0,semantic,"[{""token"": ""<bos>"", ""index"": 0, ""distance"": 0, ""direction"": ""self""}]",n/a,Semantic,Dictionary (fallback),0.9,False,,the,"[{""tk"": ""the"", ""act"": 41.03260803222656}, {""tk"": ""city"", ""act"": 0.0}, {""tk"": ""in"", ""act"": 0.0}, {""tk"": ""Mexico"", ""act"": 0.0}, {""tk"": ""USA"", ""act"": 0.0}, {""tk"": ""is"", ""act"": 0.0}, {""tk"": ""Albuquerque"", ""act"": 0.0}, {""tk"": ""capital"", ""act"": 0.0}, {""tk"": ""of"", ""act"": 0.0}, {""tk"": ""state"", ""act"": 0.0}, {""tk"": ""attribute"", ""act"": 0.0}, {""tk"": ""serving"", ""act"": 0.0}, {""tk"": ""government"", ""act"": 0.0}, {""tk"": ""which"", ""act"": 0.0}, {""tk"": ""containing"", ""act"": 0.0}]"
1_12928,1,12928,"entity: A major city in New Mexico, USA is Albuquerque",<bos>,0,424.16802978515625,0.7450486705334919,semantic,"[{""token"": ""<bos>"", ""index"": 0, ""distance"": 0, ""direction"": ""self""}]",n/a,Semantic,Dictionary (fallback),0.9,False,,Semantic (unknown),"[{""tk"": ""attribute"", ""act"": 116.61937713623047}, {""tk"": ""Mexico"", ""act"": 104.39421081542969}, {""tk"": ""city"", ""act"": 102.33412170410156}, {""tk"": ""state"", ""act"": 91.09199523925781}, {""tk"": ""Albuquerque"", ""act"": 88.14775085449219}, {""tk"": ""is"", ""act"": 87.51624298095703}, {""tk"": ""government"", ""act"": 86.91158294677734}, {""tk"": ""USA"", ""act"": 86.48966217041016}, {""tk"": ""the"", ""act"": 86.17095947265625}, {""tk"": ""which"", ""act"": 82.6561279296875}, {""tk"": ""capital"", ""act"": 74.68241882324219}, {""tk"": ""in"", ""act"": 73.71795654296875}, {""tk"": ""of"", ""act"": 68.17405700683594}, {""tk"": ""serving"", ""act"": 64.7063980102539}, {""tk"": ""containing"", ""act"": 62.237648010253906}]"
1_57794,1,57794,"entity: A major city in New Mexico, USA is Albuquerque",<bos>,0,388.9519348144531,0.7330029746818074,semantic,"[{""token"": ""<bos>"", ""index"": 0, ""distance"": 0, ""direction"": ""self""}]",n/a,Semantic,Dictionary (fallback),0.9,False,,Semantic (unknown),"[{""tk"": ""attribute"", ""act"": 125.1230239868164}, {""tk"": ""The"", ""act"": 90.81844329833984}, {""tk"": ""state"", ""act"": 85.2448959350586}, {""tk"": ""USA"", ""act"": 85.21576690673828}, {""tk"": ""is"", ""act"": 84.57393646240234}, {""tk"": ""Albuquerque"", ""act"": 84.56226348876953}, {""tk"": ""of"", ""act"": 81.49526977539062}, {""tk"": ""serving"", ""act"": 81.41454315185547}, {""tk"": ""in"", ""act"": 80.10187530517578}, {""tk"": ""which"", ""act"": 78.58411407470703}, {""tk"": ""city"", ""act"": 78.5748291015625}, {""tk"": ""government"", ""act"": 78.36383819580078}, {""tk"": ""capital"", ""act"": 77.23419952392578}, {""tk"": ""Mexico"", ""act"": 75.4376449584961}, {""tk"": ""containing"", ""act"": 74.69670104980469}]"
1_72774,1,72774,"entity: A major city in New Mexico, USA is Albuquerque", major,4,120.7496337890625,0.4536498477994966,semantic,"[{""token"": "" major"", ""index"": 4, ""distance"": 0, ""direction"": ""self""}]",n/a,Relationship,,1.0,False,,(serving) related,"[{""tk"": ""serving"", ""act"": 112.18031311035156}, {""tk"": ""capital"", ""act"": 102.21701049804688}, {""tk"": ""city"", ""act"": 98.39340209960938}, {""tk"": ""containing"", ""act"": 97.6826171875}, {""tk"": ""state"", ""act"": 91.85028076171875}, {""tk"": ""is"", ""act"": 90.29220581054688}, {""tk"": ""government"", ""act"": 84.53697204589844}, {""tk"": ""USA"", ""act"": 82.76144409179688}, {""tk"": ""the"", ""act"": 78.6541748046875}, {""tk"": ""of"", ""act"": 78.48052978515625}, {""tk"": ""Albuquerque"", ""act"": 78.05813598632812}, {""tk"": ""Mexico"", ""act"": 72.91175842285156}, {""tk"": ""which"", ""act"": 71.98298645019531}, {""tk"": ""in"", ""act"": 71.59417724609375}, {""tk"": ""attribute"", ""act"": 23.17362403869629}]"
1_52044,1,52044,"entity: A major city in New Mexico, USA is Albuquerque", major,4,118.81828308105467,0.4133840671247847,semantic,"[{""token"": "" major"", ""index"": 4, ""distance"": 0, ""direction"": ""self""}]",n/a,Relationship,,1.0,False,,(containing) related,"[{""tk"": ""containing"", ""act"": 125.91358184814453}, {""tk"": ""capital"", ""act"": 118.56844329833984}, {""tk"": ""city"", ""act"": 112.72059631347656}, {""tk"": ""state"", ""act"": 110.67672729492188}, {""tk"": ""serving"", ""act"": 106.8580551147461}, {""tk"": ""USA"", ""act"": 93.92649841308594}, {""tk"": ""government"", ""act"": 92.29335021972656}, {""tk"": ""is"", ""act"": 88.68705749511719}, {""tk"": ""which"", ""act"": 87.12095642089844}, {""tk"": ""The"", ""act"": 81.9691162109375}, {""tk"": ""in"", ""act"": 78.93173217773438}, {""tk"": ""of"", ""act"": 75.42842864990234}, {""tk"": ""Albuquerque"", ""act"": 75.38298797607422}, {""tk"": ""Mexico"", ""act"": 72.02467346191406}, {""tk"": ""attribute"", ""act"": 43.5494384765625}]"
1_6948,1,6948,"entity: A major city in New Mexico, USA is Albuquerque", Albuquerque,12,19.919034957885746,0.923076923076923,semantic,"[{""token"": "" Albuquerque"", ""index"": 12, ""distance"": 0, ""direction"": ""self""}]",n/a,Semantic,Dictionary,1.0,False,,Albuquerque,"[{""tk"": ""Albuquerque"", ""act"": 19.919034957885742}, {""tk"": ""city"", ""act"": 0.0}, {""tk"": ""in"", ""act"": 0.0}, {""tk"": ""Mexico"", ""act"": 0.0}, {""tk"": ""USA"", ""act"": 0.0}, {""tk"": ""is"", ""act"": 0.0}, {""tk"": ""The"", ""act"": 0.0}, {""tk"": ""capital"", ""act"": 0.0}, {""tk"": ""of"", ""act"": 0.0}, {""tk"": ""state"", ""act"": 0.0}, {""tk"": ""attribute"", ""act"": 0.0}, {""tk"": ""serving"", ""act"": 0.0}, {""tk"": ""government"", ""act"": 0.0}, {""tk"": ""which"", ""act"": 0.0}, {""tk"": ""containing"", ""act"": 0.0}]"
1_2630,1,2630,"entity: A major city in New Mexico, USA is Albuquerque", Albuquerque,12,18.467029571533203,0.923076923076923,semantic,"[{""token"": "" Albuquerque"", ""index"": 12, ""distance"": 0, ""direction"": ""self""}]",n/a,Semantic,Dictionary,1.0,False,,Albuquerque,"[{""tk"": ""Albuquerque"", ""act"": 18.467029571533203}, {""tk"": ""city"", ""act"": 0.0}, {""tk"": ""in"", ""act"": 0.0}, {""tk"": ""Mexico"", ""act"": 0.0}, {""tk"": ""USA"", ""act"": 0.0}, {""tk"": ""is"", ""act"": 0.0}, {""tk"": ""The"", ""act"": 0.0}, {""tk"": ""capital"", ""act"": 0.0}, {""tk"": ""of"", ""act"": 0.0}, {""tk"": ""state"", ""act"": 0.0}, {""tk"": ""attribute"", ""act"": 0.0}, {""tk"": ""serving"", ""act"": 0.0}, {""tk"": ""government"", ""act"": 0.0}, {""tk"": ""which"", ""act"": 0.0}, {""tk"": ""containing"", ""act"": 0.0}]"
1_38874,1,38874,"entity: A major city in New Mexico, USA is Albuquerque", Albuquerque,12,13.94074821472168,0.923076923076923,semantic,"[{""token"": "" Albuquerque"", ""index"": 12, ""distance"": 0, ""direction"": ""self""}]",n/a,Semantic,Dictionary,1.0,False,,Albuquerque,"[{""tk"": ""Albuquerque"", ""act"": 13.94074821472168}, {""tk"": ""city"", ""act"": 0.0}, {""tk"": ""in"", ""act"": 0.0}, {""tk"": ""Mexico"", ""act"": 0.0}, {""tk"": ""USA"", ""act"": 0.0}, {""tk"": ""is"", ""act"": 0.0}, {""tk"": ""The"", ""act"": 0.0}, {""tk"": ""capital"", ""act"": 0.0}, {""tk"": ""of"", ""act"": 0.0}, {""tk"": ""state"", ""act"": 0.0}, {""tk"": ""attribute"", ""act"": 0.0}, {""tk"": ""serving"", ""act"": 0.0}, {""tk"": ""government"", ""act"": 0.0}, {""tk"": ""which"", ""act"": 0.0}, {""tk"": ""containing"", ""act"": 0.0}]"
1_74380,1,74380,"entity: A major city in New Mexico, USA is Albuquerque",<bos>,0,2.384669780731201,0.923076923076923,semantic,"[{""token"": ""<bos>"", ""index"": 0, ""distance"": 0, ""direction"": ""self""}]",n/a,Semantic,Dictionary,1.0,False,,capital,"[{""tk"": ""capital"", ""act"": 17.934070587158203}, {""tk"": ""city"", ""act"": 0.0}, {""tk"": ""in"", ""act"": 0.0}, {""tk"": ""Mexico"", ""act"": 0.0}, {""tk"": ""USA"", ""act"": 0.0}, {""tk"": ""is"", ""act"": 0.0}, {""tk"": ""Albuquerque"", ""act"": 0.0}, {""tk"": ""The"", ""act"": 0.0}, {""tk"": ""of"", ""act"": 0.0}, {""tk"": ""state"", ""act"": 0.0}, {""tk"": ""attribute"", ""act"": 0.0}, {""tk"": ""serving"", ""act"": 0.0}, {""tk"": ""government"", ""act"": 0.0}, {""tk"": ""which"", ""act"": 0.0}, {""tk"": ""containing"", ""act"": 0.0}]"
1_18568,1,18568,"entity: A major city in New Mexico, USA is Albuquerque", is,11,1.146355152130127,0.9230769230769232,functional,"[{""token"": "" Albuquerque"", ""index"": 12, ""distance"": 1, ""direction"": ""forward""}]",json,Semantic,Dictionary,0.8333333333333334,False,,is,"[{""tk"": ""is"", ""act"": 5.408833980560303}, {""tk"": ""city"", ""act"": 0.0}, {""tk"": ""in"", ""act"": 0.0}, {""tk"": ""Mexico"", ""act"": 0.0}, {""tk"": ""USA"", ""act"": 0.0}, {""tk"": ""Albuquerque"", ""act"": 0.0}, {""tk"": ""The"", ""act"": 0.0}, {""tk"": ""capital"", ""act"": 0.0}, {""tk"": ""of"", ""act"": 0.0}, {""tk"": ""state"", ""act"": 0.0}, {""tk"": ""attribute"", ""act"": 0.0}, {""tk"": ""serving"", ""act"": 0.0}, {""tk"": ""government"", ""act"": 0.0}, {""tk"": ""which"", ""act"": 0.0}, {""tk"": ""containing"", ""act"": 0.0}]"
1_64129,1,64129,"entity: A major city in New Mexico, USA is Albuquerque",<bos>,0,0.0,0.0,semantic,"[{""token"": ""<bos>"", ""index"": 0, ""distance"": 0, ""direction"": ""self""}]",n/a,Relationship,,1.0,False,,(city) related,"[{""tk"": ""city"", ""act"": 0.0}, {""tk"": ""in"", ""act"": 0.0}, {""tk"": ""Mexico"", ""act"": 0.0}, {""tk"": ""USA"", ""act"": 0.0}, {""tk"": ""is"", ""act"": 0.0}, {""tk"": ""Albuquerque"", ""act"": 0.0}, {""tk"": ""The"", ""act"": 0.0}, {""tk"": ""capital"", ""act"": 0.0}, {""tk"": ""of"", ""act"": 0.0}, {""tk"": ""state"", ""act"": 0.0}, {""tk"": ""attribute"", ""act"": 0.0}, {""tk"": ""serving"", ""act"": 0.0}, {""tk"": ""government"", ""act"": 0.0}, {""tk"": ""which"", ""act"": 0.0}, {""tk"": ""containing"", ""act"": 0.0}]"
1_68763,1,68763,"entity: A major city in New Mexico, USA is Albuquerque",<bos>,0,0.0,0.0,semantic,"[{""token"": ""<bos>"", ""index"": 0, ""distance"": 0, ""direction"": ""self""}]",n/a,Relationship,,1.0,False,,(city) related,"[{""tk"": ""city"", ""act"": 0.0}, {""tk"": ""in"", ""act"": 0.0}, {""tk"": ""Mexico"", ""act"": 0.0}, {""tk"": ""USA"", ""act"": 0.0}, {""tk"": ""is"", ""act"": 0.0}, {""tk"": ""Albuquerque"", ""act"": 0.0}, {""tk"": ""The"", ""act"": 0.0}, {""tk"": ""capital"", ""act"": 0.0}, {""tk"": ""of"", ""act"": 0.0}, {""tk"": ""state"", ""act"": 0.0}, {""tk"": ""attribute"", ""act"": 0.0}, {""tk"": ""serving"", ""act"": 0.0}, {""tk"": ""government"", ""act"": 0.0}, {""tk"": ""which"", ""act"": 0.0}, {""tk"": ""containing"", ""act"": 0.0}]"
1_73733,1,73733,"entity: A major city in New Mexico, USA is Albuquerque",<bos>,0,0.0,0.0,semantic,"[{""token"": ""<bos>"", ""index"": 0, ""distance"": 0, ""direction"": ""self""}]",n/a,Relationship,,1.0,False,,(city) related,"[{""tk"": ""city"", ""act"": 0.0}, {""tk"": ""in"", ""act"": 0.0}, {""tk"": ""Mexico"", ""act"": 0.0}, {""tk"": ""USA"", ""act"": 0.0}, {""tk"": ""is"", ""act"": 0.0}, {""tk"": ""Albuquerque"", ""act"": 0.0}, {""tk"": ""The"", ""act"": 0.0}, {""tk"": ""capital"", ""act"": 0.0}, {""tk"": ""of"", ""act"": 0.0}, {""tk"": ""state"", ""act"": 0.0}, {""tk"": ""attribute"", ""act"": 0.0}, {""tk"": ""serving"", ""act"": 0.0}, {""tk"": ""government"", ""act"": 0.0}, {""tk"": ""which"", ""act"": 0.0}, {""tk"": ""containing"", ""act"": 0.0}]"
1_85217,1,85217,"entity: A major city in New Mexico, USA is Albuquerque",<bos>,0,0.0,0.0,semantic,"[{""token"": ""<bos>"", ""index"": 0, ""distance"": 0, ""direction"": ""self""}]",n/a,Semantic,Dictionary,1.0,False,,capital,"[{""tk"": ""capital"", ""act"": 20.99380874633789}, {""tk"": ""city"", ""act"": 0.0}, {""tk"": ""in"", ""act"": 0.0}, {""tk"": ""Mexico"", ""act"": 0.0}, {""tk"": ""USA"", ""act"": 0.0}, {""tk"": ""is"", ""act"": 0.0}, {""tk"": ""Albuquerque"", ""act"": 0.0}, {""tk"": ""The"", ""act"": 0.0}, {""tk"": ""of"", ""act"": 0.0}, {""tk"": ""state"", ""act"": 0.0}, {""tk"": ""attribute"", ""act"": 0.0}, {""tk"": ""serving"", ""act"": 0.0}, {""tk"": ""government"", ""act"": 0.0}, {""tk"": ""which"", ""act"": 0.0}, {""tk"": ""containing"", ""act"": 0.0}]"
2_36902,2,36902,"entity: A major city in New Mexico, USA is Albuquerque",<bos>,0,11.28920555114746,0.9230769230769232,semantic,"[{""token"": ""<bos>"", ""index"": 0, ""distance"": 0, ""direction"": ""self""}]",n/a,Semantic,Dictionary (fallback),0.9,False,,capital,"[{""tk"": ""capital"", ""act"": 20.3389949798584}, {""tk"": ""city"", ""act"": 0.0}, {""tk"": ""in"", ""act"": 0.0}, {""tk"": ""Mexico"", ""act"": 0.0}, {""tk"": ""USA"", ""act"": 0.0}, {""tk"": ""is"", ""act"": 0.0}, {""tk"": ""Albuquerque"", ""act"": 0.0}, {""tk"": ""The"", ""act"": 0.0}, {""tk"": ""of"", ""act"": 0.0}, {""tk"": ""state"", ""act"": 0.0}, {""tk"": ""attribute"", ""act"": 0.0}, {""tk"": ""serving"", ""act"": 0.0}, {""tk"": ""government"", ""act"": 0.0}, {""tk"": ""which"", ""act"": 0.0}, {""tk"": ""containing"", ""act"": 0.0}]"
2_1890,2,1890,"entity: A major city in New Mexico, USA is Albuquerque",<bos>,0,0.0,0.0,semantic,"[{""token"": ""<bos>"", ""index"": 0, ""distance"": 0, ""direction"": ""self""}]",n/a,Semantic,Dictionary,1.0,False,,capital,"[{""tk"": ""capital"", ""act"": 25.489017486572266}, {""tk"": ""city"", ""act"": 0.0}, {""tk"": ""in"", ""act"": 0.0}, {""tk"": ""Mexico"", ""act"": 0.0}, {""tk"": ""USA"", ""act"": 0.0}, {""tk"": ""is"", ""act"": 0.0}, {""tk"": ""Albuquerque"", ""act"": 0.0}, {""tk"": ""The"", ""act"": 0.0}, {""tk"": ""of"", ""act"": 0.0}, {""tk"": ""state"", ""act"": 0.0}, {""tk"": ""attribute"", ""act"": 0.0}, {""tk"": ""serving"", ""act"": 0.0}, {""tk"": ""government"", ""act"": 0.0}, {""tk"": ""which"", ""act"": 0.0}, {""tk"": ""containing"", ""act"": 0.0}]"
2_4865,2,4865,"entity: A major city in New Mexico, USA is Albuquerque",<bos>,0,0.0,0.0,semantic,"[{""token"": ""<bos>"", ""index"": 0, ""distance"": 0, ""direction"": ""self""}]",n/a,Semantic,Dictionary,1.0,False,,capital,"[{""tk"": ""capital"", ""act"": 3.5495402812957764}, {""tk"": ""city"", ""act"": 0.0}, {""tk"": ""in"", ""act"": 0.0}, {""tk"": ""Mexico"", ""act"": 0.0}, {""tk"": ""USA"", ""act"": 0.0}, {""tk"": ""is"", ""act"": 0.0}, {""tk"": ""Albuquerque"", ""act"": 0.0}, {""tk"": ""The"", ""act"": 0.0}, {""tk"": ""of"", ""act"": 0.0}, {""tk"": ""state"", ""act"": 0.0}, {""tk"": ""attribute"", ""act"": 0.0}, {""tk"": ""serving"", ""act"": 0.0}, {""tk"": ""government"", ""act"": 0.0}, {""tk"": ""which"", ""act"": 0.0}, {""tk"": ""containing"", ""act"": 0.0}]"
2_76232,2,76232,"entity: A major city in New Mexico, USA is Albuquerque",<bos>,0,0.0,0.0,semantic,"[{""token"": ""<bos>"", ""index"": 0, ""distance"": 0, ""direction"": ""self""}]",n/a,Semantic,Dictionary (fallback),0.9,False,,is,"[{""tk"": ""is"", ""act"": 11.182415008544922}, {""tk"": ""city"", ""act"": 0.0}, {""tk"": ""in"", ""act"": 0.0}, {""tk"": ""Mexico"", ""act"": 0.0}, {""tk"": ""USA"", ""act"": 0.0}, {""tk"": ""Albuquerque"", ""act"": 0.0}, {""tk"": ""The"", ""act"": 0.0}, {""tk"": ""capital"", ""act"": 0.0}, {""tk"": ""of"", ""act"": 0.0}, {""tk"": ""state"", ""act"": 0.0}, {""tk"": ""attribute"", ""act"": 0.0}, {""tk"": ""serving"", ""act"": 0.0}, {""tk"": ""government"", ""act"": 0.0}, {""tk"": ""which"", ""act"": 0.0}, {""tk"": ""containing"", ""act"": 0.0}]"
2_82010,2,82010,"entity: A major city in New Mexico, USA is Albuquerque",<bos>,0,0.0,0.0,semantic,"[{""token"": ""<bos>"", ""index"": 0, ""distance"": 0, ""direction"": ""self""}]",n/a,Semantic,Dictionary (fallback),0.9,False,,is,"[{""tk"": ""is"", ""act"": 10.074061393737793}, {""tk"": ""city"", ""act"": 0.0}, {""tk"": ""in"", ""act"": 0.0}, {""tk"": ""Mexico"", ""act"": 0.0}, {""tk"": ""USA"", ""act"": 0.0}, {""tk"": ""Albuquerque"", ""act"": 0.0}, {""tk"": ""The"", ""act"": 0.0}, {""tk"": ""capital"", ""act"": 0.0}, {""tk"": ""of"", ""act"": 0.0}, {""tk"": ""state"", ""act"": 0.0}, {""tk"": ""attribute"", ""act"": 0.0}, {""tk"": ""serving"", ""act"": 0.0}, {""tk"": ""government"", ""act"": 0.0}, {""tk"": ""which"", ""act"": 0.0}, {""tk"": ""containing"", ""act"": 0.0}]"
3_52779,3,52779,"entity: A major city in New Mexico, USA is Albuquerque",<bos>,0,57.88114547729492,0.9230769230769232,semantic,"[{""token"": ""<bos>"", ""index"": 0, ""distance"": 0, ""direction"": ""self""}]",n/a,Semantic,Dictionary (fallback),0.9,False,,Semantic (unknown),"[{""tk"": ""in"", ""act"": 22.74864959716797}, {""tk"": ""containing"", ""act"": 17.660171508789062}, {""tk"": ""the"", ""act"": 13.811017036437988}, {""tk"": ""is"", ""act"": 13.126309394836426}, {""tk"": ""which"", ""act"": 9.762779235839844}, {""tk"": ""city"", ""act"": 0.0}, {""tk"": ""Mexico"", ""act"": 0.0}, {""tk"": ""USA"", ""act"": 0.0}, {""tk"": ""Albuquerque"", ""act"": 0.0}, {""tk"": ""capital"", ""act"": 0.0}, {""tk"": ""of"", ""act"": 0.0}, {""tk"": ""state"", ""act"": 0.0}, {""tk"": ""attribute"", ""act"": 0.0}, {""tk"": ""serving"", ""act"": 0.0}, {""tk"": ""government"", ""act"": 0.0}]"
3_66403,3,66403,"entity: A major city in New Mexico, USA is Albuquerque",<bos>,0,25.301193237304688,0.9230769230769232,semantic,"[{""token"": ""<bos>"", ""index"": 0, ""distance"": 0, ""direction"": ""self""}]",n/a,Semantic,Dictionary (fallback),0.9,False,,Semantic (unknown),"[{""tk"": ""city"", ""act"": 0.0}, {""tk"": ""in"", ""act"": 0.0}, {""tk"": ""Mexico"", ""act"": 0.0}, {""tk"": ""USA"", ""act"": 0.0}, {""tk"": ""is"", ""act"": 0.0}, {""tk"": ""Albuquerque"", ""act"": 0.0}, {""tk"": ""The"", ""act"": 0.0}, {""tk"": ""capital"", ""act"": 0.0}, {""tk"": ""of"", ""act"": 0.0}, {""tk"": ""state"", ""act"": 0.0}, {""tk"": ""attribute"", ""act"": 0.0}, {""tk"": ""serving"", ""act"": 0.0}, {""tk"": ""government"", ""act"": 0.0}, {""tk"": ""which"", ""act"": 0.0}, {""tk"": ""containing"", ""act"": 0.0}]"
3_91022,3,91022,"entity: A major city in New Mexico, USA is Albuquerque",<bos>,0,11.15066909790039,0.9230769230769232,semantic,"[{""token"": ""<bos>"", ""index"": 0, ""distance"": 0, ""direction"": ""self""}]",n/a,Semantic,Dictionary (fallback),0.9,False,,Semantic (unknown),"[{""tk"": ""containing"", ""act"": 6.780716419219971}, {""tk"": ""serving"", ""act"": 5.3664069175720215}, {""tk"": ""city"", ""act"": 0.0}, {""tk"": ""in"", ""act"": 0.0}, {""tk"": ""Mexico"", ""act"": 0.0}, {""tk"": ""USA"", ""act"": 0.0}, {""tk"": ""is"", ""act"": 0.0}, {""tk"": ""Albuquerque"", ""act"": 0.0}, {""tk"": ""The"", ""act"": 0.0}, {""tk"": ""capital"", ""act"": 0.0}, {""tk"": ""of"", ""act"": 0.0}, {""tk"": ""state"", ""act"": 0.0}, {""tk"": ""attribute"", ""act"": 0.0}, {""tk"": ""government"", ""act"": 0.0}, {""tk"": ""which"", ""act"": 0.0}]"
3_13967,3,13967,"entity: A major city in New Mexico, USA is Albuquerque",",",9,2.663123369216919,0.9230769230769232,functional,"[{""token"": "" USA"", ""index"": 10, ""distance"": 1, ""direction"": ""forward""}, {""token"": "" Mexico"", ""index"": 8, ""distance"": 1, ""direction"": ""backward""}]",json,Semantic,Dictionary (fallback),0.9,False,,of,"[{""tk"": ""of"", ""act"": 11.243531227111816}, {""tk"": ""is"", ""act"": 7.48383903503418}, {""tk"": ""the"", ""act"": 0.35361218452453613}, {""tk"": ""city"", ""act"": 0.0}, {""tk"": ""in"", ""act"": 0.0}, {""tk"": ""Mexico"", ""act"": 0.0}, {""tk"": ""USA"", ""act"": 0.0}, {""tk"": ""Albuquerque"", ""act"": 0.0}, {""tk"": ""capital"", ""act"": 0.0}, {""tk"": ""state"", ""act"": 0.0}, {""tk"": ""attribute"", ""act"": 0.0}, {""tk"": ""serving"", ""act"": 0.0}, {""tk"": ""government"", ""act"": 0.0}, {""tk"": ""which"", ""act"": 0.0}, {""tk"": ""containing"", ""act"": 0.0}]"
3_93843,3,93843,"entity: A major city in New Mexico, USA is Albuquerque", is,11,0.7897186279296875,0.9230769230769232,functional,"[{""token"": "" Albuquerque"", ""index"": 12, ""distance"": 1, ""direction"": ""forward""}]",json,Semantic,Dictionary (fallback),0.9,False,,is,"[{""tk"": ""is"", ""act"": 4.228334426879883}, {""tk"": ""city"", ""act"": 0.0}, {""tk"": ""in"", ""act"": 0.0}, {""tk"": ""Mexico"", ""act"": 0.0}, {""tk"": ""USA"", ""act"": 0.0}, {""tk"": ""Albuquerque"", ""act"": 0.0}, {""tk"": ""The"", ""act"": 0.0}, {""tk"": ""capital"", ""act"": 0.0}, {""tk"": ""of"", ""act"": 0.0}, {""tk"": ""state"", ""act"": 0.0}, {""tk"": ""attribute"", ""act"": 0.0}, {""tk"": ""serving"", ""act"": 0.0}, {""tk"": ""government"", ""act"": 0.0}, {""tk"": ""which"", ""act"": 0.0}, {""tk"": ""containing"", ""act"": 0.0}]"
3_28747,3,28747,"entity: A major city in New Mexico, USA is Albuquerque",<bos>,0,0.0,0.0,semantic,"[{""token"": ""<bos>"", ""index"": 0, ""distance"": 0, ""direction"": ""self""}]",n/a,Semantic,Dictionary (fallback),0.9,False,,of,"[{""tk"": ""of"", ""act"": 17.464412689208984}, {""tk"": ""is"", ""act"": 1.2342638969421387}, {""tk"": ""city"", ""act"": 0.0}, {""tk"": ""in"", ""act"": 0.0}, {""tk"": ""Mexico"", ""act"": 0.0}, {""tk"": ""USA"", ""act"": 0.0}, {""tk"": ""Albuquerque"", ""act"": 0.0}, {""tk"": ""The"", ""act"": 0.0}, {""tk"": ""capital"", ""act"": 0.0}, {""tk"": ""state"", ""act"": 0.0}, {""tk"": ""attribute"", ""act"": 0.0}, {""tk"": ""serving"", ""act"": 0.0}, {""tk"": ""government"", ""act"": 0.0}, {""tk"": ""which"", ""act"": 0.0}, {""tk"": ""containing"", ""act"": 0.0}]"
4_3920,4,3920,"entity: A major city in New Mexico, USA is Albuquerque",<bos>,0,159.3799591064453,0.9100418554202228,semantic,"[{""token"": ""<bos>"", ""index"": 0, ""distance"": 0, ""direction"": ""self""}]",n/a,Semantic,Concept,0.7,False,,Semantic (unknown),"[{""tk"": ""attribute"", ""act"": 19.900348663330078}, {""tk"": ""city"", ""act"": 0.0}, {""tk"": ""in"", ""act"": 0.0}, {""tk"": ""Mexico"", ""act"": 0.0}, {""tk"": ""USA"", ""act"": 0.0}, {""tk"": ""is"", ""act"": 0.0}, {""tk"": ""Albuquerque"", ""act"": 0.0}, {""tk"": ""The"", ""act"": 0.0}, {""tk"": ""capital"", ""act"": 0.0}, {""tk"": ""of"", ""act"": 0.0}, {""tk"": ""state"", ""act"": 0.0}, {""tk"": ""serving"", ""act"": 0.0}, {""tk"": ""government"", ""act"": 0.0}, {""tk"": ""which"", ""act"": 0.0}, {""tk"": ""containing"", ""act"": 0.0}]"
4_83635,4,83635,"entity: A major city in New Mexico, USA is Albuquerque", city,5,17.811256408691406,0.610246482487198,semantic,"[{""token"": "" city"", ""index"": 5, ""distance"": 0, ""direction"": ""self""}]",n/a,Semantic,Concept,0.7,False,,city,"[{""tk"": ""city"", ""act"": 29.045270919799805}, {""tk"": ""attribute"", ""act"": 28.14508056640625}, {""tk"": ""capital"", ""act"": 21.525239944458008}, {""tk"": ""state"", ""act"": 19.251550674438477}, {""tk"": ""Albuquerque"", ""act"": 14.588085174560547}, {""tk"": ""Mexico"", ""act"": 14.586587905883789}, {""tk"": ""government"", ""act"": 13.456141471862793}, {""tk"": ""USA"", ""act"": 13.066239356994629}, {""tk"": ""of"", ""act"": 8.01102066040039}, {""tk"": ""containing"", ""act"": 7.884756565093994}, {""tk"": ""in"", ""act"": 6.716607570648193}, {""tk"": ""is"", ""act"": 3.615675926208496}, {""tk"": ""which"", ""act"": 2.1635446548461914}, {""tk"": ""The"", ""act"": 0.0}, {""tk"": ""serving"", ""act"": 0.0}]"
4_3432,4,3432,"entity: A major city in New Mexico, USA is Albuquerque", is,11,16.34661102294922,0.923076923076923,functional,"[{""token"": "" Albuquerque"", ""index"": 12, ""distance"": 1, ""direction"": ""forward""}]",json,Semantic,Ambiguous,0.3,True,"Ambiguous: peak_cons=0.50, n_peaks=1, func_vs_sem=100.0%, layer=4",is,"[{""tk"": ""is"", ""act"": 16.34661102294922}, {""tk"": ""city"", ""act"": 0.0}, {""tk"": ""in"", ""act"": 0.0}, {""tk"": ""Mexico"", ""act"": 0.0}, {""tk"": ""USA"", ""act"": 0.0}, {""tk"": ""Albuquerque"", ""act"": 0.0}, {""tk"": ""The"", ""act"": 0.0}, {""tk"": ""capital"", ""act"": 0.0}, {""tk"": ""of"", ""act"": 0.0}, {""tk"": ""state"", ""act"": 0.0}, {""tk"": ""attribute"", ""act"": 0.0}, {""tk"": ""serving"", ""act"": 0.0}, {""tk"": ""government"", ""act"": 0.0}, {""tk"": ""which"", ""act"": 0.0}, {""tk"": ""containing"", ""act"": 0.0}]"
4_58113,4,58113,"entity: A major city in New Mexico, USA is Albuquerque", city,5,8.659708023071289,0.889121313072693,semantic,"[{""token"": "" city"", ""index"": 5, ""distance"": 0, ""direction"": ""self""}]",n/a,Semantic,Concept,0.7077726636889586,False,,city,"[{""tk"": ""city"", ""act"": 8.659708023071289}, {""tk"": ""of"", ""act"": 6.1291046142578125}, {""tk"": ""is"", ""act"": 5.5258660316467285}, {""tk"": ""in"", ""act"": 3.8225936889648438}, {""tk"": ""containing"", ""act"": 0.11254596710205078}, {""tk"": ""Mexico"", ""act"": 0.0}, {""tk"": ""USA"", ""act"": 0.0}, {""tk"": ""Albuquerque"", ""act"": 0.0}, {""tk"": ""The"", ""act"": 0.0}, {""tk"": ""capital"", ""act"": 0.0}, {""tk"": ""state"", ""act"": 0.0}, {""tk"": ""attribute"", ""act"": 0.0}, {""tk"": ""serving"", ""act"": 0.0}, {""tk"": ""government"", ""act"": 0.0}, {""tk"": ""which"", ""act"": 0.0}]"
4_83005,4,83005,"entity: A major city in New Mexico, USA is Albuquerque", is,11,1.173222303390503,0.9230769230769232,functional,"[{""token"": "" Albuquerque"", ""index"": 12, ""distance"": 1, ""direction"": ""forward""}]",json,Semantic,Ambiguous,0.3,True,"Ambiguous: peak_cons=0.50, n_peaks=1, func_vs_sem=100.0%, layer=4",is,"[{""tk"": ""is"", ""act"": 13.738452911376953}, {""tk"": ""city"", ""act"": 0.0}, {""tk"": ""in"", ""act"": 0.0}, {""tk"": ""Mexico"", ""act"": 0.0}, {""tk"": ""USA"", ""act"": 0.0}, {""tk"": ""Albuquerque"", ""act"": 0.0}, {""tk"": ""The"", ""act"": 0.0}, {""tk"": ""capital"", ""act"": 0.0}, {""tk"": ""of"", ""act"": 0.0}, {""tk"": ""state"", ""act"": 0.0}, {""tk"": ""attribute"", ""act"": 0.0}, {""tk"": ""serving"", ""act"": 0.0}, {""tk"": ""government"", ""act"": 0.0}, {""tk"": ""which"", ""act"": 0.0}, {""tk"": ""containing"", ""act"": 0.0}]"
4_54423,4,54423,"entity: A major city in New Mexico, USA is Albuquerque",<bos>,0,0.0,0.0,semantic,"[{""token"": ""<bos>"", ""index"": 0, ""distance"": 0, ""direction"": ""self""}]",n/a,Semantic,Dictionary,1.0,False,,containing,"[{""tk"": ""containing"", ""act"": 8.495969772338867}, {""tk"": ""which"", ""act"": 1.9871268272399902}, {""tk"": ""in"", ""act"": 0.26462411880493164}, {""tk"": ""city"", ""act"": 0.0}, {""tk"": ""Mexico"", ""act"": 0.0}, {""tk"": ""USA"", ""act"": 0.0}, {""tk"": ""is"", ""act"": 0.0}, {""tk"": ""Albuquerque"", ""act"": 0.0}, {""tk"": ""The"", ""act"": 0.0}, {""tk"": ""capital"", ""act"": 0.0}, {""tk"": ""of"", ""act"": 0.0}, {""tk"": ""state"", ""act"": 0.0}, {""tk"": ""attribute"", ""act"": 0.0}, {""tk"": ""serving"", ""act"": 0.0}, {""tk"": ""government"", ""act"": 0.0}]"
4_55831,4,55831,"entity: A major city in New Mexico, USA is Albuquerque",<bos>,0,0.0,0.0,semantic,"[{""token"": ""<bos>"", ""index"": 0, ""distance"": 0, ""direction"": ""self""}]",n/a,Semantic,Dictionary,1.0,False,,capital,"[{""tk"": ""capital"", ""act"": 29.359546661376953}, {""tk"": ""city"", ""act"": 11.154122352600098}, {""tk"": ""is"", ""act"": 1.9998626708984375}, {""tk"": ""in"", ""act"": 0.0}, {""tk"": ""Mexico"", ""act"": 0.0}, {""tk"": ""USA"", ""act"": 0.0}, {""tk"": ""Albuquerque"", ""act"": 0.0}, {""tk"": ""The"", ""act"": 0.0}, {""tk"": ""of"", ""act"": 0.0}, {""tk"": ""state"", ""act"": 0.0}, {""tk"": ""attribute"", ""act"": 0.0}, {""tk"": ""serving"", ""act"": 0.0}, {""tk"": ""government"", ""act"": 0.0}, {""tk"": ""which"", ""act"": 0.0}, {""tk"": ""containing"", ""act"": 0.0}]"
4_70409,4,70409,"entity: A major city in New Mexico, USA is Albuquerque",<bos>,0,0.0,0.0,semantic,"[{""token"": ""<bos>"", ""index"": 0, ""distance"": 0, ""direction"": ""self""}]",n/a,Semantic,Dictionary,1.0,False,,containing,"[{""tk"": ""containing"", ""act"": 9.570971488952637}, {""tk"": ""which"", ""act"": 1.9328405857086182}, {""tk"": ""city"", ""act"": 0.0}, {""tk"": ""in"", ""act"": 0.0}, {""tk"": ""Mexico"", ""act"": 0.0}, {""tk"": ""USA"", ""act"": 0.0}, {""tk"": ""is"", ""act"": 0.0}, {""tk"": ""Albuquerque"", ""act"": 0.0}, {""tk"": ""The"", ""act"": 0.0}, {""tk"": ""capital"", ""act"": 0.0}, {""tk"": ""of"", ""act"": 0.0}, {""tk"": ""state"", ""act"": 0.0}, {""tk"": ""attribute"", ""act"": 0.0}, {""tk"": ""serving"", ""act"": 0.0}, {""tk"": ""government"", ""act"": 0.0}]"
4_97813,4,97813,"entity: A major city in New Mexico, USA is Albuquerque",<bos>,0,0.0,0.0,semantic,"[{""token"": ""<bos>"", ""index"": 0, ""distance"": 0, ""direction"": ""self""}]",n/a,Semantic,Concept,0.7,False,,government,"[{""tk"": ""government"", ""act"": 17.90291976928711}, {""tk"": ""of"", ""act"": 14.3899507522583}, {""tk"": ""city"", ""act"": 13.028558731079102}, {""tk"": ""capital"", ""act"": 10.718213081359863}, {""tk"": ""is"", ""act"": 4.917844295501709}, {""tk"": ""the"", ""act"": 1.4474035501480103}, {""tk"": ""in"", ""act"": 0.0}, {""tk"": ""Mexico"", ""act"": 0.0}, {""tk"": ""USA"", ""act"": 0.0}, {""tk"": ""Albuquerque"", ""act"": 0.0}, {""tk"": ""state"", ""act"": 0.0}, {""tk"": ""attribute"", ""act"": 0.0}, {""tk"": ""serving"", ""act"": 0.0}, {""tk"": ""which"", ""act"": 0.0}, {""tk"": ""containing"", ""act"": 0.0}]"
5_1551,5,1551,"entity: A major city in New Mexico, USA is Albuquerque",<bos>,0,161.51025390625,0.9050209733075134,semantic,"[{""token"": ""<bos>"", ""index"": 0, ""distance"": 0, ""direction"": ""self""}]",n/a,Semantic,Concept,0.7,False,,Semantic (unknown),"[{""tk"": ""attribute"", ""act"": 39.44136428833008}, {""tk"": ""city"", ""act"": 0.0}, {""tk"": ""in"", ""act"": 0.0}, {""tk"": ""Mexico"", ""act"": 0.0}, {""tk"": ""USA"", ""act"": 0.0}, {""tk"": ""is"", ""act"": 0.0}, {""tk"": ""Albuquerque"", ""act"": 0.0}, {""tk"": ""The"", ""act"": 0.0}, {""tk"": ""capital"", ""act"": 0.0}, {""tk"": ""of"", ""act"": 0.0}, {""tk"": ""state"", ""act"": 0.0}, {""tk"": ""serving"", ""act"": 0.0}, {""tk"": ""government"", ""act"": 0.0}, {""tk"": ""which"", ""act"": 0.0}, {""tk"": ""containing"", ""act"": 0.0}]"
5_95640,5,95640,"entity: A major city in New Mexico, USA is Albuquerque",<bos>,0,139.22251892089844,0.9095365978072024,semantic,"[{""token"": ""<bos>"", ""index"": 0, ""distance"": 0, ""direction"": ""self""}]",n/a,Semantic,Concept,0.7,False,,Semantic (unknown),"[{""tk"": ""attribute"", ""act"": 23.3470401763916}, {""tk"": ""city"", ""act"": 0.0}, {""tk"": ""in"", ""act"": 0.0}, {""tk"": ""Mexico"", ""act"": 0.0}, {""tk"": ""USA"", ""act"": 0.0}, {""tk"": ""is"", ""act"": 0.0}, {""tk"": ""Albuquerque"", ""act"": 0.0}, {""tk"": ""The"", ""act"": 0.0}, {""tk"": ""capital"", ""act"": 0.0}, {""tk"": ""of"", ""act"": 0.0}, {""tk"": ""state"", ""act"": 0.0}, {""tk"": ""serving"", ""act"": 0.0}, {""tk"": ""government"", ""act"": 0.0}, {""tk"": ""which"", ""act"": 0.0}, {""tk"": ""containing"", ""act"": 0.0}]"
5_15213,5,15213,"entity: A major city in New Mexico, USA is Albuquerque",<bos>,0,116.81965637207033,0.9230769230769232,semantic,"[{""token"": ""<bos>"", ""index"": 0, ""distance"": 0, ""direction"": ""self""}]",n/a,Semantic,Concept,0.7,False,,Semantic (unknown),"[{""tk"": ""city"", ""act"": 0.0}, {""tk"": ""in"", ""act"": 0.0}, {""tk"": ""Mexico"", ""act"": 0.0}, {""tk"": ""USA"", ""act"": 0.0}, {""tk"": ""is"", ""act"": 0.0}, {""tk"": ""Albuquerque"", ""act"": 0.0}, {""tk"": ""The"", ""act"": 0.0}, {""tk"": ""capital"", ""act"": 0.0}, {""tk"": ""of"", ""act"": 0.0}, {""tk"": ""state"", ""act"": 0.0}, {""tk"": ""attribute"", ""act"": 0.0}, {""tk"": ""serving"", ""act"": 0.0}, {""tk"": ""government"", ""act"": 0.0}, {""tk"": ""which"", ""act"": 0.0}, {""tk"": ""containing"", ""act"": 0.0}]"
5_32184,5,32184,"entity: A major city in New Mexico, USA is Albuquerque", in,6,2.146990776062012,0.923076923076923,functional,"[{""token"": "" Mexico"", ""index"": 8, ""distance"": 2, ""direction"": ""forward""}]",json,Semantic,Ambiguous,0.3,True,"Ambiguous: peak_cons=0.33, n_peaks=3, func_vs_sem=51.1%, layer=5",capital,"[{""tk"": ""of"", ""act"": 32.639617919921875}, {""tk"": ""capital"", ""act"": 15.967439651489258}, {""tk"": ""city"", ""act"": 14.918037414550781}, {""tk"": ""in"", ""act"": 2.1469907760620117}, {""tk"": ""is"", ""act"": 1.9061193466186523}, {""tk"": ""Mexico"", ""act"": 0.0}, {""tk"": ""USA"", ""act"": 0.0}, {""tk"": ""Albuquerque"", ""act"": 0.0}, {""tk"": ""The"", ""act"": 0.0}, {""tk"": ""state"", ""act"": 0.0}, {""tk"": ""attribute"", ""act"": 0.0}, {""tk"": ""serving"", ""act"": 0.0}, {""tk"": ""government"", ""act"": 0.0}, {""tk"": ""which"", ""act"": 0.0}, {""tk"": ""containing"", ""act"": 0.0}]"
5_4901,5,4901,"entity: A major city in New Mexico, USA is Albuquerque",<bos>,0,0.0,0.0,semantic,"[{""token"": ""<bos>"", ""index"": 0, ""distance"": 0, ""direction"": ""self""}]",n/a,Semantic,Ambiguous,0.3,True,"Ambiguous: peak_cons=0.17, n_peaks=1, func_vs_sem=100.0%, layer=5",is,"[{""tk"": ""is"", ""act"": 6.10368013381958}, {""tk"": ""city"", ""act"": 0.0}, {""tk"": ""in"", ""act"": 0.0}, {""tk"": ""Mexico"", ""act"": 0.0}, {""tk"": ""USA"", ""act"": 0.0}, {""tk"": ""Albuquerque"", ""act"": 0.0}, {""tk"": ""The"", ""act"": 0.0}, {""tk"": ""capital"", ""act"": 0.0}, {""tk"": ""of"", ""act"": 0.0}, {""tk"": ""state"", ""act"": 0.0}, {""tk"": ""attribute"", ""act"": 0.0}, {""tk"": ""serving"", ""act"": 0.0}, {""tk"": ""government"", ""act"": 0.0}, {""tk"": ""which"", ""act"": 0.0}, {""tk"": ""containing"", ""act"": 0.0}]"
5_51213,5,51213,"entity: A major city in New Mexico, USA is Albuquerque",<bos>,0,0.0,0.0,semantic,"[{""token"": ""<bos>"", ""index"": 0, ""distance"": 0, ""direction"": ""self""}]",n/a,Semantic,Concept,0.5,False,,capital,"[{""tk"": ""of"", ""act"": 18.14890480041504}, {""tk"": ""city"", ""act"": 8.983392715454102}, {""tk"": ""is"", ""act"": 5.590522766113281}, {""tk"": ""capital"", ""act"": 5.454928398132324}, {""tk"": ""government"", ""act"": 1.9978015422821045}, {""tk"": ""in"", ""act"": 0.0}, {""tk"": ""Mexico"", ""act"": 0.0}, {""tk"": ""USA"", ""act"": 0.0}, {""tk"": ""Albuquerque"", ""act"": 0.0}, {""tk"": ""The"", ""act"": 0.0}, {""tk"": ""state"", ""act"": 0.0}, {""tk"": ""attribute"", ""act"": 0.0}, {""tk"": ""serving"", ""act"": 0.0}, {""tk"": ""which"", ""act"": 0.0}, {""tk"": ""containing"", ""act"": 0.0}]"
5_67142,5,67142,"entity: A major city in New Mexico, USA is Albuquerque",<bos>,0,0.0,0.0,semantic,"[{""token"": ""<bos>"", ""index"": 0, ""distance"": 0, ""direction"": ""self""}]",n/a,Semantic,Concept,0.5,False,,city,"[{""tk"": ""is"", ""act"": 0.8227484226226807}, {""tk"": ""city"", ""act"": 0.2532155513763428}, {""tk"": ""in"", ""act"": 0.0}, {""tk"": ""Mexico"", ""act"": 0.0}, {""tk"": ""USA"", ""act"": 0.0}, {""tk"": ""Albuquerque"", ""act"": 0.0}, {""tk"": ""The"", ""act"": 0.0}, {""tk"": ""capital"", ""act"": 0.0}, {""tk"": ""of"", ""act"": 0.0}, {""tk"": ""state"", ""act"": 0.0}, {""tk"": ""attribute"", ""act"": 0.0}, {""tk"": ""serving"", ""act"": 0.0}, {""tk"": ""government"", ""act"": 0.0}, {""tk"": ""which"", ""act"": 0.0}, {""tk"": ""containing"", ""act"": 0.0}]"
6_22143,6,22143,"entity: A major city in New Mexico, USA is Albuquerque", USA,10,28.79915809631348,0.5554567828754661,semantic,"[{""token"": "" USA"", ""index"": 10, ""distance"": 0, ""direction"": ""self""}]",n/a,Semantic,Concept,0.7,False,,USA,"[{""tk"": ""USA"", ""act"": 28.799158096313477}, {""tk"": ""capital"", ""act"": 27.022661209106445}, {""tk"": ""attribute"", ""act"": 25.566389083862305}, {""tk"": ""Mexico"", ""act"": 18.2874698638916}, {""tk"": ""city"", ""act"": 17.3726863861084}, {""tk"": ""is"", ""act"": 16.952861785888672}, {""tk"": ""state"", ""act"": 13.70422649383545}, {""tk"": ""the"", ""act"": 13.393610000610352}, {""tk"": ""Albuquerque"", ""act"": 9.795988082885742}, {""tk"": ""in"", ""act"": 9.335844039916992}, {""tk"": ""which"", ""act"": 0.24917440116405487}, {""tk"": ""of"", ""act"": 0.0}, {""tk"": ""serving"", ""act"": 0.0}, {""tk"": ""government"", ""act"": 0.0}, {""tk"": ""containing"", ""act"": 0.0}]"
6_41771,6,41771,"entity: A major city in New Mexico, USA is Albuquerque", in,6,16.54599952697754,0.8533461881938239,functional,"[{""token"": "" Mexico"", ""index"": 8, ""distance"": 2, ""direction"": ""forward""}]",json,Semantic,Ambiguous,0.3,True,"Ambiguous: peak_cons=0.33, n_peaks=2, func_vs_sem=100.0%, layer=6",in,"[{""tk"": ""in"", ""act"": 16.54599952697754}, {""tk"": ""of"", ""act"": 12.72544002532959}, {""tk"": ""USA"", ""act"": 2.112595319747925}, {""tk"": ""is"", ""act"": 1.5387499332427979}, {""tk"": ""city"", ""act"": 0.0}, {""tk"": ""Mexico"", ""act"": 0.0}, {""tk"": ""Albuquerque"", ""act"": 0.0}, {""tk"": ""The"", ""act"": 0.0}, {""tk"": ""capital"", ""act"": 0.0}, {""tk"": ""state"", ""act"": 0.0}, {""tk"": ""attribute"", ""act"": 0.0}, {""tk"": ""serving"", ""act"": 0.0}, {""tk"": ""government"", ""act"": 0.0}, {""tk"": ""which"", ""act"": 0.0}, {""tk"": ""containing"", ""act"": 0.0}]"
6_78249,6,78249,"entity: A major city in New Mexico, USA is Albuquerque", Albuquerque,12,10.252307891845703,0.9230769230769232,semantic,"[{""token"": "" Albuquerque"", ""index"": 12, ""distance"": 0, ""direction"": ""self""}]",n/a,Semantic,Concept,0.9815195034373149,False,,Albuquerque,"[{""tk"": ""Albuquerque"", ""act"": 10.252307891845703}, {""tk"": ""city"", ""act"": 0.0}, {""tk"": ""in"", ""act"": 0.0}, {""tk"": ""Mexico"", ""act"": 0.0}, {""tk"": ""USA"", ""act"": 0.0}, {""tk"": ""is"", ""act"": 0.0}, {""tk"": ""The"", ""act"": 0.0}, {""tk"": ""capital"", ""act"": 0.0}, {""tk"": ""of"", ""act"": 0.0}, {""tk"": ""state"", ""act"": 0.0}, {""tk"": ""attribute"", ""act"": 0.0}, {""tk"": ""serving"", ""act"": 0.0}, {""tk"": ""government"", ""act"": 0.0}, {""tk"": ""which"", ""act"": 0.0}, {""tk"": ""containing"", ""act"": 0.0}]"
6_72419,6,72419,"entity: A major city in New Mexico, USA is Albuquerque",<bos>,0,0.0,0.0,semantic,"[{""token"": ""<bos>"", ""index"": 0, ""distance"": 0, ""direction"": ""self""}]",n/a,Semantic,Concept,0.7,False,,serving,"[{""tk"": ""serving"", ""act"": 4.5303850173950195}, {""tk"": ""which"", ""act"": 2.1901695728302}, {""tk"": ""the"", ""act"": 1.4751348495483398}, {""tk"": ""of"", ""act"": 0.9430685043334961}, {""tk"": ""is"", ""act"": 0.31030964851379395}, {""tk"": ""city"", ""act"": 0.0}, {""tk"": ""in"", ""act"": 0.0}, {""tk"": ""Mexico"", ""act"": 0.0}, {""tk"": ""USA"", ""act"": 0.0}, {""tk"": ""Albuquerque"", ""act"": 0.0}, {""tk"": ""capital"", ""act"": 0.0}, {""tk"": ""state"", ""act"": 0.0}, {""tk"": ""attribute"", ""act"": 0.0}, {""tk"": ""government"", ""act"": 0.0}, {""tk"": ""containing"", ""act"": 0.0}]"
7_31656,7,31656,"entity: A major city in New Mexico, USA is Albuquerque",<bos>,0,187.40298461914065,0.9013763512929422,semantic,"[{""token"": ""<bos>"", ""index"": 0, ""distance"": 0, ""direction"": ""self""}]",n/a,Semantic,Concept,0.7,False,,Semantic (unknown),"[{""tk"": ""attribute"", ""act"": 57.960975646972656}, {""tk"": ""city"", ""act"": 0.0}, {""tk"": ""in"", ""act"": 0.0}, {""tk"": ""Mexico"", ""act"": 0.0}, {""tk"": ""USA"", ""act"": 0.0}, {""tk"": ""is"", ""act"": 0.0}, {""tk"": ""Albuquerque"", ""act"": 0.0}, {""tk"": ""The"", ""act"": 0.0}, {""tk"": ""capital"", ""act"": 0.0}, {""tk"": ""of"", ""act"": 0.0}, {""tk"": ""state"", ""act"": 0.0}, {""tk"": ""serving"", ""act"": 0.0}, {""tk"": ""government"", ""act"": 0.0}, {""tk"": ""which"", ""act"": 0.0}, {""tk"": ""containing"", ""act"": 0.0}]"
7_66851,7,66851,"entity: A major city in New Mexico, USA is Albuquerque", major,4,41.34712219238281,0.3380627114446044,semantic,"[{""token"": "" major"", ""index"": 4, ""distance"": 0, ""direction"": ""self""}]",n/a,Semantic,Concept,0.8298288241105001,False,,capital,"[{""tk"": ""capital"", ""act"": 51.12392044067383}, {""tk"": ""The"", ""act"": 49.53570556640625}, {""tk"": ""city"", ""act"": 47.1239128112793}, {""tk"": ""attribute"", ""act"": 44.321834564208984}, {""tk"": ""state"", ""act"": 40.79597854614258}, {""tk"": ""Albuquerque"", ""act"": 40.242469787597656}, {""tk"": ""in"", ""act"": 33.60566329956055}, {""tk"": ""is"", ""act"": 30.515039443969727}, {""tk"": ""Mexico"", ""act"": 27.994733810424805}, {""tk"": ""USA"", ""act"": 27.49402618408203}, {""tk"": ""of"", ""act"": 15.559822082519531}, {""tk"": ""government"", ""act"": 14.86802864074707}, {""tk"": ""serving"", ""act"": 14.414605140686035}, {""tk"": ""which"", ""act"": 12.457620620727539}, {""tk"": ""containing"", ""act"": 9.191671371459961}]"
7_87536,7,87536,"entity: A major city in New Mexico, USA is Albuquerque",<bos>,0,32.65092468261719,0.923076923076923,semantic,"[{""token"": ""<bos>"", ""index"": 0, ""distance"": 0, ""direction"": ""self""}]",n/a,Semantic,Concept,0.7,False,,Semantic (unknown),"[{""tk"": ""is"", ""act"": 6.106446743011475}, {""tk"": ""the"", ""act"": 5.453356742858887}, {""tk"": ""city"", ""act"": 0.0}, {""tk"": ""in"", ""act"": 0.0}, {""tk"": ""Mexico"", ""act"": 0.0}, {""tk"": ""USA"", ""act"": 0.0}, {""tk"": ""Albuquerque"", ""act"": 0.0}, {""tk"": ""capital"", ""act"": 0.0}, {""tk"": ""of"", ""act"": 0.0}, {""tk"": ""state"", ""act"": 0.0}, {""tk"": ""attribute"", ""act"": 0.0}, {""tk"": ""serving"", ""act"": 0.0}, {""tk"": ""government"", ""act"": 0.0}, {""tk"": ""which"", ""act"": 0.0}, {""tk"": ""containing"", ""act"": 0.0}]"
7_16792,7,16792,"entity: A major city in New Mexico, USA is Albuquerque",",",9,9.288121223449709,0.9230769230769232,functional,"[{""token"": "" USA"", ""index"": 10, ""distance"": 1, ""direction"": ""forward""}, {""token"": "" Mexico"", ""index"": 8, ""distance"": 1, ""direction"": ""backward""}]",json,"Say ""X""",,1.0,False,,Say (Mexico),"[{""tk"": ""is"", ""act"": 0.586534857749939}, {""tk"": ""city"", ""act"": 0.0}, {""tk"": ""in"", ""act"": 0.0}, {""tk"": ""Mexico"", ""act"": 0.0}, {""tk"": ""USA"", ""act"": 0.0}, {""tk"": ""Albuquerque"", ""act"": 0.0}, {""tk"": ""The"", ""act"": 0.0}, {""tk"": ""capital"", ""act"": 0.0}, {""tk"": ""of"", ""act"": 0.0}, {""tk"": ""state"", ""act"": 0.0}, {""tk"": ""attribute"", ""act"": 0.0}, {""tk"": ""serving"", ""act"": 0.0}, {""tk"": ""government"", ""act"": 0.0}, {""tk"": ""which"", ""act"": 0.0}, {""tk"": ""containing"", ""act"": 0.0}]"
7_43751,7,43751,"entity: A major city in New Mexico, USA is Albuquerque", Mexico,8,7.606423377990723,0.8954086052111382,semantic,"[{""token"": "" Mexico"", ""index"": 8, ""distance"": 0, ""direction"": ""self""}]",n/a,Semantic,Dictionary,1.0,False,,Mexico,"[{""tk"": ""Mexico"", ""act"": 7.63051700592041}, {""tk"": ""Albuquerque"", ""act"": 2.7359402179718018}, {""tk"": ""city"", ""act"": 0.0}, {""tk"": ""in"", ""act"": 0.0}, {""tk"": ""USA"", ""act"": 0.0}, {""tk"": ""is"", ""act"": 0.0}, {""tk"": ""The"", ""act"": 0.0}, {""tk"": ""capital"", ""act"": 0.0}, {""tk"": ""of"", ""act"": 0.0}, {""tk"": ""state"", ""act"": 0.0}, {""tk"": ""attribute"", ""act"": 0.0}, {""tk"": ""serving"", ""act"": 0.0}, {""tk"": ""government"", ""act"": 0.0}, {""tk"": ""which"", ""act"": 0.0}, {""tk"": ""containing"", ""act"": 0.0}]"
7_93926,7,93926,"entity: A major city in New Mexico, USA is Albuquerque",<bos>,0,0.0,0.0,semantic,"[{""token"": ""<bos>"", ""index"": 0, ""distance"": 0, ""direction"": ""self""}]",n/a,Relationship,,1.0,False,,(city) related,"[{""tk"": ""city"", ""act"": 0.0}, {""tk"": ""in"", ""act"": 0.0}, {""tk"": ""Mexico"", ""act"": 0.0}, {""tk"": ""USA"", ""act"": 0.0}, {""tk"": ""is"", ""act"": 0.0}, {""tk"": ""Albuquerque"", ""act"": 0.0}, {""tk"": ""The"", ""act"": 0.0}, {""tk"": ""capital"", ""act"": 0.0}, {""tk"": ""of"", ""act"": 0.0}, {""tk"": ""state"", ""act"": 0.0}, {""tk"": ""attribute"", ""act"": 0.0}, {""tk"": ""serving"", ""act"": 0.0}, {""tk"": ""government"", ""act"": 0.0}, {""tk"": ""which"", ""act"": 0.0}, {""tk"": ""containing"", ""act"": 0.0}]"
8_37691,8,37691,"entity: A major city in New Mexico, USA is Albuquerque", Albuquerque,12,52.76219177246094,0.5475732366089211,semantic,"[{""token"": "" Albuquerque"", ""index"": 12, ""distance"": 0, ""direction"": ""self""}]",n/a,Semantic,Concept,0.7,False,,Mexico,"[{""tk"": ""Mexico"", ""act"": 59.39165496826172}, {""tk"": ""Albuquerque"", ""act"": 52.76219177246094}, {""tk"": ""city"", ""act"": 42.40685272216797}, {""tk"": ""state"", ""act"": 38.081817626953125}, {""tk"": ""is"", ""act"": 34.14787673950195}, {""tk"": ""in"", ""act"": 33.59162902832031}, {""tk"": ""capital"", ""act"": 32.52396774291992}, {""tk"": ""the"", ""act"": 31.789443969726562}, {""tk"": ""which"", ""act"": 26.694414138793945}, {""tk"": ""USA"", ""act"": 21.916791915893555}, {""tk"": ""containing"", ""act"": 20.22340965270996}, {""tk"": ""serving"", ""act"": 16.70884132385254}, {""tk"": ""attribute"", ""act"": 13.858716011047363}, {""tk"": ""of"", ""act"": 9.817935943603516}, {""tk"": ""government"", ""act"": 3.096951723098755}]"
8_36536,8,36536,"entity: A major city in New Mexico, USA is Albuquerque", Mexico,8,2.971287965774536,0.9230769230769232,semantic,"[{""token"": "" Mexico"", ""index"": 8, ""distance"": 0, ""direction"": ""self""}]",n/a,Semantic,Concept,0.7840964102119956,False,,Mexico,"[{""tk"": ""Mexico"", ""act"": 5.594794273376465}, {""tk"": ""city"", ""act"": 0.0}, {""tk"": ""in"", ""act"": 0.0}, {""tk"": ""USA"", ""act"": 0.0}, {""tk"": ""is"", ""act"": 0.0}, {""tk"": ""Albuquerque"", ""act"": 0.0}, {""tk"": ""The"", ""act"": 0.0}, {""tk"": ""capital"", ""act"": 0.0}, {""tk"": ""of"", ""act"": 0.0}, {""tk"": ""state"", ""act"": 0.0}, {""tk"": ""attribute"", ""act"": 0.0}, {""tk"": ""serving"", ""act"": 0.0}, {""tk"": ""government"", ""act"": 0.0}, {""tk"": ""which"", ""act"": 0.0}, {""tk"": ""containing"", ""act"": 0.0}]"
8_91259,8,91259,"entity: A major city in New Mexico, USA is Albuquerque",<bos>,0,0.0,0.0,semantic,"[{""token"": ""<bos>"", ""index"": 0, ""distance"": 0, ""direction"": ""self""}]",n/a,"Say ""X""",,1.0,False,,Say (Santa),"[{""tk"": ""is"", ""act"": 4.590198040008545}, {""tk"": ""city"", ""act"": 1.4647231101989746}, {""tk"": ""in"", ""act"": 0.0}, {""tk"": ""Mexico"", ""act"": 0.0}, {""tk"": ""USA"", ""act"": 0.0}, {""tk"": ""Albuquerque"", ""act"": 0.0}, {""tk"": ""The"", ""act"": 0.0}, {""tk"": ""capital"", ""act"": 0.0}, {""tk"": ""of"", ""act"": 0.0}, {""tk"": ""state"", ""act"": 0.0}, {""tk"": ""attribute"", ""act"": 0.0}, {""tk"": ""serving"", ""act"": 0.0}, {""tk"": ""government"", ""act"": 0.0}, {""tk"": ""which"", ""act"": 0.0}, {""tk"": ""containing"", ""act"": 0.0}]"
9_4679,9,4679,"entity: A major city in New Mexico, USA is Albuquerque",",",9,8.748550415039062,0.911617382254744,functional,"[{""token"": "" USA"", ""index"": 10, ""distance"": 1, ""direction"": ""forward""}, {""token"": "" Mexico"", ""index"": 8, ""distance"": 1, ""direction"": ""backward""}]",json,Semantic,Concept,0.6,False,,Semantic (unknown),"[{""tk"": ""is"", ""act"": 3.3353874683380127}, {""tk"": ""the"", ""act"": 0.06924128532409668}, {""tk"": ""city"", ""act"": 0.0}, {""tk"": ""in"", ""act"": 0.0}, {""tk"": ""Mexico"", ""act"": 0.0}, {""tk"": ""USA"", ""act"": 0.0}, {""tk"": ""Albuquerque"", ""act"": 0.0}, {""tk"": ""capital"", ""act"": 0.0}, {""tk"": ""of"", ""act"": 0.0}, {""tk"": ""state"", ""act"": 0.0}, {""tk"": ""attribute"", ""act"": 0.0}, {""tk"": ""serving"", ""act"": 0.0}, {""tk"": ""government"", ""act"": 0.0}, {""tk"": ""which"", ""act"": 0.0}, {""tk"": ""containing"", ""act"": 0.0}]"
9_80247,9,80247,"entity: A major city in New Mexico, USA is Albuquerque",<bos>,0,3.692604541778565,0.9230769230769232,semantic,"[{""token"": ""<bos>"", ""index"": 0, ""distance"": 0, ""direction"": ""self""}]",n/a,Semantic,Concept,0.777133374016673,False,,Semantic (unknown),"[{""tk"": ""of"", ""act"": 4.751571178436279}, {""tk"": ""city"", ""act"": 3.7413077354431152}, {""tk"": ""capital"", ""act"": 2.922091007232666}, {""tk"": ""is"", ""act"": 2.8428173065185547}, {""tk"": ""in"", ""act"": 0.0}, {""tk"": ""Mexico"", ""act"": 0.0}, {""tk"": ""USA"", ""act"": 0.0}, {""tk"": ""Albuquerque"", ""act"": 0.0}, {""tk"": ""The"", ""act"": 0.0}, {""tk"": ""state"", ""act"": 0.0}, {""tk"": ""attribute"", ""act"": 0.0}, {""tk"": ""serving"", ""act"": 0.0}, {""tk"": ""government"", ""act"": 0.0}, {""tk"": ""which"", ""act"": 0.0}, {""tk"": ""containing"", ""act"": 0.0}]"
9_45728,9,45728,"entity: A major city in New Mexico, USA is Albuquerque",<bos>,0,0.0,0.0,semantic,"[{""token"": ""<bos>"", ""index"": 0, ""distance"": 0, ""direction"": ""self""}]",n/a,"Say ""X""",,1.0,False,,Say (Santa),"[{""tk"": ""is"", ""act"": 3.102635383605957}, {""tk"": ""city"", ""act"": 2.281641960144043}, {""tk"": ""in"", ""act"": 0.0}, {""tk"": ""Mexico"", ""act"": 0.0}, {""tk"": ""USA"", ""act"": 0.0}, {""tk"": ""Albuquerque"", ""act"": 0.0}, {""tk"": ""The"", ""act"": 0.0}, {""tk"": ""capital"", ""act"": 0.0}, {""tk"": ""of"", ""act"": 0.0}, {""tk"": ""state"", ""act"": 0.0}, {""tk"": ""attribute"", ""act"": 0.0}, {""tk"": ""serving"", ""act"": 0.0}, {""tk"": ""government"", ""act"": 0.0}, {""tk"": ""which"", ""act"": 0.0}, {""tk"": ""containing"", ""act"": 0.0}]"
9_73919,9,73919,"entity: A major city in New Mexico, USA is Albuquerque",<bos>,0,0.0,0.0,semantic,"[{""token"": ""<bos>"", ""index"": 0, ""distance"": 0, ""direction"": ""self""}]",n/a,Semantic,Concept,0.8105652809566078,False,,capital,"[{""tk"": ""is"", ""act"": 10.806119918823242}, {""tk"": ""capital"", ""act"": 8.759065628051758}, {""tk"": ""city"", ""act"": 5.948211193084717}, {""tk"": ""government"", ""act"": 4.144934177398682}, {""tk"": ""the"", ""act"": 2.876901149749756}, {""tk"": ""of"", ""act"": 1.1971888542175293}, {""tk"": ""in"", ""act"": 0.0}, {""tk"": ""Mexico"", ""act"": 0.0}, {""tk"": ""USA"", ""act"": 0.0}, {""tk"": ""Albuquerque"", ""act"": 0.0}, {""tk"": ""state"", ""act"": 0.0}, {""tk"": ""attribute"", ""act"": 0.0}, {""tk"": ""serving"", ""act"": 0.0}, {""tk"": ""which"", ""act"": 0.0}, {""tk"": ""containing"", ""act"": 0.0}]"
11_50131,11,50131,"entity: A major city in New Mexico, USA is Albuquerque", Mexico,8,42.61569213867188,0.5482356605049697,semantic,"[{""token"": "" Mexico"", ""index"": 8, ""distance"": 0, ""direction"": ""self""}]",n/a,Semantic,Concept,0.7,False,,Mexico,"[{""tk"": ""Mexico"", ""act"": 42.615692138671875}, {""tk"": ""Albuquerque"", ""act"": 39.58534622192383}, {""tk"": ""city"", ""act"": 32.62867736816406}, {""tk"": ""capital"", ""act"": 32.42369842529297}, {""tk"": ""state"", ""act"": 31.960853576660156}, {""tk"": ""USA"", ""act"": 29.681310653686523}, {""tk"": ""is"", ""act"": 24.310089111328125}, {""tk"": ""government"", ""act"": 16.808237075805664}, {""tk"": ""serving"", ""act"": 16.625158309936523}, {""tk"": ""the"", ""act"": 14.164325714111328}, {""tk"": ""of"", ""act"": 13.586553573608398}, {""tk"": ""containing"", ""act"": 11.94537353515625}, {""tk"": ""in"", ""act"": 10.796977996826172}, {""tk"": ""attribute"", ""act"": 0.0}, {""tk"": ""which"", ""act"": 0.0}]"
12_1425,12,1425,"entity: A major city in New Mexico, USA is Albuquerque", Mexico,8,17.01272964477539,0.5927956836656751,semantic,"[{""token"": "" Mexico"", ""index"": 8, ""distance"": 0, ""direction"": ""self""}]",n/a,Semantic,Concept,0.7,False,,Mexico,"[{""tk"": ""Mexico"", ""act"": 28.428173065185547}, {""tk"": ""is"", ""act"": 15.404938697814941}, {""tk"": ""USA"", ""act"": 11.879027366638184}, {""tk"": ""city"", ""act"": 10.927748680114746}, {""tk"": ""The"", ""act"": 10.412038803100586}, {""tk"": ""Albuquerque"", ""act"": 9.932357788085938}, {""tk"": ""in"", ""act"": 8.942582130432129}, {""tk"": ""state"", ""act"": 7.644002437591553}, {""tk"": ""which"", ""act"": 6.366332054138184}, {""tk"": ""serving"", ""act"": 6.0768046379089355}, {""tk"": ""government"", ""act"": 3.722025156021118}, {""tk"": ""of"", ""act"": 1.7573516368865967}, {""tk"": ""capital"", ""act"": 0.0}, {""tk"": ""attribute"", ""act"": 0.0}, {""tk"": ""containing"", ""act"": 0.0}]"
12_10809,12,10809,"entity: A major city in New Mexico, USA is Albuquerque",<bos>,0,0.0,0.0,semantic,"[{""token"": ""<bos>"", ""index"": 0, ""distance"": 0, ""direction"": ""self""}]",n/a,Relationship,,1.0,False,,(city) related,"[{""tk"": ""city"", ""act"": 0.0}, {""tk"": ""in"", ""act"": 0.0}, {""tk"": ""Mexico"", ""act"": 0.0}, {""tk"": ""USA"", ""act"": 0.0}, {""tk"": ""is"", ""act"": 0.0}, {""tk"": ""Albuquerque"", ""act"": 0.0}, {""tk"": ""The"", ""act"": 0.0}, {""tk"": ""capital"", ""act"": 0.0}, {""tk"": ""of"", ""act"": 0.0}, {""tk"": ""state"", ""act"": 0.0}, {""tk"": ""attribute"", ""act"": 0.0}, {""tk"": ""serving"", ""act"": 0.0}, {""tk"": ""government"", ""act"": 0.0}, {""tk"": ""which"", ""act"": 0.0}, {""tk"": ""containing"", ""act"": 0.0}]"
13_41102,13,41102,"entity: A major city in New Mexico, USA is Albuquerque",<bos>,0,0.0,0.0,semantic,"[{""token"": ""<bos>"", ""index"": 0, ""distance"": 0, ""direction"": ""self""}]",n/a,Relationship,,1.0,False,,(city) related,"[{""tk"": ""city"", ""act"": 0.0}, {""tk"": ""in"", ""act"": 0.0}, {""tk"": ""Mexico"", ""act"": 0.0}, {""tk"": ""USA"", ""act"": 0.0}, {""tk"": ""is"", ""act"": 0.0}, {""tk"": ""Albuquerque"", ""act"": 0.0}, {""tk"": ""The"", ""act"": 0.0}, {""tk"": ""capital"", ""act"": 0.0}, {""tk"": ""of"", ""act"": 0.0}, {""tk"": ""state"", ""act"": 0.0}, {""tk"": ""attribute"", ""act"": 0.0}, {""tk"": ""serving"", ""act"": 0.0}, {""tk"": ""government"", ""act"": 0.0}, {""tk"": ""which"", ""act"": 0.0}, {""tk"": ""containing"", ""act"": 0.0}]"
15_44048,15,44048,"entity: A major city in New Mexico, USA is Albuquerque",<bos>,0,31.741321563720703,0.923076923076923,semantic,"[{""token"": ""<bos>"", ""index"": 0, ""distance"": 0, ""direction"": ""self""}]",n/a,Semantic,Concept,0.7,False,,Semantic (unknown),"[{""tk"": ""is"", ""act"": 0.8375864028930664}, {""tk"": ""city"", ""act"": 0.0}, {""tk"": ""in"", ""act"": 0.0}, {""tk"": ""Mexico"", ""act"": 0.0}, {""tk"": ""USA"", ""act"": 0.0}, {""tk"": ""Albuquerque"", ""act"": 0.0}, {""tk"": ""The"", ""act"": 0.0}, {""tk"": ""capital"", ""act"": 0.0}, {""tk"": ""of"", ""act"": 0.0}, {""tk"": ""state"", ""act"": 0.0}, {""tk"": ""attribute"", ""act"": 0.0}, {""tk"": ""serving"", ""act"": 0.0}, {""tk"": ""government"", ""act"": 0.0}, {""tk"": ""which"", ""act"": 0.0}, {""tk"": ""containing"", ""act"": 0.0}]"
15_74824,15,74824,"entity: A major city in New Mexico, USA is Albuquerque",<bos>,0,0.0,0.0,semantic,"[{""token"": ""<bos>"", ""index"": 0, ""distance"": 0, ""direction"": ""self""}]",n/a,"Say ""X""",,1.0,False,,Say (Santa),"[{""tk"": ""is"", ""act"": 14.228734016418457}, {""tk"": ""city"", ""act"": 0.0}, {""tk"": ""in"", ""act"": 0.0}, {""tk"": ""Mexico"", ""act"": 0.0}, {""tk"": ""USA"", ""act"": 0.0}, {""tk"": ""Albuquerque"", ""act"": 0.0}, {""tk"": ""The"", ""act"": 0.0}, {""tk"": ""capital"", ""act"": 0.0}, {""tk"": ""of"", ""act"": 0.0}, {""tk"": ""state"", ""act"": 0.0}, {""tk"": ""attribute"", ""act"": 0.0}, {""tk"": ""serving"", ""act"": 0.0}, {""tk"": ""government"", ""act"": 0.0}, {""tk"": ""which"", ""act"": 0.0}, {""tk"": ""containing"", ""act"": 0.0}]"
16_29578,16,29578,"entity: A major city in New Mexico, USA is Albuquerque",<bos>,0,0.0,0.0,semantic,"[{""token"": ""<bos>"", ""index"": 0, ""distance"": 0, ""direction"": ""self""}]",n/a,"Say ""X""",,1.0,False,,Say (Mexico),"[{""tk"": ""is"", ""act"": 1.8383522033691406}, {""tk"": ""in"", ""act"": 1.6670656204223633}, {""tk"": ""Mexico"", ""act"": 0.23804855346679688}, {""tk"": ""city"", ""act"": 0.0}, {""tk"": ""USA"", ""act"": 0.0}, {""tk"": ""Albuquerque"", ""act"": 0.0}, {""tk"": ""The"", ""act"": 0.0}, {""tk"": ""capital"", ""act"": 0.0}, {""tk"": ""of"", ""act"": 0.0}, {""tk"": ""state"", ""act"": 0.0}, {""tk"": ""attribute"", ""act"": 0.0}, {""tk"": ""serving"", ""act"": 0.0}, {""tk"": ""government"", ""act"": 0.0}, {""tk"": ""which"", ""act"": 0.0}, {""tk"": ""containing"", ""act"": 0.0}]"
16_37465,16,37465,"entity: A major city in New Mexico, USA is Albuquerque",<bos>,0,0.0,0.0,semantic,"[{""token"": ""<bos>"", ""index"": 0, ""distance"": 0, ""direction"": ""self""}]",n/a,"Say ""X""",,1.0,False,,Say (Santa),"[{""tk"": ""is"", ""act"": 6.786016464233398}, {""tk"": ""city"", ""act"": 0.0}, {""tk"": ""in"", ""act"": 0.0}, {""tk"": ""Mexico"", ""act"": 0.0}, {""tk"": ""USA"", ""act"": 0.0}, {""tk"": ""Albuquerque"", ""act"": 0.0}, {""tk"": ""The"", ""act"": 0.0}, {""tk"": ""capital"", ""act"": 0.0}, {""tk"": ""of"", ""act"": 0.0}, {""tk"": ""state"", ""act"": 0.0}, {""tk"": ""attribute"", ""act"": 0.0}, {""tk"": ""serving"", ""act"": 0.0}, {""tk"": ""government"", ""act"": 0.0}, {""tk"": ""which"", ""act"": 0.0}, {""tk"": ""containing"", ""act"": 0.0}]"
17_93962,17,93962,"entity: A major city in New Mexico, USA is Albuquerque",<bos>,0,0.0,0.0,semantic,"[{""token"": ""<bos>"", ""index"": 0, ""distance"": 0, ""direction"": ""self""}]",n/a,"Say ""X""",,1.0,False,,Say (Santa),"[{""tk"": ""is"", ""act"": 28.189746856689453}, {""tk"": ""city"", ""act"": 0.0}, {""tk"": ""in"", ""act"": 0.0}, {""tk"": ""Mexico"", ""act"": 0.0}, {""tk"": ""USA"", ""act"": 0.0}, {""tk"": ""Albuquerque"", ""act"": 0.0}, {""tk"": ""The"", ""act"": 0.0}, {""tk"": ""capital"", ""act"": 0.0}, {""tk"": ""of"", ""act"": 0.0}, {""tk"": ""state"", ""act"": 0.0}, {""tk"": ""attribute"", ""act"": 0.0}, {""tk"": ""serving"", ""act"": 0.0}, {""tk"": ""government"", ""act"": 0.0}, {""tk"": ""which"", ""act"": 0.0}, {""tk"": ""containing"", ""act"": 0.0}]"
20_67772,20,67772,"entity: A major city in New Mexico, USA is Albuquerque", Albuquerque,12,9.609615325927734,0.923076923076923,semantic,"[{""token"": "" Albuquerque"", ""index"": 12, ""distance"": 0, ""direction"": ""self""}]",n/a,Semantic,Concept,0.6666666666666667,False,,Albuquerque,"[{""tk"": ""is"", ""act"": 48.817848205566406}, {""tk"": ""Albuquerque"", ""act"": 9.609615325927734}, {""tk"": ""Mexico"", ""act"": 3.7281837463378906}, {""tk"": ""city"", ""act"": 0.0}, {""tk"": ""in"", ""act"": 0.0}, {""tk"": ""USA"", ""act"": 0.0}, {""tk"": ""The"", ""act"": 0.0}, {""tk"": ""capital"", ""act"": 0.0}, {""tk"": ""of"", ""act"": 0.0}, {""tk"": ""state"", ""act"": 0.0}, {""tk"": ""attribute"", ""act"": 0.0}, {""tk"": ""serving"", ""act"": 0.0}, {""tk"": ""government"", ""act"": 0.0}, {""tk"": ""which"", ""act"": 0.0}, {""tk"": ""containing"", ""act"": 0.0}]"
20_67784,20,67784,"entity: A major city in New Mexico, USA is Albuquerque",<bos>,0,0.0,0.0,semantic,"[{""token"": ""<bos>"", ""index"": 0, ""distance"": 0, ""direction"": ""self""}]",n/a,"Say ""X""",,1.0,False,,Say (city),"[{""tk"": ""of"", ""act"": 3.863483428955078}, {""tk"": ""city"", ""act"": 0.0}, {""tk"": ""in"", ""act"": 0.0}, {""tk"": ""Mexico"", ""act"": 0.0}, {""tk"": ""USA"", ""act"": 0.0}, {""tk"": ""is"", ""act"": 0.0}, {""tk"": ""Albuquerque"", ""act"": 0.0}, {""tk"": ""The"", ""act"": 0.0}, {""tk"": ""capital"", ""act"": 0.0}, {""tk"": ""state"", ""act"": 0.0}, {""tk"": ""attribute"", ""act"": 0.0}, {""tk"": ""serving"", ""act"": 0.0}, {""tk"": ""government"", ""act"": 0.0}, {""tk"": ""which"", ""act"": 0.0}, {""tk"": ""containing"", ""act"": 0.0}]"
22_32893,22,32893,"entity: A major city in New Mexico, USA is Albuquerque",<bos>,0,0.0,0.0,semantic,"[{""token"": ""<bos>"", ""index"": 0, ""distance"": 0, ""direction"": ""self""}]",n/a,"Say ""X""",,1.0,False,,Say (Santa),"[{""tk"": ""is"", ""act"": 17.36086082458496}, {""tk"": ""city"", ""act"": 0.0}, {""tk"": ""in"", ""act"": 0.0}, {""tk"": ""Mexico"", ""act"": 0.0}, {""tk"": ""USA"", ""act"": 0.0}, {""tk"": ""Albuquerque"", ""act"": 0.0}, {""tk"": ""The"", ""act"": 0.0}, {""tk"": ""capital"", ""act"": 0.0}, {""tk"": ""of"", ""act"": 0.0}, {""tk"": ""state"", ""act"": 0.0}, {""tk"": ""attribute"", ""act"": 0.0}, {""tk"": ""serving"", ""act"": 0.0}, {""tk"": ""government"", ""act"": 0.0}, {""tk"": ""which"", ""act"": 0.0}, {""tk"": ""containing"", ""act"": 0.0}]"
22_43081,22,43081,"entity: A major city in New Mexico, USA is Albuquerque",<bos>,0,0.0,0.0,semantic,"[{""token"": ""<bos>"", ""index"": 0, ""distance"": 0, ""direction"": ""self""}]",n/a,"Say ""X""",,1.0,False,,Say (Santa),"[{""tk"": ""is"", ""act"": 18.35700035095215}, {""tk"": ""city"", ""act"": 0.0}, {""tk"": ""in"", ""act"": 0.0}, {""tk"": ""Mexico"", ""act"": 0.0}, {""tk"": ""USA"", ""act"": 0.0}, {""tk"": ""Albuquerque"", ""act"": 0.0}, {""tk"": ""The"", ""act"": 0.0}, {""tk"": ""capital"", ""act"": 0.0}, {""tk"": ""of"", ""act"": 0.0}, {""tk"": ""state"", ""act"": 0.0}, {""tk"": ""attribute"", ""act"": 0.0}, {""tk"": ""serving"", ""act"": 0.0}, {""tk"": ""government"", ""act"": 0.0}, {""tk"": ""which"", ""act"": 0.0}, {""tk"": ""containing"", ""act"": 0.0}]"
22_50146,22,50146,"entity: A major city in New Mexico, USA is Albuquerque",<bos>,0,0.0,0.0,semantic,"[{""token"": ""<bos>"", ""index"": 0, ""distance"": 0, ""direction"": ""self""}]",n/a,"Say ""X""",,1.0,False,,Say (Santa),"[{""tk"": ""is"", ""act"": 9.938701629638672}, {""tk"": ""city"", ""act"": 0.0}, {""tk"": ""in"", ""act"": 0.0}, {""tk"": ""Mexico"", ""act"": 0.0}, {""tk"": ""USA"", ""act"": 0.0}, {""tk"": ""Albuquerque"", ""act"": 0.0}, {""tk"": ""The"", ""act"": 0.0}, {""tk"": ""capital"", ""act"": 0.0}, {""tk"": ""of"", ""act"": 0.0}, {""tk"": ""state"", ""act"": 0.0}, {""tk"": ""attribute"", ""act"": 0.0}, {""tk"": ""serving"", ""act"": 0.0}, {""tk"": ""government"", ""act"": 0.0}, {""tk"": ""which"", ""act"": 0.0}, {""tk"": ""containing"", ""act"": 0.0}]"
23_69963,23,69963,"entity: A major city in New Mexico, USA is Albuquerque",<bos>,0,4.39845085144043,0.9230769230769232,semantic,"[{""token"": ""<bos>"", ""index"": 0, ""distance"": 0, ""direction"": ""self""}]",n/a,Semantic,Concept,0.8,False,,Semantic (unknown),"[{""tk"": ""is"", ""act"": 11.132179260253906}, {""tk"": ""city"", ""act"": 0.0}, {""tk"": ""in"", ""act"": 0.0}, {""tk"": ""Mexico"", ""act"": 0.0}, {""tk"": ""USA"", ""act"": 0.0}, {""tk"": ""Albuquerque"", ""act"": 0.0}, {""tk"": ""The"", ""act"": 0.0}, {""tk"": ""capital"", ""act"": 0.0}, {""tk"": ""of"", ""act"": 0.0}, {""tk"": ""state"", ""act"": 0.0}, {""tk"": ""attribute"", ""act"": 0.0}, {""tk"": ""serving"", ""act"": 0.0}, {""tk"": ""government"", ""act"": 0.0}, {""tk"": ""which"", ""act"": 0.0}, {""tk"": ""containing"", ""act"": 0.0}]"
23_68367,23,68367,"entity: A major city in New Mexico, USA is Albuquerque",<bos>,0,0.0,0.0,semantic,"[{""token"": ""<bos>"", ""index"": 0, ""distance"": 0, ""direction"": ""self""}]",n/a,"Say ""X""",,1.0,False,,Say (Santa),"[{""tk"": ""is"", ""act"": 5.944572925567627}, {""tk"": ""city"", ""act"": 0.0}, {""tk"": ""in"", ""act"": 0.0}, {""tk"": ""Mexico"", ""act"": 0.0}, {""tk"": ""USA"", ""act"": 0.0}, {""tk"": ""Albuquerque"", ""act"": 0.0}, {""tk"": ""The"", ""act"": 0.0}, {""tk"": ""capital"", ""act"": 0.0}, {""tk"": ""of"", ""act"": 0.0}, {""tk"": ""state"", ""act"": 0.0}, {""tk"": ""attribute"", ""act"": 0.0}, {""tk"": ""serving"", ""act"": 0.0}, {""tk"": ""government"", ""act"": 0.0}, {""tk"": ""which"", ""act"": 0.0}, {""tk"": ""containing"", ""act"": 0.0}]"
0_40780,0,40780,entity: The capital city of New Mexico is Santa Fe, is,9,47.58151626586914,0.7310571422351431,functional,"[{""token"": "" Santa"", ""index"": 10, ""distance"": 1, ""direction"": ""forward""}]",json,Semantic,Dictionary (fallback),0.9,False,,which,"[{""tk"": ""which"", ""act"": 59.63111114501953}, {""tk"": ""the"", ""act"": 57.446224212646484}, {""tk"": ""is"", ""act"": 51.05736541748047}, {""tk"": ""in"", ""act"": 48.9953727722168}, {""tk"": ""of"", ""act"": 37.325950622558594}, {""tk"": ""city"", ""act"": 0.0}, {""tk"": ""Mexico"", ""act"": 0.0}, {""tk"": ""USA"", ""act"": 0.0}, {""tk"": ""Albuquerque"", ""act"": 0.0}, {""tk"": ""capital"", ""act"": 0.0}, {""tk"": ""state"", ""act"": 0.0}, {""tk"": ""attribute"", ""act"": 0.0}, {""tk"": ""serving"", ""act"": 0.0}, {""tk"": ""government"", ""act"": 0.0}, {""tk"": ""containing"", ""act"": 0.0}]"
0_54572,0,54572,entity: The capital city of New Mexico is Santa Fe, The,3,30.514068603515625,0.9166666666666666,functional,"[{""token"": "" capital"", ""index"": 4, ""distance"": 1, ""direction"": ""forward""}]",json,Semantic,Dictionary (fallback),0.9,False,,The,"[{""tk"": ""The"", ""act"": 30.514068603515625}, {""tk"": ""city"", ""act"": 0.0}, {""tk"": ""in"", ""act"": 0.0}, {""tk"": ""Mexico"", ""act"": 0.0}, {""tk"": ""USA"", ""act"": 0.0}, {""tk"": ""is"", ""act"": 0.0}, {""tk"": ""Albuquerque"", ""act"": 0.0}, {""tk"": ""capital"", ""act"": 0.0}, {""tk"": ""of"", ""act"": 0.0}, {""tk"": ""state"", ""act"": 0.0}, {""tk"": ""attribute"", ""act"": 0.0}, {""tk"": ""serving"", ""act"": 0.0}, {""tk"": ""government"", ""act"": 0.0}, {""tk"": ""which"", ""act"": 0.0}, {""tk"": ""containing"", ""act"": 0.0}]"
0_19204,0,19204,entity: The capital city of New Mexico is Santa Fe,<bos>,0,19.44998550415039,0.9166666666666666,semantic,"[{""token"": ""<bos>"", ""index"": 0, ""distance"": 0, ""direction"": ""self""}]",n/a,Semantic,Dictionary (fallback),0.9,False,,Semantic (unknown),"[{""tk"": ""city"", ""act"": 0.0}, {""tk"": ""in"", ""act"": 0.0}, {""tk"": ""Mexico"", ""act"": 0.0}, {""tk"": ""USA"", ""act"": 0.0}, {""tk"": ""is"", ""act"": 0.0}, {""tk"": ""Albuquerque"", ""act"": 0.0}, {""tk"": ""The"", ""act"": 0.0}, {""tk"": ""capital"", ""act"": 0.0}, {""tk"": ""of"", ""act"": 0.0}, {""tk"": ""state"", ""act"": 0.0}, {""tk"": ""attribute"", ""act"": 0.0}, {""tk"": ""serving"", ""act"": 0.0}, {""tk"": ""government"", ""act"": 0.0}, {""tk"": ""which"", ""act"": 0.0}, {""tk"": ""containing"", ""act"": 0.0}]"
0_5916,0,5916,entity: The capital city of New Mexico is Santa Fe, capital,4,18.749942779541016,0.9166666666666666,semantic,"[{""token"": "" capital"", ""index"": 4, ""distance"": 0, ""direction"": ""self""}]",n/a,Semantic,Dictionary (fallback),0.9,False,,capital,"[{""tk"": ""capital"", ""act"": 18.749942779541016}, {""tk"": ""city"", ""act"": 0.0}, {""tk"": ""in"", ""act"": 0.0}, {""tk"": ""Mexico"", ""act"": 0.0}, {""tk"": ""USA"", ""act"": 0.0}, {""tk"": ""is"", ""act"": 0.0}, {""tk"": ""Albuquerque"", ""act"": 0.0}, {""tk"": ""The"", ""act"": 0.0}, {""tk"": ""of"", ""act"": 0.0}, {""tk"": ""state"", ""act"": 0.0}, {""tk"": ""attribute"", ""act"": 0.0}, {""tk"": ""serving"", ""act"": 0.0}, {""tk"": ""government"", ""act"": 0.0}, {""tk"": ""which"", ""act"": 0.0}, {""tk"": ""containing"", ""act"": 0.0}]"
0_14810,0,14810,entity: The capital city of New Mexico is Santa Fe, of,6,17.059555053710938,0.9166666666666669,functional,"[{""token"": "" city"", ""index"": 5, ""distance"": 1, ""direction"": ""backward""}]",json,Semantic,Dictionary,1.0,False,,of,"[{""tk"": ""of"", ""act"": 17.059555053710938}, {""tk"": ""city"", ""act"": 0.0}, {""tk"": ""in"", ""act"": 0.0}, {""tk"": ""Mexico"", ""act"": 0.0}, {""tk"": ""USA"", ""act"": 0.0}, {""tk"": ""is"", ""act"": 0.0}, {""tk"": ""Albuquerque"", ""act"": 0.0}, {""tk"": ""The"", ""act"": 0.0}, {""tk"": ""capital"", ""act"": 0.0}, {""tk"": ""state"", ""act"": 0.0}, {""tk"": ""attribute"", ""act"": 0.0}, {""tk"": ""serving"", ""act"": 0.0}, {""tk"": ""government"", ""act"": 0.0}, {""tk"": ""which"", ""act"": 0.0}, {""tk"": ""containing"", ""act"": 0.0}]"
0_91570,0,91570,entity: The capital city of New Mexico is Santa Fe,<bos>,0,15.283381462097168,0.8742383447377654,semantic,"[{""token"": ""<bos>"", ""index"": 0, ""distance"": 0, ""direction"": ""self""}]",n/a,Semantic,Dictionary (fallback),0.9,False,,attribute,"[{""tk"": ""attribute"", ""act"": 21.15618896484375}, {""tk"": ""city"", ""act"": 0.0}, {""tk"": ""in"", ""act"": 0.0}, {""tk"": ""Mexico"", ""act"": 0.0}, {""tk"": ""USA"", ""act"": 0.0}, {""tk"": ""is"", ""act"": 0.0}, {""tk"": ""Albuquerque"", ""act"": 0.0}, {""tk"": ""The"", ""act"": 0.0}, {""tk"": ""capital"", ""act"": 0.0}, {""tk"": ""of"", ""act"": 0.0}, {""tk"": ""state"", ""act"": 0.0}, {""tk"": ""serving"", ""act"": 0.0}, {""tk"": ""government"", ""act"": 0.0}, {""tk"": ""which"", ""act"": 0.0}, {""tk"": ""containing"", ""act"": 0.0}]"
0_37445,0,37445,entity: The capital city of New Mexico is Santa Fe,<bos>,0,15.157523155212402,0.9166666666666666,semantic,"[{""token"": ""<bos>"", ""index"": 0, ""distance"": 0, ""direction"": ""self""}]",n/a,Semantic,Dictionary (fallback),0.9,False,,Semantic (unknown),"[{""tk"": ""Albuquerque"", ""act"": 7.536114692687988}, {""tk"": ""city"", ""act"": 0.0}, {""tk"": ""in"", ""act"": 0.0}, {""tk"": ""Mexico"", ""act"": 0.0}, {""tk"": ""USA"", ""act"": 0.0}, {""tk"": ""is"", ""act"": 0.0}, {""tk"": ""The"", ""act"": 0.0}, {""tk"": ""capital"", ""act"": 0.0}, {""tk"": ""of"", ""act"": 0.0}, {""tk"": ""state"", ""act"": 0.0}, {""tk"": ""attribute"", ""act"": 0.0}, {""tk"": ""serving"", ""act"": 0.0}, {""tk"": ""government"", ""act"": 0.0}, {""tk"": ""which"", ""act"": 0.0}, {""tk"": ""containing"", ""act"": 0.0}]"
0_53491,0,53491,entity: The capital city of New Mexico is Santa Fe, capital,4,14.992042541503906,0.9166666666666669,semantic,"[{""token"": "" capital"", ""index"": 4, ""distance"": 0, ""direction"": ""self""}]",n/a,Semantic,Dictionary,1.0,False,,capital,"[{""tk"": ""capital"", ""act"": 16.344919204711914}, {""tk"": ""city"", ""act"": 0.0}, {""tk"": ""in"", ""act"": 0.0}, {""tk"": ""Mexico"", ""act"": 0.0}, {""tk"": ""USA"", ""act"": 0.0}, {""tk"": ""is"", ""act"": 0.0}, {""tk"": ""Albuquerque"", ""act"": 0.0}, {""tk"": ""The"", ""act"": 0.0}, {""tk"": ""of"", ""act"": 0.0}, {""tk"": ""state"", ""act"": 0.0}, {""tk"": ""attribute"", ""act"": 0.0}, {""tk"": ""serving"", ""act"": 0.0}, {""tk"": ""government"", ""act"": 0.0}, {""tk"": ""which"", ""act"": 0.0}, {""tk"": ""containing"", ""act"": 0.0}]"
0_23293,0,23293,entity: The capital city of New Mexico is Santa Fe, capital,4,12.35552215576172,0.9166666666666666,semantic,"[{""token"": "" capital"", ""index"": 4, ""distance"": 0, ""direction"": ""self""}]",n/a,Semantic,Dictionary,1.0,False,,capital,"[{""tk"": ""capital"", ""act"": 12.355522155761719}, {""tk"": ""city"", ""act"": 0.0}, {""tk"": ""in"", ""act"": 0.0}, {""tk"": ""Mexico"", ""act"": 0.0}, {""tk"": ""USA"", ""act"": 0.0}, {""tk"": ""is"", ""act"": 0.0}, {""tk"": ""Albuquerque"", ""act"": 0.0}, {""tk"": ""The"", ""act"": 0.0}, {""tk"": ""of"", ""act"": 0.0}, {""tk"": ""state"", ""act"": 0.0}, {""tk"": ""attribute"", ""act"": 0.0}, {""tk"": ""serving"", ""act"": 0.0}, {""tk"": ""government"", ""act"": 0.0}, {""tk"": ""which"", ""act"": 0.0}, {""tk"": ""containing"", ""act"": 0.0}]"
0_37416,0,37416,entity: The capital city of New Mexico is Santa Fe, capital,4,12.284197807312012,0.9166666666666666,semantic,"[{""token"": "" capital"", ""index"": 4, ""distance"": 0, ""direction"": ""self""}]",n/a,Semantic,Dictionary,1.0,False,,capital,"[{""tk"": ""capital"", ""act"": 12.284197807312012}, {""tk"": ""city"", ""act"": 0.0}, {""tk"": ""in"", ""act"": 0.0}, {""tk"": ""Mexico"", ""act"": 0.0}, {""tk"": ""USA"", ""act"": 0.0}, {""tk"": ""is"", ""act"": 0.0}, {""tk"": ""Albuquerque"", ""act"": 0.0}, {""tk"": ""The"", ""act"": 0.0}, {""tk"": ""of"", ""act"": 0.0}, {""tk"": ""state"", ""act"": 0.0}, {""tk"": ""attribute"", ""act"": 0.0}, {""tk"": ""serving"", ""act"": 0.0}, {""tk"": ""government"", ""act"": 0.0}, {""tk"": ""which"", ""act"": 0.0}, {""tk"": ""containing"", ""act"": 0.0}]"
0_92029,0,92029,entity: The capital city of New Mexico is Santa Fe,<bos>,0,9.591381072998049,0.9166666666666669,semantic,"[{""token"": ""<bos>"", ""index"": 0, ""distance"": 0, ""direction"": ""self""}]",n/a,Semantic,Dictionary (fallback),0.9,False,,Semantic (unknown),"[{""tk"": ""the"", ""act"": 28.859010696411133}, {""tk"": ""city"", ""act"": 0.0}, {""tk"": ""in"", ""act"": 0.0}, {""tk"": ""Mexico"", ""act"": 0.0}, {""tk"": ""USA"", ""act"": 0.0}, {""tk"": ""is"", ""act"": 0.0}, {""tk"": ""Albuquerque"", ""act"": 0.0}, {""tk"": ""capital"", ""act"": 0.0}, {""tk"": ""of"", ""act"": 0.0}, {""tk"": ""state"", ""act"": 0.0}, {""tk"": ""attribute"", ""act"": 0.0}, {""tk"": ""serving"", ""act"": 0.0}, {""tk"": ""government"", ""act"": 0.0}, {""tk"": ""which"", ""act"": 0.0}, {""tk"": ""containing"", ""act"": 0.0}]"
0_63548,0,63548,entity: The capital city of New Mexico is Santa Fe, capital,4,9.13010597229004,0.9166666666666666,semantic,"[{""token"": "" capital"", ""index"": 4, ""distance"": 0, ""direction"": ""self""}]",n/a,Semantic,Dictionary,1.0,False,,capital,"[{""tk"": ""capital"", ""act"": 9.130105972290039}, {""tk"": ""city"", ""act"": 0.0}, {""tk"": ""in"", ""act"": 0.0}, {""tk"": ""Mexico"", ""act"": 0.0}, {""tk"": ""USA"", ""act"": 0.0}, {""tk"": ""is"", ""act"": 0.0}, {""tk"": ""Albuquerque"", ""act"": 0.0}, {""tk"": ""The"", ""act"": 0.0}, {""tk"": ""of"", ""act"": 0.0}, {""tk"": ""state"", ""act"": 0.0}, {""tk"": ""attribute"", ""act"": 0.0}, {""tk"": ""serving"", ""act"": 0.0}, {""tk"": ""government"", ""act"": 0.0}, {""tk"": ""which"", ""act"": 0.0}, {""tk"": ""containing"", ""act"": 0.0}]"
0_71156,0,71156,entity: The capital city of New Mexico is Santa Fe,<bos>,0,8.403823852539062,0.9166666666666669,semantic,"[{""token"": ""<bos>"", ""index"": 0, ""distance"": 0, ""direction"": ""self""}]",n/a,Semantic,Dictionary,1.0,False,,Albuquerque,"[{""tk"": ""Albuquerque"", ""act"": 10.317928314208984}, {""tk"": ""city"", ""act"": 0.0}, {""tk"": ""in"", ""act"": 0.0}, {""tk"": ""Mexico"", ""act"": 0.0}, {""tk"": ""USA"", ""act"": 0.0}, {""tk"": ""is"", ""act"": 0.0}, {""tk"": ""The"", ""act"": 0.0}, {""tk"": ""capital"", ""act"": 0.0}, {""tk"": ""of"", ""act"": 0.0}, {""tk"": ""state"", ""act"": 0.0}, {""tk"": ""attribute"", ""act"": 0.0}, {""tk"": ""serving"", ""act"": 0.0}, {""tk"": ""government"", ""act"": 0.0}, {""tk"": ""which"", ""act"": 0.0}, {""tk"": ""containing"", ""act"": 0.0}]"
0_53531,0,53531,entity: The capital city of New Mexico is Santa Fe, capital,4,8.328258514404297,0.9166666666666669,semantic,"[{""token"": "" capital"", ""index"": 4, ""distance"": 0, ""direction"": ""self""}]",n/a,Semantic,Dictionary,1.0,False,,capital,"[{""tk"": ""capital"", ""act"": 8.328258514404297}, {""tk"": ""city"", ""act"": 0.0}, {""tk"": ""in"", ""act"": 0.0}, {""tk"": ""Mexico"", ""act"": 0.0}, {""tk"": ""USA"", ""act"": 0.0}, {""tk"": ""is"", ""act"": 0.0}, {""tk"": ""Albuquerque"", ""act"": 0.0}, {""tk"": ""The"", ""act"": 0.0}, {""tk"": ""of"", ""act"": 0.0}, {""tk"": ""state"", ""act"": 0.0}, {""tk"": ""attribute"", ""act"": 0.0}, {""tk"": ""serving"", ""act"": 0.0}, {""tk"": ""government"", ""act"": 0.0}, {""tk"": ""which"", ""act"": 0.0}, {""tk"": ""containing"", ""act"": 0.0}]"
0_60256,0,60256,entity: The capital city of New Mexico is Santa Fe,<bos>,0,8.257609367370605,0.9166666666666666,semantic,"[{""token"": ""<bos>"", ""index"": 0, ""distance"": 0, ""direction"": ""self""}]",n/a,Semantic,Dictionary,1.0,False,,containing,"[{""tk"": ""containing"", ""act"": 8.764032363891602}, {""tk"": ""city"", ""act"": 0.0}, {""tk"": ""in"", ""act"": 0.0}, {""tk"": ""Mexico"", ""act"": 0.0}, {""tk"": ""USA"", ""act"": 0.0}, {""tk"": ""is"", ""act"": 0.0}, {""tk"": ""Albuquerque"", ""act"": 0.0}, {""tk"": ""The"", ""act"": 0.0}, {""tk"": ""capital"", ""act"": 0.0}, {""tk"": ""of"", ""act"": 0.0}, {""tk"": ""state"", ""act"": 0.0}, {""tk"": ""attribute"", ""act"": 0.0}, {""tk"": ""serving"", ""act"": 0.0}, {""tk"": ""government"", ""act"": 0.0}, {""tk"": ""which"", ""act"": 0.0}]"
0_82862,0,82862,entity: The capital city of New Mexico is Santa Fe, capital,4,8.219970703125,0.9166666666666666,semantic,"[{""token"": "" capital"", ""index"": 4, ""distance"": 0, ""direction"": ""self""}]",n/a,Semantic,Dictionary (fallback),0.9,False,,government,"[{""tk"": ""government"", ""act"": 9.586883544921875}, {""tk"": ""capital"", ""act"": 8.219970703125}, {""tk"": ""state"", ""act"": 5.531653881072998}, {""tk"": ""city"", ""act"": 0.0}, {""tk"": ""in"", ""act"": 0.0}, {""tk"": ""Mexico"", ""act"": 0.0}, {""tk"": ""USA"", ""act"": 0.0}, {""tk"": ""is"", ""act"": 0.0}, {""tk"": ""Albuquerque"", ""act"": 0.0}, {""tk"": ""The"", ""act"": 0.0}, {""tk"": ""of"", ""act"": 0.0}, {""tk"": ""attribute"", ""act"": 0.0}, {""tk"": ""serving"", ""act"": 0.0}, {""tk"": ""which"", ""act"": 0.0}, {""tk"": ""containing"", ""act"": 0.0}]"
0_68987,0,68987,entity: The capital city of New Mexico is Santa Fe, capital,4,8.17165756225586,0.9166666666666669,semantic,"[{""token"": "" capital"", ""index"": 4, ""distance"": 0, ""direction"": ""self""}]",n/a,Semantic,Dictionary,1.0,False,,capital,"[{""tk"": ""capital"", ""act"": 9.928791046142578}, {""tk"": ""city"", ""act"": 0.0}, {""tk"": ""in"", ""act"": 0.0}, {""tk"": ""Mexico"", ""act"": 0.0}, {""tk"": ""USA"", ""act"": 0.0}, {""tk"": ""is"", ""act"": 0.0}, {""tk"": ""Albuquerque"", ""act"": 0.0}, {""tk"": ""The"", ""act"": 0.0}, {""tk"": ""of"", ""act"": 0.0}, {""tk"": ""state"", ""act"": 0.0}, {""tk"": ""attribute"", ""act"": 0.0}, {""tk"": ""serving"", ""act"": 0.0}, {""tk"": ""government"", ""act"": 0.0}, {""tk"": ""which"", ""act"": 0.0}, {""tk"": ""containing"", ""act"": 0.0}]"
0_15430,0,15430,entity: The capital city of New Mexico is Santa Fe, capital,4,8.16793155670166,0.9166666666666666,semantic,"[{""token"": "" capital"", ""index"": 4, ""distance"": 0, ""direction"": ""self""}]",n/a,Semantic,Dictionary,1.0,False,,capital,"[{""tk"": ""capital"", ""act"": 8.16793155670166}, {""tk"": ""city"", ""act"": 0.0}, {""tk"": ""in"", ""act"": 0.0}, {""tk"": ""Mexico"", ""act"": 0.0}, {""tk"": ""USA"", ""act"": 0.0}, {""tk"": ""is"", ""act"": 0.0}, {""tk"": ""Albuquerque"", ""act"": 0.0}, {""tk"": ""The"", ""act"": 0.0}, {""tk"": ""of"", ""act"": 0.0}, {""tk"": ""state"", ""act"": 0.0}, {""tk"": ""attribute"", ""act"": 0.0}, {""tk"": ""serving"", ""act"": 0.0}, {""tk"": ""government"", ""act"": 0.0}, {""tk"": ""which"", ""act"": 0.0}, {""tk"": ""containing"", ""act"": 0.0}]"
0_41589,0,41589,entity: The capital city of New Mexico is Santa Fe, capital,4,7.369453430175781,0.9166666666666666,semantic,"[{""token"": "" capital"", ""index"": 4, ""distance"": 0, ""direction"": ""self""}]",n/a,Semantic,Dictionary,1.0,False,,capital,"[{""tk"": ""capital"", ""act"": 7.369453430175781}, {""tk"": ""city"", ""act"": 0.0}, {""tk"": ""in"", ""act"": 0.0}, {""tk"": ""Mexico"", ""act"": 0.0}, {""tk"": ""USA"", ""act"": 0.0}, {""tk"": ""is"", ""act"": 0.0}, {""tk"": ""Albuquerque"", ""act"": 0.0}, {""tk"": ""The"", ""act"": 0.0}, {""tk"": ""of"", ""act"": 0.0}, {""tk"": ""state"", ""act"": 0.0}, {""tk"": ""attribute"", ""act"": 0.0}, {""tk"": ""serving"", ""act"": 0.0}, {""tk"": ""government"", ""act"": 0.0}, {""tk"": ""which"", ""act"": 0.0}, {""tk"": ""containing"", ""act"": 0.0}]"
0_31953,0,31953,entity: The capital city of New Mexico is Santa Fe, capital,4,5.960221767425537,0.9166666666666666,semantic,"[{""token"": "" capital"", ""index"": 4, ""distance"": 0, ""direction"": ""self""}]",n/a,Semantic,Dictionary,1.0,False,,capital,"[{""tk"": ""capital"", ""act"": 5.960221767425537}, {""tk"": ""city"", ""act"": 0.0}, {""tk"": ""in"", ""act"": 0.0}, {""tk"": ""Mexico"", ""act"": 0.0}, {""tk"": ""USA"", ""act"": 0.0}, {""tk"": ""is"", ""act"": 0.0}, {""tk"": ""Albuquerque"", ""act"": 0.0}, {""tk"": ""The"", ""act"": 0.0}, {""tk"": ""of"", ""act"": 0.0}, {""tk"": ""state"", ""act"": 0.0}, {""tk"": ""attribute"", ""act"": 0.0}, {""tk"": ""serving"", ""act"": 0.0}, {""tk"": ""government"", ""act"": 0.0}, {""tk"": ""which"", ""act"": 0.0}, {""tk"": ""containing"", ""act"": 0.0}]"
0_12284,0,12284,entity: The capital city of New Mexico is Santa Fe,<bos>,0,4.237040519714356,0.9166666666666666,semantic,"[{""token"": ""<bos>"", ""index"": 0, ""distance"": 0, ""direction"": ""self""}]",n/a,Semantic,Dictionary (fallback),0.9,False,,Semantic (unknown),"[{""tk"": ""city"", ""act"": 0.0}, {""tk"": ""in"", ""act"": 0.0}, {""tk"": ""Mexico"", ""act"": 0.0}, {""tk"": ""USA"", ""act"": 0.0}, {""tk"": ""is"", ""act"": 0.0}, {""tk"": ""Albuquerque"", ""act"": 0.0}, {""tk"": ""The"", ""act"": 0.0}, {""tk"": ""capital"", ""act"": 0.0}, {""tk"": ""of"", ""act"": 0.0}, {""tk"": ""state"", ""act"": 0.0}, {""tk"": ""attribute"", ""act"": 0.0}, {""tk"": ""serving"", ""act"": 0.0}, {""tk"": ""government"", ""act"": 0.0}, {""tk"": ""which"", ""act"": 0.0}, {""tk"": ""containing"", ""act"": 0.0}]"
0_47638,0,47638,entity: The capital city of New Mexico is Santa Fe,<bos>,0,3.63841724395752,0.9166666666666666,semantic,"[{""token"": ""<bos>"", ""index"": 0, ""distance"": 0, ""direction"": ""self""}]",n/a,Semantic,Dictionary,1.0,False,,containing,"[{""tk"": ""containing"", ""act"": 11.569823265075684}, {""tk"": ""city"", ""act"": 0.0}, {""tk"": ""in"", ""act"": 0.0}, {""tk"": ""Mexico"", ""act"": 0.0}, {""tk"": ""USA"", ""act"": 0.0}, {""tk"": ""is"", ""act"": 0.0}, {""tk"": ""Albuquerque"", ""act"": 0.0}, {""tk"": ""The"", ""act"": 0.0}, {""tk"": ""capital"", ""act"": 0.0}, {""tk"": ""of"", ""act"": 0.0}, {""tk"": ""state"", ""act"": 0.0}, {""tk"": ""attribute"", ""act"": 0.0}, {""tk"": ""serving"", ""act"": 0.0}, {""tk"": ""government"", ""act"": 0.0}, {""tk"": ""which"", ""act"": 0.0}]"
0_33316,0,33316,entity: The capital city of New Mexico is Santa Fe, is,9,1.3535914421081543,0.9166666666666666,functional,"[{""token"": "" Santa"", ""index"": 10, ""distance"": 1, ""direction"": ""forward""}]",json,Semantic,Dictionary (fallback),0.9,False,,is,"[{""tk"": ""is"", ""act"": 1.3535914421081543}, {""tk"": ""city"", ""act"": 0.0}, {""tk"": ""in"", ""act"": 0.0}, {""tk"": ""Mexico"", ""act"": 0.0}, {""tk"": ""USA"", ""act"": 0.0}, {""tk"": ""Albuquerque"", ""act"": 0.0}, {""tk"": ""The"", ""act"": 0.0}, {""tk"": ""capital"", ""act"": 0.0}, {""tk"": ""of"", ""act"": 0.0}, {""tk"": ""state"", ""act"": 0.0}, {""tk"": ""attribute"", ""act"": 0.0}, {""tk"": ""serving"", ""act"": 0.0}, {""tk"": ""government"", ""act"": 0.0}, {""tk"": ""which"", ""act"": 0.0}, {""tk"": ""containing"", ""act"": 0.0}]"
0_91553,0,91553,entity: The capital city of New Mexico is Santa Fe,<bos>,0,0.9048857688903807,0.9166666666666666,semantic,"[{""token"": ""<bos>"", ""index"": 0, ""distance"": 0, ""direction"": ""self""}]",n/a,Semantic,Dictionary (fallback),0.9,False,,Semantic (unknown),"[{""tk"": ""city"", ""act"": 0.0}, {""tk"": ""in"", ""act"": 0.0}, {""tk"": ""Mexico"", ""act"": 0.0}, {""tk"": ""USA"", ""act"": 0.0}, {""tk"": ""is"", ""act"": 0.0}, {""tk"": ""Albuquerque"", ""act"": 0.0}, {""tk"": ""The"", ""act"": 0.0}, {""tk"": ""capital"", ""act"": 0.0}, {""tk"": ""of"", ""act"": 0.0}, {""tk"": ""state"", ""act"": 0.0}, {""tk"": ""attribute"", ""act"": 0.0}, {""tk"": ""serving"", ""act"": 0.0}, {""tk"": ""government"", ""act"": 0.0}, {""tk"": ""which"", ""act"": 0.0}, {""tk"": ""containing"", ""act"": 0.0}]"
0_5034,0,5034,entity: The capital city of New Mexico is Santa Fe,<bos>,0,0.0,0.0,semantic,"[{""token"": ""<bos>"", ""index"": 0, ""distance"": 0, ""direction"": ""self""}]",n/a,Semantic,Dictionary,1.0,False,,Albuquerque,"[{""tk"": ""Albuquerque"", ""act"": 9.187335014343262}, {""tk"": ""city"", ""act"": 0.0}, {""tk"": ""in"", ""act"": 0.0}, {""tk"": ""Mexico"", ""act"": 0.0}, {""tk"": ""USA"", ""act"": 0.0}, {""tk"": ""is"", ""act"": 0.0}, {""tk"": ""The"", ""act"": 0.0}, {""tk"": ""capital"", ""act"": 0.0}, {""tk"": ""of"", ""act"": 0.0}, {""tk"": ""state"", ""act"": 0.0}, {""tk"": ""attribute"", ""act"": 0.0}, {""tk"": ""serving"", ""act"": 0.0}, {""tk"": ""government"", ""act"": 0.0}, {""tk"": ""which"", ""act"": 0.0}, {""tk"": ""containing"", ""act"": 0.0}]"
0_15646,0,15646,entity: The capital city of New Mexico is Santa Fe,<bos>,0,0.0,0.0,semantic,"[{""token"": ""<bos>"", ""index"": 0, ""distance"": 0, ""direction"": ""self""}]",n/a,Semantic,Dictionary,1.0,False,,Albuquerque,"[{""tk"": ""Albuquerque"", ""act"": 11.47055435180664}, {""tk"": ""city"", ""act"": 0.0}, {""tk"": ""in"", ""act"": 0.0}, {""tk"": ""Mexico"", ""act"": 0.0}, {""tk"": ""USA"", ""act"": 0.0}, {""tk"": ""is"", ""act"": 0.0}, {""tk"": ""The"", ""act"": 0.0}, {""tk"": ""capital"", ""act"": 0.0}, {""tk"": ""of"", ""act"": 0.0}, {""tk"": ""state"", ""act"": 0.0}, {""tk"": ""attribute"", ""act"": 0.0}, {""tk"": ""serving"", ""act"": 0.0}, {""tk"": ""government"", ""act"": 0.0}, {""tk"": ""which"", ""act"": 0.0}, {""tk"": ""containing"", ""act"": 0.0}]"
0_18903,0,18903,entity: The capital city of New Mexico is Santa Fe,<bos>,0,0.0,0.0,semantic,"[{""token"": ""<bos>"", ""index"": 0, ""distance"": 0, ""direction"": ""self""}]",n/a,Semantic,Dictionary,1.0,False,,Albuquerque,"[{""tk"": ""Albuquerque"", ""act"": 11.383782386779785}, {""tk"": ""city"", ""act"": 0.0}, {""tk"": ""in"", ""act"": 0.0}, {""tk"": ""Mexico"", ""act"": 0.0}, {""tk"": ""USA"", ""act"": 0.0}, {""tk"": ""is"", ""act"": 0.0}, {""tk"": ""The"", ""act"": 0.0}, {""tk"": ""capital"", ""act"": 0.0}, {""tk"": ""of"", ""act"": 0.0}, {""tk"": ""state"", ""act"": 0.0}, {""tk"": ""attribute"", ""act"": 0.0}, {""tk"": ""serving"", ""act"": 0.0}, {""tk"": ""government"", ""act"": 0.0}, {""tk"": ""which"", ""act"": 0.0}, {""tk"": ""containing"", ""act"": 0.0}]"
0_21657,0,21657,entity: The capital city of New Mexico is Santa Fe,<bos>,0,0.0,0.0,semantic,"[{""token"": ""<bos>"", ""index"": 0, ""distance"": 0, ""direction"": ""self""}]",n/a,Semantic,Dictionary,1.0,False,,Albuquerque,"[{""tk"": ""Albuquerque"", ""act"": 9.998356819152832}, {""tk"": ""city"", ""act"": 0.0}, {""tk"": ""in"", ""act"": 0.0}, {""tk"": ""Mexico"", ""act"": 0.0}, {""tk"": ""USA"", ""act"": 0.0}, {""tk"": ""is"", ""act"": 0.0}, {""tk"": ""The"", ""act"": 0.0}, {""tk"": ""capital"", ""act"": 0.0}, {""tk"": ""of"", ""act"": 0.0}, {""tk"": ""state"", ""act"": 0.0}, {""tk"": ""attribute"", ""act"": 0.0}, {""tk"": ""serving"", ""act"": 0.0}, {""tk"": ""government"", ""act"": 0.0}, {""tk"": ""which"", ""act"": 0.0}, {""tk"": ""containing"", ""act"": 0.0}]"
0_23477,0,23477,entity: The capital city of New Mexico is Santa Fe,<bos>,0,0.0,0.0,semantic,"[{""token"": ""<bos>"", ""index"": 0, ""distance"": 0, ""direction"": ""self""}]",n/a,Relationship,,1.0,False,,(city) related,"[{""tk"": ""city"", ""act"": 0.0}, {""tk"": ""in"", ""act"": 0.0}, {""tk"": ""Mexico"", ""act"": 0.0}, {""tk"": ""USA"", ""act"": 0.0}, {""tk"": ""is"", ""act"": 0.0}, {""tk"": ""Albuquerque"", ""act"": 0.0}, {""tk"": ""The"", ""act"": 0.0}, {""tk"": ""capital"", ""act"": 0.0}, {""tk"": ""of"", ""act"": 0.0}, {""tk"": ""state"", ""act"": 0.0}, {""tk"": ""attribute"", ""act"": 0.0}, {""tk"": ""serving"", ""act"": 0.0}, {""tk"": ""government"", ""act"": 0.0}, {""tk"": ""which"", ""act"": 0.0}, {""tk"": ""containing"", ""act"": 0.0}]"
0_23888,0,23888,entity: The capital city of New Mexico is Santa Fe,<bos>,0,0.0,0.0,semantic,"[{""token"": ""<bos>"", ""index"": 0, ""distance"": 0, ""direction"": ""self""}]",n/a,Semantic,Dictionary,1.0,False,,containing,"[{""tk"": ""containing"", ""act"": 6.754897594451904}, {""tk"": ""city"", ""act"": 0.0}, {""tk"": ""in"", ""act"": 0.0}, {""tk"": ""Mexico"", ""act"": 0.0}, {""tk"": ""USA"", ""act"": 0.0}, {""tk"": ""is"", ""act"": 0.0}, {""tk"": ""Albuquerque"", ""act"": 0.0}, {""tk"": ""The"", ""act"": 0.0}, {""tk"": ""capital"", ""act"": 0.0}, {""tk"": ""of"", ""act"": 0.0}, {""tk"": ""state"", ""act"": 0.0}, {""tk"": ""attribute"", ""act"": 0.0}, {""tk"": ""serving"", ""act"": 0.0}, {""tk"": ""government"", ""act"": 0.0}, {""tk"": ""which"", ""act"": 0.0}]"
0_24438,0,24438,entity: The capital city of New Mexico is Santa Fe,<bos>,0,0.0,0.0,semantic,"[{""token"": ""<bos>"", ""index"": 0, ""distance"": 0, ""direction"": ""self""}]",n/a,Relationship,,1.0,False,,(city) related,"[{""tk"": ""city"", ""act"": 0.0}, {""tk"": ""in"", ""act"": 0.0}, {""tk"": ""Mexico"", ""act"": 0.0}, {""tk"": ""USA"", ""act"": 0.0}, {""tk"": ""is"", ""act"": 0.0}, {""tk"": ""Albuquerque"", ""act"": 0.0}, {""tk"": ""The"", ""act"": 0.0}, {""tk"": ""capital"", ""act"": 0.0}, {""tk"": ""of"", ""act"": 0.0}, {""tk"": ""state"", ""act"": 0.0}, {""tk"": ""attribute"", ""act"": 0.0}, {""tk"": ""serving"", ""act"": 0.0}, {""tk"": ""government"", ""act"": 0.0}, {""tk"": ""which"", ""act"": 0.0}, {""tk"": ""containing"", ""act"": 0.0}]"
0_32732,0,32732,entity: The capital city of New Mexico is Santa Fe,<bos>,0,0.0,0.0,semantic,"[{""token"": ""<bos>"", ""index"": 0, ""distance"": 0, ""direction"": ""self""}]",n/a,Semantic,Dictionary (fallback),0.9,False,,serving,"[{""tk"": ""which"", ""act"": 19.800851821899414}, {""tk"": ""serving"", ""act"": 19.05910873413086}, {""tk"": ""state"", ""act"": 8.639383316040039}, {""tk"": ""containing"", ""act"": 5.966921806335449}, {""tk"": ""is"", ""act"": 5.837582588195801}, {""tk"": ""city"", ""act"": 0.0}, {""tk"": ""in"", ""act"": 0.0}, {""tk"": ""Mexico"", ""act"": 0.0}, {""tk"": ""USA"", ""act"": 0.0}, {""tk"": ""Albuquerque"", ""act"": 0.0}, {""tk"": ""The"", ""act"": 0.0}, {""tk"": ""capital"", ""act"": 0.0}, {""tk"": ""of"", ""act"": 0.0}, {""tk"": ""attribute"", ""act"": 0.0}, {""tk"": ""government"", ""act"": 0.0}]"
0_44709,0,44709,entity: The capital city of New Mexico is Santa Fe,<bos>,0,0.0,0.0,semantic,"[{""token"": ""<bos>"", ""index"": 0, ""distance"": 0, ""direction"": ""self""}]",n/a,Semantic,Dictionary,1.0,False,,containing,"[{""tk"": ""containing"", ""act"": 6.07918643951416}, {""tk"": ""city"", ""act"": 0.0}, {""tk"": ""in"", ""act"": 0.0}, {""tk"": ""Mexico"", ""act"": 0.0}, {""tk"": ""USA"", ""act"": 0.0}, {""tk"": ""is"", ""act"": 0.0}, {""tk"": ""Albuquerque"", ""act"": 0.0}, {""tk"": ""The"", ""act"": 0.0}, {""tk"": ""capital"", ""act"": 0.0}, {""tk"": ""of"", ""act"": 0.0}, {""tk"": ""state"", ""act"": 0.0}, {""tk"": ""attribute"", ""act"": 0.0}, {""tk"": ""serving"", ""act"": 0.0}, {""tk"": ""government"", ""act"": 0.0}, {""tk"": ""which"", ""act"": 0.0}]"
0_51418,0,51418,entity: The capital city of New Mexico is Santa Fe,<bos>,0,0.0,0.0,semantic,"[{""token"": ""<bos>"", ""index"": 0, ""distance"": 0, ""direction"": ""self""}]",n/a,Semantic,Dictionary,1.0,False,,Albuquerque,"[{""tk"": ""Albuquerque"", ""act"": 5.9497809410095215}, {""tk"": ""city"", ""act"": 0.0}, {""tk"": ""in"", ""act"": 0.0}, {""tk"": ""Mexico"", ""act"": 0.0}, {""tk"": ""USA"", ""act"": 0.0}, {""tk"": ""is"", ""act"": 0.0}, {""tk"": ""The"", ""act"": 0.0}, {""tk"": ""capital"", ""act"": 0.0}, {""tk"": ""of"", ""act"": 0.0}, {""tk"": ""state"", ""act"": 0.0}, {""tk"": ""attribute"", ""act"": 0.0}, {""tk"": ""serving"", ""act"": 0.0}, {""tk"": ""government"", ""act"": 0.0}, {""tk"": ""which"", ""act"": 0.0}, {""tk"": ""containing"", ""act"": 0.0}]"
0_52009,0,52009,entity: The capital city of New Mexico is Santa Fe,<bos>,0,0.0,0.0,semantic,"[{""token"": ""<bos>"", ""index"": 0, ""distance"": 0, ""direction"": ""self""}]",n/a,Semantic,Dictionary,1.0,False,,containing,"[{""tk"": ""containing"", ""act"": 7.867442607879639}, {""tk"": ""city"", ""act"": 0.0}, {""tk"": ""in"", ""act"": 0.0}, {""tk"": ""Mexico"", ""act"": 0.0}, {""tk"": ""USA"", ""act"": 0.0}, {""tk"": ""is"", ""act"": 0.0}, {""tk"": ""Albuquerque"", ""act"": 0.0}, {""tk"": ""The"", ""act"": 0.0}, {""tk"": ""capital"", ""act"": 0.0}, {""tk"": ""of"", ""act"": 0.0}, {""tk"": ""state"", ""act"": 0.0}, {""tk"": ""attribute"", ""act"": 0.0}, {""tk"": ""serving"", ""act"": 0.0}, {""tk"": ""government"", ""act"": 0.0}, {""tk"": ""which"", ""act"": 0.0}]"
0_52264,0,52264,entity: The capital city of New Mexico is Santa Fe,<bos>,0,0.0,0.0,semantic,"[{""token"": ""<bos>"", ""index"": 0, ""distance"": 0, ""direction"": ""self""}]",n/a,Semantic,Dictionary,1.0,False,,containing,"[{""tk"": ""containing"", ""act"": 9.985231399536133}, {""tk"": ""city"", ""act"": 0.0}, {""tk"": ""in"", ""act"": 0.0}, {""tk"": ""Mexico"", ""act"": 0.0}, {""tk"": ""USA"", ""act"": 0.0}, {""tk"": ""is"", ""act"": 0.0}, {""tk"": ""Albuquerque"", ""act"": 0.0}, {""tk"": ""The"", ""act"": 0.0}, {""tk"": ""capital"", ""act"": 0.0}, {""tk"": ""of"", ""act"": 0.0}, {""tk"": ""state"", ""act"": 0.0}, {""tk"": ""attribute"", ""act"": 0.0}, {""tk"": ""serving"", ""act"": 0.0}, {""tk"": ""government"", ""act"": 0.0}, {""tk"": ""which"", ""act"": 0.0}]"
0_54197,0,54197,entity: The capital city of New Mexico is Santa Fe,<bos>,0,0.0,0.0,semantic,"[{""token"": ""<bos>"", ""index"": 0, ""distance"": 0, ""direction"": ""self""}]",n/a,Semantic,Dictionary,1.0,False,,containing,"[{""tk"": ""containing"", ""act"": 11.77919864654541}, {""tk"": ""city"", ""act"": 0.0}, {""tk"": ""in"", ""act"": 0.0}, {""tk"": ""Mexico"", ""act"": 0.0}, {""tk"": ""USA"", ""act"": 0.0}, {""tk"": ""is"", ""act"": 0.0}, {""tk"": ""Albuquerque"", ""act"": 0.0}, {""tk"": ""The"", ""act"": 0.0}, {""tk"": ""capital"", ""act"": 0.0}, {""tk"": ""of"", ""act"": 0.0}, {""tk"": ""state"", ""act"": 0.0}, {""tk"": ""attribute"", ""act"": 0.0}, {""tk"": ""serving"", ""act"": 0.0}, {""tk"": ""government"", ""act"": 0.0}, {""tk"": ""which"", ""act"": 0.0}]"
0_56748,0,56748,entity: The capital city of New Mexico is Santa Fe,<bos>,0,0.0,0.0,semantic,"[{""token"": ""<bos>"", ""index"": 0, ""distance"": 0, ""direction"": ""self""}]",n/a,Semantic,Dictionary (fallback),0.9,False,,state,"[{""tk"": ""state"", ""act"": 13.299398422241211}, {""tk"": ""city"", ""act"": 0.0}, {""tk"": ""in"", ""act"": 0.0}, {""tk"": ""Mexico"", ""act"": 0.0}, {""tk"": ""USA"", ""act"": 0.0}, {""tk"": ""is"", ""act"": 0.0}, {""tk"": ""Albuquerque"", ""act"": 0.0}, {""tk"": ""The"", ""act"": 0.0}, {""tk"": ""capital"", ""act"": 0.0}, {""tk"": ""of"", ""act"": 0.0}, {""tk"": ""attribute"", ""act"": 0.0}, {""tk"": ""serving"", ""act"": 0.0}, {""tk"": ""government"", ""act"": 0.0}, {""tk"": ""which"", ""act"": 0.0}, {""tk"": ""containing"", ""act"": 0.0}]"
0_61257,0,61257,entity: The capital city of New Mexico is Santa Fe,<bos>,0,0.0,0.0,semantic,"[{""token"": ""<bos>"", ""index"": 0, ""distance"": 0, ""direction"": ""self""}]",n/a,Semantic,Dictionary (fallback),0.9,False,,state,"[{""tk"": ""state"", ""act"": 15.710807800292969}, {""tk"": ""city"", ""act"": 0.0}, {""tk"": ""in"", ""act"": 0.0}, {""tk"": ""Mexico"", ""act"": 0.0}, {""tk"": ""USA"", ""act"": 0.0}, {""tk"": ""is"", ""act"": 0.0}, {""tk"": ""Albuquerque"", ""act"": 0.0}, {""tk"": ""The"", ""act"": 0.0}, {""tk"": ""capital"", ""act"": 0.0}, {""tk"": ""of"", ""act"": 0.0}, {""tk"": ""attribute"", ""act"": 0.0}, {""tk"": ""serving"", ""act"": 0.0}, {""tk"": ""government"", ""act"": 0.0}, {""tk"": ""which"", ""act"": 0.0}, {""tk"": ""containing"", ""act"": 0.0}]"
0_62872,0,62872,entity: The capital city of New Mexico is Santa Fe,<bos>,0,0.0,0.0,semantic,"[{""token"": ""<bos>"", ""index"": 0, ""distance"": 0, ""direction"": ""self""}]",n/a,Relationship,,1.0,False,,(city) related,"[{""tk"": ""city"", ""act"": 0.0}, {""tk"": ""in"", ""act"": 0.0}, {""tk"": ""Mexico"", ""act"": 0.0}, {""tk"": ""USA"", ""act"": 0.0}, {""tk"": ""is"", ""act"": 0.0}, {""tk"": ""Albuquerque"", ""act"": 0.0}, {""tk"": ""The"", ""act"": 0.0}, {""tk"": ""capital"", ""act"": 0.0}, {""tk"": ""of"", ""act"": 0.0}, {""tk"": ""state"", ""act"": 0.0}, {""tk"": ""attribute"", ""act"": 0.0}, {""tk"": ""serving"", ""act"": 0.0}, {""tk"": ""government"", ""act"": 0.0}, {""tk"": ""which"", ""act"": 0.0}, {""tk"": ""containing"", ""act"": 0.0}]"
0_66754,0,66754,entity: The capital city of New Mexico is Santa Fe,<bos>,0,0.0,0.0,semantic,"[{""token"": ""<bos>"", ""index"": 0, ""distance"": 0, ""direction"": ""self""}]",n/a,Semantic,Dictionary,1.0,False,,containing,"[{""tk"": ""containing"", ""act"": 12.251155853271484}, {""tk"": ""city"", ""act"": 0.0}, {""tk"": ""in"", ""act"": 0.0}, {""tk"": ""Mexico"", ""act"": 0.0}, {""tk"": ""USA"", ""act"": 0.0}, {""tk"": ""is"", ""act"": 0.0}, {""tk"": ""Albuquerque"", ""act"": 0.0}, {""tk"": ""The"", ""act"": 0.0}, {""tk"": ""capital"", ""act"": 0.0}, {""tk"": ""of"", ""act"": 0.0}, {""tk"": ""state"", ""act"": 0.0}, {""tk"": ""attribute"", ""act"": 0.0}, {""tk"": ""serving"", ""act"": 0.0}, {""tk"": ""government"", ""act"": 0.0}, {""tk"": ""which"", ""act"": 0.0}]"
0_67553,0,67553,entity: The capital city of New Mexico is Santa Fe,<bos>,0,0.0,0.0,semantic,"[{""token"": ""<bos>"", ""index"": 0, ""distance"": 0, ""direction"": ""self""}]",n/a,Semantic,Dictionary,1.0,False,,containing,"[{""tk"": ""containing"", ""act"": 16.307926177978516}, {""tk"": ""city"", ""act"": 0.0}, {""tk"": ""in"", ""act"": 0.0}, {""tk"": ""Mexico"", ""act"": 0.0}, {""tk"": ""USA"", ""act"": 0.0}, {""tk"": ""is"", ""act"": 0.0}, {""tk"": ""Albuquerque"", ""act"": 0.0}, {""tk"": ""The"", ""act"": 0.0}, {""tk"": ""capital"", ""act"": 0.0}, {""tk"": ""of"", ""act"": 0.0}, {""tk"": ""state"", ""act"": 0.0}, {""tk"": ""attribute"", ""act"": 0.0}, {""tk"": ""serving"", ""act"": 0.0}, {""tk"": ""government"", ""act"": 0.0}, {""tk"": ""which"", ""act"": 0.0}]"
0_81697,0,81697,entity: The capital city of New Mexico is Santa Fe,<bos>,0,0.0,0.0,semantic,"[{""token"": ""<bos>"", ""index"": 0, ""distance"": 0, ""direction"": ""self""}]",n/a,Semantic,Dictionary,1.0,False,,Albuquerque,"[{""tk"": ""Albuquerque"", ""act"": 10.892292976379395}, {""tk"": ""city"", ""act"": 0.0}, {""tk"": ""in"", ""act"": 0.0}, {""tk"": ""Mexico"", ""act"": 0.0}, {""tk"": ""USA"", ""act"": 0.0}, {""tk"": ""is"", ""act"": 0.0}, {""tk"": ""The"", ""act"": 0.0}, {""tk"": ""capital"", ""act"": 0.0}, {""tk"": ""of"", ""act"": 0.0}, {""tk"": ""state"", ""act"": 0.0}, {""tk"": ""attribute"", ""act"": 0.0}, {""tk"": ""serving"", ""act"": 0.0}, {""tk"": ""government"", ""act"": 0.0}, {""tk"": ""which"", ""act"": 0.0}, {""tk"": ""containing"", ""act"": 0.0}]"
0_87610,0,87610,entity: The capital city of New Mexico is Santa Fe,<bos>,0,0.0,0.0,semantic,"[{""token"": ""<bos>"", ""index"": 0, ""distance"": 0, ""direction"": ""self""}]",n/a,Semantic,Dictionary,1.0,False,,Albuquerque,"[{""tk"": ""Albuquerque"", ""act"": 6.979316234588623}, {""tk"": ""city"", ""act"": 0.0}, {""tk"": ""in"", ""act"": 0.0}, {""tk"": ""Mexico"", ""act"": 0.0}, {""tk"": ""USA"", ""act"": 0.0}, {""tk"": ""is"", ""act"": 0.0}, {""tk"": ""The"", ""act"": 0.0}, {""tk"": ""capital"", ""act"": 0.0}, {""tk"": ""of"", ""act"": 0.0}, {""tk"": ""state"", ""act"": 0.0}, {""tk"": ""attribute"", ""act"": 0.0}, {""tk"": ""serving"", ""act"": 0.0}, {""tk"": ""government"", ""act"": 0.0}, {""tk"": ""which"", ""act"": 0.0}, {""tk"": ""containing"", ""act"": 0.0}]"
0_88875,0,88875,entity: The capital city of New Mexico is Santa Fe,<bos>,0,0.0,0.0,semantic,"[{""token"": ""<bos>"", ""index"": 0, ""distance"": 0, ""direction"": ""self""}]",n/a,Semantic,Dictionary,1.0,False,,containing,"[{""tk"": ""containing"", ""act"": 13.765202522277832}, {""tk"": ""city"", ""act"": 0.0}, {""tk"": ""in"", ""act"": 0.0}, {""tk"": ""Mexico"", ""act"": 0.0}, {""tk"": ""USA"", ""act"": 0.0}, {""tk"": ""is"", ""act"": 0.0}, {""tk"": ""Albuquerque"", ""act"": 0.0}, {""tk"": ""The"", ""act"": 0.0}, {""tk"": ""capital"", ""act"": 0.0}, {""tk"": ""of"", ""act"": 0.0}, {""tk"": ""state"", ""act"": 0.0}, {""tk"": ""attribute"", ""act"": 0.0}, {""tk"": ""serving"", ""act"": 0.0}, {""tk"": ""government"", ""act"": 0.0}, {""tk"": ""which"", ""act"": 0.0}]"
0_89265,0,89265,entity: The capital city of New Mexico is Santa Fe,<bos>,0,0.0,0.0,semantic,"[{""token"": ""<bos>"", ""index"": 0, ""distance"": 0, ""direction"": ""self""}]",n/a,Semantic,Dictionary (fallback),0.9,False,,the,"[{""tk"": ""the"", ""act"": 41.03260803222656}, {""tk"": ""city"", ""act"": 0.0}, {""tk"": ""in"", ""act"": 0.0}, {""tk"": ""Mexico"", ""act"": 0.0}, {""tk"": ""USA"", ""act"": 0.0}, {""tk"": ""is"", ""act"": 0.0}, {""tk"": ""Albuquerque"", ""act"": 0.0}, {""tk"": ""capital"", ""act"": 0.0}, {""tk"": ""of"", ""act"": 0.0}, {""tk"": ""state"", ""act"": 0.0}, {""tk"": ""attribute"", ""act"": 0.0}, {""tk"": ""serving"", ""act"": 0.0}, {""tk"": ""government"", ""act"": 0.0}, {""tk"": ""which"", ""act"": 0.0}, {""tk"": ""containing"", ""act"": 0.0}]"
1_12928,1,12928,entity: The capital city of New Mexico is Santa Fe,<bos>,0,424.16802978515625,0.7331673344299002,semantic,"[{""token"": ""<bos>"", ""index"": 0, ""distance"": 0, ""direction"": ""self""}]",n/a,Semantic,Dictionary (fallback),0.9,False,,Semantic (unknown),"[{""tk"": ""attribute"", ""act"": 116.61937713623047}, {""tk"": ""Mexico"", ""act"": 104.39421081542969}, {""tk"": ""city"", ""act"": 102.33412170410156}, {""tk"": ""state"", ""act"": 91.09199523925781}, {""tk"": ""Albuquerque"", ""act"": 88.14775085449219}, {""tk"": ""is"", ""act"": 87.51624298095703}, {""tk"": ""government"", ""act"": 86.91158294677734}, {""tk"": ""USA"", ""act"": 86.48966217041016}, {""tk"": ""the"", ""act"": 86.17095947265625}, {""tk"": ""which"", ""act"": 82.6561279296875}, {""tk"": ""capital"", ""act"": 74.68241882324219}, {""tk"": ""in"", ""act"": 73.71795654296875}, {""tk"": ""of"", ""act"": 68.17405700683594}, {""tk"": ""serving"", ""act"": 64.7063980102539}, {""tk"": ""containing"", ""act"": 62.237648010253906}]"
1_57794,1,57794,entity: The capital city of New Mexico is Santa Fe,<bos>,0,388.9519348144531,0.7202422352261827,semantic,"[{""token"": ""<bos>"", ""index"": 0, ""distance"": 0, ""direction"": ""self""}]",n/a,Semantic,Dictionary (fallback),0.9,False,,Semantic (unknown),"[{""tk"": ""attribute"", ""act"": 125.1230239868164}, {""tk"": ""The"", ""act"": 90.81844329833984}, {""tk"": ""state"", ""act"": 85.2448959350586}, {""tk"": ""USA"", ""act"": 85.21576690673828}, {""tk"": ""is"", ""act"": 84.57393646240234}, {""tk"": ""Albuquerque"", ""act"": 84.56226348876953}, {""tk"": ""of"", ""act"": 81.49526977539062}, {""tk"": ""serving"", ""act"": 81.41454315185547}, {""tk"": ""in"", ""act"": 80.10187530517578}, {""tk"": ""which"", ""act"": 78.58411407470703}, {""tk"": ""city"", ""act"": 78.5748291015625}, {""tk"": ""government"", ""act"": 78.36383819580078}, {""tk"": ""capital"", ""act"": 77.23419952392578}, {""tk"": ""Mexico"", ""act"": 75.4376449584961}, {""tk"": ""containing"", ""act"": 74.69670104980469}]"
1_52044,1,52044,entity: The capital city of New Mexico is Santa Fe, capital,4,111.7784652709961,0.4041428460953624,semantic,"[{""token"": "" capital"", ""index"": 4, ""distance"": 0, ""direction"": ""self""}]",n/a,Relationship,,1.0,False,,(containing) related,"[{""tk"": ""containing"", ""act"": 125.91358184814453}, {""tk"": ""capital"", ""act"": 118.56844329833984}, {""tk"": ""city"", ""act"": 112.72059631347656}, {""tk"": ""state"", ""act"": 110.67672729492188}, {""tk"": ""serving"", ""act"": 106.8580551147461}, {""tk"": ""USA"", ""act"": 93.92649841308594}, {""tk"": ""government"", ""act"": 92.29335021972656}, {""tk"": ""is"", ""act"": 88.68705749511719}, {""tk"": ""which"", ""act"": 87.12095642089844}, {""tk"": ""The"", ""act"": 81.9691162109375}, {""tk"": ""in"", ""act"": 78.93173217773438}, {""tk"": ""of"", ""act"": 75.42842864990234}, {""tk"": ""Albuquerque"", ""act"": 75.38298797607422}, {""tk"": ""Mexico"", ""act"": 72.02467346191406}, {""tk"": ""attribute"", ""act"": 43.5494384765625}]"
1_72774,1,72774,entity: The capital city of New Mexico is Santa Fe, Santa,10,87.23959350585938,0.2619431247734229,semantic,"[{""token"": "" Santa"", ""index"": 10, ""distance"": 0, ""direction"": ""self""}]",n/a,Relationship,,1.0,False,,(serving) related,"[{""tk"": ""serving"", ""act"": 112.18031311035156}, {""tk"": ""capital"", ""act"": 102.21701049804688}, {""tk"": ""city"", ""act"": 98.39340209960938}, {""tk"": ""containing"", ""act"": 97.6826171875}, {""tk"": ""state"", ""act"": 91.85028076171875}, {""tk"": ""is"", ""act"": 90.29220581054688}, {""tk"": ""government"", ""act"": 84.53697204589844}, {""tk"": ""USA"", ""act"": 82.76144409179688}, {""tk"": ""the"", ""act"": 78.6541748046875}, {""tk"": ""of"", ""act"": 78.48052978515625}, {""tk"": ""Albuquerque"", ""act"": 78.05813598632812}, {""tk"": ""Mexico"", ""act"": 72.91175842285156}, {""tk"": ""which"", ""act"": 71.98298645019531}, {""tk"": ""in"", ""act"": 71.59417724609375}, {""tk"": ""attribute"", ""act"": 23.17362403869629}]"
1_74380,1,74380,entity: The capital city of New Mexico is Santa Fe, capital,4,17.934070587158203,0.9055859429256832,semantic,"[{""token"": "" capital"", ""index"": 4, ""distance"": 0, ""direction"": ""self""}]",n/a,Semantic,Dictionary,1.0,False,,capital,"[{""tk"": ""capital"", ""act"": 17.934070587158203}, {""tk"": ""city"", ""act"": 0.0}, {""tk"": ""in"", ""act"": 0.0}, {""tk"": ""Mexico"", ""act"": 0.0}, {""tk"": ""USA"", ""act"": 0.0}, {""tk"": ""is"", ""act"": 0.0}, {""tk"": ""Albuquerque"", ""act"": 0.0}, {""tk"": ""The"", ""act"": 0.0}, {""tk"": ""of"", ""act"": 0.0}, {""tk"": ""state"", ""act"": 0.0}, {""tk"": ""attribute"", ""act"": 0.0}, {""tk"": ""serving"", ""act"": 0.0}, {""tk"": ""government"", ""act"": 0.0}, {""tk"": ""which"", ""act"": 0.0}, {""tk"": ""containing"", ""act"": 0.0}]"
1_85217,1,85217,entity: The capital city of New Mexico is Santa Fe, capital,4,8.1768159866333,0.9166666666666669,semantic,"[{""token"": "" capital"", ""index"": 4, ""distance"": 0, ""direction"": ""self""}]",n/a,Semantic,Dictionary,1.0,False,,capital,"[{""tk"": ""capital"", ""act"": 20.99380874633789}, {""tk"": ""city"", ""act"": 0.0}, {""tk"": ""in"", ""act"": 0.0}, {""tk"": ""Mexico"", ""act"": 0.0}, {""tk"": ""USA"", ""act"": 0.0}, {""tk"": ""is"", ""act"": 0.0}, {""tk"": ""Albuquerque"", ""act"": 0.0}, {""tk"": ""The"", ""act"": 0.0}, {""tk"": ""of"", ""act"": 0.0}, {""tk"": ""state"", ""act"": 0.0}, {""tk"": ""attribute"", ""act"": 0.0}, {""tk"": ""serving"", ""act"": 0.0}, {""tk"": ""government"", ""act"": 0.0}, {""tk"": ""which"", ""act"": 0.0}, {""tk"": ""containing"", ""act"": 0.0}]"
1_18568,1,18568,entity: The capital city of New Mexico is Santa Fe, is,9,2.8121628761291504,0.9166666666666669,functional,"[{""token"": "" Santa"", ""index"": 10, ""distance"": 1, ""direction"": ""forward""}]",json,Semantic,Dictionary,0.8333333333333334,False,,is,"[{""tk"": ""is"", ""act"": 5.408833980560303}, {""tk"": ""city"", ""act"": 0.0}, {""tk"": ""in"", ""act"": 0.0}, {""tk"": ""Mexico"", ""act"": 0.0}, {""tk"": ""USA"", ""act"": 0.0}, {""tk"": ""Albuquerque"", ""act"": 0.0}, {""tk"": ""The"", ""act"": 0.0}, {""tk"": ""capital"", ""act"": 0.0}, {""tk"": ""of"", ""act"": 0.0}, {""tk"": ""state"", ""act"": 0.0}, {""tk"": ""attribute"", ""act"": 0.0}, {""tk"": ""serving"", ""act"": 0.0}, {""tk"": ""government"", ""act"": 0.0}, {""tk"": ""which"", ""act"": 0.0}, {""tk"": ""containing"", ""act"": 0.0}]"
1_2630,1,2630,entity: The capital city of New Mexico is Santa Fe,<bos>,0,0.0,0.0,semantic,"[{""token"": ""<bos>"", ""index"": 0, ""distance"": 0, ""direction"": ""self""}]",n/a,Semantic,Dictionary,1.0,False,,Albuquerque,"[{""tk"": ""Albuquerque"", ""act"": 18.467029571533203}, {""tk"": ""city"", ""act"": 0.0}, {""tk"": ""in"", ""act"": 0.0}, {""tk"": ""Mexico"", ""act"": 0.0}, {""tk"": ""USA"", ""act"": 0.0}, {""tk"": ""is"", ""act"": 0.0}, {""tk"": ""The"", ""act"": 0.0}, {""tk"": ""capital"", ""act"": 0.0}, {""tk"": ""of"", ""act"": 0.0}, {""tk"": ""state"", ""act"": 0.0}, {""tk"": ""attribute"", ""act"": 0.0}, {""tk"": ""serving"", ""act"": 0.0}, {""tk"": ""government"", ""act"": 0.0}, {""tk"": ""which"", ""act"": 0.0}, {""tk"": ""containing"", ""act"": 0.0}]"
1_6948,1,6948,entity: The capital city of New Mexico is Santa Fe,<bos>,0,0.0,0.0,semantic,"[{""token"": ""<bos>"", ""index"": 0, ""distance"": 0, ""direction"": ""self""}]",n/a,Semantic,Dictionary,1.0,False,,Albuquerque,"[{""tk"": ""Albuquerque"", ""act"": 19.919034957885742}, {""tk"": ""city"", ""act"": 0.0}, {""tk"": ""in"", ""act"": 0.0}, {""tk"": ""Mexico"", ""act"": 0.0}, {""tk"": ""USA"", ""act"": 0.0}, {""tk"": ""is"", ""act"": 0.0}, {""tk"": ""The"", ""act"": 0.0}, {""tk"": ""capital"", ""act"": 0.0}, {""tk"": ""of"", ""act"": 0.0}, {""tk"": ""state"", ""act"": 0.0}, {""tk"": ""attribute"", ""act"": 0.0}, {""tk"": ""serving"", ""act"": 0.0}, {""tk"": ""government"", ""act"": 0.0}, {""tk"": ""which"", ""act"": 0.0}, {""tk"": ""containing"", ""act"": 0.0}]"
1_38874,1,38874,entity: The capital city of New Mexico is Santa Fe,<bos>,0,0.0,0.0,semantic,"[{""token"": ""<bos>"", ""index"": 0, ""distance"": 0, ""direction"": ""self""}]",n/a,Semantic,Dictionary,1.0,False,,Albuquerque,"[{""tk"": ""Albuquerque"", ""act"": 13.94074821472168}, {""tk"": ""city"", ""act"": 0.0}, {""tk"": ""in"", ""act"": 0.0}, {""tk"": ""Mexico"", ""act"": 0.0}, {""tk"": ""USA"", ""act"": 0.0}, {""tk"": ""is"", ""act"": 0.0}, {""tk"": ""The"", ""act"": 0.0}, {""tk"": ""capital"", ""act"": 0.0}, {""tk"": ""of"", ""act"": 0.0}, {""tk"": ""state"", ""act"": 0.0}, {""tk"": ""attribute"", ""act"": 0.0}, {""tk"": ""serving"", ""act"": 0.0}, {""tk"": ""government"", ""act"": 0.0}, {""tk"": ""which"", ""act"": 0.0}, {""tk"": ""containing"", ""act"": 0.0}]"
1_64129,1,64129,entity: The capital city of New Mexico is Santa Fe,<bos>,0,0.0,0.0,semantic,"[{""token"": ""<bos>"", ""index"": 0, ""distance"": 0, ""direction"": ""self""}]",n/a,Relationship,,1.0,False,,(city) related,"[{""tk"": ""city"", ""act"": 0.0}, {""tk"": ""in"", ""act"": 0.0}, {""tk"": ""Mexico"", ""act"": 0.0}, {""tk"": ""USA"", ""act"": 0.0}, {""tk"": ""is"", ""act"": 0.0}, {""tk"": ""Albuquerque"", ""act"": 0.0}, {""tk"": ""The"", ""act"": 0.0}, {""tk"": ""capital"", ""act"": 0.0}, {""tk"": ""of"", ""act"": 0.0}, {""tk"": ""state"", ""act"": 0.0}, {""tk"": ""attribute"", ""act"": 0.0}, {""tk"": ""serving"", ""act"": 0.0}, {""tk"": ""government"", ""act"": 0.0}, {""tk"": ""which"", ""act"": 0.0}, {""tk"": ""containing"", ""act"": 0.0}]"
1_68763,1,68763,entity: The capital city of New Mexico is Santa Fe,<bos>,0,0.0,0.0,semantic,"[{""token"": ""<bos>"", ""index"": 0, ""distance"": 0, ""direction"": ""self""}]",n/a,Relationship,,1.0,False,,(city) related,"[{""tk"": ""city"", ""act"": 0.0}, {""tk"": ""in"", ""act"": 0.0}, {""tk"": ""Mexico"", ""act"": 0.0}, {""tk"": ""USA"", ""act"": 0.0}, {""tk"": ""is"", ""act"": 0.0}, {""tk"": ""Albuquerque"", ""act"": 0.0}, {""tk"": ""The"", ""act"": 0.0}, {""tk"": ""capital"", ""act"": 0.0}, {""tk"": ""of"", ""act"": 0.0}, {""tk"": ""state"", ""act"": 0.0}, {""tk"": ""attribute"", ""act"": 0.0}, {""tk"": ""serving"", ""act"": 0.0}, {""tk"": ""government"", ""act"": 0.0}, {""tk"": ""which"", ""act"": 0.0}, {""tk"": ""containing"", ""act"": 0.0}]"
1_73733,1,73733,entity: The capital city of New Mexico is Santa Fe,<bos>,0,0.0,0.0,semantic,"[{""token"": ""<bos>"", ""index"": 0, ""distance"": 0, ""direction"": ""self""}]",n/a,Relationship,,1.0,False,,(city) related,"[{""tk"": ""city"", ""act"": 0.0}, {""tk"": ""in"", ""act"": 0.0}, {""tk"": ""Mexico"", ""act"": 0.0}, {""tk"": ""USA"", ""act"": 0.0}, {""tk"": ""is"", ""act"": 0.0}, {""tk"": ""Albuquerque"", ""act"": 0.0}, {""tk"": ""The"", ""act"": 0.0}, {""tk"": ""capital"", ""act"": 0.0}, {""tk"": ""of"", ""act"": 0.0}, {""tk"": ""state"", ""act"": 0.0}, {""tk"": ""attribute"", ""act"": 0.0}, {""tk"": ""serving"", ""act"": 0.0}, {""tk"": ""government"", ""act"": 0.0}, {""tk"": ""which"", ""act"": 0.0}, {""tk"": ""containing"", ""act"": 0.0}]"
2_36902,2,36902,entity: The capital city of New Mexico is Santa Fe, capital,4,20.3389949798584,0.8704123099398999,semantic,"[{""token"": "" capital"", ""index"": 4, ""distance"": 0, ""direction"": ""self""}]",n/a,Semantic,Dictionary (fallback),0.9,False,,capital,"[{""tk"": ""capital"", ""act"": 20.3389949798584}, {""tk"": ""city"", ""act"": 0.0}, {""tk"": ""in"", ""act"": 0.0}, {""tk"": ""Mexico"", ""act"": 0.0}, {""tk"": ""USA"", ""act"": 0.0}, {""tk"": ""is"", ""act"": 0.0}, {""tk"": ""Albuquerque"", ""act"": 0.0}, {""tk"": ""The"", ""act"": 0.0}, {""tk"": ""of"", ""act"": 0.0}, {""tk"": ""state"", ""act"": 0.0}, {""tk"": ""attribute"", ""act"": 0.0}, {""tk"": ""serving"", ""act"": 0.0}, {""tk"": ""government"", ""act"": 0.0}, {""tk"": ""which"", ""act"": 0.0}, {""tk"": ""containing"", ""act"": 0.0}]"
2_1890,2,1890,entity: The capital city of New Mexico is Santa Fe, capital,4,15.066326141357422,0.9166666666666669,semantic,"[{""token"": "" capital"", ""index"": 4, ""distance"": 0, ""direction"": ""self""}]",n/a,Semantic,Dictionary,1.0,False,,capital,"[{""tk"": ""capital"", ""act"": 25.489017486572266}, {""tk"": ""city"", ""act"": 0.0}, {""tk"": ""in"", ""act"": 0.0}, {""tk"": ""Mexico"", ""act"": 0.0}, {""tk"": ""USA"", ""act"": 0.0}, {""tk"": ""is"", ""act"": 0.0}, {""tk"": ""Albuquerque"", ""act"": 0.0}, {""tk"": ""The"", ""act"": 0.0}, {""tk"": ""of"", ""act"": 0.0}, {""tk"": ""state"", ""act"": 0.0}, {""tk"": ""attribute"", ""act"": 0.0}, {""tk"": ""serving"", ""act"": 0.0}, {""tk"": ""government"", ""act"": 0.0}, {""tk"": ""which"", ""act"": 0.0}, {""tk"": ""containing"", ""act"": 0.0}]"
2_82010,2,82010,entity: The capital city of New Mexico is Santa Fe, is,9,10.074061393737791,0.9166666666666669,functional,"[{""token"": "" Santa"", ""index"": 10, ""distance"": 1, ""direction"": ""forward""}]",json,Semantic,Dictionary (fallback),0.9,False,,is,"[{""tk"": ""is"", ""act"": 10.074061393737793}, {""tk"": ""city"", ""act"": 0.0}, {""tk"": ""in"", ""act"": 0.0}, {""tk"": ""Mexico"", ""act"": 0.0}, {""tk"": ""USA"", ""act"": 0.0}, {""tk"": ""Albuquerque"", ""act"": 0.0}, {""tk"": ""The"", ""act"": 0.0}, {""tk"": ""capital"", ""act"": 0.0}, {""tk"": ""of"", ""act"": 0.0}, {""tk"": ""state"", ""act"": 0.0}, {""tk"": ""attribute"", ""act"": 0.0}, {""tk"": ""serving"", ""act"": 0.0}, {""tk"": ""government"", ""act"": 0.0}, {""tk"": ""which"", ""act"": 0.0}, {""tk"": ""containing"", ""act"": 0.0}]"
2_76232,2,76232,entity: The capital city of New Mexico is Santa Fe, is,9,8.962213516235352,0.9166666666666669,functional,"[{""token"": "" Santa"", ""index"": 10, ""distance"": 1, ""direction"": ""forward""}]",json,Semantic,Dictionary (fallback),0.9,False,,is,"[{""tk"": ""is"", ""act"": 11.182415008544922}, {""tk"": ""city"", ""act"": 0.0}, {""tk"": ""in"", ""act"": 0.0}, {""tk"": ""Mexico"", ""act"": 0.0}, {""tk"": ""USA"", ""act"": 0.0}, {""tk"": ""Albuquerque"", ""act"": 0.0}, {""tk"": ""The"", ""act"": 0.0}, {""tk"": ""capital"", ""act"": 0.0}, {""tk"": ""of"", ""act"": 0.0}, {""tk"": ""state"", ""act"": 0.0}, {""tk"": ""attribute"", ""act"": 0.0}, {""tk"": ""serving"", ""act"": 0.0}, {""tk"": ""government"", ""act"": 0.0}, {""tk"": ""which"", ""act"": 0.0}, {""tk"": ""containing"", ""act"": 0.0}]"
2_4865,2,4865,entity: The capital city of New Mexico is Santa Fe, capital,4,2.6949265003204346,0.9166666666666666,semantic,"[{""token"": "" capital"", ""index"": 4, ""distance"": 0, ""direction"": ""self""}]",n/a,Semantic,Dictionary,1.0,False,,capital,"[{""tk"": ""capital"", ""act"": 3.5495402812957764}, {""tk"": ""city"", ""act"": 0.0}, {""tk"": ""in"", ""act"": 0.0}, {""tk"": ""Mexico"", ""act"": 0.0}, {""tk"": ""USA"", ""act"": 0.0}, {""tk"": ""is"", ""act"": 0.0}, {""tk"": ""Albuquerque"", ""act"": 0.0}, {""tk"": ""The"", ""act"": 0.0}, {""tk"": ""of"", ""act"": 0.0}, {""tk"": ""state"", ""act"": 0.0}, {""tk"": ""attribute"", ""act"": 0.0}, {""tk"": ""serving"", ""act"": 0.0}, {""tk"": ""government"", ""act"": 0.0}, {""tk"": ""which"", ""act"": 0.0}, {""tk"": ""containing"", ""act"": 0.0}]"
3_52779,3,52779,entity: The capital city of New Mexico is Santa Fe,<bos>,0,57.88114547729492,0.9166666666666669,semantic,"[{""token"": ""<bos>"", ""index"": 0, ""distance"": 0, ""direction"": ""self""}]",n/a,Semantic,Dictionary (fallback),0.9,False,,Semantic (unknown),"[{""tk"": ""in"", ""act"": 22.74864959716797}, {""tk"": ""containing"", ""act"": 17.660171508789062}, {""tk"": ""the"", ""act"": 13.811017036437988}, {""tk"": ""is"", ""act"": 13.126309394836426}, {""tk"": ""which"", ""act"": 9.762779235839844}, {""tk"": ""city"", ""act"": 0.0}, {""tk"": ""Mexico"", ""act"": 0.0}, {""tk"": ""USA"", ""act"": 0.0}, {""tk"": ""Albuquerque"", ""act"": 0.0}, {""tk"": ""capital"", ""act"": 0.0}, {""tk"": ""of"", ""act"": 0.0}, {""tk"": ""state"", ""act"": 0.0}, {""tk"": ""attribute"", ""act"": 0.0}, {""tk"": ""serving"", ""act"": 0.0}, {""tk"": ""government"", ""act"": 0.0}]"
3_66403,3,66403,entity: The capital city of New Mexico is Santa Fe,<bos>,0,25.301193237304688,0.9166666666666666,semantic,"[{""token"": ""<bos>"", ""index"": 0, ""distance"": 0, ""direction"": ""self""}]",n/a,Semantic,Dictionary (fallback),0.9,False,,Semantic (unknown),"[{""tk"": ""city"", ""act"": 0.0}, {""tk"": ""in"", ""act"": 0.0}, {""tk"": ""Mexico"", ""act"": 0.0}, {""tk"": ""USA"", ""act"": 0.0}, {""tk"": ""is"", ""act"": 0.0}, {""tk"": ""Albuquerque"", ""act"": 0.0}, {""tk"": ""The"", ""act"": 0.0}, {""tk"": ""capital"", ""act"": 0.0}, {""tk"": ""of"", ""act"": 0.0}, {""tk"": ""state"", ""act"": 0.0}, {""tk"": ""attribute"", ""act"": 0.0}, {""tk"": ""serving"", ""act"": 0.0}, {""tk"": ""government"", ""act"": 0.0}, {""tk"": ""which"", ""act"": 0.0}, {""tk"": ""containing"", ""act"": 0.0}]"
3_28747,3,28747,entity: The capital city of New Mexico is Santa Fe, of,6,17.464412689208984,0.9107772430384258,functional,"[{""token"": "" city"", ""index"": 5, ""distance"": 1, ""direction"": ""backward""}]",json,Semantic,Dictionary (fallback),0.9,False,,of,"[{""tk"": ""of"", ""act"": 17.464412689208984}, {""tk"": ""is"", ""act"": 1.2342638969421387}, {""tk"": ""city"", ""act"": 0.0}, {""tk"": ""in"", ""act"": 0.0}, {""tk"": ""Mexico"", ""act"": 0.0}, {""tk"": ""USA"", ""act"": 0.0}, {""tk"": ""Albuquerque"", ""act"": 0.0}, {""tk"": ""The"", ""act"": 0.0}, {""tk"": ""capital"", ""act"": 0.0}, {""tk"": ""state"", ""act"": 0.0}, {""tk"": ""attribute"", ""act"": 0.0}, {""tk"": ""serving"", ""act"": 0.0}, {""tk"": ""government"", ""act"": 0.0}, {""tk"": ""which"", ""act"": 0.0}, {""tk"": ""containing"", ""act"": 0.0}]"
3_13967,3,13967,entity: The capital city of New Mexico is Santa Fe, of,6,11.243531227111816,0.8611989279000696,functional,"[{""token"": "" city"", ""index"": 5, ""distance"": 1, ""direction"": ""backward""}]",json,Semantic,Dictionary (fallback),0.9,False,,of,"[{""tk"": ""of"", ""act"": 11.243531227111816}, {""tk"": ""is"", ""act"": 7.48383903503418}, {""tk"": ""the"", ""act"": 0.35361218452453613}, {""tk"": ""city"", ""act"": 0.0}, {""tk"": ""in"", ""act"": 0.0}, {""tk"": ""Mexico"", ""act"": 0.0}, {""tk"": ""USA"", ""act"": 0.0}, {""tk"": ""Albuquerque"", ""act"": 0.0}, {""tk"": ""capital"", ""act"": 0.0}, {""tk"": ""state"", ""act"": 0.0}, {""tk"": ""attribute"", ""act"": 0.0}, {""tk"": ""serving"", ""act"": 0.0}, {""tk"": ""government"", ""act"": 0.0}, {""tk"": ""which"", ""act"": 0.0}, {""tk"": ""containing"", ""act"": 0.0}]"
3_91022,3,91022,entity: The capital city of New Mexico is Santa Fe,<bos>,0,11.15066909790039,0.9166666666666666,semantic,"[{""token"": ""<bos>"", ""index"": 0, ""distance"": 0, ""direction"": ""self""}]",n/a,Semantic,Dictionary (fallback),0.9,False,,Semantic (unknown),"[{""tk"": ""containing"", ""act"": 6.780716419219971}, {""tk"": ""serving"", ""act"": 5.3664069175720215}, {""tk"": ""city"", ""act"": 0.0}, {""tk"": ""in"", ""act"": 0.0}, {""tk"": ""Mexico"", ""act"": 0.0}, {""tk"": ""USA"", ""act"": 0.0}, {""tk"": ""is"", ""act"": 0.0}, {""tk"": ""Albuquerque"", ""act"": 0.0}, {""tk"": ""The"", ""act"": 0.0}, {""tk"": ""capital"", ""act"": 0.0}, {""tk"": ""of"", ""act"": 0.0}, {""tk"": ""state"", ""act"": 0.0}, {""tk"": ""attribute"", ""act"": 0.0}, {""tk"": ""government"", ""act"": 0.0}, {""tk"": ""which"", ""act"": 0.0}]"
3_93843,3,93843,entity: The capital city of New Mexico is Santa Fe, is,9,4.228334426879883,0.9166666666666666,functional,"[{""token"": "" Santa"", ""index"": 10, ""distance"": 1, ""direction"": ""forward""}]",json,Semantic,Dictionary (fallback),0.9,False,,is,"[{""tk"": ""is"", ""act"": 4.228334426879883}, {""tk"": ""city"", ""act"": 0.0}, {""tk"": ""in"", ""act"": 0.0}, {""tk"": ""Mexico"", ""act"": 0.0}, {""tk"": ""USA"", ""act"": 0.0}, {""tk"": ""Albuquerque"", ""act"": 0.0}, {""tk"": ""The"", ""act"": 0.0}, {""tk"": ""capital"", ""act"": 0.0}, {""tk"": ""of"", ""act"": 0.0}, {""tk"": ""state"", ""act"": 0.0}, {""tk"": ""attribute"", ""act"": 0.0}, {""tk"": ""serving"", ""act"": 0.0}, {""tk"": ""government"", ""act"": 0.0}, {""tk"": ""which"", ""act"": 0.0}, {""tk"": ""containing"", ""act"": 0.0}]"
4_3920,4,3920,entity: The capital city of New Mexico is Santa Fe,<bos>,0,159.3799591064453,0.902545343371908,semantic,"[{""token"": ""<bos>"", ""index"": 0, ""distance"": 0, ""direction"": ""self""}]",n/a,Semantic,Concept,0.7,False,,Semantic (unknown),"[{""tk"": ""attribute"", ""act"": 19.900348663330078}, {""tk"": ""city"", ""act"": 0.0}, {""tk"": ""in"", ""act"": 0.0}, {""tk"": ""Mexico"", ""act"": 0.0}, {""tk"": ""USA"", ""act"": 0.0}, {""tk"": ""is"", ""act"": 0.0}, {""tk"": ""Albuquerque"", ""act"": 0.0}, {""tk"": ""The"", ""act"": 0.0}, {""tk"": ""capital"", ""act"": 0.0}, {""tk"": ""of"", ""act"": 0.0}, {""tk"": ""state"", ""act"": 0.0}, {""tk"": ""serving"", ""act"": 0.0}, {""tk"": ""government"", ""act"": 0.0}, {""tk"": ""which"", ""act"": 0.0}, {""tk"": ""containing"", ""act"": 0.0}]"
4_55831,4,55831,entity: The capital city of New Mexico is Santa Fe, capital,4,29.359546661376957,0.8793307557526571,semantic,"[{""token"": "" capital"", ""index"": 4, ""distance"": 0, ""direction"": ""self""}]",n/a,Semantic,Dictionary,1.0,False,,capital,"[{""tk"": ""capital"", ""act"": 29.359546661376953}, {""tk"": ""city"", ""act"": 11.154122352600098}, {""tk"": ""is"", ""act"": 1.9998626708984375}, {""tk"": ""in"", ""act"": 0.0}, {""tk"": ""Mexico"", ""act"": 0.0}, {""tk"": ""USA"", ""act"": 0.0}, {""tk"": ""Albuquerque"", ""act"": 0.0}, {""tk"": ""The"", ""act"": 0.0}, {""tk"": ""of"", ""act"": 0.0}, {""tk"": ""state"", ""act"": 0.0}, {""tk"": ""attribute"", ""act"": 0.0}, {""tk"": ""serving"", ""act"": 0.0}, {""tk"": ""government"", ""act"": 0.0}, {""tk"": ""which"", ""act"": 0.0}, {""tk"": ""containing"", ""act"": 0.0}]"
4_83635,4,83635,entity: The capital city of New Mexico is Santa Fe, capital,4,21.525239944458008,0.6396284883673706,semantic,"[{""token"": "" capital"", ""index"": 4, ""distance"": 0, ""direction"": ""self""}]",n/a,Semantic,Concept,0.7,False,,city,"[{""tk"": ""city"", ""act"": 29.045270919799805}, {""tk"": ""attribute"", ""act"": 28.14508056640625}, {""tk"": ""capital"", ""act"": 21.525239944458008}, {""tk"": ""state"", ""act"": 19.251550674438477}, {""tk"": ""Albuquerque"", ""act"": 14.588085174560547}, {""tk"": ""Mexico"", ""act"": 14.586587905883789}, {""tk"": ""government"", ""act"": 13.456141471862793}, {""tk"": ""USA"", ""act"": 13.066239356994629}, {""tk"": ""of"", ""act"": 8.01102066040039}, {""tk"": ""containing"", ""act"": 7.884756565093994}, {""tk"": ""in"", ""act"": 6.716607570648193}, {""tk"": ""is"", ""act"": 3.615675926208496}, {""tk"": ""which"", ""act"": 2.1635446548461914}, {""tk"": ""The"", ""act"": 0.0}, {""tk"": ""serving"", ""act"": 0.0}]"
4_83005,4,83005,entity: The capital city of New Mexico is Santa Fe, is,9,13.738452911376951,0.9166666666666666,functional,"[{""token"": "" Santa"", ""index"": 10, ""distance"": 1, ""direction"": ""forward""}]",json,Semantic,Ambiguous,0.3,True,"Ambiguous: peak_cons=0.50, n_peaks=1, func_vs_sem=100.0%, layer=4",is,"[{""tk"": ""is"", ""act"": 13.738452911376953}, {""tk"": ""city"", ""act"": 0.0}, {""tk"": ""in"", ""act"": 0.0}, {""tk"": ""Mexico"", ""act"": 0.0}, {""tk"": ""USA"", ""act"": 0.0}, {""tk"": ""Albuquerque"", ""act"": 0.0}, {""tk"": ""The"", ""act"": 0.0}, {""tk"": ""capital"", ""act"": 0.0}, {""tk"": ""of"", ""act"": 0.0}, {""tk"": ""state"", ""act"": 0.0}, {""tk"": ""attribute"", ""act"": 0.0}, {""tk"": ""serving"", ""act"": 0.0}, {""tk"": ""government"", ""act"": 0.0}, {""tk"": ""which"", ""act"": 0.0}, {""tk"": ""containing"", ""act"": 0.0}]"
4_3432,4,3432,entity: The capital city of New Mexico is Santa Fe, is,9,13.600778579711914,0.9166666666666669,functional,"[{""token"": "" Santa"", ""index"": 10, ""distance"": 1, ""direction"": ""forward""}]",json,Semantic,Ambiguous,0.3,True,"Ambiguous: peak_cons=0.50, n_peaks=1, func_vs_sem=100.0%, layer=4",is,"[{""tk"": ""is"", ""act"": 16.34661102294922}, {""tk"": ""city"", ""act"": 0.0}, {""tk"": ""in"", ""act"": 0.0}, {""tk"": ""Mexico"", ""act"": 0.0}, {""tk"": ""USA"", ""act"": 0.0}, {""tk"": ""Albuquerque"", ""act"": 0.0}, {""tk"": ""The"", ""act"": 0.0}, {""tk"": ""capital"", ""act"": 0.0}, {""tk"": ""of"", ""act"": 0.0}, {""tk"": ""state"", ""act"": 0.0}, {""tk"": ""attribute"", ""act"": 0.0}, {""tk"": ""serving"", ""act"": 0.0}, {""tk"": ""government"", ""act"": 0.0}, {""tk"": ""which"", ""act"": 0.0}, {""tk"": ""containing"", ""act"": 0.0}]"
4_97813,4,97813,entity: The capital city of New Mexico is Santa Fe, city,5,13.028558731079102,0.7842814030357281,semantic,"[{""token"": "" city"", ""index"": 5, ""distance"": 0, ""direction"": ""self""}]",n/a,Semantic,Concept,0.7,False,,government,"[{""tk"": ""government"", ""act"": 17.90291976928711}, {""tk"": ""of"", ""act"": 14.3899507522583}, {""tk"": ""city"", ""act"": 13.028558731079102}, {""tk"": ""capital"", ""act"": 10.718213081359863}, {""tk"": ""is"", ""act"": 4.917844295501709}, {""tk"": ""the"", ""act"": 1.4474035501480103}, {""tk"": ""in"", ""act"": 0.0}, {""tk"": ""Mexico"", ""act"": 0.0}, {""tk"": ""USA"", ""act"": 0.0}, {""tk"": ""Albuquerque"", ""act"": 0.0}, {""tk"": ""state"", ""act"": 0.0}, {""tk"": ""attribute"", ""act"": 0.0}, {""tk"": ""serving"", ""act"": 0.0}, {""tk"": ""which"", ""act"": 0.0}, {""tk"": ""containing"", ""act"": 0.0}]"
4_58113,4,58113,entity: The capital city of New Mexico is Santa Fe, of,6,6.1291046142578125,0.8075782970002432,functional,"[{""token"": "" city"", ""index"": 5, ""distance"": 1, ""direction"": ""backward""}]",json,Semantic,Concept,0.7077726636889586,False,,city,"[{""tk"": ""city"", ""act"": 8.659708023071289}, {""tk"": ""of"", ""act"": 6.1291046142578125}, {""tk"": ""is"", ""act"": 5.5258660316467285}, {""tk"": ""in"", ""act"": 3.8225936889648438}, {""tk"": ""containing"", ""act"": 0.11254596710205078}, {""tk"": ""Mexico"", ""act"": 0.0}, {""tk"": ""USA"", ""act"": 0.0}, {""tk"": ""Albuquerque"", ""act"": 0.0}, {""tk"": ""The"", ""act"": 0.0}, {""tk"": ""capital"", ""act"": 0.0}, {""tk"": ""state"", ""act"": 0.0}, {""tk"": ""attribute"", ""act"": 0.0}, {""tk"": ""serving"", ""act"": 0.0}, {""tk"": ""government"", ""act"": 0.0}, {""tk"": ""which"", ""act"": 0.0}]"
4_54423,4,54423,entity: The capital city of New Mexico is Santa Fe,<bos>,0,0.0,0.0,semantic,"[{""token"": ""<bos>"", ""index"": 0, ""distance"": 0, ""direction"": ""self""}]",n/a,Semantic,Dictionary,1.0,False,,containing,"[{""tk"": ""containing"", ""act"": 8.495969772338867}, {""tk"": ""which"", ""act"": 1.9871268272399902}, {""tk"": ""in"", ""act"": 0.26462411880493164}, {""tk"": ""city"", ""act"": 0.0}, {""tk"": ""Mexico"", ""act"": 0.0}, {""tk"": ""USA"", ""act"": 0.0}, {""tk"": ""is"", ""act"": 0.0}, {""tk"": ""Albuquerque"", ""act"": 0.0}, {""tk"": ""The"", ""act"": 0.0}, {""tk"": ""capital"", ""act"": 0.0}, {""tk"": ""of"", ""act"": 0.0}, {""tk"": ""state"", ""act"": 0.0}, {""tk"": ""attribute"", ""act"": 0.0}, {""tk"": ""serving"", ""act"": 0.0}, {""tk"": ""government"", ""act"": 0.0}]"
4_70409,4,70409,entity: The capital city of New Mexico is Santa Fe,<bos>,0,0.0,0.0,semantic,"[{""token"": ""<bos>"", ""index"": 0, ""distance"": 0, ""direction"": ""self""}]",n/a,Semantic,Dictionary,1.0,False,,containing,"[{""tk"": ""containing"", ""act"": 9.570971488952637}, {""tk"": ""which"", ""act"": 1.9328405857086182}, {""tk"": ""city"", ""act"": 0.0}, {""tk"": ""in"", ""act"": 0.0}, {""tk"": ""Mexico"", ""act"": 0.0}, {""tk"": ""USA"", ""act"": 0.0}, {""tk"": ""is"", ""act"": 0.0}, {""tk"": ""Albuquerque"", ""act"": 0.0}, {""tk"": ""The"", ""act"": 0.0}, {""tk"": ""capital"", ""act"": 0.0}, {""tk"": ""of"", ""act"": 0.0}, {""tk"": ""state"", ""act"": 0.0}, {""tk"": ""attribute"", ""act"": 0.0}, {""tk"": ""serving"", ""act"": 0.0}, {""tk"": ""government"", ""act"": 0.0}]"
5_1551,5,1551,entity: The capital city of New Mexico is Santa Fe,<bos>,0,161.51025390625,0.897106054416473,semantic,"[{""token"": ""<bos>"", ""index"": 0, ""distance"": 0, ""direction"": ""self""}]",n/a,Semantic,Concept,0.7,False,,Semantic (unknown),"[{""tk"": ""attribute"", ""act"": 39.44136428833008}, {""tk"": ""city"", ""act"": 0.0}, {""tk"": ""in"", ""act"": 0.0}, {""tk"": ""Mexico"", ""act"": 0.0}, {""tk"": ""USA"", ""act"": 0.0}, {""tk"": ""is"", ""act"": 0.0}, {""tk"": ""Albuquerque"", ""act"": 0.0}, {""tk"": ""The"", ""act"": 0.0}, {""tk"": ""capital"", ""act"": 0.0}, {""tk"": ""of"", ""act"": 0.0}, {""tk"": ""state"", ""act"": 0.0}, {""tk"": ""serving"", ""act"": 0.0}, {""tk"": ""government"", ""act"": 0.0}, {""tk"": ""which"", ""act"": 0.0}, {""tk"": ""containing"", ""act"": 0.0}]"
5_95640,5,95640,entity: The capital city of New Mexico is Santa Fe,<bos>,0,139.22251892089844,0.9019979809578024,semantic,"[{""token"": ""<bos>"", ""index"": 0, ""distance"": 0, ""direction"": ""self""}]",n/a,Semantic,Concept,0.7,False,,Semantic (unknown),"[{""tk"": ""attribute"", ""act"": 23.3470401763916}, {""tk"": ""city"", ""act"": 0.0}, {""tk"": ""in"", ""act"": 0.0}, {""tk"": ""Mexico"", ""act"": 0.0}, {""tk"": ""USA"", ""act"": 0.0}, {""tk"": ""is"", ""act"": 0.0}, {""tk"": ""Albuquerque"", ""act"": 0.0}, {""tk"": ""The"", ""act"": 0.0}, {""tk"": ""capital"", ""act"": 0.0}, {""tk"": ""of"", ""act"": 0.0}, {""tk"": ""state"", ""act"": 0.0}, {""tk"": ""serving"", ""act"": 0.0}, {""tk"": ""government"", ""act"": 0.0}, {""tk"": ""which"", ""act"": 0.0}, {""tk"": ""containing"", ""act"": 0.0}]"
5_15213,5,15213,entity: The capital city of New Mexico is Santa Fe,<bos>,0,116.81965637207033,0.9166666666666669,semantic,"[{""token"": ""<bos>"", ""index"": 0, ""distance"": 0, ""direction"": ""self""}]",n/a,Semantic,Concept,0.7,False,,Semantic (unknown),"[{""tk"": ""city"", ""act"": 0.0}, {""tk"": ""in"", ""act"": 0.0}, {""tk"": ""Mexico"", ""act"": 0.0}, {""tk"": ""USA"", ""act"": 0.0}, {""tk"": ""is"", ""act"": 0.0}, {""tk"": ""Albuquerque"", ""act"": 0.0}, {""tk"": ""The"", ""act"": 0.0}, {""tk"": ""capital"", ""act"": 0.0}, {""tk"": ""of"", ""act"": 0.0}, {""tk"": ""state"", ""act"": 0.0}, {""tk"": ""attribute"", ""act"": 0.0}, {""tk"": ""serving"", ""act"": 0.0}, {""tk"": ""government"", ""act"": 0.0}, {""tk"": ""which"", ""act"": 0.0}, {""tk"": ""containing"", ""act"": 0.0}]"
5_32184,5,32184,entity: The capital city of New Mexico is Santa Fe, of,6,32.639617919921875,0.8611153554757441,functional,"[{""token"": "" city"", ""index"": 5, ""distance"": 1, ""direction"": ""backward""}]",json,Semantic,Ambiguous,0.3,True,"Ambiguous: peak_cons=0.33, n_peaks=3, func_vs_sem=51.1%, layer=5",capital,"[{""tk"": ""of"", ""act"": 32.639617919921875}, {""tk"": ""capital"", ""act"": 15.967439651489258}, {""tk"": ""city"", ""act"": 14.918037414550781}, {""tk"": ""in"", ""act"": 2.1469907760620117}, {""tk"": ""is"", ""act"": 1.9061193466186523}, {""tk"": ""Mexico"", ""act"": 0.0}, {""tk"": ""USA"", ""act"": 0.0}, {""tk"": ""Albuquerque"", ""act"": 0.0}, {""tk"": ""The"", ""act"": 0.0}, {""tk"": ""state"", ""act"": 0.0}, {""tk"": ""attribute"", ""act"": 0.0}, {""tk"": ""serving"", ""act"": 0.0}, {""tk"": ""government"", ""act"": 0.0}, {""tk"": ""which"", ""act"": 0.0}, {""tk"": ""containing"", ""act"": 0.0}]"
5_51213,5,51213,entity: The capital city of New Mexico is Santa Fe, of,6,18.14890480041504,0.8320182091234639,functional,"[{""token"": "" city"", ""index"": 5, ""distance"": 1, ""direction"": ""backward""}]",json,Semantic,Concept,0.5,False,,capital,"[{""tk"": ""of"", ""act"": 18.14890480041504}, {""tk"": ""city"", ""act"": 8.983392715454102}, {""tk"": ""is"", ""act"": 5.590522766113281}, {""tk"": ""capital"", ""act"": 5.454928398132324}, {""tk"": ""government"", ""act"": 1.9978015422821045}, {""tk"": ""in"", ""act"": 0.0}, {""tk"": ""Mexico"", ""act"": 0.0}, {""tk"": ""USA"", ""act"": 0.0}, {""tk"": ""Albuquerque"", ""act"": 0.0}, {""tk"": ""The"", ""act"": 0.0}, {""tk"": ""state"", ""act"": 0.0}, {""tk"": ""attribute"", ""act"": 0.0}, {""tk"": ""serving"", ""act"": 0.0}, {""tk"": ""which"", ""act"": 0.0}, {""tk"": ""containing"", ""act"": 0.0}]"
5_67142,5,67142,entity: The capital city of New Mexico is Santa Fe, is,9,0.8227484226226807,0.9166666666666669,functional,"[{""token"": "" Santa"", ""index"": 10, ""distance"": 1, ""direction"": ""forward""}]",json,Semantic,Concept,0.5,False,,city,"[{""tk"": ""is"", ""act"": 0.8227484226226807}, {""tk"": ""city"", ""act"": 0.2532155513763428}, {""tk"": ""in"", ""act"": 0.0}, {""tk"": ""Mexico"", ""act"": 0.0}, {""tk"": ""USA"", ""act"": 0.0}, {""tk"": ""Albuquerque"", ""act"": 0.0}, {""tk"": ""The"", ""act"": 0.0}, {""tk"": ""capital"", ""act"": 0.0}, {""tk"": ""of"", ""act"": 0.0}, {""tk"": ""state"", ""act"": 0.0}, {""tk"": ""attribute"", ""act"": 0.0}, {""tk"": ""serving"", ""act"": 0.0}, {""tk"": ""government"", ""act"": 0.0}, {""tk"": ""which"", ""act"": 0.0}, {""tk"": ""containing"", ""act"": 0.0}]"
5_4901,5,4901,entity: The capital city of New Mexico is Santa Fe,<bos>,0,0.0,0.0,semantic,"[{""token"": ""<bos>"", ""index"": 0, ""distance"": 0, ""direction"": ""self""}]",n/a,Semantic,Ambiguous,0.3,True,"Ambiguous: peak_cons=0.17, n_peaks=1, func_vs_sem=100.0%, layer=5",is,"[{""tk"": ""is"", ""act"": 6.10368013381958}, {""tk"": ""city"", ""act"": 0.0}, {""tk"": ""in"", ""act"": 0.0}, {""tk"": ""Mexico"", ""act"": 0.0}, {""tk"": ""USA"", ""act"": 0.0}, {""tk"": ""Albuquerque"", ""act"": 0.0}, {""tk"": ""The"", ""act"": 0.0}, {""tk"": ""capital"", ""act"": 0.0}, {""tk"": ""of"", ""act"": 0.0}, {""tk"": ""state"", ""act"": 0.0}, {""tk"": ""attribute"", ""act"": 0.0}, {""tk"": ""serving"", ""act"": 0.0}, {""tk"": ""government"", ""act"": 0.0}, {""tk"": ""which"", ""act"": 0.0}, {""tk"": ""containing"", ""act"": 0.0}]"
6_22143,6,22143,entity: The capital city of New Mexico is Santa Fe, capital,4,27.022661209106445,0.5704485046468869,semantic,"[{""token"": "" capital"", ""index"": 4, ""distance"": 0, ""direction"": ""self""}]",n/a,Semantic,Concept,0.7,False,,USA,"[{""tk"": ""USA"", ""act"": 28.799158096313477}, {""tk"": ""capital"", ""act"": 27.022661209106445}, {""tk"": ""attribute"", ""act"": 25.566389083862305}, {""tk"": ""Mexico"", ""act"": 18.2874698638916}, {""tk"": ""city"", ""act"": 17.3726863861084}, {""tk"": ""is"", ""act"": 16.952861785888672}, {""tk"": ""state"", ""act"": 13.70422649383545}, {""tk"": ""the"", ""act"": 13.393610000610352}, {""tk"": ""Albuquerque"", ""act"": 9.795988082885742}, {""tk"": ""in"", ""act"": 9.335844039916992}, {""tk"": ""which"", ""act"": 0.24917440116405487}, {""tk"": ""of"", ""act"": 0.0}, {""tk"": ""serving"", ""act"": 0.0}, {""tk"": ""government"", ""act"": 0.0}, {""tk"": ""containing"", ""act"": 0.0}]"
6_41771,6,41771,entity: The capital city of New Mexico is Santa Fe, of,6,12.72544002532959,0.8996604593421167,functional,"[{""token"": "" city"", ""index"": 5, ""distance"": 1, ""direction"": ""backward""}]",json,Semantic,Ambiguous,0.3,True,"Ambiguous: peak_cons=0.33, n_peaks=2, func_vs_sem=100.0%, layer=6",in,"[{""tk"": ""in"", ""act"": 16.54599952697754}, {""tk"": ""of"", ""act"": 12.72544002532959}, {""tk"": ""USA"", ""act"": 2.112595319747925}, {""tk"": ""is"", ""act"": 1.5387499332427979}, {""tk"": ""city"", ""act"": 0.0}, {""tk"": ""Mexico"", ""act"": 0.0}, {""tk"": ""Albuquerque"", ""act"": 0.0}, {""tk"": ""The"", ""act"": 0.0}, {""tk"": ""capital"", ""act"": 0.0}, {""tk"": ""state"", ""act"": 0.0}, {""tk"": ""attribute"", ""act"": 0.0}, {""tk"": ""serving"", ""act"": 0.0}, {""tk"": ""government"", ""act"": 0.0}, {""tk"": ""which"", ""act"": 0.0}, {""tk"": ""containing"", ""act"": 0.0}]"
6_78249,6,78249,entity: The capital city of New Mexico is Santa Fe, Fe,11,10.445343017578123,0.9166666666666666,functional,[],json,Semantic,Concept,0.9815195034373149,False,,Albuquerque,"[{""tk"": ""Albuquerque"", ""act"": 10.252307891845703}, {""tk"": ""city"", ""act"": 0.0}, {""tk"": ""in"", ""act"": 0.0}, {""tk"": ""Mexico"", ""act"": 0.0}, {""tk"": ""USA"", ""act"": 0.0}, {""tk"": ""is"", ""act"": 0.0}, {""tk"": ""The"", ""act"": 0.0}, {""tk"": ""capital"", ""act"": 0.0}, {""tk"": ""of"", ""act"": 0.0}, {""tk"": ""state"", ""act"": 0.0}, {""tk"": ""attribute"", ""act"": 0.0}, {""tk"": ""serving"", ""act"": 0.0}, {""tk"": ""government"", ""act"": 0.0}, {""tk"": ""which"", ""act"": 0.0}, {""tk"": ""containing"", ""act"": 0.0}]"
6_72419,6,72419,entity: The capital city of New Mexico is Santa Fe, of,6,0.943068504333496,0.9166666666666666,functional,"[{""token"": "" city"", ""index"": 5, ""distance"": 1, ""direction"": ""backward""}]",json,Semantic,Concept,0.7,False,,serving,"[{""tk"": ""serving"", ""act"": 4.5303850173950195}, {""tk"": ""which"", ""act"": 2.1901695728302}, {""tk"": ""the"", ""act"": 1.4751348495483398}, {""tk"": ""of"", ""act"": 0.9430685043334961}, {""tk"": ""is"", ""act"": 0.31030964851379395}, {""tk"": ""city"", ""act"": 0.0}, {""tk"": ""in"", ""act"": 0.0}, {""tk"": ""Mexico"", ""act"": 0.0}, {""tk"": ""USA"", ""act"": 0.0}, {""tk"": ""Albuquerque"", ""act"": 0.0}, {""tk"": ""capital"", ""act"": 0.0}, {""tk"": ""state"", ""act"": 0.0}, {""tk"": ""attribute"", ""act"": 0.0}, {""tk"": ""government"", ""act"": 0.0}, {""tk"": ""containing"", ""act"": 0.0}]"
7_31656,7,31656,entity: The capital city of New Mexico is Santa Fe,<bos>,0,187.40298461914065,0.8931577139006874,semantic,"[{""token"": ""<bos>"", ""index"": 0, ""distance"": 0, ""direction"": ""self""}]",n/a,Semantic,Concept,0.7,False,,Semantic (unknown),"[{""tk"": ""attribute"", ""act"": 57.960975646972656}, {""tk"": ""city"", ""act"": 0.0}, {""tk"": ""in"", ""act"": 0.0}, {""tk"": ""Mexico"", ""act"": 0.0}, {""tk"": ""USA"", ""act"": 0.0}, {""tk"": ""is"", ""act"": 0.0}, {""tk"": ""Albuquerque"", ""act"": 0.0}, {""tk"": ""The"", ""act"": 0.0}, {""tk"": ""capital"", ""act"": 0.0}, {""tk"": ""of"", ""act"": 0.0}, {""tk"": ""state"", ""act"": 0.0}, {""tk"": ""serving"", ""act"": 0.0}, {""tk"": ""government"", ""act"": 0.0}, {""tk"": ""which"", ""act"": 0.0}, {""tk"": ""containing"", ""act"": 0.0}]"
7_66851,7,66851,entity: The capital city of New Mexico is Santa Fe, capital,4,51.12392044067383,0.4956344344865167,semantic,"[{""token"": "" capital"", ""index"": 4, ""distance"": 0, ""direction"": ""self""}]",n/a,Semantic,Concept,0.8298288241105001,False,,capital,"[{""tk"": ""capital"", ""act"": 51.12392044067383}, {""tk"": ""The"", ""act"": 49.53570556640625}, {""tk"": ""city"", ""act"": 47.1239128112793}, {""tk"": ""attribute"", ""act"": 44.321834564208984}, {""tk"": ""state"", ""act"": 40.79597854614258}, {""tk"": ""Albuquerque"", ""act"": 40.242469787597656}, {""tk"": ""in"", ""act"": 33.60566329956055}, {""tk"": ""is"", ""act"": 30.515039443969727}, {""tk"": ""Mexico"", ""act"": 27.994733810424805}, {""tk"": ""USA"", ""act"": 27.49402618408203}, {""tk"": ""of"", ""act"": 15.559822082519531}, {""tk"": ""government"", ""act"": 14.86802864074707}, {""tk"": ""serving"", ""act"": 14.414605140686035}, {""tk"": ""which"", ""act"": 12.457620620727539}, {""tk"": ""containing"", ""act"": 9.191671371459961}]"
7_87536,7,87536,entity: The capital city of New Mexico is Santa Fe,<bos>,0,32.65092468261719,0.8787944197622282,semantic,"[{""token"": ""<bos>"", ""index"": 0, ""distance"": 0, ""direction"": ""self""}]",n/a,Semantic,Concept,0.7,False,,Semantic (unknown),"[{""tk"": ""is"", ""act"": 6.106446743011475}, {""tk"": ""the"", ""act"": 5.453356742858887}, {""tk"": ""city"", ""act"": 0.0}, {""tk"": ""in"", ""act"": 0.0}, {""tk"": ""Mexico"", ""act"": 0.0}, {""tk"": ""USA"", ""act"": 0.0}, {""tk"": ""Albuquerque"", ""act"": 0.0}, {""tk"": ""capital"", ""act"": 0.0}, {""tk"": ""of"", ""act"": 0.0}, {""tk"": ""state"", ""act"": 0.0}, {""tk"": ""attribute"", ""act"": 0.0}, {""tk"": ""serving"", ""act"": 0.0}, {""tk"": ""government"", ""act"": 0.0}, {""tk"": ""which"", ""act"": 0.0}, {""tk"": ""containing"", ""act"": 0.0}]"
7_43751,7,43751,entity: The capital city of New Mexico is Santa Fe, Mexico,8,7.63051700592041,0.8486859287493994,semantic,"[{""token"": "" Mexico"", ""index"": 8, ""distance"": 0, ""direction"": ""self""}]",n/a,Semantic,Dictionary,1.0,False,,Mexico,"[{""tk"": ""Mexico"", ""act"": 7.63051700592041}, {""tk"": ""Albuquerque"", ""act"": 2.7359402179718018}, {""tk"": ""city"", ""act"": 0.0}, {""tk"": ""in"", ""act"": 0.0}, {""tk"": ""USA"", ""act"": 0.0}, {""tk"": ""is"", ""act"": 0.0}, {""tk"": ""The"", ""act"": 0.0}, {""tk"": ""capital"", ""act"": 0.0}, {""tk"": ""of"", ""act"": 0.0}, {""tk"": ""state"", ""act"": 0.0}, {""tk"": ""attribute"", ""act"": 0.0}, {""tk"": ""serving"", ""act"": 0.0}, {""tk"": ""government"", ""act"": 0.0}, {""tk"": ""which"", ""act"": 0.0}, {""tk"": ""containing"", ""act"": 0.0}]"
7_16792,7,16792,entity: The capital city of New Mexico is Santa Fe, is,9,0.586534857749939,0.9166666666666669,functional,"[{""token"": "" Santa"", ""index"": 10, ""distance"": 1, ""direction"": ""forward""}]",json,"Say ""X""",,1.0,False,,Say (Mexico),"[{""tk"": ""is"", ""act"": 0.586534857749939}, {""tk"": ""city"", ""act"": 0.0}, {""tk"": ""in"", ""act"": 0.0}, {""tk"": ""Mexico"", ""act"": 0.0}, {""tk"": ""USA"", ""act"": 0.0}, {""tk"": ""Albuquerque"", ""act"": 0.0}, {""tk"": ""The"", ""act"": 0.0}, {""tk"": ""capital"", ""act"": 0.0}, {""tk"": ""of"", ""act"": 0.0}, {""tk"": ""state"", ""act"": 0.0}, {""tk"": ""attribute"", ""act"": 0.0}, {""tk"": ""serving"", ""act"": 0.0}, {""tk"": ""government"", ""act"": 0.0}, {""tk"": ""which"", ""act"": 0.0}, {""tk"": ""containing"", ""act"": 0.0}]"
7_93926,7,93926,entity: The capital city of New Mexico is Santa Fe,<bos>,0,0.0,0.0,semantic,"[{""token"": ""<bos>"", ""index"": 0, ""distance"": 0, ""direction"": ""self""}]",n/a,Relationship,,1.0,False,,(city) related,"[{""tk"": ""city"", ""act"": 0.0}, {""tk"": ""in"", ""act"": 0.0}, {""tk"": ""Mexico"", ""act"": 0.0}, {""tk"": ""USA"", ""act"": 0.0}, {""tk"": ""is"", ""act"": 0.0}, {""tk"": ""Albuquerque"", ""act"": 0.0}, {""tk"": ""The"", ""act"": 0.0}, {""tk"": ""capital"", ""act"": 0.0}, {""tk"": ""of"", ""act"": 0.0}, {""tk"": ""state"", ""act"": 0.0}, {""tk"": ""attribute"", ""act"": 0.0}, {""tk"": ""serving"", ""act"": 0.0}, {""tk"": ""government"", ""act"": 0.0}, {""tk"": ""which"", ""act"": 0.0}, {""tk"": ""containing"", ""act"": 0.0}]"
8_37691,8,37691,entity: The capital city of New Mexico is Santa Fe, Mexico,8,59.39165496826172,0.6371706743957898,semantic,"[{""token"": "" Mexico"", ""index"": 8, ""distance"": 0, ""direction"": ""self""}]",n/a,Semantic,Concept,0.7,False,,Mexico,"[{""tk"": ""Mexico"", ""act"": 59.39165496826172}, {""tk"": ""Albuquerque"", ""act"": 52.76219177246094}, {""tk"": ""city"", ""act"": 42.40685272216797}, {""tk"": ""state"", ""act"": 38.081817626953125}, {""tk"": ""is"", ""act"": 34.14787673950195}, {""tk"": ""in"", ""act"": 33.59162902832031}, {""tk"": ""capital"", ""act"": 32.52396774291992}, {""tk"": ""the"", ""act"": 31.789443969726562}, {""tk"": ""which"", ""act"": 26.694414138793945}, {""tk"": ""USA"", ""act"": 21.916791915893555}, {""tk"": ""containing"", ""act"": 20.22340965270996}, {""tk"": ""serving"", ""act"": 16.70884132385254}, {""tk"": ""attribute"", ""act"": 13.858716011047363}, {""tk"": ""of"", ""act"": 9.817935943603516}, {""tk"": ""government"", ""act"": 3.096951723098755}]"
8_36536,8,36536,entity: The capital city of New Mexico is Santa Fe, Fe,11,7.135339736938477,0.8702411194226742,functional,[],json,Semantic,Concept,0.7840964102119956,False,,Mexico,"[{""tk"": ""Mexico"", ""act"": 5.594794273376465}, {""tk"": ""city"", ""act"": 0.0}, {""tk"": ""in"", ""act"": 0.0}, {""tk"": ""USA"", ""act"": 0.0}, {""tk"": ""is"", ""act"": 0.0}, {""tk"": ""Albuquerque"", ""act"": 0.0}, {""tk"": ""The"", ""act"": 0.0}, {""tk"": ""capital"", ""act"": 0.0}, {""tk"": ""of"", ""act"": 0.0}, {""tk"": ""state"", ""act"": 0.0}, {""tk"": ""attribute"", ""act"": 0.0}, {""tk"": ""serving"", ""act"": 0.0}, {""tk"": ""government"", ""act"": 0.0}, {""tk"": ""which"", ""act"": 0.0}, {""tk"": ""containing"", ""act"": 0.0}]"
8_91259,8,91259,entity: The capital city of New Mexico is Santa Fe, is,9,4.590198040008545,0.8900751649233083,functional,"[{""token"": "" Santa"", ""index"": 10, ""distance"": 1, ""direction"": ""forward""}]",json,"Say ""X""",,1.0,False,,Say (Santa),"[{""tk"": ""is"", ""act"": 4.590198040008545}, {""tk"": ""city"", ""act"": 1.4647231101989746}, {""tk"": ""in"", ""act"": 0.0}, {""tk"": ""Mexico"", ""act"": 0.0}, {""tk"": ""USA"", ""act"": 0.0}, {""tk"": ""Albuquerque"", ""act"": 0.0}, {""tk"": ""The"", ""act"": 0.0}, {""tk"": ""capital"", ""act"": 0.0}, {""tk"": ""of"", ""act"": 0.0}, {""tk"": ""state"", ""act"": 0.0}, {""tk"": ""attribute"", ""act"": 0.0}, {""tk"": ""serving"", ""act"": 0.0}, {""tk"": ""government"", ""act"": 0.0}, {""tk"": ""which"", ""act"": 0.0}, {""tk"": ""containing"", ""act"": 0.0}]"
9_73919,9,73919,entity: The capital city of New Mexico is Santa Fe, is,9,10.806119918823242,0.8641980622899097,functional,"[{""token"": "" Santa"", ""index"": 10, ""distance"": 1, ""direction"": ""forward""}]",json,Semantic,Concept,0.8105652809566078,False,,capital,"[{""tk"": ""is"", ""act"": 10.806119918823242}, {""tk"": ""capital"", ""act"": 8.759065628051758}, {""tk"": ""city"", ""act"": 5.948211193084717}, {""tk"": ""government"", ""act"": 4.144934177398682}, {""tk"": ""the"", ""act"": 2.876901149749756}, {""tk"": ""of"", ""act"": 1.1971888542175293}, {""tk"": ""in"", ""act"": 0.0}, {""tk"": ""Mexico"", ""act"": 0.0}, {""tk"": ""USA"", ""act"": 0.0}, {""tk"": ""Albuquerque"", ""act"": 0.0}, {""tk"": ""state"", ""act"": 0.0}, {""tk"": ""attribute"", ""act"": 0.0}, {""tk"": ""serving"", ""act"": 0.0}, {""tk"": ""which"", ""act"": 0.0}, {""tk"": ""containing"", ""act"": 0.0}]"
9_80247,9,80247,entity: The capital city of New Mexico is Santa Fe, of,6,4.751571178436279,0.6851849789028349,functional,"[{""token"": "" city"", ""index"": 5, ""distance"": 1, ""direction"": ""backward""}]",json,Semantic,Concept,0.777133374016673,False,,Semantic (unknown),"[{""tk"": ""of"", ""act"": 4.751571178436279}, {""tk"": ""city"", ""act"": 3.7413077354431152}, {""tk"": ""capital"", ""act"": 2.922091007232666}, {""tk"": ""is"", ""act"": 2.8428173065185547}, {""tk"": ""in"", ""act"": 0.0}, {""tk"": ""Mexico"", ""act"": 0.0}, {""tk"": ""USA"", ""act"": 0.0}, {""tk"": ""Albuquerque"", ""act"": 0.0}, {""tk"": ""The"", ""act"": 0.0}, {""tk"": ""state"", ""act"": 0.0}, {""tk"": ""attribute"", ""act"": 0.0}, {""tk"": ""serving"", ""act"": 0.0}, {""tk"": ""government"", ""act"": 0.0}, {""tk"": ""which"", ""act"": 0.0}, {""tk"": ""containing"", ""act"": 0.0}]"
9_4679,9,4679,entity: The capital city of New Mexico is Santa Fe, is,9,3.3353874683380127,0.8841040626119059,functional,"[{""token"": "" Santa"", ""index"": 10, ""distance"": 1, ""direction"": ""forward""}]",json,Semantic,Concept,0.6,False,,Semantic (unknown),"[{""tk"": ""is"", ""act"": 3.3353874683380127}, {""tk"": ""the"", ""act"": 0.06924128532409668}, {""tk"": ""city"", ""act"": 0.0}, {""tk"": ""in"", ""act"": 0.0}, {""tk"": ""Mexico"", ""act"": 0.0}, {""tk"": ""USA"", ""act"": 0.0}, {""tk"": ""Albuquerque"", ""act"": 0.0}, {""tk"": ""capital"", ""act"": 0.0}, {""tk"": ""of"", ""act"": 0.0}, {""tk"": ""state"", ""act"": 0.0}, {""tk"": ""attribute"", ""act"": 0.0}, {""tk"": ""serving"", ""act"": 0.0}, {""tk"": ""government"", ""act"": 0.0}, {""tk"": ""which"", ""act"": 0.0}, {""tk"": ""containing"", ""act"": 0.0}]"
9_45728,9,45728,entity: The capital city of New Mexico is Santa Fe, is,9,3.102635383605957,0.8553843029649344,functional,"[{""token"": "" Santa"", ""index"": 10, ""distance"": 1, ""direction"": ""forward""}]",json,"Say ""X""",,1.0,False,,Say (Santa),"[{""tk"": ""is"", ""act"": 3.102635383605957}, {""tk"": ""city"", ""act"": 2.281641960144043}, {""tk"": ""in"", ""act"": 0.0}, {""tk"": ""Mexico"", ""act"": 0.0}, {""tk"": ""USA"", ""act"": 0.0}, {""tk"": ""Albuquerque"", ""act"": 0.0}, {""tk"": ""The"", ""act"": 0.0}, {""tk"": ""capital"", ""act"": 0.0}, {""tk"": ""of"", ""act"": 0.0}, {""tk"": ""state"", ""act"": 0.0}, {""tk"": ""attribute"", ""act"": 0.0}, {""tk"": ""serving"", ""act"": 0.0}, {""tk"": ""government"", ""act"": 0.0}, {""tk"": ""which"", ""act"": 0.0}, {""tk"": ""containing"", ""act"": 0.0}]"
11_50131,11,50131,entity: The capital city of New Mexico is Santa Fe, Mexico,8,40.0913200378418,0.4982090749379851,semantic,"[{""token"": "" Mexico"", ""index"": 8, ""distance"": 0, ""direction"": ""self""}]",n/a,Semantic,Concept,0.7,False,,Mexico,"[{""tk"": ""Mexico"", ""act"": 42.615692138671875}, {""tk"": ""Albuquerque"", ""act"": 39.58534622192383}, {""tk"": ""city"", ""act"": 32.62867736816406}, {""tk"": ""capital"", ""act"": 32.42369842529297}, {""tk"": ""state"", ""act"": 31.960853576660156}, {""tk"": ""USA"", ""act"": 29.681310653686523}, {""tk"": ""is"", ""act"": 24.310089111328125}, {""tk"": ""government"", ""act"": 16.808237075805664}, {""tk"": ""serving"", ""act"": 16.625158309936523}, {""tk"": ""the"", ""act"": 14.164325714111328}, {""tk"": ""of"", ""act"": 13.586553573608398}, {""tk"": ""containing"", ""act"": 11.94537353515625}, {""tk"": ""in"", ""act"": 10.796977996826172}, {""tk"": ""attribute"", ""act"": 0.0}, {""tk"": ""which"", ""act"": 0.0}]"
12_1425,12,1425,entity: The capital city of New Mexico is Santa Fe, Mexico,8,19.283103942871094,0.684864052397485,semantic,"[{""token"": "" Mexico"", ""index"": 8, ""distance"": 0, ""direction"": ""self""}]",n/a,Semantic,Concept,0.7,False,,Mexico,"[{""tk"": ""Mexico"", ""act"": 28.428173065185547}, {""tk"": ""is"", ""act"": 15.404938697814941}, {""tk"": ""USA"", ""act"": 11.879027366638184}, {""tk"": ""city"", ""act"": 10.927748680114746}, {""tk"": ""The"", ""act"": 10.412038803100586}, {""tk"": ""Albuquerque"", ""act"": 9.932357788085938}, {""tk"": ""in"", ""act"": 8.942582130432129}, {""tk"": ""state"", ""act"": 7.644002437591553}, {""tk"": ""which"", ""act"": 6.366332054138184}, {""tk"": ""serving"", ""act"": 6.0768046379089355}, {""tk"": ""government"", ""act"": 3.722025156021118}, {""tk"": ""of"", ""act"": 1.7573516368865967}, {""tk"": ""capital"", ""act"": 0.0}, {""tk"": ""attribute"", ""act"": 0.0}, {""tk"": ""containing"", ""act"": 0.0}]"
12_10809,12,10809,entity: The capital city of New Mexico is Santa Fe,<bos>,0,0.0,0.0,semantic,"[{""token"": ""<bos>"", ""index"": 0, ""distance"": 0, ""direction"": ""self""}]",n/a,Relationship,,1.0,False,,(city) related,"[{""tk"": ""city"", ""act"": 0.0}, {""tk"": ""in"", ""act"": 0.0}, {""tk"": ""Mexico"", ""act"": 0.0}, {""tk"": ""USA"", ""act"": 0.0}, {""tk"": ""is"", ""act"": 0.0}, {""tk"": ""Albuquerque"", ""act"": 0.0}, {""tk"": ""The"", ""act"": 0.0}, {""tk"": ""capital"", ""act"": 0.0}, {""tk"": ""of"", ""act"": 0.0}, {""tk"": ""state"", ""act"": 0.0}, {""tk"": ""attribute"", ""act"": 0.0}, {""tk"": ""serving"", ""act"": 0.0}, {""tk"": ""government"", ""act"": 0.0}, {""tk"": ""which"", ""act"": 0.0}, {""tk"": ""containing"", ""act"": 0.0}]"
13_41102,13,41102,entity: The capital city of New Mexico is Santa Fe,<bos>,0,0.0,0.0,semantic,"[{""token"": ""<bos>"", ""index"": 0, ""distance"": 0, ""direction"": ""self""}]",n/a,Relationship,,1.0,False,,(city) related,"[{""tk"": ""city"", ""act"": 0.0}, {""tk"": ""in"", ""act"": 0.0}, {""tk"": ""Mexico"", ""act"": 0.0}, {""tk"": ""USA"", ""act"": 0.0}, {""tk"": ""is"", ""act"": 0.0}, {""tk"": ""Albuquerque"", ""act"": 0.0}, {""tk"": ""The"", ""act"": 0.0}, {""tk"": ""capital"", ""act"": 0.0}, {""tk"": ""of"", ""act"": 0.0}, {""tk"": ""state"", ""act"": 0.0}, {""tk"": ""attribute"", ""act"": 0.0}, {""tk"": ""serving"", ""act"": 0.0}, {""tk"": ""government"", ""act"": 0.0}, {""tk"": ""which"", ""act"": 0.0}, {""tk"": ""containing"", ""act"": 0.0}]"
15_44048,15,44048,entity: The capital city of New Mexico is Santa Fe,<bos>,0,31.741321563720703,0.9103953548560312,semantic,"[{""token"": ""<bos>"", ""index"": 0, ""distance"": 0, ""direction"": ""self""}]",n/a,Semantic,Concept,0.7,False,,Semantic (unknown),"[{""tk"": ""is"", ""act"": 0.8375864028930664}, {""tk"": ""city"", ""act"": 0.0}, {""tk"": ""in"", ""act"": 0.0}, {""tk"": ""Mexico"", ""act"": 0.0}, {""tk"": ""USA"", ""act"": 0.0}, {""tk"": ""Albuquerque"", ""act"": 0.0}, {""tk"": ""The"", ""act"": 0.0}, {""tk"": ""capital"", ""act"": 0.0}, {""tk"": ""of"", ""act"": 0.0}, {""tk"": ""state"", ""act"": 0.0}, {""tk"": ""attribute"", ""act"": 0.0}, {""tk"": ""serving"", ""act"": 0.0}, {""tk"": ""government"", ""act"": 0.0}, {""tk"": ""which"", ""act"": 0.0}, {""tk"": ""containing"", ""act"": 0.0}]"
15_74824,15,74824,entity: The capital city of New Mexico is Santa Fe, is,9,14.228734016418455,0.9166666666666666,functional,"[{""token"": "" Santa"", ""index"": 10, ""distance"": 1, ""direction"": ""forward""}]",json,"Say ""X""",,1.0,False,,Say (Santa),"[{""tk"": ""is"", ""act"": 14.228734016418457}, {""tk"": ""city"", ""act"": 0.0}, {""tk"": ""in"", ""act"": 0.0}, {""tk"": ""Mexico"", ""act"": 0.0}, {""tk"": ""USA"", ""act"": 0.0}, {""tk"": ""Albuquerque"", ""act"": 0.0}, {""tk"": ""The"", ""act"": 0.0}, {""tk"": ""capital"", ""act"": 0.0}, {""tk"": ""of"", ""act"": 0.0}, {""tk"": ""state"", ""act"": 0.0}, {""tk"": ""attribute"", ""act"": 0.0}, {""tk"": ""serving"", ""act"": 0.0}, {""tk"": ""government"", ""act"": 0.0}, {""tk"": ""which"", ""act"": 0.0}, {""tk"": ""containing"", ""act"": 0.0}]"
16_37465,16,37465,entity: The capital city of New Mexico is Santa Fe, is,9,6.786016464233398,0.9166666666666666,functional,"[{""token"": "" Santa"", ""index"": 10, ""distance"": 1, ""direction"": ""forward""}]",json,"Say ""X""",,1.0,False,,Say (Santa),"[{""tk"": ""is"", ""act"": 6.786016464233398}, {""tk"": ""city"", ""act"": 0.0}, {""tk"": ""in"", ""act"": 0.0}, {""tk"": ""Mexico"", ""act"": 0.0}, {""tk"": ""USA"", ""act"": 0.0}, {""tk"": ""Albuquerque"", ""act"": 0.0}, {""tk"": ""The"", ""act"": 0.0}, {""tk"": ""capital"", ""act"": 0.0}, {""tk"": ""of"", ""act"": 0.0}, {""tk"": ""state"", ""act"": 0.0}, {""tk"": ""attribute"", ""act"": 0.0}, {""tk"": ""serving"", ""act"": 0.0}, {""tk"": ""government"", ""act"": 0.0}, {""tk"": ""which"", ""act"": 0.0}, {""tk"": ""containing"", ""act"": 0.0}]"
16_29578,16,29578,entity: The capital city of New Mexico is Santa Fe,<bos>,0,0.0,0.0,semantic,"[{""token"": ""<bos>"", ""index"": 0, ""distance"": 0, ""direction"": ""self""}]",n/a,"Say ""X""",,1.0,False,,Say (Mexico),"[{""tk"": ""is"", ""act"": 1.8383522033691406}, {""tk"": ""in"", ""act"": 1.6670656204223633}, {""tk"": ""Mexico"", ""act"": 0.23804855346679688}, {""tk"": ""city"", ""act"": 0.0}, {""tk"": ""USA"", ""act"": 0.0}, {""tk"": ""Albuquerque"", ""act"": 0.0}, {""tk"": ""The"", ""act"": 0.0}, {""tk"": ""capital"", ""act"": 0.0}, {""tk"": ""of"", ""act"": 0.0}, {""tk"": ""state"", ""act"": 0.0}, {""tk"": ""attribute"", ""act"": 0.0}, {""tk"": ""serving"", ""act"": 0.0}, {""tk"": ""government"", ""act"": 0.0}, {""tk"": ""which"", ""act"": 0.0}, {""tk"": ""containing"", ""act"": 0.0}]"
17_93962,17,93962,entity: The capital city of New Mexico is Santa Fe, is,9,28.189746856689453,0.8858541786962424,functional,"[{""token"": "" Santa"", ""index"": 10, ""distance"": 1, ""direction"": ""forward""}]",json,"Say ""X""",,1.0,False,,Say (Santa),"[{""tk"": ""is"", ""act"": 28.189746856689453}, {""tk"": ""city"", ""act"": 0.0}, {""tk"": ""in"", ""act"": 0.0}, {""tk"": ""Mexico"", ""act"": 0.0}, {""tk"": ""USA"", ""act"": 0.0}, {""tk"": ""Albuquerque"", ""act"": 0.0}, {""tk"": ""The"", ""act"": 0.0}, {""tk"": ""capital"", ""act"": 0.0}, {""tk"": ""of"", ""act"": 0.0}, {""tk"": ""state"", ""act"": 0.0}, {""tk"": ""attribute"", ""act"": 0.0}, {""tk"": ""serving"", ""act"": 0.0}, {""tk"": ""government"", ""act"": 0.0}, {""tk"": ""which"", ""act"": 0.0}, {""tk"": ""containing"", ""act"": 0.0}]"
20_67772,20,67772,entity: The capital city of New Mexico is Santa Fe, is,9,48.817848205566406,0.8913047662791945,functional,"[{""token"": "" Santa"", ""index"": 10, ""distance"": 1, ""direction"": ""forward""}]",json,Semantic,Concept,0.6666666666666667,False,,Albuquerque,"[{""tk"": ""is"", ""act"": 48.817848205566406}, {""tk"": ""Albuquerque"", ""act"": 9.609615325927734}, {""tk"": ""Mexico"", ""act"": 3.7281837463378906}, {""tk"": ""city"", ""act"": 0.0}, {""tk"": ""in"", ""act"": 0.0}, {""tk"": ""USA"", ""act"": 0.0}, {""tk"": ""The"", ""act"": 0.0}, {""tk"": ""capital"", ""act"": 0.0}, {""tk"": ""of"", ""act"": 0.0}, {""tk"": ""state"", ""act"": 0.0}, {""tk"": ""attribute"", ""act"": 0.0}, {""tk"": ""serving"", ""act"": 0.0}, {""tk"": ""government"", ""act"": 0.0}, {""tk"": ""which"", ""act"": 0.0}, {""tk"": ""containing"", ""act"": 0.0}]"
20_67784,20,67784,entity: The capital city of New Mexico is Santa Fe, of,6,3.863483428955078,0.9166666666666666,functional,"[{""token"": "" city"", ""index"": 5, ""distance"": 1, ""direction"": ""backward""}]",json,"Say ""X""",,1.0,False,,Say (city),"[{""tk"": ""of"", ""act"": 3.863483428955078}, {""tk"": ""city"", ""act"": 0.0}, {""tk"": ""in"", ""act"": 0.0}, {""tk"": ""Mexico"", ""act"": 0.0}, {""tk"": ""USA"", ""act"": 0.0}, {""tk"": ""is"", ""act"": 0.0}, {""tk"": ""Albuquerque"", ""act"": 0.0}, {""tk"": ""The"", ""act"": 0.0}, {""tk"": ""capital"", ""act"": 0.0}, {""tk"": ""state"", ""act"": 0.0}, {""tk"": ""attribute"", ""act"": 0.0}, {""tk"": ""serving"", ""act"": 0.0}, {""tk"": ""government"", ""act"": 0.0}, {""tk"": ""which"", ""act"": 0.0}, {""tk"": ""containing"", ""act"": 0.0}]"
22_43081,22,43081,entity: The capital city of New Mexico is Santa Fe, is,9,18.35700035095215,0.9166666666666666,functional,"[{""token"": "" Santa"", ""index"": 10, ""distance"": 1, ""direction"": ""forward""}]",json,"Say ""X""",,1.0,False,,Say (Santa),"[{""tk"": ""is"", ""act"": 18.35700035095215}, {""tk"": ""city"", ""act"": 0.0}, {""tk"": ""in"", ""act"": 0.0}, {""tk"": ""Mexico"", ""act"": 0.0}, {""tk"": ""USA"", ""act"": 0.0}, {""tk"": ""Albuquerque"", ""act"": 0.0}, {""tk"": ""The"", ""act"": 0.0}, {""tk"": ""capital"", ""act"": 0.0}, {""tk"": ""of"", ""act"": 0.0}, {""tk"": ""state"", ""act"": 0.0}, {""tk"": ""attribute"", ""act"": 0.0}, {""tk"": ""serving"", ""act"": 0.0}, {""tk"": ""government"", ""act"": 0.0}, {""tk"": ""which"", ""act"": 0.0}, {""tk"": ""containing"", ""act"": 0.0}]"
22_32893,22,32893,entity: The capital city of New Mexico is Santa Fe, is,9,17.36086082458496,0.9166666666666669,functional,"[{""token"": "" Santa"", ""index"": 10, ""distance"": 1, ""direction"": ""forward""}]",json,"Say ""X""",,1.0,False,,Say (Santa),"[{""tk"": ""is"", ""act"": 17.36086082458496}, {""tk"": ""city"", ""act"": 0.0}, {""tk"": ""in"", ""act"": 0.0}, {""tk"": ""Mexico"", ""act"": 0.0}, {""tk"": ""USA"", ""act"": 0.0}, {""tk"": ""Albuquerque"", ""act"": 0.0}, {""tk"": ""The"", ""act"": 0.0}, {""tk"": ""capital"", ""act"": 0.0}, {""tk"": ""of"", ""act"": 0.0}, {""tk"": ""state"", ""act"": 0.0}, {""tk"": ""attribute"", ""act"": 0.0}, {""tk"": ""serving"", ""act"": 0.0}, {""tk"": ""government"", ""act"": 0.0}, {""tk"": ""which"", ""act"": 0.0}, {""tk"": ""containing"", ""act"": 0.0}]"
22_50146,22,50146,entity: The capital city of New Mexico is Santa Fe, is,9,9.938701629638672,0.9166666666666666,functional,"[{""token"": "" Santa"", ""index"": 10, ""distance"": 1, ""direction"": ""forward""}]",json,"Say ""X""",,1.0,False,,Say (Santa),"[{""tk"": ""is"", ""act"": 9.938701629638672}, {""tk"": ""city"", ""act"": 0.0}, {""tk"": ""in"", ""act"": 0.0}, {""tk"": ""Mexico"", ""act"": 0.0}, {""tk"": ""USA"", ""act"": 0.0}, {""tk"": ""Albuquerque"", ""act"": 0.0}, {""tk"": ""The"", ""act"": 0.0}, {""tk"": ""capital"", ""act"": 0.0}, {""tk"": ""of"", ""act"": 0.0}, {""tk"": ""state"", ""act"": 0.0}, {""tk"": ""attribute"", ""act"": 0.0}, {""tk"": ""serving"", ""act"": 0.0}, {""tk"": ""government"", ""act"": 0.0}, {""tk"": ""which"", ""act"": 0.0}, {""tk"": ""containing"", ""act"": 0.0}]"
23_69963,23,69963,entity: The capital city of New Mexico is Santa Fe, is,9,11.132179260253906,0.8837407172739861,functional,"[{""token"": "" Santa"", ""index"": 10, ""distance"": 1, ""direction"": ""forward""}]",json,Semantic,Concept,0.8,False,,Semantic (unknown),"[{""tk"": ""is"", ""act"": 11.132179260253906}, {""tk"": ""city"", ""act"": 0.0}, {""tk"": ""in"", ""act"": 0.0}, {""tk"": ""Mexico"", ""act"": 0.0}, {""tk"": ""USA"", ""act"": 0.0}, {""tk"": ""Albuquerque"", ""act"": 0.0}, {""tk"": ""The"", ""act"": 0.0}, {""tk"": ""capital"", ""act"": 0.0}, {""tk"": ""of"", ""act"": 0.0}, {""tk"": ""state"", ""act"": 0.0}, {""tk"": ""attribute"", ""act"": 0.0}, {""tk"": ""serving"", ""act"": 0.0}, {""tk"": ""government"", ""act"": 0.0}, {""tk"": ""which"", ""act"": 0.0}, {""tk"": ""containing"", ""act"": 0.0}]"
23_68367,23,68367,entity: The capital city of New Mexico is Santa Fe, is,9,5.944572925567627,0.9166666666666669,functional,"[{""token"": "" Santa"", ""index"": 10, ""distance"": 1, ""direction"": ""forward""}]",json,"Say ""X""",,1.0,False,,Say (Santa),"[{""tk"": ""is"", ""act"": 5.944572925567627}, {""tk"": ""city"", ""act"": 0.0}, {""tk"": ""in"", ""act"": 0.0}, {""tk"": ""Mexico"", ""act"": 0.0}, {""tk"": ""USA"", ""act"": 0.0}, {""tk"": ""Albuquerque"", ""act"": 0.0}, {""tk"": ""The"", ""act"": 0.0}, {""tk"": ""capital"", ""act"": 0.0}, {""tk"": ""of"", ""act"": 0.0}, {""tk"": ""state"", ""act"": 0.0}, {""tk"": ""attribute"", ""act"": 0.0}, {""tk"": ""serving"", ""act"": 0.0}, {""tk"": ""government"", ""act"": 0.0}, {""tk"": ""which"", ""act"": 0.0}, {""tk"": ""containing"", ""act"": 0.0}]"
0_40780,0,40780,entity: A state in the United States is New Mexico, the,6,53.09765625,0.6572908040262805,functional,"[{""token"": "" United"", ""index"": 7, ""distance"": 1, ""direction"": ""forward""}]",json,Semantic,Dictionary (fallback),0.9,False,,which,"[{""tk"": ""which"", ""act"": 59.63111114501953}, {""tk"": ""the"", ""act"": 57.446224212646484}, {""tk"": ""is"", ""act"": 51.05736541748047}, {""tk"": ""in"", ""act"": 48.9953727722168}, {""tk"": ""of"", ""act"": 37.325950622558594}, {""tk"": ""city"", ""act"": 0.0}, {""tk"": ""Mexico"", ""act"": 0.0}, {""tk"": ""USA"", ""act"": 0.0}, {""tk"": ""Albuquerque"", ""act"": 0.0}, {""tk"": ""capital"", ""act"": 0.0}, {""tk"": ""state"", ""act"": 0.0}, {""tk"": ""attribute"", ""act"": 0.0}, {""tk"": ""serving"", ""act"": 0.0}, {""tk"": ""government"", ""act"": 0.0}, {""tk"": ""containing"", ""act"": 0.0}]"
0_89265,0,89265,entity: A state in the United States is New Mexico, the,6,41.03260803222656,0.9166666666666666,functional,"[{""token"": "" United"", ""index"": 7, ""distance"": 1, ""direction"": ""forward""}]",json,Semantic,Dictionary (fallback),0.9,False,,the,"[{""tk"": ""the"", ""act"": 41.03260803222656}, {""tk"": ""city"", ""act"": 0.0}, {""tk"": ""in"", ""act"": 0.0}, {""tk"": ""Mexico"", ""act"": 0.0}, {""tk"": ""USA"", ""act"": 0.0}, {""tk"": ""is"", ""act"": 0.0}, {""tk"": ""Albuquerque"", ""act"": 0.0}, {""tk"": ""capital"", ""act"": 0.0}, {""tk"": ""of"", ""act"": 0.0}, {""tk"": ""state"", ""act"": 0.0}, {""tk"": ""attribute"", ""act"": 0.0}, {""tk"": ""serving"", ""act"": 0.0}, {""tk"": ""government"", ""act"": 0.0}, {""tk"": ""which"", ""act"": 0.0}, {""tk"": ""containing"", ""act"": 0.0}]"
0_19204,0,19204,entity: A state in the United States is New Mexico,<bos>,0,19.44998550415039,0.9166666666666666,semantic,"[{""token"": ""<bos>"", ""index"": 0, ""distance"": 0, ""direction"": ""self""}]",n/a,Semantic,Dictionary (fallback),0.9,False,,Semantic (unknown),"[{""tk"": ""city"", ""act"": 0.0}, {""tk"": ""in"", ""act"": 0.0}, {""tk"": ""Mexico"", ""act"": 0.0}, {""tk"": ""USA"", ""act"": 0.0}, {""tk"": ""is"", ""act"": 0.0}, {""tk"": ""Albuquerque"", ""act"": 0.0}, {""tk"": ""The"", ""act"": 0.0}, {""tk"": ""capital"", ""act"": 0.0}, {""tk"": ""of"", ""act"": 0.0}, {""tk"": ""state"", ""act"": 0.0}, {""tk"": ""attribute"", ""act"": 0.0}, {""tk"": ""serving"", ""act"": 0.0}, {""tk"": ""government"", ""act"": 0.0}, {""tk"": ""which"", ""act"": 0.0}, {""tk"": ""containing"", ""act"": 0.0}]"
0_92029,0,92029,entity: A state in the United States is New Mexico, the,6,19.15092658996582,0.8749307353879181,functional,"[{""token"": "" United"", ""index"": 7, ""distance"": 1, ""direction"": ""forward""}]",json,Semantic,Dictionary (fallback),0.9,False,,Semantic (unknown),"[{""tk"": ""the"", ""act"": 28.859010696411133}, {""tk"": ""city"", ""act"": 0.0}, {""tk"": ""in"", ""act"": 0.0}, {""tk"": ""Mexico"", ""act"": 0.0}, {""tk"": ""USA"", ""act"": 0.0}, {""tk"": ""is"", ""act"": 0.0}, {""tk"": ""Albuquerque"", ""act"": 0.0}, {""tk"": ""capital"", ""act"": 0.0}, {""tk"": ""of"", ""act"": 0.0}, {""tk"": ""state"", ""act"": 0.0}, {""tk"": ""attribute"", ""act"": 0.0}, {""tk"": ""serving"", ""act"": 0.0}, {""tk"": ""government"", ""act"": 0.0}, {""tk"": ""which"", ""act"": 0.0}, {""tk"": ""containing"", ""act"": 0.0}]"
0_91570,0,91570,entity: A state in the United States is New Mexico,<bos>,0,15.283381462097168,0.8742383447377654,semantic,"[{""token"": ""<bos>"", ""index"": 0, ""distance"": 0, ""direction"": ""self""}]",n/a,Semantic,Dictionary (fallback),0.9,False,,attribute,"[{""tk"": ""attribute"", ""act"": 21.15618896484375}, {""tk"": ""city"", ""act"": 0.0}, {""tk"": ""in"", ""act"": 0.0}, {""tk"": ""Mexico"", ""act"": 0.0}, {""tk"": ""USA"", ""act"": 0.0}, {""tk"": ""is"", ""act"": 0.0}, {""tk"": ""Albuquerque"", ""act"": 0.0}, {""tk"": ""The"", ""act"": 0.0}, {""tk"": ""capital"", ""act"": 0.0}, {""tk"": ""of"", ""act"": 0.0}, {""tk"": ""state"", ""act"": 0.0}, {""tk"": ""serving"", ""act"": 0.0}, {""tk"": ""government"", ""act"": 0.0}, {""tk"": ""which"", ""act"": 0.0}, {""tk"": ""containing"", ""act"": 0.0}]"
0_37445,0,37445,entity: A state in the United States is New Mexico,<bos>,0,15.157523155212402,0.9166666666666666,semantic,"[{""token"": ""<bos>"", ""index"": 0, ""distance"": 0, ""direction"": ""self""}]",n/a,Semantic,Dictionary (fallback),0.9,False,,Semantic (unknown),"[{""tk"": ""Albuquerque"", ""act"": 7.536114692687988}, {""tk"": ""city"", ""act"": 0.0}, {""tk"": ""in"", ""act"": 0.0}, {""tk"": ""Mexico"", ""act"": 0.0}, {""tk"": ""USA"", ""act"": 0.0}, {""tk"": ""is"", ""act"": 0.0}, {""tk"": ""The"", ""act"": 0.0}, {""tk"": ""capital"", ""act"": 0.0}, {""tk"": ""of"", ""act"": 0.0}, {""tk"": ""state"", ""act"": 0.0}, {""tk"": ""attribute"", ""act"": 0.0}, {""tk"": ""serving"", ""act"": 0.0}, {""tk"": ""government"", ""act"": 0.0}, {""tk"": ""which"", ""act"": 0.0}, {""tk"": ""containing"", ""act"": 0.0}]"
0_71156,0,71156,entity: A state in the United States is New Mexico,<bos>,0,8.403823852539062,0.9166666666666669,semantic,"[{""token"": ""<bos>"", ""index"": 0, ""distance"": 0, ""direction"": ""self""}]",n/a,Semantic,Dictionary,1.0,False,,Albuquerque,"[{""tk"": ""Albuquerque"", ""act"": 10.317928314208984}, {""tk"": ""city"", ""act"": 0.0}, {""tk"": ""in"", ""act"": 0.0}, {""tk"": ""Mexico"", ""act"": 0.0}, {""tk"": ""USA"", ""act"": 0.0}, {""tk"": ""is"", ""act"": 0.0}, {""tk"": ""The"", ""act"": 0.0}, {""tk"": ""capital"", ""act"": 0.0}, {""tk"": ""of"", ""act"": 0.0}, {""tk"": ""state"", ""act"": 0.0}, {""tk"": ""attribute"", ""act"": 0.0}, {""tk"": ""serving"", ""act"": 0.0}, {""tk"": ""government"", ""act"": 0.0}, {""tk"": ""which"", ""act"": 0.0}, {""tk"": ""containing"", ""act"": 0.0}]"
0_60256,0,60256,entity: A state in the United States is New Mexico,<bos>,0,8.257609367370605,0.9166666666666666,semantic,"[{""token"": ""<bos>"", ""index"": 0, ""distance"": 0, ""direction"": ""self""}]",n/a,Semantic,Dictionary,1.0,False,,containing,"[{""tk"": ""containing"", ""act"": 8.764032363891602}, {""tk"": ""city"", ""act"": 0.0}, {""tk"": ""in"", ""act"": 0.0}, {""tk"": ""Mexico"", ""act"": 0.0}, {""tk"": ""USA"", ""act"": 0.0}, {""tk"": ""is"", ""act"": 0.0}, {""tk"": ""Albuquerque"", ""act"": 0.0}, {""tk"": ""The"", ""act"": 0.0}, {""tk"": ""capital"", ""act"": 0.0}, {""tk"": ""of"", ""act"": 0.0}, {""tk"": ""state"", ""act"": 0.0}, {""tk"": ""attribute"", ""act"": 0.0}, {""tk"": ""serving"", ""act"": 0.0}, {""tk"": ""government"", ""act"": 0.0}, {""tk"": ""which"", ""act"": 0.0}]"
0_12284,0,12284,entity: A state in the United States is New Mexico,<bos>,0,4.237040519714356,0.9166666666666666,semantic,"[{""token"": ""<bos>"", ""index"": 0, ""distance"": 0, ""direction"": ""self""}]",n/a,Semantic,Dictionary (fallback),0.9,False,,Semantic (unknown),"[{""tk"": ""city"", ""act"": 0.0}, {""tk"": ""in"", ""act"": 0.0}, {""tk"": ""Mexico"", ""act"": 0.0}, {""tk"": ""USA"", ""act"": 0.0}, {""tk"": ""is"", ""act"": 0.0}, {""tk"": ""Albuquerque"", ""act"": 0.0}, {""tk"": ""The"", ""act"": 0.0}, {""tk"": ""capital"", ""act"": 0.0}, {""tk"": ""of"", ""act"": 0.0}, {""tk"": ""state"", ""act"": 0.0}, {""tk"": ""attribute"", ""act"": 0.0}, {""tk"": ""serving"", ""act"": 0.0}, {""tk"": ""government"", ""act"": 0.0}, {""tk"": ""which"", ""act"": 0.0}, {""tk"": ""containing"", ""act"": 0.0}]"
0_47638,0,47638,entity: A state in the United States is New Mexico,<bos>,0,3.63841724395752,0.9166666666666666,semantic,"[{""token"": ""<bos>"", ""index"": 0, ""distance"": 0, ""direction"": ""self""}]",n/a,Semantic,Dictionary,1.0,False,,containing,"[{""tk"": ""containing"", ""act"": 11.569823265075684}, {""tk"": ""city"", ""act"": 0.0}, {""tk"": ""in"", ""act"": 0.0}, {""tk"": ""Mexico"", ""act"": 0.0}, {""tk"": ""USA"", ""act"": 0.0}, {""tk"": ""is"", ""act"": 0.0}, {""tk"": ""Albuquerque"", ""act"": 0.0}, {""tk"": ""The"", ""act"": 0.0}, {""tk"": ""capital"", ""act"": 0.0}, {""tk"": ""of"", ""act"": 0.0}, {""tk"": ""state"", ""act"": 0.0}, {""tk"": ""attribute"", ""act"": 0.0}, {""tk"": ""serving"", ""act"": 0.0}, {""tk"": ""government"", ""act"": 0.0}, {""tk"": ""which"", ""act"": 0.0}]"
0_32732,0,32732,entity: A state in the United States is New Mexico, is,9,3.550811052322388,0.885790875255819,functional,"[{""token"": "" Mexico"", ""index"": 11, ""distance"": 2, ""direction"": ""forward""}]",json,Semantic,Dictionary (fallback),0.9,False,,serving,"[{""tk"": ""which"", ""act"": 19.800851821899414}, {""tk"": ""serving"", ""act"": 19.05910873413086}, {""tk"": ""state"", ""act"": 8.639383316040039}, {""tk"": ""containing"", ""act"": 5.966921806335449}, {""tk"": ""is"", ""act"": 5.837582588195801}, {""tk"": ""city"", ""act"": 0.0}, {""tk"": ""in"", ""act"": 0.0}, {""tk"": ""Mexico"", ""act"": 0.0}, {""tk"": ""USA"", ""act"": 0.0}, {""tk"": ""Albuquerque"", ""act"": 0.0}, {""tk"": ""The"", ""act"": 0.0}, {""tk"": ""capital"", ""act"": 0.0}, {""tk"": ""of"", ""act"": 0.0}, {""tk"": ""attribute"", ""act"": 0.0}, {""tk"": ""government"", ""act"": 0.0}]"
0_82862,0,82862,entity: A state in the United States is New Mexico, state,4,1.646881103515625,0.9166666666666666,semantic,"[{""token"": "" state"", ""index"": 4, ""distance"": 0, ""direction"": ""self""}]",n/a,Semantic,Dictionary (fallback),0.9,False,,government,"[{""tk"": ""government"", ""act"": 9.586883544921875}, {""tk"": ""capital"", ""act"": 8.219970703125}, {""tk"": ""state"", ""act"": 5.531653881072998}, {""tk"": ""city"", ""act"": 0.0}, {""tk"": ""in"", ""act"": 0.0}, {""tk"": ""Mexico"", ""act"": 0.0}, {""tk"": ""USA"", ""act"": 0.0}, {""tk"": ""is"", ""act"": 0.0}, {""tk"": ""Albuquerque"", ""act"": 0.0}, {""tk"": ""The"", ""act"": 0.0}, {""tk"": ""of"", ""act"": 0.0}, {""tk"": ""attribute"", ""act"": 0.0}, {""tk"": ""serving"", ""act"": 0.0}, {""tk"": ""which"", ""act"": 0.0}, {""tk"": ""containing"", ""act"": 0.0}]"
0_91553,0,91553,entity: A state in the United States is New Mexico,<bos>,0,0.9048857688903807,0.9166666666666666,semantic,"[{""token"": ""<bos>"", ""index"": 0, ""distance"": 0, ""direction"": ""self""}]",n/a,Semantic,Dictionary (fallback),0.9,False,,Semantic (unknown),"[{""tk"": ""city"", ""act"": 0.0}, {""tk"": ""in"", ""act"": 0.0}, {""tk"": ""Mexico"", ""act"": 0.0}, {""tk"": ""USA"", ""act"": 0.0}, {""tk"": ""is"", ""act"": 0.0}, {""tk"": ""Albuquerque"", ""act"": 0.0}, {""tk"": ""The"", ""act"": 0.0}, {""tk"": ""capital"", ""act"": 0.0}, {""tk"": ""of"", ""act"": 0.0}, {""tk"": ""state"", ""act"": 0.0}, {""tk"": ""attribute"", ""act"": 0.0}, {""tk"": ""serving"", ""act"": 0.0}, {""tk"": ""government"", ""act"": 0.0}, {""tk"": ""which"", ""act"": 0.0}, {""tk"": ""containing"", ""act"": 0.0}]"
0_5034,0,5034,entity: A state in the United States is New Mexico,<bos>,0,0.0,0.0,semantic,"[{""token"": ""<bos>"", ""index"": 0, ""distance"": 0, ""direction"": ""self""}]",n/a,Semantic,Dictionary,1.0,False,,Albuquerque,"[{""tk"": ""Albuquerque"", ""act"": 9.187335014343262}, {""tk"": ""city"", ""act"": 0.0}, {""tk"": ""in"", ""act"": 0.0}, {""tk"": ""Mexico"", ""act"": 0.0}, {""tk"": ""USA"", ""act"": 0.0}, {""tk"": ""is"", ""act"": 0.0}, {""tk"": ""The"", ""act"": 0.0}, {""tk"": ""capital"", ""act"": 0.0}, {""tk"": ""of"", ""act"": 0.0}, {""tk"": ""state"", ""act"": 0.0}, {""tk"": ""attribute"", ""act"": 0.0}, {""tk"": ""serving"", ""act"": 0.0}, {""tk"": ""government"", ""act"": 0.0}, {""tk"": ""which"", ""act"": 0.0}, {""tk"": ""containing"", ""act"": 0.0}]"
0_5916,0,5916,entity: A state in the United States is New Mexico,<bos>,0,0.0,0.0,semantic,"[{""token"": ""<bos>"", ""index"": 0, ""distance"": 0, ""direction"": ""self""}]",n/a,Semantic,Dictionary (fallback),0.9,False,,capital,"[{""tk"": ""capital"", ""act"": 18.749942779541016}, {""tk"": ""city"", ""act"": 0.0}, {""tk"": ""in"", ""act"": 0.0}, {""tk"": ""Mexico"", ""act"": 0.0}, {""tk"": ""USA"", ""act"": 0.0}, {""tk"": ""is"", ""act"": 0.0}, {""tk"": ""Albuquerque"", ""act"": 0.0}, {""tk"": ""The"", ""act"": 0.0}, {""tk"": ""of"", ""act"": 0.0}, {""tk"": ""state"", ""act"": 0.0}, {""tk"": ""attribute"", ""act"": 0.0}, {""tk"": ""serving"", ""act"": 0.0}, {""tk"": ""government"", ""act"": 0.0}, {""tk"": ""which"", ""act"": 0.0}, {""tk"": ""containing"", ""act"": 0.0}]"
0_14810,0,14810,entity: A state in the United States is New Mexico,<bos>,0,0.0,0.0,semantic,"[{""token"": ""<bos>"", ""index"": 0, ""distance"": 0, ""direction"": ""self""}]",n/a,Semantic,Dictionary,1.0,False,,of,"[{""tk"": ""of"", ""act"": 17.059555053710938}, {""tk"": ""city"", ""act"": 0.0}, {""tk"": ""in"", ""act"": 0.0}, {""tk"": ""Mexico"", ""act"": 0.0}, {""tk"": ""USA"", ""act"": 0.0}, {""tk"": ""is"", ""act"": 0.0}, {""tk"": ""Albuquerque"", ""act"": 0.0}, {""tk"": ""The"", ""act"": 0.0}, {""tk"": ""capital"", ""act"": 0.0}, {""tk"": ""state"", ""act"": 0.0}, {""tk"": ""attribute"", ""act"": 0.0}, {""tk"": ""serving"", ""act"": 0.0}, {""tk"": ""government"", ""act"": 0.0}, {""tk"": ""which"", ""act"": 0.0}, {""tk"": ""containing"", ""act"": 0.0}]"
0_15430,0,15430,entity: A state in the United States is New Mexico,<bos>,0,0.0,0.0,semantic,"[{""token"": ""<bos>"", ""index"": 0, ""distance"": 0, ""direction"": ""self""}]",n/a,Semantic,Dictionary,1.0,False,,capital,"[{""tk"": ""capital"", ""act"": 8.16793155670166}, {""tk"": ""city"", ""act"": 0.0}, {""tk"": ""in"", ""act"": 0.0}, {""tk"": ""Mexico"", ""act"": 0.0}, {""tk"": ""USA"", ""act"": 0.0}, {""tk"": ""is"", ""act"": 0.0}, {""tk"": ""Albuquerque"", ""act"": 0.0}, {""tk"": ""The"", ""act"": 0.0}, {""tk"": ""of"", ""act"": 0.0}, {""tk"": ""state"", ""act"": 0.0}, {""tk"": ""attribute"", ""act"": 0.0}, {""tk"": ""serving"", ""act"": 0.0}, {""tk"": ""government"", ""act"": 0.0}, {""tk"": ""which"", ""act"": 0.0}, {""tk"": ""containing"", ""act"": 0.0}]"
0_15646,0,15646,entity: A state in the United States is New Mexico,<bos>,0,0.0,0.0,semantic,"[{""token"": ""<bos>"", ""index"": 0, ""distance"": 0, ""direction"": ""self""}]",n/a,Semantic,Dictionary,1.0,False,,Albuquerque,"[{""tk"": ""Albuquerque"", ""act"": 11.47055435180664}, {""tk"": ""city"", ""act"": 0.0}, {""tk"": ""in"", ""act"": 0.0}, {""tk"": ""Mexico"", ""act"": 0.0}, {""tk"": ""USA"", ""act"": 0.0}, {""tk"": ""is"", ""act"": 0.0}, {""tk"": ""The"", ""act"": 0.0}, {""tk"": ""capital"", ""act"": 0.0}, {""tk"": ""of"", ""act"": 0.0}, {""tk"": ""state"", ""act"": 0.0}, {""tk"": ""attribute"", ""act"": 0.0}, {""tk"": ""serving"", ""act"": 0.0}, {""tk"": ""government"", ""act"": 0.0}, {""tk"": ""which"", ""act"": 0.0}, {""tk"": ""containing"", ""act"": 0.0}]"
0_18903,0,18903,entity: A state in the United States is New Mexico,<bos>,0,0.0,0.0,semantic,"[{""token"": ""<bos>"", ""index"": 0, ""distance"": 0, ""direction"": ""self""}]",n/a,Semantic,Dictionary,1.0,False,,Albuquerque,"[{""tk"": ""Albuquerque"", ""act"": 11.383782386779785}, {""tk"": ""city"", ""act"": 0.0}, {""tk"": ""in"", ""act"": 0.0}, {""tk"": ""Mexico"", ""act"": 0.0}, {""tk"": ""USA"", ""act"": 0.0}, {""tk"": ""is"", ""act"": 0.0}, {""tk"": ""The"", ""act"": 0.0}, {""tk"": ""capital"", ""act"": 0.0}, {""tk"": ""of"", ""act"": 0.0}, {""tk"": ""state"", ""act"": 0.0}, {""tk"": ""attribute"", ""act"": 0.0}, {""tk"": ""serving"", ""act"": 0.0}, {""tk"": ""government"", ""act"": 0.0}, {""tk"": ""which"", ""act"": 0.0}, {""tk"": ""containing"", ""act"": 0.0}]"
0_21657,0,21657,entity: A state in the United States is New Mexico,<bos>,0,0.0,0.0,semantic,"[{""token"": ""<bos>"", ""index"": 0, ""distance"": 0, ""direction"": ""self""}]",n/a,Semantic,Dictionary,1.0,False,,Albuquerque,"[{""tk"": ""Albuquerque"", ""act"": 9.998356819152832}, {""tk"": ""city"", ""act"": 0.0}, {""tk"": ""in"", ""act"": 0.0}, {""tk"": ""Mexico"", ""act"": 0.0}, {""tk"": ""USA"", ""act"": 0.0}, {""tk"": ""is"", ""act"": 0.0}, {""tk"": ""The"", ""act"": 0.0}, {""tk"": ""capital"", ""act"": 0.0}, {""tk"": ""of"", ""act"": 0.0}, {""tk"": ""state"", ""act"": 0.0}, {""tk"": ""attribute"", ""act"": 0.0}, {""tk"": ""serving"", ""act"": 0.0}, {""tk"": ""government"", ""act"": 0.0}, {""tk"": ""which"", ""act"": 0.0}, {""tk"": ""containing"", ""act"": 0.0}]"
0_23293,0,23293,entity: A state in the United States is New Mexico,<bos>,0,0.0,0.0,semantic,"[{""token"": ""<bos>"", ""index"": 0, ""distance"": 0, ""direction"": ""self""}]",n/a,Semantic,Dictionary,1.0,False,,capital,"[{""tk"": ""capital"", ""act"": 12.355522155761719}, {""tk"": ""city"", ""act"": 0.0}, {""tk"": ""in"", ""act"": 0.0}, {""tk"": ""Mexico"", ""act"": 0.0}, {""tk"": ""USA"", ""act"": 0.0}, {""tk"": ""is"", ""act"": 0.0}, {""tk"": ""Albuquerque"", ""act"": 0.0}, {""tk"": ""The"", ""act"": 0.0}, {""tk"": ""of"", ""act"": 0.0}, {""tk"": ""state"", ""act"": 0.0}, {""tk"": ""attribute"", ""act"": 0.0}, {""tk"": ""serving"", ""act"": 0.0}, {""tk"": ""government"", ""act"": 0.0}, {""tk"": ""which"", ""act"": 0.0}, {""tk"": ""containing"", ""act"": 0.0}]"
0_23477,0,23477,entity: A state in the United States is New Mexico,<bos>,0,0.0,0.0,semantic,"[{""token"": ""<bos>"", ""index"": 0, ""distance"": 0, ""direction"": ""self""}]",n/a,Relationship,,1.0,False,,(city) related,"[{""tk"": ""city"", ""act"": 0.0}, {""tk"": ""in"", ""act"": 0.0}, {""tk"": ""Mexico"", ""act"": 0.0}, {""tk"": ""USA"", ""act"": 0.0}, {""tk"": ""is"", ""act"": 0.0}, {""tk"": ""Albuquerque"", ""act"": 0.0}, {""tk"": ""The"", ""act"": 0.0}, {""tk"": ""capital"", ""act"": 0.0}, {""tk"": ""of"", ""act"": 0.0}, {""tk"": ""state"", ""act"": 0.0}, {""tk"": ""attribute"", ""act"": 0.0}, {""tk"": ""serving"", ""act"": 0.0}, {""tk"": ""government"", ""act"": 0.0}, {""tk"": ""which"", ""act"": 0.0}, {""tk"": ""containing"", ""act"": 0.0}]"
0_23888,0,23888,entity: A state in the United States is New Mexico,<bos>,0,0.0,0.0,semantic,"[{""token"": ""<bos>"", ""index"": 0, ""distance"": 0, ""direction"": ""self""}]",n/a,Semantic,Dictionary,1.0,False,,containing,"[{""tk"": ""containing"", ""act"": 6.754897594451904}, {""tk"": ""city"", ""act"": 0.0}, {""tk"": ""in"", ""act"": 0.0}, {""tk"": ""Mexico"", ""act"": 0.0}, {""tk"": ""USA"", ""act"": 0.0}, {""tk"": ""is"", ""act"": 0.0}, {""tk"": ""Albuquerque"", ""act"": 0.0}, {""tk"": ""The"", ""act"": 0.0}, {""tk"": ""capital"", ""act"": 0.0}, {""tk"": ""of"", ""act"": 0.0}, {""tk"": ""state"", ""act"": 0.0}, {""tk"": ""attribute"", ""act"": 0.0}, {""tk"": ""serving"", ""act"": 0.0}, {""tk"": ""government"", ""act"": 0.0}, {""tk"": ""which"", ""act"": 0.0}]"
0_24438,0,24438,entity: A state in the United States is New Mexico,<bos>,0,0.0,0.0,semantic,"[{""token"": ""<bos>"", ""index"": 0, ""distance"": 0, ""direction"": ""self""}]",n/a,Relationship,,1.0,False,,(city) related,"[{""tk"": ""city"", ""act"": 0.0}, {""tk"": ""in"", ""act"": 0.0}, {""tk"": ""Mexico"", ""act"": 0.0}, {""tk"": ""USA"", ""act"": 0.0}, {""tk"": ""is"", ""act"": 0.0}, {""tk"": ""Albuquerque"", ""act"": 0.0}, {""tk"": ""The"", ""act"": 0.0}, {""tk"": ""capital"", ""act"": 0.0}, {""tk"": ""of"", ""act"": 0.0}, {""tk"": ""state"", ""act"": 0.0}, {""tk"": ""attribute"", ""act"": 0.0}, {""tk"": ""serving"", ""act"": 0.0}, {""tk"": ""government"", ""act"": 0.0}, {""tk"": ""which"", ""act"": 0.0}, {""tk"": ""containing"", ""act"": 0.0}]"
0_31953,0,31953,entity: A state in the United States is New Mexico,<bos>,0,0.0,0.0,semantic,"[{""token"": ""<bos>"", ""index"": 0, ""distance"": 0, ""direction"": ""self""}]",n/a,Semantic,Dictionary,1.0,False,,capital,"[{""tk"": ""capital"", ""act"": 5.960221767425537}, {""tk"": ""city"", ""act"": 0.0}, {""tk"": ""in"", ""act"": 0.0}, {""tk"": ""Mexico"", ""act"": 0.0}, {""tk"": ""USA"", ""act"": 0.0}, {""tk"": ""is"", ""act"": 0.0}, {""tk"": ""Albuquerque"", ""act"": 0.0}, {""tk"": ""The"", ""act"": 0.0}, {""tk"": ""of"", ""act"": 0.0}, {""tk"": ""state"", ""act"": 0.0}, {""tk"": ""attribute"", ""act"": 0.0}, {""tk"": ""serving"", ""act"": 0.0}, {""tk"": ""government"", ""act"": 0.0}, {""tk"": ""which"", ""act"": 0.0}, {""tk"": ""containing"", ""act"": 0.0}]"
0_33316,0,33316,entity: A state in the United States is New Mexico,<bos>,0,0.0,0.0,semantic,"[{""token"": ""<bos>"", ""index"": 0, ""distance"": 0, ""direction"": ""self""}]",n/a,Semantic,Dictionary (fallback),0.9,False,,is,"[{""tk"": ""is"", ""act"": 1.3535914421081543}, {""tk"": ""city"", ""act"": 0.0}, {""tk"": ""in"", ""act"": 0.0}, {""tk"": ""Mexico"", ""act"": 0.0}, {""tk"": ""USA"", ""act"": 0.0}, {""tk"": ""Albuquerque"", ""act"": 0.0}, {""tk"": ""The"", ""act"": 0.0}, {""tk"": ""capital"", ""act"": 0.0}, {""tk"": ""of"", ""act"": 0.0}, {""tk"": ""state"", ""act"": 0.0}, {""tk"": ""attribute"", ""act"": 0.0}, {""tk"": ""serving"", ""act"": 0.0}, {""tk"": ""government"", ""act"": 0.0}, {""tk"": ""which"", ""act"": 0.0}, {""tk"": ""containing"", ""act"": 0.0}]"
0_37416,0,37416,entity: A state in the United States is New Mexico,<bos>,0,0.0,0.0,semantic,"[{""token"": ""<bos>"", ""index"": 0, ""distance"": 0, ""direction"": ""self""}]",n/a,Semantic,Dictionary,1.0,False,,capital,"[{""tk"": ""capital"", ""act"": 12.284197807312012}, {""tk"": ""city"", ""act"": 0.0}, {""tk"": ""in"", ""act"": 0.0}, {""tk"": ""Mexico"", ""act"": 0.0}, {""tk"": ""USA"", ""act"": 0.0}, {""tk"": ""is"", ""act"": 0.0}, {""tk"": ""Albuquerque"", ""act"": 0.0}, {""tk"": ""The"", ""act"": 0.0}, {""tk"": ""of"", ""act"": 0.0}, {""tk"": ""state"", ""act"": 0.0}, {""tk"": ""attribute"", ""act"": 0.0}, {""tk"": ""serving"", ""act"": 0.0}, {""tk"": ""government"", ""act"": 0.0}, {""tk"": ""which"", ""act"": 0.0}, {""tk"": ""containing"", ""act"": 0.0}]"
0_41589,0,41589,entity: A state in the United States is New Mexico,<bos>,0,0.0,0.0,semantic,"[{""token"": ""<bos>"", ""index"": 0, ""distance"": 0, ""direction"": ""self""}]",n/a,Semantic,Dictionary,1.0,False,,capital,"[{""tk"": ""capital"", ""act"": 7.369453430175781}, {""tk"": ""city"", ""act"": 0.0}, {""tk"": ""in"", ""act"": 0.0}, {""tk"": ""Mexico"", ""act"": 0.0}, {""tk"": ""USA"", ""act"": 0.0}, {""tk"": ""is"", ""act"": 0.0}, {""tk"": ""Albuquerque"", ""act"": 0.0}, {""tk"": ""The"", ""act"": 0.0}, {""tk"": ""of"", ""act"": 0.0}, {""tk"": ""state"", ""act"": 0.0}, {""tk"": ""attribute"", ""act"": 0.0}, {""tk"": ""serving"", ""act"": 0.0}, {""tk"": ""government"", ""act"": 0.0}, {""tk"": ""which"", ""act"": 0.0}, {""tk"": ""containing"", ""act"": 0.0}]"
0_44709,0,44709,entity: A state in the United States is New Mexico,<bos>,0,0.0,0.0,semantic,"[{""token"": ""<bos>"", ""index"": 0, ""distance"": 0, ""direction"": ""self""}]",n/a,Semantic,Dictionary,1.0,False,,containing,"[{""tk"": ""containing"", ""act"": 6.07918643951416}, {""tk"": ""city"", ""act"": 0.0}, {""tk"": ""in"", ""act"": 0.0}, {""tk"": ""Mexico"", ""act"": 0.0}, {""tk"": ""USA"", ""act"": 0.0}, {""tk"": ""is"", ""act"": 0.0}, {""tk"": ""Albuquerque"", ""act"": 0.0}, {""tk"": ""The"", ""act"": 0.0}, {""tk"": ""capital"", ""act"": 0.0}, {""tk"": ""of"", ""act"": 0.0}, {""tk"": ""state"", ""act"": 0.0}, {""tk"": ""attribute"", ""act"": 0.0}, {""tk"": ""serving"", ""act"": 0.0}, {""tk"": ""government"", ""act"": 0.0}, {""tk"": ""which"", ""act"": 0.0}]"
0_51418,0,51418,entity: A state in the United States is New Mexico,<bos>,0,0.0,0.0,semantic,"[{""token"": ""<bos>"", ""index"": 0, ""distance"": 0, ""direction"": ""self""}]",n/a,Semantic,Dictionary,1.0,False,,Albuquerque,"[{""tk"": ""Albuquerque"", ""act"": 5.9497809410095215}, {""tk"": ""city"", ""act"": 0.0}, {""tk"": ""in"", ""act"": 0.0}, {""tk"": ""Mexico"", ""act"": 0.0}, {""tk"": ""USA"", ""act"": 0.0}, {""tk"": ""is"", ""act"": 0.0}, {""tk"": ""The"", ""act"": 0.0}, {""tk"": ""capital"", ""act"": 0.0}, {""tk"": ""of"", ""act"": 0.0}, {""tk"": ""state"", ""act"": 0.0}, {""tk"": ""attribute"", ""act"": 0.0}, {""tk"": ""serving"", ""act"": 0.0}, {""tk"": ""government"", ""act"": 0.0}, {""tk"": ""which"", ""act"": 0.0}, {""tk"": ""containing"", ""act"": 0.0}]"
0_52009,0,52009,entity: A state in the United States is New Mexico,<bos>,0,0.0,0.0,semantic,"[{""token"": ""<bos>"", ""index"": 0, ""distance"": 0, ""direction"": ""self""}]",n/a,Semantic,Dictionary,1.0,False,,containing,"[{""tk"": ""containing"", ""act"": 7.867442607879639}, {""tk"": ""city"", ""act"": 0.0}, {""tk"": ""in"", ""act"": 0.0}, {""tk"": ""Mexico"", ""act"": 0.0}, {""tk"": ""USA"", ""act"": 0.0}, {""tk"": ""is"", ""act"": 0.0}, {""tk"": ""Albuquerque"", ""act"": 0.0}, {""tk"": ""The"", ""act"": 0.0}, {""tk"": ""capital"", ""act"": 0.0}, {""tk"": ""of"", ""act"": 0.0}, {""tk"": ""state"", ""act"": 0.0}, {""tk"": ""attribute"", ""act"": 0.0}, {""tk"": ""serving"", ""act"": 0.0}, {""tk"": ""government"", ""act"": 0.0}, {""tk"": ""which"", ""act"": 0.0}]"
0_52264,0,52264,entity: A state in the United States is New Mexico,<bos>,0,0.0,0.0,semantic,"[{""token"": ""<bos>"", ""index"": 0, ""distance"": 0, ""direction"": ""self""}]",n/a,Semantic,Dictionary,1.0,False,,containing,"[{""tk"": ""containing"", ""act"": 9.985231399536133}, {""tk"": ""city"", ""act"": 0.0}, {""tk"": ""in"", ""act"": 0.0}, {""tk"": ""Mexico"", ""act"": 0.0}, {""tk"": ""USA"", ""act"": 0.0}, {""tk"": ""is"", ""act"": 0.0}, {""tk"": ""Albuquerque"", ""act"": 0.0}, {""tk"": ""The"", ""act"": 0.0}, {""tk"": ""capital"", ""act"": 0.0}, {""tk"": ""of"", ""act"": 0.0}, {""tk"": ""state"", ""act"": 0.0}, {""tk"": ""attribute"", ""act"": 0.0}, {""tk"": ""serving"", ""act"": 0.0}, {""tk"": ""government"", ""act"": 0.0}, {""tk"": ""which"", ""act"": 0.0}]"
0_53491,0,53491,entity: A state in the United States is New Mexico,<bos>,0,0.0,0.0,semantic,"[{""token"": ""<bos>"", ""index"": 0, ""distance"": 0, ""direction"": ""self""}]",n/a,Semantic,Dictionary,1.0,False,,capital,"[{""tk"": ""capital"", ""act"": 16.344919204711914}, {""tk"": ""city"", ""act"": 0.0}, {""tk"": ""in"", ""act"": 0.0}, {""tk"": ""Mexico"", ""act"": 0.0}, {""tk"": ""USA"", ""act"": 0.0}, {""tk"": ""is"", ""act"": 0.0}, {""tk"": ""Albuquerque"", ""act"": 0.0}, {""tk"": ""The"", ""act"": 0.0}, {""tk"": ""of"", ""act"": 0.0}, {""tk"": ""state"", ""act"": 0.0}, {""tk"": ""attribute"", ""act"": 0.0}, {""tk"": ""serving"", ""act"": 0.0}, {""tk"": ""government"", ""act"": 0.0}, {""tk"": ""which"", ""act"": 0.0}, {""tk"": ""containing"", ""act"": 0.0}]"
0_53531,0,53531,entity: A state in the United States is New Mexico,<bos>,0,0.0,0.0,semantic,"[{""token"": ""<bos>"", ""index"": 0, ""distance"": 0, ""direction"": ""self""}]",n/a,Semantic,Dictionary,1.0,False,,capital,"[{""tk"": ""capital"", ""act"": 8.328258514404297}, {""tk"": ""city"", ""act"": 0.0}, {""tk"": ""in"", ""act"": 0.0}, {""tk"": ""Mexico"", ""act"": 0.0}, {""tk"": ""USA"", ""act"": 0.0}, {""tk"": ""is"", ""act"": 0.0}, {""tk"": ""Albuquerque"", ""act"": 0.0}, {""tk"": ""The"", ""act"": 0.0}, {""tk"": ""of"", ""act"": 0.0}, {""tk"": ""state"", ""act"": 0.0}, {""tk"": ""attribute"", ""act"": 0.0}, {""tk"": ""serving"", ""act"": 0.0}, {""tk"": ""government"", ""act"": 0.0}, {""tk"": ""which"", ""act"": 0.0}, {""tk"": ""containing"", ""act"": 0.0}]"
0_54197,0,54197,entity: A state in the United States is New Mexico,<bos>,0,0.0,0.0,semantic,"[{""token"": ""<bos>"", ""index"": 0, ""distance"": 0, ""direction"": ""self""}]",n/a,Semantic,Dictionary,1.0,False,,containing,"[{""tk"": ""containing"", ""act"": 11.77919864654541}, {""tk"": ""city"", ""act"": 0.0}, {""tk"": ""in"", ""act"": 0.0}, {""tk"": ""Mexico"", ""act"": 0.0}, {""tk"": ""USA"", ""act"": 0.0}, {""tk"": ""is"", ""act"": 0.0}, {""tk"": ""Albuquerque"", ""act"": 0.0}, {""tk"": ""The"", ""act"": 0.0}, {""tk"": ""capital"", ""act"": 0.0}, {""tk"": ""of"", ""act"": 0.0}, {""tk"": ""state"", ""act"": 0.0}, {""tk"": ""attribute"", ""act"": 0.0}, {""tk"": ""serving"", ""act"": 0.0}, {""tk"": ""government"", ""act"": 0.0}, {""tk"": ""which"", ""act"": 0.0}]"
0_54572,0,54572,entity: A state in the United States is New Mexico,<bos>,0,0.0,0.0,semantic,"[{""token"": ""<bos>"", ""index"": 0, ""distance"": 0, ""direction"": ""self""}]",n/a,Semantic,Dictionary (fallback),0.9,False,,The,"[{""tk"": ""The"", ""act"": 30.514068603515625}, {""tk"": ""city"", ""act"": 0.0}, {""tk"": ""in"", ""act"": 0.0}, {""tk"": ""Mexico"", ""act"": 0.0}, {""tk"": ""USA"", ""act"": 0.0}, {""tk"": ""is"", ""act"": 0.0}, {""tk"": ""Albuquerque"", ""act"": 0.0}, {""tk"": ""capital"", ""act"": 0.0}, {""tk"": ""of"", ""act"": 0.0}, {""tk"": ""state"", ""act"": 0.0}, {""tk"": ""attribute"", ""act"": 0.0}, {""tk"": ""serving"", ""act"": 0.0}, {""tk"": ""government"", ""act"": 0.0}, {""tk"": ""which"", ""act"": 0.0}, {""tk"": ""containing"", ""act"": 0.0}]"
0_56748,0,56748,entity: A state in the United States is New Mexico,<bos>,0,0.0,0.0,semantic,"[{""token"": ""<bos>"", ""index"": 0, ""distance"": 0, ""direction"": ""self""}]",n/a,Semantic,Dictionary (fallback),0.9,False,,state,"[{""tk"": ""state"", ""act"": 13.299398422241211}, {""tk"": ""city"", ""act"": 0.0}, {""tk"": ""in"", ""act"": 0.0}, {""tk"": ""Mexico"", ""act"": 0.0}, {""tk"": ""USA"", ""act"": 0.0}, {""tk"": ""is"", ""act"": 0.0}, {""tk"": ""Albuquerque"", ""act"": 0.0}, {""tk"": ""The"", ""act"": 0.0}, {""tk"": ""capital"", ""act"": 0.0}, {""tk"": ""of"", ""act"": 0.0}, {""tk"": ""attribute"", ""act"": 0.0}, {""tk"": ""serving"", ""act"": 0.0}, {""tk"": ""government"", ""act"": 0.0}, {""tk"": ""which"", ""act"": 0.0}, {""tk"": ""containing"", ""act"": 0.0}]"
0_61257,0,61257,entity: A state in the United States is New Mexico,<bos>,0,0.0,0.0,semantic,"[{""token"": ""<bos>"", ""index"": 0, ""distance"": 0, ""direction"": ""self""}]",n/a,Semantic,Dictionary (fallback),0.9,False,,state,"[{""tk"": ""state"", ""act"": 15.710807800292969}, {""tk"": ""city"", ""act"": 0.0}, {""tk"": ""in"", ""act"": 0.0}, {""tk"": ""Mexico"", ""act"": 0.0}, {""tk"": ""USA"", ""act"": 0.0}, {""tk"": ""is"", ""act"": 0.0}, {""tk"": ""Albuquerque"", ""act"": 0.0}, {""tk"": ""The"", ""act"": 0.0}, {""tk"": ""capital"", ""act"": 0.0}, {""tk"": ""of"", ""act"": 0.0}, {""tk"": ""attribute"", ""act"": 0.0}, {""tk"": ""serving"", ""act"": 0.0}, {""tk"": ""government"", ""act"": 0.0}, {""tk"": ""which"", ""act"": 0.0}, {""tk"": ""containing"", ""act"": 0.0}]"
0_62872,0,62872,entity: A state in the United States is New Mexico,<bos>,0,0.0,0.0,semantic,"[{""token"": ""<bos>"", ""index"": 0, ""distance"": 0, ""direction"": ""self""}]",n/a,Relationship,,1.0,False,,(city) related,"[{""tk"": ""city"", ""act"": 0.0}, {""tk"": ""in"", ""act"": 0.0}, {""tk"": ""Mexico"", ""act"": 0.0}, {""tk"": ""USA"", ""act"": 0.0}, {""tk"": ""is"", ""act"": 0.0}, {""tk"": ""Albuquerque"", ""act"": 0.0}, {""tk"": ""The"", ""act"": 0.0}, {""tk"": ""capital"", ""act"": 0.0}, {""tk"": ""of"", ""act"": 0.0}, {""tk"": ""state"", ""act"": 0.0}, {""tk"": ""attribute"", ""act"": 0.0}, {""tk"": ""serving"", ""act"": 0.0}, {""tk"": ""government"", ""act"": 0.0}, {""tk"": ""which"", ""act"": 0.0}, {""tk"": ""containing"", ""act"": 0.0}]"
0_63548,0,63548,entity: A state in the United States is New Mexico,<bos>,0,0.0,0.0,semantic,"[{""token"": ""<bos>"", ""index"": 0, ""distance"": 0, ""direction"": ""self""}]",n/a,Semantic,Dictionary,1.0,False,,capital,"[{""tk"": ""capital"", ""act"": 9.130105972290039}, {""tk"": ""city"", ""act"": 0.0}, {""tk"": ""in"", ""act"": 0.0}, {""tk"": ""Mexico"", ""act"": 0.0}, {""tk"": ""USA"", ""act"": 0.0}, {""tk"": ""is"", ""act"": 0.0}, {""tk"": ""Albuquerque"", ""act"": 0.0}, {""tk"": ""The"", ""act"": 0.0}, {""tk"": ""of"", ""act"": 0.0}, {""tk"": ""state"", ""act"": 0.0}, {""tk"": ""attribute"", ""act"": 0.0}, {""tk"": ""serving"", ""act"": 0.0}, {""tk"": ""government"", ""act"": 0.0}, {""tk"": ""which"", ""act"": 0.0}, {""tk"": ""containing"", ""act"": 0.0}]"
0_66754,0,66754,entity: A state in the United States is New Mexico,<bos>,0,0.0,0.0,semantic,"[{""token"": ""<bos>"", ""index"": 0, ""distance"": 0, ""direction"": ""self""}]",n/a,Semantic,Dictionary,1.0,False,,containing,"[{""tk"": ""containing"", ""act"": 12.251155853271484}, {""tk"": ""city"", ""act"": 0.0}, {""tk"": ""in"", ""act"": 0.0}, {""tk"": ""Mexico"", ""act"": 0.0}, {""tk"": ""USA"", ""act"": 0.0}, {""tk"": ""is"", ""act"": 0.0}, {""tk"": ""Albuquerque"", ""act"": 0.0}, {""tk"": ""The"", ""act"": 0.0}, {""tk"": ""capital"", ""act"": 0.0}, {""tk"": ""of"", ""act"": 0.0}, {""tk"": ""state"", ""act"": 0.0}, {""tk"": ""attribute"", ""act"": 0.0}, {""tk"": ""serving"", ""act"": 0.0}, {""tk"": ""government"", ""act"": 0.0}, {""tk"": ""which"", ""act"": 0.0}]"
0_67553,0,67553,entity: A state in the United States is New Mexico,<bos>,0,0.0,0.0,semantic,"[{""token"": ""<bos>"", ""index"": 0, ""distance"": 0, ""direction"": ""self""}]",n/a,Semantic,Dictionary,1.0,False,,containing,"[{""tk"": ""containing"", ""act"": 16.307926177978516}, {""tk"": ""city"", ""act"": 0.0}, {""tk"": ""in"", ""act"": 0.0}, {""tk"": ""Mexico"", ""act"": 0.0}, {""tk"": ""USA"", ""act"": 0.0}, {""tk"": ""is"", ""act"": 0.0}, {""tk"": ""Albuquerque"", ""act"": 0.0}, {""tk"": ""The"", ""act"": 0.0}, {""tk"": ""capital"", ""act"": 0.0}, {""tk"": ""of"", ""act"": 0.0}, {""tk"": ""state"", ""act"": 0.0}, {""tk"": ""attribute"", ""act"": 0.0}, {""tk"": ""serving"", ""act"": 0.0}, {""tk"": ""government"", ""act"": 0.0}, {""tk"": ""which"", ""act"": 0.0}]"
0_68987,0,68987,entity: A state in the United States is New Mexico,<bos>,0,0.0,0.0,semantic,"[{""token"": ""<bos>"", ""index"": 0, ""distance"": 0, ""direction"": ""self""}]",n/a,Semantic,Dictionary,1.0,False,,capital,"[{""tk"": ""capital"", ""act"": 9.928791046142578}, {""tk"": ""city"", ""act"": 0.0}, {""tk"": ""in"", ""act"": 0.0}, {""tk"": ""Mexico"", ""act"": 0.0}, {""tk"": ""USA"", ""act"": 0.0}, {""tk"": ""is"", ""act"": 0.0}, {""tk"": ""Albuquerque"", ""act"": 0.0}, {""tk"": ""The"", ""act"": 0.0}, {""tk"": ""of"", ""act"": 0.0}, {""tk"": ""state"", ""act"": 0.0}, {""tk"": ""attribute"", ""act"": 0.0}, {""tk"": ""serving"", ""act"": 0.0}, {""tk"": ""government"", ""act"": 0.0}, {""tk"": ""which"", ""act"": 0.0}, {""tk"": ""containing"", ""act"": 0.0}]"
0_81697,0,81697,entity: A state in the United States is New Mexico,<bos>,0,0.0,0.0,semantic,"[{""token"": ""<bos>"", ""index"": 0, ""distance"": 0, ""direction"": ""self""}]",n/a,Semantic,Dictionary,1.0,False,,Albuquerque,"[{""tk"": ""Albuquerque"", ""act"": 10.892292976379395}, {""tk"": ""city"", ""act"": 0.0}, {""tk"": ""in"", ""act"": 0.0}, {""tk"": ""Mexico"", ""act"": 0.0}, {""tk"": ""USA"", ""act"": 0.0}, {""tk"": ""is"", ""act"": 0.0}, {""tk"": ""The"", ""act"": 0.0}, {""tk"": ""capital"", ""act"": 0.0}, {""tk"": ""of"", ""act"": 0.0}, {""tk"": ""state"", ""act"": 0.0}, {""tk"": ""attribute"", ""act"": 0.0}, {""tk"": ""serving"", ""act"": 0.0}, {""tk"": ""government"", ""act"": 0.0}, {""tk"": ""which"", ""act"": 0.0}, {""tk"": ""containing"", ""act"": 0.0}]"
0_87610,0,87610,entity: A state in the United States is New Mexico,<bos>,0,0.0,0.0,semantic,"[{""token"": ""<bos>"", ""index"": 0, ""distance"": 0, ""direction"": ""self""}]",n/a,Semantic,Dictionary,1.0,False,,Albuquerque,"[{""tk"": ""Albuquerque"", ""act"": 6.979316234588623}, {""tk"": ""city"", ""act"": 0.0}, {""tk"": ""in"", ""act"": 0.0}, {""tk"": ""Mexico"", ""act"": 0.0}, {""tk"": ""USA"", ""act"": 0.0}, {""tk"": ""is"", ""act"": 0.0}, {""tk"": ""The"", ""act"": 0.0}, {""tk"": ""capital"", ""act"": 0.0}, {""tk"": ""of"", ""act"": 0.0}, {""tk"": ""state"", ""act"": 0.0}, {""tk"": ""attribute"", ""act"": 0.0}, {""tk"": ""serving"", ""act"": 0.0}, {""tk"": ""government"", ""act"": 0.0}, {""tk"": ""which"", ""act"": 0.0}, {""tk"": ""containing"", ""act"": 0.0}]"
0_88875,0,88875,entity: A state in the United States is New Mexico,<bos>,0,0.0,0.0,semantic,"[{""token"": ""<bos>"", ""index"": 0, ""distance"": 0, ""direction"": ""self""}]",n/a,Semantic,Dictionary,1.0,False,,containing,"[{""tk"": ""containing"", ""act"": 13.765202522277832}, {""tk"": ""city"", ""act"": 0.0}, {""tk"": ""in"", ""act"": 0.0}, {""tk"": ""Mexico"", ""act"": 0.0}, {""tk"": ""USA"", ""act"": 0.0}, {""tk"": ""is"", ""act"": 0.0}, {""tk"": ""Albuquerque"", ""act"": 0.0}, {""tk"": ""The"", ""act"": 0.0}, {""tk"": ""capital"", ""act"": 0.0}, {""tk"": ""of"", ""act"": 0.0}, {""tk"": ""state"", ""act"": 0.0}, {""tk"": ""attribute"", ""act"": 0.0}, {""tk"": ""serving"", ""act"": 0.0}, {""tk"": ""government"", ""act"": 0.0}, {""tk"": ""which"", ""act"": 0.0}]"
1_12928,1,12928,entity: A state in the United States is New Mexico,<bos>,0,424.16802978515625,0.7290900896755852,semantic,"[{""token"": ""<bos>"", ""index"": 0, ""distance"": 0, ""direction"": ""self""}]",n/a,Semantic,Dictionary (fallback),0.9,False,,Semantic (unknown),"[{""tk"": ""attribute"", ""act"": 116.61937713623047}, {""tk"": ""Mexico"", ""act"": 104.39421081542969}, {""tk"": ""city"", ""act"": 102.33412170410156}, {""tk"": ""state"", ""act"": 91.09199523925781}, {""tk"": ""Albuquerque"", ""act"": 88.14775085449219}, {""tk"": ""is"", ""act"": 87.51624298095703}, {""tk"": ""government"", ""act"": 86.91158294677734}, {""tk"": ""USA"", ""act"": 86.48966217041016}, {""tk"": ""the"", ""act"": 86.17095947265625}, {""tk"": ""which"", ""act"": 82.6561279296875}, {""tk"": ""capital"", ""act"": 74.68241882324219}, {""tk"": ""in"", ""act"": 73.71795654296875}, {""tk"": ""of"", ""act"": 68.17405700683594}, {""tk"": ""serving"", ""act"": 64.7063980102539}, {""tk"": ""containing"", ""act"": 62.237648010253906}]"
1_57794,1,57794,entity: A state in the United States is New Mexico,<bos>,0,388.9519348144531,0.7274370360843164,semantic,"[{""token"": ""<bos>"", ""index"": 0, ""distance"": 0, ""direction"": ""self""}]",n/a,Semantic,Dictionary (fallback),0.9,False,,Semantic (unknown),"[{""tk"": ""attribute"", ""act"": 125.1230239868164}, {""tk"": ""The"", ""act"": 90.81844329833984}, {""tk"": ""state"", ""act"": 85.2448959350586}, {""tk"": ""USA"", ""act"": 85.21576690673828}, {""tk"": ""is"", ""act"": 84.57393646240234}, {""tk"": ""Albuquerque"", ""act"": 84.56226348876953}, {""tk"": ""of"", ""act"": 81.49526977539062}, {""tk"": ""serving"", ""act"": 81.41454315185547}, {""tk"": ""in"", ""act"": 80.10187530517578}, {""tk"": ""which"", ""act"": 78.58411407470703}, {""tk"": ""city"", ""act"": 78.5748291015625}, {""tk"": ""government"", ""act"": 78.36383819580078}, {""tk"": ""capital"", ""act"": 77.23419952392578}, {""tk"": ""Mexico"", ""act"": 75.4376449584961}, {""tk"": ""containing"", ""act"": 74.69670104980469}]"
1_52044,1,52044,entity: A state in the United States is New Mexico, state,4,95.1275634765625,0.2711189416954858,semantic,"[{""token"": "" state"", ""index"": 4, ""distance"": 0, ""direction"": ""self""}]",n/a,Relationship,,1.0,False,,(containing) related,"[{""tk"": ""containing"", ""act"": 125.91358184814453}, {""tk"": ""capital"", ""act"": 118.56844329833984}, {""tk"": ""city"", ""act"": 112.72059631347656}, {""tk"": ""state"", ""act"": 110.67672729492188}, {""tk"": ""serving"", ""act"": 106.8580551147461}, {""tk"": ""USA"", ""act"": 93.92649841308594}, {""tk"": ""government"", ""act"": 92.29335021972656}, {""tk"": ""is"", ""act"": 88.68705749511719}, {""tk"": ""which"", ""act"": 87.12095642089844}, {""tk"": ""The"", ""act"": 81.9691162109375}, {""tk"": ""in"", ""act"": 78.93173217773438}, {""tk"": ""of"", ""act"": 75.42842864990234}, {""tk"": ""Albuquerque"", ""act"": 75.38298797607422}, {""tk"": ""Mexico"", ""act"": 72.02467346191406}, {""tk"": ""attribute"", ""act"": 43.5494384765625}]"
1_72774,1,72774,entity: A state in the United States is New Mexico, state,4,91.85028076171876,0.3047515539773514,semantic,"[{""token"": "" state"", ""index"": 4, ""distance"": 0, ""direction"": ""self""}]",n/a,Relationship,,1.0,False,,(serving) related,"[{""tk"": ""serving"", ""act"": 112.18031311035156}, {""tk"": ""capital"", ""act"": 102.21701049804688}, {""tk"": ""city"", ""act"": 98.39340209960938}, {""tk"": ""containing"", ""act"": 97.6826171875}, {""tk"": ""state"", ""act"": 91.85028076171875}, {""tk"": ""is"", ""act"": 90.29220581054688}, {""tk"": ""government"", ""act"": 84.53697204589844}, {""tk"": ""USA"", ""act"": 82.76144409179688}, {""tk"": ""the"", ""act"": 78.6541748046875}, {""tk"": ""of"", ""act"": 78.48052978515625}, {""tk"": ""Albuquerque"", ""act"": 78.05813598632812}, {""tk"": ""Mexico"", ""act"": 72.91175842285156}, {""tk"": ""which"", ""act"": 71.98298645019531}, {""tk"": ""in"", ""act"": 71.59417724609375}, {""tk"": ""attribute"", ""act"": 23.17362403869629}]"
1_74380,1,74380,entity: A state in the United States is New Mexico,<bos>,0,2.384669780731201,0.9166666666666666,semantic,"[{""token"": ""<bos>"", ""index"": 0, ""distance"": 0, ""direction"": ""self""}]",n/a,Semantic,Dictionary,1.0,False,,capital,"[{""tk"": ""capital"", ""act"": 17.934070587158203}, {""tk"": ""city"", ""act"": 0.0}, {""tk"": ""in"", ""act"": 0.0}, {""tk"": ""Mexico"", ""act"": 0.0}, {""tk"": ""USA"", ""act"": 0.0}, {""tk"": ""is"", ""act"": 0.0}, {""tk"": ""Albuquerque"", ""act"": 0.0}, {""tk"": ""The"", ""act"": 0.0}, {""tk"": ""of"", ""act"": 0.0}, {""tk"": ""state"", ""act"": 0.0}, {""tk"": ""attribute"", ""act"": 0.0}, {""tk"": ""serving"", ""act"": 0.0}, {""tk"": ""government"", ""act"": 0.0}, {""tk"": ""which"", ""act"": 0.0}, {""tk"": ""containing"", ""act"": 0.0}]"
1_18568,1,18568,entity: A state in the United States is New Mexico, is,9,0.9235835075378418,0.9166666666666666,functional,"[{""token"": "" Mexico"", ""index"": 11, ""distance"": 2, ""direction"": ""forward""}]",json,Semantic,Dictionary,0.8333333333333334,False,,is,"[{""tk"": ""is"", ""act"": 5.408833980560303}, {""tk"": ""city"", ""act"": 0.0}, {""tk"": ""in"", ""act"": 0.0}, {""tk"": ""Mexico"", ""act"": 0.0}, {""tk"": ""USA"", ""act"": 0.0}, {""tk"": ""Albuquerque"", ""act"": 0.0}, {""tk"": ""The"", ""act"": 0.0}, {""tk"": ""capital"", ""act"": 0.0}, {""tk"": ""of"", ""act"": 0.0}, {""tk"": ""state"", ""act"": 0.0}, {""tk"": ""attribute"", ""act"": 0.0}, {""tk"": ""serving"", ""act"": 0.0}, {""tk"": ""government"", ""act"": 0.0}, {""tk"": ""which"", ""act"": 0.0}, {""tk"": ""containing"", ""act"": 0.0}]"
1_2630,1,2630,entity: A state in the United States is New Mexico,<bos>,0,0.0,0.0,semantic,"[{""token"": ""<bos>"", ""index"": 0, ""distance"": 0, ""direction"": ""self""}]",n/a,Semantic,Dictionary,1.0,False,,Albuquerque,"[{""tk"": ""Albuquerque"", ""act"": 18.467029571533203}, {""tk"": ""city"", ""act"": 0.0}, {""tk"": ""in"", ""act"": 0.0}, {""tk"": ""Mexico"", ""act"": 0.0}, {""tk"": ""USA"", ""act"": 0.0}, {""tk"": ""is"", ""act"": 0.0}, {""tk"": ""The"", ""act"": 0.0}, {""tk"": ""capital"", ""act"": 0.0}, {""tk"": ""of"", ""act"": 0.0}, {""tk"": ""state"", ""act"": 0.0}, {""tk"": ""attribute"", ""act"": 0.0}, {""tk"": ""serving"", ""act"": 0.0}, {""tk"": ""government"", ""act"": 0.0}, {""tk"": ""which"", ""act"": 0.0}, {""tk"": ""containing"", ""act"": 0.0}]"
1_6948,1,6948,entity: A state in the United States is New Mexico,<bos>,0,0.0,0.0,semantic,"[{""token"": ""<bos>"", ""index"": 0, ""distance"": 0, ""direction"": ""self""}]",n/a,Semantic,Dictionary,1.0,False,,Albuquerque,"[{""tk"": ""Albuquerque"", ""act"": 19.919034957885742}, {""tk"": ""city"", ""act"": 0.0}, {""tk"": ""in"", ""act"": 0.0}, {""tk"": ""Mexico"", ""act"": 0.0}, {""tk"": ""USA"", ""act"": 0.0}, {""tk"": ""is"", ""act"": 0.0}, {""tk"": ""The"", ""act"": 0.0}, {""tk"": ""capital"", ""act"": 0.0}, {""tk"": ""of"", ""act"": 0.0}, {""tk"": ""state"", ""act"": 0.0}, {""tk"": ""attribute"", ""act"": 0.0}, {""tk"": ""serving"", ""act"": 0.0}, {""tk"": ""government"", ""act"": 0.0}, {""tk"": ""which"", ""act"": 0.0}, {""tk"": ""containing"", ""act"": 0.0}]"
1_38874,1,38874,entity: A state in the United States is New Mexico,<bos>,0,0.0,0.0,semantic,"[{""token"": ""<bos>"", ""index"": 0, ""distance"": 0, ""direction"": ""self""}]",n/a,Semantic,Dictionary,1.0,False,,Albuquerque,"[{""tk"": ""Albuquerque"", ""act"": 13.94074821472168}, {""tk"": ""city"", ""act"": 0.0}, {""tk"": ""in"", ""act"": 0.0}, {""tk"": ""Mexico"", ""act"": 0.0}, {""tk"": ""USA"", ""act"": 0.0}, {""tk"": ""is"", ""act"": 0.0}, {""tk"": ""The"", ""act"": 0.0}, {""tk"": ""capital"", ""act"": 0.0}, {""tk"": ""of"", ""act"": 0.0}, {""tk"": ""state"", ""act"": 0.0}, {""tk"": ""attribute"", ""act"": 0.0}, {""tk"": ""serving"", ""act"": 0.0}, {""tk"": ""government"", ""act"": 0.0}, {""tk"": ""which"", ""act"": 0.0}, {""tk"": ""containing"", ""act"": 0.0}]"
1_64129,1,64129,entity: A state in the United States is New Mexico,<bos>,0,0.0,0.0,semantic,"[{""token"": ""<bos>"", ""index"": 0, ""distance"": 0, ""direction"": ""self""}]",n/a,Relationship,,1.0,False,,(city) related,"[{""tk"": ""city"", ""act"": 0.0}, {""tk"": ""in"", ""act"": 0.0}, {""tk"": ""Mexico"", ""act"": 0.0}, {""tk"": ""USA"", ""act"": 0.0}, {""tk"": ""is"", ""act"": 0.0}, {""tk"": ""Albuquerque"", ""act"": 0.0}, {""tk"": ""The"", ""act"": 0.0}, {""tk"": ""capital"", ""act"": 0.0}, {""tk"": ""of"", ""act"": 0.0}, {""tk"": ""state"", ""act"": 0.0}, {""tk"": ""attribute"", ""act"": 0.0}, {""tk"": ""serving"", ""act"": 0.0}, {""tk"": ""government"", ""act"": 0.0}, {""tk"": ""which"", ""act"": 0.0}, {""tk"": ""containing"", ""act"": 0.0}]"
1_68763,1,68763,entity: A state in the United States is New Mexico,<bos>,0,0.0,0.0,semantic,"[{""token"": ""<bos>"", ""index"": 0, ""distance"": 0, ""direction"": ""self""}]",n/a,Relationship,,1.0,False,,(city) related,"[{""tk"": ""city"", ""act"": 0.0}, {""tk"": ""in"", ""act"": 0.0}, {""tk"": ""Mexico"", ""act"": 0.0}, {""tk"": ""USA"", ""act"": 0.0}, {""tk"": ""is"", ""act"": 0.0}, {""tk"": ""Albuquerque"", ""act"": 0.0}, {""tk"": ""The"", ""act"": 0.0}, {""tk"": ""capital"", ""act"": 0.0}, {""tk"": ""of"", ""act"": 0.0}, {""tk"": ""state"", ""act"": 0.0}, {""tk"": ""attribute"", ""act"": 0.0}, {""tk"": ""serving"", ""act"": 0.0}, {""tk"": ""government"", ""act"": 0.0}, {""tk"": ""which"", ""act"": 0.0}, {""tk"": ""containing"", ""act"": 0.0}]"
1_73733,1,73733,entity: A state in the United States is New Mexico,<bos>,0,0.0,0.0,semantic,"[{""token"": ""<bos>"", ""index"": 0, ""distance"": 0, ""direction"": ""self""}]",n/a,Relationship,,1.0,False,,(city) related,"[{""tk"": ""city"", ""act"": 0.0}, {""tk"": ""in"", ""act"": 0.0}, {""tk"": ""Mexico"", ""act"": 0.0}, {""tk"": ""USA"", ""act"": 0.0}, {""tk"": ""is"", ""act"": 0.0}, {""tk"": ""Albuquerque"", ""act"": 0.0}, {""tk"": ""The"", ""act"": 0.0}, {""tk"": ""capital"", ""act"": 0.0}, {""tk"": ""of"", ""act"": 0.0}, {""tk"": ""state"", ""act"": 0.0}, {""tk"": ""attribute"", ""act"": 0.0}, {""tk"": ""serving"", ""act"": 0.0}, {""tk"": ""government"", ""act"": 0.0}, {""tk"": ""which"", ""act"": 0.0}, {""tk"": ""containing"", ""act"": 0.0}]"
1_85217,1,85217,entity: A state in the United States is New Mexico,<bos>,0,0.0,0.0,semantic,"[{""token"": ""<bos>"", ""index"": 0, ""distance"": 0, ""direction"": ""self""}]",n/a,Semantic,Dictionary,1.0,False,,capital,"[{""tk"": ""capital"", ""act"": 20.99380874633789}, {""tk"": ""city"", ""act"": 0.0}, {""tk"": ""in"", ""act"": 0.0}, {""tk"": ""Mexico"", ""act"": 0.0}, {""tk"": ""USA"", ""act"": 0.0}, {""tk"": ""is"", ""act"": 0.0}, {""tk"": ""Albuquerque"", ""act"": 0.0}, {""tk"": ""The"", ""act"": 0.0}, {""tk"": ""of"", ""act"": 0.0}, {""tk"": ""state"", ""act"": 0.0}, {""tk"": ""attribute"", ""act"": 0.0}, {""tk"": ""serving"", ""act"": 0.0}, {""tk"": ""government"", ""act"": 0.0}, {""tk"": ""which"", ""act"": 0.0}, {""tk"": ""containing"", ""act"": 0.0}]"
2_36902,2,36902,entity: A state in the United States is New Mexico,<bos>,0,11.28920555114746,0.9166666666666666,semantic,"[{""token"": ""<bos>"", ""index"": 0, ""distance"": 0, ""direction"": ""self""}]",n/a,Semantic,Dictionary (fallback),0.9,False,,capital,"[{""tk"": ""capital"", ""act"": 20.3389949798584}, {""tk"": ""city"", ""act"": 0.0}, {""tk"": ""in"", ""act"": 0.0}, {""tk"": ""Mexico"", ""act"": 0.0}, {""tk"": ""USA"", ""act"": 0.0}, {""tk"": ""is"", ""act"": 0.0}, {""tk"": ""Albuquerque"", ""act"": 0.0}, {""tk"": ""The"", ""act"": 0.0}, {""tk"": ""of"", ""act"": 0.0}, {""tk"": ""state"", ""act"": 0.0}, {""tk"": ""attribute"", ""act"": 0.0}, {""tk"": ""serving"", ""act"": 0.0}, {""tk"": ""government"", ""act"": 0.0}, {""tk"": ""which"", ""act"": 0.0}, {""tk"": ""containing"", ""act"": 0.0}]"
2_76232,2,76232,entity: A state in the United States is New Mexico, is,9,8.669734954833984,0.9166666666666666,functional,"[{""token"": "" Mexico"", ""index"": 11, ""distance"": 2, ""direction"": ""forward""}]",json,Semantic,Dictionary (fallback),0.9,False,,is,"[{""tk"": ""is"", ""act"": 11.182415008544922}, {""tk"": ""city"", ""act"": 0.0}, {""tk"": ""in"", ""act"": 0.0}, {""tk"": ""Mexico"", ""act"": 0.0}, {""tk"": ""USA"", ""act"": 0.0}, {""tk"": ""Albuquerque"", ""act"": 0.0}, {""tk"": ""The"", ""act"": 0.0}, {""tk"": ""capital"", ""act"": 0.0}, {""tk"": ""of"", ""act"": 0.0}, {""tk"": ""state"", ""act"": 0.0}, {""tk"": ""attribute"", ""act"": 0.0}, {""tk"": ""serving"", ""act"": 0.0}, {""tk"": ""government"", ""act"": 0.0}, {""tk"": ""which"", ""act"": 0.0}, {""tk"": ""containing"", ""act"": 0.0}]"
2_1890,2,1890,entity: A state in the United States is New Mexico,<bos>,0,0.0,0.0,semantic,"[{""token"": ""<bos>"", ""index"": 0, ""distance"": 0, ""direction"": ""self""}]",n/a,Semantic,Dictionary,1.0,False,,capital,"[{""tk"": ""capital"", ""act"": 25.489017486572266}, {""tk"": ""city"", ""act"": 0.0}, {""tk"": ""in"", ""act"": 0.0}, {""tk"": ""Mexico"", ""act"": 0.0}, {""tk"": ""USA"", ""act"": 0.0}, {""tk"": ""is"", ""act"": 0.0}, {""tk"": ""Albuquerque"", ""act"": 0.0}, {""tk"": ""The"", ""act"": 0.0}, {""tk"": ""of"", ""act"": 0.0}, {""tk"": ""state"", ""act"": 0.0}, {""tk"": ""attribute"", ""act"": 0.0}, {""tk"": ""serving"", ""act"": 0.0}, {""tk"": ""government"", ""act"": 0.0}, {""tk"": ""which"", ""act"": 0.0}, {""tk"": ""containing"", ""act"": 0.0}]"
2_4865,2,4865,entity: A state in the United States is New Mexico,<bos>,0,0.0,0.0,semantic,"[{""token"": ""<bos>"", ""index"": 0, ""distance"": 0, ""direction"": ""self""}]",n/a,Semantic,Dictionary,1.0,False,,capital,"[{""tk"": ""capital"", ""act"": 3.5495402812957764}, {""tk"": ""city"", ""act"": 0.0}, {""tk"": ""in"", ""act"": 0.0}, {""tk"": ""Mexico"", ""act"": 0.0}, {""tk"": ""USA"", ""act"": 0.0}, {""tk"": ""is"", ""act"": 0.0}, {""tk"": ""Albuquerque"", ""act"": 0.0}, {""tk"": ""The"", ""act"": 0.0}, {""tk"": ""of"", ""act"": 0.0}, {""tk"": ""state"", ""act"": 0.0}, {""tk"": ""attribute"", ""act"": 0.0}, {""tk"": ""serving"", ""act"": 0.0}, {""tk"": ""government"", ""act"": 0.0}, {""tk"": ""which"", ""act"": 0.0}, {""tk"": ""containing"", ""act"": 0.0}]"
2_82010,2,82010,entity: A state in the United States is New Mexico,<bos>,0,0.0,0.0,semantic,"[{""token"": ""<bos>"", ""index"": 0, ""distance"": 0, ""direction"": ""self""}]",n/a,Semantic,Dictionary (fallback),0.9,False,,is,"[{""tk"": ""is"", ""act"": 10.074061393737793}, {""tk"": ""city"", ""act"": 0.0}, {""tk"": ""in"", ""act"": 0.0}, {""tk"": ""Mexico"", ""act"": 0.0}, {""tk"": ""USA"", ""act"": 0.0}, {""tk"": ""Albuquerque"", ""act"": 0.0}, {""tk"": ""The"", ""act"": 0.0}, {""tk"": ""capital"", ""act"": 0.0}, {""tk"": ""of"", ""act"": 0.0}, {""tk"": ""state"", ""act"": 0.0}, {""tk"": ""attribute"", ""act"": 0.0}, {""tk"": ""serving"", ""act"": 0.0}, {""tk"": ""government"", ""act"": 0.0}, {""tk"": ""which"", ""act"": 0.0}, {""tk"": ""containing"", ""act"": 0.0}]"
3_52779,3,52779,entity: A state in the United States is New Mexico,<bos>,0,57.88114547729492,0.8445679672826543,semantic,"[{""token"": ""<bos>"", ""index"": 0, ""distance"": 0, ""direction"": ""self""}]",n/a,Semantic,Dictionary (fallback),0.9,False,,Semantic (unknown),"[{""tk"": ""in"", ""act"": 22.74864959716797}, {""tk"": ""containing"", ""act"": 17.660171508789062}, {""tk"": ""the"", ""act"": 13.811017036437988}, {""tk"": ""is"", ""act"": 13.126309394836426}, {""tk"": ""which"", ""act"": 9.762779235839844}, {""tk"": ""city"", ""act"": 0.0}, {""tk"": ""Mexico"", ""act"": 0.0}, {""tk"": ""USA"", ""act"": 0.0}, {""tk"": ""Albuquerque"", ""act"": 0.0}, {""tk"": ""capital"", ""act"": 0.0}, {""tk"": ""of"", ""act"": 0.0}, {""tk"": ""state"", ""act"": 0.0}, {""tk"": ""attribute"", ""act"": 0.0}, {""tk"": ""serving"", ""act"": 0.0}, {""tk"": ""government"", ""act"": 0.0}]"
3_66403,3,66403,entity: A state in the United States is New Mexico,<bos>,0,25.301193237304688,0.9166666666666666,semantic,"[{""token"": ""<bos>"", ""index"": 0, ""distance"": 0, ""direction"": ""self""}]",n/a,Semantic,Dictionary (fallback),0.9,False,,Semantic (unknown),"[{""tk"": ""city"", ""act"": 0.0}, {""tk"": ""in"", ""act"": 0.0}, {""tk"": ""Mexico"", ""act"": 0.0}, {""tk"": ""USA"", ""act"": 0.0}, {""tk"": ""is"", ""act"": 0.0}, {""tk"": ""Albuquerque"", ""act"": 0.0}, {""tk"": ""The"", ""act"": 0.0}, {""tk"": ""capital"", ""act"": 0.0}, {""tk"": ""of"", ""act"": 0.0}, {""tk"": ""state"", ""act"": 0.0}, {""tk"": ""attribute"", ""act"": 0.0}, {""tk"": ""serving"", ""act"": 0.0}, {""tk"": ""government"", ""act"": 0.0}, {""tk"": ""which"", ""act"": 0.0}, {""tk"": ""containing"", ""act"": 0.0}]"
3_91022,3,91022,entity: A state in the United States is New Mexico,<bos>,0,11.15066909790039,0.9166666666666666,semantic,"[{""token"": ""<bos>"", ""index"": 0, ""distance"": 0, ""direction"": ""self""}]",n/a,Semantic,Dictionary (fallback),0.9,False,,Semantic (unknown),"[{""tk"": ""containing"", ""act"": 6.780716419219971}, {""tk"": ""serving"", ""act"": 5.3664069175720215}, {""tk"": ""city"", ""act"": 0.0}, {""tk"": ""in"", ""act"": 0.0}, {""tk"": ""Mexico"", ""act"": 0.0}, {""tk"": ""USA"", ""act"": 0.0}, {""tk"": ""is"", ""act"": 0.0}, {""tk"": ""Albuquerque"", ""act"": 0.0}, {""tk"": ""The"", ""act"": 0.0}, {""tk"": ""capital"", ""act"": 0.0}, {""tk"": ""of"", ""act"": 0.0}, {""tk"": ""state"", ""act"": 0.0}, {""tk"": ""attribute"", ""act"": 0.0}, {""tk"": ""government"", ""act"": 0.0}, {""tk"": ""which"", ""act"": 0.0}]"
3_13967,3,13967,entity: A state in the United States is New Mexico,<bos>,0,0.0,0.0,semantic,"[{""token"": ""<bos>"", ""index"": 0, ""distance"": 0, ""direction"": ""self""}]",n/a,Semantic,Dictionary (fallback),0.9,False,,of,"[{""tk"": ""of"", ""act"": 11.243531227111816}, {""tk"": ""is"", ""act"": 7.48383903503418}, {""tk"": ""the"", ""act"": 0.35361218452453613}, {""tk"": ""city"", ""act"": 0.0}, {""tk"": ""in"", ""act"": 0.0}, {""tk"": ""Mexico"", ""act"": 0.0}, {""tk"": ""USA"", ""act"": 0.0}, {""tk"": ""Albuquerque"", ""act"": 0.0}, {""tk"": ""capital"", ""act"": 0.0}, {""tk"": ""state"", ""act"": 0.0}, {""tk"": ""attribute"", ""act"": 0.0}, {""tk"": ""serving"", ""act"": 0.0}, {""tk"": ""government"", ""act"": 0.0}, {""tk"": ""which"", ""act"": 0.0}, {""tk"": ""containing"", ""act"": 0.0}]"
3_28747,3,28747,entity: A state in the United States is New Mexico,<bos>,0,0.0,0.0,semantic,"[{""token"": ""<bos>"", ""index"": 0, ""distance"": 0, ""direction"": ""self""}]",n/a,Semantic,Dictionary (fallback),0.9,False,,of,"[{""tk"": ""of"", ""act"": 17.464412689208984}, {""tk"": ""is"", ""act"": 1.2342638969421387}, {""tk"": ""city"", ""act"": 0.0}, {""tk"": ""in"", ""act"": 0.0}, {""tk"": ""Mexico"", ""act"": 0.0}, {""tk"": ""USA"", ""act"": 0.0}, {""tk"": ""Albuquerque"", ""act"": 0.0}, {""tk"": ""The"", ""act"": 0.0}, {""tk"": ""capital"", ""act"": 0.0}, {""tk"": ""state"", ""act"": 0.0}, {""tk"": ""attribute"", ""act"": 0.0}, {""tk"": ""serving"", ""act"": 0.0}, {""tk"": ""government"", ""act"": 0.0}, {""tk"": ""which"", ""act"": 0.0}, {""tk"": ""containing"", ""act"": 0.0}]"
3_93843,3,93843,entity: A state in the United States is New Mexico,<bos>,0,0.0,0.0,semantic,"[{""token"": ""<bos>"", ""index"": 0, ""distance"": 0, ""direction"": ""self""}]",n/a,Semantic,Dictionary (fallback),0.9,False,,is,"[{""tk"": ""is"", ""act"": 4.228334426879883}, {""tk"": ""city"", ""act"": 0.0}, {""tk"": ""in"", ""act"": 0.0}, {""tk"": ""Mexico"", ""act"": 0.0}, {""tk"": ""USA"", ""act"": 0.0}, {""tk"": ""Albuquerque"", ""act"": 0.0}, {""tk"": ""The"", ""act"": 0.0}, {""tk"": ""capital"", ""act"": 0.0}, {""tk"": ""of"", ""act"": 0.0}, {""tk"": ""state"", ""act"": 0.0}, {""tk"": ""attribute"", ""act"": 0.0}, {""tk"": ""serving"", ""act"": 0.0}, {""tk"": ""government"", ""act"": 0.0}, {""tk"": ""which"", ""act"": 0.0}, {""tk"": ""containing"", ""act"": 0.0}]"
4_3920,4,3920,entity: A state in the United States is New Mexico,<bos>,0,159.3799591064453,0.902545343371908,semantic,"[{""token"": ""<bos>"", ""index"": 0, ""distance"": 0, ""direction"": ""self""}]",n/a,Semantic,Concept,0.7,False,,Semantic (unknown),"[{""tk"": ""attribute"", ""act"": 19.900348663330078}, {""tk"": ""city"", ""act"": 0.0}, {""tk"": ""in"", ""act"": 0.0}, {""tk"": ""Mexico"", ""act"": 0.0}, {""tk"": ""USA"", ""act"": 0.0}, {""tk"": ""is"", ""act"": 0.0}, {""tk"": ""Albuquerque"", ""act"": 0.0}, {""tk"": ""The"", ""act"": 0.0}, {""tk"": ""capital"", ""act"": 0.0}, {""tk"": ""of"", ""act"": 0.0}, {""tk"": ""state"", ""act"": 0.0}, {""tk"": ""serving"", ""act"": 0.0}, {""tk"": ""government"", ""act"": 0.0}, {""tk"": ""which"", ""act"": 0.0}, {""tk"": ""containing"", ""act"": 0.0}]"
4_83635,4,83635,entity: A state in the United States is New Mexico, States,8,18.658126831054688,0.6072392592817348,semantic,"[{""token"": "" States"", ""index"": 8, ""distance"": 0, ""direction"": ""self""}]",n/a,Semantic,Concept,0.7,False,,city,"[{""tk"": ""city"", ""act"": 29.045270919799805}, {""tk"": ""attribute"", ""act"": 28.14508056640625}, {""tk"": ""capital"", ""act"": 21.525239944458008}, {""tk"": ""state"", ""act"": 19.251550674438477}, {""tk"": ""Albuquerque"", ""act"": 14.588085174560547}, {""tk"": ""Mexico"", ""act"": 14.586587905883789}, {""tk"": ""government"", ""act"": 13.456141471862793}, {""tk"": ""USA"", ""act"": 13.066239356994629}, {""tk"": ""of"", ""act"": 8.01102066040039}, {""tk"": ""containing"", ""act"": 7.884756565093994}, {""tk"": ""in"", ""act"": 6.716607570648193}, {""tk"": ""is"", ""act"": 3.615675926208496}, {""tk"": ""which"", ""act"": 2.1635446548461914}, {""tk"": ""The"", ""act"": 0.0}, {""tk"": ""serving"", ""act"": 0.0}]"
4_3432,4,3432,entity: A state in the United States is New Mexico, is,9,3.6186537742614746,0.9166666666666669,functional,"[{""token"": "" Mexico"", ""index"": 11, ""distance"": 2, ""direction"": ""forward""}]",json,Semantic,Ambiguous,0.3,True,"Ambiguous: peak_cons=0.50, n_peaks=1, func_vs_sem=100.0%, layer=4",is,"[{""tk"": ""is"", ""act"": 16.34661102294922}, {""tk"": ""city"", ""act"": 0.0}, {""tk"": ""in"", ""act"": 0.0}, {""tk"": ""Mexico"", ""act"": 0.0}, {""tk"": ""USA"", ""act"": 0.0}, {""tk"": ""Albuquerque"", ""act"": 0.0}, {""tk"": ""The"", ""act"": 0.0}, {""tk"": ""capital"", ""act"": 0.0}, {""tk"": ""of"", ""act"": 0.0}, {""tk"": ""state"", ""act"": 0.0}, {""tk"": ""attribute"", ""act"": 0.0}, {""tk"": ""serving"", ""act"": 0.0}, {""tk"": ""government"", ""act"": 0.0}, {""tk"": ""which"", ""act"": 0.0}, {""tk"": ""containing"", ""act"": 0.0}]"
4_54423,4,54423,entity: A state in the United States is New Mexico,<bos>,0,0.0,0.0,semantic,"[{""token"": ""<bos>"", ""index"": 0, ""distance"": 0, ""direction"": ""self""}]",n/a,Semantic,Dictionary,1.0,False,,containing,"[{""tk"": ""containing"", ""act"": 8.495969772338867}, {""tk"": ""which"", ""act"": 1.9871268272399902}, {""tk"": ""in"", ""act"": 0.26462411880493164}, {""tk"": ""city"", ""act"": 0.0}, {""tk"": ""Mexico"", ""act"": 0.0}, {""tk"": ""USA"", ""act"": 0.0}, {""tk"": ""is"", ""act"": 0.0}, {""tk"": ""Albuquerque"", ""act"": 0.0}, {""tk"": ""The"", ""act"": 0.0}, {""tk"": ""capital"", ""act"": 0.0}, {""tk"": ""of"", ""act"": 0.0}, {""tk"": ""state"", ""act"": 0.0}, {""tk"": ""attribute"", ""act"": 0.0}, {""tk"": ""serving"", ""act"": 0.0}, {""tk"": ""government"", ""act"": 0.0}]"
4_55831,4,55831,entity: A state in the United States is New Mexico,<bos>,0,0.0,0.0,semantic,"[{""token"": ""<bos>"", ""index"": 0, ""distance"": 0, ""direction"": ""self""}]",n/a,Semantic,Dictionary,1.0,False,,capital,"[{""tk"": ""capital"", ""act"": 29.359546661376953}, {""tk"": ""city"", ""act"": 11.154122352600098}, {""tk"": ""is"", ""act"": 1.9998626708984375}, {""tk"": ""in"", ""act"": 0.0}, {""tk"": ""Mexico"", ""act"": 0.0}, {""tk"": ""USA"", ""act"": 0.0}, {""tk"": ""Albuquerque"", ""act"": 0.0}, {""tk"": ""The"", ""act"": 0.0}, {""tk"": ""of"", ""act"": 0.0}, {""tk"": ""state"", ""act"": 0.0}, {""tk"": ""attribute"", ""act"": 0.0}, {""tk"": ""serving"", ""act"": 0.0}, {""tk"": ""government"", ""act"": 0.0}, {""tk"": ""which"", ""act"": 0.0}, {""tk"": ""containing"", ""act"": 0.0}]"
4_58113,4,58113,entity: A state in the United States is New Mexico,<bos>,0,0.0,0.0,semantic,"[{""token"": ""<bos>"", ""index"": 0, ""distance"": 0, ""direction"": ""self""}]",n/a,Semantic,Concept,0.7077726636889586,False,,city,"[{""tk"": ""city"", ""act"": 8.659708023071289}, {""tk"": ""of"", ""act"": 6.1291046142578125}, {""tk"": ""is"", ""act"": 5.5258660316467285}, {""tk"": ""in"", ""act"": 3.8225936889648438}, {""tk"": ""containing"", ""act"": 0.11254596710205078}, {""tk"": ""Mexico"", ""act"": 0.0}, {""tk"": ""USA"", ""act"": 0.0}, {""tk"": ""Albuquerque"", ""act"": 0.0}, {""tk"": ""The"", ""act"": 0.0}, {""tk"": ""capital"", ""act"": 0.0}, {""tk"": ""state"", ""act"": 0.0}, {""tk"": ""attribute"", ""act"": 0.0}, {""tk"": ""serving"", ""act"": 0.0}, {""tk"": ""government"", ""act"": 0.0}, {""tk"": ""which"", ""act"": 0.0}]"
4_70409,4,70409,entity: A state in the United States is New Mexico,<bos>,0,0.0,0.0,semantic,"[{""token"": ""<bos>"", ""index"": 0, ""distance"": 0, ""direction"": ""self""}]",n/a,Semantic,Dictionary,1.0,False,,containing,"[{""tk"": ""containing"", ""act"": 9.570971488952637}, {""tk"": ""which"", ""act"": 1.9328405857086182}, {""tk"": ""city"", ""act"": 0.0}, {""tk"": ""in"", ""act"": 0.0}, {""tk"": ""Mexico"", ""act"": 0.0}, {""tk"": ""USA"", ""act"": 0.0}, {""tk"": ""is"", ""act"": 0.0}, {""tk"": ""Albuquerque"", ""act"": 0.0}, {""tk"": ""The"", ""act"": 0.0}, {""tk"": ""capital"", ""act"": 0.0}, {""tk"": ""of"", ""act"": 0.0}, {""tk"": ""state"", ""act"": 0.0}, {""tk"": ""attribute"", ""act"": 0.0}, {""tk"": ""serving"", ""act"": 0.0}, {""tk"": ""government"", ""act"": 0.0}]"
4_83005,4,83005,entity: A state in the United States is New Mexico,<bos>,0,0.0,0.0,semantic,"[{""token"": ""<bos>"", ""index"": 0, ""distance"": 0, ""direction"": ""self""}]",n/a,Semantic,Ambiguous,0.3,True,"Ambiguous: peak_cons=0.50, n_peaks=1, func_vs_sem=100.0%, layer=4",is,"[{""tk"": ""is"", ""act"": 13.738452911376953}, {""tk"": ""city"", ""act"": 0.0}, {""tk"": ""in"", ""act"": 0.0}, {""tk"": ""Mexico"", ""act"": 0.0}, {""tk"": ""USA"", ""act"": 0.0}, {""tk"": ""Albuquerque"", ""act"": 0.0}, {""tk"": ""The"", ""act"": 0.0}, {""tk"": ""capital"", ""act"": 0.0}, {""tk"": ""of"", ""act"": 0.0}, {""tk"": ""state"", ""act"": 0.0}, {""tk"": ""attribute"", ""act"": 0.0}, {""tk"": ""serving"", ""act"": 0.0}, {""tk"": ""government"", ""act"": 0.0}, {""tk"": ""which"", ""act"": 0.0}, {""tk"": ""containing"", ""act"": 0.0}]"
4_97813,4,97813,entity: A state in the United States is New Mexico,<bos>,0,0.0,0.0,semantic,"[{""token"": ""<bos>"", ""index"": 0, ""distance"": 0, ""direction"": ""self""}]",n/a,Semantic,Concept,0.7,False,,government,"[{""tk"": ""government"", ""act"": 17.90291976928711}, {""tk"": ""of"", ""act"": 14.3899507522583}, {""tk"": ""city"", ""act"": 13.028558731079102}, {""tk"": ""capital"", ""act"": 10.718213081359863}, {""tk"": ""is"", ""act"": 4.917844295501709}, {""tk"": ""the"", ""act"": 1.4474035501480103}, {""tk"": ""in"", ""act"": 0.0}, {""tk"": ""Mexico"", ""act"": 0.0}, {""tk"": ""USA"", ""act"": 0.0}, {""tk"": ""Albuquerque"", ""act"": 0.0}, {""tk"": ""state"", ""act"": 0.0}, {""tk"": ""attribute"", ""act"": 0.0}, {""tk"": ""serving"", ""act"": 0.0}, {""tk"": ""which"", ""act"": 0.0}, {""tk"": ""containing"", ""act"": 0.0}]"
5_1551,5,1551,entity: A state in the United States is New Mexico,<bos>,0,161.51025390625,0.897106054416473,semantic,"[{""token"": ""<bos>"", ""index"": 0, ""distance"": 0, ""direction"": ""self""}]",n/a,Semantic,Concept,0.7,False,,Semantic (unknown),"[{""tk"": ""attribute"", ""act"": 39.44136428833008}, {""tk"": ""city"", ""act"": 0.0}, {""tk"": ""in"", ""act"": 0.0}, {""tk"": ""Mexico"", ""act"": 0.0}, {""tk"": ""USA"", ""act"": 0.0}, {""tk"": ""is"", ""act"": 0.0}, {""tk"": ""Albuquerque"", ""act"": 0.0}, {""tk"": ""The"", ""act"": 0.0}, {""tk"": ""capital"", ""act"": 0.0}, {""tk"": ""of"", ""act"": 0.0}, {""tk"": ""state"", ""act"": 0.0}, {""tk"": ""serving"", ""act"": 0.0}, {""tk"": ""government"", ""act"": 0.0}, {""tk"": ""which"", ""act"": 0.0}, {""tk"": ""containing"", ""act"": 0.0}]"
5_95640,5,95640,entity: A state in the United States is New Mexico,<bos>,0,139.22251892089844,0.9019979809578024,semantic,"[{""token"": ""<bos>"", ""index"": 0, ""distance"": 0, ""direction"": ""self""}]",n/a,Semantic,Concept,0.7,False,,Semantic (unknown),"[{""tk"": ""attribute"", ""act"": 23.3470401763916}, {""tk"": ""city"", ""act"": 0.0}, {""tk"": ""in"", ""act"": 0.0}, {""tk"": ""Mexico"", ""act"": 0.0}, {""tk"": ""USA"", ""act"": 0.0}, {""tk"": ""is"", ""act"": 0.0}, {""tk"": ""Albuquerque"", ""act"": 0.0}, {""tk"": ""The"", ""act"": 0.0}, {""tk"": ""capital"", ""act"": 0.0}, {""tk"": ""of"", ""act"": 0.0}, {""tk"": ""state"", ""act"": 0.0}, {""tk"": ""serving"", ""act"": 0.0}, {""tk"": ""government"", ""act"": 0.0}, {""tk"": ""which"", ""act"": 0.0}, {""tk"": ""containing"", ""act"": 0.0}]"
5_15213,5,15213,entity: A state in the United States is New Mexico,<bos>,0,116.81965637207033,0.9166666666666669,semantic,"[{""token"": ""<bos>"", ""index"": 0, ""distance"": 0, ""direction"": ""self""}]",n/a,Semantic,Concept,0.7,False,,Semantic (unknown),"[{""tk"": ""city"", ""act"": 0.0}, {""tk"": ""in"", ""act"": 0.0}, {""tk"": ""Mexico"", ""act"": 0.0}, {""tk"": ""USA"", ""act"": 0.0}, {""tk"": ""is"", ""act"": 0.0}, {""tk"": ""Albuquerque"", ""act"": 0.0}, {""tk"": ""The"", ""act"": 0.0}, {""tk"": ""capital"", ""act"": 0.0}, {""tk"": ""of"", ""act"": 0.0}, {""tk"": ""state"", ""act"": 0.0}, {""tk"": ""attribute"", ""act"": 0.0}, {""tk"": ""serving"", ""act"": 0.0}, {""tk"": ""government"", ""act"": 0.0}, {""tk"": ""which"", ""act"": 0.0}, {""tk"": ""containing"", ""act"": 0.0}]"
5_4901,5,4901,entity: A state in the United States is New Mexico,<bos>,0,0.0,0.0,semantic,"[{""token"": ""<bos>"", ""index"": 0, ""distance"": 0, ""direction"": ""self""}]",n/a,Semantic,Ambiguous,0.3,True,"Ambiguous: peak_cons=0.17, n_peaks=1, func_vs_sem=100.0%, layer=5",is,"[{""tk"": ""is"", ""act"": 6.10368013381958}, {""tk"": ""city"", ""act"": 0.0}, {""tk"": ""in"", ""act"": 0.0}, {""tk"": ""Mexico"", ""act"": 0.0}, {""tk"": ""USA"", ""act"": 0.0}, {""tk"": ""Albuquerque"", ""act"": 0.0}, {""tk"": ""The"", ""act"": 0.0}, {""tk"": ""capital"", ""act"": 0.0}, {""tk"": ""of"", ""act"": 0.0}, {""tk"": ""state"", ""act"": 0.0}, {""tk"": ""attribute"", ""act"": 0.0}, {""tk"": ""serving"", ""act"": 0.0}, {""tk"": ""government"", ""act"": 0.0}, {""tk"": ""which"", ""act"": 0.0}, {""tk"": ""containing"", ""act"": 0.0}]"
5_32184,5,32184,entity: A state in the United States is New Mexico,<bos>,0,0.0,0.0,semantic,"[{""token"": ""<bos>"", ""index"": 0, ""distance"": 0, ""direction"": ""self""}]",n/a,Semantic,Ambiguous,0.3,True,"Ambiguous: peak_cons=0.33, n_peaks=3, func_vs_sem=51.1%, layer=5",capital,"[{""tk"": ""of"", ""act"": 32.639617919921875}, {""tk"": ""capital"", ""act"": 15.967439651489258}, {""tk"": ""city"", ""act"": 14.918037414550781}, {""tk"": ""in"", ""act"": 2.1469907760620117}, {""tk"": ""is"", ""act"": 1.9061193466186523}, {""tk"": ""Mexico"", ""act"": 0.0}, {""tk"": ""USA"", ""act"": 0.0}, {""tk"": ""Albuquerque"", ""act"": 0.0}, {""tk"": ""The"", ""act"": 0.0}, {""tk"": ""state"", ""act"": 0.0}, {""tk"": ""attribute"", ""act"": 0.0}, {""tk"": ""serving"", ""act"": 0.0}, {""tk"": ""government"", ""act"": 0.0}, {""tk"": ""which"", ""act"": 0.0}, {""tk"": ""containing"", ""act"": 0.0}]"
5_51213,5,51213,entity: A state in the United States is New Mexico,<bos>,0,0.0,0.0,semantic,"[{""token"": ""<bos>"", ""index"": 0, ""distance"": 0, ""direction"": ""self""}]",n/a,Semantic,Concept,0.5,False,,capital,"[{""tk"": ""of"", ""act"": 18.14890480041504}, {""tk"": ""city"", ""act"": 8.983392715454102}, {""tk"": ""is"", ""act"": 5.590522766113281}, {""tk"": ""capital"", ""act"": 5.454928398132324}, {""tk"": ""government"", ""act"": 1.9978015422821045}, {""tk"": ""in"", ""act"": 0.0}, {""tk"": ""Mexico"", ""act"": 0.0}, {""tk"": ""USA"", ""act"": 0.0}, {""tk"": ""Albuquerque"", ""act"": 0.0}, {""tk"": ""The"", ""act"": 0.0}, {""tk"": ""state"", ""act"": 0.0}, {""tk"": ""attribute"", ""act"": 0.0}, {""tk"": ""serving"", ""act"": 0.0}, {""tk"": ""which"", ""act"": 0.0}, {""tk"": ""containing"", ""act"": 0.0}]"
5_67142,5,67142,entity: A state in the United States is New Mexico,<bos>,0,0.0,0.0,semantic,"[{""token"": ""<bos>"", ""index"": 0, ""distance"": 0, ""direction"": ""self""}]",n/a,Semantic,Concept,0.5,False,,city,"[{""tk"": ""is"", ""act"": 0.8227484226226807}, {""tk"": ""city"", ""act"": 0.2532155513763428}, {""tk"": ""in"", ""act"": 0.0}, {""tk"": ""Mexico"", ""act"": 0.0}, {""tk"": ""USA"", ""act"": 0.0}, {""tk"": ""Albuquerque"", ""act"": 0.0}, {""tk"": ""The"", ""act"": 0.0}, {""tk"": ""capital"", ""act"": 0.0}, {""tk"": ""of"", ""act"": 0.0}, {""tk"": ""state"", ""act"": 0.0}, {""tk"": ""attribute"", ""act"": 0.0}, {""tk"": ""serving"", ""act"": 0.0}, {""tk"": ""government"", ""act"": 0.0}, {""tk"": ""which"", ""act"": 0.0}, {""tk"": ""containing"", ""act"": 0.0}]"
6_22143,6,22143,entity: A state in the United States is New Mexico,entity,1,23.500473022460938,0.5287636630033865,semantic,"[{""token"": ""entity"", ""index"": 1, ""distance"": 0, ""direction"": ""self""}]",n/a,Semantic,Concept,0.7,False,,USA,"[{""tk"": ""USA"", ""act"": 28.799158096313477}, {""tk"": ""capital"", ""act"": 27.022661209106445}, {""tk"": ""attribute"", ""act"": 25.566389083862305}, {""tk"": ""Mexico"", ""act"": 18.2874698638916}, {""tk"": ""city"", ""act"": 17.3726863861084}, {""tk"": ""is"", ""act"": 16.952861785888672}, {""tk"": ""state"", ""act"": 13.70422649383545}, {""tk"": ""the"", ""act"": 13.393610000610352}, {""tk"": ""Albuquerque"", ""act"": 9.795988082885742}, {""tk"": ""in"", ""act"": 9.335844039916992}, {""tk"": ""which"", ""act"": 0.24917440116405487}, {""tk"": ""of"", ""act"": 0.0}, {""tk"": ""serving"", ""act"": 0.0}, {""tk"": ""government"", ""act"": 0.0}, {""tk"": ""containing"", ""act"": 0.0}]"
6_41771,6,41771,entity: A state in the United States is New Mexico,<bos>,0,0.0,0.0,semantic,"[{""token"": ""<bos>"", ""index"": 0, ""distance"": 0, ""direction"": ""self""}]",n/a,Semantic,Ambiguous,0.3,True,"Ambiguous: peak_cons=0.33, n_peaks=2, func_vs_sem=100.0%, layer=6",in,"[{""tk"": ""in"", ""act"": 16.54599952697754}, {""tk"": ""of"", ""act"": 12.72544002532959}, {""tk"": ""USA"", ""act"": 2.112595319747925}, {""tk"": ""is"", ""act"": 1.5387499332427979}, {""tk"": ""city"", ""act"": 0.0}, {""tk"": ""Mexico"", ""act"": 0.0}, {""tk"": ""Albuquerque"", ""act"": 0.0}, {""tk"": ""The"", ""act"": 0.0}, {""tk"": ""capital"", ""act"": 0.0}, {""tk"": ""state"", ""act"": 0.0}, {""tk"": ""attribute"", ""act"": 0.0}, {""tk"": ""serving"", ""act"": 0.0}, {""tk"": ""government"", ""act"": 0.0}, {""tk"": ""which"", ""act"": 0.0}, {""tk"": ""containing"", ""act"": 0.0}]"
6_72419,6,72419,entity: A state in the United States is New Mexico,<bos>,0,0.0,0.0,semantic,"[{""token"": ""<bos>"", ""index"": 0, ""distance"": 0, ""direction"": ""self""}]",n/a,Semantic,Concept,0.7,False,,serving,"[{""tk"": ""serving"", ""act"": 4.5303850173950195}, {""tk"": ""which"", ""act"": 2.1901695728302}, {""tk"": ""the"", ""act"": 1.4751348495483398}, {""tk"": ""of"", ""act"": 0.9430685043334961}, {""tk"": ""is"", ""act"": 0.31030964851379395}, {""tk"": ""city"", ""act"": 0.0}, {""tk"": ""in"", ""act"": 0.0}, {""tk"": ""Mexico"", ""act"": 0.0}, {""tk"": ""USA"", ""act"": 0.0}, {""tk"": ""Albuquerque"", ""act"": 0.0}, {""tk"": ""capital"", ""act"": 0.0}, {""tk"": ""state"", ""act"": 0.0}, {""tk"": ""attribute"", ""act"": 0.0}, {""tk"": ""government"", ""act"": 0.0}, {""tk"": ""containing"", ""act"": 0.0}]"
6_78249,6,78249,entity: A state in the United States is New Mexico,<bos>,0,0.0,0.0,semantic,"[{""token"": ""<bos>"", ""index"": 0, ""distance"": 0, ""direction"": ""self""}]",n/a,Semantic,Concept,0.9815195034373149,False,,Albuquerque,"[{""tk"": ""Albuquerque"", ""act"": 10.252307891845703}, {""tk"": ""city"", ""act"": 0.0}, {""tk"": ""in"", ""act"": 0.0}, {""tk"": ""Mexico"", ""act"": 0.0}, {""tk"": ""USA"", ""act"": 0.0}, {""tk"": ""is"", ""act"": 0.0}, {""tk"": ""The"", ""act"": 0.0}, {""tk"": ""capital"", ""act"": 0.0}, {""tk"": ""of"", ""act"": 0.0}, {""tk"": ""state"", ""act"": 0.0}, {""tk"": ""attribute"", ""act"": 0.0}, {""tk"": ""serving"", ""act"": 0.0}, {""tk"": ""government"", ""act"": 0.0}, {""tk"": ""which"", ""act"": 0.0}, {""tk"": ""containing"", ""act"": 0.0}]"
7_31656,7,31656,entity: A state in the United States is New Mexico,<bos>,0,187.40298461914065,0.8931577139006874,semantic,"[{""token"": ""<bos>"", ""index"": 0, ""distance"": 0, ""direction"": ""self""}]",n/a,Semantic,Concept,0.7,False,,Semantic (unknown),"[{""tk"": ""attribute"", ""act"": 57.960975646972656}, {""tk"": ""city"", ""act"": 0.0}, {""tk"": ""in"", ""act"": 0.0}, {""tk"": ""Mexico"", ""act"": 0.0}, {""tk"": ""USA"", ""act"": 0.0}, {""tk"": ""is"", ""act"": 0.0}, {""tk"": ""Albuquerque"", ""act"": 0.0}, {""tk"": ""The"", ""act"": 0.0}, {""tk"": ""capital"", ""act"": 0.0}, {""tk"": ""of"", ""act"": 0.0}, {""tk"": ""state"", ""act"": 0.0}, {""tk"": ""serving"", ""act"": 0.0}, {""tk"": ""government"", ""act"": 0.0}, {""tk"": ""which"", ""act"": 0.0}, {""tk"": ""containing"", ""act"": 0.0}]"
7_66851,7,66851,entity: A state in the United States is New Mexico, state,4,40.79597854614258,0.3180392959095214,semantic,"[{""token"": "" state"", ""index"": 4, ""distance"": 0, ""direction"": ""self""}]",n/a,Semantic,Concept,0.8298288241105001,False,,capital,"[{""tk"": ""capital"", ""act"": 51.12392044067383}, {""tk"": ""The"", ""act"": 49.53570556640625}, {""tk"": ""city"", ""act"": 47.1239128112793}, {""tk"": ""attribute"", ""act"": 44.321834564208984}, {""tk"": ""state"", ""act"": 40.79597854614258}, {""tk"": ""Albuquerque"", ""act"": 40.242469787597656}, {""tk"": ""in"", ""act"": 33.60566329956055}, {""tk"": ""is"", ""act"": 30.515039443969727}, {""tk"": ""Mexico"", ""act"": 27.994733810424805}, {""tk"": ""USA"", ""act"": 27.49402618408203}, {""tk"": ""of"", ""act"": 15.559822082519531}, {""tk"": ""government"", ""act"": 14.86802864074707}, {""tk"": ""serving"", ""act"": 14.414605140686035}, {""tk"": ""which"", ""act"": 12.457620620727539}, {""tk"": ""containing"", ""act"": 9.191671371459961}]"
7_87536,7,87536,entity: A state in the United States is New Mexico,<bos>,0,32.65092468261719,0.9166666666666669,semantic,"[{""token"": ""<bos>"", ""index"": 0, ""distance"": 0, ""direction"": ""self""}]",n/a,Semantic,Concept,0.7,False,,Semantic (unknown),"[{""tk"": ""is"", ""act"": 6.106446743011475}, {""tk"": ""the"", ""act"": 5.453356742858887}, {""tk"": ""city"", ""act"": 0.0}, {""tk"": ""in"", ""act"": 0.0}, {""tk"": ""Mexico"", ""act"": 0.0}, {""tk"": ""USA"", ""act"": 0.0}, {""tk"": ""Albuquerque"", ""act"": 0.0}, {""tk"": ""capital"", ""act"": 0.0}, {""tk"": ""of"", ""act"": 0.0}, {""tk"": ""state"", ""act"": 0.0}, {""tk"": ""attribute"", ""act"": 0.0}, {""tk"": ""serving"", ""act"": 0.0}, {""tk"": ""government"", ""act"": 0.0}, {""tk"": ""which"", ""act"": 0.0}, {""tk"": ""containing"", ""act"": 0.0}]"
7_43751,7,43751,entity: A state in the United States is New Mexico, Mexico,11,5.654078483581543,0.9166666666666666,semantic,"[{""token"": "" Mexico"", ""index"": 11, ""distance"": 0, ""direction"": ""self""}]",n/a,Semantic,Dictionary,1.0,False,,Mexico,"[{""tk"": ""Mexico"", ""act"": 7.63051700592041}, {""tk"": ""Albuquerque"", ""act"": 2.7359402179718018}, {""tk"": ""city"", ""act"": 0.0}, {""tk"": ""in"", ""act"": 0.0}, {""tk"": ""USA"", ""act"": 0.0}, {""tk"": ""is"", ""act"": 0.0}, {""tk"": ""The"", ""act"": 0.0}, {""tk"": ""capital"", ""act"": 0.0}, {""tk"": ""of"", ""act"": 0.0}, {""tk"": ""state"", ""act"": 0.0}, {""tk"": ""attribute"", ""act"": 0.0}, {""tk"": ""serving"", ""act"": 0.0}, {""tk"": ""government"", ""act"": 0.0}, {""tk"": ""which"", ""act"": 0.0}, {""tk"": ""containing"", ""act"": 0.0}]"
7_16792,7,16792,entity: A state in the United States is New Mexico,<bos>,0,0.0,0.0,semantic,"[{""token"": ""<bos>"", ""index"": 0, ""distance"": 0, ""direction"": ""self""}]",n/a,"Say ""X""",,1.0,False,,Say (Mexico),"[{""tk"": ""is"", ""act"": 0.586534857749939}, {""tk"": ""city"", ""act"": 0.0}, {""tk"": ""in"", ""act"": 0.0}, {""tk"": ""Mexico"", ""act"": 0.0}, {""tk"": ""USA"", ""act"": 0.0}, {""tk"": ""Albuquerque"", ""act"": 0.0}, {""tk"": ""The"", ""act"": 0.0}, {""tk"": ""capital"", ""act"": 0.0}, {""tk"": ""of"", ""act"": 0.0}, {""tk"": ""state"", ""act"": 0.0}, {""tk"": ""attribute"", ""act"": 0.0}, {""tk"": ""serving"", ""act"": 0.0}, {""tk"": ""government"", ""act"": 0.0}, {""tk"": ""which"", ""act"": 0.0}, {""tk"": ""containing"", ""act"": 0.0}]"
7_93926,7,93926,entity: A state in the United States is New Mexico,<bos>,0,0.0,0.0,semantic,"[{""token"": ""<bos>"", ""index"": 0, ""distance"": 0, ""direction"": ""self""}]",n/a,Relationship,,1.0,False,,(city) related,"[{""tk"": ""city"", ""act"": 0.0}, {""tk"": ""in"", ""act"": 0.0}, {""tk"": ""Mexico"", ""act"": 0.0}, {""tk"": ""USA"", ""act"": 0.0}, {""tk"": ""is"", ""act"": 0.0}, {""tk"": ""Albuquerque"", ""act"": 0.0}, {""tk"": ""The"", ""act"": 0.0}, {""tk"": ""capital"", ""act"": 0.0}, {""tk"": ""of"", ""act"": 0.0}, {""tk"": ""state"", ""act"": 0.0}, {""tk"": ""attribute"", ""act"": 0.0}, {""tk"": ""serving"", ""act"": 0.0}, {""tk"": ""government"", ""act"": 0.0}, {""tk"": ""which"", ""act"": 0.0}, {""tk"": ""containing"", ""act"": 0.0}]"
8_37691,8,37691,entity: A state in the United States is New Mexico, Mexico,11,46.41767883300781,0.4116826627748562,semantic,"[{""token"": "" Mexico"", ""index"": 11, ""distance"": 0, ""direction"": ""self""}]",n/a,Semantic,Concept,0.7,False,,Mexico,"[{""tk"": ""Mexico"", ""act"": 59.39165496826172}, {""tk"": ""Albuquerque"", ""act"": 52.76219177246094}, {""tk"": ""city"", ""act"": 42.40685272216797}, {""tk"": ""state"", ""act"": 38.081817626953125}, {""tk"": ""is"", ""act"": 34.14787673950195}, {""tk"": ""in"", ""act"": 33.59162902832031}, {""tk"": ""capital"", ""act"": 32.52396774291992}, {""tk"": ""the"", ""act"": 31.789443969726562}, {""tk"": ""which"", ""act"": 26.694414138793945}, {""tk"": ""USA"", ""act"": 21.916791915893555}, {""tk"": ""containing"", ""act"": 20.22340965270996}, {""tk"": ""serving"", ""act"": 16.70884132385254}, {""tk"": ""attribute"", ""act"": 13.858716011047363}, {""tk"": ""of"", ""act"": 9.817935943603516}, {""tk"": ""government"", ""act"": 3.096951723098755}]"
8_36536,8,36536,entity: A state in the United States is New Mexico, Mexico,11,5.594794273376465,0.9166666666666669,semantic,"[{""token"": "" Mexico"", ""index"": 11, ""distance"": 0, ""direction"": ""self""}]",n/a,Semantic,Concept,0.7840964102119956,False,,Mexico,"[{""tk"": ""Mexico"", ""act"": 5.594794273376465}, {""tk"": ""city"", ""act"": 0.0}, {""tk"": ""in"", ""act"": 0.0}, {""tk"": ""USA"", ""act"": 0.0}, {""tk"": ""is"", ""act"": 0.0}, {""tk"": ""Albuquerque"", ""act"": 0.0}, {""tk"": ""The"", ""act"": 0.0}, {""tk"": ""capital"", ""act"": 0.0}, {""tk"": ""of"", ""act"": 0.0}, {""tk"": ""state"", ""act"": 0.0}, {""tk"": ""attribute"", ""act"": 0.0}, {""tk"": ""serving"", ""act"": 0.0}, {""tk"": ""government"", ""act"": 0.0}, {""tk"": ""which"", ""act"": 0.0}, {""tk"": ""containing"", ""act"": 0.0}]"
8_91259,8,91259,entity: A state in the United States is New Mexico,<bos>,0,0.0,0.0,semantic,"[{""token"": ""<bos>"", ""index"": 0, ""distance"": 0, ""direction"": ""self""}]",n/a,"Say ""X""",,1.0,False,,Say (Santa),"[{""tk"": ""is"", ""act"": 4.590198040008545}, {""tk"": ""city"", ""act"": 1.4647231101989746}, {""tk"": ""in"", ""act"": 0.0}, {""tk"": ""Mexico"", ""act"": 0.0}, {""tk"": ""USA"", ""act"": 0.0}, {""tk"": ""Albuquerque"", ""act"": 0.0}, {""tk"": ""The"", ""act"": 0.0}, {""tk"": ""capital"", ""act"": 0.0}, {""tk"": ""of"", ""act"": 0.0}, {""tk"": ""state"", ""act"": 0.0}, {""tk"": ""attribute"", ""act"": 0.0}, {""tk"": ""serving"", ""act"": 0.0}, {""tk"": ""government"", ""act"": 0.0}, {""tk"": ""which"", ""act"": 0.0}, {""tk"": ""containing"", ""act"": 0.0}]"
9_80247,9,80247,entity: A state in the United States is New Mexico,<bos>,0,3.692604541778565,0.9166666666666666,semantic,"[{""token"": ""<bos>"", ""index"": 0, ""distance"": 0, ""direction"": ""self""}]",n/a,Semantic,Concept,0.777133374016673,False,,Semantic (unknown),"[{""tk"": ""of"", ""act"": 4.751571178436279}, {""tk"": ""city"", ""act"": 3.7413077354431152}, {""tk"": ""capital"", ""act"": 2.922091007232666}, {""tk"": ""is"", ""act"": 2.8428173065185547}, {""tk"": ""in"", ""act"": 0.0}, {""tk"": ""Mexico"", ""act"": 0.0}, {""tk"": ""USA"", ""act"": 0.0}, {""tk"": ""Albuquerque"", ""act"": 0.0}, {""tk"": ""The"", ""act"": 0.0}, {""tk"": ""state"", ""act"": 0.0}, {""tk"": ""attribute"", ""act"": 0.0}, {""tk"": ""serving"", ""act"": 0.0}, {""tk"": ""government"", ""act"": 0.0}, {""tk"": ""which"", ""act"": 0.0}, {""tk"": ""containing"", ""act"": 0.0}]"
9_4679,9,4679,entity: A state in the United States is New Mexico,<bos>,0,1.3033068180084229,0.9166666666666666,semantic,"[{""token"": ""<bos>"", ""index"": 0, ""distance"": 0, ""direction"": ""self""}]",n/a,Semantic,Concept,0.6,False,,Semantic (unknown),"[{""tk"": ""is"", ""act"": 3.3353874683380127}, {""tk"": ""the"", ""act"": 0.06924128532409668}, {""tk"": ""city"", ""act"": 0.0}, {""tk"": ""in"", ""act"": 0.0}, {""tk"": ""Mexico"", ""act"": 0.0}, {""tk"": ""USA"", ""act"": 0.0}, {""tk"": ""Albuquerque"", ""act"": 0.0}, {""tk"": ""capital"", ""act"": 0.0}, {""tk"": ""of"", ""act"": 0.0}, {""tk"": ""state"", ""act"": 0.0}, {""tk"": ""attribute"", ""act"": 0.0}, {""tk"": ""serving"", ""act"": 0.0}, {""tk"": ""government"", ""act"": 0.0}, {""tk"": ""which"", ""act"": 0.0}, {""tk"": ""containing"", ""act"": 0.0}]"
9_45728,9,45728,entity: A state in the United States is New Mexico,<bos>,0,0.0,0.0,semantic,"[{""token"": ""<bos>"", ""index"": 0, ""distance"": 0, ""direction"": ""self""}]",n/a,"Say ""X""",,1.0,False,,Say (Santa),"[{""tk"": ""is"", ""act"": 3.102635383605957}, {""tk"": ""city"", ""act"": 2.281641960144043}, {""tk"": ""in"", ""act"": 0.0}, {""tk"": ""Mexico"", ""act"": 0.0}, {""tk"": ""USA"", ""act"": 0.0}, {""tk"": ""Albuquerque"", ""act"": 0.0}, {""tk"": ""The"", ""act"": 0.0}, {""tk"": ""capital"", ""act"": 0.0}, {""tk"": ""of"", ""act"": 0.0}, {""tk"": ""state"", ""act"": 0.0}, {""tk"": ""attribute"", ""act"": 0.0}, {""tk"": ""serving"", ""act"": 0.0}, {""tk"": ""government"", ""act"": 0.0}, {""tk"": ""which"", ""act"": 0.0}, {""tk"": ""containing"", ""act"": 0.0}]"
9_73919,9,73919,entity: A state in the United States is New Mexico,<bos>,0,0.0,0.0,semantic,"[{""token"": ""<bos>"", ""index"": 0, ""distance"": 0, ""direction"": ""self""}]",n/a,Semantic,Concept,0.8105652809566078,False,,capital,"[{""tk"": ""is"", ""act"": 10.806119918823242}, {""tk"": ""capital"", ""act"": 8.759065628051758}, {""tk"": ""city"", ""act"": 5.948211193084717}, {""tk"": ""government"", ""act"": 4.144934177398682}, {""tk"": ""the"", ""act"": 2.876901149749756}, {""tk"": ""of"", ""act"": 1.1971888542175293}, {""tk"": ""in"", ""act"": 0.0}, {""tk"": ""Mexico"", ""act"": 0.0}, {""tk"": ""USA"", ""act"": 0.0}, {""tk"": ""Albuquerque"", ""act"": 0.0}, {""tk"": ""state"", ""act"": 0.0}, {""tk"": ""attribute"", ""act"": 0.0}, {""tk"": ""serving"", ""act"": 0.0}, {""tk"": ""which"", ""act"": 0.0}, {""tk"": ""containing"", ""act"": 0.0}]"
11_50131,11,50131,entity: A state in the United States is New Mexico, Mexico,11,41.048736572265625,0.6146386620857914,semantic,"[{""token"": "" Mexico"", ""index"": 11, ""distance"": 0, ""direction"": ""self""}]",n/a,Semantic,Concept,0.7,False,,Mexico,"[{""tk"": ""Mexico"", ""act"": 42.615692138671875}, {""tk"": ""Albuquerque"", ""act"": 39.58534622192383}, {""tk"": ""city"", ""act"": 32.62867736816406}, {""tk"": ""capital"", ""act"": 32.42369842529297}, {""tk"": ""state"", ""act"": 31.960853576660156}, {""tk"": ""USA"", ""act"": 29.681310653686523}, {""tk"": ""is"", ""act"": 24.310089111328125}, {""tk"": ""government"", ""act"": 16.808237075805664}, {""tk"": ""serving"", ""act"": 16.625158309936523}, {""tk"": ""the"", ""act"": 14.164325714111328}, {""tk"": ""of"", ""act"": 13.586553573608398}, {""tk"": ""containing"", ""act"": 11.94537353515625}, {""tk"": ""in"", ""act"": 10.796977996826172}, {""tk"": ""attribute"", ""act"": 0.0}, {""tk"": ""which"", ""act"": 0.0}]"
12_1425,12,1425,entity: A state in the United States is New Mexico, Mexico,11,28.428173065185547,0.7957380702851646,semantic,"[{""token"": "" Mexico"", ""index"": 11, ""distance"": 0, ""direction"": ""self""}]",n/a,Semantic,Concept,0.7,False,,Mexico,"[{""tk"": ""Mexico"", ""act"": 28.428173065185547}, {""tk"": ""is"", ""act"": 15.404938697814941}, {""tk"": ""USA"", ""act"": 11.879027366638184}, {""tk"": ""city"", ""act"": 10.927748680114746}, {""tk"": ""The"", ""act"": 10.412038803100586}, {""tk"": ""Albuquerque"", ""act"": 9.932357788085938}, {""tk"": ""in"", ""act"": 8.942582130432129}, {""tk"": ""state"", ""act"": 7.644002437591553}, {""tk"": ""which"", ""act"": 6.366332054138184}, {""tk"": ""serving"", ""act"": 6.0768046379089355}, {""tk"": ""government"", ""act"": 3.722025156021118}, {""tk"": ""of"", ""act"": 1.7573516368865967}, {""tk"": ""capital"", ""act"": 0.0}, {""tk"": ""attribute"", ""act"": 0.0}, {""tk"": ""containing"", ""act"": 0.0}]"
12_10809,12,10809,entity: A state in the United States is New Mexico,<bos>,0,0.0,0.0,semantic,"[{""token"": ""<bos>"", ""index"": 0, ""distance"": 0, ""direction"": ""self""}]",n/a,Relationship,,1.0,False,,(city) related,"[{""tk"": ""city"", ""act"": 0.0}, {""tk"": ""in"", ""act"": 0.0}, {""tk"": ""Mexico"", ""act"": 0.0}, {""tk"": ""USA"", ""act"": 0.0}, {""tk"": ""is"", ""act"": 0.0}, {""tk"": ""Albuquerque"", ""act"": 0.0}, {""tk"": ""The"", ""act"": 0.0}, {""tk"": ""capital"", ""act"": 0.0}, {""tk"": ""of"", ""act"": 0.0}, {""tk"": ""state"", ""act"": 0.0}, {""tk"": ""attribute"", ""act"": 0.0}, {""tk"": ""serving"", ""act"": 0.0}, {""tk"": ""government"", ""act"": 0.0}, {""tk"": ""which"", ""act"": 0.0}, {""tk"": ""containing"", ""act"": 0.0}]"
13_41102,13,41102,entity: A state in the United States is New Mexico,<bos>,0,0.0,0.0,semantic,"[{""token"": ""<bos>"", ""index"": 0, ""distance"": 0, ""direction"": ""self""}]",n/a,Relationship,,1.0,False,,(city) related,"[{""tk"": ""city"", ""act"": 0.0}, {""tk"": ""in"", ""act"": 0.0}, {""tk"": ""Mexico"", ""act"": 0.0}, {""tk"": ""USA"", ""act"": 0.0}, {""tk"": ""is"", ""act"": 0.0}, {""tk"": ""Albuquerque"", ""act"": 0.0}, {""tk"": ""The"", ""act"": 0.0}, {""tk"": ""capital"", ""act"": 0.0}, {""tk"": ""of"", ""act"": 0.0}, {""tk"": ""state"", ""act"": 0.0}, {""tk"": ""attribute"", ""act"": 0.0}, {""tk"": ""serving"", ""act"": 0.0}, {""tk"": ""government"", ""act"": 0.0}, {""tk"": ""which"", ""act"": 0.0}, {""tk"": ""containing"", ""act"": 0.0}]"
15_44048,15,44048,entity: A state in the United States is New Mexico,<bos>,0,31.741321563720703,0.9166666666666666,semantic,"[{""token"": ""<bos>"", ""index"": 0, ""distance"": 0, ""direction"": ""self""}]",n/a,Semantic,Concept,0.7,False,,Semantic (unknown),"[{""tk"": ""is"", ""act"": 0.8375864028930664}, {""tk"": ""city"", ""act"": 0.0}, {""tk"": ""in"", ""act"": 0.0}, {""tk"": ""Mexico"", ""act"": 0.0}, {""tk"": ""USA"", ""act"": 0.0}, {""tk"": ""Albuquerque"", ""act"": 0.0}, {""tk"": ""The"", ""act"": 0.0}, {""tk"": ""capital"", ""act"": 0.0}, {""tk"": ""of"", ""act"": 0.0}, {""tk"": ""state"", ""act"": 0.0}, {""tk"": ""attribute"", ""act"": 0.0}, {""tk"": ""serving"", ""act"": 0.0}, {""tk"": ""government"", ""act"": 0.0}, {""tk"": ""which"", ""act"": 0.0}, {""tk"": ""containing"", ""act"": 0.0}]"
15_74824,15,74824,entity: A state in the United States is New Mexico,<bos>,0,0.0,0.0,semantic,"[{""token"": ""<bos>"", ""index"": 0, ""distance"": 0, ""direction"": ""self""}]",n/a,"Say ""X""",,1.0,False,,Say (Santa),"[{""tk"": ""is"", ""act"": 14.228734016418457}, {""tk"": ""city"", ""act"": 0.0}, {""tk"": ""in"", ""act"": 0.0}, {""tk"": ""Mexico"", ""act"": 0.0}, {""tk"": ""USA"", ""act"": 0.0}, {""tk"": ""Albuquerque"", ""act"": 0.0}, {""tk"": ""The"", ""act"": 0.0}, {""tk"": ""capital"", ""act"": 0.0}, {""tk"": ""of"", ""act"": 0.0}, {""tk"": ""state"", ""act"": 0.0}, {""tk"": ""attribute"", ""act"": 0.0}, {""tk"": ""serving"", ""act"": 0.0}, {""tk"": ""government"", ""act"": 0.0}, {""tk"": ""which"", ""act"": 0.0}, {""tk"": ""containing"", ""act"": 0.0}]"
16_29578,16,29578,entity: A state in the United States is New Mexico, New,10,30.81986427307129,0.906544768378141,functional,"[{""token"": "" Mexico"", ""index"": 11, ""distance"": 1, ""direction"": ""forward""}]",json,"Say ""X""",,1.0,False,,Say (Mexico),"[{""tk"": ""is"", ""act"": 1.8383522033691406}, {""tk"": ""in"", ""act"": 1.6670656204223633}, {""tk"": ""Mexico"", ""act"": 0.23804855346679688}, {""tk"": ""city"", ""act"": 0.0}, {""tk"": ""USA"", ""act"": 0.0}, {""tk"": ""Albuquerque"", ""act"": 0.0}, {""tk"": ""The"", ""act"": 0.0}, {""tk"": ""capital"", ""act"": 0.0}, {""tk"": ""of"", ""act"": 0.0}, {""tk"": ""state"", ""act"": 0.0}, {""tk"": ""attribute"", ""act"": 0.0}, {""tk"": ""serving"", ""act"": 0.0}, {""tk"": ""government"", ""act"": 0.0}, {""tk"": ""which"", ""act"": 0.0}, {""tk"": ""containing"", ""act"": 0.0}]"
16_37465,16,37465,entity: A state in the United States is New Mexico,<bos>,0,0.0,0.0,semantic,"[{""token"": ""<bos>"", ""index"": 0, ""distance"": 0, ""direction"": ""self""}]",n/a,"Say ""X""",,1.0,False,,Say (Santa),"[{""tk"": ""is"", ""act"": 6.786016464233398}, {""tk"": ""city"", ""act"": 0.0}, {""tk"": ""in"", ""act"": 0.0}, {""tk"": ""Mexico"", ""act"": 0.0}, {""tk"": ""USA"", ""act"": 0.0}, {""tk"": ""Albuquerque"", ""act"": 0.0}, {""tk"": ""The"", ""act"": 0.0}, {""tk"": ""capital"", ""act"": 0.0}, {""tk"": ""of"", ""act"": 0.0}, {""tk"": ""state"", ""act"": 0.0}, {""tk"": ""attribute"", ""act"": 0.0}, {""tk"": ""serving"", ""act"": 0.0}, {""tk"": ""government"", ""act"": 0.0}, {""tk"": ""which"", ""act"": 0.0}, {""tk"": ""containing"", ""act"": 0.0}]"
17_93962,17,93962,entity: A state in the United States is New Mexico,<bos>,0,0.0,0.0,semantic,"[{""token"": ""<bos>"", ""index"": 0, ""distance"": 0, ""direction"": ""self""}]",n/a,"Say ""X""",,1.0,False,,Say (Santa),"[{""tk"": ""is"", ""act"": 28.189746856689453}, {""tk"": ""city"", ""act"": 0.0}, {""tk"": ""in"", ""act"": 0.0}, {""tk"": ""Mexico"", ""act"": 0.0}, {""tk"": ""USA"", ""act"": 0.0}, {""tk"": ""Albuquerque"", ""act"": 0.0}, {""tk"": ""The"", ""act"": 0.0}, {""tk"": ""capital"", ""act"": 0.0}, {""tk"": ""of"", ""act"": 0.0}, {""tk"": ""state"", ""act"": 0.0}, {""tk"": ""attribute"", ""act"": 0.0}, {""tk"": ""serving"", ""act"": 0.0}, {""tk"": ""government"", ""act"": 0.0}, {""tk"": ""which"", ""act"": 0.0}, {""tk"": ""containing"", ""act"": 0.0}]"
20_67772,20,67772,entity: A state in the United States is New Mexico, Mexico,11,3.72818374633789,0.9166666666666669,semantic,"[{""token"": "" Mexico"", ""index"": 11, ""distance"": 0, ""direction"": ""self""}]",n/a,Semantic,Concept,0.6666666666666667,False,,Albuquerque,"[{""tk"": ""is"", ""act"": 48.817848205566406}, {""tk"": ""Albuquerque"", ""act"": 9.609615325927734}, {""tk"": ""Mexico"", ""act"": 3.7281837463378906}, {""tk"": ""city"", ""act"": 0.0}, {""tk"": ""in"", ""act"": 0.0}, {""tk"": ""USA"", ""act"": 0.0}, {""tk"": ""The"", ""act"": 0.0}, {""tk"": ""capital"", ""act"": 0.0}, {""tk"": ""of"", ""act"": 0.0}, {""tk"": ""state"", ""act"": 0.0}, {""tk"": ""attribute"", ""act"": 0.0}, {""tk"": ""serving"", ""act"": 0.0}, {""tk"": ""government"", ""act"": 0.0}, {""tk"": ""which"", ""act"": 0.0}, {""tk"": ""containing"", ""act"": 0.0}]"
20_67784,20,67784,entity: A state in the United States is New Mexico,<bos>,0,0.0,0.0,semantic,"[{""token"": ""<bos>"", ""index"": 0, ""distance"": 0, ""direction"": ""self""}]",n/a,"Say ""X""",,1.0,False,,Say (city),"[{""tk"": ""of"", ""act"": 3.863483428955078}, {""tk"": ""city"", ""act"": 0.0}, {""tk"": ""in"", ""act"": 0.0}, {""tk"": ""Mexico"", ""act"": 0.0}, {""tk"": ""USA"", ""act"": 0.0}, {""tk"": ""is"", ""act"": 0.0}, {""tk"": ""Albuquerque"", ""act"": 0.0}, {""tk"": ""The"", ""act"": 0.0}, {""tk"": ""capital"", ""act"": 0.0}, {""tk"": ""state"", ""act"": 0.0}, {""tk"": ""attribute"", ""act"": 0.0}, {""tk"": ""serving"", ""act"": 0.0}, {""tk"": ""government"", ""act"": 0.0}, {""tk"": ""which"", ""act"": 0.0}, {""tk"": ""containing"", ""act"": 0.0}]"
22_32893,22,32893,entity: A state in the United States is New Mexico,<bos>,0,0.0,0.0,semantic,"[{""token"": ""<bos>"", ""index"": 0, ""distance"": 0, ""direction"": ""self""}]",n/a,"Say ""X""",,1.0,False,,Say (Santa),"[{""tk"": ""is"", ""act"": 17.36086082458496}, {""tk"": ""city"", ""act"": 0.0}, {""tk"": ""in"", ""act"": 0.0}, {""tk"": ""Mexico"", ""act"": 0.0}, {""tk"": ""USA"", ""act"": 0.0}, {""tk"": ""Albuquerque"", ""act"": 0.0}, {""tk"": ""The"", ""act"": 0.0}, {""tk"": ""capital"", ""act"": 0.0}, {""tk"": ""of"", ""act"": 0.0}, {""tk"": ""state"", ""act"": 0.0}, {""tk"": ""attribute"", ""act"": 0.0}, {""tk"": ""serving"", ""act"": 0.0}, {""tk"": ""government"", ""act"": 0.0}, {""tk"": ""which"", ""act"": 0.0}, {""tk"": ""containing"", ""act"": 0.0}]"
22_43081,22,43081,entity: A state in the United States is New Mexico,<bos>,0,0.0,0.0,semantic,"[{""token"": ""<bos>"", ""index"": 0, ""distance"": 0, ""direction"": ""self""}]",n/a,"Say ""X""",,1.0,False,,Say (Santa),"[{""tk"": ""is"", ""act"": 18.35700035095215}, {""tk"": ""city"", ""act"": 0.0}, {""tk"": ""in"", ""act"": 0.0}, {""tk"": ""Mexico"", ""act"": 0.0}, {""tk"": ""USA"", ""act"": 0.0}, {""tk"": ""Albuquerque"", ""act"": 0.0}, {""tk"": ""The"", ""act"": 0.0}, {""tk"": ""capital"", ""act"": 0.0}, {""tk"": ""of"", ""act"": 0.0}, {""tk"": ""state"", ""act"": 0.0}, {""tk"": ""attribute"", ""act"": 0.0}, {""tk"": ""serving"", ""act"": 0.0}, {""tk"": ""government"", ""act"": 0.0}, {""tk"": ""which"", ""act"": 0.0}, {""tk"": ""containing"", ""act"": 0.0}]"
22_50146,22,50146,entity: A state in the United States is New Mexico,<bos>,0,0.0,0.0,semantic,"[{""token"": ""<bos>"", ""index"": 0, ""distance"": 0, ""direction"": ""self""}]",n/a,"Say ""X""",,1.0,False,,Say (Santa),"[{""tk"": ""is"", ""act"": 9.938701629638672}, {""tk"": ""city"", ""act"": 0.0}, {""tk"": ""in"", ""act"": 0.0}, {""tk"": ""Mexico"", ""act"": 0.0}, {""tk"": ""USA"", ""act"": 0.0}, {""tk"": ""Albuquerque"", ""act"": 0.0}, {""tk"": ""The"", ""act"": 0.0}, {""tk"": ""capital"", ""act"": 0.0}, {""tk"": ""of"", ""act"": 0.0}, {""tk"": ""state"", ""act"": 0.0}, {""tk"": ""attribute"", ""act"": 0.0}, {""tk"": ""serving"", ""act"": 0.0}, {""tk"": ""government"", ""act"": 0.0}, {""tk"": ""which"", ""act"": 0.0}, {""tk"": ""containing"", ""act"": 0.0}]"
23_69963,23,69963,entity: A state in the United States is New Mexico,<bos>,0,4.39845085144043,0.9166666666666666,semantic,"[{""token"": ""<bos>"", ""index"": 0, ""distance"": 0, ""direction"": ""self""}]",n/a,Semantic,Concept,0.8,False,,Semantic (unknown),"[{""tk"": ""is"", ""act"": 11.132179260253906}, {""tk"": ""city"", ""act"": 0.0}, {""tk"": ""in"", ""act"": 0.0}, {""tk"": ""Mexico"", ""act"": 0.0}, {""tk"": ""USA"", ""act"": 0.0}, {""tk"": ""Albuquerque"", ""act"": 0.0}, {""tk"": ""The"", ""act"": 0.0}, {""tk"": ""capital"", ""act"": 0.0}, {""tk"": ""of"", ""act"": 0.0}, {""tk"": ""state"", ""act"": 0.0}, {""tk"": ""attribute"", ""act"": 0.0}, {""tk"": ""serving"", ""act"": 0.0}, {""tk"": ""government"", ""act"": 0.0}, {""tk"": ""which"", ""act"": 0.0}, {""tk"": ""containing"", ""act"": 0.0}]"
23_68367,23,68367,entity: A state in the United States is New Mexico,<bos>,0,0.0,0.0,semantic,"[{""token"": ""<bos>"", ""index"": 0, ""distance"": 0, ""direction"": ""self""}]",n/a,"Say ""X""",,1.0,False,,Say (Santa),"[{""tk"": ""is"", ""act"": 5.944572925567627}, {""tk"": ""city"", ""act"": 0.0}, {""tk"": ""in"", ""act"": 0.0}, {""tk"": ""Mexico"", ""act"": 0.0}, {""tk"": ""USA"", ""act"": 0.0}, {""tk"": ""Albuquerque"", ""act"": 0.0}, {""tk"": ""The"", ""act"": 0.0}, {""tk"": ""capital"", ""act"": 0.0}, {""tk"": ""of"", ""act"": 0.0}, {""tk"": ""state"", ""act"": 0.0}, {""tk"": ""attribute"", ""act"": 0.0}, {""tk"": ""serving"", ""act"": 0.0}, {""tk"": ""government"", ""act"": 0.0}, {""tk"": ""which"", ""act"": 0.0}, {""tk"": ""containing"", ""act"": 0.0}]"
0_40780,0,40780,attribute: The primary city serving as the seat of government for a state is the capital city, is,15,50.90119552612305,0.5946963396573369,functional,"[{""token"": "" capital"", ""index"": 17, ""distance"": 2, ""direction"": ""forward""}]",json,Semantic,Dictionary (fallback),0.9,False,,which,"[{""tk"": ""which"", ""act"": 59.63111114501953}, {""tk"": ""the"", ""act"": 57.446224212646484}, {""tk"": ""is"", ""act"": 51.05736541748047}, {""tk"": ""in"", ""act"": 48.9953727722168}, {""tk"": ""of"", ""act"": 37.325950622558594}, {""tk"": ""city"", ""act"": 0.0}, {""tk"": ""Mexico"", ""act"": 0.0}, {""tk"": ""USA"", ""act"": 0.0}, {""tk"": ""Albuquerque"", ""act"": 0.0}, {""tk"": ""capital"", ""act"": 0.0}, {""tk"": ""state"", ""act"": 0.0}, {""tk"": ""attribute"", ""act"": 0.0}, {""tk"": ""serving"", ""act"": 0.0}, {""tk"": ""government"", ""act"": 0.0}, {""tk"": ""containing"", ""act"": 0.0}]"
0_89265,0,89265,attribute: The primary city serving as the seat of government for a state is the capital city, the,8,39.12898254394531,0.8987307026365878,functional,"[{""token"": "" seat"", ""index"": 9, ""distance"": 1, ""direction"": ""forward""}]",json,Semantic,Dictionary (fallback),0.9,False,,the,"[{""tk"": ""the"", ""act"": 41.03260803222656}, {""tk"": ""city"", ""act"": 0.0}, {""tk"": ""in"", ""act"": 0.0}, {""tk"": ""Mexico"", ""act"": 0.0}, {""tk"": ""USA"", ""act"": 0.0}, {""tk"": ""is"", ""act"": 0.0}, {""tk"": ""Albuquerque"", ""act"": 0.0}, {""tk"": ""capital"", ""act"": 0.0}, {""tk"": ""of"", ""act"": 0.0}, {""tk"": ""state"", ""act"": 0.0}, {""tk"": ""attribute"", ""act"": 0.0}, {""tk"": ""serving"", ""act"": 0.0}, {""tk"": ""government"", ""act"": 0.0}, {""tk"": ""which"", ""act"": 0.0}, {""tk"": ""containing"", ""act"": 0.0}]"
0_92029,0,92029,attribute: The primary city serving as the seat of government for a state is the capital city, the,16,28.859010696411133,0.8873805076027549,functional,"[{""token"": "" capital"", ""index"": 17, ""distance"": 1, ""direction"": ""forward""}]",json,Semantic,Dictionary (fallback),0.9,False,,Semantic (unknown),"[{""tk"": ""the"", ""act"": 28.859010696411133}, {""tk"": ""city"", ""act"": 0.0}, {""tk"": ""in"", ""act"": 0.0}, {""tk"": ""Mexico"", ""act"": 0.0}, {""tk"": ""USA"", ""act"": 0.0}, {""tk"": ""is"", ""act"": 0.0}, {""tk"": ""Albuquerque"", ""act"": 0.0}, {""tk"": ""capital"", ""act"": 0.0}, {""tk"": ""of"", ""act"": 0.0}, {""tk"": ""state"", ""act"": 0.0}, {""tk"": ""attribute"", ""act"": 0.0}, {""tk"": ""serving"", ""act"": 0.0}, {""tk"": ""government"", ""act"": 0.0}, {""tk"": ""which"", ""act"": 0.0}, {""tk"": ""containing"", ""act"": 0.0}]"
0_54572,0,54572,attribute: The primary city serving as the seat of government for a state is the capital city, The,3,26.957427978515625,0.9473684210526316,functional,"[{""token"": "" primary"", ""index"": 4, ""distance"": 1, ""direction"": ""forward""}]",json,Semantic,Dictionary (fallback),0.9,False,,The,"[{""tk"": ""The"", ""act"": 30.514068603515625}, {""tk"": ""city"", ""act"": 0.0}, {""tk"": ""in"", ""act"": 0.0}, {""tk"": ""Mexico"", ""act"": 0.0}, {""tk"": ""USA"", ""act"": 0.0}, {""tk"": ""is"", ""act"": 0.0}, {""tk"": ""Albuquerque"", ""act"": 0.0}, {""tk"": ""capital"", ""act"": 0.0}, {""tk"": ""of"", ""act"": 0.0}, {""tk"": ""state"", ""act"": 0.0}, {""tk"": ""attribute"", ""act"": 0.0}, {""tk"": ""serving"", ""act"": 0.0}, {""tk"": ""government"", ""act"": 0.0}, {""tk"": ""which"", ""act"": 0.0}, {""tk"": ""containing"", ""act"": 0.0}]"
0_91570,0,91570,attribute: The primary city serving as the seat of government for a state is the capital city,attribute,1,21.15618896484375,0.9093469843886206,semantic,"[{""token"": ""attribute"", ""index"": 1, ""distance"": 0, ""direction"": ""self""}]",n/a,Semantic,Dictionary (fallback),0.9,False,,attribute,"[{""tk"": ""attribute"", ""act"": 21.15618896484375}, {""tk"": ""city"", ""act"": 0.0}, {""tk"": ""in"", ""act"": 0.0}, {""tk"": ""Mexico"", ""act"": 0.0}, {""tk"": ""USA"", ""act"": 0.0}, {""tk"": ""is"", ""act"": 0.0}, {""tk"": ""Albuquerque"", ""act"": 0.0}, {""tk"": ""The"", ""act"": 0.0}, {""tk"": ""capital"", ""act"": 0.0}, {""tk"": ""of"", ""act"": 0.0}, {""tk"": ""state"", ""act"": 0.0}, {""tk"": ""serving"", ""act"": 0.0}, {""tk"": ""government"", ""act"": 0.0}, {""tk"": ""which"", ""act"": 0.0}, {""tk"": ""containing"", ""act"": 0.0}]"
0_19204,0,19204,attribute: The primary city serving as the seat of government for a state is the capital city,<bos>,0,19.4499568939209,0.9473684210526316,semantic,"[{""token"": ""<bos>"", ""index"": 0, ""distance"": 0, ""direction"": ""self""}]",n/a,Semantic,Dictionary (fallback),0.9,False,,Semantic (unknown),"[{""tk"": ""city"", ""act"": 0.0}, {""tk"": ""in"", ""act"": 0.0}, {""tk"": ""Mexico"", ""act"": 0.0}, {""tk"": ""USA"", ""act"": 0.0}, {""tk"": ""is"", ""act"": 0.0}, {""tk"": ""Albuquerque"", ""act"": 0.0}, {""tk"": ""The"", ""act"": 0.0}, {""tk"": ""capital"", ""act"": 0.0}, {""tk"": ""of"", ""act"": 0.0}, {""tk"": ""state"", ""act"": 0.0}, {""tk"": ""attribute"", ""act"": 0.0}, {""tk"": ""serving"", ""act"": 0.0}, {""tk"": ""government"", ""act"": 0.0}, {""tk"": ""which"", ""act"": 0.0}, {""tk"": ""containing"", ""act"": 0.0}]"
0_32732,0,32732,attribute: The primary city serving as the seat of government for a state is the capital city, serving,6,19.05910873413086,0.8823151503445402,semantic,"[{""token"": "" serving"", ""index"": 6, ""distance"": 0, ""direction"": ""self""}]",n/a,Semantic,Dictionary (fallback),0.9,False,,serving,"[{""tk"": ""which"", ""act"": 19.800851821899414}, {""tk"": ""serving"", ""act"": 19.05910873413086}, {""tk"": ""state"", ""act"": 8.639383316040039}, {""tk"": ""containing"", ""act"": 5.966921806335449}, {""tk"": ""is"", ""act"": 5.837582588195801}, {""tk"": ""city"", ""act"": 0.0}, {""tk"": ""in"", ""act"": 0.0}, {""tk"": ""Mexico"", ""act"": 0.0}, {""tk"": ""USA"", ""act"": 0.0}, {""tk"": ""Albuquerque"", ""act"": 0.0}, {""tk"": ""The"", ""act"": 0.0}, {""tk"": ""capital"", ""act"": 0.0}, {""tk"": ""of"", ""act"": 0.0}, {""tk"": ""attribute"", ""act"": 0.0}, {""tk"": ""government"", ""act"": 0.0}]"
0_53491,0,53491,attribute: The primary city serving as the seat of government for a state is the capital city, capital,17,16.344919204711914,0.9473684210526316,semantic,"[{""token"": "" capital"", ""index"": 17, ""distance"": 0, ""direction"": ""self""}]",n/a,Semantic,Dictionary,1.0,False,,capital,"[{""tk"": ""capital"", ""act"": 16.344919204711914}, {""tk"": ""city"", ""act"": 0.0}, {""tk"": ""in"", ""act"": 0.0}, {""tk"": ""Mexico"", ""act"": 0.0}, {""tk"": ""USA"", ""act"": 0.0}, {""tk"": ""is"", ""act"": 0.0}, {""tk"": ""Albuquerque"", ""act"": 0.0}, {""tk"": ""The"", ""act"": 0.0}, {""tk"": ""of"", ""act"": 0.0}, {""tk"": ""state"", ""act"": 0.0}, {""tk"": ""attribute"", ""act"": 0.0}, {""tk"": ""serving"", ""act"": 0.0}, {""tk"": ""government"", ""act"": 0.0}, {""tk"": ""which"", ""act"": 0.0}, {""tk"": ""containing"", ""act"": 0.0}]"
0_37445,0,37445,attribute: The primary city serving as the seat of government for a state is the capital city,<bos>,0,15.15752124786377,0.9473684210526316,semantic,"[{""token"": ""<bos>"", ""index"": 0, ""distance"": 0, ""direction"": ""self""}]",n/a,Semantic,Dictionary (fallback),0.9,False,,Semantic (unknown),"[{""tk"": ""Albuquerque"", ""act"": 7.536114692687988}, {""tk"": ""city"", ""act"": 0.0}, {""tk"": ""in"", ""act"": 0.0}, {""tk"": ""Mexico"", ""act"": 0.0}, {""tk"": ""USA"", ""act"": 0.0}, {""tk"": ""is"", ""act"": 0.0}, {""tk"": ""The"", ""act"": 0.0}, {""tk"": ""capital"", ""act"": 0.0}, {""tk"": ""of"", ""act"": 0.0}, {""tk"": ""state"", ""act"": 0.0}, {""tk"": ""attribute"", ""act"": 0.0}, {""tk"": ""serving"", ""act"": 0.0}, {""tk"": ""government"", ""act"": 0.0}, {""tk"": ""which"", ""act"": 0.0}, {""tk"": ""containing"", ""act"": 0.0}]"
0_23293,0,23293,attribute: The primary city serving as the seat of government for a state is the capital city, capital,17,11.706600189208984,0.9473684210526316,semantic,"[{""token"": "" capital"", ""index"": 17, ""distance"": 0, ""direction"": ""self""}]",n/a,Semantic,Dictionary,1.0,False,,capital,"[{""tk"": ""capital"", ""act"": 12.355522155761719}, {""tk"": ""city"", ""act"": 0.0}, {""tk"": ""in"", ""act"": 0.0}, {""tk"": ""Mexico"", ""act"": 0.0}, {""tk"": ""USA"", ""act"": 0.0}, {""tk"": ""is"", ""act"": 0.0}, {""tk"": ""Albuquerque"", ""act"": 0.0}, {""tk"": ""The"", ""act"": 0.0}, {""tk"": ""of"", ""act"": 0.0}, {""tk"": ""state"", ""act"": 0.0}, {""tk"": ""attribute"", ""act"": 0.0}, {""tk"": ""serving"", ""act"": 0.0}, {""tk"": ""government"", ""act"": 0.0}, {""tk"": ""which"", ""act"": 0.0}, {""tk"": ""containing"", ""act"": 0.0}]"
0_14810,0,14810,attribute: The primary city serving as the seat of government for a state is the capital city, of,10,10.661499977111816,0.9473684210526316,functional,"[{""token"": "" seat"", ""index"": 9, ""distance"": 1, ""direction"": ""backward""}]",json,Semantic,Dictionary,1.0,False,,of,"[{""tk"": ""of"", ""act"": 17.059555053710938}, {""tk"": ""city"", ""act"": 0.0}, {""tk"": ""in"", ""act"": 0.0}, {""tk"": ""Mexico"", ""act"": 0.0}, {""tk"": ""USA"", ""act"": 0.0}, {""tk"": ""is"", ""act"": 0.0}, {""tk"": ""Albuquerque"", ""act"": 0.0}, {""tk"": ""The"", ""act"": 0.0}, {""tk"": ""capital"", ""act"": 0.0}, {""tk"": ""state"", ""act"": 0.0}, {""tk"": ""attribute"", ""act"": 0.0}, {""tk"": ""serving"", ""act"": 0.0}, {""tk"": ""government"", ""act"": 0.0}, {""tk"": ""which"", ""act"": 0.0}, {""tk"": ""containing"", ""act"": 0.0}]"
0_68987,0,68987,attribute: The primary city serving as the seat of government for a state is the capital city, capital,17,9.928791046142578,0.9473684210526316,semantic,"[{""token"": "" capital"", ""index"": 17, ""distance"": 0, ""direction"": ""self""}]",n/a,Semantic,Dictionary,1.0,False,,capital,"[{""tk"": ""capital"", ""act"": 9.928791046142578}, {""tk"": ""city"", ""act"": 0.0}, {""tk"": ""in"", ""act"": 0.0}, {""tk"": ""Mexico"", ""act"": 0.0}, {""tk"": ""USA"", ""act"": 0.0}, {""tk"": ""is"", ""act"": 0.0}, {""tk"": ""Albuquerque"", ""act"": 0.0}, {""tk"": ""The"", ""act"": 0.0}, {""tk"": ""of"", ""act"": 0.0}, {""tk"": ""state"", ""act"": 0.0}, {""tk"": ""attribute"", ""act"": 0.0}, {""tk"": ""serving"", ""act"": 0.0}, {""tk"": ""government"", ""act"": 0.0}, {""tk"": ""which"", ""act"": 0.0}, {""tk"": ""containing"", ""act"": 0.0}]"
0_82862,0,82862,attribute: The primary city serving as the seat of government for a state is the capital city, government,11,9.586883544921877,0.9473684210526316,semantic,"[{""token"": "" government"", ""index"": 11, ""distance"": 0, ""direction"": ""self""}]",n/a,Semantic,Dictionary (fallback),0.9,False,,government,"[{""tk"": ""government"", ""act"": 9.586883544921875}, {""tk"": ""capital"", ""act"": 8.219970703125}, {""tk"": ""state"", ""act"": 5.531653881072998}, {""tk"": ""city"", ""act"": 0.0}, {""tk"": ""in"", ""act"": 0.0}, {""tk"": ""Mexico"", ""act"": 0.0}, {""tk"": ""USA"", ""act"": 0.0}, {""tk"": ""is"", ""act"": 0.0}, {""tk"": ""Albuquerque"", ""act"": 0.0}, {""tk"": ""The"", ""act"": 0.0}, {""tk"": ""of"", ""act"": 0.0}, {""tk"": ""attribute"", ""act"": 0.0}, {""tk"": ""serving"", ""act"": 0.0}, {""tk"": ""which"", ""act"": 0.0}, {""tk"": ""containing"", ""act"": 0.0}]"
0_71156,0,71156,attribute: The primary city serving as the seat of government for a state is the capital city,<bos>,0,8.403818130493164,0.9473684210526316,semantic,"[{""token"": ""<bos>"", ""index"": 0, ""distance"": 0, ""direction"": ""self""}]",n/a,Semantic,Dictionary,1.0,False,,Albuquerque,"[{""tk"": ""Albuquerque"", ""act"": 10.317928314208984}, {""tk"": ""city"", ""act"": 0.0}, {""tk"": ""in"", ""act"": 0.0}, {""tk"": ""Mexico"", ""act"": 0.0}, {""tk"": ""USA"", ""act"": 0.0}, {""tk"": ""is"", ""act"": 0.0}, {""tk"": ""The"", ""act"": 0.0}, {""tk"": ""capital"", ""act"": 0.0}, {""tk"": ""of"", ""act"": 0.0}, {""tk"": ""state"", ""act"": 0.0}, {""tk"": ""attribute"", ""act"": 0.0}, {""tk"": ""serving"", ""act"": 0.0}, {""tk"": ""government"", ""act"": 0.0}, {""tk"": ""which"", ""act"": 0.0}, {""tk"": ""containing"", ""act"": 0.0}]"
0_60256,0,60256,attribute: The primary city serving as the seat of government for a state is the capital city,<bos>,0,8.257607460021973,0.9473684210526316,semantic,"[{""token"": ""<bos>"", ""index"": 0, ""distance"": 0, ""direction"": ""self""}]",n/a,Semantic,Dictionary,1.0,False,,containing,"[{""tk"": ""containing"", ""act"": 8.764032363891602}, {""tk"": ""city"", ""act"": 0.0}, {""tk"": ""in"", ""act"": 0.0}, {""tk"": ""Mexico"", ""act"": 0.0}, {""tk"": ""USA"", ""act"": 0.0}, {""tk"": ""is"", ""act"": 0.0}, {""tk"": ""Albuquerque"", ""act"": 0.0}, {""tk"": ""The"", ""act"": 0.0}, {""tk"": ""capital"", ""act"": 0.0}, {""tk"": ""of"", ""act"": 0.0}, {""tk"": ""state"", ""act"": 0.0}, {""tk"": ""attribute"", ""act"": 0.0}, {""tk"": ""serving"", ""act"": 0.0}, {""tk"": ""government"", ""act"": 0.0}, {""tk"": ""which"", ""act"": 0.0}]"
0_63548,0,63548,attribute: The primary city serving as the seat of government for a state is the capital city, capital,17,6.786430358886719,0.9473684210526316,semantic,"[{""token"": "" capital"", ""index"": 17, ""distance"": 0, ""direction"": ""self""}]",n/a,Semantic,Dictionary,1.0,False,,capital,"[{""tk"": ""capital"", ""act"": 9.130105972290039}, {""tk"": ""city"", ""act"": 0.0}, {""tk"": ""in"", ""act"": 0.0}, {""tk"": ""Mexico"", ""act"": 0.0}, {""tk"": ""USA"", ""act"": 0.0}, {""tk"": ""is"", ""act"": 0.0}, {""tk"": ""Albuquerque"", ""act"": 0.0}, {""tk"": ""The"", ""act"": 0.0}, {""tk"": ""of"", ""act"": 0.0}, {""tk"": ""state"", ""act"": 0.0}, {""tk"": ""attribute"", ""act"": 0.0}, {""tk"": ""serving"", ""act"": 0.0}, {""tk"": ""government"", ""act"": 0.0}, {""tk"": ""which"", ""act"": 0.0}, {""tk"": ""containing"", ""act"": 0.0}]"
0_15430,0,15430,attribute: The primary city serving as the seat of government for a state is the capital city, capital,17,6.687129020690918,0.9473684210526316,semantic,"[{""token"": "" capital"", ""index"": 17, ""distance"": 0, ""direction"": ""self""}]",n/a,Semantic,Dictionary,1.0,False,,capital,"[{""tk"": ""capital"", ""act"": 8.16793155670166}, {""tk"": ""city"", ""act"": 0.0}, {""tk"": ""in"", ""act"": 0.0}, {""tk"": ""Mexico"", ""act"": 0.0}, {""tk"": ""USA"", ""act"": 0.0}, {""tk"": ""is"", ""act"": 0.0}, {""tk"": ""Albuquerque"", ""act"": 0.0}, {""tk"": ""The"", ""act"": 0.0}, {""tk"": ""of"", ""act"": 0.0}, {""tk"": ""state"", ""act"": 0.0}, {""tk"": ""attribute"", ""act"": 0.0}, {""tk"": ""serving"", ""act"": 0.0}, {""tk"": ""government"", ""act"": 0.0}, {""tk"": ""which"", ""act"": 0.0}, {""tk"": ""containing"", ""act"": 0.0}]"
0_37416,0,37416,attribute: The primary city serving as the seat of government for a state is the capital city, capital,17,6.665575981140137,0.9473684210526316,semantic,"[{""token"": "" capital"", ""index"": 17, ""distance"": 0, ""direction"": ""self""}]",n/a,Semantic,Dictionary,1.0,False,,capital,"[{""tk"": ""capital"", ""act"": 12.284197807312012}, {""tk"": ""city"", ""act"": 0.0}, {""tk"": ""in"", ""act"": 0.0}, {""tk"": ""Mexico"", ""act"": 0.0}, {""tk"": ""USA"", ""act"": 0.0}, {""tk"": ""is"", ""act"": 0.0}, {""tk"": ""Albuquerque"", ""act"": 0.0}, {""tk"": ""The"", ""act"": 0.0}, {""tk"": ""of"", ""act"": 0.0}, {""tk"": ""state"", ""act"": 0.0}, {""tk"": ""attribute"", ""act"": 0.0}, {""tk"": ""serving"", ""act"": 0.0}, {""tk"": ""government"", ""act"": 0.0}, {""tk"": ""which"", ""act"": 0.0}, {""tk"": ""containing"", ""act"": 0.0}]"
0_53531,0,53531,attribute: The primary city serving as the seat of government for a state is the capital city, capital,17,5.883442401885986,0.9473684210526316,semantic,"[{""token"": "" capital"", ""index"": 17, ""distance"": 0, ""direction"": ""self""}]",n/a,Semantic,Dictionary,1.0,False,,capital,"[{""tk"": ""capital"", ""act"": 8.328258514404297}, {""tk"": ""city"", ""act"": 0.0}, {""tk"": ""in"", ""act"": 0.0}, {""tk"": ""Mexico"", ""act"": 0.0}, {""tk"": ""USA"", ""act"": 0.0}, {""tk"": ""is"", ""act"": 0.0}, {""tk"": ""Albuquerque"", ""act"": 0.0}, {""tk"": ""The"", ""act"": 0.0}, {""tk"": ""of"", ""act"": 0.0}, {""tk"": ""state"", ""act"": 0.0}, {""tk"": ""attribute"", ""act"": 0.0}, {""tk"": ""serving"", ""act"": 0.0}, {""tk"": ""government"", ""act"": 0.0}, {""tk"": ""which"", ""act"": 0.0}, {""tk"": ""containing"", ""act"": 0.0}]"
0_41589,0,41589,attribute: The primary city serving as the seat of government for a state is the capital city, capital,17,5.249173164367676,0.9473684210526316,semantic,"[{""token"": "" capital"", ""index"": 17, ""distance"": 0, ""direction"": ""self""}]",n/a,Semantic,Dictionary,1.0,False,,capital,"[{""tk"": ""capital"", ""act"": 7.369453430175781}, {""tk"": ""city"", ""act"": 0.0}, {""tk"": ""in"", ""act"": 0.0}, {""tk"": ""Mexico"", ""act"": 0.0}, {""tk"": ""USA"", ""act"": 0.0}, {""tk"": ""is"", ""act"": 0.0}, {""tk"": ""Albuquerque"", ""act"": 0.0}, {""tk"": ""The"", ""act"": 0.0}, {""tk"": ""of"", ""act"": 0.0}, {""tk"": ""state"", ""act"": 0.0}, {""tk"": ""attribute"", ""act"": 0.0}, {""tk"": ""serving"", ""act"": 0.0}, {""tk"": ""government"", ""act"": 0.0}, {""tk"": ""which"", ""act"": 0.0}, {""tk"": ""containing"", ""act"": 0.0}]"
0_61257,0,61257,attribute: The primary city serving as the seat of government for a state is the capital city, state,14,4.628973960876465,0.9473684210526316,semantic,"[{""token"": "" state"", ""index"": 14, ""distance"": 0, ""direction"": ""self""}]",n/a,Semantic,Dictionary (fallback),0.9,False,,state,"[{""tk"": ""state"", ""act"": 15.710807800292969}, {""tk"": ""city"", ""act"": 0.0}, {""tk"": ""in"", ""act"": 0.0}, {""tk"": ""Mexico"", ""act"": 0.0}, {""tk"": ""USA"", ""act"": 0.0}, {""tk"": ""is"", ""act"": 0.0}, {""tk"": ""Albuquerque"", ""act"": 0.0}, {""tk"": ""The"", ""act"": 0.0}, {""tk"": ""capital"", ""act"": 0.0}, {""tk"": ""of"", ""act"": 0.0}, {""tk"": ""attribute"", ""act"": 0.0}, {""tk"": ""serving"", ""act"": 0.0}, {""tk"": ""government"", ""act"": 0.0}, {""tk"": ""which"", ""act"": 0.0}, {""tk"": ""containing"", ""act"": 0.0}]"
0_31953,0,31953,attribute: The primary city serving as the seat of government for a state is the capital city, capital,17,4.551955223083496,0.9473684210526316,semantic,"[{""token"": "" capital"", ""index"": 17, ""distance"": 0, ""direction"": ""self""}]",n/a,Semantic,Dictionary,1.0,False,,capital,"[{""tk"": ""capital"", ""act"": 5.960221767425537}, {""tk"": ""city"", ""act"": 0.0}, {""tk"": ""in"", ""act"": 0.0}, {""tk"": ""Mexico"", ""act"": 0.0}, {""tk"": ""USA"", ""act"": 0.0}, {""tk"": ""is"", ""act"": 0.0}, {""tk"": ""Albuquerque"", ""act"": 0.0}, {""tk"": ""The"", ""act"": 0.0}, {""tk"": ""of"", ""act"": 0.0}, {""tk"": ""state"", ""act"": 0.0}, {""tk"": ""attribute"", ""act"": 0.0}, {""tk"": ""serving"", ""act"": 0.0}, {""tk"": ""government"", ""act"": 0.0}, {""tk"": ""which"", ""act"": 0.0}, {""tk"": ""containing"", ""act"": 0.0}]"
0_12284,0,12284,attribute: The primary city serving as the seat of government for a state is the capital city,<bos>,0,4.237028121948242,0.9473684210526316,semantic,"[{""token"": ""<bos>"", ""index"": 0, ""distance"": 0, ""direction"": ""self""}]",n/a,Semantic,Dictionary (fallback),0.9,False,,Semantic (unknown),"[{""tk"": ""city"", ""act"": 0.0}, {""tk"": ""in"", ""act"": 0.0}, {""tk"": ""Mexico"", ""act"": 0.0}, {""tk"": ""USA"", ""act"": 0.0}, {""tk"": ""is"", ""act"": 0.0}, {""tk"": ""Albuquerque"", ""act"": 0.0}, {""tk"": ""The"", ""act"": 0.0}, {""tk"": ""capital"", ""act"": 0.0}, {""tk"": ""of"", ""act"": 0.0}, {""tk"": ""state"", ""act"": 0.0}, {""tk"": ""attribute"", ""act"": 0.0}, {""tk"": ""serving"", ""act"": 0.0}, {""tk"": ""government"", ""act"": 0.0}, {""tk"": ""which"", ""act"": 0.0}, {""tk"": ""containing"", ""act"": 0.0}]"
0_47638,0,47638,attribute: The primary city serving as the seat of government for a state is the capital city,<bos>,0,3.638421058654785,0.9473684210526316,semantic,"[{""token"": ""<bos>"", ""index"": 0, ""distance"": 0, ""direction"": ""self""}]",n/a,Semantic,Dictionary,1.0,False,,containing,"[{""tk"": ""containing"", ""act"": 11.569823265075684}, {""tk"": ""city"", ""act"": 0.0}, {""tk"": ""in"", ""act"": 0.0}, {""tk"": ""Mexico"", ""act"": 0.0}, {""tk"": ""USA"", ""act"": 0.0}, {""tk"": ""is"", ""act"": 0.0}, {""tk"": ""Albuquerque"", ""act"": 0.0}, {""tk"": ""The"", ""act"": 0.0}, {""tk"": ""capital"", ""act"": 0.0}, {""tk"": ""of"", ""act"": 0.0}, {""tk"": ""state"", ""act"": 0.0}, {""tk"": ""attribute"", ""act"": 0.0}, {""tk"": ""serving"", ""act"": 0.0}, {""tk"": ""government"", ""act"": 0.0}, {""tk"": ""which"", ""act"": 0.0}]"
0_91553,0,91553,attribute: The primary city serving as the seat of government for a state is the capital city,<bos>,0,0.904879093170166,0.9473684210526316,semantic,"[{""token"": ""<bos>"", ""index"": 0, ""distance"": 0, ""direction"": ""self""}]",n/a,Semantic,Dictionary (fallback),0.9,False,,Semantic (unknown),"[{""tk"": ""city"", ""act"": 0.0}, {""tk"": ""in"", ""act"": 0.0}, {""tk"": ""Mexico"", ""act"": 0.0}, {""tk"": ""USA"", ""act"": 0.0}, {""tk"": ""is"", ""act"": 0.0}, {""tk"": ""Albuquerque"", ""act"": 0.0}, {""tk"": ""The"", ""act"": 0.0}, {""tk"": ""capital"", ""act"": 0.0}, {""tk"": ""of"", ""act"": 0.0}, {""tk"": ""state"", ""act"": 0.0}, {""tk"": ""attribute"", ""act"": 0.0}, {""tk"": ""serving"", ""act"": 0.0}, {""tk"": ""government"", ""act"": 0.0}, {""tk"": ""which"", ""act"": 0.0}, {""tk"": ""containing"", ""act"": 0.0}]"
0_5034,0,5034,attribute: The primary city serving as the seat of government for a state is the capital city,<bos>,0,0.0,0.0,semantic,"[{""token"": ""<bos>"", ""index"": 0, ""distance"": 0, ""direction"": ""self""}]",n/a,Semantic,Dictionary,1.0,False,,Albuquerque,"[{""tk"": ""Albuquerque"", ""act"": 9.187335014343262}, {""tk"": ""city"", ""act"": 0.0}, {""tk"": ""in"", ""act"": 0.0}, {""tk"": ""Mexico"", ""act"": 0.0}, {""tk"": ""USA"", ""act"": 0.0}, {""tk"": ""is"", ""act"": 0.0}, {""tk"": ""The"", ""act"": 0.0}, {""tk"": ""capital"", ""act"": 0.0}, {""tk"": ""of"", ""act"": 0.0}, {""tk"": ""state"", ""act"": 0.0}, {""tk"": ""attribute"", ""act"": 0.0}, {""tk"": ""serving"", ""act"": 0.0}, {""tk"": ""government"", ""act"": 0.0}, {""tk"": ""which"", ""act"": 0.0}, {""tk"": ""containing"", ""act"": 0.0}]"
0_5916,0,5916,attribute: The primary city serving as the seat of government for a state is the capital city,<bos>,0,0.0,0.0,semantic,"[{""token"": ""<bos>"", ""index"": 0, ""distance"": 0, ""direction"": ""self""}]",n/a,Semantic,Dictionary (fallback),0.9,False,,capital,"[{""tk"": ""capital"", ""act"": 18.749942779541016}, {""tk"": ""city"", ""act"": 0.0}, {""tk"": ""in"", ""act"": 0.0}, {""tk"": ""Mexico"", ""act"": 0.0}, {""tk"": ""USA"", ""act"": 0.0}, {""tk"": ""is"", ""act"": 0.0}, {""tk"": ""Albuquerque"", ""act"": 0.0}, {""tk"": ""The"", ""act"": 0.0}, {""tk"": ""of"", ""act"": 0.0}, {""tk"": ""state"", ""act"": 0.0}, {""tk"": ""attribute"", ""act"": 0.0}, {""tk"": ""serving"", ""act"": 0.0}, {""tk"": ""government"", ""act"": 0.0}, {""tk"": ""which"", ""act"": 0.0}, {""tk"": ""containing"", ""act"": 0.0}]"
0_15646,0,15646,attribute: The primary city serving as the seat of government for a state is the capital city,<bos>,0,0.0,0.0,semantic,"[{""token"": ""<bos>"", ""index"": 0, ""distance"": 0, ""direction"": ""self""}]",n/a,Semantic,Dictionary,1.0,False,,Albuquerque,"[{""tk"": ""Albuquerque"", ""act"": 11.47055435180664}, {""tk"": ""city"", ""act"": 0.0}, {""tk"": ""in"", ""act"": 0.0}, {""tk"": ""Mexico"", ""act"": 0.0}, {""tk"": ""USA"", ""act"": 0.0}, {""tk"": ""is"", ""act"": 0.0}, {""tk"": ""The"", ""act"": 0.0}, {""tk"": ""capital"", ""act"": 0.0}, {""tk"": ""of"", ""act"": 0.0}, {""tk"": ""state"", ""act"": 0.0}, {""tk"": ""attribute"", ""act"": 0.0}, {""tk"": ""serving"", ""act"": 0.0}, {""tk"": ""government"", ""act"": 0.0}, {""tk"": ""which"", ""act"": 0.0}, {""tk"": ""containing"", ""act"": 0.0}]"
0_18903,0,18903,attribute: The primary city serving as the seat of government for a state is the capital city,<bos>,0,0.0,0.0,semantic,"[{""token"": ""<bos>"", ""index"": 0, ""distance"": 0, ""direction"": ""self""}]",n/a,Semantic,Dictionary,1.0,False,,Albuquerque,"[{""tk"": ""Albuquerque"", ""act"": 11.383782386779785}, {""tk"": ""city"", ""act"": 0.0}, {""tk"": ""in"", ""act"": 0.0}, {""tk"": ""Mexico"", ""act"": 0.0}, {""tk"": ""USA"", ""act"": 0.0}, {""tk"": ""is"", ""act"": 0.0}, {""tk"": ""The"", ""act"": 0.0}, {""tk"": ""capital"", ""act"": 0.0}, {""tk"": ""of"", ""act"": 0.0}, {""tk"": ""state"", ""act"": 0.0}, {""tk"": ""attribute"", ""act"": 0.0}, {""tk"": ""serving"", ""act"": 0.0}, {""tk"": ""government"", ""act"": 0.0}, {""tk"": ""which"", ""act"": 0.0}, {""tk"": ""containing"", ""act"": 0.0}]"
0_21657,0,21657,attribute: The primary city serving as the seat of government for a state is the capital city,<bos>,0,0.0,0.0,semantic,"[{""token"": ""<bos>"", ""index"": 0, ""distance"": 0, ""direction"": ""self""}]",n/a,Semantic,Dictionary,1.0,False,,Albuquerque,"[{""tk"": ""Albuquerque"", ""act"": 9.998356819152832}, {""tk"": ""city"", ""act"": 0.0}, {""tk"": ""in"", ""act"": 0.0}, {""tk"": ""Mexico"", ""act"": 0.0}, {""tk"": ""USA"", ""act"": 0.0}, {""tk"": ""is"", ""act"": 0.0}, {""tk"": ""The"", ""act"": 0.0}, {""tk"": ""capital"", ""act"": 0.0}, {""tk"": ""of"", ""act"": 0.0}, {""tk"": ""state"", ""act"": 0.0}, {""tk"": ""attribute"", ""act"": 0.0}, {""tk"": ""serving"", ""act"": 0.0}, {""tk"": ""government"", ""act"": 0.0}, {""tk"": ""which"", ""act"": 0.0}, {""tk"": ""containing"", ""act"": 0.0}]"
0_23477,0,23477,attribute: The primary city serving as the seat of government for a state is the capital city,<bos>,0,0.0,0.0,semantic,"[{""token"": ""<bos>"", ""index"": 0, ""distance"": 0, ""direction"": ""self""}]",n/a,Relationship,,1.0,False,,(city) related,"[{""tk"": ""city"", ""act"": 0.0}, {""tk"": ""in"", ""act"": 0.0}, {""tk"": ""Mexico"", ""act"": 0.0}, {""tk"": ""USA"", ""act"": 0.0}, {""tk"": ""is"", ""act"": 0.0}, {""tk"": ""Albuquerque"", ""act"": 0.0}, {""tk"": ""The"", ""act"": 0.0}, {""tk"": ""capital"", ""act"": 0.0}, {""tk"": ""of"", ""act"": 0.0}, {""tk"": ""state"", ""act"": 0.0}, {""tk"": ""attribute"", ""act"": 0.0}, {""tk"": ""serving"", ""act"": 0.0}, {""tk"": ""government"", ""act"": 0.0}, {""tk"": ""which"", ""act"": 0.0}, {""tk"": ""containing"", ""act"": 0.0}]"
0_23888,0,23888,attribute: The primary city serving as the seat of government for a state is the capital city,<bos>,0,0.0,0.0,semantic,"[{""token"": ""<bos>"", ""index"": 0, ""distance"": 0, ""direction"": ""self""}]",n/a,Semantic,Dictionary,1.0,False,,containing,"[{""tk"": ""containing"", ""act"": 6.754897594451904}, {""tk"": ""city"", ""act"": 0.0}, {""tk"": ""in"", ""act"": 0.0}, {""tk"": ""Mexico"", ""act"": 0.0}, {""tk"": ""USA"", ""act"": 0.0}, {""tk"": ""is"", ""act"": 0.0}, {""tk"": ""Albuquerque"", ""act"": 0.0}, {""tk"": ""The"", ""act"": 0.0}, {""tk"": ""capital"", ""act"": 0.0}, {""tk"": ""of"", ""act"": 0.0}, {""tk"": ""state"", ""act"": 0.0}, {""tk"": ""attribute"", ""act"": 0.0}, {""tk"": ""serving"", ""act"": 0.0}, {""tk"": ""government"", ""act"": 0.0}, {""tk"": ""which"", ""act"": 0.0}]"
0_24438,0,24438,attribute: The primary city serving as the seat of government for a state is the capital city,<bos>,0,0.0,0.0,semantic,"[{""token"": ""<bos>"", ""index"": 0, ""distance"": 0, ""direction"": ""self""}]",n/a,Relationship,,1.0,False,,(city) related,"[{""tk"": ""city"", ""act"": 0.0}, {""tk"": ""in"", ""act"": 0.0}, {""tk"": ""Mexico"", ""act"": 0.0}, {""tk"": ""USA"", ""act"": 0.0}, {""tk"": ""is"", ""act"": 0.0}, {""tk"": ""Albuquerque"", ""act"": 0.0}, {""tk"": ""The"", ""act"": 0.0}, {""tk"": ""capital"", ""act"": 0.0}, {""tk"": ""of"", ""act"": 0.0}, {""tk"": ""state"", ""act"": 0.0}, {""tk"": ""attribute"", ""act"": 0.0}, {""tk"": ""serving"", ""act"": 0.0}, {""tk"": ""government"", ""act"": 0.0}, {""tk"": ""which"", ""act"": 0.0}, {""tk"": ""containing"", ""act"": 0.0}]"
0_33316,0,33316,attribute: The primary city serving as the seat of government for a state is the capital city,<bos>,0,0.0,0.0,semantic,"[{""token"": ""<bos>"", ""index"": 0, ""distance"": 0, ""direction"": ""self""}]",n/a,Semantic,Dictionary (fallback),0.9,False,,is,"[{""tk"": ""is"", ""act"": 1.3535914421081543}, {""tk"": ""city"", ""act"": 0.0}, {""tk"": ""in"", ""act"": 0.0}, {""tk"": ""Mexico"", ""act"": 0.0}, {""tk"": ""USA"", ""act"": 0.0}, {""tk"": ""Albuquerque"", ""act"": 0.0}, {""tk"": ""The"", ""act"": 0.0}, {""tk"": ""capital"", ""act"": 0.0}, {""tk"": ""of"", ""act"": 0.0}, {""tk"": ""state"", ""act"": 0.0}, {""tk"": ""attribute"", ""act"": 0.0}, {""tk"": ""serving"", ""act"": 0.0}, {""tk"": ""government"", ""act"": 0.0}, {""tk"": ""which"", ""act"": 0.0}, {""tk"": ""containing"", ""act"": 0.0}]"
0_44709,0,44709,attribute: The primary city serving as the seat of government for a state is the capital city,<bos>,0,0.0,0.0,semantic,"[{""token"": ""<bos>"", ""index"": 0, ""distance"": 0, ""direction"": ""self""}]",n/a,Semantic,Dictionary,1.0,False,,containing,"[{""tk"": ""containing"", ""act"": 6.07918643951416}, {""tk"": ""city"", ""act"": 0.0}, {""tk"": ""in"", ""act"": 0.0}, {""tk"": ""Mexico"", ""act"": 0.0}, {""tk"": ""USA"", ""act"": 0.0}, {""tk"": ""is"", ""act"": 0.0}, {""tk"": ""Albuquerque"", ""act"": 0.0}, {""tk"": ""The"", ""act"": 0.0}, {""tk"": ""capital"", ""act"": 0.0}, {""tk"": ""of"", ""act"": 0.0}, {""tk"": ""state"", ""act"": 0.0}, {""tk"": ""attribute"", ""act"": 0.0}, {""tk"": ""serving"", ""act"": 0.0}, {""tk"": ""government"", ""act"": 0.0}, {""tk"": ""which"", ""act"": 0.0}]"
0_51418,0,51418,attribute: The primary city serving as the seat of government for a state is the capital city,<bos>,0,0.0,0.0,semantic,"[{""token"": ""<bos>"", ""index"": 0, ""distance"": 0, ""direction"": ""self""}]",n/a,Semantic,Dictionary,1.0,False,,Albuquerque,"[{""tk"": ""Albuquerque"", ""act"": 5.9497809410095215}, {""tk"": ""city"", ""act"": 0.0}, {""tk"": ""in"", ""act"": 0.0}, {""tk"": ""Mexico"", ""act"": 0.0}, {""tk"": ""USA"", ""act"": 0.0}, {""tk"": ""is"", ""act"": 0.0}, {""tk"": ""The"", ""act"": 0.0}, {""tk"": ""capital"", ""act"": 0.0}, {""tk"": ""of"", ""act"": 0.0}, {""tk"": ""state"", ""act"": 0.0}, {""tk"": ""attribute"", ""act"": 0.0}, {""tk"": ""serving"", ""act"": 0.0}, {""tk"": ""government"", ""act"": 0.0}, {""tk"": ""which"", ""act"": 0.0}, {""tk"": ""containing"", ""act"": 0.0}]"
0_52009,0,52009,attribute: The primary city serving as the seat of government for a state is the capital city,<bos>,0,0.0,0.0,semantic,"[{""token"": ""<bos>"", ""index"": 0, ""distance"": 0, ""direction"": ""self""}]",n/a,Semantic,Dictionary,1.0,False,,containing,"[{""tk"": ""containing"", ""act"": 7.867442607879639}, {""tk"": ""city"", ""act"": 0.0}, {""tk"": ""in"", ""act"": 0.0}, {""tk"": ""Mexico"", ""act"": 0.0}, {""tk"": ""USA"", ""act"": 0.0}, {""tk"": ""is"", ""act"": 0.0}, {""tk"": ""Albuquerque"", ""act"": 0.0}, {""tk"": ""The"", ""act"": 0.0}, {""tk"": ""capital"", ""act"": 0.0}, {""tk"": ""of"", ""act"": 0.0}, {""tk"": ""state"", ""act"": 0.0}, {""tk"": ""attribute"", ""act"": 0.0}, {""tk"": ""serving"", ""act"": 0.0}, {""tk"": ""government"", ""act"": 0.0}, {""tk"": ""which"", ""act"": 0.0}]"
0_52264,0,52264,attribute: The primary city serving as the seat of government for a state is the capital city,<bos>,0,0.0,0.0,semantic,"[{""token"": ""<bos>"", ""index"": 0, ""distance"": 0, ""direction"": ""self""}]",n/a,Semantic,Dictionary,1.0,False,,containing,"[{""tk"": ""containing"", ""act"": 9.985231399536133}, {""tk"": ""city"", ""act"": 0.0}, {""tk"": ""in"", ""act"": 0.0}, {""tk"": ""Mexico"", ""act"": 0.0}, {""tk"": ""USA"", ""act"": 0.0}, {""tk"": ""is"", ""act"": 0.0}, {""tk"": ""Albuquerque"", ""act"": 0.0}, {""tk"": ""The"", ""act"": 0.0}, {""tk"": ""capital"", ""act"": 0.0}, {""tk"": ""of"", ""act"": 0.0}, {""tk"": ""state"", ""act"": 0.0}, {""tk"": ""attribute"", ""act"": 0.0}, {""tk"": ""serving"", ""act"": 0.0}, {""tk"": ""government"", ""act"": 0.0}, {""tk"": ""which"", ""act"": 0.0}]"
0_54197,0,54197,attribute: The primary city serving as the seat of government for a state is the capital city,<bos>,0,0.0,0.0,semantic,"[{""token"": ""<bos>"", ""index"": 0, ""distance"": 0, ""direction"": ""self""}]",n/a,Semantic,Dictionary,1.0,False,,containing,"[{""tk"": ""containing"", ""act"": 11.77919864654541}, {""tk"": ""city"", ""act"": 0.0}, {""tk"": ""in"", ""act"": 0.0}, {""tk"": ""Mexico"", ""act"": 0.0}, {""tk"": ""USA"", ""act"": 0.0}, {""tk"": ""is"", ""act"": 0.0}, {""tk"": ""Albuquerque"", ""act"": 0.0}, {""tk"": ""The"", ""act"": 0.0}, {""tk"": ""capital"", ""act"": 0.0}, {""tk"": ""of"", ""act"": 0.0}, {""tk"": ""state"", ""act"": 0.0}, {""tk"": ""attribute"", ""act"": 0.0}, {""tk"": ""serving"", ""act"": 0.0}, {""tk"": ""government"", ""act"": 0.0}, {""tk"": ""which"", ""act"": 0.0}]"
0_56748,0,56748,attribute: The primary city serving as the seat of government for a state is the capital city,<bos>,0,0.0,0.0,semantic,"[{""token"": ""<bos>"", ""index"": 0, ""distance"": 0, ""direction"": ""self""}]",n/a,Semantic,Dictionary (fallback),0.9,False,,state,"[{""tk"": ""state"", ""act"": 13.299398422241211}, {""tk"": ""city"", ""act"": 0.0}, {""tk"": ""in"", ""act"": 0.0}, {""tk"": ""Mexico"", ""act"": 0.0}, {""tk"": ""USA"", ""act"": 0.0}, {""tk"": ""is"", ""act"": 0.0}, {""tk"": ""Albuquerque"", ""act"": 0.0}, {""tk"": ""The"", ""act"": 0.0}, {""tk"": ""capital"", ""act"": 0.0}, {""tk"": ""of"", ""act"": 0.0}, {""tk"": ""attribute"", ""act"": 0.0}, {""tk"": ""serving"", ""act"": 0.0}, {""tk"": ""government"", ""act"": 0.0}, {""tk"": ""which"", ""act"": 0.0}, {""tk"": ""containing"", ""act"": 0.0}]"
0_62872,0,62872,attribute: The primary city serving as the seat of government for a state is the capital city,<bos>,0,0.0,0.0,semantic,"[{""token"": ""<bos>"", ""index"": 0, ""distance"": 0, ""direction"": ""self""}]",n/a,Relationship,,1.0,False,,(city) related,"[{""tk"": ""city"", ""act"": 0.0}, {""tk"": ""in"", ""act"": 0.0}, {""tk"": ""Mexico"", ""act"": 0.0}, {""tk"": ""USA"", ""act"": 0.0}, {""tk"": ""is"", ""act"": 0.0}, {""tk"": ""Albuquerque"", ""act"": 0.0}, {""tk"": ""The"", ""act"": 0.0}, {""tk"": ""capital"", ""act"": 0.0}, {""tk"": ""of"", ""act"": 0.0}, {""tk"": ""state"", ""act"": 0.0}, {""tk"": ""attribute"", ""act"": 0.0}, {""tk"": ""serving"", ""act"": 0.0}, {""tk"": ""government"", ""act"": 0.0}, {""tk"": ""which"", ""act"": 0.0}, {""tk"": ""containing"", ""act"": 0.0}]"
0_66754,0,66754,attribute: The primary city serving as the seat of government for a state is the capital city,<bos>,0,0.0,0.0,semantic,"[{""token"": ""<bos>"", ""index"": 0, ""distance"": 0, ""direction"": ""self""}]",n/a,Semantic,Dictionary,1.0,False,,containing,"[{""tk"": ""containing"", ""act"": 12.251155853271484}, {""tk"": ""city"", ""act"": 0.0}, {""tk"": ""in"", ""act"": 0.0}, {""tk"": ""Mexico"", ""act"": 0.0}, {""tk"": ""USA"", ""act"": 0.0}, {""tk"": ""is"", ""act"": 0.0}, {""tk"": ""Albuquerque"", ""act"": 0.0}, {""tk"": ""The"", ""act"": 0.0}, {""tk"": ""capital"", ""act"": 0.0}, {""tk"": ""of"", ""act"": 0.0}, {""tk"": ""state"", ""act"": 0.0}, {""tk"": ""attribute"", ""act"": 0.0}, {""tk"": ""serving"", ""act"": 0.0}, {""tk"": ""government"", ""act"": 0.0}, {""tk"": ""which"", ""act"": 0.0}]"
0_67553,0,67553,attribute: The primary city serving as the seat of government for a state is the capital city,<bos>,0,0.0,0.0,semantic,"[{""token"": ""<bos>"", ""index"": 0, ""distance"": 0, ""direction"": ""self""}]",n/a,Semantic,Dictionary,1.0,False,,containing,"[{""tk"": ""containing"", ""act"": 16.307926177978516}, {""tk"": ""city"", ""act"": 0.0}, {""tk"": ""in"", ""act"": 0.0}, {""tk"": ""Mexico"", ""act"": 0.0}, {""tk"": ""USA"", ""act"": 0.0}, {""tk"": ""is"", ""act"": 0.0}, {""tk"": ""Albuquerque"", ""act"": 0.0}, {""tk"": ""The"", ""act"": 0.0}, {""tk"": ""capital"", ""act"": 0.0}, {""tk"": ""of"", ""act"": 0.0}, {""tk"": ""state"", ""act"": 0.0}, {""tk"": ""attribute"", ""act"": 0.0}, {""tk"": ""serving"", ""act"": 0.0}, {""tk"": ""government"", ""act"": 0.0}, {""tk"": ""which"", ""act"": 0.0}]"
0_81697,0,81697,attribute: The primary city serving as the seat of government for a state is the capital city,<bos>,0,0.0,0.0,semantic,"[{""token"": ""<bos>"", ""index"": 0, ""distance"": 0, ""direction"": ""self""}]",n/a,Semantic,Dictionary,1.0,False,,Albuquerque,"[{""tk"": ""Albuquerque"", ""act"": 10.892292976379395}, {""tk"": ""city"", ""act"": 0.0}, {""tk"": ""in"", ""act"": 0.0}, {""tk"": ""Mexico"", ""act"": 0.0}, {""tk"": ""USA"", ""act"": 0.0}, {""tk"": ""is"", ""act"": 0.0}, {""tk"": ""The"", ""act"": 0.0}, {""tk"": ""capital"", ""act"": 0.0}, {""tk"": ""of"", ""act"": 0.0}, {""tk"": ""state"", ""act"": 0.0}, {""tk"": ""attribute"", ""act"": 0.0}, {""tk"": ""serving"", ""act"": 0.0}, {""tk"": ""government"", ""act"": 0.0}, {""tk"": ""which"", ""act"": 0.0}, {""tk"": ""containing"", ""act"": 0.0}]"
0_87610,0,87610,attribute: The primary city serving as the seat of government for a state is the capital city,<bos>,0,0.0,0.0,semantic,"[{""token"": ""<bos>"", ""index"": 0, ""distance"": 0, ""direction"": ""self""}]",n/a,Semantic,Dictionary,1.0,False,,Albuquerque,"[{""tk"": ""Albuquerque"", ""act"": 6.979316234588623}, {""tk"": ""city"", ""act"": 0.0}, {""tk"": ""in"", ""act"": 0.0}, {""tk"": ""Mexico"", ""act"": 0.0}, {""tk"": ""USA"", ""act"": 0.0}, {""tk"": ""is"", ""act"": 0.0}, {""tk"": ""The"", ""act"": 0.0}, {""tk"": ""capital"", ""act"": 0.0}, {""tk"": ""of"", ""act"": 0.0}, {""tk"": ""state"", ""act"": 0.0}, {""tk"": ""attribute"", ""act"": 0.0}, {""tk"": ""serving"", ""act"": 0.0}, {""tk"": ""government"", ""act"": 0.0}, {""tk"": ""which"", ""act"": 0.0}, {""tk"": ""containing"", ""act"": 0.0}]"
0_88875,0,88875,attribute: The primary city serving as the seat of government for a state is the capital city,<bos>,0,0.0,0.0,semantic,"[{""token"": ""<bos>"", ""index"": 0, ""distance"": 0, ""direction"": ""self""}]",n/a,Semantic,Dictionary,1.0,False,,containing,"[{""tk"": ""containing"", ""act"": 13.765202522277832}, {""tk"": ""city"", ""act"": 0.0}, {""tk"": ""in"", ""act"": 0.0}, {""tk"": ""Mexico"", ""act"": 0.0}, {""tk"": ""USA"", ""act"": 0.0}, {""tk"": ""is"", ""act"": 0.0}, {""tk"": ""Albuquerque"", ""act"": 0.0}, {""tk"": ""The"", ""act"": 0.0}, {""tk"": ""capital"", ""act"": 0.0}, {""tk"": ""of"", ""act"": 0.0}, {""tk"": ""state"", ""act"": 0.0}, {""tk"": ""attribute"", ""act"": 0.0}, {""tk"": ""serving"", ""act"": 0.0}, {""tk"": ""government"", ""act"": 0.0}, {""tk"": ""which"", ""act"": 0.0}]"
1_12928,1,12928,attribute: The primary city serving as the seat of government for a state is the capital city,<bos>,0,424.2139587402344,0.794430754693184,semantic,"[{""token"": ""<bos>"", ""index"": 0, ""distance"": 0, ""direction"": ""self""}]",n/a,Semantic,Dictionary (fallback),0.9,False,,Semantic (unknown),"[{""tk"": ""attribute"", ""act"": 116.61937713623047}, {""tk"": ""Mexico"", ""act"": 104.39421081542969}, {""tk"": ""city"", ""act"": 102.33412170410156}, {""tk"": ""state"", ""act"": 91.09199523925781}, {""tk"": ""Albuquerque"", ""act"": 88.14775085449219}, {""tk"": ""is"", ""act"": 87.51624298095703}, {""tk"": ""government"", ""act"": 86.91158294677734}, {""tk"": ""USA"", ""act"": 86.48966217041016}, {""tk"": ""the"", ""act"": 86.17095947265625}, {""tk"": ""which"", ""act"": 82.6561279296875}, {""tk"": ""capital"", ""act"": 74.68241882324219}, {""tk"": ""in"", ""act"": 73.71795654296875}, {""tk"": ""of"", ""act"": 68.17405700683594}, {""tk"": ""serving"", ""act"": 64.7063980102539}, {""tk"": ""containing"", ""act"": 62.237648010253906}]"
1_57794,1,57794,attribute: The primary city serving as the seat of government for a state is the capital city,<bos>,0,388.9909057617188,0.7685000115367483,semantic,"[{""token"": ""<bos>"", ""index"": 0, ""distance"": 0, ""direction"": ""self""}]",n/a,Semantic,Dictionary (fallback),0.9,False,,Semantic (unknown),"[{""tk"": ""attribute"", ""act"": 125.1230239868164}, {""tk"": ""The"", ""act"": 90.81844329833984}, {""tk"": ""state"", ""act"": 85.2448959350586}, {""tk"": ""USA"", ""act"": 85.21576690673828}, {""tk"": ""is"", ""act"": 84.57393646240234}, {""tk"": ""Albuquerque"", ""act"": 84.56226348876953}, {""tk"": ""of"", ""act"": 81.49526977539062}, {""tk"": ""serving"", ""act"": 81.41454315185547}, {""tk"": ""in"", ""act"": 80.10187530517578}, {""tk"": ""which"", ""act"": 78.58411407470703}, {""tk"": ""city"", ""act"": 78.5748291015625}, {""tk"": ""government"", ""act"": 78.36383819580078}, {""tk"": ""capital"", ""act"": 77.23419952392578}, {""tk"": ""Mexico"", ""act"": 75.4376449584961}, {""tk"": ""containing"", ""act"": 74.69670104980469}]"
1_72774,1,72774,attribute: The primary city serving as the seat of government for a state is the capital city, primary,4,122.49185180664062,0.3362006884922011,semantic,"[{""token"": "" primary"", ""index"": 4, ""distance"": 0, ""direction"": ""self""}]",n/a,Relationship,,1.0,False,,(serving) related,"[{""tk"": ""serving"", ""act"": 112.18031311035156}, {""tk"": ""capital"", ""act"": 102.21701049804688}, {""tk"": ""city"", ""act"": 98.39340209960938}, {""tk"": ""containing"", ""act"": 97.6826171875}, {""tk"": ""state"", ""act"": 91.85028076171875}, {""tk"": ""is"", ""act"": 90.29220581054688}, {""tk"": ""government"", ""act"": 84.53697204589844}, {""tk"": ""USA"", ""act"": 82.76144409179688}, {""tk"": ""the"", ""act"": 78.6541748046875}, {""tk"": ""of"", ""act"": 78.48052978515625}, {""tk"": ""Albuquerque"", ""act"": 78.05813598632812}, {""tk"": ""Mexico"", ""act"": 72.91175842285156}, {""tk"": ""which"", ""act"": 71.98298645019531}, {""tk"": ""in"", ""act"": 71.59417724609375}, {""tk"": ""attribute"", ""act"": 23.17362403869629}]"
1_52044,1,52044,attribute: The primary city serving as the seat of government for a state is the capital city, capital,17,118.56844329833984,0.3038814364677411,semantic,"[{""token"": "" capital"", ""index"": 17, ""distance"": 0, ""direction"": ""self""}]",n/a,Relationship,,1.0,False,,(containing) related,"[{""tk"": ""containing"", ""act"": 125.91358184814453}, {""tk"": ""capital"", ""act"": 118.56844329833984}, {""tk"": ""city"", ""act"": 112.72059631347656}, {""tk"": ""state"", ""act"": 110.67672729492188}, {""tk"": ""serving"", ""act"": 106.8580551147461}, {""tk"": ""USA"", ""act"": 93.92649841308594}, {""tk"": ""government"", ""act"": 92.29335021972656}, {""tk"": ""is"", ""act"": 88.68705749511719}, {""tk"": ""which"", ""act"": 87.12095642089844}, {""tk"": ""The"", ""act"": 81.9691162109375}, {""tk"": ""in"", ""act"": 78.93173217773438}, {""tk"": ""of"", ""act"": 75.42842864990234}, {""tk"": ""Albuquerque"", ""act"": 75.38298797607422}, {""tk"": ""Mexico"", ""act"": 72.02467346191406}, {""tk"": ""attribute"", ""act"": 43.5494384765625}]"
1_85217,1,85217,attribute: The primary city serving as the seat of government for a state is the capital city, capital,17,20.99380874633789,0.9473684210526316,semantic,"[{""token"": "" capital"", ""index"": 17, ""distance"": 0, ""direction"": ""self""}]",n/a,Semantic,Dictionary,1.0,False,,capital,"[{""tk"": ""capital"", ""act"": 20.99380874633789}, {""tk"": ""city"", ""act"": 0.0}, {""tk"": ""in"", ""act"": 0.0}, {""tk"": ""Mexico"", ""act"": 0.0}, {""tk"": ""USA"", ""act"": 0.0}, {""tk"": ""is"", ""act"": 0.0}, {""tk"": ""Albuquerque"", ""act"": 0.0}, {""tk"": ""The"", ""act"": 0.0}, {""tk"": ""of"", ""act"": 0.0}, {""tk"": ""state"", ""act"": 0.0}, {""tk"": ""attribute"", ""act"": 0.0}, {""tk"": ""serving"", ""act"": 0.0}, {""tk"": ""government"", ""act"": 0.0}, {""tk"": ""which"", ""act"": 0.0}, {""tk"": ""containing"", ""act"": 0.0}]"
1_74380,1,74380,attribute: The primary city serving as the seat of government for a state is the capital city, capital,17,13.881332397460938,0.9383958912370068,semantic,"[{""token"": "" capital"", ""index"": 17, ""distance"": 0, ""direction"": ""self""}]",n/a,Semantic,Dictionary,1.0,False,,capital,"[{""tk"": ""capital"", ""act"": 17.934070587158203}, {""tk"": ""city"", ""act"": 0.0}, {""tk"": ""in"", ""act"": 0.0}, {""tk"": ""Mexico"", ""act"": 0.0}, {""tk"": ""USA"", ""act"": 0.0}, {""tk"": ""is"", ""act"": 0.0}, {""tk"": ""Albuquerque"", ""act"": 0.0}, {""tk"": ""The"", ""act"": 0.0}, {""tk"": ""of"", ""act"": 0.0}, {""tk"": ""state"", ""act"": 0.0}, {""tk"": ""attribute"", ""act"": 0.0}, {""tk"": ""serving"", ""act"": 0.0}, {""tk"": ""government"", ""act"": 0.0}, {""tk"": ""which"", ""act"": 0.0}, {""tk"": ""containing"", ""act"": 0.0}]"
1_18568,1,18568,attribute: The primary city serving as the seat of government for a state is the capital city, is,15,5.408833980560303,0.9473684210526316,functional,"[{""token"": "" capital"", ""index"": 17, ""distance"": 2, ""direction"": ""forward""}]",json,Semantic,Dictionary,0.8333333333333334,False,,is,"[{""tk"": ""is"", ""act"": 5.408833980560303}, {""tk"": ""city"", ""act"": 0.0}, {""tk"": ""in"", ""act"": 0.0}, {""tk"": ""Mexico"", ""act"": 0.0}, {""tk"": ""USA"", ""act"": 0.0}, {""tk"": ""Albuquerque"", ""act"": 0.0}, {""tk"": ""The"", ""act"": 0.0}, {""tk"": ""capital"", ""act"": 0.0}, {""tk"": ""of"", ""act"": 0.0}, {""tk"": ""state"", ""act"": 0.0}, {""tk"": ""attribute"", ""act"": 0.0}, {""tk"": ""serving"", ""act"": 0.0}, {""tk"": ""government"", ""act"": 0.0}, {""tk"": ""which"", ""act"": 0.0}, {""tk"": ""containing"", ""act"": 0.0}]"
1_2630,1,2630,attribute: The primary city serving as the seat of government for a state is the capital city,<bos>,0,0.0,0.0,semantic,"[{""token"": ""<bos>"", ""index"": 0, ""distance"": 0, ""direction"": ""self""}]",n/a,Semantic,Dictionary,1.0,False,,Albuquerque,"[{""tk"": ""Albuquerque"", ""act"": 18.467029571533203}, {""tk"": ""city"", ""act"": 0.0}, {""tk"": ""in"", ""act"": 0.0}, {""tk"": ""Mexico"", ""act"": 0.0}, {""tk"": ""USA"", ""act"": 0.0}, {""tk"": ""is"", ""act"": 0.0}, {""tk"": ""The"", ""act"": 0.0}, {""tk"": ""capital"", ""act"": 0.0}, {""tk"": ""of"", ""act"": 0.0}, {""tk"": ""state"", ""act"": 0.0}, {""tk"": ""attribute"", ""act"": 0.0}, {""tk"": ""serving"", ""act"": 0.0}, {""tk"": ""government"", ""act"": 0.0}, {""tk"": ""which"", ""act"": 0.0}, {""tk"": ""containing"", ""act"": 0.0}]"
1_6948,1,6948,attribute: The primary city serving as the seat of government for a state is the capital city,<bos>,0,0.0,0.0,semantic,"[{""token"": ""<bos>"", ""index"": 0, ""distance"": 0, ""direction"": ""self""}]",n/a,Semantic,Dictionary,1.0,False,,Albuquerque,"[{""tk"": ""Albuquerque"", ""act"": 19.919034957885742}, {""tk"": ""city"", ""act"": 0.0}, {""tk"": ""in"", ""act"": 0.0}, {""tk"": ""Mexico"", ""act"": 0.0}, {""tk"": ""USA"", ""act"": 0.0}, {""tk"": ""is"", ""act"": 0.0}, {""tk"": ""The"", ""act"": 0.0}, {""tk"": ""capital"", ""act"": 0.0}, {""tk"": ""of"", ""act"": 0.0}, {""tk"": ""state"", ""act"": 0.0}, {""tk"": ""attribute"", ""act"": 0.0}, {""tk"": ""serving"", ""act"": 0.0}, {""tk"": ""government"", ""act"": 0.0}, {""tk"": ""which"", ""act"": 0.0}, {""tk"": ""containing"", ""act"": 0.0}]"
1_38874,1,38874,attribute: The primary city serving as the seat of government for a state is the capital city,<bos>,0,0.0,0.0,semantic,"[{""token"": ""<bos>"", ""index"": 0, ""distance"": 0, ""direction"": ""self""}]",n/a,Semantic,Dictionary,1.0,False,,Albuquerque,"[{""tk"": ""Albuquerque"", ""act"": 13.94074821472168}, {""tk"": ""city"", ""act"": 0.0}, {""tk"": ""in"", ""act"": 0.0}, {""tk"": ""Mexico"", ""act"": 0.0}, {""tk"": ""USA"", ""act"": 0.0}, {""tk"": ""is"", ""act"": 0.0}, {""tk"": ""The"", ""act"": 0.0}, {""tk"": ""capital"", ""act"": 0.0}, {""tk"": ""of"", ""act"": 0.0}, {""tk"": ""state"", ""act"": 0.0}, {""tk"": ""attribute"", ""act"": 0.0}, {""tk"": ""serving"", ""act"": 0.0}, {""tk"": ""government"", ""act"": 0.0}, {""tk"": ""which"", ""act"": 0.0}, {""tk"": ""containing"", ""act"": 0.0}]"
1_64129,1,64129,attribute: The primary city serving as the seat of government for a state is the capital city,<bos>,0,0.0,0.0,semantic,"[{""token"": ""<bos>"", ""index"": 0, ""distance"": 0, ""direction"": ""self""}]",n/a,Relationship,,1.0,False,,(city) related,"[{""tk"": ""city"", ""act"": 0.0}, {""tk"": ""in"", ""act"": 0.0}, {""tk"": ""Mexico"", ""act"": 0.0}, {""tk"": ""USA"", ""act"": 0.0}, {""tk"": ""is"", ""act"": 0.0}, {""tk"": ""Albuquerque"", ""act"": 0.0}, {""tk"": ""The"", ""act"": 0.0}, {""tk"": ""capital"", ""act"": 0.0}, {""tk"": ""of"", ""act"": 0.0}, {""tk"": ""state"", ""act"": 0.0}, {""tk"": ""attribute"", ""act"": 0.0}, {""tk"": ""serving"", ""act"": 0.0}, {""tk"": ""government"", ""act"": 0.0}, {""tk"": ""which"", ""act"": 0.0}, {""tk"": ""containing"", ""act"": 0.0}]"
1_68763,1,68763,attribute: The primary city serving as the seat of government for a state is the capital city,<bos>,0,0.0,0.0,semantic,"[{""token"": ""<bos>"", ""index"": 0, ""distance"": 0, ""direction"": ""self""}]",n/a,Relationship,,1.0,False,,(city) related,"[{""tk"": ""city"", ""act"": 0.0}, {""tk"": ""in"", ""act"": 0.0}, {""tk"": ""Mexico"", ""act"": 0.0}, {""tk"": ""USA"", ""act"": 0.0}, {""tk"": ""is"", ""act"": 0.0}, {""tk"": ""Albuquerque"", ""act"": 0.0}, {""tk"": ""The"", ""act"": 0.0}, {""tk"": ""capital"", ""act"": 0.0}, {""tk"": ""of"", ""act"": 0.0}, {""tk"": ""state"", ""act"": 0.0}, {""tk"": ""attribute"", ""act"": 0.0}, {""tk"": ""serving"", ""act"": 0.0}, {""tk"": ""government"", ""act"": 0.0}, {""tk"": ""which"", ""act"": 0.0}, {""tk"": ""containing"", ""act"": 0.0}]"
1_73733,1,73733,attribute: The primary city serving as the seat of government for a state is the capital city,<bos>,0,0.0,0.0,semantic,"[{""token"": ""<bos>"", ""index"": 0, ""distance"": 0, ""direction"": ""self""}]",n/a,Relationship,,1.0,False,,(city) related,"[{""tk"": ""city"", ""act"": 0.0}, {""tk"": ""in"", ""act"": 0.0}, {""tk"": ""Mexico"", ""act"": 0.0}, {""tk"": ""USA"", ""act"": 0.0}, {""tk"": ""is"", ""act"": 0.0}, {""tk"": ""Albuquerque"", ""act"": 0.0}, {""tk"": ""The"", ""act"": 0.0}, {""tk"": ""capital"", ""act"": 0.0}, {""tk"": ""of"", ""act"": 0.0}, {""tk"": ""state"", ""act"": 0.0}, {""tk"": ""attribute"", ""act"": 0.0}, {""tk"": ""serving"", ""act"": 0.0}, {""tk"": ""government"", ""act"": 0.0}, {""tk"": ""which"", ""act"": 0.0}, {""tk"": ""containing"", ""act"": 0.0}]"
2_1890,2,1890,attribute: The primary city serving as the seat of government for a state is the capital city, capital,17,25.489017486572266,0.9473684210526316,semantic,"[{""token"": "" capital"", ""index"": 17, ""distance"": 0, ""direction"": ""self""}]",n/a,Semantic,Dictionary,1.0,False,,capital,"[{""tk"": ""capital"", ""act"": 25.489017486572266}, {""tk"": ""city"", ""act"": 0.0}, {""tk"": ""in"", ""act"": 0.0}, {""tk"": ""Mexico"", ""act"": 0.0}, {""tk"": ""USA"", ""act"": 0.0}, {""tk"": ""is"", ""act"": 0.0}, {""tk"": ""Albuquerque"", ""act"": 0.0}, {""tk"": ""The"", ""act"": 0.0}, {""tk"": ""of"", ""act"": 0.0}, {""tk"": ""state"", ""act"": 0.0}, {""tk"": ""attribute"", ""act"": 0.0}, {""tk"": ""serving"", ""act"": 0.0}, {""tk"": ""government"", ""act"": 0.0}, {""tk"": ""which"", ""act"": 0.0}, {""tk"": ""containing"", ""act"": 0.0}]"
2_36902,2,36902,attribute: The primary city serving as the seat of government for a state is the capital city,<bos>,0,11.273969650268556,0.9073629388552724,semantic,"[{""token"": ""<bos>"", ""index"": 0, ""distance"": 0, ""direction"": ""self""}]",n/a,Semantic,Dictionary (fallback),0.9,False,,capital,"[{""tk"": ""capital"", ""act"": 20.3389949798584}, {""tk"": ""city"", ""act"": 0.0}, {""tk"": ""in"", ""act"": 0.0}, {""tk"": ""Mexico"", ""act"": 0.0}, {""tk"": ""USA"", ""act"": 0.0}, {""tk"": ""is"", ""act"": 0.0}, {""tk"": ""Albuquerque"", ""act"": 0.0}, {""tk"": ""The"", ""act"": 0.0}, {""tk"": ""of"", ""act"": 0.0}, {""tk"": ""state"", ""act"": 0.0}, {""tk"": ""attribute"", ""act"": 0.0}, {""tk"": ""serving"", ""act"": 0.0}, {""tk"": ""government"", ""act"": 0.0}, {""tk"": ""which"", ""act"": 0.0}, {""tk"": ""containing"", ""act"": 0.0}]"
2_76232,2,76232,attribute: The primary city serving as the seat of government for a state is the capital city, is,15,11.182415008544922,0.9473684210526316,functional,"[{""token"": "" capital"", ""index"": 17, ""distance"": 2, ""direction"": ""forward""}]",json,Semantic,Dictionary (fallback),0.9,False,,is,"[{""tk"": ""is"", ""act"": 11.182415008544922}, {""tk"": ""city"", ""act"": 0.0}, {""tk"": ""in"", ""act"": 0.0}, {""tk"": ""Mexico"", ""act"": 0.0}, {""tk"": ""USA"", ""act"": 0.0}, {""tk"": ""Albuquerque"", ""act"": 0.0}, {""tk"": ""The"", ""act"": 0.0}, {""tk"": ""capital"", ""act"": 0.0}, {""tk"": ""of"", ""act"": 0.0}, {""tk"": ""state"", ""act"": 0.0}, {""tk"": ""attribute"", ""act"": 0.0}, {""tk"": ""serving"", ""act"": 0.0}, {""tk"": ""government"", ""act"": 0.0}, {""tk"": ""which"", ""act"": 0.0}, {""tk"": ""containing"", ""act"": 0.0}]"
2_4865,2,4865,attribute: The primary city serving as the seat of government for a state is the capital city, capital,17,3.5495402812957764,0.9152162319959302,semantic,"[{""token"": "" capital"", ""index"": 17, ""distance"": 0, ""direction"": ""self""}]",n/a,Semantic,Dictionary,1.0,False,,capital,"[{""tk"": ""capital"", ""act"": 3.5495402812957764}, {""tk"": ""city"", ""act"": 0.0}, {""tk"": ""in"", ""act"": 0.0}, {""tk"": ""Mexico"", ""act"": 0.0}, {""tk"": ""USA"", ""act"": 0.0}, {""tk"": ""is"", ""act"": 0.0}, {""tk"": ""Albuquerque"", ""act"": 0.0}, {""tk"": ""The"", ""act"": 0.0}, {""tk"": ""of"", ""act"": 0.0}, {""tk"": ""state"", ""act"": 0.0}, {""tk"": ""attribute"", ""act"": 0.0}, {""tk"": ""serving"", ""act"": 0.0}, {""tk"": ""government"", ""act"": 0.0}, {""tk"": ""which"", ""act"": 0.0}, {""tk"": ""containing"", ""act"": 0.0}]"
2_82010,2,82010,attribute: The primary city serving as the seat of government for a state is the capital city, is,15,2.2558460235595703,0.9473684210526316,functional,"[{""token"": "" capital"", ""index"": 17, ""distance"": 2, ""direction"": ""forward""}]",json,Semantic,Dictionary (fallback),0.9,False,,is,"[{""tk"": ""is"", ""act"": 10.074061393737793}, {""tk"": ""city"", ""act"": 0.0}, {""tk"": ""in"", ""act"": 0.0}, {""tk"": ""Mexico"", ""act"": 0.0}, {""tk"": ""USA"", ""act"": 0.0}, {""tk"": ""Albuquerque"", ""act"": 0.0}, {""tk"": ""The"", ""act"": 0.0}, {""tk"": ""capital"", ""act"": 0.0}, {""tk"": ""of"", ""act"": 0.0}, {""tk"": ""state"", ""act"": 0.0}, {""tk"": ""attribute"", ""act"": 0.0}, {""tk"": ""serving"", ""act"": 0.0}, {""tk"": ""government"", ""act"": 0.0}, {""tk"": ""which"", ""act"": 0.0}, {""tk"": ""containing"", ""act"": 0.0}]"
3_52779,3,52779,attribute: The primary city serving as the seat of government for a state is the capital city,<bos>,0,57.80674362182617,0.9426159867412396,semantic,"[{""token"": ""<bos>"", ""index"": 0, ""distance"": 0, ""direction"": ""self""}]",n/a,Semantic,Dictionary (fallback),0.9,False,,Semantic (unknown),"[{""tk"": ""in"", ""act"": 22.74864959716797}, {""tk"": ""containing"", ""act"": 17.660171508789062}, {""tk"": ""the"", ""act"": 13.811017036437988}, {""tk"": ""is"", ""act"": 13.126309394836426}, {""tk"": ""which"", ""act"": 9.762779235839844}, {""tk"": ""city"", ""act"": 0.0}, {""tk"": ""Mexico"", ""act"": 0.0}, {""tk"": ""USA"", ""act"": 0.0}, {""tk"": ""Albuquerque"", ""act"": 0.0}, {""tk"": ""capital"", ""act"": 0.0}, {""tk"": ""of"", ""act"": 0.0}, {""tk"": ""state"", ""act"": 0.0}, {""tk"": ""attribute"", ""act"": 0.0}, {""tk"": ""serving"", ""act"": 0.0}, {""tk"": ""government"", ""act"": 0.0}]"
3_66403,3,66403,attribute: The primary city serving as the seat of government for a state is the capital city,<bos>,0,25.196081161499023,0.9473684210526316,semantic,"[{""token"": ""<bos>"", ""index"": 0, ""distance"": 0, ""direction"": ""self""}]",n/a,Semantic,Dictionary (fallback),0.9,False,,Semantic (unknown),"[{""tk"": ""city"", ""act"": 0.0}, {""tk"": ""in"", ""act"": 0.0}, {""tk"": ""Mexico"", ""act"": 0.0}, {""tk"": ""USA"", ""act"": 0.0}, {""tk"": ""is"", ""act"": 0.0}, {""tk"": ""Albuquerque"", ""act"": 0.0}, {""tk"": ""The"", ""act"": 0.0}, {""tk"": ""capital"", ""act"": 0.0}, {""tk"": ""of"", ""act"": 0.0}, {""tk"": ""state"", ""act"": 0.0}, {""tk"": ""attribute"", ""act"": 0.0}, {""tk"": ""serving"", ""act"": 0.0}, {""tk"": ""government"", ""act"": 0.0}, {""tk"": ""which"", ""act"": 0.0}, {""tk"": ""containing"", ""act"": 0.0}]"
3_91022,3,91022,attribute: The primary city serving as the seat of government for a state is the capital city,<bos>,0,11.119747161865234,0.9029315115548974,semantic,"[{""token"": ""<bos>"", ""index"": 0, ""distance"": 0, ""direction"": ""self""}]",n/a,Semantic,Dictionary (fallback),0.9,False,,Semantic (unknown),"[{""tk"": ""containing"", ""act"": 6.780716419219971}, {""tk"": ""serving"", ""act"": 5.3664069175720215}, {""tk"": ""city"", ""act"": 0.0}, {""tk"": ""in"", ""act"": 0.0}, {""tk"": ""Mexico"", ""act"": 0.0}, {""tk"": ""USA"", ""act"": 0.0}, {""tk"": ""is"", ""act"": 0.0}, {""tk"": ""Albuquerque"", ""act"": 0.0}, {""tk"": ""The"", ""act"": 0.0}, {""tk"": ""capital"", ""act"": 0.0}, {""tk"": ""of"", ""act"": 0.0}, {""tk"": ""state"", ""act"": 0.0}, {""tk"": ""attribute"", ""act"": 0.0}, {""tk"": ""government"", ""act"": 0.0}, {""tk"": ""which"", ""act"": 0.0}]"
3_13967,3,13967,attribute: The primary city serving as the seat of government for a state is the capital city, is,15,4.416414260864258,0.9431543309543644,functional,"[{""token"": "" capital"", ""index"": 17, ""distance"": 2, ""direction"": ""forward""}]",json,Semantic,Dictionary (fallback),0.9,False,,of,"[{""tk"": ""of"", ""act"": 11.243531227111816}, {""tk"": ""is"", ""act"": 7.48383903503418}, {""tk"": ""the"", ""act"": 0.35361218452453613}, {""tk"": ""city"", ""act"": 0.0}, {""tk"": ""in"", ""act"": 0.0}, {""tk"": ""Mexico"", ""act"": 0.0}, {""tk"": ""USA"", ""act"": 0.0}, {""tk"": ""Albuquerque"", ""act"": 0.0}, {""tk"": ""capital"", ""act"": 0.0}, {""tk"": ""state"", ""act"": 0.0}, {""tk"": ""attribute"", ""act"": 0.0}, {""tk"": ""serving"", ""act"": 0.0}, {""tk"": ""government"", ""act"": 0.0}, {""tk"": ""which"", ""act"": 0.0}, {""tk"": ""containing"", ""act"": 0.0}]"
3_28747,3,28747,attribute: The primary city serving as the seat of government for a state is the capital city,<bos>,0,0.0,0.0,semantic,"[{""token"": ""<bos>"", ""index"": 0, ""distance"": 0, ""direction"": ""self""}]",n/a,Semantic,Dictionary (fallback),0.9,False,,of,"[{""tk"": ""of"", ""act"": 17.464412689208984}, {""tk"": ""is"", ""act"": 1.2342638969421387}, {""tk"": ""city"", ""act"": 0.0}, {""tk"": ""in"", ""act"": 0.0}, {""tk"": ""Mexico"", ""act"": 0.0}, {""tk"": ""USA"", ""act"": 0.0}, {""tk"": ""Albuquerque"", ""act"": 0.0}, {""tk"": ""The"", ""act"": 0.0}, {""tk"": ""capital"", ""act"": 0.0}, {""tk"": ""state"", ""act"": 0.0}, {""tk"": ""attribute"", ""act"": 0.0}, {""tk"": ""serving"", ""act"": 0.0}, {""tk"": ""government"", ""act"": 0.0}, {""tk"": ""which"", ""act"": 0.0}, {""tk"": ""containing"", ""act"": 0.0}]"
3_93843,3,93843,attribute: The primary city serving as the seat of government for a state is the capital city,<bos>,0,0.0,0.0,semantic,"[{""token"": ""<bos>"", ""index"": 0, ""distance"": 0, ""direction"": ""self""}]",n/a,Semantic,Dictionary (fallback),0.9,False,,is,"[{""tk"": ""is"", ""act"": 4.228334426879883}, {""tk"": ""city"", ""act"": 0.0}, {""tk"": ""in"", ""act"": 0.0}, {""tk"": ""Mexico"", ""act"": 0.0}, {""tk"": ""USA"", ""act"": 0.0}, {""tk"": ""Albuquerque"", ""act"": 0.0}, {""tk"": ""The"", ""act"": 0.0}, {""tk"": ""capital"", ""act"": 0.0}, {""tk"": ""of"", ""act"": 0.0}, {""tk"": ""state"", ""act"": 0.0}, {""tk"": ""attribute"", ""act"": 0.0}, {""tk"": ""serving"", ""act"": 0.0}, {""tk"": ""government"", ""act"": 0.0}, {""tk"": ""which"", ""act"": 0.0}, {""tk"": ""containing"", ""act"": 0.0}]"
4_3920,4,3920,attribute: The primary city serving as the seat of government for a state is the capital city,<bos>,0,159.4132843017578,0.9407981607613276,semantic,"[{""token"": ""<bos>"", ""index"": 0, ""distance"": 0, ""direction"": ""self""}]",n/a,Semantic,Concept,0.7,False,,Semantic (unknown),"[{""tk"": ""attribute"", ""act"": 19.900348663330078}, {""tk"": ""city"", ""act"": 0.0}, {""tk"": ""in"", ""act"": 0.0}, {""tk"": ""Mexico"", ""act"": 0.0}, {""tk"": ""USA"", ""act"": 0.0}, {""tk"": ""is"", ""act"": 0.0}, {""tk"": ""Albuquerque"", ""act"": 0.0}, {""tk"": ""The"", ""act"": 0.0}, {""tk"": ""capital"", ""act"": 0.0}, {""tk"": ""of"", ""act"": 0.0}, {""tk"": ""state"", ""act"": 0.0}, {""tk"": ""serving"", ""act"": 0.0}, {""tk"": ""government"", ""act"": 0.0}, {""tk"": ""which"", ""act"": 0.0}, {""tk"": ""containing"", ""act"": 0.0}]"
4_83635,4,83635,attribute: The primary city serving as the seat of government for a state is the capital city,attribute,1,28.14508056640625,0.7542955646166657,semantic,"[{""token"": ""attribute"", ""index"": 1, ""distance"": 0, ""direction"": ""self""}]",n/a,Semantic,Concept,0.7,False,,city,"[{""tk"": ""city"", ""act"": 29.045270919799805}, {""tk"": ""attribute"", ""act"": 28.14508056640625}, {""tk"": ""capital"", ""act"": 21.525239944458008}, {""tk"": ""state"", ""act"": 19.251550674438477}, {""tk"": ""Albuquerque"", ""act"": 14.588085174560547}, {""tk"": ""Mexico"", ""act"": 14.586587905883789}, {""tk"": ""government"", ""act"": 13.456141471862793}, {""tk"": ""USA"", ""act"": 13.066239356994629}, {""tk"": ""of"", ""act"": 8.01102066040039}, {""tk"": ""containing"", ""act"": 7.884756565093994}, {""tk"": ""in"", ""act"": 6.716607570648193}, {""tk"": ""is"", ""act"": 3.615675926208496}, {""tk"": ""which"", ""act"": 2.1635446548461914}, {""tk"": ""The"", ""act"": 0.0}, {""tk"": ""serving"", ""act"": 0.0}]"
4_55831,4,55831,attribute: The primary city serving as the seat of government for a state is the capital city, capital,17,25.25654602050781,0.9415153502107712,semantic,"[{""token"": "" capital"", ""index"": 17, ""distance"": 0, ""direction"": ""self""}]",n/a,Semantic,Dictionary,1.0,False,,capital,"[{""tk"": ""capital"", ""act"": 29.359546661376953}, {""tk"": ""city"", ""act"": 11.154122352600098}, {""tk"": ""is"", ""act"": 1.9998626708984375}, {""tk"": ""in"", ""act"": 0.0}, {""tk"": ""Mexico"", ""act"": 0.0}, {""tk"": ""USA"", ""act"": 0.0}, {""tk"": ""Albuquerque"", ""act"": 0.0}, {""tk"": ""The"", ""act"": 0.0}, {""tk"": ""of"", ""act"": 0.0}, {""tk"": ""state"", ""act"": 0.0}, {""tk"": ""attribute"", ""act"": 0.0}, {""tk"": ""serving"", ""act"": 0.0}, {""tk"": ""government"", ""act"": 0.0}, {""tk"": ""which"", ""act"": 0.0}, {""tk"": ""containing"", ""act"": 0.0}]"
4_97813,4,97813,attribute: The primary city serving as the seat of government for a state is the capital city, government,11,17.90291976928711,0.7653921583742382,semantic,"[{""token"": "" government"", ""index"": 11, ""distance"": 0, ""direction"": ""self""}]",n/a,Semantic,Concept,0.7,False,,government,"[{""tk"": ""government"", ""act"": 17.90291976928711}, {""tk"": ""of"", ""act"": 14.3899507522583}, {""tk"": ""city"", ""act"": 13.028558731079102}, {""tk"": ""capital"", ""act"": 10.718213081359863}, {""tk"": ""is"", ""act"": 4.917844295501709}, {""tk"": ""the"", ""act"": 1.4474035501480103}, {""tk"": ""in"", ""act"": 0.0}, {""tk"": ""Mexico"", ""act"": 0.0}, {""tk"": ""USA"", ""act"": 0.0}, {""tk"": ""Albuquerque"", ""act"": 0.0}, {""tk"": ""state"", ""act"": 0.0}, {""tk"": ""attribute"", ""act"": 0.0}, {""tk"": ""serving"", ""act"": 0.0}, {""tk"": ""which"", ""act"": 0.0}, {""tk"": ""containing"", ""act"": 0.0}]"
4_58113,4,58113,attribute: The primary city serving as the seat of government for a state is the capital city, city,5,4.8315019607543945,0.9473684210526316,semantic,"[{""token"": "" city"", ""index"": 5, ""distance"": 0, ""direction"": ""self""}]",n/a,Semantic,Concept,0.7077726636889586,False,,city,"[{""tk"": ""city"", ""act"": 8.659708023071289}, {""tk"": ""of"", ""act"": 6.1291046142578125}, {""tk"": ""is"", ""act"": 5.5258660316467285}, {""tk"": ""in"", ""act"": 3.8225936889648438}, {""tk"": ""containing"", ""act"": 0.11254596710205078}, {""tk"": ""Mexico"", ""act"": 0.0}, {""tk"": ""USA"", ""act"": 0.0}, {""tk"": ""Albuquerque"", ""act"": 0.0}, {""tk"": ""The"", ""act"": 0.0}, {""tk"": ""capital"", ""act"": 0.0}, {""tk"": ""state"", ""act"": 0.0}, {""tk"": ""attribute"", ""act"": 0.0}, {""tk"": ""serving"", ""act"": 0.0}, {""tk"": ""government"", ""act"": 0.0}, {""tk"": ""which"", ""act"": 0.0}]"
4_83005,4,83005,attribute: The primary city serving as the seat of government for a state is the capital city, is,15,1.911617994308472,0.9473684210526316,functional,"[{""token"": "" capital"", ""index"": 17, ""distance"": 2, ""direction"": ""forward""}]",json,Semantic,Ambiguous,0.3,True,"Ambiguous: peak_cons=0.50, n_peaks=1, func_vs_sem=100.0%, layer=4",is,"[{""tk"": ""is"", ""act"": 13.738452911376953}, {""tk"": ""city"", ""act"": 0.0}, {""tk"": ""in"", ""act"": 0.0}, {""tk"": ""Mexico"", ""act"": 0.0}, {""tk"": ""USA"", ""act"": 0.0}, {""tk"": ""Albuquerque"", ""act"": 0.0}, {""tk"": ""The"", ""act"": 0.0}, {""tk"": ""capital"", ""act"": 0.0}, {""tk"": ""of"", ""act"": 0.0}, {""tk"": ""state"", ""act"": 0.0}, {""tk"": ""attribute"", ""act"": 0.0}, {""tk"": ""serving"", ""act"": 0.0}, {""tk"": ""government"", ""act"": 0.0}, {""tk"": ""which"", ""act"": 0.0}, {""tk"": ""containing"", ""act"": 0.0}]"
4_3432,4,3432,attribute: The primary city serving as the seat of government for a state is the capital city,<bos>,0,0.0,0.0,semantic,"[{""token"": ""<bos>"", ""index"": 0, ""distance"": 0, ""direction"": ""self""}]",n/a,Semantic,Ambiguous,0.3,True,"Ambiguous: peak_cons=0.50, n_peaks=1, func_vs_sem=100.0%, layer=4",is,"[{""tk"": ""is"", ""act"": 16.34661102294922}, {""tk"": ""city"", ""act"": 0.0}, {""tk"": ""in"", ""act"": 0.0}, {""tk"": ""Mexico"", ""act"": 0.0}, {""tk"": ""USA"", ""act"": 0.0}, {""tk"": ""Albuquerque"", ""act"": 0.0}, {""tk"": ""The"", ""act"": 0.0}, {""tk"": ""capital"", ""act"": 0.0}, {""tk"": ""of"", ""act"": 0.0}, {""tk"": ""state"", ""act"": 0.0}, {""tk"": ""attribute"", ""act"": 0.0}, {""tk"": ""serving"", ""act"": 0.0}, {""tk"": ""government"", ""act"": 0.0}, {""tk"": ""which"", ""act"": 0.0}, {""tk"": ""containing"", ""act"": 0.0}]"
4_54423,4,54423,attribute: The primary city serving as the seat of government for a state is the capital city,<bos>,0,0.0,0.0,semantic,"[{""token"": ""<bos>"", ""index"": 0, ""distance"": 0, ""direction"": ""self""}]",n/a,Semantic,Dictionary,1.0,False,,containing,"[{""tk"": ""containing"", ""act"": 8.495969772338867}, {""tk"": ""which"", ""act"": 1.9871268272399902}, {""tk"": ""in"", ""act"": 0.26462411880493164}, {""tk"": ""city"", ""act"": 0.0}, {""tk"": ""Mexico"", ""act"": 0.0}, {""tk"": ""USA"", ""act"": 0.0}, {""tk"": ""is"", ""act"": 0.0}, {""tk"": ""Albuquerque"", ""act"": 0.0}, {""tk"": ""The"", ""act"": 0.0}, {""tk"": ""capital"", ""act"": 0.0}, {""tk"": ""of"", ""act"": 0.0}, {""tk"": ""state"", ""act"": 0.0}, {""tk"": ""attribute"", ""act"": 0.0}, {""tk"": ""serving"", ""act"": 0.0}, {""tk"": ""government"", ""act"": 0.0}]"
4_70409,4,70409,attribute: The primary city serving as the seat of government for a state is the capital city,<bos>,0,0.0,0.0,semantic,"[{""token"": ""<bos>"", ""index"": 0, ""distance"": 0, ""direction"": ""self""}]",n/a,Semantic,Dictionary,1.0,False,,containing,"[{""tk"": ""containing"", ""act"": 9.570971488952637}, {""tk"": ""which"", ""act"": 1.9328405857086182}, {""tk"": ""city"", ""act"": 0.0}, {""tk"": ""in"", ""act"": 0.0}, {""tk"": ""Mexico"", ""act"": 0.0}, {""tk"": ""USA"", ""act"": 0.0}, {""tk"": ""is"", ""act"": 0.0}, {""tk"": ""Albuquerque"", ""act"": 0.0}, {""tk"": ""The"", ""act"": 0.0}, {""tk"": ""capital"", ""act"": 0.0}, {""tk"": ""of"", ""act"": 0.0}, {""tk"": ""state"", ""act"": 0.0}, {""tk"": ""attribute"", ""act"": 0.0}, {""tk"": ""serving"", ""act"": 0.0}, {""tk"": ""government"", ""act"": 0.0}]"
5_1551,5,1551,attribute: The primary city serving as the seat of government for a state is the capital city,<bos>,0,161.56459045410156,0.9345199294834168,semantic,"[{""token"": ""<bos>"", ""index"": 0, ""distance"": 0, ""direction"": ""self""}]",n/a,Semantic,Concept,0.7,False,,Semantic (unknown),"[{""tk"": ""attribute"", ""act"": 39.44136428833008}, {""tk"": ""city"", ""act"": 0.0}, {""tk"": ""in"", ""act"": 0.0}, {""tk"": ""Mexico"", ""act"": 0.0}, {""tk"": ""USA"", ""act"": 0.0}, {""tk"": ""is"", ""act"": 0.0}, {""tk"": ""Albuquerque"", ""act"": 0.0}, {""tk"": ""The"", ""act"": 0.0}, {""tk"": ""capital"", ""act"": 0.0}, {""tk"": ""of"", ""act"": 0.0}, {""tk"": ""state"", ""act"": 0.0}, {""tk"": ""serving"", ""act"": 0.0}, {""tk"": ""government"", ""act"": 0.0}, {""tk"": ""which"", ""act"": 0.0}, {""tk"": ""containing"", ""act"": 0.0}]"
5_95640,5,95640,attribute: The primary city serving as the seat of government for a state is the capital city,<bos>,0,139.2457733154297,0.9385437970875824,semantic,"[{""token"": ""<bos>"", ""index"": 0, ""distance"": 0, ""direction"": ""self""}]",n/a,Semantic,Concept,0.7,False,,Semantic (unknown),"[{""tk"": ""attribute"", ""act"": 23.3470401763916}, {""tk"": ""city"", ""act"": 0.0}, {""tk"": ""in"", ""act"": 0.0}, {""tk"": ""Mexico"", ""act"": 0.0}, {""tk"": ""USA"", ""act"": 0.0}, {""tk"": ""is"", ""act"": 0.0}, {""tk"": ""Albuquerque"", ""act"": 0.0}, {""tk"": ""The"", ""act"": 0.0}, {""tk"": ""capital"", ""act"": 0.0}, {""tk"": ""of"", ""act"": 0.0}, {""tk"": ""state"", ""act"": 0.0}, {""tk"": ""serving"", ""act"": 0.0}, {""tk"": ""government"", ""act"": 0.0}, {""tk"": ""which"", ""act"": 0.0}, {""tk"": ""containing"", ""act"": 0.0}]"
5_15213,5,15213,attribute: The primary city serving as the seat of government for a state is the capital city,<bos>,0,116.7767333984375,0.9473684210526316,semantic,"[{""token"": ""<bos>"", ""index"": 0, ""distance"": 0, ""direction"": ""self""}]",n/a,Semantic,Concept,0.7,False,,Semantic (unknown),"[{""tk"": ""city"", ""act"": 0.0}, {""tk"": ""in"", ""act"": 0.0}, {""tk"": ""Mexico"", ""act"": 0.0}, {""tk"": ""USA"", ""act"": 0.0}, {""tk"": ""is"", ""act"": 0.0}, {""tk"": ""Albuquerque"", ""act"": 0.0}, {""tk"": ""The"", ""act"": 0.0}, {""tk"": ""capital"", ""act"": 0.0}, {""tk"": ""of"", ""act"": 0.0}, {""tk"": ""state"", ""act"": 0.0}, {""tk"": ""attribute"", ""act"": 0.0}, {""tk"": ""serving"", ""act"": 0.0}, {""tk"": ""government"", ""act"": 0.0}, {""tk"": ""which"", ""act"": 0.0}, {""tk"": ""containing"", ""act"": 0.0}]"
5_32184,5,32184,attribute: The primary city serving as the seat of government for a state is the capital city, capital,17,15.967439651489258,0.8843759342236865,semantic,"[{""token"": "" capital"", ""index"": 17, ""distance"": 0, ""direction"": ""self""}]",n/a,Semantic,Ambiguous,0.3,True,"Ambiguous: peak_cons=0.33, n_peaks=3, func_vs_sem=51.1%, layer=5",capital,"[{""tk"": ""of"", ""act"": 32.639617919921875}, {""tk"": ""capital"", ""act"": 15.967439651489258}, {""tk"": ""city"", ""act"": 14.918037414550781}, {""tk"": ""in"", ""act"": 2.1469907760620117}, {""tk"": ""is"", ""act"": 1.9061193466186523}, {""tk"": ""Mexico"", ""act"": 0.0}, {""tk"": ""USA"", ""act"": 0.0}, {""tk"": ""Albuquerque"", ""act"": 0.0}, {""tk"": ""The"", ""act"": 0.0}, {""tk"": ""state"", ""act"": 0.0}, {""tk"": ""attribute"", ""act"": 0.0}, {""tk"": ""serving"", ""act"": 0.0}, {""tk"": ""government"", ""act"": 0.0}, {""tk"": ""which"", ""act"": 0.0}, {""tk"": ""containing"", ""act"": 0.0}]"
5_4901,5,4901,attribute: The primary city serving as the seat of government for a state is the capital city, is,15,6.10368013381958,0.9473684210526316,functional,"[{""token"": "" capital"", ""index"": 17, ""distance"": 2, ""direction"": ""forward""}]",json,Semantic,Ambiguous,0.3,True,"Ambiguous: peak_cons=0.17, n_peaks=1, func_vs_sem=100.0%, layer=5",is,"[{""tk"": ""is"", ""act"": 6.10368013381958}, {""tk"": ""city"", ""act"": 0.0}, {""tk"": ""in"", ""act"": 0.0}, {""tk"": ""Mexico"", ""act"": 0.0}, {""tk"": ""USA"", ""act"": 0.0}, {""tk"": ""Albuquerque"", ""act"": 0.0}, {""tk"": ""The"", ""act"": 0.0}, {""tk"": ""capital"", ""act"": 0.0}, {""tk"": ""of"", ""act"": 0.0}, {""tk"": ""state"", ""act"": 0.0}, {""tk"": ""attribute"", ""act"": 0.0}, {""tk"": ""serving"", ""act"": 0.0}, {""tk"": ""government"", ""act"": 0.0}, {""tk"": ""which"", ""act"": 0.0}, {""tk"": ""containing"", ""act"": 0.0}]"
5_51213,5,51213,attribute: The primary city serving as the seat of government for a state is the capital city, capital,17,5.454928398132324,0.8491561277040637,semantic,"[{""token"": "" capital"", ""index"": 17, ""distance"": 0, ""direction"": ""self""}]",n/a,Semantic,Concept,0.5,False,,capital,"[{""tk"": ""of"", ""act"": 18.14890480041504}, {""tk"": ""city"", ""act"": 8.983392715454102}, {""tk"": ""is"", ""act"": 5.590522766113281}, {""tk"": ""capital"", ""act"": 5.454928398132324}, {""tk"": ""government"", ""act"": 1.9978015422821045}, {""tk"": ""in"", ""act"": 0.0}, {""tk"": ""Mexico"", ""act"": 0.0}, {""tk"": ""USA"", ""act"": 0.0}, {""tk"": ""Albuquerque"", ""act"": 0.0}, {""tk"": ""The"", ""act"": 0.0}, {""tk"": ""state"", ""act"": 0.0}, {""tk"": ""attribute"", ""act"": 0.0}, {""tk"": ""serving"", ""act"": 0.0}, {""tk"": ""which"", ""act"": 0.0}, {""tk"": ""containing"", ""act"": 0.0}]"
5_67142,5,67142,attribute: The primary city serving as the seat of government for a state is the capital city, city,18,0.2532155513763428,0.9473684210526316,semantic,"[{""token"": "" city"", ""index"": 18, ""distance"": 0, ""direction"": ""self""}]",n/a,Semantic,Concept,0.5,False,,city,"[{""tk"": ""is"", ""act"": 0.8227484226226807}, {""tk"": ""city"", ""act"": 0.2532155513763428}, {""tk"": ""in"", ""act"": 0.0}, {""tk"": ""Mexico"", ""act"": 0.0}, {""tk"": ""USA"", ""act"": 0.0}, {""tk"": ""Albuquerque"", ""act"": 0.0}, {""tk"": ""The"", ""act"": 0.0}, {""tk"": ""capital"", ""act"": 0.0}, {""tk"": ""of"", ""act"": 0.0}, {""tk"": ""state"", ""act"": 0.0}, {""tk"": ""attribute"", ""act"": 0.0}, {""tk"": ""serving"", ""act"": 0.0}, {""tk"": ""government"", ""act"": 0.0}, {""tk"": ""which"", ""act"": 0.0}, {""tk"": ""containing"", ""act"": 0.0}]"
6_22143,6,22143,attribute: The primary city serving as the seat of government for a state is the capital city,attribute,1,25.566389083862305,0.7705588429678475,semantic,"[{""token"": ""attribute"", ""index"": 1, ""distance"": 0, ""direction"": ""self""}]",n/a,Semantic,Concept,0.7,False,,USA,"[{""tk"": ""USA"", ""act"": 28.799158096313477}, {""tk"": ""capital"", ""act"": 27.022661209106445}, {""tk"": ""attribute"", ""act"": 25.566389083862305}, {""tk"": ""Mexico"", ""act"": 18.2874698638916}, {""tk"": ""city"", ""act"": 17.3726863861084}, {""tk"": ""is"", ""act"": 16.952861785888672}, {""tk"": ""state"", ""act"": 13.70422649383545}, {""tk"": ""the"", ""act"": 13.393610000610352}, {""tk"": ""Albuquerque"", ""act"": 9.795988082885742}, {""tk"": ""in"", ""act"": 9.335844039916992}, {""tk"": ""which"", ""act"": 0.24917440116405487}, {""tk"": ""of"", ""act"": 0.0}, {""tk"": ""serving"", ""act"": 0.0}, {""tk"": ""government"", ""act"": 0.0}, {""tk"": ""containing"", ""act"": 0.0}]"
6_72419,6,72419,attribute: The primary city serving as the seat of government for a state is the capital city, serving,6,4.53038501739502,0.8765430315138809,semantic,"[{""token"": "" serving"", ""index"": 6, ""distance"": 0, ""direction"": ""self""}]",n/a,Semantic,Concept,0.7,False,,serving,"[{""tk"": ""serving"", ""act"": 4.5303850173950195}, {""tk"": ""which"", ""act"": 2.1901695728302}, {""tk"": ""the"", ""act"": 1.4751348495483398}, {""tk"": ""of"", ""act"": 0.9430685043334961}, {""tk"": ""is"", ""act"": 0.31030964851379395}, {""tk"": ""city"", ""act"": 0.0}, {""tk"": ""in"", ""act"": 0.0}, {""tk"": ""Mexico"", ""act"": 0.0}, {""tk"": ""USA"", ""act"": 0.0}, {""tk"": ""Albuquerque"", ""act"": 0.0}, {""tk"": ""capital"", ""act"": 0.0}, {""tk"": ""state"", ""act"": 0.0}, {""tk"": ""attribute"", ""act"": 0.0}, {""tk"": ""government"", ""act"": 0.0}, {""tk"": ""containing"", ""act"": 0.0}]"
6_41771,6,41771,attribute: The primary city serving as the seat of government for a state is the capital city,<bos>,0,0.0,0.0,semantic,"[{""token"": ""<bos>"", ""index"": 0, ""distance"": 0, ""direction"": ""self""}]",n/a,Semantic,Ambiguous,0.3,True,"Ambiguous: peak_cons=0.33, n_peaks=2, func_vs_sem=100.0%, layer=6",in,"[{""tk"": ""in"", ""act"": 16.54599952697754}, {""tk"": ""of"", ""act"": 12.72544002532959}, {""tk"": ""USA"", ""act"": 2.112595319747925}, {""tk"": ""is"", ""act"": 1.5387499332427979}, {""tk"": ""city"", ""act"": 0.0}, {""tk"": ""Mexico"", ""act"": 0.0}, {""tk"": ""Albuquerque"", ""act"": 0.0}, {""tk"": ""The"", ""act"": 0.0}, {""tk"": ""capital"", ""act"": 0.0}, {""tk"": ""state"", ""act"": 0.0}, {""tk"": ""attribute"", ""act"": 0.0}, {""tk"": ""serving"", ""act"": 0.0}, {""tk"": ""government"", ""act"": 0.0}, {""tk"": ""which"", ""act"": 0.0}, {""tk"": ""containing"", ""act"": 0.0}]"
6_78249,6,78249,attribute: The primary city serving as the seat of government for a state is the capital city,<bos>,0,0.0,0.0,semantic,"[{""token"": ""<bos>"", ""index"": 0, ""distance"": 0, ""direction"": ""self""}]",n/a,Semantic,Concept,0.9815195034373149,False,,Albuquerque,"[{""tk"": ""Albuquerque"", ""act"": 10.252307891845703}, {""tk"": ""city"", ""act"": 0.0}, {""tk"": ""in"", ""act"": 0.0}, {""tk"": ""Mexico"", ""act"": 0.0}, {""tk"": ""USA"", ""act"": 0.0}, {""tk"": ""is"", ""act"": 0.0}, {""tk"": ""The"", ""act"": 0.0}, {""tk"": ""capital"", ""act"": 0.0}, {""tk"": ""of"", ""act"": 0.0}, {""tk"": ""state"", ""act"": 0.0}, {""tk"": ""attribute"", ""act"": 0.0}, {""tk"": ""serving"", ""act"": 0.0}, {""tk"": ""government"", ""act"": 0.0}, {""tk"": ""which"", ""act"": 0.0}, {""tk"": ""containing"", ""act"": 0.0}]"
7_31656,7,31656,attribute: The primary city serving as the seat of government for a state is the capital city,<bos>,0,187.35205078125,0.9310858255170644,semantic,"[{""token"": ""<bos>"", ""index"": 0, ""distance"": 0, ""direction"": ""self""}]",n/a,Semantic,Concept,0.7,False,,Semantic (unknown),"[{""tk"": ""attribute"", ""act"": 57.960975646972656}, {""tk"": ""city"", ""act"": 0.0}, {""tk"": ""in"", ""act"": 0.0}, {""tk"": ""Mexico"", ""act"": 0.0}, {""tk"": ""USA"", ""act"": 0.0}, {""tk"": ""is"", ""act"": 0.0}, {""tk"": ""Albuquerque"", ""act"": 0.0}, {""tk"": ""The"", ""act"": 0.0}, {""tk"": ""capital"", ""act"": 0.0}, {""tk"": ""of"", ""act"": 0.0}, {""tk"": ""state"", ""act"": 0.0}, {""tk"": ""serving"", ""act"": 0.0}, {""tk"": ""government"", ""act"": 0.0}, {""tk"": ""which"", ""act"": 0.0}, {""tk"": ""containing"", ""act"": 0.0}]"
7_66851,7,66851,attribute: The primary city serving as the seat of government for a state is the capital city, city,5,47.1239128112793,0.5755219229121825,semantic,"[{""token"": "" city"", ""index"": 5, ""distance"": 0, ""direction"": ""self""}]",n/a,Semantic,Concept,0.8298288241105001,False,,capital,"[{""tk"": ""capital"", ""act"": 51.12392044067383}, {""tk"": ""The"", ""act"": 49.53570556640625}, {""tk"": ""city"", ""act"": 47.1239128112793}, {""tk"": ""attribute"", ""act"": 44.321834564208984}, {""tk"": ""state"", ""act"": 40.79597854614258}, {""tk"": ""Albuquerque"", ""act"": 40.242469787597656}, {""tk"": ""in"", ""act"": 33.60566329956055}, {""tk"": ""is"", ""act"": 30.515039443969727}, {""tk"": ""Mexico"", ""act"": 27.994733810424805}, {""tk"": ""USA"", ""act"": 27.49402618408203}, {""tk"": ""of"", ""act"": 15.559822082519531}, {""tk"": ""government"", ""act"": 14.86802864074707}, {""tk"": ""serving"", ""act"": 14.414605140686035}, {""tk"": ""which"", ""act"": 12.457620620727539}, {""tk"": ""containing"", ""act"": 9.191671371459961}]"
7_87536,7,87536,attribute: The primary city serving as the seat of government for a state is the capital city,<bos>,0,32.468772888183594,0.9302398978617062,semantic,"[{""token"": ""<bos>"", ""index"": 0, ""distance"": 0, ""direction"": ""self""}]",n/a,Semantic,Concept,0.7,False,,Semantic (unknown),"[{""tk"": ""is"", ""act"": 6.106446743011475}, {""tk"": ""the"", ""act"": 5.453356742858887}, {""tk"": ""city"", ""act"": 0.0}, {""tk"": ""in"", ""act"": 0.0}, {""tk"": ""Mexico"", ""act"": 0.0}, {""tk"": ""USA"", ""act"": 0.0}, {""tk"": ""Albuquerque"", ""act"": 0.0}, {""tk"": ""capital"", ""act"": 0.0}, {""tk"": ""of"", ""act"": 0.0}, {""tk"": ""state"", ""act"": 0.0}, {""tk"": ""attribute"", ""act"": 0.0}, {""tk"": ""serving"", ""act"": 0.0}, {""tk"": ""government"", ""act"": 0.0}, {""tk"": ""which"", ""act"": 0.0}, {""tk"": ""containing"", ""act"": 0.0}]"
7_16792,7,16792,attribute: The primary city serving as the seat of government for a state is the capital city,<bos>,0,0.0,0.0,semantic,"[{""token"": ""<bos>"", ""index"": 0, ""distance"": 0, ""direction"": ""self""}]",n/a,"Say ""X""",,1.0,False,,Say (Mexico),"[{""tk"": ""is"", ""act"": 0.586534857749939}, {""tk"": ""city"", ""act"": 0.0}, {""tk"": ""in"", ""act"": 0.0}, {""tk"": ""Mexico"", ""act"": 0.0}, {""tk"": ""USA"", ""act"": 0.0}, {""tk"": ""Albuquerque"", ""act"": 0.0}, {""tk"": ""The"", ""act"": 0.0}, {""tk"": ""capital"", ""act"": 0.0}, {""tk"": ""of"", ""act"": 0.0}, {""tk"": ""state"", ""act"": 0.0}, {""tk"": ""attribute"", ""act"": 0.0}, {""tk"": ""serving"", ""act"": 0.0}, {""tk"": ""government"", ""act"": 0.0}, {""tk"": ""which"", ""act"": 0.0}, {""tk"": ""containing"", ""act"": 0.0}]"
7_43751,7,43751,attribute: The primary city serving as the seat of government for a state is the capital city,<bos>,0,0.0,0.0,semantic,"[{""token"": ""<bos>"", ""index"": 0, ""distance"": 0, ""direction"": ""self""}]",n/a,Semantic,Dictionary,1.0,False,,Mexico,"[{""tk"": ""Mexico"", ""act"": 7.63051700592041}, {""tk"": ""Albuquerque"", ""act"": 2.7359402179718018}, {""tk"": ""city"", ""act"": 0.0}, {""tk"": ""in"", ""act"": 0.0}, {""tk"": ""USA"", ""act"": 0.0}, {""tk"": ""is"", ""act"": 0.0}, {""tk"": ""The"", ""act"": 0.0}, {""tk"": ""capital"", ""act"": 0.0}, {""tk"": ""of"", ""act"": 0.0}, {""tk"": ""state"", ""act"": 0.0}, {""tk"": ""attribute"", ""act"": 0.0}, {""tk"": ""serving"", ""act"": 0.0}, {""tk"": ""government"", ""act"": 0.0}, {""tk"": ""which"", ""act"": 0.0}, {""tk"": ""containing"", ""act"": 0.0}]"
7_93926,7,93926,attribute: The primary city serving as the seat of government for a state is the capital city,<bos>,0,0.0,0.0,semantic,"[{""token"": ""<bos>"", ""index"": 0, ""distance"": 0, ""direction"": ""self""}]",n/a,Relationship,,1.0,False,,(city) related,"[{""tk"": ""city"", ""act"": 0.0}, {""tk"": ""in"", ""act"": 0.0}, {""tk"": ""Mexico"", ""act"": 0.0}, {""tk"": ""USA"", ""act"": 0.0}, {""tk"": ""is"", ""act"": 0.0}, {""tk"": ""Albuquerque"", ""act"": 0.0}, {""tk"": ""The"", ""act"": 0.0}, {""tk"": ""capital"", ""act"": 0.0}, {""tk"": ""of"", ""act"": 0.0}, {""tk"": ""state"", ""act"": 0.0}, {""tk"": ""attribute"", ""act"": 0.0}, {""tk"": ""serving"", ""act"": 0.0}, {""tk"": ""government"", ""act"": 0.0}, {""tk"": ""which"", ""act"": 0.0}, {""tk"": ""containing"", ""act"": 0.0}]"
8_37691,8,37691,attribute: The primary city serving as the seat of government for a state is the capital city, city,5,38.05474090576172,0.7477442688934952,semantic,"[{""token"": "" city"", ""index"": 5, ""distance"": 0, ""direction"": ""self""}]",n/a,Semantic,Concept,0.7,False,,Mexico,"[{""tk"": ""Mexico"", ""act"": 59.39165496826172}, {""tk"": ""Albuquerque"", ""act"": 52.76219177246094}, {""tk"": ""city"", ""act"": 42.40685272216797}, {""tk"": ""state"", ""act"": 38.081817626953125}, {""tk"": ""is"", ""act"": 34.14787673950195}, {""tk"": ""in"", ""act"": 33.59162902832031}, {""tk"": ""capital"", ""act"": 32.52396774291992}, {""tk"": ""the"", ""act"": 31.789443969726562}, {""tk"": ""which"", ""act"": 26.694414138793945}, {""tk"": ""USA"", ""act"": 21.916791915893555}, {""tk"": ""containing"", ""act"": 20.22340965270996}, {""tk"": ""serving"", ""act"": 16.70884132385254}, {""tk"": ""attribute"", ""act"": 13.858716011047363}, {""tk"": ""of"", ""act"": 9.817935943603516}, {""tk"": ""government"", ""act"": 3.096951723098755}]"
8_36536,8,36536,attribute: The primary city serving as the seat of government for a state is the capital city,<bos>,0,0.0,0.0,semantic,"[{""token"": ""<bos>"", ""index"": 0, ""distance"": 0, ""direction"": ""self""}]",n/a,Semantic,Concept,0.7840964102119956,False,,Mexico,"[{""tk"": ""Mexico"", ""act"": 5.594794273376465}, {""tk"": ""city"", ""act"": 0.0}, {""tk"": ""in"", ""act"": 0.0}, {""tk"": ""USA"", ""act"": 0.0}, {""tk"": ""is"", ""act"": 0.0}, {""tk"": ""Albuquerque"", ""act"": 0.0}, {""tk"": ""The"", ""act"": 0.0}, {""tk"": ""capital"", ""act"": 0.0}, {""tk"": ""of"", ""act"": 0.0}, {""tk"": ""state"", ""act"": 0.0}, {""tk"": ""attribute"", ""act"": 0.0}, {""tk"": ""serving"", ""act"": 0.0}, {""tk"": ""government"", ""act"": 0.0}, {""tk"": ""which"", ""act"": 0.0}, {""tk"": ""containing"", ""act"": 0.0}]"
8_91259,8,91259,attribute: The primary city serving as the seat of government for a state is the capital city,<bos>,0,0.0,0.0,semantic,"[{""token"": ""<bos>"", ""index"": 0, ""distance"": 0, ""direction"": ""self""}]",n/a,"Say ""X""",,1.0,False,,Say (Santa),"[{""tk"": ""is"", ""act"": 4.590198040008545}, {""tk"": ""city"", ""act"": 1.4647231101989746}, {""tk"": ""in"", ""act"": 0.0}, {""tk"": ""Mexico"", ""act"": 0.0}, {""tk"": ""USA"", ""act"": 0.0}, {""tk"": ""Albuquerque"", ""act"": 0.0}, {""tk"": ""The"", ""act"": 0.0}, {""tk"": ""capital"", ""act"": 0.0}, {""tk"": ""of"", ""act"": 0.0}, {""tk"": ""state"", ""act"": 0.0}, {""tk"": ""attribute"", ""act"": 0.0}, {""tk"": ""serving"", ""act"": 0.0}, {""tk"": ""government"", ""act"": 0.0}, {""tk"": ""which"", ""act"": 0.0}, {""tk"": ""containing"", ""act"": 0.0}]"
9_73919,9,73919,attribute: The primary city serving as the seat of government for a state is the capital city, capital,17,8.759065628051758,0.8445704797006441,semantic,"[{""token"": "" capital"", ""index"": 17, ""distance"": 0, ""direction"": ""self""}]",n/a,Semantic,Concept,0.8105652809566078,False,,capital,"[{""tk"": ""is"", ""act"": 10.806119918823242}, {""tk"": ""capital"", ""act"": 8.759065628051758}, {""tk"": ""city"", ""act"": 5.948211193084717}, {""tk"": ""government"", ""act"": 4.144934177398682}, {""tk"": ""the"", ""act"": 2.876901149749756}, {""tk"": ""of"", ""act"": 1.1971888542175293}, {""tk"": ""in"", ""act"": 0.0}, {""tk"": ""Mexico"", ""act"": 0.0}, {""tk"": ""USA"", ""act"": 0.0}, {""tk"": ""Albuquerque"", ""act"": 0.0}, {""tk"": ""state"", ""act"": 0.0}, {""tk"": ""attribute"", ""act"": 0.0}, {""tk"": ""serving"", ""act"": 0.0}, {""tk"": ""which"", ""act"": 0.0}, {""tk"": ""containing"", ""act"": 0.0}]"
9_80247,9,80247,attribute: The primary city serving as the seat of government for a state is the capital city,<bos>,0,3.6801486015319824,0.9473684210526316,semantic,"[{""token"": ""<bos>"", ""index"": 0, ""distance"": 0, ""direction"": ""self""}]",n/a,Semantic,Concept,0.777133374016673,False,,Semantic (unknown),"[{""tk"": ""of"", ""act"": 4.751571178436279}, {""tk"": ""city"", ""act"": 3.7413077354431152}, {""tk"": ""capital"", ""act"": 2.922091007232666}, {""tk"": ""is"", ""act"": 2.8428173065185547}, {""tk"": ""in"", ""act"": 0.0}, {""tk"": ""Mexico"", ""act"": 0.0}, {""tk"": ""USA"", ""act"": 0.0}, {""tk"": ""Albuquerque"", ""act"": 0.0}, {""tk"": ""The"", ""act"": 0.0}, {""tk"": ""state"", ""act"": 0.0}, {""tk"": ""attribute"", ""act"": 0.0}, {""tk"": ""serving"", ""act"": 0.0}, {""tk"": ""government"", ""act"": 0.0}, {""tk"": ""which"", ""act"": 0.0}, {""tk"": ""containing"", ""act"": 0.0}]"
9_4679,9,4679,attribute: The primary city serving as the seat of government for a state is the capital city,<bos>,0,1.3622262477874756,0.9446931839685778,semantic,"[{""token"": ""<bos>"", ""index"": 0, ""distance"": 0, ""direction"": ""self""}]",n/a,Semantic,Concept,0.6,False,,Semantic (unknown),"[{""tk"": ""is"", ""act"": 3.3353874683380127}, {""tk"": ""the"", ""act"": 0.06924128532409668}, {""tk"": ""city"", ""act"": 0.0}, {""tk"": ""in"", ""act"": 0.0}, {""tk"": ""Mexico"", ""act"": 0.0}, {""tk"": ""USA"", ""act"": 0.0}, {""tk"": ""Albuquerque"", ""act"": 0.0}, {""tk"": ""capital"", ""act"": 0.0}, {""tk"": ""of"", ""act"": 0.0}, {""tk"": ""state"", ""act"": 0.0}, {""tk"": ""attribute"", ""act"": 0.0}, {""tk"": ""serving"", ""act"": 0.0}, {""tk"": ""government"", ""act"": 0.0}, {""tk"": ""which"", ""act"": 0.0}, {""tk"": ""containing"", ""act"": 0.0}]"
9_45728,9,45728,attribute: The primary city serving as the seat of government for a state is the capital city,<bos>,0,0.0,0.0,semantic,"[{""token"": ""<bos>"", ""index"": 0, ""distance"": 0, ""direction"": ""self""}]",n/a,"Say ""X""",,1.0,False,,Say (Santa),"[{""tk"": ""is"", ""act"": 3.102635383605957}, {""tk"": ""city"", ""act"": 2.281641960144043}, {""tk"": ""in"", ""act"": 0.0}, {""tk"": ""Mexico"", ""act"": 0.0}, {""tk"": ""USA"", ""act"": 0.0}, {""tk"": ""Albuquerque"", ""act"": 0.0}, {""tk"": ""The"", ""act"": 0.0}, {""tk"": ""capital"", ""act"": 0.0}, {""tk"": ""of"", ""act"": 0.0}, {""tk"": ""state"", ""act"": 0.0}, {""tk"": ""attribute"", ""act"": 0.0}, {""tk"": ""serving"", ""act"": 0.0}, {""tk"": ""government"", ""act"": 0.0}, {""tk"": ""which"", ""act"": 0.0}, {""tk"": ""containing"", ""act"": 0.0}]"
11_50131,11,50131,attribute: The primary city serving as the seat of government for a state is the capital city, capital,17,32.42369842529297,0.5693857671377607,semantic,"[{""token"": "" capital"", ""index"": 17, ""distance"": 0, ""direction"": ""self""}]",n/a,Semantic,Concept,0.7,False,,Mexico,"[{""tk"": ""Mexico"", ""act"": 42.615692138671875}, {""tk"": ""Albuquerque"", ""act"": 39.58534622192383}, {""tk"": ""city"", ""act"": 32.62867736816406}, {""tk"": ""capital"", ""act"": 32.42369842529297}, {""tk"": ""state"", ""act"": 31.960853576660156}, {""tk"": ""USA"", ""act"": 29.681310653686523}, {""tk"": ""is"", ""act"": 24.310089111328125}, {""tk"": ""government"", ""act"": 16.808237075805664}, {""tk"": ""serving"", ""act"": 16.625158309936523}, {""tk"": ""the"", ""act"": 14.164325714111328}, {""tk"": ""of"", ""act"": 13.586553573608398}, {""tk"": ""containing"", ""act"": 11.94537353515625}, {""tk"": ""in"", ""act"": 10.796977996826172}, {""tk"": ""attribute"", ""act"": 0.0}, {""tk"": ""which"", ""act"": 0.0}]"
12_1425,12,1425,attribute: The primary city serving as the seat of government for a state is the capital city, for,12,11.383492469787598,0.7638199498261591,functional,"[{""token"": "" state"", ""index"": 14, ""distance"": 2, ""direction"": ""forward""}]",json,Semantic,Concept,0.7,False,,Mexico,"[{""tk"": ""Mexico"", ""act"": 28.428173065185547}, {""tk"": ""is"", ""act"": 15.404938697814941}, {""tk"": ""USA"", ""act"": 11.879027366638184}, {""tk"": ""city"", ""act"": 10.927748680114746}, {""tk"": ""The"", ""act"": 10.412038803100586}, {""tk"": ""Albuquerque"", ""act"": 9.932357788085938}, {""tk"": ""in"", ""act"": 8.942582130432129}, {""tk"": ""state"", ""act"": 7.644002437591553}, {""tk"": ""which"", ""act"": 6.366332054138184}, {""tk"": ""serving"", ""act"": 6.0768046379089355}, {""tk"": ""government"", ""act"": 3.722025156021118}, {""tk"": ""of"", ""act"": 1.7573516368865967}, {""tk"": ""capital"", ""act"": 0.0}, {""tk"": ""attribute"", ""act"": 0.0}, {""tk"": ""containing"", ""act"": 0.0}]"
12_10809,12,10809,attribute: The primary city serving as the seat of government for a state is the capital city,<bos>,0,0.0,0.0,semantic,"[{""token"": ""<bos>"", ""index"": 0, ""distance"": 0, ""direction"": ""self""}]",n/a,Relationship,,1.0,False,,(city) related,"[{""tk"": ""city"", ""act"": 0.0}, {""tk"": ""in"", ""act"": 0.0}, {""tk"": ""Mexico"", ""act"": 0.0}, {""tk"": ""USA"", ""act"": 0.0}, {""tk"": ""is"", ""act"": 0.0}, {""tk"": ""Albuquerque"", ""act"": 0.0}, {""tk"": ""The"", ""act"": 0.0}, {""tk"": ""capital"", ""act"": 0.0}, {""tk"": ""of"", ""act"": 0.0}, {""tk"": ""state"", ""act"": 0.0}, {""tk"": ""attribute"", ""act"": 0.0}, {""tk"": ""serving"", ""act"": 0.0}, {""tk"": ""government"", ""act"": 0.0}, {""tk"": ""which"", ""act"": 0.0}, {""tk"": ""containing"", ""act"": 0.0}]"
13_41102,13,41102,attribute: The primary city serving as the seat of government for a state is the capital city,<bos>,0,0.0,0.0,semantic,"[{""token"": ""<bos>"", ""index"": 0, ""distance"": 0, ""direction"": ""self""}]",n/a,Relationship,,1.0,False,,(city) related,"[{""tk"": ""city"", ""act"": 0.0}, {""tk"": ""in"", ""act"": 0.0}, {""tk"": ""Mexico"", ""act"": 0.0}, {""tk"": ""USA"", ""act"": 0.0}, {""tk"": ""is"", ""act"": 0.0}, {""tk"": ""Albuquerque"", ""act"": 0.0}, {""tk"": ""The"", ""act"": 0.0}, {""tk"": ""capital"", ""act"": 0.0}, {""tk"": ""of"", ""act"": 0.0}, {""tk"": ""state"", ""act"": 0.0}, {""tk"": ""attribute"", ""act"": 0.0}, {""tk"": ""serving"", ""act"": 0.0}, {""tk"": ""government"", ""act"": 0.0}, {""tk"": ""which"", ""act"": 0.0}, {""tk"": ""containing"", ""act"": 0.0}]"
15_44048,15,44048,attribute: The primary city serving as the seat of government for a state is the capital city,<bos>,0,31.82361602783203,0.9473684210526316,semantic,"[{""token"": ""<bos>"", ""index"": 0, ""distance"": 0, ""direction"": ""self""}]",n/a,Semantic,Concept,0.7,False,,Semantic (unknown),"[{""tk"": ""is"", ""act"": 0.8375864028930664}, {""tk"": ""city"", ""act"": 0.0}, {""tk"": ""in"", ""act"": 0.0}, {""tk"": ""Mexico"", ""act"": 0.0}, {""tk"": ""USA"", ""act"": 0.0}, {""tk"": ""Albuquerque"", ""act"": 0.0}, {""tk"": ""The"", ""act"": 0.0}, {""tk"": ""capital"", ""act"": 0.0}, {""tk"": ""of"", ""act"": 0.0}, {""tk"": ""state"", ""act"": 0.0}, {""tk"": ""attribute"", ""act"": 0.0}, {""tk"": ""serving"", ""act"": 0.0}, {""tk"": ""government"", ""act"": 0.0}, {""tk"": ""which"", ""act"": 0.0}, {""tk"": ""containing"", ""act"": 0.0}]"
15_74824,15,74824,attribute: The primary city serving as the seat of government for a state is the capital city, is,15,0.187234878540039,0.9473684210526316,functional,"[{""token"": "" capital"", ""index"": 17, ""distance"": 2, ""direction"": ""forward""}]",json,"Say ""X""",,1.0,False,,Say (Santa),"[{""tk"": ""is"", ""act"": 14.228734016418457}, {""tk"": ""city"", ""act"": 0.0}, {""tk"": ""in"", ""act"": 0.0}, {""tk"": ""Mexico"", ""act"": 0.0}, {""tk"": ""USA"", ""act"": 0.0}, {""tk"": ""Albuquerque"", ""act"": 0.0}, {""tk"": ""The"", ""act"": 0.0}, {""tk"": ""capital"", ""act"": 0.0}, {""tk"": ""of"", ""act"": 0.0}, {""tk"": ""state"", ""act"": 0.0}, {""tk"": ""attribute"", ""act"": 0.0}, {""tk"": ""serving"", ""act"": 0.0}, {""tk"": ""government"", ""act"": 0.0}, {""tk"": ""which"", ""act"": 0.0}, {""tk"": ""containing"", ""act"": 0.0}]"
16_29578,16,29578,attribute: The primary city serving as the seat of government for a state is the capital city, for,12,1.958298683166504,0.9473684210526316,functional,"[{""token"": "" state"", ""index"": 14, ""distance"": 2, ""direction"": ""forward""}]",json,"Say ""X""",,1.0,False,,Say (Mexico),"[{""tk"": ""is"", ""act"": 1.8383522033691406}, {""tk"": ""in"", ""act"": 1.6670656204223633}, {""tk"": ""Mexico"", ""act"": 0.23804855346679688}, {""tk"": ""city"", ""act"": 0.0}, {""tk"": ""USA"", ""act"": 0.0}, {""tk"": ""Albuquerque"", ""act"": 0.0}, {""tk"": ""The"", ""act"": 0.0}, {""tk"": ""capital"", ""act"": 0.0}, {""tk"": ""of"", ""act"": 0.0}, {""tk"": ""state"", ""act"": 0.0}, {""tk"": ""attribute"", ""act"": 0.0}, {""tk"": ""serving"", ""act"": 0.0}, {""tk"": ""government"", ""act"": 0.0}, {""tk"": ""which"", ""act"": 0.0}, {""tk"": ""containing"", ""act"": 0.0}]"
16_37465,16,37465,attribute: The primary city serving as the seat of government for a state is the capital city,<bos>,0,0.0,0.0,semantic,"[{""token"": ""<bos>"", ""index"": 0, ""distance"": 0, ""direction"": ""self""}]",n/a,"Say ""X""",,1.0,False,,Say (Santa),"[{""tk"": ""is"", ""act"": 6.786016464233398}, {""tk"": ""city"", ""act"": 0.0}, {""tk"": ""in"", ""act"": 0.0}, {""tk"": ""Mexico"", ""act"": 0.0}, {""tk"": ""USA"", ""act"": 0.0}, {""tk"": ""Albuquerque"", ""act"": 0.0}, {""tk"": ""The"", ""act"": 0.0}, {""tk"": ""capital"", ""act"": 0.0}, {""tk"": ""of"", ""act"": 0.0}, {""tk"": ""state"", ""act"": 0.0}, {""tk"": ""attribute"", ""act"": 0.0}, {""tk"": ""serving"", ""act"": 0.0}, {""tk"": ""government"", ""act"": 0.0}, {""tk"": ""which"", ""act"": 0.0}, {""tk"": ""containing"", ""act"": 0.0}]"
17_93962,17,93962,attribute: The primary city serving as the seat of government for a state is the capital city,<bos>,0,0.0,0.0,semantic,"[{""token"": ""<bos>"", ""index"": 0, ""distance"": 0, ""direction"": ""self""}]",n/a,"Say ""X""",,1.0,False,,Say (Santa),"[{""tk"": ""is"", ""act"": 28.189746856689453}, {""tk"": ""city"", ""act"": 0.0}, {""tk"": ""in"", ""act"": 0.0}, {""tk"": ""Mexico"", ""act"": 0.0}, {""tk"": ""USA"", ""act"": 0.0}, {""tk"": ""Albuquerque"", ""act"": 0.0}, {""tk"": ""The"", ""act"": 0.0}, {""tk"": ""capital"", ""act"": 0.0}, {""tk"": ""of"", ""act"": 0.0}, {""tk"": ""state"", ""act"": 0.0}, {""tk"": ""attribute"", ""act"": 0.0}, {""tk"": ""serving"", ""act"": 0.0}, {""tk"": ""government"", ""act"": 0.0}, {""tk"": ""which"", ""act"": 0.0}, {""tk"": ""containing"", ""act"": 0.0}]"
20_67772,20,67772,attribute: The primary city serving as the seat of government for a state is the capital city,<bos>,0,0.0,0.0,semantic,"[{""token"": ""<bos>"", ""index"": 0, ""distance"": 0, ""direction"": ""self""}]",n/a,Semantic,Concept,0.6666666666666667,False,,Albuquerque,"[{""tk"": ""is"", ""act"": 48.817848205566406}, {""tk"": ""Albuquerque"", ""act"": 9.609615325927734}, {""tk"": ""Mexico"", ""act"": 3.7281837463378906}, {""tk"": ""city"", ""act"": 0.0}, {""tk"": ""in"", ""act"": 0.0}, {""tk"": ""USA"", ""act"": 0.0}, {""tk"": ""The"", ""act"": 0.0}, {""tk"": ""capital"", ""act"": 0.0}, {""tk"": ""of"", ""act"": 0.0}, {""tk"": ""state"", ""act"": 0.0}, {""tk"": ""attribute"", ""act"": 0.0}, {""tk"": ""serving"", ""act"": 0.0}, {""tk"": ""government"", ""act"": 0.0}, {""tk"": ""which"", ""act"": 0.0}, {""tk"": ""containing"", ""act"": 0.0}]"
20_67784,20,67784,attribute: The primary city serving as the seat of government for a state is the capital city,<bos>,0,0.0,0.0,semantic,"[{""token"": ""<bos>"", ""index"": 0, ""distance"": 0, ""direction"": ""self""}]",n/a,"Say ""X""",,1.0,False,,Say (city),"[{""tk"": ""of"", ""act"": 3.863483428955078}, {""tk"": ""city"", ""act"": 0.0}, {""tk"": ""in"", ""act"": 0.0}, {""tk"": ""Mexico"", ""act"": 0.0}, {""tk"": ""USA"", ""act"": 0.0}, {""tk"": ""is"", ""act"": 0.0}, {""tk"": ""Albuquerque"", ""act"": 0.0}, {""tk"": ""The"", ""act"": 0.0}, {""tk"": ""capital"", ""act"": 0.0}, {""tk"": ""state"", ""act"": 0.0}, {""tk"": ""attribute"", ""act"": 0.0}, {""tk"": ""serving"", ""act"": 0.0}, {""tk"": ""government"", ""act"": 0.0}, {""tk"": ""which"", ""act"": 0.0}, {""tk"": ""containing"", ""act"": 0.0}]"
22_43081,22,43081,attribute: The primary city serving as the seat of government for a state is the capital city, is,15,0.5022048950195312,0.9473684210526316,functional,"[{""token"": "" capital"", ""index"": 17, ""distance"": 2, ""direction"": ""forward""}]",json,"Say ""X""",,1.0,False,,Say (Santa),"[{""tk"": ""is"", ""act"": 18.35700035095215}, {""tk"": ""city"", ""act"": 0.0}, {""tk"": ""in"", ""act"": 0.0}, {""tk"": ""Mexico"", ""act"": 0.0}, {""tk"": ""USA"", ""act"": 0.0}, {""tk"": ""Albuquerque"", ""act"": 0.0}, {""tk"": ""The"", ""act"": 0.0}, {""tk"": ""capital"", ""act"": 0.0}, {""tk"": ""of"", ""act"": 0.0}, {""tk"": ""state"", ""act"": 0.0}, {""tk"": ""attribute"", ""act"": 0.0}, {""tk"": ""serving"", ""act"": 0.0}, {""tk"": ""government"", ""act"": 0.0}, {""tk"": ""which"", ""act"": 0.0}, {""tk"": ""containing"", ""act"": 0.0}]"
22_32893,22,32893,attribute: The primary city serving as the seat of government for a state is the capital city,<bos>,0,0.0,0.0,semantic,"[{""token"": ""<bos>"", ""index"": 0, ""distance"": 0, ""direction"": ""self""}]",n/a,"Say ""X""",,1.0,False,,Say (Santa),"[{""tk"": ""is"", ""act"": 17.36086082458496}, {""tk"": ""city"", ""act"": 0.0}, {""tk"": ""in"", ""act"": 0.0}, {""tk"": ""Mexico"", ""act"": 0.0}, {""tk"": ""USA"", ""act"": 0.0}, {""tk"": ""Albuquerque"", ""act"": 0.0}, {""tk"": ""The"", ""act"": 0.0}, {""tk"": ""capital"", ""act"": 0.0}, {""tk"": ""of"", ""act"": 0.0}, {""tk"": ""state"", ""act"": 0.0}, {""tk"": ""attribute"", ""act"": 0.0}, {""tk"": ""serving"", ""act"": 0.0}, {""tk"": ""government"", ""act"": 0.0}, {""tk"": ""which"", ""act"": 0.0}, {""tk"": ""containing"", ""act"": 0.0}]"
22_50146,22,50146,attribute: The primary city serving as the seat of government for a state is the capital city,<bos>,0,0.0,0.0,semantic,"[{""token"": ""<bos>"", ""index"": 0, ""distance"": 0, ""direction"": ""self""}]",n/a,"Say ""X""",,1.0,False,,Say (Santa),"[{""tk"": ""is"", ""act"": 9.938701629638672}, {""tk"": ""city"", ""act"": 0.0}, {""tk"": ""in"", ""act"": 0.0}, {""tk"": ""Mexico"", ""act"": 0.0}, {""tk"": ""USA"", ""act"": 0.0}, {""tk"": ""Albuquerque"", ""act"": 0.0}, {""tk"": ""The"", ""act"": 0.0}, {""tk"": ""capital"", ""act"": 0.0}, {""tk"": ""of"", ""act"": 0.0}, {""tk"": ""state"", ""act"": 0.0}, {""tk"": ""attribute"", ""act"": 0.0}, {""tk"": ""serving"", ""act"": 0.0}, {""tk"": ""government"", ""act"": 0.0}, {""tk"": ""which"", ""act"": 0.0}, {""tk"": ""containing"", ""act"": 0.0}]"
23_69963,23,69963,attribute: The primary city serving as the seat of government for a state is the capital city,<bos>,0,4.322291374206543,0.9473684210526316,semantic,"[{""token"": ""<bos>"", ""index"": 0, ""distance"": 0, ""direction"": ""self""}]",n/a,Semantic,Concept,0.8,False,,Semantic (unknown),"[{""tk"": ""is"", ""act"": 11.132179260253906}, {""tk"": ""city"", ""act"": 0.0}, {""tk"": ""in"", ""act"": 0.0}, {""tk"": ""Mexico"", ""act"": 0.0}, {""tk"": ""USA"", ""act"": 0.0}, {""tk"": ""Albuquerque"", ""act"": 0.0}, {""tk"": ""The"", ""act"": 0.0}, {""tk"": ""capital"", ""act"": 0.0}, {""tk"": ""of"", ""act"": 0.0}, {""tk"": ""state"", ""act"": 0.0}, {""tk"": ""attribute"", ""act"": 0.0}, {""tk"": ""serving"", ""act"": 0.0}, {""tk"": ""government"", ""act"": 0.0}, {""tk"": ""which"", ""act"": 0.0}, {""tk"": ""containing"", ""act"": 0.0}]"
23_68367,23,68367,attribute: The primary city serving as the seat of government for a state is the capital city,<bos>,0,0.0,0.0,semantic,"[{""token"": ""<bos>"", ""index"": 0, ""distance"": 0, ""direction"": ""self""}]",n/a,"Say ""X""",,1.0,False,,Say (Santa),"[{""tk"": ""is"", ""act"": 5.944572925567627}, {""tk"": ""city"", ""act"": 0.0}, {""tk"": ""in"", ""act"": 0.0}, {""tk"": ""Mexico"", ""act"": 0.0}, {""tk"": ""USA"", ""act"": 0.0}, {""tk"": ""Albuquerque"", ""act"": 0.0}, {""tk"": ""The"", ""act"": 0.0}, {""tk"": ""capital"", ""act"": 0.0}, {""tk"": ""of"", ""act"": 0.0}, {""tk"": ""state"", ""act"": 0.0}, {""tk"": ""attribute"", ""act"": 0.0}, {""tk"": ""serving"", ""act"": 0.0}, {""tk"": ""government"", ""act"": 0.0}, {""tk"": ""which"", ""act"": 0.0}, {""tk"": ""containing"", ""act"": 0.0}]"
0_40780,0,40780,relationship: the state in which a city is located is the state containing, which,6,59.63111114501953,0.5221292075237248,functional,"[{""token"": "" city"", ""index"": 8, ""distance"": 2, ""direction"": ""forward""}]",json,Semantic,Dictionary (fallback),0.9,False,,which,"[{""tk"": ""which"", ""act"": 59.63111114501953}, {""tk"": ""the"", ""act"": 57.446224212646484}, {""tk"": ""is"", ""act"": 51.05736541748047}, {""tk"": ""in"", ""act"": 48.9953727722168}, {""tk"": ""of"", ""act"": 37.325950622558594}, {""tk"": ""city"", ""act"": 0.0}, {""tk"": ""Mexico"", ""act"": 0.0}, {""tk"": ""USA"", ""act"": 0.0}, {""tk"": ""Albuquerque"", ""act"": 0.0}, {""tk"": ""capital"", ""act"": 0.0}, {""tk"": ""state"", ""act"": 0.0}, {""tk"": ""attribute"", ""act"": 0.0}, {""tk"": ""serving"", ""act"": 0.0}, {""tk"": ""government"", ""act"": 0.0}, {""tk"": ""containing"", ""act"": 0.0}]"
0_89265,0,89265,relationship: the state in which a city is located is the state containing, the,12,31.43771743774414,0.8742277660150753,functional,"[{""token"": "" state"", ""index"": 13, ""distance"": 1, ""direction"": ""forward""}]",json,Semantic,Dictionary (fallback),0.9,False,,the,"[{""tk"": ""the"", ""act"": 41.03260803222656}, {""tk"": ""city"", ""act"": 0.0}, {""tk"": ""in"", ""act"": 0.0}, {""tk"": ""Mexico"", ""act"": 0.0}, {""tk"": ""USA"", ""act"": 0.0}, {""tk"": ""is"", ""act"": 0.0}, {""tk"": ""Albuquerque"", ""act"": 0.0}, {""tk"": ""capital"", ""act"": 0.0}, {""tk"": ""of"", ""act"": 0.0}, {""tk"": ""state"", ""act"": 0.0}, {""tk"": ""attribute"", ""act"": 0.0}, {""tk"": ""serving"", ""act"": 0.0}, {""tk"": ""government"", ""act"": 0.0}, {""tk"": ""which"", ""act"": 0.0}, {""tk"": ""containing"", ""act"": 0.0}]"
0_92029,0,92029,relationship: the state in which a city is located is the state containing, the,12,26.63426399230957,0.8565615190940052,functional,"[{""token"": "" state"", ""index"": 13, ""distance"": 1, ""direction"": ""forward""}]",json,Semantic,Dictionary (fallback),0.9,False,,Semantic (unknown),"[{""tk"": ""the"", ""act"": 28.859010696411133}, {""tk"": ""city"", ""act"": 0.0}, {""tk"": ""in"", ""act"": 0.0}, {""tk"": ""Mexico"", ""act"": 0.0}, {""tk"": ""USA"", ""act"": 0.0}, {""tk"": ""is"", ""act"": 0.0}, {""tk"": ""Albuquerque"", ""act"": 0.0}, {""tk"": ""capital"", ""act"": 0.0}, {""tk"": ""of"", ""act"": 0.0}, {""tk"": ""state"", ""act"": 0.0}, {""tk"": ""attribute"", ""act"": 0.0}, {""tk"": ""serving"", ""act"": 0.0}, {""tk"": ""government"", ""act"": 0.0}, {""tk"": ""which"", ""act"": 0.0}, {""tk"": ""containing"", ""act"": 0.0}]"
0_32732,0,32732,relationship: the state in which a city is located is the state containing, which,6,19.80085182189941,0.8069950446709768,functional,"[{""token"": "" city"", ""index"": 8, ""distance"": 2, ""direction"": ""forward""}]",json,Semantic,Dictionary (fallback),0.9,False,,serving,"[{""tk"": ""which"", ""act"": 19.800851821899414}, {""tk"": ""serving"", ""act"": 19.05910873413086}, {""tk"": ""state"", ""act"": 8.639383316040039}, {""tk"": ""containing"", ""act"": 5.966921806335449}, {""tk"": ""is"", ""act"": 5.837582588195801}, {""tk"": ""city"", ""act"": 0.0}, {""tk"": ""in"", ""act"": 0.0}, {""tk"": ""Mexico"", ""act"": 0.0}, {""tk"": ""USA"", ""act"": 0.0}, {""tk"": ""Albuquerque"", ""act"": 0.0}, {""tk"": ""The"", ""act"": 0.0}, {""tk"": ""capital"", ""act"": 0.0}, {""tk"": ""of"", ""act"": 0.0}, {""tk"": ""attribute"", ""act"": 0.0}, {""tk"": ""government"", ""act"": 0.0}]"
0_19204,0,19204,relationship: the state in which a city is located is the state containing,<bos>,0,19.44998550415039,0.9333333333333332,semantic,"[{""token"": ""<bos>"", ""index"": 0, ""distance"": 0, ""direction"": ""self""}]",n/a,Semantic,Dictionary (fallback),0.9,False,,Semantic (unknown),"[{""tk"": ""city"", ""act"": 0.0}, {""tk"": ""in"", ""act"": 0.0}, {""tk"": ""Mexico"", ""act"": 0.0}, {""tk"": ""USA"", ""act"": 0.0}, {""tk"": ""is"", ""act"": 0.0}, {""tk"": ""Albuquerque"", ""act"": 0.0}, {""tk"": ""The"", ""act"": 0.0}, {""tk"": ""capital"", ""act"": 0.0}, {""tk"": ""of"", ""act"": 0.0}, {""tk"": ""state"", ""act"": 0.0}, {""tk"": ""attribute"", ""act"": 0.0}, {""tk"": ""serving"", ""act"": 0.0}, {""tk"": ""government"", ""act"": 0.0}, {""tk"": ""which"", ""act"": 0.0}, {""tk"": ""containing"", ""act"": 0.0}]"
0_67553,0,67553,relationship: the state in which a city is located is the state containing, containing,14,16.307926177978516,0.9333333333333332,semantic,"[{""token"": "" containing"", ""index"": 14, ""distance"": 0, ""direction"": ""self""}]",n/a,Semantic,Dictionary,1.0,False,,containing,"[{""tk"": ""containing"", ""act"": 16.307926177978516}, {""tk"": ""city"", ""act"": 0.0}, {""tk"": ""in"", ""act"": 0.0}, {""tk"": ""Mexico"", ""act"": 0.0}, {""tk"": ""USA"", ""act"": 0.0}, {""tk"": ""is"", ""act"": 0.0}, {""tk"": ""Albuquerque"", ""act"": 0.0}, {""tk"": ""The"", ""act"": 0.0}, {""tk"": ""capital"", ""act"": 0.0}, {""tk"": ""of"", ""act"": 0.0}, {""tk"": ""state"", ""act"": 0.0}, {""tk"": ""attribute"", ""act"": 0.0}, {""tk"": ""serving"", ""act"": 0.0}, {""tk"": ""government"", ""act"": 0.0}, {""tk"": ""which"", ""act"": 0.0}]"
0_61257,0,61257,relationship: the state in which a city is located is the state containing, state,13,15.710807800292969,0.9083290639733844,semantic,"[{""token"": "" state"", ""index"": 13, ""distance"": 0, ""direction"": ""self""}]",n/a,Semantic,Dictionary (fallback),0.9,False,,state,"[{""tk"": ""state"", ""act"": 15.710807800292969}, {""tk"": ""city"", ""act"": 0.0}, {""tk"": ""in"", ""act"": 0.0}, {""tk"": ""Mexico"", ""act"": 0.0}, {""tk"": ""USA"", ""act"": 0.0}, {""tk"": ""is"", ""act"": 0.0}, {""tk"": ""Albuquerque"", ""act"": 0.0}, {""tk"": ""The"", ""act"": 0.0}, {""tk"": ""capital"", ""act"": 0.0}, {""tk"": ""of"", ""act"": 0.0}, {""tk"": ""attribute"", ""act"": 0.0}, {""tk"": ""serving"", ""act"": 0.0}, {""tk"": ""government"", ""act"": 0.0}, {""tk"": ""which"", ""act"": 0.0}, {""tk"": ""containing"", ""act"": 0.0}]"
0_91570,0,91570,relationship: the state in which a city is located is the state containing,<bos>,0,15.283381462097168,0.8681014542374736,semantic,"[{""token"": ""<bos>"", ""index"": 0, ""distance"": 0, ""direction"": ""self""}]",n/a,Semantic,Dictionary (fallback),0.9,False,,attribute,"[{""tk"": ""attribute"", ""act"": 21.15618896484375}, {""tk"": ""city"", ""act"": 0.0}, {""tk"": ""in"", ""act"": 0.0}, {""tk"": ""Mexico"", ""act"": 0.0}, {""tk"": ""USA"", ""act"": 0.0}, {""tk"": ""is"", ""act"": 0.0}, {""tk"": ""Albuquerque"", ""act"": 0.0}, {""tk"": ""The"", ""act"": 0.0}, {""tk"": ""capital"", ""act"": 0.0}, {""tk"": ""of"", ""act"": 0.0}, {""tk"": ""state"", ""act"": 0.0}, {""tk"": ""serving"", ""act"": 0.0}, {""tk"": ""government"", ""act"": 0.0}, {""tk"": ""which"", ""act"": 0.0}, {""tk"": ""containing"", ""act"": 0.0}]"
0_37445,0,37445,relationship: the state in which a city is located is the state containing,<bos>,0,15.157523155212402,0.9333333333333332,semantic,"[{""token"": ""<bos>"", ""index"": 0, ""distance"": 0, ""direction"": ""self""}]",n/a,Semantic,Dictionary (fallback),0.9,False,,Semantic (unknown),"[{""tk"": ""Albuquerque"", ""act"": 7.536114692687988}, {""tk"": ""city"", ""act"": 0.0}, {""tk"": ""in"", ""act"": 0.0}, {""tk"": ""Mexico"", ""act"": 0.0}, {""tk"": ""USA"", ""act"": 0.0}, {""tk"": ""is"", ""act"": 0.0}, {""tk"": ""The"", ""act"": 0.0}, {""tk"": ""capital"", ""act"": 0.0}, {""tk"": ""of"", ""act"": 0.0}, {""tk"": ""state"", ""act"": 0.0}, {""tk"": ""attribute"", ""act"": 0.0}, {""tk"": ""serving"", ""act"": 0.0}, {""tk"": ""government"", ""act"": 0.0}, {""tk"": ""which"", ""act"": 0.0}, {""tk"": ""containing"", ""act"": 0.0}]"
0_88875,0,88875,relationship: the state in which a city is located is the state containing, containing,14,13.765202522277832,0.9333333333333332,semantic,"[{""token"": "" containing"", ""index"": 14, ""distance"": 0, ""direction"": ""self""}]",n/a,Semantic,Dictionary,1.0,False,,containing,"[{""tk"": ""containing"", ""act"": 13.765202522277832}, {""tk"": ""city"", ""act"": 0.0}, {""tk"": ""in"", ""act"": 0.0}, {""tk"": ""Mexico"", ""act"": 0.0}, {""tk"": ""USA"", ""act"": 0.0}, {""tk"": ""is"", ""act"": 0.0}, {""tk"": ""Albuquerque"", ""act"": 0.0}, {""tk"": ""The"", ""act"": 0.0}, {""tk"": ""capital"", ""act"": 0.0}, {""tk"": ""of"", ""act"": 0.0}, {""tk"": ""state"", ""act"": 0.0}, {""tk"": ""attribute"", ""act"": 0.0}, {""tk"": ""serving"", ""act"": 0.0}, {""tk"": ""government"", ""act"": 0.0}, {""tk"": ""which"", ""act"": 0.0}]"
0_56748,0,56748,relationship: the state in which a city is located is the state containing, state,4,13.299398422241213,0.8863527430372052,semantic,"[{""token"": "" state"", ""index"": 4, ""distance"": 0, ""direction"": ""self""}]",n/a,Semantic,Dictionary (fallback),0.9,False,,state,"[{""tk"": ""state"", ""act"": 13.299398422241211}, {""tk"": ""city"", ""act"": 0.0}, {""tk"": ""in"", ""act"": 0.0}, {""tk"": ""Mexico"", ""act"": 0.0}, {""tk"": ""USA"", ""act"": 0.0}, {""tk"": ""is"", ""act"": 0.0}, {""tk"": ""Albuquerque"", ""act"": 0.0}, {""tk"": ""The"", ""act"": 0.0}, {""tk"": ""capital"", ""act"": 0.0}, {""tk"": ""of"", ""act"": 0.0}, {""tk"": ""attribute"", ""act"": 0.0}, {""tk"": ""serving"", ""act"": 0.0}, {""tk"": ""government"", ""act"": 0.0}, {""tk"": ""which"", ""act"": 0.0}, {""tk"": ""containing"", ""act"": 0.0}]"
0_66754,0,66754,relationship: the state in which a city is located is the state containing, containing,14,12.251155853271484,0.9333333333333332,semantic,"[{""token"": "" containing"", ""index"": 14, ""distance"": 0, ""direction"": ""self""}]",n/a,Semantic,Dictionary,1.0,False,,containing,"[{""tk"": ""containing"", ""act"": 12.251155853271484}, {""tk"": ""city"", ""act"": 0.0}, {""tk"": ""in"", ""act"": 0.0}, {""tk"": ""Mexico"", ""act"": 0.0}, {""tk"": ""USA"", ""act"": 0.0}, {""tk"": ""is"", ""act"": 0.0}, {""tk"": ""Albuquerque"", ""act"": 0.0}, {""tk"": ""The"", ""act"": 0.0}, {""tk"": ""capital"", ""act"": 0.0}, {""tk"": ""of"", ""act"": 0.0}, {""tk"": ""state"", ""act"": 0.0}, {""tk"": ""attribute"", ""act"": 0.0}, {""tk"": ""serving"", ""act"": 0.0}, {""tk"": ""government"", ""act"": 0.0}, {""tk"": ""which"", ""act"": 0.0}]"
0_54197,0,54197,relationship: the state in which a city is located is the state containing, containing,14,11.77919864654541,0.9333333333333332,semantic,"[{""token"": "" containing"", ""index"": 14, ""distance"": 0, ""direction"": ""self""}]",n/a,Semantic,Dictionary,1.0,False,,containing,"[{""tk"": ""containing"", ""act"": 11.77919864654541}, {""tk"": ""city"", ""act"": 0.0}, {""tk"": ""in"", ""act"": 0.0}, {""tk"": ""Mexico"", ""act"": 0.0}, {""tk"": ""USA"", ""act"": 0.0}, {""tk"": ""is"", ""act"": 0.0}, {""tk"": ""Albuquerque"", ""act"": 0.0}, {""tk"": ""The"", ""act"": 0.0}, {""tk"": ""capital"", ""act"": 0.0}, {""tk"": ""of"", ""act"": 0.0}, {""tk"": ""state"", ""act"": 0.0}, {""tk"": ""attribute"", ""act"": 0.0}, {""tk"": ""serving"", ""act"": 0.0}, {""tk"": ""government"", ""act"": 0.0}, {""tk"": ""which"", ""act"": 0.0}]"
0_47638,0,47638,relationship: the state in which a city is located is the state containing, containing,14,11.569823265075684,0.9123683502009328,semantic,"[{""token"": "" containing"", ""index"": 14, ""distance"": 0, ""direction"": ""self""}]",n/a,Semantic,Dictionary,1.0,False,,containing,"[{""tk"": ""containing"", ""act"": 11.569823265075684}, {""tk"": ""city"", ""act"": 0.0}, {""tk"": ""in"", ""act"": 0.0}, {""tk"": ""Mexico"", ""act"": 0.0}, {""tk"": ""USA"", ""act"": 0.0}, {""tk"": ""is"", ""act"": 0.0}, {""tk"": ""Albuquerque"", ""act"": 0.0}, {""tk"": ""The"", ""act"": 0.0}, {""tk"": ""capital"", ""act"": 0.0}, {""tk"": ""of"", ""act"": 0.0}, {""tk"": ""state"", ""act"": 0.0}, {""tk"": ""attribute"", ""act"": 0.0}, {""tk"": ""serving"", ""act"": 0.0}, {""tk"": ""government"", ""act"": 0.0}, {""tk"": ""which"", ""act"": 0.0}]"
0_52264,0,52264,relationship: the state in which a city is located is the state containing, containing,14,9.985231399536133,0.9333333333333332,semantic,"[{""token"": "" containing"", ""index"": 14, ""distance"": 0, ""direction"": ""self""}]",n/a,Semantic,Dictionary,1.0,False,,containing,"[{""tk"": ""containing"", ""act"": 9.985231399536133}, {""tk"": ""city"", ""act"": 0.0}, {""tk"": ""in"", ""act"": 0.0}, {""tk"": ""Mexico"", ""act"": 0.0}, {""tk"": ""USA"", ""act"": 0.0}, {""tk"": ""is"", ""act"": 0.0}, {""tk"": ""Albuquerque"", ""act"": 0.0}, {""tk"": ""The"", ""act"": 0.0}, {""tk"": ""capital"", ""act"": 0.0}, {""tk"": ""of"", ""act"": 0.0}, {""tk"": ""state"", ""act"": 0.0}, {""tk"": ""attribute"", ""act"": 0.0}, {""tk"": ""serving"", ""act"": 0.0}, {""tk"": ""government"", ""act"": 0.0}, {""tk"": ""which"", ""act"": 0.0}]"
0_60256,0,60256,relationship: the state in which a city is located is the state containing, containing,14,8.764032363891602,0.8705189496911452,semantic,"[{""token"": "" containing"", ""index"": 14, ""distance"": 0, ""direction"": ""self""}]",n/a,Semantic,Dictionary,1.0,False,,containing,"[{""tk"": ""containing"", ""act"": 8.764032363891602}, {""tk"": ""city"", ""act"": 0.0}, {""tk"": ""in"", ""act"": 0.0}, {""tk"": ""Mexico"", ""act"": 0.0}, {""tk"": ""USA"", ""act"": 0.0}, {""tk"": ""is"", ""act"": 0.0}, {""tk"": ""Albuquerque"", ""act"": 0.0}, {""tk"": ""The"", ""act"": 0.0}, {""tk"": ""capital"", ""act"": 0.0}, {""tk"": ""of"", ""act"": 0.0}, {""tk"": ""state"", ""act"": 0.0}, {""tk"": ""attribute"", ""act"": 0.0}, {""tk"": ""serving"", ""act"": 0.0}, {""tk"": ""government"", ""act"": 0.0}, {""tk"": ""which"", ""act"": 0.0}]"
0_71156,0,71156,relationship: the state in which a city is located is the state containing,<bos>,0,8.403823852539062,0.9333333333333332,semantic,"[{""token"": ""<bos>"", ""index"": 0, ""distance"": 0, ""direction"": ""self""}]",n/a,Semantic,Dictionary,1.0,False,,Albuquerque,"[{""tk"": ""Albuquerque"", ""act"": 10.317928314208984}, {""tk"": ""city"", ""act"": 0.0}, {""tk"": ""in"", ""act"": 0.0}, {""tk"": ""Mexico"", ""act"": 0.0}, {""tk"": ""USA"", ""act"": 0.0}, {""tk"": ""is"", ""act"": 0.0}, {""tk"": ""The"", ""act"": 0.0}, {""tk"": ""capital"", ""act"": 0.0}, {""tk"": ""of"", ""act"": 0.0}, {""tk"": ""state"", ""act"": 0.0}, {""tk"": ""attribute"", ""act"": 0.0}, {""tk"": ""serving"", ""act"": 0.0}, {""tk"": ""government"", ""act"": 0.0}, {""tk"": ""which"", ""act"": 0.0}, {""tk"": ""containing"", ""act"": 0.0}]"
0_52009,0,52009,relationship: the state in which a city is located is the state containing, containing,14,7.867442607879639,0.9333333333333332,semantic,"[{""token"": "" containing"", ""index"": 14, ""distance"": 0, ""direction"": ""self""}]",n/a,Semantic,Dictionary,1.0,False,,containing,"[{""tk"": ""containing"", ""act"": 7.867442607879639}, {""tk"": ""city"", ""act"": 0.0}, {""tk"": ""in"", ""act"": 0.0}, {""tk"": ""Mexico"", ""act"": 0.0}, {""tk"": ""USA"", ""act"": 0.0}, {""tk"": ""is"", ""act"": 0.0}, {""tk"": ""Albuquerque"", ""act"": 0.0}, {""tk"": ""The"", ""act"": 0.0}, {""tk"": ""capital"", ""act"": 0.0}, {""tk"": ""of"", ""act"": 0.0}, {""tk"": ""state"", ""act"": 0.0}, {""tk"": ""attribute"", ""act"": 0.0}, {""tk"": ""serving"", ""act"": 0.0}, {""tk"": ""government"", ""act"": 0.0}, {""tk"": ""which"", ""act"": 0.0}]"
0_23888,0,23888,relationship: the state in which a city is located is the state containing, containing,14,6.754897594451904,0.9333333333333332,semantic,"[{""token"": "" containing"", ""index"": 14, ""distance"": 0, ""direction"": ""self""}]",n/a,Semantic,Dictionary,1.0,False,,containing,"[{""tk"": ""containing"", ""act"": 6.754897594451904}, {""tk"": ""city"", ""act"": 0.0}, {""tk"": ""in"", ""act"": 0.0}, {""tk"": ""Mexico"", ""act"": 0.0}, {""tk"": ""USA"", ""act"": 0.0}, {""tk"": ""is"", ""act"": 0.0}, {""tk"": ""Albuquerque"", ""act"": 0.0}, {""tk"": ""The"", ""act"": 0.0}, {""tk"": ""capital"", ""act"": 0.0}, {""tk"": ""of"", ""act"": 0.0}, {""tk"": ""state"", ""act"": 0.0}, {""tk"": ""attribute"", ""act"": 0.0}, {""tk"": ""serving"", ""act"": 0.0}, {""tk"": ""government"", ""act"": 0.0}, {""tk"": ""which"", ""act"": 0.0}]"
0_44709,0,44709,relationship: the state in which a city is located is the state containing, containing,14,6.07918643951416,0.9333333333333332,semantic,"[{""token"": "" containing"", ""index"": 14, ""distance"": 0, ""direction"": ""self""}]",n/a,Semantic,Dictionary,1.0,False,,containing,"[{""tk"": ""containing"", ""act"": 6.07918643951416}, {""tk"": ""city"", ""act"": 0.0}, {""tk"": ""in"", ""act"": 0.0}, {""tk"": ""Mexico"", ""act"": 0.0}, {""tk"": ""USA"", ""act"": 0.0}, {""tk"": ""is"", ""act"": 0.0}, {""tk"": ""Albuquerque"", ""act"": 0.0}, {""tk"": ""The"", ""act"": 0.0}, {""tk"": ""capital"", ""act"": 0.0}, {""tk"": ""of"", ""act"": 0.0}, {""tk"": ""state"", ""act"": 0.0}, {""tk"": ""attribute"", ""act"": 0.0}, {""tk"": ""serving"", ""act"": 0.0}, {""tk"": ""government"", ""act"": 0.0}, {""tk"": ""which"", ""act"": 0.0}]"
0_82862,0,82862,relationship: the state in which a city is located is the state containing, state,4,5.531653881072998,0.9161494731490348,semantic,"[{""token"": "" state"", ""index"": 4, ""distance"": 0, ""direction"": ""self""}]",n/a,Semantic,Dictionary (fallback),0.9,False,,government,"[{""tk"": ""government"", ""act"": 9.586883544921875}, {""tk"": ""capital"", ""act"": 8.219970703125}, {""tk"": ""state"", ""act"": 5.531653881072998}, {""tk"": ""city"", ""act"": 0.0}, {""tk"": ""in"", ""act"": 0.0}, {""tk"": ""Mexico"", ""act"": 0.0}, {""tk"": ""USA"", ""act"": 0.0}, {""tk"": ""is"", ""act"": 0.0}, {""tk"": ""Albuquerque"", ""act"": 0.0}, {""tk"": ""The"", ""act"": 0.0}, {""tk"": ""of"", ""act"": 0.0}, {""tk"": ""attribute"", ""act"": 0.0}, {""tk"": ""serving"", ""act"": 0.0}, {""tk"": ""which"", ""act"": 0.0}, {""tk"": ""containing"", ""act"": 0.0}]"
0_12284,0,12284,relationship: the state in which a city is located is the state containing,<bos>,0,4.237040519714356,0.9333333333333332,semantic,"[{""token"": ""<bos>"", ""index"": 0, ""distance"": 0, ""direction"": ""self""}]",n/a,Semantic,Dictionary (fallback),0.9,False,,Semantic (unknown),"[{""tk"": ""city"", ""act"": 0.0}, {""tk"": ""in"", ""act"": 0.0}, {""tk"": ""Mexico"", ""act"": 0.0}, {""tk"": ""USA"", ""act"": 0.0}, {""tk"": ""is"", ""act"": 0.0}, {""tk"": ""Albuquerque"", ""act"": 0.0}, {""tk"": ""The"", ""act"": 0.0}, {""tk"": ""capital"", ""act"": 0.0}, {""tk"": ""of"", ""act"": 0.0}, {""tk"": ""state"", ""act"": 0.0}, {""tk"": ""attribute"", ""act"": 0.0}, {""tk"": ""serving"", ""act"": 0.0}, {""tk"": ""government"", ""act"": 0.0}, {""tk"": ""which"", ""act"": 0.0}, {""tk"": ""containing"", ""act"": 0.0}]"
0_91553,0,91553,relationship: the state in which a city is located is the state containing,<bos>,0,0.9048857688903807,0.9333333333333332,semantic,"[{""token"": ""<bos>"", ""index"": 0, ""distance"": 0, ""direction"": ""self""}]",n/a,Semantic,Dictionary (fallback),0.9,False,,Semantic (unknown),"[{""tk"": ""city"", ""act"": 0.0}, {""tk"": ""in"", ""act"": 0.0}, {""tk"": ""Mexico"", ""act"": 0.0}, {""tk"": ""USA"", ""act"": 0.0}, {""tk"": ""is"", ""act"": 0.0}, {""tk"": ""Albuquerque"", ""act"": 0.0}, {""tk"": ""The"", ""act"": 0.0}, {""tk"": ""capital"", ""act"": 0.0}, {""tk"": ""of"", ""act"": 0.0}, {""tk"": ""state"", ""act"": 0.0}, {""tk"": ""attribute"", ""act"": 0.0}, {""tk"": ""serving"", ""act"": 0.0}, {""tk"": ""government"", ""act"": 0.0}, {""tk"": ""which"", ""act"": 0.0}, {""tk"": ""containing"", ""act"": 0.0}]"
0_33316,0,33316,relationship: the state in which a city is located is the state containing, is,11,0.1426339149475097,0.9333333333333332,functional,"[{""token"": "" state"", ""index"": 13, ""distance"": 2, ""direction"": ""forward""}]",json,Semantic,Dictionary (fallback),0.9,False,,is,"[{""tk"": ""is"", ""act"": 1.3535914421081543}, {""tk"": ""city"", ""act"": 0.0}, {""tk"": ""in"", ""act"": 0.0}, {""tk"": ""Mexico"", ""act"": 0.0}, {""tk"": ""USA"", ""act"": 0.0}, {""tk"": ""Albuquerque"", ""act"": 0.0}, {""tk"": ""The"", ""act"": 0.0}, {""tk"": ""capital"", ""act"": 0.0}, {""tk"": ""of"", ""act"": 0.0}, {""tk"": ""state"", ""act"": 0.0}, {""tk"": ""attribute"", ""act"": 0.0}, {""tk"": ""serving"", ""act"": 0.0}, {""tk"": ""government"", ""act"": 0.0}, {""tk"": ""which"", ""act"": 0.0}, {""tk"": ""containing"", ""act"": 0.0}]"
0_5034,0,5034,relationship: the state in which a city is located is the state containing,<bos>,0,0.0,0.0,semantic,"[{""token"": ""<bos>"", ""index"": 0, ""distance"": 0, ""direction"": ""self""}]",n/a,Semantic,Dictionary,1.0,False,,Albuquerque,"[{""tk"": ""Albuquerque"", ""act"": 9.187335014343262}, {""tk"": ""city"", ""act"": 0.0}, {""tk"": ""in"", ""act"": 0.0}, {""tk"": ""Mexico"", ""act"": 0.0}, {""tk"": ""USA"", ""act"": 0.0}, {""tk"": ""is"", ""act"": 0.0}, {""tk"": ""The"", ""act"": 0.0}, {""tk"": ""capital"", ""act"": 0.0}, {""tk"": ""of"", ""act"": 0.0}, {""tk"": ""state"", ""act"": 0.0}, {""tk"": ""attribute"", ""act"": 0.0}, {""tk"": ""serving"", ""act"": 0.0}, {""tk"": ""government"", ""act"": 0.0}, {""tk"": ""which"", ""act"": 0.0}, {""tk"": ""containing"", ""act"": 0.0}]"
0_5916,0,5916,relationship: the state in which a city is located is the state containing,<bos>,0,0.0,0.0,semantic,"[{""token"": ""<bos>"", ""index"": 0, ""distance"": 0, ""direction"": ""self""}]",n/a,Semantic,Dictionary (fallback),0.9,False,,capital,"[{""tk"": ""capital"", ""act"": 18.749942779541016}, {""tk"": ""city"", ""act"": 0.0}, {""tk"": ""in"", ""act"": 0.0}, {""tk"": ""Mexico"", ""act"": 0.0}, {""tk"": ""USA"", ""act"": 0.0}, {""tk"": ""is"", ""act"": 0.0}, {""tk"": ""Albuquerque"", ""act"": 0.0}, {""tk"": ""The"", ""act"": 0.0}, {""tk"": ""of"", ""act"": 0.0}, {""tk"": ""state"", ""act"": 0.0}, {""tk"": ""attribute"", ""act"": 0.0}, {""tk"": ""serving"", ""act"": 0.0}, {""tk"": ""government"", ""act"": 0.0}, {""tk"": ""which"", ""act"": 0.0}, {""tk"": ""containing"", ""act"": 0.0}]"
0_14810,0,14810,relationship: the state in which a city is located is the state containing,<bos>,0,0.0,0.0,semantic,"[{""token"": ""<bos>"", ""index"": 0, ""distance"": 0, ""direction"": ""self""}]",n/a,Semantic,Dictionary,1.0,False,,of,"[{""tk"": ""of"", ""act"": 17.059555053710938}, {""tk"": ""city"", ""act"": 0.0}, {""tk"": ""in"", ""act"": 0.0}, {""tk"": ""Mexico"", ""act"": 0.0}, {""tk"": ""USA"", ""act"": 0.0}, {""tk"": ""is"", ""act"": 0.0}, {""tk"": ""Albuquerque"", ""act"": 0.0}, {""tk"": ""The"", ""act"": 0.0}, {""tk"": ""capital"", ""act"": 0.0}, {""tk"": ""state"", ""act"": 0.0}, {""tk"": ""attribute"", ""act"": 0.0}, {""tk"": ""serving"", ""act"": 0.0}, {""tk"": ""government"", ""act"": 0.0}, {""tk"": ""which"", ""act"": 0.0}, {""tk"": ""containing"", ""act"": 0.0}]"
0_15430,0,15430,relationship: the state in which a city is located is the state containing,<bos>,0,0.0,0.0,semantic,"[{""token"": ""<bos>"", ""index"": 0, ""distance"": 0, ""direction"": ""self""}]",n/a,Semantic,Dictionary,1.0,False,,capital,"[{""tk"": ""capital"", ""act"": 8.16793155670166}, {""tk"": ""city"", ""act"": 0.0}, {""tk"": ""in"", ""act"": 0.0}, {""tk"": ""Mexico"", ""act"": 0.0}, {""tk"": ""USA"", ""act"": 0.0}, {""tk"": ""is"", ""act"": 0.0}, {""tk"": ""Albuquerque"", ""act"": 0.0}, {""tk"": ""The"", ""act"": 0.0}, {""tk"": ""of"", ""act"": 0.0}, {""tk"": ""state"", ""act"": 0.0}, {""tk"": ""attribute"", ""act"": 0.0}, {""tk"": ""serving"", ""act"": 0.0}, {""tk"": ""government"", ""act"": 0.0}, {""tk"": ""which"", ""act"": 0.0}, {""tk"": ""containing"", ""act"": 0.0}]"
0_15646,0,15646,relationship: the state in which a city is located is the state containing,<bos>,0,0.0,0.0,semantic,"[{""token"": ""<bos>"", ""index"": 0, ""distance"": 0, ""direction"": ""self""}]",n/a,Semantic,Dictionary,1.0,False,,Albuquerque,"[{""tk"": ""Albuquerque"", ""act"": 11.47055435180664}, {""tk"": ""city"", ""act"": 0.0}, {""tk"": ""in"", ""act"": 0.0}, {""tk"": ""Mexico"", ""act"": 0.0}, {""tk"": ""USA"", ""act"": 0.0}, {""tk"": ""is"", ""act"": 0.0}, {""tk"": ""The"", ""act"": 0.0}, {""tk"": ""capital"", ""act"": 0.0}, {""tk"": ""of"", ""act"": 0.0}, {""tk"": ""state"", ""act"": 0.0}, {""tk"": ""attribute"", ""act"": 0.0}, {""tk"": ""serving"", ""act"": 0.0}, {""tk"": ""government"", ""act"": 0.0}, {""tk"": ""which"", ""act"": 0.0}, {""tk"": ""containing"", ""act"": 0.0}]"
0_18903,0,18903,relationship: the state in which a city is located is the state containing,<bos>,0,0.0,0.0,semantic,"[{""token"": ""<bos>"", ""index"": 0, ""distance"": 0, ""direction"": ""self""}]",n/a,Semantic,Dictionary,1.0,False,,Albuquerque,"[{""tk"": ""Albuquerque"", ""act"": 11.383782386779785}, {""tk"": ""city"", ""act"": 0.0}, {""tk"": ""in"", ""act"": 0.0}, {""tk"": ""Mexico"", ""act"": 0.0}, {""tk"": ""USA"", ""act"": 0.0}, {""tk"": ""is"", ""act"": 0.0}, {""tk"": ""The"", ""act"": 0.0}, {""tk"": ""capital"", ""act"": 0.0}, {""tk"": ""of"", ""act"": 0.0}, {""tk"": ""state"", ""act"": 0.0}, {""tk"": ""attribute"", ""act"": 0.0}, {""tk"": ""serving"", ""act"": 0.0}, {""tk"": ""government"", ""act"": 0.0}, {""tk"": ""which"", ""act"": 0.0}, {""tk"": ""containing"", ""act"": 0.0}]"
0_21657,0,21657,relationship: the state in which a city is located is the state containing,<bos>,0,0.0,0.0,semantic,"[{""token"": ""<bos>"", ""index"": 0, ""distance"": 0, ""direction"": ""self""}]",n/a,Semantic,Dictionary,1.0,False,,Albuquerque,"[{""tk"": ""Albuquerque"", ""act"": 9.998356819152832}, {""tk"": ""city"", ""act"": 0.0}, {""tk"": ""in"", ""act"": 0.0}, {""tk"": ""Mexico"", ""act"": 0.0}, {""tk"": ""USA"", ""act"": 0.0}, {""tk"": ""is"", ""act"": 0.0}, {""tk"": ""The"", ""act"": 0.0}, {""tk"": ""capital"", ""act"": 0.0}, {""tk"": ""of"", ""act"": 0.0}, {""tk"": ""state"", ""act"": 0.0}, {""tk"": ""attribute"", ""act"": 0.0}, {""tk"": ""serving"", ""act"": 0.0}, {""tk"": ""government"", ""act"": 0.0}, {""tk"": ""which"", ""act"": 0.0}, {""tk"": ""containing"", ""act"": 0.0}]"
0_23293,0,23293,relationship: the state in which a city is located is the state containing,<bos>,0,0.0,0.0,semantic,"[{""token"": ""<bos>"", ""index"": 0, ""distance"": 0, ""direction"": ""self""}]",n/a,Semantic,Dictionary,1.0,False,,capital,"[{""tk"": ""capital"", ""act"": 12.355522155761719}, {""tk"": ""city"", ""act"": 0.0}, {""tk"": ""in"", ""act"": 0.0}, {""tk"": ""Mexico"", ""act"": 0.0}, {""tk"": ""USA"", ""act"": 0.0}, {""tk"": ""is"", ""act"": 0.0}, {""tk"": ""Albuquerque"", ""act"": 0.0}, {""tk"": ""The"", ""act"": 0.0}, {""tk"": ""of"", ""act"": 0.0}, {""tk"": ""state"", ""act"": 0.0}, {""tk"": ""attribute"", ""act"": 0.0}, {""tk"": ""serving"", ""act"": 0.0}, {""tk"": ""government"", ""act"": 0.0}, {""tk"": ""which"", ""act"": 0.0}, {""tk"": ""containing"", ""act"": 0.0}]"
0_23477,0,23477,relationship: the state in which a city is located is the state containing,<bos>,0,0.0,0.0,semantic,"[{""token"": ""<bos>"", ""index"": 0, ""distance"": 0, ""direction"": ""self""}]",n/a,Relationship,,1.0,False,,(city) related,"[{""tk"": ""city"", ""act"": 0.0}, {""tk"": ""in"", ""act"": 0.0}, {""tk"": ""Mexico"", ""act"": 0.0}, {""tk"": ""USA"", ""act"": 0.0}, {""tk"": ""is"", ""act"": 0.0}, {""tk"": ""Albuquerque"", ""act"": 0.0}, {""tk"": ""The"", ""act"": 0.0}, {""tk"": ""capital"", ""act"": 0.0}, {""tk"": ""of"", ""act"": 0.0}, {""tk"": ""state"", ""act"": 0.0}, {""tk"": ""attribute"", ""act"": 0.0}, {""tk"": ""serving"", ""act"": 0.0}, {""tk"": ""government"", ""act"": 0.0}, {""tk"": ""which"", ""act"": 0.0}, {""tk"": ""containing"", ""act"": 0.0}]"
0_24438,0,24438,relationship: the state in which a city is located is the state containing,<bos>,0,0.0,0.0,semantic,"[{""token"": ""<bos>"", ""index"": 0, ""distance"": 0, ""direction"": ""self""}]",n/a,Relationship,,1.0,False,,(city) related,"[{""tk"": ""city"", ""act"": 0.0}, {""tk"": ""in"", ""act"": 0.0}, {""tk"": ""Mexico"", ""act"": 0.0}, {""tk"": ""USA"", ""act"": 0.0}, {""tk"": ""is"", ""act"": 0.0}, {""tk"": ""Albuquerque"", ""act"": 0.0}, {""tk"": ""The"", ""act"": 0.0}, {""tk"": ""capital"", ""act"": 0.0}, {""tk"": ""of"", ""act"": 0.0}, {""tk"": ""state"", ""act"": 0.0}, {""tk"": ""attribute"", ""act"": 0.0}, {""tk"": ""serving"", ""act"": 0.0}, {""tk"": ""government"", ""act"": 0.0}, {""tk"": ""which"", ""act"": 0.0}, {""tk"": ""containing"", ""act"": 0.0}]"
0_31953,0,31953,relationship: the state in which a city is located is the state containing,<bos>,0,0.0,0.0,semantic,"[{""token"": ""<bos>"", ""index"": 0, ""distance"": 0, ""direction"": ""self""}]",n/a,Semantic,Dictionary,1.0,False,,capital,"[{""tk"": ""capital"", ""act"": 5.960221767425537}, {""tk"": ""city"", ""act"": 0.0}, {""tk"": ""in"", ""act"": 0.0}, {""tk"": ""Mexico"", ""act"": 0.0}, {""tk"": ""USA"", ""act"": 0.0}, {""tk"": ""is"", ""act"": 0.0}, {""tk"": ""Albuquerque"", ""act"": 0.0}, {""tk"": ""The"", ""act"": 0.0}, {""tk"": ""of"", ""act"": 0.0}, {""tk"": ""state"", ""act"": 0.0}, {""tk"": ""attribute"", ""act"": 0.0}, {""tk"": ""serving"", ""act"": 0.0}, {""tk"": ""government"", ""act"": 0.0}, {""tk"": ""which"", ""act"": 0.0}, {""tk"": ""containing"", ""act"": 0.0}]"
0_37416,0,37416,relationship: the state in which a city is located is the state containing,<bos>,0,0.0,0.0,semantic,"[{""token"": ""<bos>"", ""index"": 0, ""distance"": 0, ""direction"": ""self""}]",n/a,Semantic,Dictionary,1.0,False,,capital,"[{""tk"": ""capital"", ""act"": 12.284197807312012}, {""tk"": ""city"", ""act"": 0.0}, {""tk"": ""in"", ""act"": 0.0}, {""tk"": ""Mexico"", ""act"": 0.0}, {""tk"": ""USA"", ""act"": 0.0}, {""tk"": ""is"", ""act"": 0.0}, {""tk"": ""Albuquerque"", ""act"": 0.0}, {""tk"": ""The"", ""act"": 0.0}, {""tk"": ""of"", ""act"": 0.0}, {""tk"": ""state"", ""act"": 0.0}, {""tk"": ""attribute"", ""act"": 0.0}, {""tk"": ""serving"", ""act"": 0.0}, {""tk"": ""government"", ""act"": 0.0}, {""tk"": ""which"", ""act"": 0.0}, {""tk"": ""containing"", ""act"": 0.0}]"
0_41589,0,41589,relationship: the state in which a city is located is the state containing,<bos>,0,0.0,0.0,semantic,"[{""token"": ""<bos>"", ""index"": 0, ""distance"": 0, ""direction"": ""self""}]",n/a,Semantic,Dictionary,1.0,False,,capital,"[{""tk"": ""capital"", ""act"": 7.369453430175781}, {""tk"": ""city"", ""act"": 0.0}, {""tk"": ""in"", ""act"": 0.0}, {""tk"": ""Mexico"", ""act"": 0.0}, {""tk"": ""USA"", ""act"": 0.0}, {""tk"": ""is"", ""act"": 0.0}, {""tk"": ""Albuquerque"", ""act"": 0.0}, {""tk"": ""The"", ""act"": 0.0}, {""tk"": ""of"", ""act"": 0.0}, {""tk"": ""state"", ""act"": 0.0}, {""tk"": ""attribute"", ""act"": 0.0}, {""tk"": ""serving"", ""act"": 0.0}, {""tk"": ""government"", ""act"": 0.0}, {""tk"": ""which"", ""act"": 0.0}, {""tk"": ""containing"", ""act"": 0.0}]"
0_51418,0,51418,relationship: the state in which a city is located is the state containing,<bos>,0,0.0,0.0,semantic,"[{""token"": ""<bos>"", ""index"": 0, ""distance"": 0, ""direction"": ""self""}]",n/a,Semantic,Dictionary,1.0,False,,Albuquerque,"[{""tk"": ""Albuquerque"", ""act"": 5.9497809410095215}, {""tk"": ""city"", ""act"": 0.0}, {""tk"": ""in"", ""act"": 0.0}, {""tk"": ""Mexico"", ""act"": 0.0}, {""tk"": ""USA"", ""act"": 0.0}, {""tk"": ""is"", ""act"": 0.0}, {""tk"": ""The"", ""act"": 0.0}, {""tk"": ""capital"", ""act"": 0.0}, {""tk"": ""of"", ""act"": 0.0}, {""tk"": ""state"", ""act"": 0.0}, {""tk"": ""attribute"", ""act"": 0.0}, {""tk"": ""serving"", ""act"": 0.0}, {""tk"": ""government"", ""act"": 0.0}, {""tk"": ""which"", ""act"": 0.0}, {""tk"": ""containing"", ""act"": 0.0}]"
0_53491,0,53491,relationship: the state in which a city is located is the state containing,<bos>,0,0.0,0.0,semantic,"[{""token"": ""<bos>"", ""index"": 0, ""distance"": 0, ""direction"": ""self""}]",n/a,Semantic,Dictionary,1.0,False,,capital,"[{""tk"": ""capital"", ""act"": 16.344919204711914}, {""tk"": ""city"", ""act"": 0.0}, {""tk"": ""in"", ""act"": 0.0}, {""tk"": ""Mexico"", ""act"": 0.0}, {""tk"": ""USA"", ""act"": 0.0}, {""tk"": ""is"", ""act"": 0.0}, {""tk"": ""Albuquerque"", ""act"": 0.0}, {""tk"": ""The"", ""act"": 0.0}, {""tk"": ""of"", ""act"": 0.0}, {""tk"": ""state"", ""act"": 0.0}, {""tk"": ""attribute"", ""act"": 0.0}, {""tk"": ""serving"", ""act"": 0.0}, {""tk"": ""government"", ""act"": 0.0}, {""tk"": ""which"", ""act"": 0.0}, {""tk"": ""containing"", ""act"": 0.0}]"
0_53531,0,53531,relationship: the state in which a city is located is the state containing,<bos>,0,0.0,0.0,semantic,"[{""token"": ""<bos>"", ""index"": 0, ""distance"": 0, ""direction"": ""self""}]",n/a,Semantic,Dictionary,1.0,False,,capital,"[{""tk"": ""capital"", ""act"": 8.328258514404297}, {""tk"": ""city"", ""act"": 0.0}, {""tk"": ""in"", ""act"": 0.0}, {""tk"": ""Mexico"", ""act"": 0.0}, {""tk"": ""USA"", ""act"": 0.0}, {""tk"": ""is"", ""act"": 0.0}, {""tk"": ""Albuquerque"", ""act"": 0.0}, {""tk"": ""The"", ""act"": 0.0}, {""tk"": ""of"", ""act"": 0.0}, {""tk"": ""state"", ""act"": 0.0}, {""tk"": ""attribute"", ""act"": 0.0}, {""tk"": ""serving"", ""act"": 0.0}, {""tk"": ""government"", ""act"": 0.0}, {""tk"": ""which"", ""act"": 0.0}, {""tk"": ""containing"", ""act"": 0.0}]"
0_54572,0,54572,relationship: the state in which a city is located is the state containing,<bos>,0,0.0,0.0,semantic,"[{""token"": ""<bos>"", ""index"": 0, ""distance"": 0, ""direction"": ""self""}]",n/a,Semantic,Dictionary (fallback),0.9,False,,The,"[{""tk"": ""The"", ""act"": 30.514068603515625}, {""tk"": ""city"", ""act"": 0.0}, {""tk"": ""in"", ""act"": 0.0}, {""tk"": ""Mexico"", ""act"": 0.0}, {""tk"": ""USA"", ""act"": 0.0}, {""tk"": ""is"", ""act"": 0.0}, {""tk"": ""Albuquerque"", ""act"": 0.0}, {""tk"": ""capital"", ""act"": 0.0}, {""tk"": ""of"", ""act"": 0.0}, {""tk"": ""state"", ""act"": 0.0}, {""tk"": ""attribute"", ""act"": 0.0}, {""tk"": ""serving"", ""act"": 0.0}, {""tk"": ""government"", ""act"": 0.0}, {""tk"": ""which"", ""act"": 0.0}, {""tk"": ""containing"", ""act"": 0.0}]"
0_62872,0,62872,relationship: the state in which a city is located is the state containing,<bos>,0,0.0,0.0,semantic,"[{""token"": ""<bos>"", ""index"": 0, ""distance"": 0, ""direction"": ""self""}]",n/a,Relationship,,1.0,False,,(city) related,"[{""tk"": ""city"", ""act"": 0.0}, {""tk"": ""in"", ""act"": 0.0}, {""tk"": ""Mexico"", ""act"": 0.0}, {""tk"": ""USA"", ""act"": 0.0}, {""tk"": ""is"", ""act"": 0.0}, {""tk"": ""Albuquerque"", ""act"": 0.0}, {""tk"": ""The"", ""act"": 0.0}, {""tk"": ""capital"", ""act"": 0.0}, {""tk"": ""of"", ""act"": 0.0}, {""tk"": ""state"", ""act"": 0.0}, {""tk"": ""attribute"", ""act"": 0.0}, {""tk"": ""serving"", ""act"": 0.0}, {""tk"": ""government"", ""act"": 0.0}, {""tk"": ""which"", ""act"": 0.0}, {""tk"": ""containing"", ""act"": 0.0}]"
0_63548,0,63548,relationship: the state in which a city is located is the state containing,<bos>,0,0.0,0.0,semantic,"[{""token"": ""<bos>"", ""index"": 0, ""distance"": 0, ""direction"": ""self""}]",n/a,Semantic,Dictionary,1.0,False,,capital,"[{""tk"": ""capital"", ""act"": 9.130105972290039}, {""tk"": ""city"", ""act"": 0.0}, {""tk"": ""in"", ""act"": 0.0}, {""tk"": ""Mexico"", ""act"": 0.0}, {""tk"": ""USA"", ""act"": 0.0}, {""tk"": ""is"", ""act"": 0.0}, {""tk"": ""Albuquerque"", ""act"": 0.0}, {""tk"": ""The"", ""act"": 0.0}, {""tk"": ""of"", ""act"": 0.0}, {""tk"": ""state"", ""act"": 0.0}, {""tk"": ""attribute"", ""act"": 0.0}, {""tk"": ""serving"", ""act"": 0.0}, {""tk"": ""government"", ""act"": 0.0}, {""tk"": ""which"", ""act"": 0.0}, {""tk"": ""containing"", ""act"": 0.0}]"
0_68987,0,68987,relationship: the state in which a city is located is the state containing,<bos>,0,0.0,0.0,semantic,"[{""token"": ""<bos>"", ""index"": 0, ""distance"": 0, ""direction"": ""self""}]",n/a,Semantic,Dictionary,1.0,False,,capital,"[{""tk"": ""capital"", ""act"": 9.928791046142578}, {""tk"": ""city"", ""act"": 0.0}, {""tk"": ""in"", ""act"": 0.0}, {""tk"": ""Mexico"", ""act"": 0.0}, {""tk"": ""USA"", ""act"": 0.0}, {""tk"": ""is"", ""act"": 0.0}, {""tk"": ""Albuquerque"", ""act"": 0.0}, {""tk"": ""The"", ""act"": 0.0}, {""tk"": ""of"", ""act"": 0.0}, {""tk"": ""state"", ""act"": 0.0}, {""tk"": ""attribute"", ""act"": 0.0}, {""tk"": ""serving"", ""act"": 0.0}, {""tk"": ""government"", ""act"": 0.0}, {""tk"": ""which"", ""act"": 0.0}, {""tk"": ""containing"", ""act"": 0.0}]"
0_81697,0,81697,relationship: the state in which a city is located is the state containing,<bos>,0,0.0,0.0,semantic,"[{""token"": ""<bos>"", ""index"": 0, ""distance"": 0, ""direction"": ""self""}]",n/a,Semantic,Dictionary,1.0,False,,Albuquerque,"[{""tk"": ""Albuquerque"", ""act"": 10.892292976379395}, {""tk"": ""city"", ""act"": 0.0}, {""tk"": ""in"", ""act"": 0.0}, {""tk"": ""Mexico"", ""act"": 0.0}, {""tk"": ""USA"", ""act"": 0.0}, {""tk"": ""is"", ""act"": 0.0}, {""tk"": ""The"", ""act"": 0.0}, {""tk"": ""capital"", ""act"": 0.0}, {""tk"": ""of"", ""act"": 0.0}, {""tk"": ""state"", ""act"": 0.0}, {""tk"": ""attribute"", ""act"": 0.0}, {""tk"": ""serving"", ""act"": 0.0}, {""tk"": ""government"", ""act"": 0.0}, {""tk"": ""which"", ""act"": 0.0}, {""tk"": ""containing"", ""act"": 0.0}]"
0_87610,0,87610,relationship: the state in which a city is located is the state containing,<bos>,0,0.0,0.0,semantic,"[{""token"": ""<bos>"", ""index"": 0, ""distance"": 0, ""direction"": ""self""}]",n/a,Semantic,Dictionary,1.0,False,,Albuquerque,"[{""tk"": ""Albuquerque"", ""act"": 6.979316234588623}, {""tk"": ""city"", ""act"": 0.0}, {""tk"": ""in"", ""act"": 0.0}, {""tk"": ""Mexico"", ""act"": 0.0}, {""tk"": ""USA"", ""act"": 0.0}, {""tk"": ""is"", ""act"": 0.0}, {""tk"": ""The"", ""act"": 0.0}, {""tk"": ""capital"", ""act"": 0.0}, {""tk"": ""of"", ""act"": 0.0}, {""tk"": ""state"", ""act"": 0.0}, {""tk"": ""attribute"", ""act"": 0.0}, {""tk"": ""serving"", ""act"": 0.0}, {""tk"": ""government"", ""act"": 0.0}, {""tk"": ""which"", ""act"": 0.0}, {""tk"": ""containing"", ""act"": 0.0}]"
1_12928,1,12928,relationship: the state in which a city is located is the state containing,<bos>,0,424.16802978515625,0.7500396019762761,semantic,"[{""token"": ""<bos>"", ""index"": 0, ""distance"": 0, ""direction"": ""self""}]",n/a,Semantic,Dictionary (fallback),0.9,False,,Semantic (unknown),"[{""tk"": ""attribute"", ""act"": 116.61937713623047}, {""tk"": ""Mexico"", ""act"": 104.39421081542969}, {""tk"": ""city"", ""act"": 102.33412170410156}, {""tk"": ""state"", ""act"": 91.09199523925781}, {""tk"": ""Albuquerque"", ""act"": 88.14775085449219}, {""tk"": ""is"", ""act"": 87.51624298095703}, {""tk"": ""government"", ""act"": 86.91158294677734}, {""tk"": ""USA"", ""act"": 86.48966217041016}, {""tk"": ""the"", ""act"": 86.17095947265625}, {""tk"": ""which"", ""act"": 82.6561279296875}, {""tk"": ""capital"", ""act"": 74.68241882324219}, {""tk"": ""in"", ""act"": 73.71795654296875}, {""tk"": ""of"", ""act"": 68.17405700683594}, {""tk"": ""serving"", ""act"": 64.7063980102539}, {""tk"": ""containing"", ""act"": 62.237648010253906}]"
1_57794,1,57794,relationship: the state in which a city is located is the state containing,<bos>,0,388.9519348144531,0.7381633041790371,semantic,"[{""token"": ""<bos>"", ""index"": 0, ""distance"": 0, ""direction"": ""self""}]",n/a,Semantic,Dictionary (fallback),0.9,False,,Semantic (unknown),"[{""tk"": ""attribute"", ""act"": 125.1230239868164}, {""tk"": ""The"", ""act"": 90.81844329833984}, {""tk"": ""state"", ""act"": 85.2448959350586}, {""tk"": ""USA"", ""act"": 85.21576690673828}, {""tk"": ""is"", ""act"": 84.57393646240234}, {""tk"": ""Albuquerque"", ""act"": 84.56226348876953}, {""tk"": ""of"", ""act"": 81.49526977539062}, {""tk"": ""serving"", ""act"": 81.41454315185547}, {""tk"": ""in"", ""act"": 80.10187530517578}, {""tk"": ""which"", ""act"": 78.58411407470703}, {""tk"": ""city"", ""act"": 78.5748291015625}, {""tk"": ""government"", ""act"": 78.36383819580078}, {""tk"": ""capital"", ""act"": 77.23419952392578}, {""tk"": ""Mexico"", ""act"": 75.4376449584961}, {""tk"": ""containing"", ""act"": 74.69670104980469}]"
1_52044,1,52044,relationship: the state in which a city is located is the state containing, containing,14,125.91358184814452,0.3663079238479912,semantic,"[{""token"": "" containing"", ""index"": 14, ""distance"": 0, ""direction"": ""self""}]",n/a,Relationship,,1.0,False,,(containing) related,"[{""tk"": ""containing"", ""act"": 125.91358184814453}, {""tk"": ""capital"", ""act"": 118.56844329833984}, {""tk"": ""city"", ""act"": 112.72059631347656}, {""tk"": ""state"", ""act"": 110.67672729492188}, {""tk"": ""serving"", ""act"": 106.8580551147461}, {""tk"": ""USA"", ""act"": 93.92649841308594}, {""tk"": ""government"", ""act"": 92.29335021972656}, {""tk"": ""is"", ""act"": 88.68705749511719}, {""tk"": ""which"", ""act"": 87.12095642089844}, {""tk"": ""The"", ""act"": 81.9691162109375}, {""tk"": ""in"", ""act"": 78.93173217773438}, {""tk"": ""of"", ""act"": 75.42842864990234}, {""tk"": ""Albuquerque"", ""act"": 75.38298797607422}, {""tk"": ""Mexico"", ""act"": 72.02467346191406}, {""tk"": ""attribute"", ""act"": 43.5494384765625}]"
1_72774,1,72774,relationship: the state in which a city is located is the state containing, containing,14,97.6826171875,0.3658285075529607,semantic,"[{""token"": "" containing"", ""index"": 14, ""distance"": 0, ""direction"": ""self""}]",n/a,Relationship,,1.0,False,,(serving) related,"[{""tk"": ""serving"", ""act"": 112.18031311035156}, {""tk"": ""capital"", ""act"": 102.21701049804688}, {""tk"": ""city"", ""act"": 98.39340209960938}, {""tk"": ""containing"", ""act"": 97.6826171875}, {""tk"": ""state"", ""act"": 91.85028076171875}, {""tk"": ""is"", ""act"": 90.29220581054688}, {""tk"": ""government"", ""act"": 84.53697204589844}, {""tk"": ""USA"", ""act"": 82.76144409179688}, {""tk"": ""the"", ""act"": 78.6541748046875}, {""tk"": ""of"", ""act"": 78.48052978515625}, {""tk"": ""Albuquerque"", ""act"": 78.05813598632812}, {""tk"": ""Mexico"", ""act"": 72.91175842285156}, {""tk"": ""which"", ""act"": 71.98298645019531}, {""tk"": ""in"", ""act"": 71.59417724609375}, {""tk"": ""attribute"", ""act"": 23.17362403869629}]"
1_74380,1,74380,relationship: the state in which a city is located is the state containing,<bos>,0,2.384669780731201,0.9333333333333332,semantic,"[{""token"": ""<bos>"", ""index"": 0, ""distance"": 0, ""direction"": ""self""}]",n/a,Semantic,Dictionary,1.0,False,,capital,"[{""tk"": ""capital"", ""act"": 17.934070587158203}, {""tk"": ""city"", ""act"": 0.0}, {""tk"": ""in"", ""act"": 0.0}, {""tk"": ""Mexico"", ""act"": 0.0}, {""tk"": ""USA"", ""act"": 0.0}, {""tk"": ""is"", ""act"": 0.0}, {""tk"": ""Albuquerque"", ""act"": 0.0}, {""tk"": ""The"", ""act"": 0.0}, {""tk"": ""of"", ""act"": 0.0}, {""tk"": ""state"", ""act"": 0.0}, {""tk"": ""attribute"", ""act"": 0.0}, {""tk"": ""serving"", ""act"": 0.0}, {""tk"": ""government"", ""act"": 0.0}, {""tk"": ""which"", ""act"": 0.0}, {""tk"": ""containing"", ""act"": 0.0}]"
1_18568,1,18568,relationship: the state in which a city is located is the state containing, is,11,0.5946784019470215,0.9333333333333332,functional,"[{""token"": "" state"", ""index"": 13, ""distance"": 2, ""direction"": ""forward""}]",json,Semantic,Dictionary,0.8333333333333334,False,,is,"[{""tk"": ""is"", ""act"": 5.408833980560303}, {""tk"": ""city"", ""act"": 0.0}, {""tk"": ""in"", ""act"": 0.0}, {""tk"": ""Mexico"", ""act"": 0.0}, {""tk"": ""USA"", ""act"": 0.0}, {""tk"": ""Albuquerque"", ""act"": 0.0}, {""tk"": ""The"", ""act"": 0.0}, {""tk"": ""capital"", ""act"": 0.0}, {""tk"": ""of"", ""act"": 0.0}, {""tk"": ""state"", ""act"": 0.0}, {""tk"": ""attribute"", ""act"": 0.0}, {""tk"": ""serving"", ""act"": 0.0}, {""tk"": ""government"", ""act"": 0.0}, {""tk"": ""which"", ""act"": 0.0}, {""tk"": ""containing"", ""act"": 0.0}]"
1_2630,1,2630,relationship: the state in which a city is located is the state containing,<bos>,0,0.0,0.0,semantic,"[{""token"": ""<bos>"", ""index"": 0, ""distance"": 0, ""direction"": ""self""}]",n/a,Semantic,Dictionary,1.0,False,,Albuquerque,"[{""tk"": ""Albuquerque"", ""act"": 18.467029571533203}, {""tk"": ""city"", ""act"": 0.0}, {""tk"": ""in"", ""act"": 0.0}, {""tk"": ""Mexico"", ""act"": 0.0}, {""tk"": ""USA"", ""act"": 0.0}, {""tk"": ""is"", ""act"": 0.0}, {""tk"": ""The"", ""act"": 0.0}, {""tk"": ""capital"", ""act"": 0.0}, {""tk"": ""of"", ""act"": 0.0}, {""tk"": ""state"", ""act"": 0.0}, {""tk"": ""attribute"", ""act"": 0.0}, {""tk"": ""serving"", ""act"": 0.0}, {""tk"": ""government"", ""act"": 0.0}, {""tk"": ""which"", ""act"": 0.0}, {""tk"": ""containing"", ""act"": 0.0}]"
1_6948,1,6948,relationship: the state in which a city is located is the state containing,<bos>,0,0.0,0.0,semantic,"[{""token"": ""<bos>"", ""index"": 0, ""distance"": 0, ""direction"": ""self""}]",n/a,Semantic,Dictionary,1.0,False,,Albuquerque,"[{""tk"": ""Albuquerque"", ""act"": 19.919034957885742}, {""tk"": ""city"", ""act"": 0.0}, {""tk"": ""in"", ""act"": 0.0}, {""tk"": ""Mexico"", ""act"": 0.0}, {""tk"": ""USA"", ""act"": 0.0}, {""tk"": ""is"", ""act"": 0.0}, {""tk"": ""The"", ""act"": 0.0}, {""tk"": ""capital"", ""act"": 0.0}, {""tk"": ""of"", ""act"": 0.0}, {""tk"": ""state"", ""act"": 0.0}, {""tk"": ""attribute"", ""act"": 0.0}, {""tk"": ""serving"", ""act"": 0.0}, {""tk"": ""government"", ""act"": 0.0}, {""tk"": ""which"", ""act"": 0.0}, {""tk"": ""containing"", ""act"": 0.0}]"
1_38874,1,38874,relationship: the state in which a city is located is the state containing,<bos>,0,0.0,0.0,semantic,"[{""token"": ""<bos>"", ""index"": 0, ""distance"": 0, ""direction"": ""self""}]",n/a,Semantic,Dictionary,1.0,False,,Albuquerque,"[{""tk"": ""Albuquerque"", ""act"": 13.94074821472168}, {""tk"": ""city"", ""act"": 0.0}, {""tk"": ""in"", ""act"": 0.0}, {""tk"": ""Mexico"", ""act"": 0.0}, {""tk"": ""USA"", ""act"": 0.0}, {""tk"": ""is"", ""act"": 0.0}, {""tk"": ""The"", ""act"": 0.0}, {""tk"": ""capital"", ""act"": 0.0}, {""tk"": ""of"", ""act"": 0.0}, {""tk"": ""state"", ""act"": 0.0}, {""tk"": ""attribute"", ""act"": 0.0}, {""tk"": ""serving"", ""act"": 0.0}, {""tk"": ""government"", ""act"": 0.0}, {""tk"": ""which"", ""act"": 0.0}, {""tk"": ""containing"", ""act"": 0.0}]"
1_64129,1,64129,relationship: the state in which a city is located is the state containing,<bos>,0,0.0,0.0,semantic,"[{""token"": ""<bos>"", ""index"": 0, ""distance"": 0, ""direction"": ""self""}]",n/a,Relationship,,1.0,False,,(city) related,"[{""tk"": ""city"", ""act"": 0.0}, {""tk"": ""in"", ""act"": 0.0}, {""tk"": ""Mexico"", ""act"": 0.0}, {""tk"": ""USA"", ""act"": 0.0}, {""tk"": ""is"", ""act"": 0.0}, {""tk"": ""Albuquerque"", ""act"": 0.0}, {""tk"": ""The"", ""act"": 0.0}, {""tk"": ""capital"", ""act"": 0.0}, {""tk"": ""of"", ""act"": 0.0}, {""tk"": ""state"", ""act"": 0.0}, {""tk"": ""attribute"", ""act"": 0.0}, {""tk"": ""serving"", ""act"": 0.0}, {""tk"": ""government"", ""act"": 0.0}, {""tk"": ""which"", ""act"": 0.0}, {""tk"": ""containing"", ""act"": 0.0}]"
1_68763,1,68763,relationship: the state in which a city is located is the state containing,<bos>,0,0.0,0.0,semantic,"[{""token"": ""<bos>"", ""index"": 0, ""distance"": 0, ""direction"": ""self""}]",n/a,Relationship,,1.0,False,,(city) related,"[{""tk"": ""city"", ""act"": 0.0}, {""tk"": ""in"", ""act"": 0.0}, {""tk"": ""Mexico"", ""act"": 0.0}, {""tk"": ""USA"", ""act"": 0.0}, {""tk"": ""is"", ""act"": 0.0}, {""tk"": ""Albuquerque"", ""act"": 0.0}, {""tk"": ""The"", ""act"": 0.0}, {""tk"": ""capital"", ""act"": 0.0}, {""tk"": ""of"", ""act"": 0.0}, {""tk"": ""state"", ""act"": 0.0}, {""tk"": ""attribute"", ""act"": 0.0}, {""tk"": ""serving"", ""act"": 0.0}, {""tk"": ""government"", ""act"": 0.0}, {""tk"": ""which"", ""act"": 0.0}, {""tk"": ""containing"", ""act"": 0.0}]"
1_73733,1,73733,relationship: the state in which a city is located is the state containing,<bos>,0,0.0,0.0,semantic,"[{""token"": ""<bos>"", ""index"": 0, ""distance"": 0, ""direction"": ""self""}]",n/a,Relationship,,1.0,False,,(city) related,"[{""tk"": ""city"", ""act"": 0.0}, {""tk"": ""in"", ""act"": 0.0}, {""tk"": ""Mexico"", ""act"": 0.0}, {""tk"": ""USA"", ""act"": 0.0}, {""tk"": ""is"", ""act"": 0.0}, {""tk"": ""Albuquerque"", ""act"": 0.0}, {""tk"": ""The"", ""act"": 0.0}, {""tk"": ""capital"", ""act"": 0.0}, {""tk"": ""of"", ""act"": 0.0}, {""tk"": ""state"", ""act"": 0.0}, {""tk"": ""attribute"", ""act"": 0.0}, {""tk"": ""serving"", ""act"": 0.0}, {""tk"": ""government"", ""act"": 0.0}, {""tk"": ""which"", ""act"": 0.0}, {""tk"": ""containing"", ""act"": 0.0}]"
1_85217,1,85217,relationship: the state in which a city is located is the state containing,<bos>,0,0.0,0.0,semantic,"[{""token"": ""<bos>"", ""index"": 0, ""distance"": 0, ""direction"": ""self""}]",n/a,Semantic,Dictionary,1.0,False,,capital,"[{""tk"": ""capital"", ""act"": 20.99380874633789}, {""tk"": ""city"", ""act"": 0.0}, {""tk"": ""in"", ""act"": 0.0}, {""tk"": ""Mexico"", ""act"": 0.0}, {""tk"": ""USA"", ""act"": 0.0}, {""tk"": ""is"", ""act"": 0.0}, {""tk"": ""Albuquerque"", ""act"": 0.0}, {""tk"": ""The"", ""act"": 0.0}, {""tk"": ""of"", ""act"": 0.0}, {""tk"": ""state"", ""act"": 0.0}, {""tk"": ""attribute"", ""act"": 0.0}, {""tk"": ""serving"", ""act"": 0.0}, {""tk"": ""government"", ""act"": 0.0}, {""tk"": ""which"", ""act"": 0.0}, {""tk"": ""containing"", ""act"": 0.0}]"
2_36902,2,36902,relationship: the state in which a city is located is the state containing,<bos>,0,11.28920555114746,0.9333333333333332,semantic,"[{""token"": ""<bos>"", ""index"": 0, ""distance"": 0, ""direction"": ""self""}]",n/a,Semantic,Dictionary (fallback),0.9,False,,capital,"[{""tk"": ""capital"", ""act"": 20.3389949798584}, {""tk"": ""city"", ""act"": 0.0}, {""tk"": ""in"", ""act"": 0.0}, {""tk"": ""Mexico"", ""act"": 0.0}, {""tk"": ""USA"", ""act"": 0.0}, {""tk"": ""is"", ""act"": 0.0}, {""tk"": ""Albuquerque"", ""act"": 0.0}, {""tk"": ""The"", ""act"": 0.0}, {""tk"": ""of"", ""act"": 0.0}, {""tk"": ""state"", ""act"": 0.0}, {""tk"": ""attribute"", ""act"": 0.0}, {""tk"": ""serving"", ""act"": 0.0}, {""tk"": ""government"", ""act"": 0.0}, {""tk"": ""which"", ""act"": 0.0}, {""tk"": ""containing"", ""act"": 0.0}]"
2_76232,2,76232,relationship: the state in which a city is located is the state containing, is,11,5.188752174377441,0.9333333333333332,functional,"[{""token"": "" state"", ""index"": 13, ""distance"": 2, ""direction"": ""forward""}]",json,Semantic,Dictionary (fallback),0.9,False,,is,"[{""tk"": ""is"", ""act"": 11.182415008544922}, {""tk"": ""city"", ""act"": 0.0}, {""tk"": ""in"", ""act"": 0.0}, {""tk"": ""Mexico"", ""act"": 0.0}, {""tk"": ""USA"", ""act"": 0.0}, {""tk"": ""Albuquerque"", ""act"": 0.0}, {""tk"": ""The"", ""act"": 0.0}, {""tk"": ""capital"", ""act"": 0.0}, {""tk"": ""of"", ""act"": 0.0}, {""tk"": ""state"", ""act"": 0.0}, {""tk"": ""attribute"", ""act"": 0.0}, {""tk"": ""serving"", ""act"": 0.0}, {""tk"": ""government"", ""act"": 0.0}, {""tk"": ""which"", ""act"": 0.0}, {""tk"": ""containing"", ""act"": 0.0}]"
2_82010,2,82010,relationship: the state in which a city is located is the state containing, is,11,3.6646227836608887,0.9333333333333332,functional,"[{""token"": "" state"", ""index"": 13, ""distance"": 2, ""direction"": ""forward""}]",json,Semantic,Dictionary (fallback),0.9,False,,is,"[{""tk"": ""is"", ""act"": 10.074061393737793}, {""tk"": ""city"", ""act"": 0.0}, {""tk"": ""in"", ""act"": 0.0}, {""tk"": ""Mexico"", ""act"": 0.0}, {""tk"": ""USA"", ""act"": 0.0}, {""tk"": ""Albuquerque"", ""act"": 0.0}, {""tk"": ""The"", ""act"": 0.0}, {""tk"": ""capital"", ""act"": 0.0}, {""tk"": ""of"", ""act"": 0.0}, {""tk"": ""state"", ""act"": 0.0}, {""tk"": ""attribute"", ""act"": 0.0}, {""tk"": ""serving"", ""act"": 0.0}, {""tk"": ""government"", ""act"": 0.0}, {""tk"": ""which"", ""act"": 0.0}, {""tk"": ""containing"", ""act"": 0.0}]"
2_1890,2,1890,relationship: the state in which a city is located is the state containing,<bos>,0,0.0,0.0,semantic,"[{""token"": ""<bos>"", ""index"": 0, ""distance"": 0, ""direction"": ""self""}]",n/a,Semantic,Dictionary,1.0,False,,capital,"[{""tk"": ""capital"", ""act"": 25.489017486572266}, {""tk"": ""city"", ""act"": 0.0}, {""tk"": ""in"", ""act"": 0.0}, {""tk"": ""Mexico"", ""act"": 0.0}, {""tk"": ""USA"", ""act"": 0.0}, {""tk"": ""is"", ""act"": 0.0}, {""tk"": ""Albuquerque"", ""act"": 0.0}, {""tk"": ""The"", ""act"": 0.0}, {""tk"": ""of"", ""act"": 0.0}, {""tk"": ""state"", ""act"": 0.0}, {""tk"": ""attribute"", ""act"": 0.0}, {""tk"": ""serving"", ""act"": 0.0}, {""tk"": ""government"", ""act"": 0.0}, {""tk"": ""which"", ""act"": 0.0}, {""tk"": ""containing"", ""act"": 0.0}]"
2_4865,2,4865,relationship: the state in which a city is located is the state containing,<bos>,0,0.0,0.0,semantic,"[{""token"": ""<bos>"", ""index"": 0, ""distance"": 0, ""direction"": ""self""}]",n/a,Semantic,Dictionary,1.0,False,,capital,"[{""tk"": ""capital"", ""act"": 3.5495402812957764}, {""tk"": ""city"", ""act"": 0.0}, {""tk"": ""in"", ""act"": 0.0}, {""tk"": ""Mexico"", ""act"": 0.0}, {""tk"": ""USA"", ""act"": 0.0}, {""tk"": ""is"", ""act"": 0.0}, {""tk"": ""Albuquerque"", ""act"": 0.0}, {""tk"": ""The"", ""act"": 0.0}, {""tk"": ""of"", ""act"": 0.0}, {""tk"": ""state"", ""act"": 0.0}, {""tk"": ""attribute"", ""act"": 0.0}, {""tk"": ""serving"", ""act"": 0.0}, {""tk"": ""government"", ""act"": 0.0}, {""tk"": ""which"", ""act"": 0.0}, {""tk"": ""containing"", ""act"": 0.0}]"
3_52779,3,52779,relationship: the state in which a city is located is the state containing,<bos>,0,57.88114547729492,0.8492093820714754,semantic,"[{""token"": ""<bos>"", ""index"": 0, ""distance"": 0, ""direction"": ""self""}]",n/a,Semantic,Dictionary (fallback),0.9,False,,Semantic (unknown),"[{""tk"": ""in"", ""act"": 22.74864959716797}, {""tk"": ""containing"", ""act"": 17.660171508789062}, {""tk"": ""the"", ""act"": 13.811017036437988}, {""tk"": ""is"", ""act"": 13.126309394836426}, {""tk"": ""which"", ""act"": 9.762779235839844}, {""tk"": ""city"", ""act"": 0.0}, {""tk"": ""Mexico"", ""act"": 0.0}, {""tk"": ""USA"", ""act"": 0.0}, {""tk"": ""Albuquerque"", ""act"": 0.0}, {""tk"": ""capital"", ""act"": 0.0}, {""tk"": ""of"", ""act"": 0.0}, {""tk"": ""state"", ""act"": 0.0}, {""tk"": ""attribute"", ""act"": 0.0}, {""tk"": ""serving"", ""act"": 0.0}, {""tk"": ""government"", ""act"": 0.0}]"
3_66403,3,66403,relationship: the state in which a city is located is the state containing,<bos>,0,25.301193237304688,0.9333333333333332,semantic,"[{""token"": ""<bos>"", ""index"": 0, ""distance"": 0, ""direction"": ""self""}]",n/a,Semantic,Dictionary (fallback),0.9,False,,Semantic (unknown),"[{""tk"": ""city"", ""act"": 0.0}, {""tk"": ""in"", ""act"": 0.0}, {""tk"": ""Mexico"", ""act"": 0.0}, {""tk"": ""USA"", ""act"": 0.0}, {""tk"": ""is"", ""act"": 0.0}, {""tk"": ""Albuquerque"", ""act"": 0.0}, {""tk"": ""The"", ""act"": 0.0}, {""tk"": ""capital"", ""act"": 0.0}, {""tk"": ""of"", ""act"": 0.0}, {""tk"": ""state"", ""act"": 0.0}, {""tk"": ""attribute"", ""act"": 0.0}, {""tk"": ""serving"", ""act"": 0.0}, {""tk"": ""government"", ""act"": 0.0}, {""tk"": ""which"", ""act"": 0.0}, {""tk"": ""containing"", ""act"": 0.0}]"
3_91022,3,91022,relationship: the state in which a city is located is the state containing,<bos>,0,11.15066909790039,0.8927933659724107,semantic,"[{""token"": ""<bos>"", ""index"": 0, ""distance"": 0, ""direction"": ""self""}]",n/a,Semantic,Dictionary (fallback),0.9,False,,Semantic (unknown),"[{""tk"": ""containing"", ""act"": 6.780716419219971}, {""tk"": ""serving"", ""act"": 5.3664069175720215}, {""tk"": ""city"", ""act"": 0.0}, {""tk"": ""in"", ""act"": 0.0}, {""tk"": ""Mexico"", ""act"": 0.0}, {""tk"": ""USA"", ""act"": 0.0}, {""tk"": ""is"", ""act"": 0.0}, {""tk"": ""Albuquerque"", ""act"": 0.0}, {""tk"": ""The"", ""act"": 0.0}, {""tk"": ""capital"", ""act"": 0.0}, {""tk"": ""of"", ""act"": 0.0}, {""tk"": ""state"", ""act"": 0.0}, {""tk"": ""attribute"", ""act"": 0.0}, {""tk"": ""government"", ""act"": 0.0}, {""tk"": ""which"", ""act"": 0.0}]"
3_13967,3,13967,relationship: the state in which a city is located is the state containing,<bos>,0,0.0,0.0,semantic,"[{""token"": ""<bos>"", ""index"": 0, ""distance"": 0, ""direction"": ""self""}]",n/a,Semantic,Dictionary (fallback),0.9,False,,of,"[{""tk"": ""of"", ""act"": 11.243531227111816}, {""tk"": ""is"", ""act"": 7.48383903503418}, {""tk"": ""the"", ""act"": 0.35361218452453613}, {""tk"": ""city"", ""act"": 0.0}, {""tk"": ""in"", ""act"": 0.0}, {""tk"": ""Mexico"", ""act"": 0.0}, {""tk"": ""USA"", ""act"": 0.0}, {""tk"": ""Albuquerque"", ""act"": 0.0}, {""tk"": ""capital"", ""act"": 0.0}, {""tk"": ""state"", ""act"": 0.0}, {""tk"": ""attribute"", ""act"": 0.0}, {""tk"": ""serving"", ""act"": 0.0}, {""tk"": ""government"", ""act"": 0.0}, {""tk"": ""which"", ""act"": 0.0}, {""tk"": ""containing"", ""act"": 0.0}]"
3_28747,3,28747,relationship: the state in which a city is located is the state containing,<bos>,0,0.0,0.0,semantic,"[{""token"": ""<bos>"", ""index"": 0, ""distance"": 0, ""direction"": ""self""}]",n/a,Semantic,Dictionary (fallback),0.9,False,,of,"[{""tk"": ""of"", ""act"": 17.464412689208984}, {""tk"": ""is"", ""act"": 1.2342638969421387}, {""tk"": ""city"", ""act"": 0.0}, {""tk"": ""in"", ""act"": 0.0}, {""tk"": ""Mexico"", ""act"": 0.0}, {""tk"": ""USA"", ""act"": 0.0}, {""tk"": ""Albuquerque"", ""act"": 0.0}, {""tk"": ""The"", ""act"": 0.0}, {""tk"": ""capital"", ""act"": 0.0}, {""tk"": ""state"", ""act"": 0.0}, {""tk"": ""attribute"", ""act"": 0.0}, {""tk"": ""serving"", ""act"": 0.0}, {""tk"": ""government"", ""act"": 0.0}, {""tk"": ""which"", ""act"": 0.0}, {""tk"": ""containing"", ""act"": 0.0}]"
3_93843,3,93843,relationship: the state in which a city is located is the state containing,<bos>,0,0.0,0.0,semantic,"[{""token"": ""<bos>"", ""index"": 0, ""distance"": 0, ""direction"": ""self""}]",n/a,Semantic,Dictionary (fallback),0.9,False,,is,"[{""tk"": ""is"", ""act"": 4.228334426879883}, {""tk"": ""city"", ""act"": 0.0}, {""tk"": ""in"", ""act"": 0.0}, {""tk"": ""Mexico"", ""act"": 0.0}, {""tk"": ""USA"", ""act"": 0.0}, {""tk"": ""Albuquerque"", ""act"": 0.0}, {""tk"": ""The"", ""act"": 0.0}, {""tk"": ""capital"", ""act"": 0.0}, {""tk"": ""of"", ""act"": 0.0}, {""tk"": ""state"", ""act"": 0.0}, {""tk"": ""attribute"", ""act"": 0.0}, {""tk"": ""serving"", ""act"": 0.0}, {""tk"": ""government"", ""act"": 0.0}, {""tk"": ""which"", ""act"": 0.0}, {""tk"": ""containing"", ""act"": 0.0}]"
4_3920,4,3920,relationship: the state in which a city is located is the state containing,<bos>,0,159.3799591064453,0.9234976827307796,semantic,"[{""token"": ""<bos>"", ""index"": 0, ""distance"": 0, ""direction"": ""self""}]",n/a,Semantic,Concept,0.7,False,,Semantic (unknown),"[{""tk"": ""attribute"", ""act"": 19.900348663330078}, {""tk"": ""city"", ""act"": 0.0}, {""tk"": ""in"", ""act"": 0.0}, {""tk"": ""Mexico"", ""act"": 0.0}, {""tk"": ""USA"", ""act"": 0.0}, {""tk"": ""is"", ""act"": 0.0}, {""tk"": ""Albuquerque"", ""act"": 0.0}, {""tk"": ""The"", ""act"": 0.0}, {""tk"": ""capital"", ""act"": 0.0}, {""tk"": ""of"", ""act"": 0.0}, {""tk"": ""state"", ""act"": 0.0}, {""tk"": ""serving"", ""act"": 0.0}, {""tk"": ""government"", ""act"": 0.0}, {""tk"": ""which"", ""act"": 0.0}, {""tk"": ""containing"", ""act"": 0.0}]"
4_83635,4,83635,relationship: the state in which a city is located is the state containing, city,8,29.045270919799805,0.7388770002211484,semantic,"[{""token"": "" city"", ""index"": 8, ""distance"": 0, ""direction"": ""self""}]",n/a,Semantic,Concept,0.7,False,,city,"[{""tk"": ""city"", ""act"": 29.045270919799805}, {""tk"": ""attribute"", ""act"": 28.14508056640625}, {""tk"": ""capital"", ""act"": 21.525239944458008}, {""tk"": ""state"", ""act"": 19.251550674438477}, {""tk"": ""Albuquerque"", ""act"": 14.588085174560547}, {""tk"": ""Mexico"", ""act"": 14.586587905883789}, {""tk"": ""government"", ""act"": 13.456141471862793}, {""tk"": ""USA"", ""act"": 13.066239356994629}, {""tk"": ""of"", ""act"": 8.01102066040039}, {""tk"": ""containing"", ""act"": 7.884756565093994}, {""tk"": ""in"", ""act"": 6.716607570648193}, {""tk"": ""is"", ""act"": 3.615675926208496}, {""tk"": ""which"", ""act"": 2.1635446548461914}, {""tk"": ""The"", ""act"": 0.0}, {""tk"": ""serving"", ""act"": 0.0}]"
4_70409,4,70409,relationship: the state in which a city is located is the state containing, containing,14,9.570971488952637,0.9198701191553396,semantic,"[{""token"": "" containing"", ""index"": 14, ""distance"": 0, ""direction"": ""self""}]",n/a,Semantic,Dictionary,1.0,False,,containing,"[{""tk"": ""containing"", ""act"": 9.570971488952637}, {""tk"": ""which"", ""act"": 1.9328405857086182}, {""tk"": ""city"", ""act"": 0.0}, {""tk"": ""in"", ""act"": 0.0}, {""tk"": ""Mexico"", ""act"": 0.0}, {""tk"": ""USA"", ""act"": 0.0}, {""tk"": ""is"", ""act"": 0.0}, {""tk"": ""Albuquerque"", ""act"": 0.0}, {""tk"": ""The"", ""act"": 0.0}, {""tk"": ""capital"", ""act"": 0.0}, {""tk"": ""of"", ""act"": 0.0}, {""tk"": ""state"", ""act"": 0.0}, {""tk"": ""attribute"", ""act"": 0.0}, {""tk"": ""serving"", ""act"": 0.0}, {""tk"": ""government"", ""act"": 0.0}]"
4_54423,4,54423,relationship: the state in which a city is located is the state containing, containing,14,8.495969772338867,0.9156641638613472,semantic,"[{""token"": "" containing"", ""index"": 14, ""distance"": 0, ""direction"": ""self""}]",n/a,Semantic,Dictionary,1.0,False,,containing,"[{""tk"": ""containing"", ""act"": 8.495969772338867}, {""tk"": ""which"", ""act"": 1.9871268272399902}, {""tk"": ""in"", ""act"": 0.26462411880493164}, {""tk"": ""city"", ""act"": 0.0}, {""tk"": ""Mexico"", ""act"": 0.0}, {""tk"": ""USA"", ""act"": 0.0}, {""tk"": ""is"", ""act"": 0.0}, {""tk"": ""Albuquerque"", ""act"": 0.0}, {""tk"": ""The"", ""act"": 0.0}, {""tk"": ""capital"", ""act"": 0.0}, {""tk"": ""of"", ""act"": 0.0}, {""tk"": ""state"", ""act"": 0.0}, {""tk"": ""attribute"", ""act"": 0.0}, {""tk"": ""serving"", ""act"": 0.0}, {""tk"": ""government"", ""act"": 0.0}]"
4_58113,4,58113,relationship: the state in which a city is located is the state containing, city,8,8.276534080505371,0.9295656084092146,semantic,"[{""token"": "" city"", ""index"": 8, ""distance"": 0, ""direction"": ""self""}]",n/a,Semantic,Concept,0.7077726636889586,False,,city,"[{""tk"": ""city"", ""act"": 8.659708023071289}, {""tk"": ""of"", ""act"": 6.1291046142578125}, {""tk"": ""is"", ""act"": 5.5258660316467285}, {""tk"": ""in"", ""act"": 3.8225936889648438}, {""tk"": ""containing"", ""act"": 0.11254596710205078}, {""tk"": ""Mexico"", ""act"": 0.0}, {""tk"": ""USA"", ""act"": 0.0}, {""tk"": ""Albuquerque"", ""act"": 0.0}, {""tk"": ""The"", ""act"": 0.0}, {""tk"": ""capital"", ""act"": 0.0}, {""tk"": ""state"", ""act"": 0.0}, {""tk"": ""attribute"", ""act"": 0.0}, {""tk"": ""serving"", ""act"": 0.0}, {""tk"": ""government"", ""act"": 0.0}, {""tk"": ""which"", ""act"": 0.0}]"
4_3432,4,3432,relationship: the state in which a city is located is the state containing,<bos>,0,0.0,0.0,semantic,"[{""token"": ""<bos>"", ""index"": 0, ""distance"": 0, ""direction"": ""self""}]",n/a,Semantic,Ambiguous,0.3,True,"Ambiguous: peak_cons=0.50, n_peaks=1, func_vs_sem=100.0%, layer=4",is,"[{""tk"": ""is"", ""act"": 16.34661102294922}, {""tk"": ""city"", ""act"": 0.0}, {""tk"": ""in"", ""act"": 0.0}, {""tk"": ""Mexico"", ""act"": 0.0}, {""tk"": ""USA"", ""act"": 0.0}, {""tk"": ""Albuquerque"", ""act"": 0.0}, {""tk"": ""The"", ""act"": 0.0}, {""tk"": ""capital"", ""act"": 0.0}, {""tk"": ""of"", ""act"": 0.0}, {""tk"": ""state"", ""act"": 0.0}, {""tk"": ""attribute"", ""act"": 0.0}, {""tk"": ""serving"", ""act"": 0.0}, {""tk"": ""government"", ""act"": 0.0}, {""tk"": ""which"", ""act"": 0.0}, {""tk"": ""containing"", ""act"": 0.0}]"
4_55831,4,55831,relationship: the state in which a city is located is the state containing,<bos>,0,0.0,0.0,semantic,"[{""token"": ""<bos>"", ""index"": 0, ""distance"": 0, ""direction"": ""self""}]",n/a,Semantic,Dictionary,1.0,False,,capital,"[{""tk"": ""capital"", ""act"": 29.359546661376953}, {""tk"": ""city"", ""act"": 11.154122352600098}, {""tk"": ""is"", ""act"": 1.9998626708984375}, {""tk"": ""in"", ""act"": 0.0}, {""tk"": ""Mexico"", ""act"": 0.0}, {""tk"": ""USA"", ""act"": 0.0}, {""tk"": ""Albuquerque"", ""act"": 0.0}, {""tk"": ""The"", ""act"": 0.0}, {""tk"": ""of"", ""act"": 0.0}, {""tk"": ""state"", ""act"": 0.0}, {""tk"": ""attribute"", ""act"": 0.0}, {""tk"": ""serving"", ""act"": 0.0}, {""tk"": ""government"", ""act"": 0.0}, {""tk"": ""which"", ""act"": 0.0}, {""tk"": ""containing"", ""act"": 0.0}]"
4_83005,4,83005,relationship: the state in which a city is located is the state containing,<bos>,0,0.0,0.0,semantic,"[{""token"": ""<bos>"", ""index"": 0, ""distance"": 0, ""direction"": ""self""}]",n/a,Semantic,Ambiguous,0.3,True,"Ambiguous: peak_cons=0.50, n_peaks=1, func_vs_sem=100.0%, layer=4",is,"[{""tk"": ""is"", ""act"": 13.738452911376953}, {""tk"": ""city"", ""act"": 0.0}, {""tk"": ""in"", ""act"": 0.0}, {""tk"": ""Mexico"", ""act"": 0.0}, {""tk"": ""USA"", ""act"": 0.0}, {""tk"": ""Albuquerque"", ""act"": 0.0}, {""tk"": ""The"", ""act"": 0.0}, {""tk"": ""capital"", ""act"": 0.0}, {""tk"": ""of"", ""act"": 0.0}, {""tk"": ""state"", ""act"": 0.0}, {""tk"": ""attribute"", ""act"": 0.0}, {""tk"": ""serving"", ""act"": 0.0}, {""tk"": ""government"", ""act"": 0.0}, {""tk"": ""which"", ""act"": 0.0}, {""tk"": ""containing"", ""act"": 0.0}]"
4_97813,4,97813,relationship: the state in which a city is located is the state containing,<bos>,0,0.0,0.0,semantic,"[{""token"": ""<bos>"", ""index"": 0, ""distance"": 0, ""direction"": ""self""}]",n/a,Semantic,Concept,0.7,False,,government,"[{""tk"": ""government"", ""act"": 17.90291976928711}, {""tk"": ""of"", ""act"": 14.3899507522583}, {""tk"": ""city"", ""act"": 13.028558731079102}, {""tk"": ""capital"", ""act"": 10.718213081359863}, {""tk"": ""is"", ""act"": 4.917844295501709}, {""tk"": ""the"", ""act"": 1.4474035501480103}, {""tk"": ""in"", ""act"": 0.0}, {""tk"": ""Mexico"", ""act"": 0.0}, {""tk"": ""USA"", ""act"": 0.0}, {""tk"": ""Albuquerque"", ""act"": 0.0}, {""tk"": ""state"", ""act"": 0.0}, {""tk"": ""attribute"", ""act"": 0.0}, {""tk"": ""serving"", ""act"": 0.0}, {""tk"": ""which"", ""act"": 0.0}, {""tk"": ""containing"", ""act"": 0.0}]"
5_1551,5,1551,relationship: the state in which a city is located is the state containing,<bos>,0,161.51025390625,0.9167439020995264,semantic,"[{""token"": ""<bos>"", ""index"": 0, ""distance"": 0, ""direction"": ""self""}]",n/a,Semantic,Concept,0.7,False,,Semantic (unknown),"[{""tk"": ""attribute"", ""act"": 39.44136428833008}, {""tk"": ""city"", ""act"": 0.0}, {""tk"": ""in"", ""act"": 0.0}, {""tk"": ""Mexico"", ""act"": 0.0}, {""tk"": ""USA"", ""act"": 0.0}, {""tk"": ""is"", ""act"": 0.0}, {""tk"": ""Albuquerque"", ""act"": 0.0}, {""tk"": ""The"", ""act"": 0.0}, {""tk"": ""capital"", ""act"": 0.0}, {""tk"": ""of"", ""act"": 0.0}, {""tk"": ""state"", ""act"": 0.0}, {""tk"": ""serving"", ""act"": 0.0}, {""tk"": ""government"", ""act"": 0.0}, {""tk"": ""which"", ""act"": 0.0}, {""tk"": ""containing"", ""act"": 0.0}]"
5_95640,5,95640,relationship: the state in which a city is located is the state containing,<bos>,0,139.22251892089844,0.920819556155774,semantic,"[{""token"": ""<bos>"", ""index"": 0, ""distance"": 0, ""direction"": ""self""}]",n/a,Semantic,Concept,0.7,False,,Semantic (unknown),"[{""tk"": ""attribute"", ""act"": 23.3470401763916}, {""tk"": ""city"", ""act"": 0.0}, {""tk"": ""in"", ""act"": 0.0}, {""tk"": ""Mexico"", ""act"": 0.0}, {""tk"": ""USA"", ""act"": 0.0}, {""tk"": ""is"", ""act"": 0.0}, {""tk"": ""Albuquerque"", ""act"": 0.0}, {""tk"": ""The"", ""act"": 0.0}, {""tk"": ""capital"", ""act"": 0.0}, {""tk"": ""of"", ""act"": 0.0}, {""tk"": ""state"", ""act"": 0.0}, {""tk"": ""serving"", ""act"": 0.0}, {""tk"": ""government"", ""act"": 0.0}, {""tk"": ""which"", ""act"": 0.0}, {""tk"": ""containing"", ""act"": 0.0}]"
5_15213,5,15213,relationship: the state in which a city is located is the state containing,<bos>,0,116.81965637207033,0.9333333333333332,semantic,"[{""token"": ""<bos>"", ""index"": 0, ""distance"": 0, ""direction"": ""self""}]",n/a,Semantic,Concept,0.7,False,,Semantic (unknown),"[{""tk"": ""city"", ""act"": 0.0}, {""tk"": ""in"", ""act"": 0.0}, {""tk"": ""Mexico"", ""act"": 0.0}, {""tk"": ""USA"", ""act"": 0.0}, {""tk"": ""is"", ""act"": 0.0}, {""tk"": ""Albuquerque"", ""act"": 0.0}, {""tk"": ""The"", ""act"": 0.0}, {""tk"": ""capital"", ""act"": 0.0}, {""tk"": ""of"", ""act"": 0.0}, {""tk"": ""state"", ""act"": 0.0}, {""tk"": ""attribute"", ""act"": 0.0}, {""tk"": ""serving"", ""act"": 0.0}, {""tk"": ""government"", ""act"": 0.0}, {""tk"": ""which"", ""act"": 0.0}, {""tk"": ""containing"", ""act"": 0.0}]"
5_4901,5,4901,relationship: the state in which a city is located is the state containing,<bos>,0,0.0,0.0,semantic,"[{""token"": ""<bos>"", ""index"": 0, ""distance"": 0, ""direction"": ""self""}]",n/a,Semantic,Ambiguous,0.3,True,"Ambiguous: peak_cons=0.17, n_peaks=1, func_vs_sem=100.0%, layer=5",is,"[{""tk"": ""is"", ""act"": 6.10368013381958}, {""tk"": ""city"", ""act"": 0.0}, {""tk"": ""in"", ""act"": 0.0}, {""tk"": ""Mexico"", ""act"": 0.0}, {""tk"": ""USA"", ""act"": 0.0}, {""tk"": ""Albuquerque"", ""act"": 0.0}, {""tk"": ""The"", ""act"": 0.0}, {""tk"": ""capital"", ""act"": 0.0}, {""tk"": ""of"", ""act"": 0.0}, {""tk"": ""state"", ""act"": 0.0}, {""tk"": ""attribute"", ""act"": 0.0}, {""tk"": ""serving"", ""act"": 0.0}, {""tk"": ""government"", ""act"": 0.0}, {""tk"": ""which"", ""act"": 0.0}, {""tk"": ""containing"", ""act"": 0.0}]"
5_32184,5,32184,relationship: the state in which a city is located is the state containing,<bos>,0,0.0,0.0,semantic,"[{""token"": ""<bos>"", ""index"": 0, ""distance"": 0, ""direction"": ""self""}]",n/a,Semantic,Ambiguous,0.3,True,"Ambiguous: peak_cons=0.33, n_peaks=3, func_vs_sem=51.1%, layer=5",capital,"[{""tk"": ""of"", ""act"": 32.639617919921875}, {""tk"": ""capital"", ""act"": 15.967439651489258}, {""tk"": ""city"", ""act"": 14.918037414550781}, {""tk"": ""in"", ""act"": 2.1469907760620117}, {""tk"": ""is"", ""act"": 1.9061193466186523}, {""tk"": ""Mexico"", ""act"": 0.0}, {""tk"": ""USA"", ""act"": 0.0}, {""tk"": ""Albuquerque"", ""act"": 0.0}, {""tk"": ""The"", ""act"": 0.0}, {""tk"": ""state"", ""act"": 0.0}, {""tk"": ""attribute"", ""act"": 0.0}, {""tk"": ""serving"", ""act"": 0.0}, {""tk"": ""government"", ""act"": 0.0}, {""tk"": ""which"", ""act"": 0.0}, {""tk"": ""containing"", ""act"": 0.0}]"
5_51213,5,51213,relationship: the state in which a city is located is the state containing,<bos>,0,0.0,0.0,semantic,"[{""token"": ""<bos>"", ""index"": 0, ""distance"": 0, ""direction"": ""self""}]",n/a,Semantic,Concept,0.5,False,,capital,"[{""tk"": ""of"", ""act"": 18.14890480041504}, {""tk"": ""city"", ""act"": 8.983392715454102}, {""tk"": ""is"", ""act"": 5.590522766113281}, {""tk"": ""capital"", ""act"": 5.454928398132324}, {""tk"": ""government"", ""act"": 1.9978015422821045}, {""tk"": ""in"", ""act"": 0.0}, {""tk"": ""Mexico"", ""act"": 0.0}, {""tk"": ""USA"", ""act"": 0.0}, {""tk"": ""Albuquerque"", ""act"": 0.0}, {""tk"": ""The"", ""act"": 0.0}, {""tk"": ""state"", ""act"": 0.0}, {""tk"": ""attribute"", ""act"": 0.0}, {""tk"": ""serving"", ""act"": 0.0}, {""tk"": ""which"", ""act"": 0.0}, {""tk"": ""containing"", ""act"": 0.0}]"
5_67142,5,67142,relationship: the state in which a city is located is the state containing,<bos>,0,0.0,0.0,semantic,"[{""token"": ""<bos>"", ""index"": 0, ""distance"": 0, ""direction"": ""self""}]",n/a,Semantic,Concept,0.5,False,,city,"[{""tk"": ""is"", ""act"": 0.8227484226226807}, {""tk"": ""city"", ""act"": 0.2532155513763428}, {""tk"": ""in"", ""act"": 0.0}, {""tk"": ""Mexico"", ""act"": 0.0}, {""tk"": ""USA"", ""act"": 0.0}, {""tk"": ""Albuquerque"", ""act"": 0.0}, {""tk"": ""The"", ""act"": 0.0}, {""tk"": ""capital"", ""act"": 0.0}, {""tk"": ""of"", ""act"": 0.0}, {""tk"": ""state"", ""act"": 0.0}, {""tk"": ""attribute"", ""act"": 0.0}, {""tk"": ""serving"", ""act"": 0.0}, {""tk"": ""government"", ""act"": 0.0}, {""tk"": ""which"", ""act"": 0.0}, {""tk"": ""containing"", ""act"": 0.0}]"
6_22143,6,22143,relationship: the state in which a city is located is the state containing, city,8,17.3726863861084,0.6872161542731599,semantic,"[{""token"": "" city"", ""index"": 8, ""distance"": 0, ""direction"": ""self""}]",n/a,Semantic,Concept,0.7,False,,USA,"[{""tk"": ""USA"", ""act"": 28.799158096313477}, {""tk"": ""capital"", ""act"": 27.022661209106445}, {""tk"": ""attribute"", ""act"": 25.566389083862305}, {""tk"": ""Mexico"", ""act"": 18.2874698638916}, {""tk"": ""city"", ""act"": 17.3726863861084}, {""tk"": ""is"", ""act"": 16.952861785888672}, {""tk"": ""state"", ""act"": 13.70422649383545}, {""tk"": ""the"", ""act"": 13.393610000610352}, {""tk"": ""Albuquerque"", ""act"": 9.795988082885742}, {""tk"": ""in"", ""act"": 9.335844039916992}, {""tk"": ""which"", ""act"": 0.24917440116405487}, {""tk"": ""of"", ""act"": 0.0}, {""tk"": ""serving"", ""act"": 0.0}, {""tk"": ""government"", ""act"": 0.0}, {""tk"": ""containing"", ""act"": 0.0}]"
6_72419,6,72419,relationship: the state in which a city is located is the state containing, which,6,2.1901695728302,0.923887804476777,functional,"[{""token"": "" city"", ""index"": 8, ""distance"": 2, ""direction"": ""forward""}]",json,Semantic,Concept,0.7,False,,serving,"[{""tk"": ""serving"", ""act"": 4.5303850173950195}, {""tk"": ""which"", ""act"": 2.1901695728302}, {""tk"": ""the"", ""act"": 1.4751348495483398}, {""tk"": ""of"", ""act"": 0.9430685043334961}, {""tk"": ""is"", ""act"": 0.31030964851379395}, {""tk"": ""city"", ""act"": 0.0}, {""tk"": ""in"", ""act"": 0.0}, {""tk"": ""Mexico"", ""act"": 0.0}, {""tk"": ""USA"", ""act"": 0.0}, {""tk"": ""Albuquerque"", ""act"": 0.0}, {""tk"": ""capital"", ""act"": 0.0}, {""tk"": ""state"", ""act"": 0.0}, {""tk"": ""attribute"", ""act"": 0.0}, {""tk"": ""government"", ""act"": 0.0}, {""tk"": ""containing"", ""act"": 0.0}]"
6_41771,6,41771,relationship: the state in which a city is located is the state containing,<bos>,0,0.0,0.0,semantic,"[{""token"": ""<bos>"", ""index"": 0, ""distance"": 0, ""direction"": ""self""}]",n/a,Semantic,Ambiguous,0.3,True,"Ambiguous: peak_cons=0.33, n_peaks=2, func_vs_sem=100.0%, layer=6",in,"[{""tk"": ""in"", ""act"": 16.54599952697754}, {""tk"": ""of"", ""act"": 12.72544002532959}, {""tk"": ""USA"", ""act"": 2.112595319747925}, {""tk"": ""is"", ""act"": 1.5387499332427979}, {""tk"": ""city"", ""act"": 0.0}, {""tk"": ""Mexico"", ""act"": 0.0}, {""tk"": ""Albuquerque"", ""act"": 0.0}, {""tk"": ""The"", ""act"": 0.0}, {""tk"": ""capital"", ""act"": 0.0}, {""tk"": ""state"", ""act"": 0.0}, {""tk"": ""attribute"", ""act"": 0.0}, {""tk"": ""serving"", ""act"": 0.0}, {""tk"": ""government"", ""act"": 0.0}, {""tk"": ""which"", ""act"": 0.0}, {""tk"": ""containing"", ""act"": 0.0}]"
6_78249,6,78249,relationship: the state in which a city is located is the state containing,<bos>,0,0.0,0.0,semantic,"[{""token"": ""<bos>"", ""index"": 0, ""distance"": 0, ""direction"": ""self""}]",n/a,Semantic,Concept,0.9815195034373149,False,,Albuquerque,"[{""tk"": ""Albuquerque"", ""act"": 10.252307891845703}, {""tk"": ""city"", ""act"": 0.0}, {""tk"": ""in"", ""act"": 0.0}, {""tk"": ""Mexico"", ""act"": 0.0}, {""tk"": ""USA"", ""act"": 0.0}, {""tk"": ""is"", ""act"": 0.0}, {""tk"": ""The"", ""act"": 0.0}, {""tk"": ""capital"", ""act"": 0.0}, {""tk"": ""of"", ""act"": 0.0}, {""tk"": ""state"", ""act"": 0.0}, {""tk"": ""attribute"", ""act"": 0.0}, {""tk"": ""serving"", ""act"": 0.0}, {""tk"": ""government"", ""act"": 0.0}, {""tk"": ""which"", ""act"": 0.0}, {""tk"": ""containing"", ""act"": 0.0}]"
7_31656,7,31656,relationship: the state in which a city is located is the state containing,<bos>,0,187.40298461914065,0.9141953019528388,semantic,"[{""token"": ""<bos>"", ""index"": 0, ""distance"": 0, ""direction"": ""self""}]",n/a,Semantic,Concept,0.7,False,,Semantic (unknown),"[{""tk"": ""attribute"", ""act"": 57.960975646972656}, {""tk"": ""city"", ""act"": 0.0}, {""tk"": ""in"", ""act"": 0.0}, {""tk"": ""Mexico"", ""act"": 0.0}, {""tk"": ""USA"", ""act"": 0.0}, {""tk"": ""is"", ""act"": 0.0}, {""tk"": ""Albuquerque"", ""act"": 0.0}, {""tk"": ""The"", ""act"": 0.0}, {""tk"": ""capital"", ""act"": 0.0}, {""tk"": ""of"", ""act"": 0.0}, {""tk"": ""state"", ""act"": 0.0}, {""tk"": ""serving"", ""act"": 0.0}, {""tk"": ""government"", ""act"": 0.0}, {""tk"": ""which"", ""act"": 0.0}, {""tk"": ""containing"", ""act"": 0.0}]"
7_66851,7,66851,relationship: the state in which a city is located is the state containing,:,2,42.424102783203125,0.505598917589167,functional,"[{""token"": "" state"", ""index"": 4, ""distance"": 2, ""direction"": ""forward""}, {""token"": ""relationship"", ""index"": 1, ""distance"": 1, ""direction"": ""backward""}]",json,Semantic,Concept,0.8298288241105001,False,,capital,"[{""tk"": ""capital"", ""act"": 51.12392044067383}, {""tk"": ""The"", ""act"": 49.53570556640625}, {""tk"": ""city"", ""act"": 47.1239128112793}, {""tk"": ""attribute"", ""act"": 44.321834564208984}, {""tk"": ""state"", ""act"": 40.79597854614258}, {""tk"": ""Albuquerque"", ""act"": 40.242469787597656}, {""tk"": ""in"", ""act"": 33.60566329956055}, {""tk"": ""is"", ""act"": 30.515039443969727}, {""tk"": ""Mexico"", ""act"": 27.994733810424805}, {""tk"": ""USA"", ""act"": 27.49402618408203}, {""tk"": ""of"", ""act"": 15.559822082519531}, {""tk"": ""government"", ""act"": 14.86802864074707}, {""tk"": ""serving"", ""act"": 14.414605140686035}, {""tk"": ""which"", ""act"": 12.457620620727539}, {""tk"": ""containing"", ""act"": 9.191671371459961}]"
7_87536,7,87536,relationship: the state in which a city is located is the state containing,<bos>,0,32.65092468261719,0.9333333333333332,semantic,"[{""token"": ""<bos>"", ""index"": 0, ""distance"": 0, ""direction"": ""self""}]",n/a,Semantic,Concept,0.7,False,,Semantic (unknown),"[{""tk"": ""is"", ""act"": 6.106446743011475}, {""tk"": ""the"", ""act"": 5.453356742858887}, {""tk"": ""city"", ""act"": 0.0}, {""tk"": ""in"", ""act"": 0.0}, {""tk"": ""Mexico"", ""act"": 0.0}, {""tk"": ""USA"", ""act"": 0.0}, {""tk"": ""Albuquerque"", ""act"": 0.0}, {""tk"": ""capital"", ""act"": 0.0}, {""tk"": ""of"", ""act"": 0.0}, {""tk"": ""state"", ""act"": 0.0}, {""tk"": ""attribute"", ""act"": 0.0}, {""tk"": ""serving"", ""act"": 0.0}, {""tk"": ""government"", ""act"": 0.0}, {""tk"": ""which"", ""act"": 0.0}, {""tk"": ""containing"", ""act"": 0.0}]"
7_16792,7,16792,relationship: the state in which a city is located is the state containing,<bos>,0,0.0,0.0,semantic,"[{""token"": ""<bos>"", ""index"": 0, ""distance"": 0, ""direction"": ""self""}]",n/a,"Say ""X""",,1.0,False,,Say (Mexico),"[{""tk"": ""is"", ""act"": 0.586534857749939}, {""tk"": ""city"", ""act"": 0.0}, {""tk"": ""in"", ""act"": 0.0}, {""tk"": ""Mexico"", ""act"": 0.0}, {""tk"": ""USA"", ""act"": 0.0}, {""tk"": ""Albuquerque"", ""act"": 0.0}, {""tk"": ""The"", ""act"": 0.0}, {""tk"": ""capital"", ""act"": 0.0}, {""tk"": ""of"", ""act"": 0.0}, {""tk"": ""state"", ""act"": 0.0}, {""tk"": ""attribute"", ""act"": 0.0}, {""tk"": ""serving"", ""act"": 0.0}, {""tk"": ""government"", ""act"": 0.0}, {""tk"": ""which"", ""act"": 0.0}, {""tk"": ""containing"", ""act"": 0.0}]"
7_43751,7,43751,relationship: the state in which a city is located is the state containing,<bos>,0,0.0,0.0,semantic,"[{""token"": ""<bos>"", ""index"": 0, ""distance"": 0, ""direction"": ""self""}]",n/a,Semantic,Dictionary,1.0,False,,Mexico,"[{""tk"": ""Mexico"", ""act"": 7.63051700592041}, {""tk"": ""Albuquerque"", ""act"": 2.7359402179718018}, {""tk"": ""city"", ""act"": 0.0}, {""tk"": ""in"", ""act"": 0.0}, {""tk"": ""USA"", ""act"": 0.0}, {""tk"": ""is"", ""act"": 0.0}, {""tk"": ""The"", ""act"": 0.0}, {""tk"": ""capital"", ""act"": 0.0}, {""tk"": ""of"", ""act"": 0.0}, {""tk"": ""state"", ""act"": 0.0}, {""tk"": ""attribute"", ""act"": 0.0}, {""tk"": ""serving"", ""act"": 0.0}, {""tk"": ""government"", ""act"": 0.0}, {""tk"": ""which"", ""act"": 0.0}, {""tk"": ""containing"", ""act"": 0.0}]"
7_93926,7,93926,relationship: the state in which a city is located is the state containing,<bos>,0,0.0,0.0,semantic,"[{""token"": ""<bos>"", ""index"": 0, ""distance"": 0, ""direction"": ""self""}]",n/a,Relationship,,1.0,False,,(city) related,"[{""tk"": ""city"", ""act"": 0.0}, {""tk"": ""in"", ""act"": 0.0}, {""tk"": ""Mexico"", ""act"": 0.0}, {""tk"": ""USA"", ""act"": 0.0}, {""tk"": ""is"", ""act"": 0.0}, {""tk"": ""Albuquerque"", ""act"": 0.0}, {""tk"": ""The"", ""act"": 0.0}, {""tk"": ""capital"", ""act"": 0.0}, {""tk"": ""of"", ""act"": 0.0}, {""tk"": ""state"", ""act"": 0.0}, {""tk"": ""attribute"", ""act"": 0.0}, {""tk"": ""serving"", ""act"": 0.0}, {""tk"": ""government"", ""act"": 0.0}, {""tk"": ""which"", ""act"": 0.0}, {""tk"": ""containing"", ""act"": 0.0}]"
8_37691,8,37691,relationship: the state in which a city is located is the state containing, city,8,42.40685272216797,0.564514523582024,semantic,"[{""token"": "" city"", ""index"": 8, ""distance"": 0, ""direction"": ""self""}]",n/a,Semantic,Concept,0.7,False,,Mexico,"[{""tk"": ""Mexico"", ""act"": 59.39165496826172}, {""tk"": ""Albuquerque"", ""act"": 52.76219177246094}, {""tk"": ""city"", ""act"": 42.40685272216797}, {""tk"": ""state"", ""act"": 38.081817626953125}, {""tk"": ""is"", ""act"": 34.14787673950195}, {""tk"": ""in"", ""act"": 33.59162902832031}, {""tk"": ""capital"", ""act"": 32.52396774291992}, {""tk"": ""the"", ""act"": 31.789443969726562}, {""tk"": ""which"", ""act"": 26.694414138793945}, {""tk"": ""USA"", ""act"": 21.916791915893555}, {""tk"": ""containing"", ""act"": 20.22340965270996}, {""tk"": ""serving"", ""act"": 16.70884132385254}, {""tk"": ""attribute"", ""act"": 13.858716011047363}, {""tk"": ""of"", ""act"": 9.817935943603516}, {""tk"": ""government"", ""act"": 3.096951723098755}]"
8_36536,8,36536,relationship: the state in which a city is located is the state containing,<bos>,0,0.0,0.0,semantic,"[{""token"": ""<bos>"", ""index"": 0, ""distance"": 0, ""direction"": ""self""}]",n/a,Semantic,Concept,0.7840964102119956,False,,Mexico,"[{""tk"": ""Mexico"", ""act"": 5.594794273376465}, {""tk"": ""city"", ""act"": 0.0}, {""tk"": ""in"", ""act"": 0.0}, {""tk"": ""USA"", ""act"": 0.0}, {""tk"": ""is"", ""act"": 0.0}, {""tk"": ""Albuquerque"", ""act"": 0.0}, {""tk"": ""The"", ""act"": 0.0}, {""tk"": ""capital"", ""act"": 0.0}, {""tk"": ""of"", ""act"": 0.0}, {""tk"": ""state"", ""act"": 0.0}, {""tk"": ""attribute"", ""act"": 0.0}, {""tk"": ""serving"", ""act"": 0.0}, {""tk"": ""government"", ""act"": 0.0}, {""tk"": ""which"", ""act"": 0.0}, {""tk"": ""containing"", ""act"": 0.0}]"
8_91259,8,91259,relationship: the state in which a city is located is the state containing,<bos>,0,0.0,0.0,semantic,"[{""token"": ""<bos>"", ""index"": 0, ""distance"": 0, ""direction"": ""self""}]",n/a,"Say ""X""",,1.0,False,,Say (Santa),"[{""tk"": ""is"", ""act"": 4.590198040008545}, {""tk"": ""city"", ""act"": 1.4647231101989746}, {""tk"": ""in"", ""act"": 0.0}, {""tk"": ""Mexico"", ""act"": 0.0}, {""tk"": ""USA"", ""act"": 0.0}, {""tk"": ""Albuquerque"", ""act"": 0.0}, {""tk"": ""The"", ""act"": 0.0}, {""tk"": ""capital"", ""act"": 0.0}, {""tk"": ""of"", ""act"": 0.0}, {""tk"": ""state"", ""act"": 0.0}, {""tk"": ""attribute"", ""act"": 0.0}, {""tk"": ""serving"", ""act"": 0.0}, {""tk"": ""government"", ""act"": 0.0}, {""tk"": ""which"", ""act"": 0.0}, {""tk"": ""containing"", ""act"": 0.0}]"
9_80247,9,80247,relationship: the state in which a city is located is the state containing,<bos>,0,3.692604541778565,0.9333333333333332,semantic,"[{""token"": ""<bos>"", ""index"": 0, ""distance"": 0, ""direction"": ""self""}]",n/a,Semantic,Concept,0.777133374016673,False,,Semantic (unknown),"[{""tk"": ""of"", ""act"": 4.751571178436279}, {""tk"": ""city"", ""act"": 3.7413077354431152}, {""tk"": ""capital"", ""act"": 2.922091007232666}, {""tk"": ""is"", ""act"": 2.8428173065185547}, {""tk"": ""in"", ""act"": 0.0}, {""tk"": ""Mexico"", ""act"": 0.0}, {""tk"": ""USA"", ""act"": 0.0}, {""tk"": ""Albuquerque"", ""act"": 0.0}, {""tk"": ""The"", ""act"": 0.0}, {""tk"": ""state"", ""act"": 0.0}, {""tk"": ""attribute"", ""act"": 0.0}, {""tk"": ""serving"", ""act"": 0.0}, {""tk"": ""government"", ""act"": 0.0}, {""tk"": ""which"", ""act"": 0.0}, {""tk"": ""containing"", ""act"": 0.0}]"
9_4679,9,4679,relationship: the state in which a city is located is the state containing,<bos>,0,1.3033068180084229,0.9333333333333332,semantic,"[{""token"": ""<bos>"", ""index"": 0, ""distance"": 0, ""direction"": ""self""}]",n/a,Semantic,Concept,0.6,False,,Semantic (unknown),"[{""tk"": ""is"", ""act"": 3.3353874683380127}, {""tk"": ""the"", ""act"": 0.06924128532409668}, {""tk"": ""city"", ""act"": 0.0}, {""tk"": ""in"", ""act"": 0.0}, {""tk"": ""Mexico"", ""act"": 0.0}, {""tk"": ""USA"", ""act"": 0.0}, {""tk"": ""Albuquerque"", ""act"": 0.0}, {""tk"": ""capital"", ""act"": 0.0}, {""tk"": ""of"", ""act"": 0.0}, {""tk"": ""state"", ""act"": 0.0}, {""tk"": ""attribute"", ""act"": 0.0}, {""tk"": ""serving"", ""act"": 0.0}, {""tk"": ""government"", ""act"": 0.0}, {""tk"": ""which"", ""act"": 0.0}, {""tk"": ""containing"", ""act"": 0.0}]"
9_45728,9,45728,relationship: the state in which a city is located is the state containing,<bos>,0,0.0,0.0,semantic,"[{""token"": ""<bos>"", ""index"": 0, ""distance"": 0, ""direction"": ""self""}]",n/a,"Say ""X""",,1.0,False,,Say (Santa),"[{""tk"": ""is"", ""act"": 3.102635383605957}, {""tk"": ""city"", ""act"": 2.281641960144043}, {""tk"": ""in"", ""act"": 0.0}, {""tk"": ""Mexico"", ""act"": 0.0}, {""tk"": ""USA"", ""act"": 0.0}, {""tk"": ""Albuquerque"", ""act"": 0.0}, {""tk"": ""The"", ""act"": 0.0}, {""tk"": ""capital"", ""act"": 0.0}, {""tk"": ""of"", ""act"": 0.0}, {""tk"": ""state"", ""act"": 0.0}, {""tk"": ""attribute"", ""act"": 0.0}, {""tk"": ""serving"", ""act"": 0.0}, {""tk"": ""government"", ""act"": 0.0}, {""tk"": ""which"", ""act"": 0.0}, {""tk"": ""containing"", ""act"": 0.0}]"
9_73919,9,73919,relationship: the state in which a city is located is the state containing,<bos>,0,0.0,0.0,semantic,"[{""token"": ""<bos>"", ""index"": 0, ""distance"": 0, ""direction"": ""self""}]",n/a,Semantic,Concept,0.8105652809566078,False,,capital,"[{""tk"": ""is"", ""act"": 10.806119918823242}, {""tk"": ""capital"", ""act"": 8.759065628051758}, {""tk"": ""city"", ""act"": 5.948211193084717}, {""tk"": ""government"", ""act"": 4.144934177398682}, {""tk"": ""the"", ""act"": 2.876901149749756}, {""tk"": ""of"", ""act"": 1.1971888542175293}, {""tk"": ""in"", ""act"": 0.0}, {""tk"": ""Mexico"", ""act"": 0.0}, {""tk"": ""USA"", ""act"": 0.0}, {""tk"": ""Albuquerque"", ""act"": 0.0}, {""tk"": ""state"", ""act"": 0.0}, {""tk"": ""attribute"", ""act"": 0.0}, {""tk"": ""serving"", ""act"": 0.0}, {""tk"": ""which"", ""act"": 0.0}, {""tk"": ""containing"", ""act"": 0.0}]"
11_50131,11,50131,relationship: the state in which a city is located is the state containing, city,8,21.21697235107422,0.5501991345166934,semantic,"[{""token"": "" city"", ""index"": 8, ""distance"": 0, ""direction"": ""self""}]",n/a,Semantic,Concept,0.7,False,,Mexico,"[{""tk"": ""Mexico"", ""act"": 42.615692138671875}, {""tk"": ""Albuquerque"", ""act"": 39.58534622192383}, {""tk"": ""city"", ""act"": 32.62867736816406}, {""tk"": ""capital"", ""act"": 32.42369842529297}, {""tk"": ""state"", ""act"": 31.960853576660156}, {""tk"": ""USA"", ""act"": 29.681310653686523}, {""tk"": ""is"", ""act"": 24.310089111328125}, {""tk"": ""government"", ""act"": 16.808237075805664}, {""tk"": ""serving"", ""act"": 16.625158309936523}, {""tk"": ""the"", ""act"": 14.164325714111328}, {""tk"": ""of"", ""act"": 13.586553573608398}, {""tk"": ""containing"", ""act"": 11.94537353515625}, {""tk"": ""in"", ""act"": 10.796977996826172}, {""tk"": ""attribute"", ""act"": 0.0}, {""tk"": ""which"", ""act"": 0.0}]"
12_1425,12,1425,relationship: the state in which a city is located is the state containing, is,11,15.17978572845459,0.7501728993639296,functional,"[{""token"": "" state"", ""index"": 13, ""distance"": 2, ""direction"": ""forward""}]",json,Semantic,Concept,0.7,False,,Mexico,"[{""tk"": ""Mexico"", ""act"": 28.428173065185547}, {""tk"": ""is"", ""act"": 15.404938697814941}, {""tk"": ""USA"", ""act"": 11.879027366638184}, {""tk"": ""city"", ""act"": 10.927748680114746}, {""tk"": ""The"", ""act"": 10.412038803100586}, {""tk"": ""Albuquerque"", ""act"": 9.932357788085938}, {""tk"": ""in"", ""act"": 8.942582130432129}, {""tk"": ""state"", ""act"": 7.644002437591553}, {""tk"": ""which"", ""act"": 6.366332054138184}, {""tk"": ""serving"", ""act"": 6.0768046379089355}, {""tk"": ""government"", ""act"": 3.722025156021118}, {""tk"": ""of"", ""act"": 1.7573516368865967}, {""tk"": ""capital"", ""act"": 0.0}, {""tk"": ""attribute"", ""act"": 0.0}, {""tk"": ""containing"", ""act"": 0.0}]"
12_10809,12,10809,relationship: the state in which a city is located is the state containing,<bos>,0,0.0,0.0,semantic,"[{""token"": ""<bos>"", ""index"": 0, ""distance"": 0, ""direction"": ""self""}]",n/a,Relationship,,1.0,False,,(city) related,"[{""tk"": ""city"", ""act"": 0.0}, {""tk"": ""in"", ""act"": 0.0}, {""tk"": ""Mexico"", ""act"": 0.0}, {""tk"": ""USA"", ""act"": 0.0}, {""tk"": ""is"", ""act"": 0.0}, {""tk"": ""Albuquerque"", ""act"": 0.0}, {""tk"": ""The"", ""act"": 0.0}, {""tk"": ""capital"", ""act"": 0.0}, {""tk"": ""of"", ""act"": 0.0}, {""tk"": ""state"", ""act"": 0.0}, {""tk"": ""attribute"", ""act"": 0.0}, {""tk"": ""serving"", ""act"": 0.0}, {""tk"": ""government"", ""act"": 0.0}, {""tk"": ""which"", ""act"": 0.0}, {""tk"": ""containing"", ""act"": 0.0}]"
13_41102,13,41102,relationship: the state in which a city is located is the state containing,<bos>,0,0.0,0.0,semantic,"[{""token"": ""<bos>"", ""index"": 0, ""distance"": 0, ""direction"": ""self""}]",n/a,Relationship,,1.0,False,,(city) related,"[{""tk"": ""city"", ""act"": 0.0}, {""tk"": ""in"", ""act"": 0.0}, {""tk"": ""Mexico"", ""act"": 0.0}, {""tk"": ""USA"", ""act"": 0.0}, {""tk"": ""is"", ""act"": 0.0}, {""tk"": ""Albuquerque"", ""act"": 0.0}, {""tk"": ""The"", ""act"": 0.0}, {""tk"": ""capital"", ""act"": 0.0}, {""tk"": ""of"", ""act"": 0.0}, {""tk"": ""state"", ""act"": 0.0}, {""tk"": ""attribute"", ""act"": 0.0}, {""tk"": ""serving"", ""act"": 0.0}, {""tk"": ""government"", ""act"": 0.0}, {""tk"": ""which"", ""act"": 0.0}, {""tk"": ""containing"", ""act"": 0.0}]"
15_44048,15,44048,relationship: the state in which a city is located is the state containing,<bos>,0,31.741321563720703,0.9333333333333332,semantic,"[{""token"": ""<bos>"", ""index"": 0, ""distance"": 0, ""direction"": ""self""}]",n/a,Semantic,Concept,0.7,False,,Semantic (unknown),"[{""tk"": ""is"", ""act"": 0.8375864028930664}, {""tk"": ""city"", ""act"": 0.0}, {""tk"": ""in"", ""act"": 0.0}, {""tk"": ""Mexico"", ""act"": 0.0}, {""tk"": ""USA"", ""act"": 0.0}, {""tk"": ""Albuquerque"", ""act"": 0.0}, {""tk"": ""The"", ""act"": 0.0}, {""tk"": ""capital"", ""act"": 0.0}, {""tk"": ""of"", ""act"": 0.0}, {""tk"": ""state"", ""act"": 0.0}, {""tk"": ""attribute"", ""act"": 0.0}, {""tk"": ""serving"", ""act"": 0.0}, {""tk"": ""government"", ""act"": 0.0}, {""tk"": ""which"", ""act"": 0.0}, {""tk"": ""containing"", ""act"": 0.0}]"
15_74824,15,74824,relationship: the state in which a city is located is the state containing,<bos>,0,0.0,0.0,semantic,"[{""token"": ""<bos>"", ""index"": 0, ""distance"": 0, ""direction"": ""self""}]",n/a,"Say ""X""",,1.0,False,,Say (Santa),"[{""tk"": ""is"", ""act"": 14.228734016418457}, {""tk"": ""city"", ""act"": 0.0}, {""tk"": ""in"", ""act"": 0.0}, {""tk"": ""Mexico"", ""act"": 0.0}, {""tk"": ""USA"", ""act"": 0.0}, {""tk"": ""Albuquerque"", ""act"": 0.0}, {""tk"": ""The"", ""act"": 0.0}, {""tk"": ""capital"", ""act"": 0.0}, {""tk"": ""of"", ""act"": 0.0}, {""tk"": ""state"", ""act"": 0.0}, {""tk"": ""attribute"", ""act"": 0.0}, {""tk"": ""serving"", ""act"": 0.0}, {""tk"": ""government"", ""act"": 0.0}, {""tk"": ""which"", ""act"": 0.0}, {""tk"": ""containing"", ""act"": 0.0}]"
16_29578,16,29578,relationship: the state in which a city is located is the state containing,<bos>,0,0.0,0.0,semantic,"[{""token"": ""<bos>"", ""index"": 0, ""distance"": 0, ""direction"": ""self""}]",n/a,"Say ""X""",,1.0,False,,Say (Mexico),"[{""tk"": ""is"", ""act"": 1.8383522033691406}, {""tk"": ""in"", ""act"": 1.6670656204223633}, {""tk"": ""Mexico"", ""act"": 0.23804855346679688}, {""tk"": ""city"", ""act"": 0.0}, {""tk"": ""USA"", ""act"": 0.0}, {""tk"": ""Albuquerque"", ""act"": 0.0}, {""tk"": ""The"", ""act"": 0.0}, {""tk"": ""capital"", ""act"": 0.0}, {""tk"": ""of"", ""act"": 0.0}, {""tk"": ""state"", ""act"": 0.0}, {""tk"": ""attribute"", ""act"": 0.0}, {""tk"": ""serving"", ""act"": 0.0}, {""tk"": ""government"", ""act"": 0.0}, {""tk"": ""which"", ""act"": 0.0}, {""tk"": ""containing"", ""act"": 0.0}]"
16_37465,16,37465,relationship: the state in which a city is located is the state containing,<bos>,0,0.0,0.0,semantic,"[{""token"": ""<bos>"", ""index"": 0, ""distance"": 0, ""direction"": ""self""}]",n/a,"Say ""X""",,1.0,False,,Say (Santa),"[{""tk"": ""is"", ""act"": 6.786016464233398}, {""tk"": ""city"", ""act"": 0.0}, {""tk"": ""in"", ""act"": 0.0}, {""tk"": ""Mexico"", ""act"": 0.0}, {""tk"": ""USA"", ""act"": 0.0}, {""tk"": ""Albuquerque"", ""act"": 0.0}, {""tk"": ""The"", ""act"": 0.0}, {""tk"": ""capital"", ""act"": 0.0}, {""tk"": ""of"", ""act"": 0.0}, {""tk"": ""state"", ""act"": 0.0}, {""tk"": ""attribute"", ""act"": 0.0}, {""tk"": ""serving"", ""act"": 0.0}, {""tk"": ""government"", ""act"": 0.0}, {""tk"": ""which"", ""act"": 0.0}, {""tk"": ""containing"", ""act"": 0.0}]"
17_93962,17,93962,relationship: the state in which a city is located is the state containing,<bos>,0,0.0,0.0,semantic,"[{""token"": ""<bos>"", ""index"": 0, ""distance"": 0, ""direction"": ""self""}]",n/a,"Say ""X""",,1.0,False,,Say (Santa),"[{""tk"": ""is"", ""act"": 28.189746856689453}, {""tk"": ""city"", ""act"": 0.0}, {""tk"": ""in"", ""act"": 0.0}, {""tk"": ""Mexico"", ""act"": 0.0}, {""tk"": ""USA"", ""act"": 0.0}, {""tk"": ""Albuquerque"", ""act"": 0.0}, {""tk"": ""The"", ""act"": 0.0}, {""tk"": ""capital"", ""act"": 0.0}, {""tk"": ""of"", ""act"": 0.0}, {""tk"": ""state"", ""act"": 0.0}, {""tk"": ""attribute"", ""act"": 0.0}, {""tk"": ""serving"", ""act"": 0.0}, {""tk"": ""government"", ""act"": 0.0}, {""tk"": ""which"", ""act"": 0.0}, {""tk"": ""containing"", ""act"": 0.0}]"
20_67772,20,67772,relationship: the state in which a city is located is the state containing,<bos>,0,0.0,0.0,semantic,"[{""token"": ""<bos>"", ""index"": 0, ""distance"": 0, ""direction"": ""self""}]",n/a,Semantic,Concept,0.6666666666666667,False,,Albuquerque,"[{""tk"": ""is"", ""act"": 48.817848205566406}, {""tk"": ""Albuquerque"", ""act"": 9.609615325927734}, {""tk"": ""Mexico"", ""act"": 3.7281837463378906}, {""tk"": ""city"", ""act"": 0.0}, {""tk"": ""in"", ""act"": 0.0}, {""tk"": ""USA"", ""act"": 0.0}, {""tk"": ""The"", ""act"": 0.0}, {""tk"": ""capital"", ""act"": 0.0}, {""tk"": ""of"", ""act"": 0.0}, {""tk"": ""state"", ""act"": 0.0}, {""tk"": ""attribute"", ""act"": 0.0}, {""tk"": ""serving"", ""act"": 0.0}, {""tk"": ""government"", ""act"": 0.0}, {""tk"": ""which"", ""act"": 0.0}, {""tk"": ""containing"", ""act"": 0.0}]"
20_67784,20,67784,relationship: the state in which a city is located is the state containing,<bos>,0,0.0,0.0,semantic,"[{""token"": ""<bos>"", ""index"": 0, ""distance"": 0, ""direction"": ""self""}]",n/a,"Say ""X""",,1.0,False,,Say (city),"[{""tk"": ""of"", ""act"": 3.863483428955078}, {""tk"": ""city"", ""act"": 0.0}, {""tk"": ""in"", ""act"": 0.0}, {""tk"": ""Mexico"", ""act"": 0.0}, {""tk"": ""USA"", ""act"": 0.0}, {""tk"": ""is"", ""act"": 0.0}, {""tk"": ""Albuquerque"", ""act"": 0.0}, {""tk"": ""The"", ""act"": 0.0}, {""tk"": ""capital"", ""act"": 0.0}, {""tk"": ""state"", ""act"": 0.0}, {""tk"": ""attribute"", ""act"": 0.0}, {""tk"": ""serving"", ""act"": 0.0}, {""tk"": ""government"", ""act"": 0.0}, {""tk"": ""which"", ""act"": 0.0}, {""tk"": ""containing"", ""act"": 0.0}]"
22_32893,22,32893,relationship: the state in which a city is located is the state containing,<bos>,0,0.0,0.0,semantic,"[{""token"": ""<bos>"", ""index"": 0, ""distance"": 0, ""direction"": ""self""}]",n/a,"Say ""X""",,1.0,False,,Say (Santa),"[{""tk"": ""is"", ""act"": 17.36086082458496}, {""tk"": ""city"", ""act"": 0.0}, {""tk"": ""in"", ""act"": 0.0}, {""tk"": ""Mexico"", ""act"": 0.0}, {""tk"": ""USA"", ""act"": 0.0}, {""tk"": ""Albuquerque"", ""act"": 0.0}, {""tk"": ""The"", ""act"": 0.0}, {""tk"": ""capital"", ""act"": 0.0}, {""tk"": ""of"", ""act"": 0.0}, {""tk"": ""state"", ""act"": 0.0}, {""tk"": ""attribute"", ""act"": 0.0}, {""tk"": ""serving"", ""act"": 0.0}, {""tk"": ""government"", ""act"": 0.0}, {""tk"": ""which"", ""act"": 0.0}, {""tk"": ""containing"", ""act"": 0.0}]"
22_43081,22,43081,relationship: the state in which a city is located is the state containing,<bos>,0,0.0,0.0,semantic,"[{""token"": ""<bos>"", ""index"": 0, ""distance"": 0, ""direction"": ""self""}]",n/a,"Say ""X""",,1.0,False,,Say (Santa),"[{""tk"": ""is"", ""act"": 18.35700035095215}, {""tk"": ""city"", ""act"": 0.0}, {""tk"": ""in"", ""act"": 0.0}, {""tk"": ""Mexico"", ""act"": 0.0}, {""tk"": ""USA"", ""act"": 0.0}, {""tk"": ""Albuquerque"", ""act"": 0.0}, {""tk"": ""The"", ""act"": 0.0}, {""tk"": ""capital"", ""act"": 0.0}, {""tk"": ""of"", ""act"": 0.0}, {""tk"": ""state"", ""act"": 0.0}, {""tk"": ""attribute"", ""act"": 0.0}, {""tk"": ""serving"", ""act"": 0.0}, {""tk"": ""government"", ""act"": 0.0}, {""tk"": ""which"", ""act"": 0.0}, {""tk"": ""containing"", ""act"": 0.0}]"
22_50146,22,50146,relationship: the state in which a city is located is the state containing,<bos>,0,0.0,0.0,semantic,"[{""token"": ""<bos>"", ""index"": 0, ""distance"": 0, ""direction"": ""self""}]",n/a,"Say ""X""",,1.0,False,,Say (Santa),"[{""tk"": ""is"", ""act"": 9.938701629638672}, {""tk"": ""city"", ""act"": 0.0}, {""tk"": ""in"", ""act"": 0.0}, {""tk"": ""Mexico"", ""act"": 0.0}, {""tk"": ""USA"", ""act"": 0.0}, {""tk"": ""Albuquerque"", ""act"": 0.0}, {""tk"": ""The"", ""act"": 0.0}, {""tk"": ""capital"", ""act"": 0.0}, {""tk"": ""of"", ""act"": 0.0}, {""tk"": ""state"", ""act"": 0.0}, {""tk"": ""attribute"", ""act"": 0.0}, {""tk"": ""serving"", ""act"": 0.0}, {""tk"": ""government"", ""act"": 0.0}, {""tk"": ""which"", ""act"": 0.0}, {""tk"": ""containing"", ""act"": 0.0}]"
23_69963,23,69963,relationship: the state in which a city is located is the state containing,<bos>,0,4.39845085144043,0.9333333333333332,semantic,"[{""token"": ""<bos>"", ""index"": 0, ""distance"": 0, ""direction"": ""self""}]",n/a,Semantic,Concept,0.8,False,,Semantic (unknown),"[{""tk"": ""is"", ""act"": 11.132179260253906}, {""tk"": ""city"", ""act"": 0.0}, {""tk"": ""in"", ""act"": 0.0}, {""tk"": ""Mexico"", ""act"": 0.0}, {""tk"": ""USA"", ""act"": 0.0}, {""tk"": ""Albuquerque"", ""act"": 0.0}, {""tk"": ""The"", ""act"": 0.0}, {""tk"": ""capital"", ""act"": 0.0}, {""tk"": ""of"", ""act"": 0.0}, {""tk"": ""state"", ""act"": 0.0}, {""tk"": ""attribute"", ""act"": 0.0}, {""tk"": ""serving"", ""act"": 0.0}, {""tk"": ""government"", ""act"": 0.0}, {""tk"": ""which"", ""act"": 0.0}, {""tk"": ""containing"", ""act"": 0.0}]"
23_68367,23,68367,relationship: the state in which a city is located is the state containing,<bos>,0,0.0,0.0,semantic,"[{""token"": ""<bos>"", ""index"": 0, ""distance"": 0, ""direction"": ""self""}]",n/a,"Say ""X""",,1.0,False,,Say (Santa),"[{""tk"": ""is"", ""act"": 5.944572925567627}, {""tk"": ""city"", ""act"": 0.0}, {""tk"": ""in"", ""act"": 0.0}, {""tk"": ""Mexico"", ""act"": 0.0}, {""tk"": ""USA"", ""act"": 0.0}, {""tk"": ""Albuquerque"", ""act"": 0.0}, {""tk"": ""The"", ""act"": 0.0}, {""tk"": ""capital"", ""act"": 0.0}, {""tk"": ""of"", ""act"": 0.0}, {""tk"": ""state"", ""act"": 0.0}, {""tk"": ""attribute"", ""act"": 0.0}, {""tk"": ""serving"", ""act"": 0.0}, {""tk"": ""government"", ""act"": 0.0}, {""tk"": ""which"", ""act"": 0.0}, {""tk"": ""containing"", ""act"": 0.0}]"
