layer,feature,id,ctx_idx,token,activation,frac_external_raw,node_influence,cumulative_influence
-1,0,2,0,<bos>,,1.0,0.03969242423772812,0.08475976437330246
-1,1,18143,1,Fact,,1.0,0.0341481938958168,0.11890795826911926
-1,2,235292,2,:,,1.0,0.017556846141815186,0.22986148297786713
-1,3,714,3, The,,1.0,0.027717337012290955,0.14662529528141022
-1,4,6037,4, capital,,1.0,0.04506734013557434,0.04506734013557434
-1,5,576,5, of,,1.0,0.009529784321784973,0.25353294610977173
-1,6,573,6, the,,1.0,0.007401973009109497,0.269595205783844
-1,7,2329,7, state,,1.0,0.019306793808937073,0.21230463683605194
-1,8,10751,8, containing,,1.0,0.022979602217674255,0.19299784302711487
-1,9,88967,9, Wilmington,,1.0,0.023392945528030396,0.1700182408094406
-1,10,603,10, is,,1.0,0.014141678810119629,0.24400316178798676
0,-1,0,1,Fact,,1.0,0.0016785860061645508,0.3465682864189148
0,-1,0,2,:,,1.0,0.000694572925567627,0.4558497965335846
0,-1,0,3, The,,1.0,0.00044041872024536133,0.5334752202033997
0,-1,0,4, capital,,1.0,0.0013980567455291748,0.36078932881355286
0,-1,0,5, of,,1.0,0.00031059980392456055,0.6072106957435608
0,-1,0,7, state,,1.0,0.00048214197158813477,0.5155695080757141
0,-1,0,8, containing,,1.0,0.0009593069553375244,0.41514071822166443
0,-1,0,9, Wilmington,,1.0,0.0007819831371307373,0.4359092116355896
0,-1,0,10, is,,1.0,0.00033789873123168945,0.5877723693847656
0,1274,49,7, state,4.469497203826904,1.0,0.0002791881561279297,0.6281011700630188
0,1430,52,5, of,2.026129722595215,1.0,0.0001239180564880371,0.7843694686889648
0,2210,65,8, containing,4.890505790710449,1.0,0.00026869773864746094,0.6363170742988586
0,3002,76,8, containing,3.8544089794158936,1.0,0.0002339482307434082,0.6636932492256165
0,3080,77,9, Wilmington,2.064526081085205,1.0,0.00012552738189697266,0.7826248407363892
0,4752,96,3, The,4.516541481018066,1.0,0.00018966197967529297,0.70720374584198
0,8255,127,9, Wilmington,3.147801399230957,1.0,0.00016313791275024414,0.7362663149833679
0,31374,249,8, containing,3.72662353515625,1.0,0.00019973516464233398,0.6955092549324036
0,36314,268,2,:,2.5549702644348145,1.0,0.0002923011779785156,0.6192473769187927
0,38225,275,6, the,4.708583831787109,1.0,0.00012373924255371094,0.7847408056259155
0,46055,302,4, capital,3.32346248626709,1.0,0.0003374814987182617,0.5881098508834839
0,46970,305,4, capital,2.3759379386901855,1.0,0.00023049116134643555,0.6664716601371765
0,62834,353,9, Wilmington,2.6780130863189697,1.0,0.00011718273162841797,0.7955941557884216
0,63545,355,1,Fact,1.8563108444213867,1.0,0.0001391768455505371,0.7637516260147095
0,63545,355,4, capital,2.010589361190796,1.0,0.00015079975128173828,0.7496924996376038
0,76244,389,7, state,4.427918910980225,1.0,0.00017064809799194336,0.7276206016540527
0,78209,394,4, capital,6.6453094482421875,1.0,0.0005995333194732666,0.4809620678424835
0,81809,403,8, containing,5.660445690155029,1.0,0.0003229975700378418,0.5986907482147217
0,90099,423,4, capital,2.311923027038574,1.0,0.00019812583923339844,0.697300910949707
0,90524,424,9, Wilmington,2.936250686645508,1.0,0.00014907121658325195,0.7510408163070679
0,96140,437,1,Fact,2.300577402114868,1.0,0.00020903348922729492,0.6871204972267151
0,114959,478,1,Fact,3.156907796859741,1.0,0.0002589225769042969,0.6437059044837952
0,118340,485,3, The,3.5978288650512695,1.0,0.00022333860397338867,0.6735122799873352
0,176120,592,8, containing,8.270624160766602,1.0,0.00037986040115356445,0.5612692832946777
0,321200,800,9, Wilmington,5.474506378173828,1.0,0.0002485513687133789,0.6531053185462952
0,365939,854,8, containing,4.336056709289551,1.0,0.00023406744003295898,0.663459300994873
0,498500,997,1,Fact,6.236116409301758,1.0,0.0006892085075378418,0.4593092203140259
0,526850,1025,8, containing,2.1325135231018066,1.0,0.0001323223114013672,0.7726985812187195
0,575127,1071,4, capital,3.151749610900879,1.0,0.0003408193588256836,0.5857402086257935
0,592415,1087,1,Fact,1.708437442779541,1.0,0.0001881122589111328,0.7085239291191101
0,625520,1117,3, The,5.124606609344482,1.0,0.0002962350845336914,0.6163037419319153
0,649229,1138,4, capital,1.8897980451583862,1.0,0.00021201372146606445,0.6845961213111877
0,743589,1218,4, capital,1.721142292022705,1.0,0.00015598535537719727,0.7460156083106995
0,833985,1290,8, containing,9.914241790771484,1.0,0.0006525814533233643,0.46671992540359497
0,917334,1353,9, Wilmington,3.628457546234131,1.0,0.00016427040100097656,0.7338117361068726
0,1050524,1448,10, is,4.605429649353027,1.0,0.0002263784408569336,0.6712642312049866
0,1178879,1534,1,Fact,1.4306721687316895,1.0,0.00013935565948486328,0.7634731531143188
0,1180415,1535,3, The,3.932457447052002,1.0,0.0001633167266845703,0.7356134653091431
0,1242675,1575,7, state,6.373180389404297,1.0,0.000362396240234375,0.572418212890625
0,1439055,1695,3, The,3.5861077308654785,1.0,0.00020229816436767578,0.6935012340545654
0,1447550,1700,4, capital,3.9576854705810547,1.0,0.00032979249954223633,0.5947725772857666
0,1708475,1847,1,Fact,3.794651508331299,1.0,0.0002754330635070801,0.6308776140213013
0,1708475,1847,4, capital,5.480682373046875,1.0,0.0003935694694519043,0.5558481216430664
0,1708475,1847,8, containing,4.096615791320801,1.0,0.00021511316299438477,0.6805366277694702
0,1708475,1847,9, Wilmington,7.301003456115723,1.0,0.0004023313522338867,0.5503048896789551
0,1813559,1903,1,Fact,5.34158992767334,1.0,0.0005536079406738281,0.49246522784233093
0,1925702,1961,4, capital,13.853837966918945,1.0,0.0011940300464630127,0.3775516152381897
0,1935527,1966,8, containing,3.841714382171631,1.0,0.00016194581985473633,0.7383782863616943
0,1998999,1998,10, is,7.075689315795898,1.0,0.0003553032875061035,0.5756337642669678
0,2106377,2051,1,Fact,1.365659236907959,1.0,0.00011968612670898438,0.7916792631149292
0,2239785,2115,1,Fact,5.4611101150512695,1.0,0.0003412961959838867,0.5853993892669678
0,2239785,2115,4, capital,10.859954833984375,1.0,0.0006048083305358887,0.47916051745414734
0,2239785,2115,7, state,4.313248157501221,1.0,0.00013828277587890625,0.7650003433227539
0,2239785,2115,9, Wilmington,3.473897933959961,1.0,0.00016564130783081055,0.7319982051849365
0,2399144,2189,1,Fact,3.522055149078369,1.0,0.00016009807586669922,0.7412764430046082
0,2399144,2189,4, capital,5.466213226318359,1.0,0.00021058320999145508,0.6856532692909241
0,2399144,2189,7, state,4.9510178565979,1.0,0.00012254714965820312,0.7865880131721497
0,2432114,2204,4, capital,5.324213981628418,1.0,0.00043380260467529297,0.5369676947593689
0,2536877,2251,4, capital,2.399319648742676,1.0,0.00026428699493408203,0.640304684638977
0,2710955,2327,4, capital,3.4263253211975098,1.0,0.0002422928810119629,0.6582385897636414
0,2900435,2407,1,Fact,2.128221035003662,1.0,0.00016641616821289062,0.7313342094421387
0,2919735,2415,4, capital,2.4649415016174316,1.0,0.00018525123596191406,0.7105734944343567
0,3017195,2455,1,Fact,1.5897736549377441,1.0,0.00012987852096557617,0.7768926024436951
0,3151304,2509,8, containing,4.2427520751953125,1.0,0.00025916099548339844,0.6434469819068909
0,3347577,2586,1,Fact,1.614184021949768,1.0,0.00012624263763427734,0.7812398076057434
0,3368309,2594,10, is,2.92012882232666,1.0,0.0001386404037475586,0.7645848989486694
0,3425652,2616,1,Fact,2.3043525218963623,1.0,0.00022113323211669922,0.6763996481895447
0,3507275,2647,1,Fact,1.5792505741119385,1.0,0.00017648935317993164,0.7205048203468323
0,3714174,2724,1,Fact,3.2072646617889404,1.0,0.00024384260177612305,0.6558083891868591
0,4039902,2841,10, is,5.5599517822265625,1.0,0.0003345608711242676,0.590796709060669
0,4059824,2848,5, of,35.20903778076172,1.0,0.0020006000995635986,0.33567503094673157
0,4065525,2850,4, capital,6.157759189605713,1.0,0.0005240738391876221,0.49999141693115234
0,4088369,2858,2,:,2.7381038665771484,1.0,0.00031310319900512695,0.6047182679176331
0,4244240,2912,3, The,5.304627418518066,1.0,0.0002810359001159668,0.6264212131500244
0,4302710,2932,8, containing,5.7334794998168945,1.0,0.0003019571304321289,0.6127166748046875
0,4513509,3003,7, state,4.0176849365234375,1.0,0.00022554397583007812,0.671715497970581
0,4558689,3018,3, The,5.989956378936768,1.0,0.0003082156181335449,0.6087561249732971
0,4628402,3041,8, containing,2.629519462585449,1.0,0.0001461505889892578,0.7559126019477844
0,4701710,3065,4, capital,2.024775981903076,1.0,0.00016885995864868164,0.7296596169471741
0,4881249,3123,9, Wilmington,3.509763717651367,1.0,0.00018531084060668945,0.7102030515670776
0,4988060,3157,7, state,2.8582239151000977,1.0,0.00017565488815307617,0.7217365503311157
0,5115200,3197,7, state,3.7827138900756836,1.0,0.0001748800277709961,0.7226118445396423
0,5305652,3256,9, Wilmington,6.118032455444336,1.0,0.00022113323211669922,0.676178514957428
0,5397254,3284,4, capital,5.291519641876221,1.0,0.0004341006278991699,0.5365338921546936
0,5416985,3290,8, containing,7.553137302398682,1.0,0.0004113912582397461,0.5466402769088745
0,5426864,3293,1,Fact,1.6301031112670898,1.0,0.00020742416381835938,0.6894092559814453
0,5546114,3329,3, The,4.373269081115723,1.0,0.0002700686454772949,0.6349711418151855
0,5552777,3331,4, capital,6.316155433654785,1.0,0.0006212592124938965,0.4717962145805359
0,5643119,3358,6, the,4.725994110107422,1.0,0.0001335740089416504,0.7715035080909729
0,5720652,3381,10, is,2.386389970779419,1.0,0.0001291036605834961,0.7776690721511841
0,5825990,3412,4, capital,3.7463364601135254,1.0,0.0003629922866821289,0.5716930627822876
0,5908202,3436,3, The,6.861283779144287,1.0,0.000507354736328125,0.5061700940132141
0,5994452,3461,1,Fact,3.231147527694702,1.0,0.00021445751190185547,0.6818245649337769
0,6074354,3484,4, capital,5.465743064880371,1.0,0.0004692673683166504,0.5217280983924866
0,6112755,3495,7, state,2.3617191314697266,1.0,0.00011986494064331055,0.7914398312568665
0,6189920,3517,5, of,2.1581811904907227,1.0,0.00013566017150878906,0.7674684524536133
0,6211049,3523,3, The,4.096311092376709,1.0,0.0002543330192565918,0.6483270525932312
0,6317234,3553,4, capital,3.332332134246826,1.0,0.00023752450942993164,0.6608707904815674
0,6478199,3598,8, containing,16.707168579101562,1.0,0.0009650588035583496,0.41225335001945496
0,6499814,3604,1,Fact,1.489027976989746,1.0,0.00012612342834472656,0.7817445397377014
0,6499814,3604,9, Wilmington,5.090970516204834,1.0,0.0003008842468261719,0.6136205792427063
0,6615702,3636,1,Fact,2.7071421146392822,1.0,0.00019180774688720703,0.7052990198135376
0,6615702,3636,4, capital,3.3982996940612793,1.0,0.00020205974578857422,0.6939055323600769
0,6917339,3718,5, of,2.5996603965759277,1.0,0.00017517805099487305,0.7219117283821106
0,6958314,3729,4, capital,5.0248260498046875,1.0,0.00044530630111694336,0.5299293398857117
0,7153652,3781,1,Fact,1.7907795906066895,1.0,0.0001227855682373047,0.7863426804542542
0,7301930,3820,6, the,27.57501792907715,1.0,0.0005659162998199463,0.4896914064884186
0,7918209,3978,4, capital,7.311453342437744,1.0,0.0006210505962371826,0.4730384051799774
0,7930152,3981,9, Wilmington,2.6574668884277344,1.0,0.00013434886932373047,0.7693590521812439
0,8078189,4018,3, The,3.181893825531006,1.0,0.00019973516464233398,0.6957089900970459
0,8337485,4082,1,Fact,1.6319499015808105,1.0,0.00020456314086914062,0.6914660930633545
0,8366094,4089,4, capital,2.6785945892333984,1.0,0.00027823448181152344,0.6286583542823792
0,8721575,4175,1,Fact,2.6825108528137207,1.0,0.0002429485321044922,0.6572681069374084
0,9054639,4254,1,Fact,3.091362953186035,1.0,0.00029540061950683594,0.6171914339065552
0,9139949,4274,8, containing,7.141358852386475,1.0,0.0004450082778930664,0.5303743481636047
0,9350649,4323,4, capital,12.545083045959473,1.0,0.0010961294174194336,0.3868473172187805
0,9359300,4325,2,:,3.15156888961792,1.0,0.00022751092910766602,0.6703569889068604
0,9585630,4377,8, containing,2.1888184547424316,1.0,0.00012093782424926758,0.7898747324943542
0,9774830,4420,8, containing,3.4597201347351074,1.0,0.00020879507064819336,0.6875380873680115
0,9841265,4435,7, state,5.6718316078186035,1.0,0.0002980232238769531,0.6151155829429626
0,10271777,4531,2,:,1.1701292991638184,1.0,0.00012242794036865234,0.7868329882621765
0,10326239,4543,3, The,2.774142265319824,1.0,0.00012701749801635742,0.7803535461425781
0,10628354,4609,1,Fact,1.1921000480651855,1.0,0.0001469254493713379,0.754740834236145
0,10822877,4651,4, capital,8.640799522399902,1.0,0.0006935596466064453,0.4572376012802124
0,10991015,4687,9, Wilmington,15.727896690368652,1.0,0.0013082623481750488,0.3675084412097931
0,11103827,4711,4, capital,1.9013285636901855,1.0,0.00015997886657714844,0.7414364218711853
0,11108540,4712,1,Fact,0.981182336807251,1.0,0.00012415647506713867,0.7839977741241455
0,11236169,4739,10, is,4.014479637145996,1.0,0.0002733469009399414,0.6325253844261169
0,11604152,4816,7, state,3.712648868560791,1.0,0.00022268295288085938,0.674180805683136
0,11637899,4823,1,Fact,8.601868629455566,1.0,0.0004425048828125,0.5325924754142761
0,11637899,4823,3, The,5.400101661682129,1.0,0.0001342296600341797,0.7697619795799255
0,11637899,4823,4, capital,5.183389663696289,1.0,0.00022232532501220703,0.6748483180999756
0,11637899,4823,10, is,3.0557498931884766,1.0,0.0002269148826599121,0.6710378527641296
0,11647550,4825,2,:,2.516765594482422,1.0,0.0003364682197570801,0.5891209840774536
0,11909639,4879,3, The,3.3364648818969727,1.0,0.0001996159553527832,0.6961082816123962
0,12258675,4950,3, The,2.6892101764678955,1.0,0.0001811385154724121,0.7149676084518433
0,12288402,4956,1,Fact,3.0128417015075684,1.0,0.00022995471954345703,0.667161762714386
0,12333060,4965,2,:,3.5360045433044434,1.0,0.00029730796813964844,0.6157108545303345
0,12417635,4982,2,:,7.521145343780518,1.0,0.0006430447101593018,0.4680078625679016
0,12462527,4991,9, Wilmington,2.3830108642578125,1.0,0.00013214349746704102,0.7732273936271667
0,12472514,4993,1,Fact,2.5238540172576904,1.0,0.00019437074661254883,0.7026011347770691
0,12880349,5074,3, The,5.253841876983643,1.0,0.00033867359161376953,0.5867576599121094
0,13079054,5113,8, containing,3.334904193878174,1.0,0.00017005205154418945,0.7289824485778809
0,13496609,5194,1,Fact,1.610731840133667,1.0,0.00013339519500732422,0.7716369032859802
0,13496609,5194,8, containing,2.705101728439331,1.0,0.00014466047286987305,0.7579472064971924
0,13496609,5194,9, Wilmington,2.5875706672668457,1.0,0.00014483928680419922,0.7576577067375183
0,13605935,5215,1,Fact,2.4678726196289062,1.0,0.00022846460342407227,0.6685352325439453
0,13605935,5215,9, Wilmington,2.668348789215088,1.0,0.00013047456741333008,0.7759814262390137
0,14010570,5292,4, capital,3.7775354385375977,1.0,0.0003447532653808594,0.5833399891853333
0,14037050,5297,7, state,3.787882089614868,1.0,0.00012809038162231445,0.778568685054779
0,14153859,5319,4, capital,3.1558573246002197,1.0,0.00011742115020751953,0.7954769730567932
0,14233779,5334,4, capital,1.874544620513916,1.0,0.00017499923706054688,0.7224369645118713
0,14324627,5351,3, The,5.170761585235596,1.0,0.00025385618209838867,0.6488348245620728
0,14362119,5358,9, Wilmington,4.5931291580200195,1.0,0.00017023086547851562,0.728131890296936
0,14421134,5369,1,Fact,1.8036623001098633,1.0,0.00019234418869018555,0.7045313715934753
0,14658404,5413,3, The,3.1234891414642334,1.0,0.00021529197692871094,0.6801062226295471
0,15023420,5480,4, capital,3.3140013217926025,1.0,0.00029796361923217773,0.6154135465621948
0,15632435,5590,1,Fact,1.9783587455749512,1.0,0.0001963973045349121,0.7002604603767395
0,15834377,5626,9, Wilmington,9.908027648925781,1.0,0.0009485483169555664,0.41608926653862
0,15913260,5640,4, capital,6.393066883087158,1.0,0.000553816556930542,0.4913578927516937
0,16026290,5660,4, capital,16.259593963623047,1.0,0.0017484426498413086,0.34314703941345215
0,16344902,5716,3, The,7.243289947509766,1.0,0.00047278404235839844,0.5198492407798767
0,16505384,5744,7, state,4.955761432647705,1.0,0.0002866983413696289,0.6232954859733582
0,16511130,5745,9, Wilmington,3.390315055847168,1.0,0.00018388032913208008,0.712050199508667
0,16603202,5761,3, The,3.6309707164764404,1.0,0.00022870302200317383,0.6680783033370972
0,17290139,5879,7, state,1.9948673248291016,1.0,0.00011646747589111328,0.7967621088027954
0,17668539,5943,2,:,1.7398149967193604,1.0,0.00014793872833251953,0.752824068069458
0,18298224,6048,1,Fact,1.8296408653259277,1.0,0.00019872188568115234,0.6967058777809143
0,18346652,6056,4, capital,5.740799427032471,1.0,0.0005106925964355469,0.505155086517334
0,18455849,6074,8, containing,4.801333904266357,1.0,0.0002613067626953125,0.6426658630371094
0,18480159,6078,1,Fact,2.1709160804748535,1.0,0.00026530027389526367,0.6384517550468445
0,18711902,6116,1,Fact,3.45638370513916,1.0,0.00027489662170410156,0.63170325756073
0,18711902,6116,4, capital,3.325528621673584,1.0,0.00021719932556152344,0.6792425513267517
0,18711902,6116,7, state,2.8853745460510254,1.0,0.0001221299171447754,0.787199854850769
0,18711902,6116,8, containing,4.784172058105469,1.0,0.00020951032638549805,0.6864929795265198
0,18711902,6116,9, Wilmington,3.9262866973876953,1.0,0.00018310546875,0.7127830982208252
0,18816044,6133,1,Fact,3.9597012996673584,1.0,0.00031119585037231445,0.6062783598899841
0,18822179,6134,9, Wilmington,2.863111972808838,1.0,0.00013405084609985352,0.7707007527351379
0,18957402,6156,1,Fact,1.8577756881713867,1.0,0.00017273426055908203,0.7252157330513
0,19334870,6217,4, capital,3.386155128479004,1.0,0.0002511739730834961,0.6521095037460327
0,19334870,6217,7, state,5.289334297180176,1.0,0.0002626776695251465,0.641094446182251
0,19553130,6252,9, Wilmington,1.7779295444488525,1.0,0.0001571178436279297,0.745077908039093
0,20056610,6332,1,Fact,0.9639953374862671,1.0,0.0001214146614074707,0.7887841463088989
0,20240702,6361,4, capital,2.160310983657837,1.0,0.0002682209014892578,0.6365852952003479
0,20624252,6421,1,Fact,4.402102947235107,1.0,0.0003351569175720215,0.5897926092147827
0,20624252,6421,4, capital,3.224996566772461,1.0,0.00017243623733520508,0.7257335186004639
0,20746460,6440,4, capital,5.422195911407471,1.0,0.0005660951137542725,0.48912549018859863
0,20746460,6440,7, state,5.9845290184021,1.0,0.00039952993392944336,0.5511041879653931
0,21037340,6485,7, state,5.394222736358643,1.0,0.00037539005279541016,0.5650437474250793
0,21796502,6601,7, state,8.21324634552002,1.0,0.00043380260467529297,0.5374014973640442
0,21902270,6617,4, capital,1.3923492431640625,1.0,0.00015276670455932617,0.7481788992881775
0,21915509,6619,7, state,4.776836395263672,1.0,0.0002554655075073242,0.6473079323768616
0,22368015,6687,3, The,5.2287726402282715,1.0,0.00030165910720825195,0.6130183339118958
0,22730652,6741,4, capital,8.51573371887207,1.0,0.0007233917713165283,0.4509260058403015
0,23035077,6786,8, containing,5.6627020835876465,1.0,0.0003248453140258789,0.597394585609436
0,23416745,6842,4, capital,2.3399176597595215,1.0,0.00018095970153808594,0.7151485681533813
0,23553815,6862,8, containing,3.3271656036376953,1.0,0.00020575523376464844,0.6904411911964417
0,23691285,6882,4, capital,2.0114455223083496,1.0,0.00021380186080932617,0.682680606842041
0,24015914,6929,8, containing,7.053256988525391,1.0,0.0003751516342163086,0.5654188990592957
0,24217319,6958,3, The,4.7794671058654785,1.0,0.00021409988403320312,0.6822528839111328
0,24650730,7020,3, The,5.535068035125732,1.0,0.0001900792121887207,0.7064445614814758
0,24805445,7042,1,Fact,1.2303194999694824,1.0,0.00013524293899536133,0.7682810425758362
0,25343639,7118,4, capital,16.584789276123047,1.0,0.0014326274394989014,0.3593912720680237
0,26502839,7279,9, Wilmington,2.811431884765625,1.0,0.00014793872833251953,0.7529720067977905
0,26663252,7301,8, containing,2.7361316680908203,1.0,0.00018322467803955078,0.7125999927520752
0,26978184,7344,1,Fact,8.42626953125,1.0,0.0007040500640869141,0.4537500739097595
0,27213752,7376,1,Fact,2.667067527770996,1.0,0.00032526254653930664,0.5970697402954102
0,27413309,7403,9, Wilmington,2.800485134124756,1.0,0.00014132261276245117,0.7605265378952026
0,27769877,7451,3, The,6.4648332595825195,1.0,0.00025159120559692383,0.6508527994155884
0,27874310,7465,1,Fact,2.747718095779419,1.0,0.00033158063888549805,0.5924590826034546
0,28068777,7491,1,Fact,1.1150059700012207,1.0,0.00012117624282836914,0.7893906831741333
0,28618394,7564,4, capital,4.818515777587891,1.0,0.00035774707794189453,0.5731382369995117
0,29142794,7633,4, capital,3.3386552333831787,1.0,0.00033462047576904297,0.5904621481895447
0,29257424,7648,2,:,3.4090490341186523,1.0,0.0003057718276977539,0.6099833846092224
0,29594970,7692,1,Fact,3.748141288757324,1.0,0.00036704540252685547,0.5698679685592651
0,29764469,7714,8, containing,6.123883247375488,1.0,0.00033718347549438477,0.5887845158576965
0,30011877,7746,4, capital,2.413227081298828,1.0,0.00018602609634399414,0.710017740726471
0,30042875,7750,7, state,1.8120763301849365,1.0,0.00017583370208740234,0.7212094664573669
0,30167027,7766,7, state,5.967782020568848,1.0,0.0003394484519958496,0.5860796570777893
0,30525390,7812,1,Fact,2.418498992919922,1.0,0.00023478269577026367,0.6625214219093323
0,31059020,7880,4, capital,1.9423589706420898,1.0,0.0001793503761291504,0.716770350933075
0,31756464,7968,7, state,5.521754741668701,1.0,0.00029349327087402344,0.6186622977256775
0,32028005,8002,8, containing,7.100665092468262,1.0,0.0005053877830505371,0.5071825981140137
0,32076044,8008,1,Fact,1.6268310546875,1.0,0.00018423795700073242,0.711682140827179
0,32076044,8008,3, The,2.082937240600586,1.0,0.00013053417205810547,0.7755898833274841
0,32469710,8057,7, state,3.777068614959717,1.0,0.00021475553512573242,0.681181013584137
0,32800949,8098,1,Fact,3.759613275527954,1.0,0.00029468536376953125,0.6177814602851868
0,33264245,8155,4, capital,2.7918777465820312,1.0,0.0003374814987182617,0.5884473323822021
0,33329529,8163,1,Fact,2.965630531311035,1.0,0.00024276971817016602,0.6577537655830383
0,33329529,8163,4, capital,2.238710880279541,1.0,0.00015801191329956055,0.743501603603363
0,33329529,8163,8, containing,4.632303237915039,1.0,0.0001996755599975586,0.6959086656570435
0,33870564,8229,7, state,3.2536473274230957,1.0,0.0001537799835205078,0.7475664019584656
0,33895260,8232,6, the,6.171056747436523,1.0,0.00011879205703735352,0.7937057614326477
0,34590402,8316,4, capital,4.8907341957092285,1.0,0.00045627355575561523,0.5258774757385254
0,34640325,8322,7, state,5.606225967407227,1.0,0.0002548098564147949,0.6480727195739746
0,35368254,8409,9, Wilmington,4.193288326263428,1.0,0.00014609098434448242,0.7562047839164734
0,35680127,8446,8, containing,2.5804319381713867,1.0,0.0001347661018371582,0.7688209414482117
0,36035804,8488,4, capital,2.364503860473633,1.0,0.0002269744873046875,0.6708109378814697
0,36044294,8489,1,Fact,4.876344203948975,1.0,0.00047701597213745117,0.5170034170150757
0,36044294,8489,4, capital,1.706070899963379,1.0,0.00012558698654174805,0.7824993133544922
0,36299459,8519,8, containing,8.84633731842041,1.0,0.00037151575088500977,0.567283570766449
0,36478610,8540,1,Fact,2.1209640502929688,1.0,0.00021755695343017578,0.6790253520011902
0,36718164,8568,8, containing,2.413447856903076,1.0,0.00011968612670898438,0.7917989492416382
0,37113419,8614,4, capital,2.767078399658203,1.0,0.00022846460342407227,0.6683067679405212
0,37355045,8642,1,Fact,2.7217326164245605,1.0,0.00028389692306518555,0.6252896785736084
0,38049725,8722,3, The,21.2574462890625,1.0,0.0010695159435272217,0.38899898529052734
0,38452064,8768,3, The,5.302452087402344,1.0,0.00031763315200805664,0.6022074222564697
0,38495924,8773,9, Wilmington,4.798822402954102,1.0,0.0002281665802001953,0.6687633991241455
0,38882970,8817,7, state,3.733865261077881,1.0,0.00021326541900634766,0.6831076741218567
0,39369500,8872,7, state,8.09967041015625,1.0,0.0005256533622741699,0.4994673430919647
0,39484940,8885,4, capital,16.146286010742188,1.0,0.0011792480945587158,0.3822900652885437
0,39966269,8939,4, capital,14.478906631469727,1.0,0.0012194812297821045,0.3763575851917267
0,40711775,9022,4, capital,3.141700267791748,1.0,0.0001965165138244629,0.6998674869537354
0,40711775,9022,7, state,3.029301643371582,1.0,0.0001353621482849121,0.7680104374885559
0,40711775,9022,8, containing,3.51318359375,1.0,0.00021213293075561523,0.6843841075897217
0,40711775,9022,9, Wilmington,4.41111946105957,1.0,0.0002079606056213379,0.688370943069458
0,40738850,9025,4, capital,1.1564223766326904,1.0,0.0001227855682373047,0.7864654660224915
0,40738850,9025,7, state,4.611112594604492,1.0,0.00028836727142333984,0.6218581795692444
0,40747877,9026,1,Fact,8.946651458740234,1.0,0.0004780292510986328,0.5165264010429382
0,40747877,9026,4, capital,8.392426490783691,1.0,0.00044459104537963867,0.5308189392089844
0,40747877,9026,8, containing,7.2449421882629395,1.0,0.0002670884132385254,0.6373876333236694
0,40747877,9026,9, Wilmington,12.950164794921875,1.0,0.0005381405353546143,0.49630042910575867
0,40910534,9044,4, capital,3.6981568336486816,1.0,0.0003292560577392578,0.5957608222961426
0,41737815,9135,7, state,4.611429214477539,1.0,0.00027757883071899414,0.6300474405288696
0,42269414,9193,8, containing,2.228267192840576,1.0,0.00012093782424926758,0.7899956703186035
0,42573377,9226,9, Wilmington,2.442737102508545,1.0,0.0001214146614074707,0.7889055609703064
0,42601064,9229,7, state,2.7983639240264893,1.0,0.00011539459228515625,0.7980375289916992
0,43706574,9348,3, The,5.687213897705078,1.0,0.0002608299255371094,0.6431878209114075
0,43996889,9379,5, of,4.33148717880249,1.0,0.00022912025451660156,0.6676207184791565
0,44165900,9397,9, Wilmington,3.656803607940674,1.0,0.00020378828048706055,0.6926906704902649
0,44420024,9424,4, capital,4.473423957824707,1.0,0.0004277825355529785,0.5391214489936829
0,44788379,9463,1,Fact,1.2657279968261719,1.0,0.0001398921012878418,0.7627751231193542
0,45110750,9497,7, state,5.230938911437988,1.0,0.00028073787689208984,0.6269829273223877
0,45692019,9558,8, containing,3.7775697708129883,1.0,0.00018274784088134766,0.7131487727165222
0,45825950,9572,2,:,1.8102591037750244,1.0,0.0001582503318786621,0.7430272698402405
0,46431065,9635,3, The,5.356620788574219,1.0,0.0002792477607727051,0.6278219819068909
0,46450340,9637,1,Fact,3.5475428104400635,1.0,0.0002657175064086914,0.6381864547729492
0,46952894,9689,1,Fact,5.160281181335449,1.0,0.000387728214263916,0.5589734315872192
0,47030450,9697,4, capital,5.290339469909668,1.0,0.0003453493118286133,0.5829952359199524
0,47030450,9697,8, containing,3.3807361125946045,1.0,0.00013011693954467773,0.7765024900436401
0,47438669,9739,2,:,3.2420921325683594,1.0,0.00022393465042114258,0.6732889413833618
0,47516625,9747,4, capital,1.879332184791565,1.0,0.00011545419692993164,0.7981529831886292
0,47770424,9773,10, is,2.282564640045166,1.0,0.0001227855682373047,0.7862198948860168
0,47966114,9793,1,Fact,1.6532132625579834,1.0,0.0001289844512939453,0.777927041053772
0,48624590,9860,4, capital,3.565408229827881,1.0,0.0002728104591369629,0.6327981948852539
0,48851669,9883,10, is,3.525878429412842,1.0,0.00020837783813476562,0.6877464652061462
0,49885065,9987,7, state,5.373556613922119,1.0,0.00039207935333251953,0.5566336512565613
0,50476127,10046,9, Wilmington,2.036640167236328,1.0,0.00015538930892944336,0.7466380596160889
0,50767925,10075,4, capital,2.2132070064544678,1.0,0.00020420551300048828,0.6920791864395142
0,50838485,10082,7, state,4.40755558013916,1.0,0.00024759769439697266,0.6536009311676025
0,51404729,10138,1,Fact,2.770021915435791,1.0,0.00029534101486206055,0.6174867749214172
0,52086320,10205,8, containing,4.015495777130127,1.0,0.00018328428268432617,0.7122334837913513
0,52536374,10249,2,:,3.2364501953125,1.0,0.00037801265716552734,0.5631624460220337
0,53235720,10317,1,Fact,6.440731525421143,1.0,0.0005274713039398193,0.4978891909122467
0,53525030,10345,1,Fact,2.615093469619751,1.0,0.00023806095123291016,0.6601578593254089
0,53867009,10378,8, containing,3.556032180786133,1.0,0.00019472837448120117,0.7018232941627502
0,54178844,10408,8, containing,4.836792945861816,1.0,0.0002779364585876465,0.6292142271995544
0,54669195,10455,10, is,3.3771767616271973,1.0,0.00017112493515014648,0.7272791266441345
0,54826155,10470,7, state,4.715034008026123,1.0,0.00024330615997314453,0.6565386652946472
0,55445714,10529,8, containing,1.6939408779144287,1.0,0.00011819601058959961,0.7945350408554077
0,56344419,10614,3, The,5.429696559906006,1.0,0.00032019615173339844,0.5999774932861328
0,56652689,10643,3, The,5.874704837799072,1.0,0.0003349184989929199,0.5901275277137756
0,56737877,10651,3, The,3.1142706871032715,1.0,0.0001443624496459961,0.7585247159004211
0,57432402,10716,8, containing,2.726698875427246,1.0,0.00014764070510864258,0.7535630464553833
0,57593277,10731,5, of,2.6295318603515625,1.0,0.00018018484115600586,0.7160509824752808
0,57689910,10740,7, state,6.380982875823975,1.0,0.0003186464309692383,0.600935161113739
0,57840389,10754,7, state,10.46286392211914,1.0,0.0006707608699798584,0.46473437547683716
0,57915702,10761,3, The,2.7395715713500977,1.0,0.00012868642807006836,0.778055727481842
0,59803515,10935,2,:,8.722393035888672,1.0,0.0006365180015563965,0.46928542852401733
0,60329619,10983,7, state,4.1464667320251465,1.0,0.0003107786178588867,0.6069000959396362
0,61888374,11124,4, capital,14.911069869995117,1.0,0.0010634064674377441,0.3921939730644226
0,62972252,11221,4, capital,3.8670547008514404,1.0,0.0003292560577392578,0.5954315662384033
0,64712375,11375,10, is,35.0422248840332,1.0,0.0021806657314300537,0.3275003731250763
0,64814804,11384,9, Wilmington,2.5142033100128174,1.0,0.00014764070510864258,0.7537106871604919
0,64826190,11385,5, of,4.131603240966797,1.0,0.0002518296241760254,0.6503495573997498
0,65935385,11482,8, containing,10.26512336730957,1.0,0.0005561709403991699,0.4908040761947632
0,66868829,11563,8, containing,7.108356475830078,1.0,0.00035119056701660156,0.5795137882232666
0,66926664,11568,7, state,8.443960189819336,1.0,0.0003959536552429199,0.5534836053848267
0,67030830,11577,1,Fact,4.201845169067383,1.0,0.0005208253860473633,0.5010346174240112
0,67634264,11629,4, capital,2.478095054626465,1.0,0.00012195110321044922,0.7879323363304138
0,67820480,11645,9, Wilmington,2.677055835723877,1.0,0.0001621246337890625,0.7377303242683411
0,67960310,11657,4, capital,1.6024951934814453,1.0,0.00017815828323364258,0.7183772325515747
0,68111955,11670,1,Fact,2.728177070617676,1.0,0.00020802021026611328,0.6885789632797241
0,70051365,11835,2,:,3.062260150909424,1.0,0.00019288063049316406,0.7037613987922668
0,70051365,11835,5, of,3.4608354568481445,1.0,0.0001360177993774414,0.7671968936920166
0,70051365,11835,8, containing,3.9584927558898926,1.0,0.00017279386520385742,0.725042998790741
0,70051365,11835,9, Wilmington,5.726665496826172,1.0,0.00025719404220581055,0.6460279822349548
0,70181627,11846,9, Wilmington,5.654958724975586,1.0,0.0003796815872192383,0.561648964881897
0,70229025,11850,8, containing,2.846303939819336,1.0,0.00014710426330566406,0.7542999386787415
0,70680104,11888,1,Fact,3.070678234100342,1.0,0.0002849102020263672,0.6244372725486755
0,70882370,11905,3, The,1.721907377243042,1.0,0.00012069940567016602,0.7903579473495483
0,71144555,11927,1,Fact,2.0766685009002686,1.0,0.0001633167266845703,0.7357767820358276
0,71275829,11938,1,Fact,5.356130599975586,1.0,0.00048536062240600586,0.5141194462776184
0,71730252,11976,4, capital,2.6872034072875977,1.0,0.00022137165069580078,0.6759573817253113
0,72078020,12005,4, capital,4.640841960906982,1.0,0.0003848075866699219,0.5597438812255859
0,73005485,12082,8, containing,14.502767562866211,1.0,0.0008287429809570312,0.4230673015117645
0,73271564,12104,9, Wilmington,3.322138786315918,1.0,0.0001785755157470703,0.7174860239028931
0,74438300,12200,1,Fact,6.132960796356201,1.0,0.00039654970169067383,0.5518990159034729
0,74438300,12200,4, capital,3.8798298835754395,1.0,0.00019121170043945312,0.7058731913566589
0,74438300,12200,7, state,4.512021064758301,1.0,0.000164031982421875,0.7344681024551392
0,75552777,12291,1,Fact,1.336904525756836,1.0,0.0001500844955444336,0.7502939105033875
0,75589659,12294,4, capital,3.90006685256958,1.0,0.00034809112548828125,0.5816102027893066
0,75601955,12295,7, state,2.8724608421325684,1.0,0.00014638900756835938,0.7556201815605164
0,75811140,12312,1,Fact,2.6893680095672607,1.0,0.00027179718017578125,0.6341586709022522
0,76168652,12341,8, containing,5.1038594245910645,1.0,0.00029838085174560547,0.6148175597190857
0,76353902,12356,7, state,2.8882498741149902,1.0,0.00014889240264892578,0.7516369223594666
0,76539377,12371,4, capital,2.9461183547973633,1.0,0.00025141239166259766,0.6513557434082031
0,76935809,12403,2,:,1.818934440612793,1.0,0.0001819133758544922,0.7140602469444275
0,77308394,12433,1,Fact,1.4156255722045898,1.0,0.00013560056686401367,0.7676040530204773
0,79411502,12601,1,Fact,1.6435132026672363,1.0,0.00018662214279174805,0.709273099899292
0,79461920,12605,1,Fact,2.480203628540039,1.0,0.00023484230041503906,0.662286639213562
0,79562804,12613,4, capital,12.790654182434082,1.0,0.0010368824005126953,0.3963731527328491
0,80410220,12680,7, state,9.226781845092773,1.0,0.0005302727222442627,0.4973617196083069
0,80638649,12698,1,Fact,8.650779724121094,1.0,0.0007313191890716553,0.44875186681747437
0,81020084,12728,7, state,3.2457284927368164,1.0,0.00016540288925170898,0.7323290705680847
0,81262125,12747,10, is,2.6803650856018066,1.0,0.0001595020294189453,0.7419151663780212
0,81964805,12802,4, capital,2.1163296699523926,1.0,0.00019550323486328125,0.7008483409881592
0,83405069,12914,1,Fact,4.502346992492676,1.0,0.0003622770309448242,0.5727804899215698
0,83482580,12920,5, of,4.853429794311523,1.0,0.0002620816230773926,0.6416190266609192
0,83818877,12946,7, state,3.248112678527832,1.0,0.00020056962966918945,0.6945083141326904
0,83935445,12955,4, capital,1.5878210067749023,1.0,0.00013238191604614258,0.7725662589073181
0,83974319,12958,2,:,9.176626205444336,1.0,0.0008271336555480957,0.4247220754623413
0,84259670,12980,1,Fact,1.1701481342315674,1.0,0.00012099742889404297,0.7896327376365662
0,84545505,13002,1,Fact,1.4663760662078857,1.0,0.00015538930892944336,0.7467934489250183
0,84571514,13004,2,:,8.836345672607422,1.0,0.0005044341087341309,0.5076870322227478
0,84571514,13004,10, is,4.185861587524414,1.0,0.0004177689552307129,0.5433282256126404
0,84636554,13009,8, containing,4.918821811676025,1.0,0.00025832653045654297,0.644740104675293
0,85772252,13096,6, the,19.076797485351562,1.0,0.0003547072410583496,0.5763435959815979
0,86349510,13140,3, The,7.4165239334106445,1.0,0.00035446882247924805,0.5766980648040771
0,86415230,13145,1,Fact,9.013720512390137,1.0,0.0008125007152557373,0.42799773812294006
0,88225685,13282,5, of,4.645511150360107,1.0,0.00021249055862426758,0.6841719746589661
0,88944452,13336,4, capital,2.396517276763916,1.0,0.00022149085998535156,0.6757360100746155
0,89051184,13344,1,Fact,2.360320568084717,1.0,0.0002830028533935547,0.6261401772499084
0,89077877,13346,8, containing,2.5134263038635254,1.0,0.0001386404037475586,0.764723539352417
0,90323519,13439,4, capital,2.5182671546936035,1.0,0.00024312734603881836,0.657025158405304
0,91118249,13498,4, capital,3.50423526763916,1.0,0.0003021359443664551,0.6124147176742554
0,91456049,13523,10, is,3.078033924102783,1.0,0.00021779537200927734,0.6783726215362549
0,91618415,13535,3, The,2.5772178173065186,1.0,0.0001468658447265625,0.7548877000808716
0,91713195,13542,3, The,4.384210109710693,1.0,0.00023102760314941406,0.6657794117927551
0,93236339,13654,4, capital,4.659286975860596,1.0,0.0004857778549194336,0.5136340856552124
0,94235855,13727,7, state,9.575389862060547,1.0,0.0006008446216583252,0.48036253452301025
0,94730729,13763,4, capital,1.7399613857269287,1.0,0.00013053417205810547,0.7758509516716003
0,94758260,13765,8, containing,6.653834819793701,1.0,0.00036603212356567383,0.570600688457489
0,95171705,13795,2,:,6.639275550842285,1.0,0.0006808936595916748,0.4613611400127411
0,97224539,13943,4, capital,1.8029236793518066,1.0,0.0001448988914489746,0.7575128674507141
0,97685252,13976,3, The,5.179001808166504,1.0,0.00025850534439086914,0.6442232131958008
0,97853054,13988,9, Wilmington,7.2213592529296875,1.0,0.0004152059555053711,0.5445753335952759
0,97937009,13994,1,Fact,1.2603912353515625,1.0,0.00012981891632080078,0.7770224213600159
0,100614204,14184,8, containing,5.074507236480713,1.0,0.0002053380012512207,0.690852165222168
0,101467134,14244,1,Fact,1.8318915367126465,1.0,0.00021022558212280273,0.6860737800598145
0,101609639,14254,8, containing,8.536608695983887,1.0,0.00040656328201293945,0.5486851930618286
0,102266450,14300,5, of,3.7849674224853516,1.0,0.0002802610397338867,0.6272631883621216
0,102380894,14308,8, containing,6.989297866821289,1.0,0.0002912282943725586,0.6204134821891785
0,102581325,14322,3, The,6.5422210693359375,1.0,0.0004348158836364746,0.5360997915267944
0,102882339,14343,3, The,3.1029911041259766,1.0,0.0001614689826965332,0.7390249967575073
0,103644002,14396,9, Wilmington,2.6461055278778076,1.0,0.00015413761138916016,0.7474126219749451
0,104524110,14457,3, The,6.2213897705078125,1.0,0.0003960132598876953,0.5530876517295837
0,105669452,14536,3, The,4.696286201477051,1.0,0.0002778172492980957,0.6294920444488525
0,105698529,14538,1,Fact,1.6843469142913818,1.0,0.0001500248908996582,0.750143826007843
0,106091460,14565,1,Fact,1.706881046295166,1.0,0.0001666545867919922,0.7310012578964233
0,107201402,14641,7, state,5.810667991638184,1.0,0.0003109574317932129,0.6065893173217773
0,107934777,14691,3, The,7.983318328857422,1.0,0.0003185868263244629,0.6012537479400635
0,108434900,14725,1,Fact,2.3490846157073975,1.0,0.00021946430206298828,0.6774990558624268
0,108685395,14742,7, state,6.041275501251221,1.0,0.0003140568733215332,0.603464663028717
0,109394235,14790,7, state,5.01639461517334,1.0,0.00025284290313720703,0.6493414640426636
0,109527399,14799,4, capital,1.8825273513793945,1.0,0.00021380186080932617,0.6828944087028503
0,110402369,14858,8, containing,2.342801570892334,1.0,0.00012350082397460938,0.7851115465164185
0,110625374,14873,4, capital,1.4718434810638428,1.0,0.00014925003051757812,0.7508917450904846
0,110937959,14894,4, capital,1.7542195320129395,1.0,0.00014585256576538086,0.7564966082572937
0,110967752,14896,5, of,2.6221399307250977,1.0,0.0001608133316040039,0.7401527762413025
0,111968129,14963,4, capital,2.9307570457458496,1.0,0.00017184019088745117,0.7264218926429749
0,111983094,14964,6, the,9.099349021911621,1.0,0.00022214651107788086,0.6750704646110535
0,113093279,15038,4, capital,2.8903446197509766,1.0,0.00015723705291748047,0.7449207901954651
0,113093279,15038,9, Wilmington,2.7893009185791016,1.0,0.00013905763626098633,0.7638906836509705
0,113921964,15093,3, The,5.976428031921387,1.0,0.00035697221755981445,0.5742103457450867
0,114027650,15100,4, capital,2.18155574798584,1.0,0.00016999244689941406,0.7288123965263367
0,114254285,15115,9, Wilmington,2.796922206878662,1.0,0.000148773193359375,0.7519344687461853
0,114738525,15147,4, capital,4.271289825439453,1.0,0.0003312230110168457,0.5927903056144714
0,114738525,15147,7, state,4.102435111999512,1.0,0.00021183490753173828,0.6848079562187195
0,117726839,15343,4, capital,3.192223072052002,1.0,0.00020396709442138672,0.6922831535339355
0,117803574,15348,8, containing,2.30747652053833,1.0,0.00011974573135375977,0.7915595769882202
0,118233752,15376,2,:,1.8869719505310059,1.0,0.00015491247177124023,0.7471036314964294
0,118834235,15415,4, capital,1.2895026206970215,1.0,0.00012421607971191406,0.7838736176490784
0,119451695,15455,1,Fact,1.8563170433044434,1.0,0.0001652240753173828,0.7326596975326538
0,120117249,15498,9, Wilmington,3.0722787380218506,1.0,0.00016391277313232422,0.7346320152282715
0,120210264,15504,9, Wilmington,3.239750862121582,1.0,0.00016099214553833008,0.7398309111595154
0,121251377,15571,4, capital,2.0278234481811523,1.0,0.00011563301086425781,0.7979221343994141
0,122500377,15651,9, Wilmington,2.8846774101257324,1.0,0.00014907121658325195,0.7513390183448792
0,123802979,15734,4, capital,9.982763290405273,1.0,0.0010422170162200928,0.3953362703323364
0,123991877,15746,8, containing,4.171261310577393,1.0,0.00023120641708374023,0.6655483841896057
0,124338564,15768,9, Wilmington,2.2365920543670654,1.0,0.00012087821960449219,0.790116548538208
0,126269885,15890,3, The,7.921454906463623,1.0,0.0005537271499633789,0.4919116199016571
0,126667485,15915,1,Fact,1.8771436214447021,1.0,0.00014984607696533203,0.7504437565803528
0,127097595,15942,3, The,7.934026718139648,1.0,0.000455319881439209,0.5263327956199646
0,127129484,15944,10, is,2.3813657760620117,1.0,0.000141143798828125,0.7608089447021484
0,127864035,15990,7, state,3.0056819915771484,1.0,0.00018018484115600586,0.7162311673164368
0,130080384,16128,7, state,3.760746955871582,1.0,0.0002022385597229004,0.6937034726142883
0,130758705,16170,1,Fact,3.796727180480957,1.0,0.0002720355987548828,0.6338868737220764
0,131033765,16187,1,Fact,2.904383659362793,1.0,0.0002720355987548828,0.6333428025245667
0,131244300,16200,2,:,27.617027282714844,1.0,0.0023881196975708008,0.32303208112716675
0,132332045,16267,3, The,3.5732474327087402,1.0,0.00025200843811035156,0.6500977277755737
0,133228325,16322,4, capital,1.827538013458252,1.0,0.0001347064971923828,0.768955647945404
0,133375277,16331,8, containing,2.289301872253418,1.0,0.00013184547424316406,0.7733592391014099
0,133407944,16333,8, containing,4.257960319519043,1.0,0.00025773048400878906,0.6452557444572449
0,133522310,16340,7, state,3.3194189071655273,1.0,0.00017762184143066406,0.7192661762237549
0,133931160,16365,9, Wilmington,1.8080177307128906,1.0,0.00011515617370605469,0.798613965511322
1,-1,1,1,Fact,,1.0,0.0010638236999511719,0.39113056659698486
1,-1,1,2,:,,1.0,0.0005206465721130371,0.5015552639961243
1,-1,1,3, The,,1.0,0.00028771162033081055,0.6227219700813293
1,-1,1,4, capital,,1.0,0.0010677576065063477,0.3900667428970337
1,-1,1,5, of,,1.0,0.00044232606887817383,0.5330348014831543
1,-1,1,6, the,,1.0,0.00017714500427246094,0.71979820728302
1,-1,1,7, state,,1.0,0.0004913806915283203,0.5126606822013855
1,-1,1,8, containing,,1.0,0.0008881688117980957,0.4187854826450348
1,-1,1,9, Wilmington,,1.0,0.00135001540184021,0.3648711144924164
1,-1,1,10, is,,1.0,0.00039076805114746094,0.5574156641960144
1,463,28,7, state,2.4783201217651367,1.0,0.00012511014938354492,0.7830002903938293
1,17576,185,9, Wilmington,4.127665996551514,1.0,0.00018972158432006836,0.7070140838623047
1,40184,281,1,Fact,1.6816091537475586,1.0,0.00011485815048217773,0.7993047833442688
1,54613,328,8, containing,10.221229553222656,1.0,0.0005140304565429688,0.5036225318908691
1,265354,726,4, capital,2.800783634185791,1.0,0.00014030933380126953,0.7620744705200195
1,464164,961,2,:,4.840928077697754,1.0,0.0002754330635070801,0.6311530470848083
1,502501,1000,4, capital,24.303709030151367,1.0,0.0012704730033874512,0.37264999747276306
1,533026,1030,1,Fact,2.121124744415283,1.0,0.00015777349472045898,0.7442910671234131
1,785629,1251,3, The,4.374817848205566,1.0,0.00016385316848754883,0.734795868396759
1,875824,1321,10, is,9.829693794250488,1.0,0.0004876255989074707,0.513148307800293
1,1000403,1412,2,:,2.3093514442443848,1.0,0.0001385211944580078,0.764862060546875
1,1298464,1609,1,Fact,3.0479350090026855,1.0,0.00019723176956176758,0.6992773413658142
1,1507714,1734,2,:,7.566125869750977,1.0,0.0004183650016784668,0.5424922704696655
1,1736314,1861,1,Fact,2.3663253784179688,1.0,0.0001285076141357422,0.7781842350959778
1,1736314,1861,4, capital,2.4245405197143555,1.0,0.0001310110092163086,0.7749361991882324
1,2164238,2078,6, the,4.999550819396973,1.0,0.0001195073127746582,0.7922770977020264
1,2890808,2402,1,Fact,4.452589988708496,1.0,0.000264585018157959,0.640040397644043
1,3178979,2519,9, Wilmington,2.701709270477295,1.0,0.0001628398895263672,0.7369183897972107
1,4426798,2973,4, capital,3.635532855987549,1.0,0.00025212764739990234,0.6498457193374634
1,4567751,3020,1,Fact,2.505411148071289,1.0,0.00016754865646362305,0.7305009365081787
1,4631444,3041,3, The,2.8824357986450195,1.0,0.00012350082397460938,0.7852350473403931
1,4750901,3080,1,Fact,10.838167190551758,1.0,0.0006760954856872559,0.4627147912979126
1,4921951,3135,1,Fact,3.8256540298461914,1.0,0.00020039081573486328,0.6949090957641602
1,4921951,3135,4, capital,6.158315658569336,1.0,0.00029158592224121094,0.6198307275772095
1,4921951,3135,7, state,3.8756155967712402,1.0,0.00013118982315063477,0.7746739983558655
1,4975433,3152,8, containing,5.022448539733887,1.0,0.0002276897430419922,0.669674277305603
1,4978588,3153,1,Fact,3.251070022583008,1.0,0.0002066493034362793,0.6900294423103333
1,5802119,3404,8, containing,6.012022972106934,1.0,0.0003045201301574707,0.6112034320831299
1,6503419,3604,8, containing,6.044355392456055,1.0,0.0002537965774536133,0.6490886211395264
1,6521464,3609,1,Fact,1.8011231422424316,1.0,0.00011640787124633789,0.7969949245452881
1,7482644,3866,5, of,2.9143919944763184,1.0,0.00012505054473876953,0.7831253409385681
1,7978013,3992,10, is,3.00761079788208,1.0,0.00012385845184326172,0.7842455506324768
1,8826299,4199,1,Fact,2.9639742374420166,1.0,0.00019657611846923828,0.7000640630722046
1,9669001,4395,9, Wilmington,3.0090835094451904,1.0,0.00016254186630249023,0.7372435927391052
1,11374063,4767,9, Wilmington,2.392317771911621,1.0,0.00016105175018310547,0.7399919629096985
1,11875499,4871,7, state,2.94225811958313,1.0,0.0001175999641418457,0.7952419519424438
1,11875499,4871,9, Wilmington,4.039767265319824,1.0,0.00022542476654052734,0.6719409227371216
1,11992751,4895,7, state,4.014509677886963,1.0,0.00016874074935913086,0.7298283576965332
1,12110579,4919,8, containing,3.6748006343841553,1.0,0.00023174285888671875,0.664854109287262
1,13202089,5136,8, containing,2.6214652061462402,1.0,0.0001316070556640625,0.7740175724029541
1,13202089,5136,10, is,4.346858978271484,1.0,0.00021964311599731445,0.6770600080490112
1,13836428,5258,8, containing,2.015392780303955,1.0,0.00011944770812988281,0.7923965454101562
1,14132584,5314,10, is,2.1528170108795166,1.0,0.00013405084609985352,0.7708348035812378
1,14281838,5342,1,Fact,7.19988489151001,1.0,0.00036716461181640625,0.5695009231567383
1,14426504,5369,4, capital,2.1173787117004395,1.0,0.00013405084609985352,0.7704326510429382
1,14426504,5369,7, state,4.051417827606201,1.0,0.00018519163131713867,0.7103882431983948
1,14426504,5369,10, is,2.538400650024414,1.0,0.0001575946807861328,0.7444486618041992
1,15947126,5645,8, containing,9.095949172973633,1.0,0.00036275386810302734,0.5720558166503906
1,16933288,5817,8, containing,3.7073283195495605,1.0,0.00018292665481567383,0.7129660248756409
1,17301901,5880,7, state,3.2119836807250977,1.0,0.00011771917343139648,0.795124351978302
1,17567626,5925,10, is,3.896515369415283,1.0,0.000164031982421875,0.7343040704727173
1,17901134,5981,4, capital,5.6821818351745605,1.0,0.00035113096237182617,0.5798649191856384
1,18207593,6032,4, capital,3.2381601333618164,1.0,0.00013887882232666016,0.7641685009002686
1,19860751,6300,7, state,17.29588508605957,1.0,0.0008035004138946533,0.4288012385368347
1,20662804,6426,4, capital,2.5937466621398926,1.0,0.00013816356658935547,0.7651385068893433
1,21552893,6563,1,Fact,4.916584491729736,1.0,0.0003135204315185547,0.6040917634963989
1,21710753,6587,9, Wilmington,3.2832717895507812,1.0,0.00013780593872070312,0.7658284306526184
1,23608754,6869,1,Fact,2.0289175510406494,1.0,0.00013685226440429688,0.7665147185325623
1,25457678,7133,4, capital,4.139374732971191,1.0,0.00024431943893432617,0.655320405960083
1,27420713,7403,10, is,4.034611225128174,1.0,0.0001766681671142578,0.7203283309936523
1,28053793,7488,8, containing,2.8183653354644775,1.0,0.00017571449279785156,0.7213851809501648
1,28868599,7596,2,:,2.167243480682373,1.0,0.0001494288444519043,0.7505931854248047
1,29911243,7732,1,Fact,3.770083427429199,1.0,0.00018024444580078125,0.7158707976341248
1,29911243,7732,9, Wilmington,4.053677558898926,1.0,0.0001322627067565918,0.7729631066322327
1,32236433,8027,8, containing,7.468101501464844,1.0,0.0003077983856201172,0.6090639233589172
1,32971258,8118,2,:,2.2112669944763184,1.0,0.0001443624496459961,0.7582359910011292
1,33812974,8221,8, containing,13.096689224243164,1.0,0.0005778670310974121,0.487414687871933
1,35275798,8397,1,Fact,6.387016296386719,1.0,0.00020265579223632812,0.6932989358901978
1,40073626,8950,8, containing,2.128282070159912,1.0,0.00014841556549072266,0.7522316575050354
1,41994028,9162,1,Fact,7.157174110412598,1.0,0.00042808055877685547,0.5386936664581299
1,43445179,9319,1,Fact,2.859816551208496,1.0,0.00018417835235595703,0.7118663191795349
1,45510568,9538,8, containing,7.365327835083008,1.0,0.0003560185432434082,0.574922502040863
1,47536123,9748,9, Wilmington,3.314988613128662,1.0,0.0001443624496459961,0.7583803534507751
1,49805188,9978,4, capital,2.4687745571136475,1.0,0.00014442205429077148,0.7580916285514832
1,50939369,10091,1,Fact,2.6131668090820312,1.0,0.00013327598571777344,0.771770179271698
1,54522901,10440,4, capital,2.0986692905426025,1.0,0.00013214349746704102,0.7730952501296997
1,56663333,10643,3, The,4.123605728149414,1.0,0.00018978118896484375,0.7068243622779846
1,57453838,10717,4, capital,8.852967262268066,1.0,0.0005842447280883789,0.4856782555580139
1,57786623,10748,10, is,3.9437265396118164,1.0,0.0002186298370361328,0.677936315536499
1,58034149,10771,4, capital,2.2930753231048584,1.0,0.00015097856521606445,0.749541699886322
1,58660694,10829,4, capital,5.893059730529785,1.0,0.0003516077995300293,0.57916259765625
1,64133473,11323,4, capital,1.8530194759368896,1.0,0.00011616945266723633,0.7972273826599121
1,65912419,11479,1,Fact,4.225752830505371,1.0,0.00026470422744750977,0.6395111680030823
1,72066013,12003,7, state,3.0097482204437256,1.0,0.00016379356384277344,0.7349596619606018
1,73501748,12122,2,:,4.396687984466553,1.0,0.00021761655807495117,0.67880779504776
1,73829474,12149,5, of,8.468263626098633,1.0,0.00031447410583496094,0.6025218963623047
1,73938878,12158,4, capital,5.893033981323242,1.0,0.00041544437408447266,0.5441601276397705
1,74976133,12243,1,Fact,3.9975013732910156,1.0,0.00026357173919677734,0.6405682563781738
1,75012874,12246,7, state,7.4878950119018555,1.0,0.00041371583938598633,0.5454041957855225
1,75503614,12286,10, is,2.8954098224639893,1.0,0.0001640915870666504,0.7341400384902954
1,81364144,12754,8, containing,3.482771396636963,1.0,0.00015789270401000977,0.7439753413200378
1,84506498,12998,1,Fact,2.652115821838379,1.0,0.00014835596084594727,0.7523800134658813
1,84649564,13009,8, containing,7.548224449157715,1.0,0.0003666877746582031,0.5702346563339233
1,85014278,13037,4, capital,7.658194541931152,1.0,0.0004734992980957031,0.5189030766487122
1,85053401,13040,5, of,3.25634765625,1.0,0.00018703937530517578,0.7090864777565002
1,89465374,13374,8, containing,4.059154987335205,1.0,0.0001557469367980957,0.7463270425796509
1,89639353,13387,4, capital,2.19309663772583,1.0,0.0001462697982788086,0.755473792552948
1,91185758,13502,8, containing,6.218593597412109,1.0,0.00029277801513671875,0.6189550757408142
1,92092804,13569,1,Fact,2.4596214294433594,1.0,0.00015527009963989258,0.7469487190246582
1,94043753,13712,4, capital,2.0600738525390625,1.0,0.00015974044799804688,0.7415961623191833
1,94744493,13763,4, capital,3.730613946914673,1.0,0.00022292137145996094,0.6737352013587952
1,97182709,13939,4, capital,3.48085618019104,1.0,0.0002116560935974121,0.6850196123123169
1,99962728,14137,1,Fact,8.222915649414062,1.0,0.00020879507064819336,0.6873292922973633
1,99962728,14137,9, Wilmington,5.79447078704834,1.0,0.00013118982315063477,0.774411678314209
1,101068651,14215,5, of,2.426459312438965,1.0,0.0001405477523803711,0.7617937326431274
1,101809313,14267,3, The,9.675806045532227,1.0,0.00035512447357177734,0.5759888887405396
1,104466283,14452,10, is,5.328789234161377,1.0,0.0002720355987548828,0.6336148381233215
1,104538568,14457,4, capital,1.9177849292755127,1.0,0.00012481212615966797,0.783500075340271
1,104784524,14474,8, containing,4.344073295593262,1.0,0.0002315044403076172,0.6650856137275696
1,108862388,14753,4, capital,3.405578136444092,1.0,0.00023674964904785156,0.6611075401306152
1,115406026,15190,4, capital,2.679813861846924,1.0,0.00018805265426635742,0.7087119817733765
1,116060228,15233,2,:,1.559499740600586,1.0,0.00011664628982543945,0.796295702457428
1,120738028,15537,8, containing,4.759160995483398,1.0,0.00022995471954345703,0.6669318079948425
1,122046874,15621,8, containing,2.4016497135162354,1.0,0.00011515617370605469,0.7991899251937866
1,122562994,15654,2,:,6.345754623413086,1.0,0.00037217140197753906,0.566540002822876
1,124086379,15751,6, the,8.796967506408691,1.0,0.00014251470565795898,0.759817898273468
1,125112469,15816,9, Wilmington,2.3152477741241455,1.0,0.00012290477752685547,0.7859743237495422
1,127145429,15944,4, capital,14.544127464294434,1.0,0.0010081231594085693,0.4014565646648407
1,127544404,15969,9, Wilmington,2.386416435241699,1.0,0.00016063451766967773,0.7406348586082458
1,127704169,15979,1,Fact,5.523865222930908,1.0,0.00035762786865234375,0.5734958648681641
1,130161043,16132,7, state,3.8635668754577637,1.0,0.00019174814224243164,0.7051072120666504
1,130354729,16144,1,Fact,1.863450288772583,1.0,0.00012248754501342773,0.7869554758071899
2,-1,2,1,Fact,,1.0,0.0012775063514709473,0.3713795244693756
2,-1,2,2,:,,1.0,0.0008237957954406738,0.425545871257782
2,-1,2,3, The,,1.0,0.00023156404495239258,0.665317177772522
2,-1,2,4, capital,,1.0,0.0009952783584594727,0.4044587314128876
2,-1,2,5, of,,1.0,0.0005894005298614502,0.4839227497577667
2,-1,2,6, the,,1.0,0.00011843442916870117,0.7940617203712463
2,-1,2,7, state,,1.0,0.00047451257705688477,0.5184295773506165
2,-1,2,8, containing,,1.0,0.0007520020008087158,0.4443136155605316
2,-1,2,9, Wilmington,,1.0,0.0006942451000213623,0.45654404163360596
2,-1,2,10, is,,1.0,0.0003955364227294922,0.5538791418075562
2,4848,95,9, Wilmington,3.4926090240478516,1.0,0.00017452239990234375,0.7227863669395447
2,14362,166,4, capital,4.609593391418457,1.0,0.0002778172492980957,0.6297698616981506
2,61422,347,9, Wilmington,5.083619117736816,1.0,0.0002880096435546875,0.6224342584609985
2,92232,426,4, capital,5.388667106628418,1.0,0.00024074316024780273,0.658963680267334
2,409962,902,1,Fact,3.4320573806762695,1.0,0.0002186298370361328,0.6777176856994629
2,630000,1119,1,Fact,9.700166702270508,1.0,0.0004999637603759766,0.5086891651153564
2,1539132,1751,3, The,5.529090404510498,1.0,0.00014650821685791016,0.7553275227546692
2,2110482,2051,2,:,4.774892807006836,1.0,0.00013184547424316406,0.7734910845756531
2,2110482,2051,4, capital,6.008914947509766,1.0,0.00011485815048217773,0.7996494174003601
2,2110482,2051,7, state,6.759833335876465,1.0,0.00011914968490600586,0.7929925918579102
2,2110482,2051,9, Wilmington,5.522268295288086,1.0,0.00013005733489990234,0.7767627239227295
2,2630068,2290,5, of,3.622793197631836,1.0,0.00019091367721557617,0.7060641050338745
2,3681538,2710,1,Fact,2.2303876876831055,1.0,0.00014483928680419922,0.7578025460243225
2,4352722,2947,9, Wilmington,2.878145694732666,1.0,0.00013816356658935547,0.7654147744178772
2,4465563,2985,9, Wilmington,3.620757818222046,1.0,0.0002789497375488281,0.6283801198005676
2,5221293,3228,7, state,13.539462089538574,1.0,0.000469207763671875,0.5212588310241699
2,5361172,3271,1,Fact,2.976267099380493,1.0,0.00012218952178955078,0.7875663042068481
2,6063900,3479,10, is,4.704225063323975,1.0,0.0003299117088317871,0.5944427847862244
2,6105762,3491,8, containing,14.54322624206543,1.0,0.000667273998260498,0.46540164947509766
2,6449433,3588,7, state,5.705994129180908,1.0,0.00020444393157958984,0.6916705369949341
2,6703288,3658,4, capital,2.0735483169555664,1.0,0.00012743473052978516,0.779589831829071
2,8223537,4052,7, state,6.671359539031982,1.0,0.000348508358001709,0.5809139013290405
2,9303138,4310,4, capital,10.096338272094727,1.0,0.0006306469440460205,0.4705497920513153
2,9796948,4423,7, state,10.03395938873291,1.0,0.000467836856842041,0.5221959352493286
2,13186677,5132,1,Fact,16.206024169921875,1.0,0.0009638965129852295,0.4141814112663269
2,14207112,5327,4, capital,2.778311252593994,1.0,0.00016313791275024414,0.7361031770706177
2,17573553,5925,8, containing,5.007365703582764,1.0,0.00025391578674316406,0.6485809683799744
2,18871293,6140,7, state,2.40736722946167,1.0,0.00011628866195678711,0.7971112132072449
2,19037532,6167,4, capital,4.133391857147217,1.0,0.00024449825286865234,0.6548317074775696
2,19703500,6274,10, is,4.157832622528076,1.0,0.00017017126083374023,0.7284722924232483
2,19816657,6292,5, of,5.942764759063721,1.0,0.0002244710922241211,0.6728407144546509
2,23014717,6781,4, capital,2.445272445678711,1.0,0.00017011165618896484,0.7286424040794373
2,25059657,7076,7, state,4.4251275062561035,1.0,0.0001932978630065918,0.703375518321991
2,25493367,7137,4, capital,2.6052703857421875,1.0,0.0001716017723083496,0.7267650961875916
2,25751073,7173,4, capital,24.8383731842041,1.0,0.001635730266571045,0.35153159499168396
2,27457752,7407,4, capital,5.8912458419799805,1.0,0.0005262196063995361,0.49894168972969055
2,30619222,7822,10, is,5.479787349700928,1.0,0.00019222497940063477,0.704723596572876
2,32332858,8038,4, capital,2.341824531555176,1.0,0.00012022256851196289,0.7908398509025574
2,34823682,8342,1,Fact,3.4557347297668457,1.0,0.00014793872833251953,0.7526761293411255
2,35242207,8392,7, state,3.1455421447753906,1.0,0.00011581182479858398,0.7975751757621765
2,36222813,8508,6, the,8.2515869140625,1.0,0.00013637542724609375,0.7670608758926392
2,36265383,8513,1,Fact,3.9629406929016113,1.0,0.00017267465591430664,0.7255610823631287
2,38171950,8734,4, capital,9.63050365447998,1.0,0.0007378458976745605,0.44655248522758484
2,38891787,8816,3, The,4.192305564880371,1.0,0.00012385845184326172,0.7844933271408081
2,39254227,8857,8, containing,4.030636787414551,1.0,0.00014346837997436523,0.7593884468078613
2,40136317,8956,4, capital,1.8310112953186035,1.0,0.00012618303298950195,0.7816184163093567
2,40892443,9040,2,:,2.1161060333251953,1.0,0.00012791156768798828,0.778696596622467
2,44750527,9457,9, Wilmington,9.020761489868164,1.0,0.000705033540725708,0.4530460238456726
2,45358047,9521,2,:,3.157261848449707,1.0,0.00018519163131713867,0.7107586860656738
2,53029548,10295,5, of,7.588536262512207,1.0,0.00033932924270629883,0.5864189863204956
2,54533343,10440,4, capital,5.575414657592773,1.0,0.00035184621810913086,0.57881098985672
2,54533343,10440,7, state,4.278624534606934,1.0,0.00016421079635620117,0.7339759469032288
2,54648282,10451,9, Wilmington,2.9561665058135986,1.0,0.00015860795974731445,0.7428690195083618
2,55698732,10551,4, capital,3.0188698768615723,1.0,0.0001366138458251953,0.7667880058288574
2,60099163,10960,7, state,12.854108810424805,1.0,0.0006410479545593262,0.46864891052246094
2,60417525,10989,8, containing,6.298433303833008,1.0,0.0002961158752441406,0.6165998578071594
2,61421983,11080,8, containing,8.679146766662598,1.0,0.00019741058349609375,0.6990801095962524
2,61421983,11080,10, is,4.786442756652832,1.0,0.0002461075782775879,0.6543412804603577
2,64167453,11325,1,Fact,6.95767879486084,1.0,0.0004056692123413086,0.5494972467422485
2,66487743,11528,8, containing,18.89789581298828,1.0,0.0009171366691589355,0.41700640320777893
2,68943150,11739,2,:,2.734889507293701,1.0,0.00018471479415893555,0.7113135457038879
2,70110558,11838,4, capital,8.310941696166992,1.0,0.0007566511631011963,0.4413001835346222
2,70110558,11838,5, of,2.6328511238098145,1.0,0.0001723170280456543,0.7259058356285095
2,74145750,12174,2,:,2.2729692459106445,1.0,0.00012636184692382812,0.7811135649681091
2,76960618,12403,10, is,2.729445457458496,1.0,0.00013506412506103516,0.7684161067008972
2,79600650,12614,8, containing,6.8528852462768555,1.0,0.000352323055267334,0.5774027109146118
2,81977607,12801,4, capital,8.12318229675293,1.0,0.0005158782005310059,0.5031085014343262
2,82992283,12880,8, containing,18.098880767822266,1.0,0.0007538497447967529,0.44280844926834106
2,84662575,13009,8, containing,7.812815189361572,1.0,0.00038564205169677734,0.559359073638916
2,86533587,13152,8, containing,3.505403995513916,1.0,0.00018209218978881836,0.713878333568573
2,87298288,13210,8, containing,3.4048290252685547,1.0,0.00014209747314453125,0.7599599957466125
2,91672567,13537,2,:,2.2302098274230957,1.0,0.00012010335922241211,0.7909599542617798
2,93906657,13701,2,:,2.5482711791992188,1.0,0.0001615285873413086,0.7388635277748108
2,96890157,13917,10, is,3.236273765563965,1.0,0.00017124414443969727,0.7271080017089844
2,103975407,14417,4, capital,2.4343221187591553,1.0,0.00012189149856567383,0.7880542278289795
2,105117747,14496,2,:,5.361523628234863,1.0,0.000296175479888916,0.6168960332870483
2,106266328,14575,1,Fact,4.428650856018066,1.0,0.0002588033676147461,0.6439647078514099
2,109542198,14798,10, is,3.6990084648132324,1.0,0.00018149614334106445,0.7146050930023193
2,111878358,14955,5, of,2.9894323348999023,1.0,0.00013262033462524414,0.7723013758659363
2,112102848,14970,10, is,8.910490036010742,1.0,0.00030988454818725586,0.607520580291748
2,113499708,15063,7, state,12.077674865722656,1.0,0.0007760226726531982,0.4382425844669342
2,115573203,15200,10, is,3.1312170028686523,1.0,0.00016194581985473633,0.7380543947219849
2,118326033,15380,4, capital,6.7038350105285645,1.0,0.0003750324249267578,0.5657939314842224
2,118942173,15420,10, is,9.605274200439453,1.0,0.0003434419631958008,0.5847148299217224
2,119328073,15445,8, containing,10.550101280212402,1.0,0.00042051076889038086,0.5412350296974182
2,120536098,15523,7, state,3.4772491455078125,1.0,0.0002358555793762207,0.6618159413337708
2,121859463,15608,1,Fact,4.242397308349609,1.0,0.00019824504852294922,0.6971027851104736
2,122954718,15678,9, Wilmington,2.650651216506958,1.0,0.0001341104507446289,0.7700303196907043
2,125983998,15870,1,Fact,3.448749542236328,1.0,0.00021159648895263672,0.6852312088012695
2,129468183,16088,9, Wilmington,4.4384965896606445,1.0,0.00028377771377563477,0.6258571743965149
2,132364582,16267,3, The,10.495025634765625,1.0,0.0002779364585876465,0.6289362907409668
2,134242302,16382,4, capital,4.775577068328857,1.0,0.0003559589385986328,0.5752784609794617
3,-1,3,1,Fact,,1.0,0.00045865774154663086,0.5240491628646851
3,-1,3,2,:,,1.0,0.0012868046760559082,0.37010201811790466
3,-1,3,3, The,,1.0,0.00033164024353027344,0.5921275019645691
3,-1,3,4, capital,,1.0,0.0003711581230163574,0.5676547288894653
3,-1,3,5, of,,1.0,0.0007878541946411133,0.4343441426753998
3,-1,3,6, the,,1.0,0.0003997683525085449,0.5507046580314636
3,-1,3,7, state,,1.0,0.00030475854873657227,0.6108989119529724
3,-1,3,8, containing,,1.0,0.0008581280708312988,0.42138612270355225
3,-1,3,9, Wilmington,,1.0,0.0008909106254577637,0.4178973138332367
3,-1,3,10, is,,1.0,0.0005484521389007568,0.4952174127101898
3,10436,140,9, Wilmington,2.093824863433838,1.0,0.00012683868408203125,0.780734121799469
3,64616,355,8, containing,4.638035297393799,1.0,0.00021642446517944336,0.6794589757919312
3,64616,355,10, is,3.476505756378174,1.0,0.0002142190933227539,0.6820387840270996
3,71249,373,1,Fact,11.007408142089844,1.0,0.0004063844680786133,0.5490915775299072
3,94391,430,2,:,5.730823516845703,1.0,0.000356137752532959,0.5745664834976196
3,280122,744,2,:,8.69931411743164,1.0,0.0004188418388366699,0.5420739054679871
3,446036,940,5, of,8.225996017456055,1.0,0.0003222227096557617,0.5993355512619019
3,703887,1182,10, is,5.759798049926758,1.0,0.0002868175506591797,0.6230087876319885
3,878471,1321,2,:,5.088181495666504,1.0,0.00033420324325561523,0.5911309123039246
3,1326002,1624,10, is,2.4370152950286865,1.0,0.00012058019638061523,0.7905991673469543
3,1594001,1781,2,:,6.312417984008789,1.0,0.0004355907440185547,0.535664975643158
3,1873076,1931,10, is,6.259357929229736,1.0,0.0003050565719604492,0.6105941534042358
3,3873932,2779,10, is,4.180919170379639,1.0,0.0001665353775024414,0.7311677932739258
3,4056972,2844,2,:,2.513361930847168,1.0,0.00012803077697753906,0.7784405946731567
3,5150441,3205,1,Fact,14.135562896728516,1.0,0.00016546249389648438,0.732163667678833
3,5150441,3205,4, capital,18.16114044189453,1.0,0.00018513202667236328,0.7109438180923462
3,5150441,3205,5, of,8.772899627685547,1.0,0.0001157522201538086,0.7976909279823303
3,5150441,3205,7, state,14.337152481079102,1.0,0.00016808509826660156,0.7303333878517151
3,5150441,3205,9, Wilmington,23.16135597229004,1.0,0.0004431605339050293,0.5321499705314636
3,5812341,3405,10, is,3.660654067993164,1.0,0.0001373887062072754,0.7661033272743225
3,6098774,3488,5, of,2.918832778930664,1.0,0.00011831521987915039,0.794298529624939
3,7172574,3783,10, is,1.9750757217407227,1.0,0.00011479854583740234,0.7999938726425171
3,7661651,3910,2,:,3.807572364807129,1.0,0.00015366077423095703,0.7477200627326965
3,8227592,4052,7, state,9.615549087524414,1.0,0.00038373470306396484,0.5601276159286499
3,8522252,4124,5, of,4.6148295402526855,1.0,0.00017440319061279297,0.7231352925300598
3,9472124,4348,2,:,3.4199471473693848,1.0,0.00015628337860107422,0.7457035779953003
3,10285376,4531,5, of,4.120787143707275,1.0,0.00016045570373535156,0.7411163449287415
3,11992749,4893,2,:,2.950277805328369,1.0,0.0001799464225769043,0.7164111137390137
3,12577616,5011,8, containing,13.138896942138672,1.0,0.0006112456321716309,0.4773431420326233
3,13460262,5184,5, of,2.759223461151123,1.0,0.00013262033462524414,0.772168755531311
3,13460262,5184,8, containing,5.009676456451416,1.0,0.0002894401550292969,0.6207029223442078
3,14388926,5360,2,:,3.085233688354492,1.0,0.00015181303024291992,0.7486346364021301
3,17384352,5892,9, Wilmington,3.6413657665252686,1.0,0.0002276301383972168,0.6699019074440002
3,18014999,5998,2,:,3.82405424118042,1.0,0.00017505884170532227,0.7222619652748108
3,19590666,6255,2,:,4.54163932800293,1.0,0.0002066493034362793,0.689822793006897
3,20978999,6473,2,:,8.122583389282227,1.0,0.0003291964530944824,0.5960900187492371
3,23396216,6836,2,:,3.4351115226745605,1.0,0.00018233060836791992,0.7136962413787842
3,25493366,7136,2,:,3.203718662261963,1.0,0.00018614530563354492,0.709645688533783
3,25794149,7178,10, is,3.5232553482055664,1.0,0.0001398324966430664,0.7629149556159973
3,28331624,7523,8, containing,2.865683078765869,1.0,0.00013381242752075195,0.7711025476455688
3,28497471,7545,8, containing,3.293421745300293,1.0,0.0001328587532043457,0.7720361351966858
3,29173337,7634,5, of,9.638633728027344,1.0,0.0003521442413330078,0.5777548551559448
3,30283649,7778,3, The,4.127526760101318,1.0,0.0001227855682373047,0.7860971093177795
3,30494141,7805,5, of,5.292129039764404,1.0,0.0002485513687133789,0.6528567671775818
3,30627047,7822,10, is,3.5498173236846924,1.0,0.00014126300811767578,0.7606678009033203
3,30862292,7852,5, of,3.366062641143799,1.0,0.00014019012451171875,0.7624951601028442
3,33093176,8131,8, containing,2.450916290283203,1.0,0.00014609098434448242,0.7560586929321289
3,33093176,8131,10, is,3.11971378326416,1.0,0.0002130270004272461,0.6835339069366455
3,37329116,8636,7, state,8.774477005004883,1.0,0.00042557716369628906,0.5395470261573792
3,39618347,8897,2,:,2.1752233505249023,1.0,0.00011485815048217773,0.7995345592498779
3,39993092,8939,2,:,4.208101272583008,1.0,0.00015813112258911133,0.7433435916900635
3,41856671,9145,2,:,3.383063316345215,1.0,0.00012618303298950195,0.7814922332763672
3,45730262,9559,5, of,21.053272247314453,1.0,0.0009641647338867188,0.4132175147533417
3,45730262,9559,6, the,12.814995765686035,1.0,0.00025153160095214844,0.6511043310165405
3,45979251,9585,8, containing,3.143632411956787,1.0,0.00013965368270874023,0.7631943821907043
3,52035297,10197,3, The,7.26987361907959,1.0,0.00016361474990844727,0.7351232767105103
3,53669976,10356,5, of,12.603188514709473,1.0,0.000578761100769043,0.48683682084083557
3,54868046,10471,2,:,3.9133472442626953,1.0,0.000194549560546875,0.7020178437232971
3,54920436,10476,2,:,2.73793363571167,1.0,0.0001595020294189453,0.7417556643486023
3,57840386,10751,10, is,3.535634994506836,1.0,0.0001201629638671875,0.791080117225647
3,58282202,10792,7, state,6.2727952003479,1.0,0.0002091526985168457,0.6869114637374878
3,58682357,10829,10, is,2.9734609127044678,1.0,0.00022292137145996094,0.6739581227302551
3,60736727,11017,8, containing,5.430872440338135,1.0,0.00026154518127441406,0.6424045562744141
3,61832756,11116,10, is,4.5610857009887695,1.0,0.0002275705337524414,0.6701294779777527
3,63174416,11236,8, containing,6.0723981857299805,1.0,0.00032258033752441406,0.5990133285522461
3,63174416,11236,10, is,2.268310546875,1.0,0.00011932849884033203,0.7925158739089966
3,63816749,11293,2,:,4.849055290222168,1.0,0.00024211406707763672,0.6587229371070862
3,65637149,11453,8, containing,4.110071182250977,1.0,0.00017213821411132812,0.7260779738426208
3,68638182,11712,5, of,4.050771713256836,1.0,0.0001684427261352539,0.7301653027534485
3,68896187,11734,8, containing,4.233063220977783,1.0,0.00019532442092895508,0.7010436654090881
3,68896187,11734,10, is,7.38571834564209,1.0,0.0004151463508605957,0.5449904799461365
3,71886041,11986,10, is,2.4374303817749023,1.0,0.00011879205703735352,0.7935869693756104
3,73041737,12082,8, containing,2.3466787338256836,1.0,0.00012302398681640625,0.7858514189720154
3,73041737,12082,10, is,3.508714199066162,1.0,0.00017815828323364258,0.7180209159851074
3,73319991,12105,5, of,10.609907150268555,1.0,0.00047665834426879883,0.5174800753593445
3,75049622,12247,2,:,5.265462398529053,1.0,0.0002568364143371582,0.646284818649292
3,77271092,12427,1,Fact,8.273616790771484,1.0,0.0002938508987426758,0.6180753111839294
3,81211136,12740,2,:,9.696281433105469,1.0,0.0006059706211090088,0.47855570912361145
3,82529124,12843,2,:,4.450171947479248,1.0,0.0002512335777282715,0.6518583297729492
3,82914999,12873,5, of,5.60001802444458,1.0,0.00028651952743530273,0.6235820055007935
3,83366324,12908,3, The,3.4878649711608887,1.0,0.00012224912643432617,0.7870777249336243
3,87192611,13201,8, containing,3.4272916316986084,1.0,0.00016176700592041016,0.7387019991874695
3,91510152,13524,7, state,2.851736068725586,1.0,0.00012940168380737305,0.7772814035415649
3,96056726,13856,8, containing,3.3107619285583496,1.0,0.00014352798461914062,0.7595319747924805
3,97210592,13939,2,:,4.910437107086182,1.0,0.00025856494903564453,0.6444817781448364
3,97601402,13967,5, of,6.170195579528809,1.0,0.00025790929794311523,0.6449980139732361
3,97601402,13967,8, containing,2.6094865798950195,1.0,0.00015205144882202148,0.7483309507369995
3,97839062,13984,4, capital,11.155441284179688,1.0,0.0004749894142150879,0.5179550647735596
3,98511662,14032,10, is,5.8873610496521,1.0,0.0002574920654296875,0.645770788192749
3,98680172,14044,2,:,9.616742134094238,1.0,0.0006011724472045898,0.47976168990135193
3,100557467,14177,2,:,3.9786720275878906,1.0,0.00025212764739990234,0.6495935916900635
3,104683211,14465,5, of,4.463266849517822,1.0,0.00017070770263671875,0.7277913093566895
3,107641124,14668,5, of,3.7269973754882812,1.0,0.00011491775512695312,0.7994197010993958
3,110105376,14835,8, containing,2.1115481853485107,1.0,0.00011521577835083008,0.7987291812896729
3,110105376,14835,10, is,4.926835060119629,1.0,0.0002772212028503418,0.6306021809577942
3,114602226,15135,5, of,2.2801170349121094,1.0,0.00011676549911499023,0.7961790561676025
3,116899691,15286,10, is,9.522184371948242,1.0,0.00042003393173217773,0.5416550636291504
3,118356801,15381,10, is,2.7876672744750977,1.0,0.00012731552124023438,0.7799718976020813
3,119081024,15428,5, of,3.176500082015991,1.0,0.0001322627067565918,0.7728308439254761
3,119915837,15482,8, containing,9.26407241821289,1.0,0.0003432631492614746,0.5850580930709839
3,120241274,15503,8, containing,2.603231430053711,1.0,0.00011527538299560547,0.7982682585716248
3,123409901,15706,2,:,4.064924240112305,1.0,0.00017815828323364258,0.7181990742683411
3,123598499,15718,5, of,3.350454807281494,1.0,0.00011521577835083008,0.7990747690200806
3,123850187,15734,8, containing,8.38904094696045,1.0,0.0004126429557800293,0.5458168387413025
3,124906911,15801,10, is,6.486690044403076,1.0,0.0002837181091308594,0.6255733966827393
3,125049201,15810,10, is,3.340324878692627,1.0,0.00021851062774658203,0.6781548261642456
3,127033826,15935,5, of,3.4366214275360107,1.0,0.0001614093780517578,0.7393478751182556
3,128584662,16032,2,:,6.300176620483398,1.0,0.00037038326263427734,0.5683954954147339
3,128953766,16055,10, is,2.191730499267578,1.0,0.0001366734504699707,0.7666513919830322
4,-1,4,1,Fact,,1.0,0.0004933476448059082,0.5121693015098572
4,-1,4,2,:,,1.0,0.0009813904762268066,0.4064239263534546
4,-1,4,3, The,,1.0,0.0003510117530822754,0.5802159309387207
4,-1,4,4, capital,,1.0,0.0004442930221557617,0.5312632322311401
4,-1,4,5, of,,1.0,0.0008186697959899902,0.4271852374076843
4,-1,4,6, the,,1.0,0.00016635656356811523,0.7315005660057068
4,-1,4,7, state,,1.0,0.0005899667739868164,0.4827437102794647
4,-1,4,8, containing,,1.0,0.000977933406829834,0.4083806574344635
4,-1,4,9, Wilmington,,1.0,0.0007923245429992676,0.4311889111995697
4,-1,4,10, is,,1.0,0.0007022321224212646,0.45515522360801697
4,4846,93,8, containing,3.230347156524658,1.0,0.00014406442642211914,0.7589573860168457
4,181498,597,2,:,3.8547115325927734,1.0,0.0001258254051208496,0.7821224331855774
4,212221,646,2,:,5.818872928619385,1.0,0.00021284818649291992,0.6837467551231384
4,250273,702,2,:,6.566435813903809,1.0,0.00024336576461791992,0.6562953591346741
4,251690,704,8, containing,3.1810128688812256,1.0,0.00012171268463134766,0.7882977724075317
4,359123,842,2,:,7.096892833709717,1.0,0.0002206563949584961,0.6766203045845032
4,403646,893,2,:,10.280736923217773,1.0,0.00044983625411987305,0.5276926159858704
4,458398,952,9, Wilmington,9.75744915008545,1.0,0.000440061092376709,0.5339152812957764
4,736286,1208,2,:,9.48695182800293,1.0,0.0003898739814758301,0.5581961870193481
4,867898,1312,10, is,3.187955856323242,1.0,0.00013369321823120117,0.7713699340820312
4,1367026,1648,9, Wilmington,3.5008068084716797,1.0,0.0001729130744934082,0.7248702049255371
4,1811651,1898,2,:,4.438467502593994,1.0,0.0001926422119140625,0.704146683216095
4,2548148,2252,2,:,4.023473262786865,1.0,0.00011599063873291016,0.797343373298645
4,2582123,2267,10, is,2.730611801147461,1.0,0.00013428926467895508,0.7696277499198914
4,2783615,2354,5, of,4.445161819458008,1.0,0.00015920400619506836,0.7422336339950562
4,4122751,2866,10, is,4.6601715087890625,1.0,0.00015819072723388672,0.7431854605674744
4,4649720,3044,10, is,5.421030044555664,1.0,0.0002358555793762207,0.662051796913147
4,7332530,3824,4, capital,18.67442512512207,1.0,0.0006448924541473389,0.4673648178577423
4,9363623,4322,8, containing,10.393952369689941,1.0,0.0004988908767700195,0.5096873641014099
4,9559373,4367,7, state,3.426051378250122,1.0,0.00016242265701293945,0.7374060153961182
4,9633850,4384,7, state,6.718836784362793,1.0,0.0003191828727722168,0.6006165146827698
4,9633850,4384,8, containing,4.328697204589844,1.0,0.00022542476654052734,0.6721663475036621
4,12522505,4999,7, state,14.053550720214844,1.0,0.0004788637161254883,0.5160483717918396
4,12987151,5091,8, containing,2.72883939743042,1.0,0.0001289844512939453,0.777798056602478
4,13726175,5234,5, of,4.242794513702393,1.0,0.00013780593872070312,0.7656906247138977
4,13820648,5252,2,:,3.5438618659973145,1.0,0.0001475811004638672,0.7538582682609558
4,14026451,5291,1,Fact,6.217991828918457,1.0,0.00016099214553833008,0.739669919013977
4,14026451,5291,2,:,10.576278686523438,1.0,0.0004953742027282715,0.5116759538650513
4,15215881,5511,2,:,6.108468532562256,1.0,0.00031310319900512695,0.6050313711166382
4,16442240,5729,2,:,5.217816352844238,1.0,0.0001944899559020996,0.7022123336791992
4,17467000,5905,8, containing,5.3744707107543945,1.0,0.0002575516700744629,0.6455132961273193
4,18201556,6028,1,Fact,10.605276107788086,1.0,0.00024437904357910156,0.6550760865211487
4,18201556,6028,2,:,20.580307006835938,1.0,0.000852435827255249,0.4222385585308075
4,18559273,6087,7, state,9.254573822021484,1.0,0.0005896389484405518,0.4833333492279053
4,18559273,6087,8, containing,5.404459476470947,1.0,0.0002887845039367676,0.621569812297821
4,19672123,6267,8, containing,3.239879846572876,1.0,0.0001405477523803711,0.7616531848907471
4,19697221,6271,8, containing,6.0917158126831055,1.0,0.00020766258239746094,0.6887866258621216
4,23048650,6784,10, is,6.293023109436035,1.0,0.00030612945556640625,0.6096776127815247
4,23423585,6839,10, is,3.2216382026672363,1.0,0.0001315474510192871,0.77388596534729
4,23787748,6892,3, The,5.110766410827637,1.0,0.00012922286987304688,0.7775399684906006
4,24974773,7062,10, is,3.3032493591308594,1.0,0.0001914501190185547,0.7056819796562195
4,26714390,7304,5, of,4.237262725830078,1.0,0.0001353621482849121,0.7681457996368408
4,27836986,7456,5, of,6.085480690002441,1.0,0.00013118982315063477,0.7748051881790161
4,29464321,7671,4, capital,11.09623908996582,1.0,0.0004985332489013672,0.5101858973503113
4,29464321,7671,5, of,23.38473892211914,1.0,0.0009663105010986328,0.4103226065635681
4,29464321,7671,10, is,5.869164943695068,1.0,0.00030308961868286133,0.6118096113204956
4,31011745,7870,5, of,6.902928352355957,1.0,0.0002694129943847656,0.6357796788215637
4,31011745,7870,8, containing,3.230269432067871,1.0,0.00012314319610595703,0.785728394985199
4,31011745,7870,10, is,6.331820487976074,1.0,0.0004215240478515625,0.540393590927124
4,31224748,7897,9, Wilmington,4.940274238586426,1.0,0.00039124488830566406,0.5570248961448669
4,32421373,8047,8, containing,7.377528190612793,1.0,0.0003057122230529785,0.6102890968322754
4,33207170,8144,1,Fact,6.470183849334717,1.0,0.0001175999641418457,0.7953595519065857
4,33574910,8189,8, containing,3.7065200805664062,1.0,0.00016063451766967773,0.7407954931259155
4,35024260,8364,10, is,5.505889892578125,1.0,0.00031435489654541016,0.6028362512588501
4,35368250,8405,8, containing,3.959806442260742,1.0,0.00012743473052978516,0.7794623970985413
4,36606841,8551,2,:,3.0561070442199707,1.0,0.00012570619583129883,0.7822481393814087
4,36975695,8594,9, Wilmington,2.4668760299682617,1.0,0.00018137693405151367,0.7147864699363708
4,37692898,8677,10, is,5.192037105560303,1.0,0.00014340877532958984,0.7596753835678101
4,40118398,8952,1,Fact,5.548642158508301,1.0,0.00016427040100097656,0.7336474657058716
4,40136315,8954,2,:,4.022383689880371,1.0,0.00017833709716796875,0.7178427577018738
4,43035998,9272,8, containing,3.7776424884796143,1.0,0.0001392960548400879,0.7636124491691589
4,44637071,9443,2,:,3.4419775009155273,1.0,0.00014668703079223633,0.7550343871116638
4,47088655,9699,5, of,6.6995954513549805,1.0,0.0002028942108154297,0.6928935647010803
4,47088655,9699,8, containing,5.271954536437988,1.0,0.00022470951080322266,0.6726162433624268
4,47653198,9757,1,Fact,20.541349411010742,1.0,0.0006115436553955078,0.47673189640045166
4,47653198,9757,2,:,8.497971534729004,1.0,0.00034677982330322266,0.5819569826126099
4,51212255,10115,8, containing,3.6641170978546143,1.0,0.00015884637832641602,0.7425515651702881
4,53101660,10300,10, is,1.8446354866027832,1.0,0.0001277923583984375,0.7789523005485535
4,54564676,10441,2,:,6.935643196105957,1.0,0.0002624988555908203,0.6413569450378418
4,55561606,10536,2,:,4.678757667541504,1.0,0.00017023086547851562,0.7283021211624146
4,56578198,10632,7, state,4.5445051193237305,1.0,0.00015676021575927734,0.7452346682548523
4,56705920,10644,2,:,5.2412261962890625,1.0,0.0001900196075439453,0.7066345810890198
4,57143390,10685,7, state,4.3168745040893555,1.0,0.0001342296600341797,0.7698962092399597
4,59672345,10919,10, is,4.630987167358398,1.0,0.00015884637832641602,0.7427104115486145
4,63286870,11245,9, Wilmington,5.573633670806885,1.0,0.0002459287643432617,0.6545872092247009
4,64473685,11350,4, capital,10.893294334411621,1.0,0.00040531158447265625,0.5499025583267212
4,67320601,11598,4, capital,5.87233829498291,1.0,0.00016039609909057617,0.7409558892250061
4,74560361,12206,2,:,5.719020843505859,1.0,0.00020444393157958984,0.6918749809265137
4,74694748,12217,8, containing,7.534529685974121,1.0,0.0003091096878051758,0.6081393957138062
4,79613266,12613,2,:,3.8980464935302734,1.0,0.00016266107559204102,0.7370810508728027
4,84013198,12957,5, of,5.810307502746582,1.0,0.00015795230865478516,0.7441332936286926
4,84441505,12990,10, is,3.561279773712158,1.0,0.00013440847396850586,0.7694934606552124
4,88438345,13294,10, is,5.839014530181885,1.0,0.0002669095993041992,0.6376545429229736
4,89518885,13375,10, is,3.9216299057006836,1.0,0.00016582012176513672,0.7318325638771057
4,90969811,13483,8, containing,5.757873058319092,1.0,0.00022214651107788086,0.6752926111221313
4,92147095,13570,7, state,7.023094177246094,1.0,0.00018841028213500977,0.708335816860199
4,92445998,13592,9, Wilmington,5.20323371887207,1.0,0.00012958049774169922,0.7771520018577576
4,94400665,13735,3, The,9.455437660217285,1.0,0.00020688772201538086,0.6896161437034607
4,96806650,13909,1,Fact,8.62550163269043,1.0,0.00017791986465454102,0.7185551524162292
4,97196648,13937,2,:,5.193876266479492,1.0,0.00019943714141845703,0.6965071558952332
4,97336123,13947,2,:,2.9444522857666016,1.0,0.0001316666603088379,0.7736227512359619
4,98329271,14018,7, state,9.483640670776367,1.0,0.0002880692481994629,0.6221462488174438
4,99750745,14119,8, containing,11.53220272064209,1.0,0.00040912628173828125,0.547869861125946
4,105466021,14518,9, Wilmington,3.342292308807373,1.0,0.0005262792110443115,0.498415470123291
4,106806415,14610,10, is,4.319642543792725,1.0,0.00016987323760986328,0.7291523218154907
4,110446948,14857,1,Fact,21.756210327148438,1.0,0.0002219080924987793,0.6755145192146301
4,110446948,14857,4, capital,20.828426361083984,1.0,0.00021570920944213867,0.6798909306526184
4,110446948,14857,5, of,10.039482116699219,1.0,0.00012344121932983398,0.7853584885597229
4,110446948,14857,7, state,10.092870712280273,1.0,0.00012135505676269531,0.7891483306884766
4,110446948,14857,9, Wilmington,18.263500213623047,1.0,0.0003813505172729492,0.5605089664459229
4,117588775,15330,4, capital,5.108450889587402,1.0,0.00016075372695922852,0.7403135299682617
4,117588775,15330,5, of,5.9562578201293945,1.0,0.00017917156219482422,0.7171288132667542
4,121157956,15561,2,:,8.773792266845703,1.0,0.0003126859664916992,0.6053440570831299
4,124922716,15801,8, containing,5.002529621124268,1.0,0.00022774934768676758,0.6689911484718323
4,125841175,15859,9, Wilmington,7.03887414932251,1.0,0.00034677982330322266,0.5823037624359131
4,128056001,15998,8, containing,6.200930595397949,1.0,0.0001767873764038086,0.7199749946594238
4,130451623,16147,5, of,4.613772392272949,1.0,0.00012195110321044922,0.7878103852272034
4,133440611,16331,9, Wilmington,4.4870924949646,1.0,0.00021028518676757812,0.6858635544776917
5,-1,5,1,Fact,,1.0,0.00022280216217041016,0.6744036078453064
5,-1,5,2,:,,1.0,0.0007889866828918457,0.4327675998210907
5,-1,5,3, The,,1.0,0.00028455257415771484,0.6247218251228333
5,-1,5,4, capital,,1.0,0.000462949275970459,0.5235905051231384
5,-1,5,5, of,,1.0,0.0005932152271270752,0.4821537435054779
5,-1,5,7, state,,1.0,0.00047338008880615234,0.5193764567375183
5,-1,5,8, containing,,1.0,0.000733792781829834,0.4480205476284027
5,-1,5,9, Wilmington,,1.0,0.000794529914855957,0.43039658665657043
5,-1,5,10, is,,1.0,0.0006141066551208496,0.47550737857818604
5,16830,177,2,:,6.952724456787109,1.0,0.00019037723541259766,0.7062544822692871
5,208329,639,7, state,4.231072425842285,1.0,0.00018602609634399414,0.709831714630127
5,779370,1242,8, containing,5.6929097175598145,1.0,0.00016105175018310547,0.7395089268684387
5,1433965,1687,1,Fact,8.153833389282227,1.0,0.0001556873321533203,0.7461712956428528
5,1433965,1687,2,:,7.592066764831543,1.0,0.0002480149269104004,0.6533533334732056
5,2584395,2267,10, is,7.569424152374268,1.0,0.0003720521926879883,0.566912055015564
5,3113754,2489,8, containing,3.737497568130493,1.0,0.00013452768325805664,0.7692247033119202
5,4165935,2880,8, containing,5.267963886260986,1.0,0.00013405084609985352,0.7705667018890381
5,4931364,3134,10, is,2.8528873920440674,1.0,0.00013881921768188477,0.7644462585449219
5,5479699,3304,9, Wilmington,4.22118616104126,1.0,0.0001938343048095703,0.7029889225959778
5,5532795,3320,10, is,3.35760498046875,1.0,0.00011992454528808594,0.7913199663162231
5,5576124,3333,4, capital,13.390371322631836,1.0,0.0003178715705871582,0.6018897891044617
5,5576124,3333,5, of,6.0549397468566895,1.0,0.0001442432403564453,0.7588133215904236
5,7259949,3804,10, is,4.071857452392578,1.0,0.00014495849609375,0.7573679685592651
5,7894345,3967,10, is,4.600004196166992,1.0,0.00018328428268432617,0.7124167680740356
5,7993995,3992,1,Fact,23.233030319213867,1.0,0.0007610917091369629,0.440543532371521
5,9024870,4242,2,:,4.993316650390625,1.0,0.00014060735702514648,0.7615126371383667
5,9058890,4250,10, is,4.882216453552246,1.0,0.0001621246337890625,0.7378924489021301
5,9101505,4260,9, Wilmington,4.096018314361572,1.0,0.00039386749267578125,0.5546671748161316
5,9823522,4426,9, Wilmington,6.433125019073486,1.0,0.00020933151245117188,0.686702311038971
5,16122675,5672,7, state,5.818231582641602,1.0,0.00011879205703735352,0.7938245534896851
5,23622495,6867,8, containing,3.8583900928497314,1.0,0.00013512372970581055,0.768551230430603
5,25173054,7089,9, Wilmington,4.557401180267334,1.0,0.00019299983978271484,0.7035685181617737
5,26118372,7221,5, of,7.906457901000977,1.0,0.000179290771484375,0.7169496417045593
5,27169500,7365,2,:,5.223889350891113,1.0,0.00015097856521606445,0.7492398023605347
5,28091254,7489,1,Fact,9.18868637084961,1.0,0.0002549290657043457,0.6478179097175598
5,33747214,8209,8, containing,5.6050615310668945,1.0,0.00019186735153198242,0.704915463924408
5,33952914,8234,2,:,6.1147661209106445,1.0,0.00012046098709106445,0.7907196283340454
5,40783990,9025,8, containing,4.61583137512207,1.0,0.00019758939743041992,0.6982899904251099
5,41001034,9049,2,:,5.499032974243164,1.0,0.00016194581985473633,0.7385402321815491
5,45625122,9546,8, containing,3.8548362255096436,1.0,0.00014513731002807617,0.7570779919624329
5,46325119,9619,7, state,4.393563747406006,1.0,0.00013452768325805664,0.7690901756286621
5,53981239,10384,7, state,4.98304557800293,1.0,0.00012624263763427734,0.7813660502433777
5,55004310,10482,10, is,3.8439347743988037,1.0,0.00014007091522216797,0.7626352310180664
5,55277349,10508,9, Wilmington,2.4092202186584473,1.0,0.00012105703353881836,0.789753794670105
5,58649859,10824,4, capital,4.419875621795654,1.0,0.0001214146614074707,0.7886627316474915
5,58682355,10827,2,:,6.720763683319092,1.0,0.00018894672393798828,0.7075820565223694
5,64803414,11378,9, Wilmington,3.3340659141540527,1.0,0.00011783838272094727,0.7947709560394287
5,65179647,11411,9, Wilmington,4.522961139678955,1.0,0.00026351213455200195,0.6408317685127258
5,66996094,11569,2,:,6.098654747009277,1.0,0.00019687414169311523,0.6994742155075073
5,68357272,11686,10, is,2.910062313079834,1.0,0.0001214146614074707,0.7890269756317139
5,76873794,12393,7, state,10.986194610595703,1.0,0.0003237724304199219,0.5983677506446838
5,77445229,12439,8, containing,5.711871147155762,1.0,0.00017756223678588867,0.7194437384605408
5,82272372,12821,9, Wilmington,2.889751434326172,1.0,0.00012791156768798828,0.778824508190155
5,82272372,12821,10, is,5.471072196960449,1.0,0.00025588274002075195,0.6467970013618469
5,83043822,12881,5, of,6.243866443634033,1.0,0.00021392107009887695,0.6824668049812317
5,89545647,13376,9, Wilmington,3.1013851165771484,1.0,0.0001195669174194336,0.7919185161590576
5,94331974,13729,7, state,7.0388054847717285,1.0,0.00014060735702514648,0.7613720297813416
5,96931920,13917,10, is,5.094866752624512,1.0,0.0001976490020751953,0.6984876394271851
5,102366580,14302,2,:,8.435171127319336,1.0,0.00018846988677978516,0.7077705264091492
5,102853647,14336,10, is,3.4854414463043213,1.0,0.00013077259063720703,0.7751978635787964
5,105960397,14551,5, of,5.988275527954102,1.0,0.00013893842697143555,0.76430743932724
5,118110759,15363,8, containing,5.881474018096924,1.0,0.00014930963516235352,0.750742495059967
5,124228197,15756,8, containing,5.897934913635254,1.0,0.00011783838272094727,0.7948887944221497
5,125207394,15818,7, state,3.8608016967773438,1.0,0.00015145540237426758,0.7489376068115234
6,-1,6,1,Fact,,1.0,0.00029861927032470703,0.6145191788673401
6,-1,6,2,:,,1.0,0.0007712244987487793,0.439013808965683
6,-1,6,3, The,,1.0,0.00030308961868286133,0.6115065217018127
6,-1,6,4, capital,,1.0,0.0005564987659454346,0.490247905254364
6,-1,6,5, of,,1.0,0.0006337165832519531,0.4699191451072693
6,-1,6,6, the,,1.0,0.00015121698379516602,0.7490888237953186
6,-1,6,7, state,,1.0,0.00044357776641845703,0.5317068099975586
6,-1,6,8, containing,,1.0,0.0006211400032043457,0.47241735458374023
6,-1,6,9, Wilmington,,1.0,0.0006194412708282471,0.4742778539657593
6,-1,6,10, is,,1.0,0.0005531609058380127,0.49301838874816895
6,9584,131,9, Wilmington,4.72303581237793,1.0,0.00011479854583740234,0.7998790740966797
6,207039,636,4, capital,8.390569686889648,1.0,0.00017398595809936523,0.7236577868461609
6,255963,708,10, is,3.107069969177246,1.0,0.0001404285430908203,0.7619341611862183
6,576194,1066,2,:,3.3810393810272217,1.0,0.00013309717178344727,0.7719032764434814
6,810894,1266,9, Wilmington,4.591259479522705,1.0,0.00019758939743041992,0.6980924010276794
6,1087068,1467,10, is,5.136960983276367,1.0,0.00013977289199829102,0.7630547285079956
6,1231658,1562,9, Wilmington,3.1977405548095703,1.0,0.00011658668518066406,0.7966456413269043
6,1244246,1570,9, Wilmington,4.370820999145508,1.0,0.00013649463653564453,0.7669245004653931
6,1509446,1730,9, Wilmington,3.721780300140381,1.0,0.0001221299171447754,0.7873219847679138
6,1857621,1920,4, capital,7.929851531982422,1.0,0.00017571449279785156,0.7215608954429626
6,1857621,1920,5, of,7.46436882019043,1.0,0.00015926361083984375,0.7420744299888611
6,2182998,2082,9, Wilmington,4.056570053100586,1.0,0.00013589859008789062,0.7673327922821045
6,2586668,2267,2,:,19.678316116333008,1.0,0.00016945600509643555,0.7293217778205872
6,2586668,2267,4, capital,21.371322631835938,1.0,0.0001354813575744629,0.767875075340271
6,2586668,2267,5, of,20.813705444335938,1.0,0.00014030933380126953,0.7622147798538208
6,2586668,2267,7, state,19.34756088256836,1.0,0.00017654895782470703,0.720681369304657
6,2586668,2267,8, containing,15.311482429504395,1.0,0.00017768144607543945,0.7190885543823242
6,2586668,2267,9, Wilmington,21.14922523498535,1.0,0.00031816959381103516,0.6015719175338745
6,2586668,2267,10, is,15.849987983703613,1.0,0.0004164576530456543,0.543744683265686
6,2939093,2417,10, is,5.2561445236206055,1.0,0.00024253129959106445,0.6579962968826294
6,4145753,2872,7, state,3.6739416122436523,1.0,0.00011783838272094727,0.7950066328048706
6,5436746,3290,9, Wilmington,8.861152648925781,1.0,0.00033104419708251953,0.593121349811554
6,6077834,3479,8, containing,5.147219657897949,1.0,0.00011926889419555664,0.7926351428031921
6,6593889,3624,8, containing,6.557819843292236,1.0,0.00021320581436157227,0.6833208799362183
6,7767704,3934,9, Wilmington,4.03178596496582,1.0,0.00014096498489379883,0.7609499096870422
6,8078183,4012,7, state,14.263773918151855,1.0,0.0005195140838623047,0.5020747780799866
6,8721569,4169,10, is,2.3481521606445312,1.0,0.00011461973190307617,0.8001084923744202
6,8817893,4192,2,:,5.741747856140137,1.0,0.00017207860946655273,0.7262500524520874
6,9607529,4376,2,:,5.764809608459473,1.0,0.00013142824172973633,0.7742804884910583
6,9735071,4405,7, state,6.098630428314209,1.0,0.0001251697540283203,0.7828751802444458
6,10231019,4516,1,Fact,11.584635734558105,1.0,0.00019484758377075195,0.701628565788269
6,10902108,4662,4, capital,15.058185577392578,1.0,0.0007342696189880371,0.4472867548465729
6,10902108,4662,5, of,14.100217819213867,1.0,0.00039827823638916016,0.5515024662017822
6,10902108,4662,9, Wilmington,4.82957124710083,1.0,0.0002695322036743164,0.635510265827179
6,10902108,4662,10, is,4.792825222015381,1.0,0.00029665231704711914,0.6160075068473816
6,11817084,4854,5, of,7.643853187561035,1.0,0.0001633167266845703,0.7354501485824585
6,11817084,4854,8, containing,5.411931037902832,1.0,0.0001741647720336914,0.7234838008880615
6,12713396,5035,2,:,6.165718078613281,1.0,0.00014734268188476562,0.7540056109428406
6,14837621,5440,7, state,4.485515594482422,1.0,0.00017338991165161133,0.7240049242973328
6,18589746,6090,2,:,5.545151710510254,1.0,0.00013709068298339844,0.766377866268158
6,18883578,6138,8, containing,3.932844400405884,1.0,0.00012606382369995117,0.7819966077804565
6,20278889,6361,9, Wilmington,11.474100112915039,1.0,0.0005448758602142334,0.49576228857040405
6,20688521,6425,7, state,4.210721969604492,1.0,0.00015789270401000977,0.7438174486160278
6,24475499,6989,8, containing,5.096707820892334,1.0,0.00012254714965820312,0.7867105603218079
6,26183459,7229,9, Wilmington,2.80564546585083,1.0,0.0003135800361633301,0.6037782430648804
6,27561593,7417,4, capital,6.617158889770508,1.0,0.00012737512588500977,0.7800992727279663
6,27784778,7447,7, state,6.110217571258545,1.0,0.00019443035125732422,0.7024067640304565
6,29926709,7729,2,:,9.707892417907715,1.0,0.00020015239715576172,0.6953095197677612
6,32437478,8047,10, is,2.673532247543335,1.0,0.00016480684280395508,0.732989490032196
6,36555518,8543,10, is,2.7481331825256348,1.0,0.00018167495727539062,0.7144235968589783
6,37588778,8663,10, is,3.342712879180908,1.0,0.00011521577835083008,0.7989595532417297
6,41537048,9107,7, state,7.218607425689697,1.0,0.00020760297775268555,0.689201831817627
6,42573371,9220,10, is,4.265537261962891,1.0,0.0003085136413574219,0.6084479093551636
6,46885079,9676,7, state,5.285919189453125,1.0,0.00018745660781860352,0.7088994383811951
6,48733121,9865,9, Wilmington,15.827606201171875,1.0,0.00020372867584228516,0.6924868822097778
6,58282199,10789,10, is,8.16340446472168,1.0,0.0001761317253112793,0.7208575010299683
6,60714683,11012,10, is,2.423013210296631,1.0,0.0001443624496459961,0.7586690783500671
6,69225254,11759,9, Wilmington,3.475775718688965,1.0,0.00015091896057128906,0.749390721321106
6,73683723,12132,8, containing,12.050365447998047,1.0,0.0004323124885559082,0.5378338098526001
6,75405333,12273,9, Wilmington,3.5349488258361816,1.0,0.00023764371871948242,0.6606332659721375
6,77644484,12454,8, containing,5.618625640869141,1.0,0.00016307830810546875,0.7365925908088684
6,80460948,12678,9, Wilmington,4.246267318725586,1.0,0.00018644332885742188,0.7094595432281494
6,81683364,12774,7, state,5.655013084411621,1.0,0.00015622377395629883,0.7455472946166992
6,84363548,12982,9, Wilmington,3.7633132934570312,1.0,0.00011557340621948242,0.7978065013885498
6,84857871,13020,2,:,5.84635591506958,1.0,0.0001761317253112793,0.7210336327552795
6,86428371,13140,2,:,5.122207164764404,1.0,0.00012755393981933594,0.7790798544883728
6,86717858,13162,8, containing,2.7797465324401855,1.0,0.00011640787124633789,0.7968785166740417
6,93236333,13648,2,:,8.24593448638916,1.0,0.00023621320724487305,0.6615800857543945
6,98413428,14022,2,:,7.6082048416137695,1.0,0.00022238492965698242,0.6746259927749634
6,100033433,14137,10, is,3.538172721862793,1.0,0.0001170039176940918,0.7958282828330994
6,102681608,14323,9, Wilmington,4.27977180480957,1.0,0.00014722347259521484,0.7541528344154358
6,105625838,14527,2,:,2.818969249725342,1.0,0.00012373924255371094,0.7846170663833618
6,109749513,14808,8, containing,4.368919849395752,1.0,0.00013113021850585938,0.7745428085327148
6,117037343,15292,7, state,7.869970321655273,1.0,0.0001786351203918457,0.717307448387146
6,119838414,15474,4, capital,5.409579277038574,1.0,0.0001251697540283203,0.7827500104904175
6,122954714,15674,5, of,6.770615100860596,1.0,0.0001304149627685547,0.7762422561645508
6,123064509,15681,9, Wilmington,6.858556747436523,1.0,0.00019675493240356445,0.6996709704399109
6,132250709,16256,10, is,3.869433879852295,1.0,0.00012737512588500977,0.779717206954956
7,-1,7,1,Fact,,1.0,0.00012105703353881836,0.7895117402076721
7,-1,7,2,:,,1.0,0.0005108118057250977,0.5046443939208984
7,-1,7,3, The,,1.0,0.00016295909881591797,0.7367555499076843
7,-1,7,4, capital,,1.0,0.0003008246421813965,0.6139214038848877
7,-1,7,5, of,,1.0,0.00032460689544677734,0.5980439782142639
7,-1,7,7, state,,1.0,0.0003306865692138672,0.5934520363807678
7,-1,7,8, containing,,1.0,0.0007496476173400879,0.4458146393299103
7,-1,7,9, Wilmington,,1.0,0.0007267296314239502,0.4494785964488983
7,-1,7,10, is,,1.0,0.0010821521282196045,0.3879294693470001
7,110677,462,1,Fact,24.655515670776367,1.0,0.00046569108963012695,0.523127555847168
7,244642,691,4, capital,18.203643798828125,1.0,0.00019866228103637695,0.6969045400619507
7,244642,691,5, of,21.865022659301758,1.0,0.0003364682197570801,0.5894574522972107
7,244642,691,8, containing,5.734262943267822,1.0,0.00011831521987915039,0.7944168448448181
7,244642,691,10, is,16.08102035522461,1.0,0.0005310177803039551,0.4968314468860626
7,480682,972,10, is,2.6557602882385254,1.0,0.0001221299171447754,0.7874441146850586
7,554923,1045,10, is,6.774927616119385,1.0,0.0002620220184326172,0.6418810486793518
7,1078238,1460,10, is,5.298675537109375,1.0,0.00021469593048095703,0.6809662580490112
7,1422133,1678,7, state,9.998819351196289,1.0,0.00021529197692871094,0.6803215146064758
7,1796452,1887,9, Wilmington,7.020007133483887,1.0,0.00029349327087402344,0.6183688044548035
7,2706293,2318,10, is,6.040965557098389,1.0,0.00032764673233032227,0.5964176654815674
7,4828270,3099,4, capital,37.213531494140625,1.0,0.00011527538299560547,0.7983835339546204
7,4828270,3099,9, Wilmington,30.5093994140625,1.0,0.0003331303596496582,0.5914640426635742
7,4828270,3099,10, is,12.084362030029297,1.0,0.00027954578399658203,0.6275427341461182
7,5029198,3163,10, is,4.350316524505615,1.0,0.00013494491577148438,0.7686861753463745
7,8239762,4051,10, is,7.236559867858887,1.0,0.00020968914031982422,0.6862834692001343
7,9801370,4419,7, state,8.210495948791504,1.0,0.00014382600784301758,0.759244978427887
7,13305053,5150,8, containing,3.9987576007843018,1.0,0.00012636184692382812,0.7809872031211853
7,16528367,5741,1,Fact,23.10138702392578,1.0,0.00039380788803100586,0.5550609827041626
7,19885963,6298,9, Wilmington,7.148042678833008,1.0,0.0004317760467529297,0.538265585899353
7,22879222,6756,1,Fact,16.794574737548828,1.0,0.0003134012222290039,0.6044051647186279
7,23293717,6817,5, of,7.775739669799805,1.0,0.00013077259063720703,0.7753286361694336
7,23753270,6884,5, of,9.92026424407959,1.0,0.00015795230865478516,0.7436595559120178
7,23753270,6884,7, state,7.593416213989258,1.0,0.0001481771469116211,0.752528190612793
7,23753270,6884,8, containing,5.055560111999512,1.0,0.00013393163681030273,0.7709687352180481
7,23753270,6884,9, Wilmington,9.323275566101074,1.0,0.000270843505859375,0.6347010731697083
7,23753270,6884,10, is,9.452407836914062,1.0,0.0003769993782043457,0.563539445400238
7,25708027,7162,10, is,3.673492193222046,1.0,0.0001518726348876953,0.7484828233718872
7,31716622,7956,10, is,3.254976511001587,1.0,0.00011712312698364258,0.7957112789154053
7,31956007,7986,2,:,8.089722633361816,1.0,0.00012725591659545898,0.7802265286445618
7,37329112,8632,10, is,3.675305128097534,1.0,0.00011527538299560547,0.798498809337616
7,47555620,9744,9, Wilmington,3.4462807178497314,1.0,0.0001233816146850586,0.785605251789093
7,47848645,9774,8, containing,8.104570388793945,1.0,0.0002015233039855957,0.6941070556640625
7,47848645,9774,10, is,7.173293113708496,1.0,0.0003217458724975586,0.5996572971343994
7,49905037,9982,2,:,6.200045585632324,1.0,0.00012183189392089844,0.7881760597229004
7,52741577,10262,10, is,6.7977142333984375,1.0,0.00023245811462402344,0.6641582250595093
7,55709282,10547,8, containing,6.862661361694336,1.0,0.00016319751739501953,0.7364295125007629
7,55709282,10547,9, Wilmington,3.7816052436828613,1.0,0.00011706352233886719,0.7959453463554382
7,55709282,10547,10, is,7.831226348876953,1.0,0.0002715587615966797,0.6344302296638489
7,61988537,11126,9, Wilmington,6.571893692016602,1.0,0.00016617774963378906,0.7316667437553406
7,66360952,11512,10, is,2.985614776611328,1.0,0.0001239180564880371,0.7841216921806335
7,69767570,11804,10, is,5.96309757232666,1.0,0.00021457672119140625,0.681610107421875
7,74182282,12172,9, Wilmington,10.185550689697266,1.0,0.0007800757884979248,0.4366892874240875
7,85602062,13076,9, Wilmington,3.4485714435577393,1.0,0.00016486644744873047,0.7331543564796448
7,89934158,13403,8, containing,8.65476131439209,1.0,0.0001939535140991211,0.7027950882911682
7,99355648,14088,10, is,3.743198871612549,1.0,0.00013071298599243164,0.775459349155426
7,121329245,15569,7, state,6.736455917358398,1.0,0.00012177228927612305,0.7884195446968079
7,131617192,16216,9, Wilmington,6.724277019500732,1.0,0.00019818544387817383,0.6974990963935852
8,-1,8,2,:,,1.0,0.00034821033477783203,0.5812621116638184
8,-1,8,3, The,,1.0,0.00019496679306030273,0.7014337182044983
8,-1,8,4, capital,,1.0,0.00024360418319702148,0.6560519933700562
8,-1,8,5, of,,1.0,0.0002753138542175293,0.6314283609390259
8,-1,8,7, state,,1.0,0.00027751922607421875,0.6303249597549438
8,-1,8,8, containing,,1.0,0.0006729066371917725,0.4640636146068573
8,-1,8,9, Wilmington,,1.0,0.0004845857620239258,0.5146040320396423
8,-1,8,10, is,,1.0,0.0008782148361206055,0.4196636974811554
8,579417,1067,7, state,9.384960174560547,1.0,0.0001666545867919922,0.7308346033096313
8,2467522,2212,10, is,3.653837203979492,1.0,0.00013369321823120117,0.7712362408638
8,2673819,2303,10, is,3.9363088607788086,1.0,0.0002047419548034668,0.6910569071769714
8,3373494,2588,9, Wilmington,9.189537048339844,1.0,0.00023633241653442383,0.6613438725471497
8,4831377,3099,9, Wilmington,30.36288833618164,1.0,0.00033038854598999023,0.5941128730773926
8,4831377,3099,10, is,8.827335357666016,1.0,0.00016498565673828125,0.7328246831893921
8,5646471,3351,5, of,8.139745712280273,1.0,0.00011599063873291016,0.7974593639373779
8,5646471,3351,10, is,5.472084999084473,1.0,0.00015485286712646484,0.7472584843635559
8,9046122,4244,10, is,3.023845672607422,1.0,0.0001462697982788086,0.7557664513587952
8,10577691,4590,10, is,3.841639280319214,1.0,0.0001188516616821289,0.7933493256568909
8,12642897,5019,10, is,5.805774688720703,1.0,0.00015282630920410156,0.7480261325836182
8,13294737,5147,10, is,4.104226112365723,1.0,0.0002301931381225586,0.6667018532752991
8,20940147,6462,9, Wilmington,4.382410526275635,1.0,0.00012362003326416016,0.7849880456924438
8,20940147,6462,10, is,5.602942943572998,1.0,0.00022429227828979492,0.6730650067329407
8,24356701,6970,9, Wilmington,4.038693428039551,1.0,0.00026488304138183594,0.6389816999435425
8,25500502,7132,10, is,3.993255138397217,1.0,0.00014901161193847656,0.7514880299568176
8,29518077,7674,2,:,12.034004211425781,1.0,0.00015747547149658203,0.7446061372756958
8,29957661,7731,10, is,3.4753222465515137,1.0,0.00011992454528808594,0.7912000417709351
8,30705357,7827,2,:,5.996940612792969,1.0,0.00012177228927612305,0.788541316986084
8,31724586,7956,10, is,8.221207618713379,1.0,0.00039064884185791016,0.5578063130378723
8,33028119,8118,7, state,6.668729782104492,1.0,0.00015741586685180664,0.7447635531425476
8,35410311,8406,1,Fact,14.844167709350586,1.0,0.0001304149627685547,0.7761118412017822
8,37277286,8625,7, state,5.046411037445068,1.0,0.00016427040100097656,0.7334831953048706
8,38786019,8798,9, Wilmington,6.629291534423828,1.0,0.0001188516616821289,0.7932304739952087
8,38847696,8805,2,:,10.523275375366211,1.0,0.00012558698654174805,0.7823737263679504
8,40531497,8994,4, capital,8.420347213745117,1.0,0.0001195073127746582,0.7921575903892517
8,41573512,9109,10, is,4.062563896179199,1.0,0.00017434358596801758,0.7233096361160278
8,43687869,9338,10, is,13.069753646850586,1.0,0.0004659295082092285,0.5226618647575378
8,60461497,10987,7, state,7.623099327087402,1.0,0.00012600421905517578,0.7818705439567566
8,60461497,10987,8, containing,5.924874305725098,1.0,0.00014775991439819336,0.7531197667121887
8,61699377,11099,9, Wilmington,3.403146266937256,1.0,0.00013810396194458008,0.7652766108512878
8,62512962,11172,8, containing,5.695191383361816,1.0,0.00011670589447021484,0.7964124083518982
8,62512962,11172,10, is,8.081562995910645,1.0,0.0002695918083190918,0.6352407336235046
8,67135069,11578,10, is,5.382147789001465,1.0,0.00014597177505493164,0.7563507556915283
8,81555597,12762,8, containing,4.83573055267334,1.0,0.0001456737518310547,0.7566422820091248
8,81555597,12762,9, Wilmington,7.136960029602051,1.0,0.0001798868179321289,0.7165910005569458
8,81555597,12762,10, is,8.023763656616211,1.0,0.0003434419631958008,0.5843713879585266
8,91794466,13540,10, is,4.776727676391602,1.0,0.00016456842422485352,0.7333189249038696
8,107230681,14635,9, Wilmington,7.960447311401367,1.0,0.00017267465591430664,0.7253884077072144
8,113213619,15038,10, is,4.728874206542969,1.0,0.00016355514526367188,0.7352868318557739
8,123457032,15704,8, containing,4.31715202331543,1.0,0.00014084577560424805,0.7610907554626465
8,131763252,16224,8, containing,5.746870517730713,1.0,0.0001729130744934082,0.7246972918510437
8,132397119,16263,8, containing,10.807008743286133,1.0,0.0002516508102416992,0.6506012082099915
9,-1,9,2,:,,1.0,0.0003758668899536133,0.5646683573722839
9,-1,9,3, The,,1.0,0.00011903047561645508,0.7931116223335266
9,-1,9,4, capital,,1.0,0.00021147727966308594,0.6854426860809326
9,-1,9,5, of,,1.0,0.0002554655075073242,0.6470524668693542
9,-1,9,7, state,,1.0,0.0002200603485107422,0.6768403649330139
9,-1,9,8, containing,,1.0,0.00045758485794067383,0.5245067477226257
9,-1,9,9, Wilmington,,1.0,0.0006251633167266846,0.471174955368042
9,-1,9,10, is,,1.0,0.0011867284774780273,0.37992793321609497
9,35235,255,8, containing,7.9664225578308105,1.0,0.00013148784637451172,0.7741490602493286
9,180290,590,9, Wilmington,6.801458358764648,1.0,0.000171661376953125,0.7269367575645447
9,1951290,1965,10, is,4.594610214233398,1.0,0.0001766681671142578,0.7201516628265381
9,2614031,2276,9, Wilmington,9.239311218261719,1.0,0.0002002716064453125,0.6951093673706055
9,2968256,2426,10, is,7.424382209777832,1.0,0.00034612417221069336,0.5826498866081238
9,3344981,2576,9, Wilmington,4.900167465209961,1.0,0.00014162063598632812,0.7602435350418091
9,3843368,2762,1,Fact,33.433963775634766,1.0,0.0004369020462036133,0.5352293848991394
9,4003025,2819,9, Wilmington,6.79443883895874,1.0,0.00014662742614746094,0.7551810145378113
9,4701701,3056,1,Fact,47.023170471191406,1.0,0.00043767690658569336,0.5347924828529358
9,5218055,3220,10, is,2.635183334350586,1.0,0.0001316666603088379,0.7737544178962708
9,5335001,3256,9, Wilmington,5.112913131713867,1.0,0.00014066696166992188,0.7612314224243164
9,5335001,3256,10, is,6.700169563293457,1.0,0.00026112794876098633,0.6429269909858704
9,6406400,3569,1,Fact,20.84961700439453,1.0,0.0001233816146850586,0.785481870174408
9,7591346,3886,10, is,8.743245124816895,1.0,0.00038045644760131836,0.5608894228935242
9,7763760,3930,10, is,2.823087692260742,1.0,0.0001308917999267578,0.7750670909881592
9,8398841,4088,10, is,3.597296953201294,1.0,0.0001506805419921875,0.749843180179596
9,8505740,4114,8, containing,9.884330749511719,1.0,0.000148773193359375,0.7520832419395447
9,9316076,4306,10, is,3.832017421722412,1.0,0.00017839670181274414,0.7176644206047058
9,11831670,4854,10, is,6.616636276245117,1.0,0.00022518634796142578,0.6723915338516235
9,11997641,4888,8, containing,5.852367877960205,1.0,0.0001221299171447754,0.7876884341239929
9,11997641,4888,10, is,5.062442302703857,1.0,0.00012832880020141602,0.7783125638961792
9,15404015,5540,9, Wilmington,6.471280097961426,1.0,0.00017374753952026367,0.7238315343856812
9,20836730,6445,10, is,3.721606492996216,1.0,0.00013405084609985352,0.7702986001968384
9,28830611,7583,10, is,5.019017219543457,1.0,0.00016540288925170898,0.7324944734573364
9,35108000,8369,9, Wilmington,3.8446924686431885,1.0,0.00012934207916259766,0.7774107456207275
9,38548580,8770,1,Fact,42.04533767700195,1.0,0.0001977682113647461,0.697894811630249
9,51303375,10119,10, is,4.671246528625488,1.0,0.0001703500747680664,0.7279616594314575
9,53338946,10318,8, containing,10.603885650634766,1.0,0.00024336576461791992,0.6567820310592651
9,55287860,10505,8, containing,7.070647716522217,1.0,0.0001188516616821289,0.793468177318573
9,61344416,11066,10, is,5.527888298034668,1.0,0.0001506209373474121,0.7499938011169434
9,67401845,11600,10, is,3.513075590133667,1.0,0.0001195669174194336,0.792038083076477
9,78807725,12544,10, is,5.744809150695801,1.0,0.00021272897720336914,0.6839594841003418
9,79134480,12570,10, is,3.7429070472717285,1.0,0.00014191865921020508,0.7601019144058228
9,80499006,12678,9, Wilmington,8.513989448547363,1.0,0.00023227930068969727,0.664390504360199
9,85092525,13035,8, containing,8.340343475341797,1.0,0.0001342296600341797,0.7701645493507385
9,86454665,13139,10, is,3.813559055328369,1.0,0.0001246929168701172,0.7836247682571411
9,91037261,13483,1,Fact,26.625062942504883,1.0,0.0002162456512451172,0.6796752214431763
9,95295905,13795,10, is,4.18356990814209,1.0,0.00016069412231445312,0.7404742240905762
9,96987618,13917,10, is,4.094359397888184,1.0,0.0001614689826965332,0.7391864657402039
9,125286525,15819,1,Fact,50.327842712402344,1.0,0.0002550482749938965,0.6475629806518555
9,125381520,15825,8, containing,6.5006513595581055,1.0,0.00013017654418945312,0.7766326665878296
9,129500361,16083,8, containing,5.735475540161133,1.0,0.00011873245239257812,0.7939432859420776
10,-1,10,2,:,,1.0,0.0002809762954711914,0.6267021894454956
10,-1,10,4, capital,,1.0,0.00019234418869018555,0.7043390274047852
10,-1,10,5, of,,1.0,0.00030297040939331055,0.6121125817298889
10,-1,10,7, state,,1.0,0.000301361083984375,0.6133196949958801
10,-1,10,8, containing,,1.0,0.0005686581134796143,0.48855939507484436
10,-1,10,9, Wilmington,,1.0,0.0007897019386291504,0.43197861313819885
10,-1,10,10, is,,1.0,0.0007772743701934814,0.437466561794281
10,83017,396,8, containing,6.311796188354492,1.0,0.0001169443130493164,0.7960622906684875
10,832684,1279,10, is,1.997392177581787,1.0,0.00014168024063110352,0.7603852152824402
10,3363110,2582,8, containing,9.694164276123047,1.0,0.00016897916793823242,0.7294907569885254
10,7405465,3837,10, is,22.87323760986328,1.0,0.0002650618553161621,0.6387168169021606
10,7886395,3960,10, is,3.515383243560791,1.0,0.00017315149307250977,0.7243514060974121
10,10892767,4656,10, is,3.569230556488037,1.0,0.00013750791549682617,0.7659659385681152
10,10920790,4662,10, is,2.9599709510803223,1.0,0.00013011693954467773,0.7763723731040955
10,23225509,6804,1,Fact,40.47477340698242,1.0,0.00013744831085205078,0.7662407755851746
10,25251160,7095,10, is,5.010598182678223,1.0,0.00019752979278564453,0.6986851692199707
10,25329392,7106,1,Fact,28.407346725463867,1.0,0.00012749433517456055,0.7793349623680115
10,38583709,8773,7, state,11.069661140441895,1.0,0.000156402587890625,0.7453910708427429
10,41746942,9126,10, is,3.7748961448669434,1.0,0.00011920928955078125,0.7927543520927429
10,59891029,10933,1,Fact,48.730525970458984,1.0,0.00017333030700683594,0.7241782546043396
10,67506379,11608,7, state,8.57543659210205,1.0,0.00015604496002197266,0.7458596229553223
10,72342395,12017,9, Wilmington,8.941804885864258,1.0,0.00012737512588500977,0.7798445820808411
10,74951635,12232,1,Fact,39.398345947265625,1.0,0.00015908479690551758,0.7423927187919617
10,82439209,12829,10, is,2.874999761581421,1.0,0.00017780065536499023,0.7189108729362488
10,84246679,12969,9, Wilmington,5.2582807540893555,1.0,0.00019508600234985352,0.701238751411438
10,86441515,13137,10, is,5.392627716064453,1.0,0.00023996829986572266,0.6592036485671997
10,88637944,13303,10, is,4.515111446380615,1.0,0.00012493133544921875,0.7833752632141113
10,100614194,14174,1,Fact,55.09354782104492,1.0,0.00029915571212768555,0.6142205595970154
10,110224117,14836,10, is,4.786684036254883,1.0,0.00019609928131103516,0.7006528377532959
10,126794839,15913,9, Wilmington,6.5058794021606445,1.0,0.00015151500701904297,0.7487861514091492
11,-1,11,2,:,,1.0,0.0003304481506347656,0.5937824845314026
11,-1,11,4, capital,,1.0,0.00021451711654663086,0.6813955307006836
11,-1,11,5, of,,1.0,0.0002276897430419922,0.669446587562561
11,-1,11,7, state,,1.0,0.0003783702850341797,0.5627844333648682
11,-1,11,8, containing,,1.0,0.0003439784049987793,0.583683967590332
11,-1,11,9, Wilmington,,1.0,0.0006759166717529297,0.4633907079696655
11,-1,11,10, is,,1.0,0.0010088980197906494,0.40044844150543213
11,2222874,2096,9, Wilmington,5.799838066101074,1.0,0.00011485815048217773,0.7997642755508423
11,5987518,3448,8, containing,15.302181243896484,1.0,0.0001621842384338379,0.737568199634552
11,5987518,3448,9, Wilmington,5.518848419189453,1.0,0.0001246333122253418,0.7837494015693665
11,5987518,3448,10, is,15.132856369018555,1.0,0.0004209280014038086,0.5408145189285278
11,6324334,3544,9, Wilmington,30.688274383544922,1.0,0.0002149343490600586,0.6807515621185303
11,19528113,6237,9, Wilmington,12.582253456115723,1.0,0.0003198385238647461,0.6002973318099976
11,42278598,9183,1,Fact,52.00939178466797,1.0,0.00011515617370605469,0.7988443374633789
11,55952319,10566,10, is,13.153879165649414,1.0,0.00037866830825805664,0.562027633190155
11,62703189,11186,1,Fact,84.13044738769531,1.0,0.0001437664031982422,0.759101152420044
12,-1,12,2,:,,1.0,0.00027257204055786133,0.6330707669258118
12,-1,12,4, capital,,1.0,0.0002646446228027344,0.639775812625885
12,-1,12,5, of,,1.0,0.0002269744873046875,0.670583963394165
12,-1,12,7, state,,1.0,0.00028520822525024414,0.6238672137260437
12,-1,12,8, containing,,1.0,0.0003247857093811035,0.5977193713188171
12,-1,12,9, Wilmington,,1.0,0.0006775557994842529,0.46203869581222534
12,-1,12,10, is,,1.0,0.0013607144355773926,0.36352109909057617
12,2195547,2082,9, Wilmington,5.747306823730469,1.0,0.00013250112533569336,0.772433876991272
12,36924108,8580,10, is,5.899444580078125,1.0,0.0002257227897644043,0.671489953994751
12,45701567,9547,10, is,6.800951957702637,1.0,0.00014698505401611328,0.7545939087867737
12,54637818,10440,10, is,9.239837646484375,1.0,0.00026476383209228516,0.6392464637756348
12,56652677,10631,10, is,19.146690368652344,1.0,0.0006200075149536133,0.47365841269493103
12,70787138,11885,9, Wilmington,16.441316604614258,1.0,0.0003097057342529297,0.607830286026001
12,78206258,12493,1,Fact,66.01607513427734,1.0,0.00020039081573486328,0.6947087049484253
12,97783107,13971,10, is,5.952632904052734,1.0,0.00013941526412963867,0.763333797454834
12,121718990,15589,10, is,6.93138313293457,1.0,0.00019627809524536133,0.7004567384719849
13,-1,13,2,:,,1.0,0.00019943714141845703,0.6963077187538147
13,-1,13,4, capital,,1.0,0.0001804828643798828,0.715690553188324
13,-1,13,5, of,,1.0,0.0001716017723083496,0.7265934944152832
13,-1,13,7, state,,1.0,0.00023949146270751953,0.6594431400299072
13,-1,13,8, containing,,1.0,0.00036531686782836914,0.5709660053253174
13,-1,13,9, Wilmington,,1.0,0.0004970431327819824,0.511180579662323
13,-1,13,10, is,,1.0,0.0023907124996185303,0.32064396142959595
13,1131746,1490,10, is,6.619314193725586,1.0,0.00019752979278564453,0.6988826990127563
13,25010114,7058,10, is,13.38321304321289,1.0,0.0004488229751586914,0.528141438961029
13,25194337,7084,10, is,8.254234313964844,1.0,0.00012117624282836914,0.7892695069313049
13,28376797,7519,9, Wilmington,6.610012054443359,1.0,0.00014787912368774414,0.7532676458358765
13,28671364,7558,10, is,11.732223510742188,1.0,0.0002493858337402344,0.652358889579773
13,34907176,8341,10, is,11.522464752197266,1.0,0.00028514862060546875,0.6241523623466492
13,37380967,8632,9, Wilmington,9.409276008605957,1.0,0.00017452239990234375,0.722960889339447
13,44674864,9438,10, is,8.459118843078613,1.0,0.0002917647361755371,0.6195391416549683
13,62412364,11158,10, is,6.726585388183594,1.0,0.00018084049224853516,0.7153294086456299
13,114996181,15151,10, is,7.679414749145508,1.0,0.00026619434356689453,0.6379207372665405
13,126603814,15898,9, Wilmington,14.647928237915039,1.0,0.00016194581985473633,0.7382163405418396
14,-1,14,2,:,,1.0,0.00014913082122802734,0.7511899471282959
14,-1,14,4, capital,,1.0,0.00035750865936279297,0.5738533735275269
14,-1,14,5, of,,1.0,0.00021958351135253906,0.6772795915603638
14,-1,14,7, state,,1.0,0.00020462274551391602,0.6912615299224854
14,-1,14,8, containing,,1.0,0.00018841028213500977,0.708147406578064
14,-1,14,9, Wilmington,,1.0,0.001943737268447876,0.33761876821517944
14,-1,14,10, is,,1.0,0.0016276538372039795,0.35315924882888794
14,3409951,2596,8, containing,33.19698715209961,1.0,0.000148773193359375,0.7517856955528259
14,7370865,3824,10, is,8.002326011657715,1.0,0.00028896331787109375,0.6212810277938843
14,11393136,4758,10, is,9.010411262512207,1.0,0.00018936395645141602,0.7073931097984314
14,43641138,9327,9, Wilmington,11.024169921875,1.0,0.0001932978630065918,0.7031822204589844
14,53680326,10346,10, is,16.433597564697266,1.0,0.00043952465057373047,0.5343548059463501
14,57464545,10705,4, capital,13.072966575622559,1.0,0.00014019012451171875,0.7623549699783325
14,93017965,13624,7, state,15.64811897277832,1.0,0.0001926422119140625,0.7039540410041809
14,101509861,14233,10, is,6.445884704589844,1.0,0.00023478269577026367,0.6627562046051025
15,-1,15,2,:,,1.0,0.00013053417205810547,0.7757204174995422
15,-1,15,4, capital,,1.0,0.0002422332763671875,0.6584808230400085
15,-1,15,5, of,,1.0,0.00011807680130004883,0.7946531176567078
15,-1,15,7, state,,1.0,0.0001850128173828125,0.711128830909729
15,-1,15,8, containing,,1.0,0.00020563602447509766,0.6906468272209167
15,-1,15,9, Wilmington,,1.0,0.001129150390625,0.3857511878013611
15,-1,15,10, is,,1.0,0.003135204315185547,0.3047999143600464
15,39887,266,7, state,21.238773345947266,1.0,0.00018846988677978516,0.707958996295929
15,1533860,1735,10, is,15.787262916564941,1.0,0.0005984604358673096,0.48156052827835083
15,2254610,2107,9, Wilmington,10.113125801086426,1.0,0.00020599365234375,0.690235435962677
15,3214364,2519,10, is,12.53995418548584,1.0,0.00029152631759643555,0.6201222538948059
15,10172289,4494,4, capital,68.67831420898438,1.0,0.0010205209255218506,0.39842018485069275
15,10172289,4494,5, of,29.19379425048828,1.0,0.00013893842697143555,0.7640296220779419
15,11146265,4705,10, is,13.18256950378418,1.0,0.00027441978454589844,0.6319776773452759
15,25779774,7164,10, is,15.329408645629883,1.0,0.0006656944751739502,0.4660673439502716
15,28016339,7469,10, is,7.188570976257324,1.0,0.00020760297775268555,0.6889942288398743
15,43463810,9307,9, Wilmington,18.830333709716797,1.0,0.00031435489654541016,0.6031506061553955
15,46623980,9640,7, state,27.183032989501953,1.0,0.00017517805099487305,0.7220869064331055
15,54983325,10470,9, Wilmington,17.847354888916016,1.0,0.00040972232818603516,0.5474607348442078
15,71730237,11961,10, is,7.356621742248535,1.0,0.00020271539688110352,0.6930962800979614
15,77981300,12472,9, Wilmington,40.97001647949219,1.0,0.00017082691192626953,0.7274499535560608
15,128985875,16045,9, Wilmington,8.793375015258789,1.0,0.00023812055587768555,0.659919798374176
16,-1,16,7, state,,1.0,0.0001729726791381836,0.7245243787765503
16,-1,16,8, containing,,1.0,0.00018256902694702148,0.7135139107704163
16,-1,16,9, Wilmington,,1.0,0.0008008182048797607,0.4296020567417145
16,-1,16,10, is,,1.0,0.0020457804203033447,0.33367443084716797
16,6046486,3460,4, capital,40.836143493652344,1.0,0.00011849403381347656,0.7941802144050598
16,9311753,4298,10, is,18.868572235107422,1.0,0.0010430216789245605,0.39429405331611633
16,12693224,5021,10, is,13.293450355529785,1.0,0.0007029175758361816,0.4544529914855957
16,15127733,5483,10, is,9.801761627197266,1.0,0.0004181861877441406,0.5429104566574097
16,21160748,6488,9, Wilmington,16.121612548828125,1.0,0.0001532435417175293,0.7478733062744141
16,21180269,6491,10, is,12.655652046203613,1.0,0.000705331563949585,0.4523409903049469
16,25837249,7171,4, capital,43.29798126220703,1.0,0.00011909008026123047,0.7928734421730042
16,33599486,8180,9, Wilmington,12.195991516113281,1.0,0.0001685023307800293,0.7299968600273132
16,45501013,9522,10, is,18.190351486206055,1.0,0.0006065964698791504,0.47794973850250244
16,52219073,10202,10, is,9.50675106048584,1.0,0.00033843517303466797,0.587096095085144
16,80587843,12678,9, Wilmington,25.4444580078125,1.0,0.0006854534149169922,0.4606802463531494
16,91320838,13497,10, is,8.133978843688965,1.0,0.000244140625,0.655564546585083
16,116136403,15223,10, is,24.539636611938477,1.0,0.0002346038818359375,0.6629908084869385
17,-1,17,7, state,,1.0,0.0002474188804626465,0.6538483500480652
17,-1,17,8, containing,,1.0,0.0001380443572998047,0.765552818775177
17,-1,17,9, Wilmington,,1.0,0.0012601017951965332,0.3739100992679596
17,-1,17,10, is,,1.0,0.002071678638458252,0.32957205176353455
17,103267,436,10, is,12.674955368041992,1.0,0.0003383755683898926,0.5874344706535339
17,296047,751,10, is,9.383750915527344,1.0,0.0003768801689147949,0.5639163255691528
17,3725067,2711,10, is,7.417268753051758,1.0,0.00020825862884521484,0.6879547238349915
17,17049862,5821,10, is,15.459156036376953,1.0,0.000783085823059082,0.43512722849845886
17,23150592,6786,10, is,9.641590118408203,1.0,0.0003934502601623535,0.5562415719032288
17,25894788,7178,10, is,32.04612731933594,1.0,0.0024497807025909424,0.3182532489299774
17,30306987,7767,9, Wilmington,46.08100891113281,1.0,0.00012689828872680664,0.780607283115387
17,30306987,7767,10, is,24.418869018554688,1.0,0.0003439784049987793,0.5840279459953308
17,46373247,9612,10, is,6.996451377868652,1.0,0.00026810169219970703,0.6368533968925476
17,57947977,10747,10, is,12.628832817077637,1.0,0.0005178451538085938,0.5025926232337952
17,60077223,10943,9, Wilmington,11.319991111755371,1.0,0.00012499094009399414,0.7832503318786621
17,88026528,13250,7, state,73.12593841552734,1.0,0.0004993081092834473,0.5091884732246399
17,91483083,13508,9, Wilmington,13.78364086151123,1.0,0.00012362003326416016,0.7848644256591797
17,124307010,15749,9, Wilmington,16.65678596496582,1.0,0.00026869773864746094,0.6360483765602112
18,-1,18,8, containing,,1.0,0.00014525651931762695,0.7569328546524048
18,-1,18,9, Wilmington,,1.0,0.0003941655158996582,0.5542733073234558
18,-1,18,10, is,,1.0,0.002056598663330078,0.3316286504268646
18,40167,264,10, is,20.755146026611328,1.0,0.001306772232055664,0.36881521344184875
18,546516,1026,10, is,14.987707138061523,1.0,0.0004703998565673828,0.5203196406364441
18,1781309,1868,9, Wilmington,26.67507553100586,1.0,0.00036406517028808594,0.5713300704956055
18,1781309,1868,10, is,14.085819244384766,1.0,0.0005854368209838867,0.48509401082992554
18,6320771,3536,10, is,15.301313400268555,1.0,0.0009656846523284912,0.4112882912158966
18,7494237,3852,10, is,8.91840648651123,1.0,0.0003784298896789551,0.562406063079834
18,13176392,5114,9, Wilmington,22.69574546813965,1.0,0.00034946203231811523,0.5805653929710388
18,15204836,5495,10, is,12.436373710632324,1.0,0.0011828839778900146,0.381110817193985
18,18730241,6101,10, is,28.346317291259766,1.0,0.00271451473236084,0.313271701335907
18,30345926,7771,9, Wilmington,11.1685791015625,1.0,0.00012671947479248047,0.7808608412742615
18,40306712,8959,10, is,58.07221603393555,1.0,0.004764527082443237,0.2857619524002075
18,44514311,9416,10, is,8.959397315979004,1.0,0.00037616491317749023,0.5642924904823303
18,60208832,10954,9, Wilmington,18.718345642089844,1.0,0.00014698505401611328,0.7544469237327576
18,67030812,11559,9, Wilmington,19.64927864074707,1.0,0.00018066167831420898,0.7155100703239441
18,67030812,11559,10, is,9.825111389160156,1.0,0.00023251771926879883,0.6639257669448853
18,68427432,11679,9, Wilmington,8.941713333129883,1.0,0.00012683868408203125,0.7804803848266602
19,-1,19,9, Wilmington,,1.0,0.0003268122673034668,0.5967444777488708
19,-1,19,10, is,,1.0,0.001864403486251831,0.34139859676361084
19,93076,411,10, is,8.93281364440918,1.0,0.00019150972366333008,0.7054905295372009
19,1073825,1445,10, is,34.5357666015625,1.0,0.001189589500427246,0.37874120473861694
19,1239505,1554,9, Wilmington,15.974101066589355,1.0,0.00014531612396240234,0.7567875981330872
19,3024550,2439,10, is,20.67013931274414,1.0,0.0005223751068115234,0.5005137920379639
19,3396901,2586,9, Wilmington,53.31231689453125,1.0,0.0008276402950286865,0.4238949418067932
19,3396901,2586,10, is,12.185516357421875,1.0,0.00037038326263427734,0.5680251121520996
19,3686950,2695,10, is,10.241910934448242,1.0,0.0012280046939849854,0.3751381039619446
19,3929786,2783,10, is,7.521005630493164,1.0,0.00032973289489746094,0.5951023101806641
19,11894983,4857,10, is,20.56361198425293,1.0,0.0007240176200866699,0.450202614068985
19,16574383,5737,10, is,7.11338996887207,1.0,0.0003521442413330078,0.5781069993972778
19,90229441,13413,9, Wilmington,33.24452590942383,1.0,0.00016325712203979492,0.7359400391578674
19,92242133,13562,9, Wilmington,14.392269134521484,1.0,0.00012063980102539062,0.7904785871505737
19,96750985,13890,10, is,12.620220184326172,1.0,0.00021755695343017578,0.6785901784896851
19,106791785,14594,9, Wilmington,29.277063369750977,1.0,0.0017426609992980957,0.34488970041275024
19,106791785,14594,10, is,12.45036506652832,1.0,0.0013290643692016602,0.36620017886161804
19,122891983,15657,10, is,15.553627967834473,1.0,0.00042504072189331055,0.5399720668792725
20,-1,20,9, Wilmington,,1.0,0.00031131505966186523,0.6059671640396118
20,-1,20,10, is,,1.0,0.002531766891479492,0.3158034682273865
20,281604,729,9, Wilmington,12.76629638671875,1.0,0.00017791986465454102,0.7187330722808838
20,281604,729,10, is,16.67461395263672,1.0,0.000507652759552002,0.505662739276886
20,1073824,1444,10, is,14.542226791381836,1.0,0.001057058572769165,0.3932510316371918
20,4218039,2883,10, is,15.336227416992188,1.0,0.0006129741668701172,0.47612035274505615
20,13820632,5236,10, is,17.036075592041016,1.0,0.0007886886596679688,0.43355628848075867
20,14875764,5433,10, is,12.360079765319824,1.0,0.0003699660301208496,0.5687654614448547
20,17626932,5916,10, is,54.91392135620117,1.0,0.0019154250621795654,0.339534193277359
20,18286107,6026,10, is,13.859649658203125,1.0,0.0004699826240539551,0.520789623260498
20,28339135,7507,10, is,18.60312271118164,1.0,0.0010265111923217773,0.3973996639251709
20,43715904,9329,10, is,9.307881355285645,1.0,0.0002468228340148926,0.6540951728820801
20,52792929,10254,10, is,18.373146057128906,1.0,0.0005760490894317627,0.48799073696136475
20,67576104,11604,9, Wilmington,25.176565170288086,1.0,0.00027436017990112305,0.632252037525177
20,107289255,14627,9, Wilmington,21.0963077545166,1.0,0.00016701221466064453,0.7306679487228394
20,114829414,15133,10, is,16.3877010345459,1.0,0.0010193586349487305,0.3994395434856415
20,134242284,16364,10, is,10.52247428894043,1.0,0.0005071163177490234,0.5066772103309631
21,-1,21,9, Wilmington,,1.0,0.0003318190574645996,0.5917958617210388
21,-1,21,10, is,,1.0,0.003542393445968628,0.30166471004486084
21,14175128,5302,10, is,15.25416374206543,1.0,0.00022983551025390625,0.6673915982246399
21,15105734,5474,9, Wilmington,11.359857559204102,1.0,0.00012761354446411133,0.7792074680328369
21,16991513,5807,10, is,12.789849281311035,1.0,0.0004120469093322754,0.5462288856506348
21,17793573,5943,10, is,59.87533950805664,1.0,0.008660286664962769,0.2621932327747345
21,20088269,6316,10, is,8.211029052734375,1.0,0.00013554096221923828,0.7677395939826965
21,40811073,9012,10, is,11.49215316772461,1.0,0.0001773238182067871,0.7196210622787476
21,53649239,10336,10, is,23.157032012939453,1.0,0.0011543631553649902,0.3846220374107361
21,75270293,12247,10, is,11.109128952026367,1.0,0.0002308487892150879,0.6660102605819702
21,90256308,13413,9, Wilmington,9.604406356811523,1.0,0.00011664628982543945,0.7965290546417236
21,90256308,13413,10, is,8.805841445922852,1.0,0.0002671480178833008,0.6371205449104309
21,112462481,14975,10, is,15.651222229003906,1.0,0.0007531642913818359,0.4435616135597229
21,118402944,15366,10, is,24.945552825927734,1.0,0.0009756386280059814,0.4093562960624695
22,-1,22,9, Wilmington,,1.0,0.00025135278701782227,0.651607096195221
22,-1,22,10, is,,1.0,0.005864739418029785,0.2754599452018738
22,1462,31,10, is,27.455455780029297,1.0,0.0004976391792297363,0.510683536529541
22,3194105,2504,10, is,9.646501541137695,1.0,0.00023442506790161133,0.6632252335548401
22,9169880,4259,10, is,9.967233657836914,1.0,0.0007096529006958008,0.4516356587409973
22,9872323,4420,10, is,24.690078735351562,1.0,0.0007686316967010498,0.43978244066238403
22,12612730,4999,10, is,34.74955368041992,1.0,0.003011375665664673,0.30781129002571106
22,18267967,6021,10, is,8.801431655883789,1.0,0.0003738999366760254,0.5661678314208984
22,30050605,7729,10, is,12.219772338867188,1.0,0.0003935694694519043,0.5554545521736145
22,63208123,11220,10, is,30.355113983154297,1.0,0.00098380446434021,0.4054425358772278
22,93058880,13619,10, is,11.95279312133789,1.0,0.00014775991439819336,0.7534154057502747
22,116441407,15237,10, is,7.983519554138184,1.0,0.0001843571662902832,0.7114979028701782
23,-1,23,10, is,,1.0,0.004212886095046997,0.29439595341682434
23,2480854,2203,10, is,45.762245178222656,1.0,0.0011776089668273926,0.3834676742553711
23,4619256,3015,10, is,11.69191837310791,1.0,0.0002891421318054199,0.6209920644760132
23,9144202,4252,10, is,8.9754638671875,1.0,0.0002428889274597168,0.6575109958648682
23,9930172,4432,10, is,10.643332481384277,1.0,0.00012069940567016602,0.7902372479438782
23,19000506,6140,10, is,7.870716094970703,1.0,0.00015562772750854492,0.7464826703071594
23,20113629,6318,10, is,18.118114471435547,1.0,0.0009787976741790771,0.40740272402763367
23,20843172,6432,10, is,11.210580825805664,1.0,0.00023853778839111328,0.6596816778182983
23,27132637,7342,10, is,18.942771911621094,1.0,0.0003521442413330078,0.5784591436386108
23,33403027,8149,10, is,17.195615768432617,1.0,0.0002288818359375,0.667849600315094
23,40423512,8967,10, is,11.183856964111328,1.0,0.0005858242511749268,0.48450857400894165
23,46517811,9621,10, is,11.393354415893555,1.0,0.00020825862884521484,0.6881629824638367
23,58714842,10812,10, is,14.840887069702148,1.0,0.0006154179573059082,0.4748932719230652
23,65763222,11444,10, is,14.592035293579102,1.0,0.00020068883895874023,0.6943077445030212
23,74401677,12174,10, is,10.148758888244629,1.0,0.0007544159889221191,0.4420545995235443
23,74645847,12194,10, is,12.205544471740723,1.0,0.00045490264892578125,0.5272427797317505
23,75172167,12237,10, is,46.910850524902344,1.0,0.003726363182067871,0.2981223165988922
23,87351129,13193,10, is,20.255300521850586,1.0,0.001003175973892212,0.4034634530544281
23,92011371,13541,10, is,22.102333068847656,1.0,0.0016641318798065186,0.3482324182987213
23,108464332,14704,10, is,7.260988235473633,1.0,0.00023090839385986328,0.6662411689758301
23,112807686,14996,10, is,6.105989456176758,1.0,0.0002562999725341797,0.6465411186218262
24,-1,24,10, is,,1.0,0.005537480115890503,0.2809974253177643
24,269720,709,10, is,16.055387496948242,1.0,0.0004107356071472168,0.5470510125160217
24,7097003,3742,10, is,21.088289260864258,1.0,0.0005798041820526123,0.48625805974006653
24,12512478,4977,10, is,9.268363952636719,1.0,0.00022774934768676758,0.669218897819519
24,16207946,5668,10, is,29.837570190429688,1.0,0.00038951635360717773,0.5585857033729553
24,18147275,5999,10, is,39.728641510009766,1.0,0.0015503764152526855,0.3579586446285248
24,20604965,6394,10, is,19.723007202148438,1.0,0.002745896577835083,0.31055718660354614
24,25386350,7100,10, is,16.35392951965332,1.0,0.00045686960220336914,0.5254212021827698
24,49526103,9927,10, is,7.205522537231445,1.0,0.0002377629280090332,0.660395622253418
24,54700545,10434,10, is,13.545232772827148,1.0,0.00044590234756469727,0.5294840335845947
24,59825366,10913,10, is,7.201513290405273,1.0,0.00031179189682006836,0.60565584897995
24,81249353,12722,10, is,5.873128890991211,1.0,0.00018256902694702148,0.7133313417434692
24,88478228,13277,10, is,101.87118530273438,1.0,0.004421114921569824,0.29018306732177734
24,105291791,14486,10, is,17.053428649902344,1.0,0.00028395652770996094,0.6250057816505432
24,105495050,14500,10, is,39.88654708862305,1.0,0.0016273558139801025,0.35478660464286804
24,113078216,15013,10, is,28.374975204467773,1.0,0.0016216635704040527,0.3564082682132721
24,122625605,15635,10, is,24.78626823425293,1.0,0.0008206963539123535,0.42636656761169434
24,132576161,16258,10, is,15.205259323120117,1.0,0.00045758485794067383,0.5249643325805664
25,-1,25,10, is,,1.0,0.002287626266479492,0.32531970739364624
25,167884,553,10, is,44.049835205078125,1.0,0.000685572624206543,0.4599947929382324
25,185719,583,10, is,16.923900604248047,1.0,0.000249326229095459,0.6526082158088684
25,310840,762,10, is,12.690112113952637,1.0,0.0004550814628601074,0.5267878770828247
25,2985320,2417,10, is,13.115772247314453,1.0,0.00036829710006713867,0.5691337585449219
25,3196630,2502,10, is,14.053359985351562,1.0,0.0004087686538696289,0.5482786297798157
25,3681515,2687,10, is,10.563531875610352,1.0,0.00039649009704589844,0.5522955060005188
25,3885052,2761,10, is,6.882833480834961,1.0,0.0003075599670410156,0.6093714833259583
25,5413669,3264,10, is,32.339683532714844,1.0,0.0010037124156951904,0.4024602770805359
25,11070839,4679,10, is,18.172521591186523,1.0,0.0005516111850738525,0.4935699999332428
25,11250370,4717,10, is,11.267016410827637,1.0,0.0002619624137878418,0.6421430110931396
25,12066302,4886,10, is,33.146820068359375,1.0,0.0013710558414459229,0.3621603846549988
25,17745877,5931,10, is,11.723562240600586,1.0,0.0005500912666320801,0.4941200911998749
25,18675190,6085,10, is,6.603632926940918,1.0,0.0005488693714141846,0.49466896057128906
25,28031302,7461,10, is,13.512077331542969,1.0,0.0003961324691772461,0.552691638469696
25,36299434,8494,10, is,7.583700180053711,1.0,0.0006926059722900391,0.45793020725250244
25,39041840,8810,10, is,14.480583190917969,1.0,0.0005110502243041992,0.5041335821151733
25,50014975,9975,10, is,64.7833023071289,1.0,0.0016634464263916016,0.3498958647251129
25,53835850,10350,10, is,18.347536087036133,1.0,0.0004833340644836426,0.515087366104126
25,68263744,11658,10, is,8.795095443725586,1.0,0.000352323055267334,0.5770503878593445
25,72619300,12025,10, is,19.138477325439453,1.0,0.000502169132232666,0.5081892013549805
25,75651124,12274,10, is,16.45188331604004,1.0,0.0004481673240661621,0.52903813123703
25,93495949,13648,10, is,7.6981048583984375,1.0,0.00019794702529907227,0.6976970434188843
25,114723352,15121,10, is,7.900376319885254,1.0,0.0001450181007385254,0.7572230100631714
25,114874877,15131,10, is,10.178339958190918,1.0,0.00023186206817626953,0.6646223664283752
25,121064554,15534,10, is,8.413495063781738,1.0,0.0006898045539855957,0.45862001180648804
25,126174529,15859,10, is,7.137787818908691,1.0,0.00018167495727539062,0.7142419219017029
25,130483909,16128,10, is,12.046744346618652,1.0,0.0007513761520385742,0.4450649917125702
25,133309930,16302,10, is,25.581045150756836,1.0,0.0008642971515655518,0.42052799463272095
25,133702102,16326,10, is,12.955662727355957,1.0,0.00044852495193481445,0.5285899639129639
27,573,573,10, is,,1.0,,
27,4612,4612,10, is,,1.0,,
27,41325,41325,10, is,,1.0,,
27,43939,43939,10, is,,1.0,,
27,58271,58271,10, is,,1.0,,
27,68672,68672,10, is,,1.0,,
27,112353,112353,10, is,,1.0,,
27,132168,132168,10, is,,1.0,,
27,235248,235248,10, is,,1.0,,
