layer,feature,id,ctx_idx,token,activation,frac_external_raw,node_influence,cumulative_influence
-1,0,2,0,<bos>,,1.0,0.039382580667734146,0.08274752646684647
-1,1,18143,1,Fact,,1.0,0.03719387203454971,0.11994139850139618
-1,2,235292,2,:,,1.0,0.01820869743824005,0.22865904867649078
-1,3,714,3, The,,1.0,0.027667775750160217,0.1476091742515564
-1,4,6037,4, capital,,1.0,0.04336494579911232,0.04336494579911232
-1,5,576,5, of,,1.0,0.010234266519546509,0.2569727897644043
-1,6,573,6, the,,1.0,0.006829798221588135,0.26380258798599243
-1,7,2329,7, state,,1.0,0.01919277012348175,0.21045035123825073
-1,8,10751,8, containing,,1.0,0.02218504250049591,0.1697942167520523
-1,9,10147,9, Chicago,,1.0,0.021463364362716675,0.19125758111476898
-1,10,603,10, is,,1.0,0.018079474568367004,0.2467385232448578
0,-1,0,1,Fact,,1.0,0.001963973045349121,0.33340325951576233
0,-1,0,2,:,,1.0,0.0007875263690948486,0.4314813017845154
0,-1,0,3, The,,1.0,0.00043904781341552734,0.5369457602500916
0,-1,0,4, capital,,1.0,0.0014049112796783447,0.3572338819503784
0,-1,0,5, of,,1.0,0.00031119585037231445,0.601608157157898
0,-1,0,7, state,,1.0,0.0005800127983093262,0.4799869656562805
0,-1,0,8, containing,,1.0,0.0011641383171081543,0.37922945618629456
0,-1,0,9, Chicago,,1.0,0.00049591064453125,0.5093636512756348
0,-1,0,10, is,,1.0,0.00030028820037841797,0.6098349690437317
0,1274,49,7, state,4.469497203826904,1.0,0.00027316808700561523,0.6312451958656311
0,1430,52,5, of,2.026129722595215,1.0,0.00013327598571777344,0.7699239253997803
0,2210,65,8, containing,4.890505790710449,1.0,0.0002410411834716797,0.6572534441947937
0,3002,76,8, containing,3.8544089794158936,1.0,0.00022965669631958008,0.6701670289039612
0,4752,96,3, The,4.516541481018066,1.0,0.00019997358322143555,0.6958139538764954
0,8255,127,9, Chicago,2.3454055786132812,1.0,0.00015801191329956055,0.7378407716751099
0,13040,160,4, capital,1.2090411186218262,1.0,0.0001207590103149414,0.7867158651351929
0,21944,208,1,Fact,1.1732163429260254,1.0,0.00012308359146118164,0.7850096821784973
0,31374,249,8, containing,3.72662353515625,1.0,0.0002073049545288086,0.6882840394973755
0,36314,268,2,:,2.5549702644348145,1.0,0.00026869773864746094,0.6336828470230103
0,46055,302,4, capital,3.32346248626709,1.0,0.0002791881561279297,0.6268397569656372
0,46970,305,4, capital,2.3759379386901855,1.0,0.00023859739303588867,0.6603677868843079
0,63545,355,1,Fact,1.8563108444213867,1.0,0.00014191865921020508,0.7581217885017395
0,63545,355,4, capital,2.010589361190796,1.0,0.00014138221740722656,0.7586883306503296
0,76244,389,7, state,4.427918910980225,1.0,0.0001722574234008789,0.7232034206390381
0,78209,394,4, capital,6.6453094482421875,1.0,0.0006317198276519775,0.46852532029151917
0,81809,403,8, containing,5.660445690155029,1.0,0.00030303001403808594,0.6068212985992432
0,90099,423,4, capital,2.311923027038574,1.0,0.00021308660507202148,0.6845071911811829
0,96140,437,1,Fact,2.300577402114868,1.0,0.0002435445785522461,0.6548293828964233
0,114959,478,1,Fact,3.156907796859741,1.0,0.00028210878372192383,0.6234749555587769
0,118340,485,3, The,3.5978288650512695,1.0,0.00024259090423583984,0.6560446619987488
0,176120,592,8, containing,8.270624160766602,1.0,0.0003922581672668457,0.5569483637809753
0,234954,684,1,Fact,1.0105218887329102,1.0,0.0001252293586730957,0.7817835211753845
0,365939,854,8, containing,4.336056709289551,1.0,0.0002205371856689453,0.677363932132721
0,498500,997,1,Fact,6.236116409301758,1.0,0.0007281005382537842,0.4479370713233948
0,526850,1025,8, containing,2.1325135231018066,1.0,0.00012350082397460938,0.7843934297561646
0,575127,1071,4, capital,3.151749610900879,1.0,0.00032907724380493164,0.5900828242301941
0,592415,1087,1,Fact,1.708437442779541,1.0,0.00018906593322753906,0.7047648429870605
0,625520,1117,3, The,5.124606609344482,1.0,0.00028389692306518555,0.6212119460105896
0,649229,1138,4, capital,1.8897980451583862,1.0,0.0002033710479736328,0.6925912499427795
0,743589,1218,4, capital,1.721142292022705,1.0,0.00017821788787841797,0.7170652151107788
0,833985,1290,8, containing,9.914241790771484,1.0,0.000615239143371582,0.47286802530288696
0,1050524,1448,10, is,3.826374053955078,1.0,0.00019234418869018555,0.702476441860199
0,1131759,1503,4, capital,1.06581449508667,1.0,0.00011265277862548828,0.7995787262916565
0,1178879,1534,1,Fact,1.4306721687316895,1.0,0.0001480579376220703,0.7491568922996521
0,1180415,1535,3, The,3.932457447052002,1.0,0.0001652240753173828,0.7297840714454651
0,1242675,1575,7, state,6.373180389404297,1.0,0.00037747621536254883,0.5642420053482056
0,1439055,1695,3, The,3.5861077308654785,1.0,0.0002377033233642578,0.6606054902076721
0,1447550,1700,4, capital,3.9576854705810547,1.0,0.00029736757278442383,0.6116297245025635
0,1708475,1847,1,Fact,3.794651508331299,1.0,0.0002995729446411133,0.6107350587844849
0,1708475,1847,4, capital,5.480682373046875,1.0,0.00033986568450927734,0.5823479890823364
0,1708475,1847,8, containing,4.096615791320801,1.0,0.0002161264419555664,0.6810779571533203
0,1708475,1847,9, Chicago,5.451353073120117,1.0,0.00031507015228271484,0.5997307300567627
0,1813559,1903,1,Fact,5.34158992767334,1.0,0.0006125271320343018,0.4740954339504242
0,1925702,1961,4, capital,13.853837966918945,1.0,0.0013033747673034668,0.36932283639907837
0,1935527,1966,8, containing,3.841714382171631,1.0,0.00018405914306640625,0.7107315063476562
0,1998999,1998,10, is,7.417106628417969,1.0,0.00044846534729003906,0.5329505801200867
0,2106377,2051,1,Fact,1.365659236907959,1.0,0.00013053417205810547,0.7736098170280457
0,2239785,2115,1,Fact,5.4611101150512695,1.0,0.0003483891487121582,0.5765028595924377
0,2239785,2115,4, capital,10.859954833984375,1.0,0.0005681514739990234,0.4857173562049866
0,2239785,2115,7, state,4.313248157501221,1.0,0.00013649463653564453,0.7652055025100708
0,2239785,2115,9, Chicago,10.20732593536377,1.0,0.000433504581451416,0.5408772826194763
0,2399144,2189,1,Fact,3.522055149078369,1.0,0.00016742944717407227,0.7282910943031311
0,2399144,2189,4, capital,5.466213226318359,1.0,0.0001995563507080078,0.696412980556488
0,2399144,2189,7, state,4.9510178565979,1.0,0.00011593103408813477,0.7954645156860352
0,2399144,2189,9, Chicago,4.847901821136475,1.0,0.00013655424118041992,0.7650690078735352
0,2432114,2204,4, capital,5.324213981628418,1.0,0.0004512667655944824,0.5311503410339355
0,2536877,2251,4, capital,2.399319648742676,1.0,0.00027424097061157227,0.6296049356460571
0,2710955,2327,4, capital,3.4263253211975098,1.0,0.0002866983413696289,0.6195030212402344
0,2900435,2407,1,Fact,2.128221035003662,1.0,0.00017827749252319336,0.7167088389396667
0,2919735,2415,4, capital,2.4649415016174316,1.0,0.00018286705017089844,0.7120148539543152
0,3017195,2455,1,Fact,1.5897736549377441,1.0,0.00013822317123413086,0.7624592781066895
0,3151304,2509,8, containing,4.2427520751953125,1.0,0.00022798776626586914,0.6717666387557983
0,3163869,2514,10, is,1.7399730682373047,1.0,0.00012415647506713867,0.7831544876098633
0,3347577,2586,1,Fact,1.614184021949768,1.0,0.0001302957534790039,0.7738705277442932
0,3425652,2616,1,Fact,2.3043525218963623,1.0,0.00022840499877929688,0.6713106632232666
0,3507275,2647,1,Fact,1.5792505741119385,1.0,0.00018262863159179688,0.712197482585907
0,3714174,2724,1,Fact,3.2072646617889404,1.0,0.00027811527252197266,0.6273967623710632
0,4039902,2841,10, is,4.613208770751953,1.0,0.00033402442932128906,0.5880892872810364
0,4059824,2848,5, of,35.20903778076172,1.0,0.002083420753479004,0.329461008310318
0,4065525,2850,4, capital,6.157759189605713,1.0,0.00044041872024536133,0.536506712436676
0,4088369,2858,2,:,2.7381038665771484,1.0,0.0003234744071960449,0.5933439135551453
0,4244240,2912,3, The,5.304627418518066,1.0,0.0002849102020263672,0.6200746297836304
0,4302710,2932,8, containing,5.7334794998168945,1.0,0.0003388524055480957,0.585063099861145
0,4513509,3003,7, state,4.0176849365234375,1.0,0.00021326541900634766,0.6838675737380981
0,4558689,3018,3, The,5.989956378936768,1.0,0.0003193020820617676,0.5965563654899597
0,4628402,3041,8, containing,2.629519462585449,1.0,0.00013691186904907227,0.7643855214118958
0,4701710,3065,4, capital,2.024775981903076,1.0,0.0001614689826965332,0.7333765029907227
0,4934510,3140,1,Fact,1.4692068099975586,1.0,0.00011283159255981445,0.7993531823158264
0,4988060,3157,7, state,2.8582239151000977,1.0,0.00013816356658935547,0.7625974416732788
0,5115200,3197,7, state,3.7827138900756836,1.0,0.00018769502639770508,0.705895185470581
0,5166504,3213,7, state,1.8749444484710693,1.0,0.0001233220100402832,0.7846401929855347
0,5260145,3242,9, Chicago,2.9966940879821777,1.0,0.0001201629638671875,0.7879204154014587
0,5397254,3284,4, capital,5.291519641876221,1.0,0.0004799962043762207,0.5166741013526917
0,5416985,3290,8, containing,7.553137302398682,1.0,0.00039881467819213867,0.5545791387557983
0,5426864,3293,1,Fact,1.6301031112670898,1.0,0.0001963973045349121,0.698784589767456
0,5546114,3329,3, The,4.373269081115723,1.0,0.00024187564849853516,0.6565291285514832
0,5552777,3331,4, capital,6.316155433654785,1.0,0.0005027055740356445,0.5048739314079285
0,5643119,3358,6, the,4.725994110107422,1.0,0.0001437664031982422,0.7545516490936279
0,5720652,3381,10, is,2.198798418045044,1.0,0.00012034177780151367,0.7876800894737244
0,5825990,3412,4, capital,3.7463364601135254,1.0,0.0003007650375366211,0.6086331605911255
0,5908202,3436,3, The,6.861283779144287,1.0,0.0004509091377258301,0.5320523977279663
0,5994452,3461,1,Fact,3.231147527694702,1.0,0.00023603439331054688,0.662971019744873
0,6074354,3484,4, capital,5.465743064880371,1.0,0.00045114755630493164,0.5316014885902405
0,6112755,3495,7, state,2.3617191314697266,1.0,0.0001360177993774414,0.7657504677772522
0,6189920,3517,5, of,2.1581811904907227,1.0,0.00012981891632080078,0.774520754814148
0,6211049,3523,3, The,4.096311092376709,1.0,0.00023180246353149414,0.6662415862083435
0,6317234,3553,4, capital,3.332332134246826,1.0,0.0002452731132507324,0.6521414518356323
0,6478199,3598,8, containing,16.707168579101562,1.0,0.0009390711784362793,0.40687763690948486
0,6499814,3604,1,Fact,1.489027976989746,1.0,0.00013124942779541016,0.772693932056427
0,6499814,3604,9, Chicago,2.908825397491455,1.0,0.0002041459083557129,0.6915727257728577
0,6615702,3636,1,Fact,2.7071421146392822,1.0,0.00019276142120361328,0.7020915150642395
0,6615702,3636,4, capital,3.3982996940612793,1.0,0.00019478797912597656,0.7003480792045593
0,6917339,3718,5, of,2.5996603965759277,1.0,0.00018513202667236328,0.7098090052604675
0,6958314,3729,4, capital,5.0248260498046875,1.0,0.0004642009735107422,0.525184154510498
0,7153652,3781,1,Fact,1.7907795906066895,1.0,0.0001442432403564453,0.7535439133644104
0,7301930,3820,6, the,27.57501792907715,1.0,0.0005785226821899414,0.48114514350891113
0,7918209,3978,4, capital,7.311453342437744,1.0,0.0005617141723632812,0.4879758954048157
0,8078189,4018,3, The,3.181893825531006,1.0,0.00018709897994995117,0.7066447138786316
0,8337485,4082,1,Fact,1.6319499015808105,1.0,0.00020760297775268555,0.6878691911697388
0,8366094,4089,4, capital,2.6785945892333984,1.0,0.00026869773864746094,0.6334141492843628
0,8721575,4175,1,Fact,2.6825108528137207,1.0,0.0002829432487487793,0.6226281523704529
0,9054639,4254,1,Fact,3.091362953186035,1.0,0.00033926963806152344,0.5843851566314697
0,9139949,4274,8, containing,7.141358852386475,1.0,0.00037360191345214844,0.5657408833503723
0,9350649,4323,4, capital,12.545083045959473,1.0,0.001036316156387329,0.39320144057273865
0,9359300,4325,2,:,3.15156888961792,1.0,0.00023865699768066406,0.660129189491272
0,9774830,4420,8, containing,3.4597201347351074,1.0,0.0002396106719970703,0.6582155227661133
0,9841265,4435,7, state,5.6718316078186035,1.0,0.00030028820037841797,0.6104354858398438
0,10271777,4531,2,:,1.1701292991638184,1.0,0.00012308359146118164,0.7848865985870361
0,10326239,4543,3, The,2.774142265319824,1.0,0.00012063980102539062,0.786957323551178
0,10628354,4609,1,Fact,1.1921000480651855,1.0,0.00015091896057128906,0.7455697059631348
0,10822877,4651,4, capital,8.640799522399902,1.0,0.0008002221584320068,0.4291025698184967
0,10991015,4687,9, Chicago,6.339574813842773,1.0,0.00032061338424682617,0.5949562191963196
0,11103827,4711,4, capital,1.9013285636901855,1.0,0.0001621246337890625,0.7328916788101196
0,11108540,4712,1,Fact,0.981182336807251,1.0,0.00014907121658325195,0.7478201985359192
0,11236169,4739,10, is,4.169373512268066,1.0,0.0002866983413696289,0.619789719581604
0,11488820,4792,9, Chicago,3.9959030151367188,1.0,0.00019675493240356445,0.6985881924629211
0,11604152,4816,7, state,3.712648868560791,1.0,0.0001989603042602539,0.6966119408607483
0,11637899,4823,1,Fact,8.601868629455566,1.0,0.0004404783248901367,0.5360662937164307
0,11637899,4823,4, capital,5.183389663696289,1.0,0.00021332502365112305,0.6840808987617493
0,11637899,4823,9, Chicago,4.118215560913086,1.0,0.00014030933380126953,0.7598161101341248
0,11637899,4823,10, is,1.7602286338806152,1.0,0.00012445449829101562,0.7826573252677917
0,11647550,4825,2,:,2.516765594482422,1.0,0.0003514289855957031,0.5744046568870544
0,11909639,4879,3, The,3.3364648818969727,1.0,0.0001691579818725586,0.7261035442352295
0,12258675,4950,3, The,2.6892101764678955,1.0,0.00018846988677978516,0.7055197358131409
0,12288402,4956,1,Fact,3.0128417015075684,1.0,0.00023126602172851562,0.6680935621261597
0,12333060,4965,2,:,3.5360045433044434,1.0,0.0003077387809753418,0.6037702560424805
0,12417635,4982,2,:,7.521145343780518,1.0,0.0006808638572692871,0.460632860660553
0,12462527,4991,9, Chicago,2.5547585487365723,1.0,0.00011718273162841797,0.7925501465797424
0,12472514,4993,1,Fact,2.5238540172576904,1.0,0.00019496679306030273,0.6999584436416626
0,12880349,5074,3, The,5.253841876983643,1.0,0.00032830238342285156,0.5910684466362
0,13079054,5113,8, containing,3.334904193878174,1.0,0.00020068883895874023,0.6950128078460693
0,13496609,5194,1,Fact,1.610731840133667,1.0,0.00015103816986083984,0.7452678084373474
0,13496609,5194,8, containing,2.705101728439331,1.0,0.00015729665756225586,0.7391015887260437
0,13605935,5215,1,Fact,2.4678726196289062,1.0,0.0002505183219909668,0.648180365562439
0,13605935,5215,9, Chicago,6.6238179206848145,1.0,0.00041109323501586914,0.5497239828109741
0,14010570,5292,4, capital,3.7775354385375977,1.0,0.0003966689109802246,0.5553743839263916
0,14037050,5297,1,Fact,2.864867925643921,1.0,0.00018662214279174805,0.7073919773101807
0,14037050,5297,4, capital,2.9010469913482666,1.0,0.0001575946807861328,0.7384718656539917
0,14037050,5297,7, state,3.787882089614868,1.0,0.00015121698379516602,0.7449656128883362
0,14037050,5297,9, Chicago,2.9724643230438232,1.0,0.0001385807991027832,0.7616289854049683
0,14153859,5319,4, capital,3.1558573246002197,1.0,0.00011926889419555664,0.7893560528755188
0,14233779,5334,4, capital,1.874544620513916,1.0,0.00020372867584228516,0.6921842694282532
0,14324627,5351,3, The,5.170761585235596,1.0,0.0002663731575012207,0.6350218653678894
0,14421134,5369,1,Fact,1.8036623001098633,1.0,0.00020498037338256836,0.6905494332313538
0,14658404,5413,3, The,3.1234891414642334,1.0,0.00018662214279174805,0.7077652812004089
0,15023420,5480,4, capital,3.3140013217926025,1.0,0.0002964138984680176,0.6122229099273682
0,15632435,5590,1,Fact,1.9783587455749512,1.0,0.00020515918731689453,0.6899343729019165
0,15834377,5626,9, Chicago,9.6242036819458,1.0,0.0007297992706298828,0.4457503855228424
0,15913260,5640,4, capital,6.393066883087158,1.0,0.0005217492580413818,0.4987556040287018
0,16026290,5660,4, capital,16.259593963623047,1.0,0.0014570057392120361,0.35151657462120056
0,16344902,5716,3, The,7.243289947509766,1.0,0.00044971704483032227,0.5325021147727966
0,16505384,5744,7, state,4.955761432647705,1.0,0.0002588033676147461,0.6410585045814514
0,16603202,5761,3, The,3.6309707164764404,1.0,0.0002315044403076172,0.6673996448516846
0,17290139,5879,7, state,1.9948673248291016,1.0,0.00011664628982543945,0.7939531207084656
0,17668539,5943,2,:,1.7398149967193604,1.0,0.00015038251876831055,0.7466243505477905
0,18298224,6048,1,Fact,1.8296408653259277,1.0,0.00019794702529907227,0.6974049806594849
0,18346652,6056,4, capital,5.740799427032471,1.0,0.0004826784133911133,0.5152305960655212
0,18455849,6074,8, containing,4.801333904266357,1.0,0.0002944469451904297,0.6139949560165405
0,18480159,6078,1,Fact,2.1709160804748535,1.0,0.00026166439056396484,0.6389766931533813
0,18711902,6116,1,Fact,3.45638370513916,1.0,0.00032001733779907227,0.5959170460700989
0,18711902,6116,4, capital,3.325528621673584,1.0,0.00023359060287475586,0.6648458242416382
0,18711902,6116,7, state,2.8853745460510254,1.0,0.00013756752014160156,0.7635617852210999
0,18711902,6116,8, containing,4.784172058105469,1.0,0.00021910667419433594,0.6791204810142517
0,18816044,6133,1,Fact,3.9597012996673584,1.0,0.0003675222396850586,0.5683301091194153
0,18957402,6156,1,Fact,1.8577756881713867,1.0,0.0001933574676513672,0.7017055153846741
0,19334870,6217,4, capital,3.386155128479004,1.0,0.00023925304412841797,0.6591730713844299
0,19334870,6217,7, state,5.289334297180176,1.0,0.0002713203430175781,0.6323345899581909
0,19553130,6252,9, Chicago,2.2831079959869385,1.0,0.00023758411407470703,0.6608430743217468
0,19690949,6274,10, is,2.8313732147216797,1.0,0.0001291036605834961,0.7758148908615112
0,20056610,6332,1,Fact,0.9639953374862671,1.0,0.00011932849884033203,0.7889980673789978
0,20240702,6361,4, capital,2.160310983657837,1.0,0.0002543926239013672,0.6449065208435059
0,20624252,6421,1,Fact,4.402102947235107,1.0,0.0003567934036254883,0.5719325542449951
0,20624252,6421,4, capital,3.224996566772461,1.0,0.00018173456192016602,0.7134717106819153
0,20746460,6440,4, capital,5.422195911407471,1.0,0.000499725341796875,0.506876528263092
0,20746460,6440,7, state,5.9845290184021,1.0,0.00038874149322509766,0.5581164360046387
0,21037340,6485,7, state,5.394222736358643,1.0,0.0003629326820373535,0.5690584778785706
0,21533202,6561,9, Chicago,2.9635777473449707,1.0,0.00018233060836791992,0.7125622034072876
0,21796502,6601,7, state,8.21324634552002,1.0,0.00043487548828125,0.5404437780380249
0,21902270,6617,4, capital,1.3923492431640625,1.0,0.0001519322395324707,0.7443594336509705
0,21915509,6619,7, state,4.776836395263672,1.0,0.0002576112747192383,0.6418330669403076
0,22368015,6687,3, The,5.2287726402282715,1.0,0.0002980232238769531,0.611332356929779
0,22730652,6741,4, capital,8.51573371887207,1.0,0.0007289648056030273,0.447208970785141
0,23035077,6786,8, containing,5.6627020835876465,1.0,0.00034737586975097656,0.5771976709365845
0,23416745,6842,4, capital,2.3399176597595215,1.0,0.00017505884170532227,0.720947265625
0,23691285,6882,4, capital,2.0114455223083496,1.0,0.00019812583923339844,0.6970090270042419
0,24015914,6929,8, containing,7.053256988525391,1.0,0.0004374980926513672,0.5386993885040283
0,24050579,6934,9, Chicago,4.192677021026611,1.0,0.00025141239166259766,0.6466748118400574
0,24217319,6958,3, The,4.7794671058654785,1.0,0.0002124309539794922,0.6849324703216553
0,24650730,7020,3, The,5.535068035125732,1.0,0.00020229816436767578,0.6938072443008423
0,24805445,7042,1,Fact,1.2303194999694824,1.0,0.00014352798461914062,0.7551260590553284
0,25343639,7118,4, capital,16.584789276123047,1.0,0.0013226568698883057,0.3667101263999939
0,25457679,7134,4, capital,1.2163677215576172,1.0,0.00012546777725219727,0.7812820076942444
0,26502839,7279,1,Fact,1.1799421310424805,1.0,0.00011646747589111328,0.7944194078445435
0,26663252,7301,8, containing,2.7361316680908203,1.0,0.00014662742614746094,0.7507792711257935
0,26978184,7344,1,Fact,8.42626953125,1.0,0.0007626712322235107,0.4353334307670593
0,27213752,7376,1,Fact,2.667067527770996,1.0,0.000354766845703125,0.5722873210906982
0,27769877,7451,3, The,6.4648332595825195,1.0,0.00026530027389526367,0.6358189582824707
0,27874310,7465,1,Fact,2.747718095779419,1.0,0.0003050565719604492,0.604996383190155
0,28068777,7491,1,Fact,1.1150059700012207,1.0,0.00012940168380737305,0.7750391364097595
0,28618394,7564,4, capital,4.818515777587891,1.0,0.00033909082412719727,0.5847242474555969
0,29142794,7633,4, capital,3.3386552333831787,1.0,0.000317990779876709,0.5978306531906128
0,29257424,7648,2,:,3.4090490341186523,1.0,0.00033539533615112305,0.5870867371559143
0,29594970,7692,1,Fact,3.748141288757324,1.0,0.0004029273986816406,0.5529801249504089
0,29764469,7714,8, containing,6.123883247375488,1.0,0.00027889013290405273,0.6271186470985413
0,30011877,7746,4, capital,2.413227081298828,1.0,0.0001842975616455078,0.7103632688522339
0,30042875,7750,7, state,1.8120763301849365,1.0,0.00017625093460083008,0.7193688154220581
0,30167027,7766,7, state,5.967782020568848,1.0,0.0003743767738342285,0.5649934411048889
0,30525390,7812,1,Fact,2.418498992919922,1.0,0.00023651123046875,0.6615533828735352
0,31059020,7880,4, capital,1.9423589706420898,1.0,0.00017714500427246094,0.718309223651886
0,31756464,7968,7, state,5.521754741668701,1.0,0.0003286600112915039,0.5904114842414856
0,32028005,8002,8, containing,7.100665092468262,1.0,0.0004886388778686523,0.51280677318573
0,32076044,8008,1,Fact,1.6268310546875,1.0,0.00018554925918579102,0.7090675830841064
0,32076044,8008,3, The,2.082937240600586,1.0,0.0001506805419921875,0.7463234663009644
0,32469710,8057,7, state,3.777068614959717,1.0,0.00023621320724487305,0.6624988913536072
0,32800949,8098,1,Fact,3.759613275527954,1.0,0.0003463625907897949,0.5778905153274536
0,33264245,8155,4, capital,2.7918777465820312,1.0,0.00031769275665283203,0.5981483459472656
0,33329529,8163,1,Fact,2.965630531311035,1.0,0.00025022029876708984,0.648430585861206
0,33329529,8163,4, capital,2.238710880279541,1.0,0.00014722347259521484,0.750632643699646
0,33329529,8163,8, containing,4.632303237915039,1.0,0.0001971721649169922,0.6979973912239075
0,33329529,8163,9, Chicago,4.162298679351807,1.0,0.0001627802848815918,0.7319170236587524
0,33870564,8229,7, state,3.2536473274230957,1.0,0.00015419721603393555,0.7420604825019836
0,34590402,8316,4, capital,4.8907341957092285,1.0,0.0004718899726867676,0.5214396715164185
0,34640325,8322,7, state,5.606225967407227,1.0,0.00028437376022338867,0.620643675327301
0,35680127,8446,8, containing,2.5804319381713867,1.0,0.00013583898544311523,0.7660222053527832
0,36035804,8488,4, capital,2.364503860473633,1.0,0.00023931264877319336,0.6589338183403015
0,36044294,8489,1,Fact,4.876344203948975,1.0,0.0005043148994445801,0.5038672685623169
0,36044294,8489,4, capital,1.706070899963379,1.0,0.00012546777725219727,0.7815330028533936
0,36299459,8519,8, containing,8.84633731842041,1.0,0.000367581844329834,0.5679625868797302
0,36478610,8540,1,Fact,2.1209640502929688,1.0,0.0002357959747314453,0.6632068157196045
0,37113419,8614,4, capital,2.767078399658203,1.0,0.0002232193946838379,0.6749215722084045
0,37355045,8642,1,Fact,2.7217326164245605,1.0,0.0003002285957336426,0.6101351976394653
0,38049725,8722,3, The,21.2574462890625,1.0,0.001058131456375122,0.3879863917827606
0,38452064,8768,3, The,5.302452087402344,1.0,0.0002950429916381836,0.6137005090713501
0,38882970,8817,7, state,3.733865261077881,1.0,0.00020962953567504883,0.6868281364440918
0,39369500,8872,7, state,8.09967041015625,1.0,0.0005048513412475586,0.5028586387634277
0,39484940,8885,4, capital,16.146286010742188,1.0,0.001283019781112671,0.37060585618019104
0,39966269,8939,4, capital,14.478906631469727,1.0,0.00120621919631958,0.37686875462532043
0,40711775,9022,4, capital,3.141700267791748,1.0,0.00019443035125732422,0.7005425095558167
0,40711775,9022,7, state,3.029301643371582,1.0,0.00012886524200439453,0.7760726809501648
0,40711775,9022,8, containing,3.51318359375,1.0,0.00018161535263061523,0.7136533260345459
0,40738850,9025,4, capital,1.1564223766326904,1.0,0.00011599063873291016,0.795348584651947
0,40738850,9025,7, state,4.611112594604492,1.0,0.0002728104591369629,0.6315180063247681
0,40747877,9026,1,Fact,8.946651458740234,1.0,0.0005244314670562744,0.4977101981639862
0,40747877,9026,4, capital,8.392426490783691,1.0,0.00048351287841796875,0.5147479176521301
0,40747877,9026,8, containing,7.2449421882629395,1.0,0.0003024935722351074,0.607729434967041
0,40910534,9044,4, capital,3.6981568336486816,1.0,0.00023925304412841797,0.6594123244285583
0,41445959,9103,7, state,1.4552881717681885,1.0,0.00011599063873291016,0.7952325940132141
0,41737815,9135,7, state,4.611429214477539,1.0,0.0002257823944091797,0.6733539700508118
0,42269414,9193,8, containing,2.228267192840576,1.0,0.00011610984802246094,0.794884443283081
0,42601064,9229,7, state,2.7983639240264893,1.0,0.00011974573135375977,0.7885200381278992
0,43706574,9348,3, The,5.687213897705078,1.0,0.0002364516258239746,0.6620262861251831
0,43996889,9379,5, of,4.33148717880249,1.0,0.00025093555450439453,0.647929847240448
0,44420024,9424,4, capital,4.473423957824707,1.0,0.0004630088806152344,0.5261109471321106
0,44788379,9463,1,Fact,1.2657279968261719,1.0,0.00013774633407592773,0.7630112767219543
0,44949420,9480,9, Chicago,3.0681395530700684,1.0,0.0001976490020751953,0.6978002190589905
0,45110750,9497,7, state,5.230938911437988,1.0,0.0002759099006652832,0.6287810206413269
0,45692019,9558,8, containing,3.7775697708129883,1.0,0.0001823902130126953,0.7123798727989197
0,45825950,9572,2,:,1.8102591037750244,1.0,0.0001583695411682129,0.7367335557937622
0,46075199,9598,9, Chicago,2.286713123321533,1.0,0.00011914968490600586,0.7898328900337219
0,46431065,9635,3, The,5.356620788574219,1.0,0.00029283761978149414,0.614287793636322
0,46450340,9637,1,Fact,3.5475428104400635,1.0,0.0002872943878173828,0.618929386138916
0,46952894,9689,1,Fact,5.160281181335449,1.0,0.00040537118911743164,0.5525771975517273
0,47030450,9697,4, capital,5.290339469909668,1.0,0.00030857324600219727,0.6031544208526611
0,47030450,9697,8, containing,3.3807361125946045,1.0,0.00014662742614746094,0.7509258985519409
0,47030450,9697,9, Chicago,2.116142988204956,1.0,0.0001246333122253418,0.7824081778526306
0,47438669,9739,2,:,3.2420921325683594,1.0,0.0002364516258239746,0.6617898344993591
0,47516625,9747,4, capital,1.879332184791565,1.0,0.00012880563735961914,0.7762014865875244
0,47770424,9773,10, is,2.130315065383911,1.0,0.00011390447616577148,0.7983331680297852
0,48624590,9860,4, capital,3.565408229827881,1.0,0.00029200315475463867,0.6154570579528809
0,48693645,9867,9, Chicago,2.2001278400421143,1.0,0.00015079975128173828,0.7458714842796326
0,48851669,9883,10, is,3.255153179168701,1.0,0.0001417398452758789,0.7584053874015808
0,49885065,9987,7, state,5.373556613922119,1.0,0.00043082237243652344,0.5413081049919128
0,50767925,10075,4, capital,2.2132070064544678,1.0,0.00023162364959716797,0.6667049527168274
0,50838485,10082,7, state,4.40755558013916,1.0,0.0002709627151489258,0.6326055526733398
0,51404729,10138,1,Fact,2.770021915435791,1.0,0.0003151893615722656,0.59941565990448
0,52086320,10205,8, containing,4.015495777130127,1.0,0.0001895427703857422,0.7043866515159607
0,52536374,10249,2,:,3.2364501953125,1.0,0.00034296512603759766,0.5803033113479614
0,53235720,10317,1,Fact,6.440731525421143,1.0,0.0005809366703033447,0.4794069528579712
0,53525030,10345,1,Fact,2.615093469619751,1.0,0.00024819374084472656,0.6501725316047668
0,53867009,10378,8, containing,3.556032180786133,1.0,0.00020509958267211914,0.6901394724845886
0,54178844,10408,8, containing,4.836792945861816,1.0,0.0003026127815246582,0.6074269413948059
0,54669195,10455,10, is,3.1392974853515625,1.0,0.0001621842384338379,0.7327295541763306
0,54826155,10470,7, state,4.715034008026123,1.0,0.00023359060287475586,0.6643787026405334
0,56344419,10614,3, The,5.429696559906006,1.0,0.00030809640884399414,0.6034625172615051
0,56652689,10643,3, The,5.874704837799072,1.0,0.0003101229667663574,0.6019182801246643
0,56727225,10650,1,Fact,1.5014760494232178,1.0,0.0001347661018371582,0.7676463723182678
0,56737877,10651,3, The,3.1142706871032715,1.0,0.0001558065414428711,0.7405121326446533
0,57432402,10716,8, containing,2.726698875427246,1.0,0.0001226663589477539,0.7852553129196167
0,57593277,10731,5, of,2.6295318603515625,1.0,0.0001582503318786621,0.7370501160621643
0,57689910,10740,7, state,6.380982875823975,1.0,0.0003394484519958496,0.5840458869934082
0,57840389,10754,7, state,10.46286392211914,1.0,0.0006726086139678955,0.4640102684497833
0,57915702,10761,3, The,2.7395715713500977,1.0,0.00012689828872680664,0.7785032987594604
0,58704029,10834,9, Chicago,8.195138931274414,1.0,0.0003008246421813965,0.6083323955535889
0,59803515,10935,2,:,8.722393035888672,1.0,0.000711590051651001,0.452970951795578
0,60329619,10983,7, state,4.1464667320251465,1.0,0.00025331974029541016,0.6454136371612549
0,61888374,11124,4, capital,14.911069869995117,1.0,0.0011185705661773682,0.3803480267524719
0,62972252,11221,4, capital,3.8670547008514404,1.0,0.0003504753112792969,0.5751059055328369
0,64712375,11375,10, is,35.052696228027344,1.0,0.0022097527980804443,0.3252623975276947
0,64814804,11384,9, Chicago,2.3604562282562256,1.0,0.00013136863708496094,0.772300124168396
0,64826190,11385,5, of,4.131603240966797,1.0,0.00022798776626586914,0.6715386509895325
0,65935385,11482,8, containing,10.26512336730957,1.0,0.0005308687686920166,0.49507513642311096
0,66868829,11563,8, containing,7.108356475830078,1.0,0.0003625154495239258,0.5697838068008423
0,66926664,11568,7, state,8.443960189819336,1.0,0.00042057037353515625,0.5455729961395264
0,67030830,11577,1,Fact,4.201845169067383,1.0,0.0005143284797668457,0.5013391971588135
0,67634264,11629,4, capital,2.478095054626465,1.0,0.00012421607971191406,0.7830303311347961
0,67820480,11645,9, Chicago,9.127937316894531,1.0,0.00042700767517089844,0.5438783764839172
0,67960310,11657,4, capital,1.6024951934814453,1.0,0.00016558170318603516,0.729122519493103
0,68111955,11670,1,Fact,2.728177070617676,1.0,0.00023651123046875,0.6613168716430664
0,70051365,11835,2,:,3.062260150909424,1.0,0.00020062923431396484,0.6952134370803833
0,70051365,11835,5, of,3.4608354568481445,1.0,0.0001342296600341797,0.7683191299438477
0,70051365,11835,8, containing,3.9584927558898926,1.0,0.0001805424690246582,0.7143775820732117
0,70051365,11835,9, Chicago,4.767577171325684,1.0,0.00020498037338256836,0.6903444528579712
0,70181627,11846,9, Chicago,4.096634864807129,1.0,0.00022774934768676758,0.6719943881034851
0,70229025,11850,8, containing,2.846303939819336,1.0,0.0001327991485595703,0.7701898217201233
0,70680104,11888,1,Fact,3.070678234100342,1.0,0.00032210350036621094,0.5946356058120728
0,70882370,11905,3, The,1.721907377243042,1.0,0.0001150369644165039,0.7965035438537598
0,71144555,11927,1,Fact,2.0766685009002686,1.0,0.00016939640045166016,0.7254266142845154
0,71275829,11938,1,Fact,5.356130599975586,1.0,0.0005274713039398193,0.49666091799736023
0,71730252,11976,4, capital,2.6872034072875977,1.0,0.00020498037338256836,0.6907544136047363
0,72078020,12005,4, capital,4.640841960906982,1.0,0.0003864765167236328,0.5592788457870483
0,73005485,12082,8, containing,14.502767562866211,1.0,0.0007204413414001465,0.4501078724861145
0,74267577,12186,1,Fact,2.530164957046509,1.0,0.0002638101577758789,0.6368768215179443
0,74438300,12200,1,Fact,6.132960796356201,1.0,0.00043648481369018555,0.539573073387146
0,74438300,12200,4, capital,3.8798298835754395,1.0,0.00019109249114990234,0.7036259174346924
0,74438300,12200,7, state,4.512021064758301,1.0,0.00017523765563964844,0.7205970287322998
0,75000627,12246,7, state,1.5443949699401855,1.0,0.00011801719665527344,0.7916099429130554
0,75552777,12291,1,Fact,1.336904525756836,1.0,0.0001583099365234375,0.7368918657302856
0,75589659,12294,4, capital,3.90006685256958,1.0,0.0003770589828491211,0.5646190643310547
0,75601955,12295,7, state,2.8724608421325684,1.0,0.00014644861221313477,0.7515121102333069
0,75811140,12312,1,Fact,2.6893680095672607,1.0,0.0002810955047607422,0.6246016621589661
0,76168652,12341,8, containing,5.1038594245910645,1.0,0.0002676844596862793,0.6347554922103882
0,76353902,12356,7, state,2.8882498741149902,1.0,0.00014388561248779297,0.7542640566825867
0,76539377,12371,4, capital,2.9461183547973633,1.0,0.00025594234466552734,0.6436300277709961
0,76935809,12403,2,:,1.818934440612793,1.0,0.00017982721328735352,0.7152783870697021
0,77308394,12433,1,Fact,1.4156255722045898,1.0,0.00013965368270874023,0.7605162858963013
0,79411502,12601,1,Fact,1.6435132026672363,1.0,0.0002008676528930664,0.6948121190071106
0,79461920,12605,1,Fact,2.480203628540039,1.0,0.0002529025077819824,0.6456665396690369
0,79524965,12610,1,Fact,1.893078327178955,1.0,0.00017076730728149414,0.7247467041015625
0,79562804,12613,4, capital,12.790654182434082,1.0,0.0010354816913604736,0.3942369222640991
0,80410220,12680,7, state,9.226781845092773,1.0,0.0004604458808898926,0.527493953704834
0,80638649,12698,1,Fact,8.650779724121094,1.0,0.0007680058479309082,0.4338066279888153
0,81020084,12728,7, state,3.2457284927368164,1.0,0.0001780390739440918,0.717421293258667
0,81262125,12747,10, is,2.8100576400756836,1.0,0.00014764070510864258,0.7497481107711792
0,81836820,12792,4, capital,1.0373104810714722,1.0,0.00011515617370605469,0.7963885068893433
0,81964805,12802,4, capital,2.1163296699523926,1.0,0.0002002716064453125,0.6954137086868286
0,83405069,12914,1,Fact,4.502346992492676,1.0,0.00038361549377441406,0.5608163475990295
0,83482580,12920,5, of,4.853429794311523,1.0,0.0002830028533935547,0.6223452091217041
0,83818877,12946,7, state,3.248112678527832,1.0,0.00017690658569335938,0.7184861302375793
0,83935445,12955,4, capital,1.5878210067749023,1.0,0.00014197826385498047,0.7579798698425293
0,83974319,12958,2,:,9.176626205444336,1.0,0.0008121132850646973,0.4266968369483948
0,84259670,12980,1,Fact,1.1701481342315674,1.0,0.00012874603271484375,0.7764590382575989
0,84545505,13002,1,Fact,1.4663760662078857,1.0,0.00017279386520385742,0.7225136160850525
0,84571514,13004,2,:,8.836345672607422,1.0,0.000569760799407959,0.4840118885040283
0,84571514,13004,10, is,5.131397247314453,1.0,0.000673145055770874,0.46333765983581543
0,84636554,13009,8, containing,4.918821811676025,1.0,0.00029540061950683594,0.613110363483429
0,84727652,13016,1,Fact,1.9432682991027832,1.0,0.0001264810562133789,0.7796432375907898
0,85249152,13056,4, capital,1.2042112350463867,1.0,0.00012242794036865234,0.7855002880096436
0,85772252,13096,6, the,19.076797485351562,1.0,0.0003095865249633789,0.6022278666496277
0,86349510,13140,3, The,7.4165239334106445,1.0,0.0003827810287475586,0.5611991286277771
0,86415230,13145,1,Fact,9.013720512390137,1.0,0.0007921457290649414,0.43069377541542053
0,88225685,13282,5, of,4.645511150360107,1.0,0.00023132562637329102,0.6676309704780579
0,88944452,13336,4, capital,2.396517276763916,1.0,0.0002453327178955078,0.6518961787223816
0,89051184,13344,1,Fact,2.360320568084717,1.0,0.00027316808700561523,0.6306988000869751
0,89077877,13346,8, containing,2.5134263038635254,1.0,0.00012880563735961914,0.776330292224884
0,89398505,13370,9, Chicago,4.14324951171875,1.0,0.0002301335334777832,0.669707715511322
0,90323519,13439,4, capital,2.5182671546936035,1.0,0.00024694204330444336,0.6506673693656921
0,91118249,13498,4, capital,3.50423526763916,1.0,0.0003654360771179199,0.5686955451965332
0,91456049,13523,10, is,4.883239269256592,1.0,0.0003140568733215332,0.6003589630126953
0,91618415,13535,3, The,2.5772178173065186,1.0,0.00015097856521606445,0.7457206845283508
0,91713195,13542,3, The,4.384210109710693,1.0,0.00023227930068969727,0.6657775640487671
0,93236339,13654,4, capital,4.659286975860596,1.0,0.00037384033203125,0.5653672814369202
0,94235855,13727,7, state,9.575389862060547,1.0,0.0005490779876708984,0.49186575412750244
0,94730729,13763,4, capital,1.7399613857269287,1.0,0.00013363361358642578,0.7693900465965271
0,94758260,13765,8, containing,6.653834819793701,1.0,0.0003523826599121094,0.5737015008926392
0,95171705,13795,2,:,6.639275550842285,1.0,0.0006923973560333252,0.4578920602798462
0,96848402,13916,9, Chicago,4.062260150909424,1.0,0.0002598762512207031,0.6405403017997742
0,97224539,13943,4, capital,1.8029236793518066,1.0,0.00013840198516845703,0.7620444297790527
0,97685252,13976,3, The,5.179001808166504,1.0,0.00024431943893432617,0.6536100506782532
0,97853054,13988,9, Chicago,3.693002700805664,1.0,0.0001856684684753418,0.7092532515525818
0,97937009,13994,1,Fact,1.2603912353515625,1.0,0.0001264810562133789,0.7798961997032166
0,100614204,14184,8, containing,5.074507236480713,1.0,0.00017535686492919922,0.720246434211731
0,101467134,14244,1,Fact,1.8318915367126465,1.0,0.0002111196517944336,0.685567319393158
0,101609639,14254,8, containing,8.536608695983887,1.0,0.0004146099090576172,0.5484893321990967
0,102266450,14300,5, of,3.7849674224853516,1.0,0.00025469064712524414,0.6446521282196045
0,102380894,14308,8, containing,6.989297866821289,1.0,0.0002817511558532715,0.6243205666542053
0,102581325,14322,3, The,6.5422210693359375,1.0,0.00044161081314086914,0.5356258153915405
0,102882339,14343,3, The,3.1029911041259766,1.0,0.00017404556274414062,0.7218204736709595
0,103011480,14352,1,Fact,1.2906019687652588,1.0,0.0001246333122253418,0.7822835445404053
0,104524110,14457,3, The,6.2213897705078125,1.0,0.0003421306610107422,0.5806454420089722
0,105422459,14519,9, Chicago,6.386582851409912,1.0,0.00032329559326171875,0.593667209148407
0,105669452,14536,3, The,4.696286201477051,1.0,0.0002562999725341797,0.6433740854263306
0,105698529,14538,1,Fact,1.6843469142913818,1.0,0.00017189979553222656,0.7235474586486816
0,106091460,14565,1,Fact,1.706881046295166,1.0,0.0001939535140991211,0.701124906539917
0,107201402,14641,7, state,5.810667991638184,1.0,0.0003387331962585449,0.5854018330574036
0,107934777,14691,3, The,7.983318328857422,1.0,0.0003066062927246094,0.6046913266181946
0,108434900,14725,1,Fact,2.3490846157073975,1.0,0.0002231001853942871,0.6751446723937988
0,108685395,14742,7, state,6.041275501251221,1.0,0.0003395676612854004,0.5830274224281311
0,109394235,14790,7, state,5.01639461517334,1.0,0.0002732276916503906,0.6309720277786255
0,109527399,14799,4, capital,1.8825273513793945,1.0,0.00017213821411132812,0.7233755588531494
0,110402369,14858,8, containing,2.342801570892334,1.0,0.00011664628982543945,0.7941864132881165
0,110625374,14873,4, capital,1.4718434810638428,1.0,0.00015693902969360352,0.7397297024726868
0,110937959,14894,4, capital,1.7542195320129395,1.0,0.0001533031463623047,0.7434437870979309
0,110967752,14896,5, of,2.6221399307250977,1.0,0.0001602768898010254,0.7349846959114075
0,111968129,14963,4, capital,2.9307570457458496,1.0,0.00015819072723388672,0.7373665571212769
0,111983094,14964,6, the,9.099349021911621,1.0,0.0001952052116394043,0.6997634768486023
0,113093279,15038,4, capital,2.8903446197509766,1.0,0.00015926361083984375,0.735622763633728
0,113921964,15093,3, The,5.976428031921387,1.0,0.00035077333450317383,0.5747554302215576
0,114027650,15100,4, capital,2.18155574798584,1.0,0.00017064809799194336,0.7249173521995544
0,114738525,15147,4, capital,4.271289825439453,1.0,0.00036793947219848633,0.5675950050354004
0,114738525,15147,7, state,4.102435111999512,1.0,0.0002231597900390625,0.6753678321838379
0,115664444,15208,3, The,1.878906488418579,1.0,0.0001380443572998047,0.7627354860305786
0,117726839,15343,4, capital,3.192223072052002,1.0,0.00020074844360351562,0.6946112513542175
0,117803574,15348,8, containing,2.30747652053833,1.0,0.0001322031021118164,0.7709841728210449
0,118233752,15376,2,:,1.8869719505310059,1.0,0.00015795230865478516,0.7381566762924194
0,119065595,15430,9, Chicago,5.646575450897217,1.0,0.0002963542938232422,0.6125192642211914
0,119451695,15455,1,Fact,1.8563170433044434,1.0,0.00017791986465454102,0.7177771925926208
0,121235805,15570,1,Fact,1.4135446548461914,1.0,0.00012230873107910156,0.7856225967407227
0,121251377,15571,4, capital,2.0278234481811523,1.0,0.00012433528900146484,0.7829061150550842
0,123802979,15734,4, capital,9.982763290405273,1.0,0.000951230525970459,0.4031100869178772
0,123991877,15746,8, containing,4.171261310577393,1.0,0.00021821260452270508,0.6799943447113037
0,126269885,15890,3, The,7.921454906463623,1.0,0.00046813488006591797,0.5233192443847656
0,126667485,15915,1,Fact,1.8771436214447021,1.0,0.0001639723777770996,0.7311007976531982
0,127097595,15942,3, The,7.934026718139648,1.0,0.00046050548553466797,0.5270335078239441
0,127129484,15944,10, is,2.4410533905029297,1.0,0.00014227628707885742,0.7574112415313721
0,127864035,15990,7, state,3.0056819915771484,1.0,0.00017845630645751953,0.7163522243499756
0,130080384,16128,7, state,3.760746955871582,1.0,0.0002117156982421875,0.6853561997413635
0,130758705,16170,1,Fact,3.796727180480957,1.0,0.00029927492141723633,0.6110343337059021
0,131033765,16187,1,Fact,2.904383659362793,1.0,0.0003173351287841797,0.5987832546234131
0,131244300,16200,2,:,27.617027282714844,1.0,0.002328842878341675,0.32305264472961426
0,132332045,16267,3, The,3.5732474327087402,1.0,0.00022619962692260742,0.6729021668434143
0,133228325,16322,4, capital,1.827538013458252,1.0,0.0001385211944580078,0.7619060277938843
0,133407944,16333,8, containing,4.257960319519043,1.0,0.0002576112747192383,0.6420906782150269
0,133522310,16340,7, state,3.3194189071655273,1.0,0.00022161006927490234,0.676922619342804
1,-1,1,1,Fact,,1.0,0.0010971426963806152,0.384758323431015
1,-1,1,2,:,,1.0,0.0005617737770080566,0.4874141812324524
1,-1,1,3, The,,1.0,0.00025856494903564453,0.6413170695304871
1,-1,1,4, capital,,1.0,0.0009443759918212891,0.4040544629096985
1,-1,1,5, of,,1.0,0.000502169132232666,0.5053761005401611
1,-1,1,6, the,,1.0,0.00021058320999145508,0.6857779026031494
1,-1,1,7, state,,1.0,0.00047451257705688477,0.5200209617614746
1,-1,1,8, containing,,1.0,0.000846177339553833,0.42007631063461304
1,-1,1,9, Chicago,,1.0,0.0006082653999328613,0.47470369935035706
1,-1,1,10, is,,1.0,0.000339508056640625,0.5837064385414124
1,463,28,7, state,2.4783201217651367,1.0,0.0001366138458251953,0.7647958993911743
1,17576,185,9, Chicago,2.751434326171875,1.0,0.00011605024337768555,0.7951166033744812
1,40184,281,1,Fact,1.6816091537475586,1.0,0.00011676549911499023,0.7936030030250549
1,54613,328,8, containing,10.221229553222656,1.0,0.0006005465984344482,0.4753042459487915
1,77026,390,9, Chicago,6.106276512145996,1.0,0.0002811551094055176,0.6248828172683716
1,265354,726,4, capital,2.800783634185791,1.0,0.00014925003051757812,0.7473727464675903
1,464164,961,2,:,4.840928077697754,1.0,0.0002509951591491699,0.6476789116859436
1,502501,1000,4, capital,24.303709030151367,1.0,0.0013500750064849854,0.3627273738384247
1,515618,1013,9, Chicago,5.98638916015625,1.0,0.00023049116134643555,0.6692475080490112
1,533026,1030,1,Fact,2.121124744415283,1.0,0.00016129016876220703,0.7336991429328918
1,785629,1251,3, The,4.374817848205566,1.0,0.00014674663543701172,0.7512192130088806
1,875824,1321,10, is,9.439484596252441,1.0,0.0004971027374267578,0.5088677406311035
1,918688,1353,9, Chicago,3.065945625305176,1.0,0.000118255615234375,0.7913737893104553
1,1000403,1412,2,:,2.3093514442443848,1.0,0.00015020370483398438,0.7467745542526245
1,1298464,1609,1,Fact,3.0479350090026855,1.0,0.0001862049102783203,0.7083242535591125
1,1507714,1734,2,:,7.566125869750977,1.0,0.00043886899948120117,0.5378236174583435
1,1736314,1861,1,Fact,2.3663253784179688,1.0,0.0001373887062072754,0.763974130153656
1,1736314,1861,4, capital,2.4245405197143555,1.0,0.00011426210403442383,0.7976486086845398
1,1736314,1861,10, is,1.5665217638015747,1.0,0.00011920928955078125,0.7895945310592651
1,2717944,2329,1,Fact,2.118640661239624,1.0,0.00013720989227294922,0.764111340045929
1,2890808,2402,1,Fact,4.452589988708496,1.0,0.00031387805938720703,0.6006728410720825
1,3812939,2759,9, Chicago,3.422516345977783,1.0,0.0001779794692993164,0.7175992727279663
1,3910204,2794,10, is,3.539083480834961,1.0,0.00016492605209350586,0.7302791476249695
1,4426798,2973,4, capital,3.635532855987549,1.0,0.0002452731132507324,0.6526320576667786
1,4567751,3020,1,Fact,2.505411148071289,1.0,0.0001755356788635254,0.7198956608772278
1,4631444,3041,3, The,2.8824357986450195,1.0,0.00011473894119262695,0.7966182827949524
1,4750901,3080,1,Fact,10.838167190551758,1.0,0.0007334351539611816,0.4450205862522125
1,4921951,3135,1,Fact,3.8256540298461914,1.0,0.00022858381271362305,0.6708537936210632
1,4921951,3135,4, capital,6.158315658569336,1.0,0.0003444552421569824,0.579616129398346
1,4921951,3135,7, state,3.8756155967712402,1.0,0.00013756752014160156,0.7634242177009583
1,4975433,3152,8, containing,5.022448539733887,1.0,0.00024271011352539062,0.6558020710945129
1,4978588,3153,1,Fact,3.251070022583008,1.0,0.00021976232528686523,0.678024411201477
1,5802119,3404,8, containing,6.012022972106934,1.0,0.0002897977828979492,0.6169103980064392
1,5894459,3431,5, of,2.5773186683654785,1.0,0.00012046098709106445,0.7875597476959229
1,6503419,3604,8, containing,6.044355392456055,1.0,0.00025260448455810547,0.645919144153595
1,7482644,3866,5, of,2.9143919944763184,1.0,0.00012385845184326172,0.7838987112045288
1,8826299,4199,1,Fact,2.9639742374420166,1.0,0.0001920461654663086,0.7028606534004211
1,9139948,4273,8, containing,2.1347105503082275,1.0,0.00012689828872680664,0.7786301970481873
1,11992751,4895,7, state,4.014509677886963,1.0,0.00017440319061279297,0.7216464281082153
1,12110579,4919,8, containing,3.6748006343841553,1.0,0.00020259618759155273,0.6934026479721069
1,13202089,5136,8, containing,2.6214652061462402,1.0,0.00014334917068481445,0.7552694082260132
1,13202089,5136,10, is,4.263021945953369,1.0,0.0001817941665649414,0.713108241558075
1,13836428,5258,8, containing,2.015392780303955,1.0,0.00012826919555664062,0.7769730687141418
1,14281838,5342,1,Fact,7.19988489151001,1.0,0.0004253983497619629,0.5447298884391785
1,14426504,5369,4, capital,2.1173787117004395,1.0,0.00013560056686401367,0.7664293050765991
1,14426504,5369,7, state,4.051417827606201,1.0,0.00018858909606933594,0.7053312659263611
1,14426504,5369,10, is,2.889242649078369,1.0,0.00017875432968139648,0.7159952521324158
1,15947126,5645,8, containing,9.095949172973633,1.0,0.00041991472244262695,0.545992910861969
1,16933288,5817,8, containing,3.7073283195495605,1.0,0.00018912553787231445,0.704575777053833
1,17567626,5925,10, is,3.633059024810791,1.0,0.0001780390739440918,0.7172432541847229
1,17901134,5981,4, capital,5.6821818351745605,1.0,0.0003241300582885742,0.5926963090896606
1,18207593,6032,4, capital,3.2381601333618164,1.0,0.0001277923583984375,0.7776129841804504
1,19860751,6300,7, state,17.29588508605957,1.0,0.000973433256149292,0.4002142548561096
1,20662804,6426,4, capital,2.5937466621398926,1.0,0.00014531612396240234,0.7525314688682556
1,21434876,6545,9, Chicago,2.0617270469665527,1.0,0.00011456012725830078,0.7971914410591125
1,21552893,6563,1,Fact,4.916584491729736,1.0,0.0003412961959838867,0.580986738204956
1,21598876,6570,1,Fact,1.6070799827575684,1.0,0.0001157522201538086,0.7956961989402771
1,23608754,6869,1,Fact,2.0289175510406494,1.0,0.00015282630920410156,0.7437497973442078
1,25457678,7133,4, capital,4.139374732971191,1.0,0.00023943185806274414,0.6586945056915283
1,27420713,7403,10, is,4.793857097625732,1.0,0.00023174285888671875,0.6664733290672302
1,28053793,7488,8, containing,2.8183653354644775,1.0,0.00014269351959228516,0.7566990852355957
1,29911243,7732,1,Fact,3.770083427429199,1.0,0.00020569562911987305,0.6895235776901245
1,32236433,8027,8, containing,7.468101501464844,1.0,0.0004302859306335449,0.5417383909225464
1,32971258,8118,2,:,2.2112669944763184,1.0,0.00015407800674438477,0.7423685789108276
1,33812974,8221,8, containing,13.096689224243164,1.0,0.0005236566066741943,0.4982338547706604
1,35275798,8397,1,Fact,6.387016296386719,1.0,0.00022339820861816406,0.6744749546051025
1,40073626,8950,8, containing,2.128282070159912,1.0,0.00013464689254760742,0.768050491809845
1,41994028,9162,1,Fact,7.157174110412598,1.0,0.0005555152893066406,0.4907650947570801
1,43445179,9319,1,Fact,2.859816551208496,1.0,0.00018960237503051758,0.704197108745575
1,45510568,9538,8, containing,7.365327835083008,1.0,0.0003574490547180176,0.5712187886238098
1,46344376,9625,9, Chicago,4.41405725479126,1.0,0.00017851591110229492,0.7161737680435181
1,49805188,9978,4, capital,2.4687745571136475,1.0,0.00016456842422485352,0.7306084632873535
1,50939369,10091,1,Fact,2.6131668090820312,1.0,0.0001481175422668457,0.7488607168197632
1,54522901,10440,4, capital,2.0986692905426025,1.0,0.00013571977615356445,0.7662937045097351
1,56663333,10643,3, The,4.123605728149414,1.0,0.0001685619354248047,0.7267788052558899
1,57453838,10717,4, capital,8.852967262268066,1.0,0.0005710721015930176,0.48344212770462036
1,57786623,10748,10, is,2.617616653442383,1.0,0.00015419721603393555,0.7419062852859497
1,58034149,10771,4, capital,2.2930753231048584,1.0,0.00016516447067260742,0.7299492359161377
1,58660694,10829,4, capital,5.893059730529785,1.0,0.00031870603561401367,0.5971941947937012
1,64133473,11323,4, capital,1.8530194759368896,1.0,0.00014829635620117188,0.7487125992774963
1,65912419,11479,1,Fact,4.225752830505371,1.0,0.00030493736267089844,0.6053013205528259
1,72066013,12003,7, state,3.0097482204437256,1.0,0.0001423358917236328,0.7575535774230957
1,72860554,12069,9, Chicago,4.345399379730225,1.0,0.00016927719116210938,0.7257651686668396
1,72993401,12080,1,Fact,1.329892873764038,1.0,0.00012552738189697266,0.7810310125350952
1,73416901,12115,1,Fact,2.966573715209961,1.0,0.00017726421356201172,0.7181320786476135
1,73501748,12122,2,:,4.396687984466553,1.0,0.00022965669631958008,0.6699373722076416
1,73829474,12149,5, of,8.468263626098633,1.0,0.000333249568939209,0.5890902280807495
1,73938878,12158,4, capital,5.893033981323242,1.0,0.0003997683525085449,0.5541803240776062
1,74976133,12243,1,Fact,3.9975013732910156,1.0,0.0002733469009399414,0.6304256319999695
1,75012874,12246,7, state,7.4878950119018555,1.0,0.00038510560989379883,0.5600489974021912
1,79209989,12584,9, Chicago,5.740795135498047,1.0,0.00024259090423583984,0.6562872529029846
1,80892838,12717,9, Chicago,3.454540252685547,1.0,0.00018513202667236328,0.7096238732337952
1,81236629,12744,9, Chicago,4.628600597381592,1.0,0.00018733739852905273,0.7064576148986816
1,81364144,12754,8, containing,3.482771396636963,1.0,0.0001595020294189453,0.7354635000228882
1,84506498,12998,1,Fact,2.652115821838379,1.0,0.0001653432846069336,0.7294535040855408
1,84649564,13009,8, containing,7.548224449157715,1.0,0.0003370046615600586,0.5864151120185852
1,85014278,13037,4, capital,7.658194541931152,1.0,0.0005058050155639648,0.5023537874221802
1,85053401,13040,5, of,3.25634765625,1.0,0.00018346309661865234,0.7112823128700256
1,86191883,13127,9, Chicago,3.7165327072143555,1.0,0.0001552104949951172,0.7411333918571472
1,89465374,13374,8, containing,4.059154987335205,1.0,0.00016629695892333984,0.7287908792495728
1,89639353,13387,4, capital,2.19309663772583,1.0,0.0001448988914489746,0.7529662847518921
1,91185758,13502,8, containing,6.218593597412109,1.0,0.0003314018249511719,0.5897537469863892
1,92092804,13569,1,Fact,2.4596214294433594,1.0,0.0001710653305053711,0.7244049906730652
1,94043753,13712,4, capital,2.0600738525390625,1.0,0.00014215707778930664,0.757695734500885
1,94744493,13763,4, capital,3.730613946914673,1.0,0.00023418664932250977,0.6641451120376587
1,95144113,13792,9, Chicago,2.1008331775665283,1.0,0.0001354813575744629,0.7667003273963928
1,97182709,13939,4, capital,3.48085618019104,1.0,0.0001989603042602539,0.6968109011650085
1,99962728,14137,1,Fact,8.222915649414062,1.0,0.00022339820861816406,0.6746983528137207
1,99962728,14137,9, Chicago,8.794189453125,1.0,0.00021922588348388672,0.6786823868751526
1,100344859,14164,9, Chicago,3.5203824043273926,1.0,0.00014287233352661133,0.7562708258628845
1,101068651,14215,5, of,2.426459312438965,1.0,0.00014793872833251953,0.7493048310279846
1,101809313,14267,3, The,9.675806045532227,1.0,0.00035369396209716797,0.5729957222938538
1,104466283,14452,10, is,5.311129093170166,1.0,0.0002499222755432129,0.6486805081367493
1,104784524,14474,8, containing,4.344073295593262,1.0,0.00021594762802124023,0.6812939047813416
1,108626428,14737,9, Chicago,4.347400188446045,1.0,0.00023156404495239258,0.667168140411377
1,108862388,14753,4, capital,3.405578136444092,1.0,0.0002028942108154297,0.6929972767829895
1,109912549,14824,4, capital,1.698878288269043,1.0,0.00011467933654785156,0.7968477010726929
1,112582513,15003,9, Chicago,2.7165496349334717,1.0,0.00013017654418945312,0.7740007042884827
1,114405499,15124,1,Fact,1.4803013801574707,1.0,0.00011652708053588867,0.7943029403686523
1,115406026,15190,4, capital,2.679813861846924,1.0,0.00017833709716796875,0.7165305614471436
1,116060228,15233,2,:,1.559499740600586,1.0,0.0001315474510192871,0.771642804145813
1,118818818,15413,2,:,1.5824143886566162,1.0,0.00011557340621948242,0.7959274649620056
1,120738028,15537,8, containing,4.759160995483398,1.0,0.00020360946655273438,0.6923878788948059
1,122046874,15621,4, capital,2.219822645187378,1.0,0.0001163482666015625,0.7946520447731018
1,122562994,15654,2,:,6.345754623413086,1.0,0.0004284381866455078,0.5421668291091919
1,124086379,15751,6, the,8.796967506408691,1.0,0.00011861324310302734,0.7906641364097595
1,124496308,15777,1,Fact,1.4704580307006836,1.0,0.00011718273162841797,0.7926673293113708
1,125112469,15816,9, Chicago,10.276015281677246,1.0,0.0004995465278625488,0.5073760747909546
1,127145429,15944,4, capital,14.544127464294434,1.0,0.0007618367671966553,0.436095267534256
1,127704169,15979,1,Fact,5.523865222930908,1.0,0.00039309263229370117,0.5561635494232178
1,130161043,16132,7, state,3.8635668754577637,1.0,0.00019341707229614258,0.7015121579170227
1,130354729,16144,1,Fact,1.863450288772583,1.0,0.00012958049774169922,0.7747801542282104
2,-1,2,1,Fact,,1.0,0.0014605820178985596,0.3500595688819885
2,-1,2,2,:,,1.0,0.0008948445320129395,0.4113905429840088
2,-1,2,3, The,,1.0,0.0002568960189819336,0.6426047086715698
2,-1,2,4, capital,,1.0,0.0013515353202819824,0.3613772988319397
2,-1,2,5, of,,1.0,0.0005386173725128174,0.49294513463974
2,-1,2,6, the,,1.0,0.00012058019638061523,0.7870779037475586
2,-1,2,7, state,,1.0,0.0005314052104949951,0.49454426765441895
2,-1,2,8, containing,,1.0,0.0007182657718658447,0.45082613825798035
2,-1,2,9, Chicago,,1.0,0.0005690455436706543,0.484580934047699
2,-1,2,10, is,,1.0,0.0004826188087463379,0.5157132148742676
2,1827,57,9, Chicago,3.37982177734375,1.0,0.0001582503318786621,0.737208366394043
2,14362,166,4, capital,4.609593391418457,1.0,0.0002897977828979492,0.6172001957893372
2,92232,426,4, capital,5.388667106628418,1.0,0.0002759695053100586,0.6285051107406616
2,305368,778,1,Fact,2.317300796508789,1.0,0.0001233220100402832,0.784763514995575
2,316407,792,9, Chicago,3.744156837463379,1.0,0.00014352798461914062,0.7549825310707092
2,409962,902,1,Fact,3.4320573806762695,1.0,0.00021505355834960938,0.6823705434799194
2,630000,1119,1,Fact,9.700166702270508,1.0,0.0005320310592651367,0.49401286244392395
2,1539132,1751,3, The,5.529090404510498,1.0,0.0001353621482849121,0.7669711112976074
2,1708473,1845,2,:,1.8180286884307861,1.0,0.00013065338134765625,0.773218035697937
2,2110482,2051,4, capital,6.008914947509766,1.0,0.00011420249938964844,0.7975343465805054
2,2110482,2051,9, Chicago,5.6049041748046875,1.0,0.0001347661018371582,0.767781138420105
2,2630068,2290,5, of,3.622793197631836,1.0,0.00018346309661865234,0.7114657759666443
2,3681538,2710,1,Fact,2.2303876876831055,1.0,0.00016099214553833008,0.7340214252471924
2,4352722,2947,9, Chicago,13.420806884765625,1.0,0.0005515813827514648,0.49131667613983154
2,5221293,3228,7, state,13.539462089538574,1.0,0.0005190670490264893,0.49927467107772827
2,5361172,3271,1,Fact,2.976267099380493,1.0,0.00012928247451782227,0.7754272222518921
2,6063900,3479,10, is,4.5735087394714355,1.0,0.0002772808074951172,0.6282291412353516
2,6105762,3491,8, containing,14.54322624206543,1.0,0.0006887614727020264,0.4592704474925995
2,6449433,3588,7, state,5.705994129180908,1.0,0.00024443864822387695,0.6533657312393188
2,6703288,3658,4, capital,2.0735483169555664,1.0,0.00011861324310302734,0.7904269099235535
2,8223537,4052,7, state,6.671359539031982,1.0,0.0002695918083190918,0.6331454515457153
2,9303138,4310,4, capital,10.096338272094727,1.0,0.0005609989166259766,0.48853689432144165
2,9796948,4423,7, state,10.03395938873291,1.0,0.0005009770393371582,0.5058770775794983
2,10330782,4542,1,Fact,4.185500144958496,1.0,0.0001475214958190918,0.750190794467926
2,13186677,5132,1,Fact,16.206024169921875,1.0,0.0008550882339477539,0.41752684116363525
2,14207112,5327,4, capital,2.778311252593994,1.0,0.00018024444580078125,0.7147382497787476
2,14908527,5457,10, is,2.2060422897338867,1.0,0.00012755393981933594,0.7778682708740234
2,17573553,5925,8, containing,5.007365703582764,1.0,0.0002460479736328125,0.6511595249176025
2,18871293,6140,7, state,2.40736722946167,1.0,0.00013381242752075195,0.7689889073371887
2,19037532,6167,4, capital,4.133391857147217,1.0,0.00028693675994873047,0.6192163228988647
2,19703500,6274,10, is,3.333482265472412,1.0,0.0001647472381591797,0.7304438948631287
2,19816657,6292,5, of,5.942764759063721,1.0,0.00022035837173461914,0.6778046488761902
2,23014717,6781,4, capital,2.445272445678711,1.0,0.00016838312149047852,0.7272840738296509
2,25059657,7076,7, state,4.4251275062561035,1.0,0.00020712614059448242,0.688698410987854
2,25493367,7137,4, capital,2.6052703857421875,1.0,0.00015538930892944336,0.740822970867157
2,25751073,7173,4, capital,24.8383731842041,1.0,0.0015954077243804932,0.344088613986969
2,27457752,7407,4, capital,5.8912458419799805,1.0,0.00047898292541503906,0.5185925960540771
2,27539328,7418,4, capital,2.1442785263061523,1.0,0.0001221299171447754,0.7859892249107361
2,30619222,7822,10, is,5.2038350105285645,1.0,0.00019425153732299805,0.7007367610931396
2,31796322,7971,9, Chicago,4.933286666870117,1.0,0.00027483701705932617,0.6290558576583862
2,32332858,8038,4, capital,2.341824531555176,1.0,0.00013393163681030273,0.768855094909668
2,34823682,8342,1,Fact,3.4557347297668457,1.0,0.00019562244415283203,0.6995682716369629
2,36222813,8508,6, the,8.2515869140625,1.0,0.0001475811004638672,0.7500432729721069
2,36265383,8513,1,Fact,3.9629406929016113,1.0,0.00018364191055297852,0.711098849773407
2,37035918,8603,9, Chicago,5.976958751678467,1.0,0.00024336576461791992,0.6553162932395935
2,38171950,8734,4, capital,9.63050365447998,1.0,0.0008975863456726074,0.41049569845199585
2,38601288,8783,2,:,1.7393581867218018,1.0,0.00013750791549682617,0.7636992931365967
2,39254227,8857,8, containing,4.030636787414551,1.0,0.0001506805419921875,0.7460221648216248
2,40136317,8956,4, capital,1.8310112953186035,1.0,0.00012379884719848633,0.7840225100517273
2,40892443,9040,2,:,2.1161060333251953,1.0,0.00013899803161621094,0.7612127661705017
2,44750527,9457,9, Chicago,9.007669448852539,1.0,0.000616908073425293,0.4722527861595154
2,45358047,9521,2,:,3.157261848449707,1.0,0.0001932382583618164,0.7018987536430359
2,48437400,9839,8, containing,2.5215225219726562,1.0,0.00011265277862548828,0.7998040318489075
2,53029548,10295,5, of,7.588536262512207,1.0,0.00034922361373901367,0.5758054256439209
2,54533343,10440,4, capital,5.575414657592773,1.0,0.0003998875617980957,0.5537805557250977
2,54533343,10440,7, state,4.278624534606934,1.0,0.00017571449279785156,0.719544529914856
2,55698732,10551,4, capital,3.0188698768615723,1.0,0.00012618303298950195,0.7806538343429565
2,55931173,10573,9, Chicago,3.6926348209381104,1.0,0.00016498565673828125,0.730114221572876
2,60099163,10960,7, state,12.854108810424805,1.0,0.0005820691585540771,0.4776625633239746
2,60417525,10989,8, containing,6.298433303833008,1.0,0.0003241896629333496,0.5923721790313721
2,61421983,11080,8, containing,8.679146766662598,1.0,0.00018173456192016602,0.7132899761199951
2,61421983,11080,10, is,6.285658836364746,1.0,0.0003464818000793457,0.5775441527366638
2,64167453,11325,1,Fact,6.95767879486084,1.0,0.0004455447196960449,0.5347394943237305
2,66487743,11528,8, containing,18.89789581298828,1.0,0.0008360147476196289,0.42175212502479553
2,68943150,11739,2,:,2.734889507293701,1.0,0.00018650293350219727,0.7079517841339111
2,70110558,11838,4, capital,8.310941696166992,1.0,0.0007160305976867676,0.452259361743927
2,70110558,11838,5, of,2.6328511238098145,1.0,0.0001811385154724121,0.714197039604187
2,75135408,12255,1,Fact,1.782702922821045,1.0,0.00012105703353881836,0.7864742279052734
2,79600650,12614,8, containing,6.8528852462768555,1.0,0.00039255619049072266,0.5565561056137085
2,81351387,12752,2,:,2.287533760070801,1.0,0.00015097856521606445,0.7454187870025635
2,81977607,12801,4, capital,8.12318229675293,1.0,0.00045949220657348633,0.528873085975647
2,82992283,12880,8, containing,18.098880767822266,1.0,0.0007568299770355225,0.4368520975112915
2,84662575,13009,8, containing,7.812815189361572,1.0,0.0005039572715759277,0.5043712258338928
2,85027317,13037,1,Fact,1.1093297004699707,1.0,0.00012665987014770508,0.7788837552070618
2,86533587,13152,8, containing,3.505403995513916,1.0,0.00017184019088745117,0.7238911390304565
2,87298288,13210,8, containing,3.4048290252685547,1.0,0.00015395879745483398,0.7425225377082825
2,87946950,13259,9, Chicago,4.0088982582092285,1.0,0.00015115737915039062,0.7451167702674866
2,91672567,13537,2,:,2.2302098274230957,1.0,0.00012832880020141602,0.7768447995185852
2,93906657,13701,2,:,2.5482711791992188,1.0,0.00015175342559814453,0.7446629405021667
2,96223125,13869,9, Chicago,3.3864407539367676,1.0,0.00016564130783081055,0.7292881608009338
2,96890157,13917,10, is,3.1441383361816406,1.0,0.0001412034034729004,0.7592533826828003
2,96987625,13924,2,:,2.2785751819610596,1.0,0.0001252889633178711,0.7816582918167114
2,103759212,14402,9, Chicago,6.35795783996582,1.0,0.0002461075782775879,0.6509134769439697
2,103975407,14417,4, capital,2.4343221187591553,1.0,0.00011408329010009766,0.7981052398681641
2,105117747,14496,2,:,5.361523628234863,1.0,0.00033396482467651367,0.5884232521057129
2,106266328,14575,1,Fact,4.428650856018066,1.0,0.0002956986427307129,0.6128149628639221
2,109542198,14798,10, is,3.679657459259033,1.0,0.00018745660781860352,0.7062702775001526
2,111878358,14955,5, of,2.9894323348999023,1.0,0.0001456141471862793,0.7522407174110413
2,112102848,14970,10, is,9.181865692138672,1.0,0.00040906667709350586,0.5509526133537292
2,113499708,15063,7, state,12.077674865722656,1.0,0.0008740425109863281,0.41493692994117737
2,115573203,15200,10, is,2.8023791313171387,1.0,0.00015741586685180664,0.7387868165969849
2,118326033,15380,4, capital,6.7038350105285645,1.0,0.0003898739814758301,0.5573382377624512
2,118942173,15420,10, is,9.357850074768066,1.0,0.0003886222839355469,0.5585050582885742
2,119328073,15445,8, containing,10.550101280212402,1.0,0.00042253732681274414,0.5451524257659912
2,120536098,15523,7, state,3.4772491455078125,1.0,0.0002563595771789551,0.6431177854537964
2,121859463,15608,1,Fact,4.242397308349609,1.0,0.0002307295799255371,0.6687865257263184
2,123001767,15681,1,Fact,2.618264675140381,1.0,0.00012820959091186523,0.7772294282913208
2,123551337,15716,1,Fact,1.9422569274902344,1.0,0.00013691186904907227,0.7646592855453491
2,125239048,15823,9, Chicago,3.0771408081054688,1.0,0.00013399124145507812,0.7685871720314026
2,125983998,15870,1,Fact,3.448749542236328,1.0,0.00023299455642700195,0.6653123497962952
2,128648817,16037,9, Chicago,14.92794418334961,1.0,0.0005927383899688721,0.47649243474006653
2,129468183,16088,9, Chicago,6.021374702453613,1.0,0.000261843204498291,0.6387150287628174
2,131519868,16215,1,Fact,2.586216926574707,1.0,0.00013136863708496094,0.772431492805481
2,132364582,16267,3, The,10.495025634765625,1.0,0.00028008222579956055,0.6254429817199707
2,134242302,16382,4, capital,4.775577068328857,1.0,0.00044798851013183594,0.5333985686302185
3,-1,3,1,Fact,,1.0,0.0005179643630981445,0.4997926354408264
3,-1,3,2,:,,1.0,0.0014046430587768555,0.3586385250091553
3,-1,3,3, The,,1.0,0.00032317638397216797,0.5939903855323792
3,-1,3,4, capital,,1.0,0.0003517270088195801,0.5740532279014587
3,-1,3,5, of,,1.0,0.0008876025676727295,0.41406288743019104
3,-1,3,6, the,,1.0,0.0002636909484863281,0.6371405124664307
3,-1,3,7, state,,1.0,0.00030428171157836914,0.6059101223945618
3,-1,3,8, containing,,1.0,0.0010471642017364502,0.39008185267448425
3,-1,3,9, Chicago,,1.0,0.0006388723850250244,0.4678936004638672
3,-1,3,10, is,,1.0,0.0007641315460205078,0.4345707595348358
3,64616,355,8, containing,4.638035297393799,1.0,0.00026863813400268555,0.6339514851570129
3,64616,355,10, is,3.0575361251831055,1.0,0.0001938343048095703,0.7013187408447266
3,71249,373,1,Fact,11.007408142089844,1.0,0.00045806169509887695,0.5297901034355164
3,94391,430,2,:,5.730823516845703,1.0,0.0003822445869445801,0.5619640946388245
3,280122,744,2,:,8.69931411743164,1.0,0.0004589557647705078,0.5293320417404175
3,446036,940,5, of,8.225996017456055,1.0,0.0003490447998046875,0.5761544704437256
3,703887,1182,10, is,6.068386077880859,1.0,0.0003191232681274414,0.5968754887580872
3,878471,1321,2,:,5.088181495666504,1.0,0.000339508056640625,0.5833669304847717
3,1326002,1624,10, is,2.706956148147583,1.0,0.0001666545867919922,0.7286245822906494
3,1594001,1781,2,:,6.312417984008789,1.0,0.00040602684020996094,0.5517659187316895
3,1873076,1931,10, is,6.537607669830322,1.0,0.00041478872299194336,0.5480747222900391
3,1955249,1973,2,:,2.0839452743530273,1.0,0.0001131296157836914,0.7991272211074829
3,3790877,2749,2,:,2.0097298622131348,1.0,0.0001195669174194336,0.7887592911720276
3,4056972,2844,2,:,2.513361930847168,1.0,0.00013834238052368164,0.7623210549354553
3,5150441,3205,1,Fact,14.135562896728516,1.0,0.00016260147094726562,0.7322424054145813
3,5150441,3205,4, capital,18.16114044189453,1.0,0.00017905235290527344,0.7158164978027344
3,5150441,3205,5, of,8.772899627685547,1.0,0.00012010335922241211,0.7880405187606812
3,5150441,3205,7, state,14.337152481079102,1.0,0.00016605854034423828,0.728956937789917
3,5150441,3205,9, Chicago,12.963703155517578,1.0,0.0002606511116027832,0.6400202512741089
3,5812341,3405,10, is,3.8911352157592773,1.0,0.00018709897994995117,0.7068318128585815
3,6098774,3488,5, of,2.918832778930664,1.0,0.0001437067985534668,0.7548390030860901
3,7172574,3783,10, is,3.2695517539978027,1.0,0.0002510547637939453,0.6471770405769348
3,7661651,3910,2,:,3.807572364807129,1.0,0.0001837015151977539,0.710915207862854
3,8086227,4017,8, containing,2.938046932220459,1.0,0.00016373395919799805,0.7312645316123962
3,8227592,4052,7, state,9.615549087524414,1.0,0.00038945674896240234,0.5577276945114136
3,8522252,4124,5, of,4.6148295402526855,1.0,0.0001792311668395996,0.7156374454498291
3,9472124,4348,2,:,3.4199471473693848,1.0,0.00016921758651733398,0.7259343862533569
3,10285376,4531,5, of,4.120787143707275,1.0,0.00014024972915649414,0.7599563598632812
3,11992749,4893,2,:,2.950277805328369,1.0,0.00019216537475585938,0.7026686072349548
3,12577616,5011,8, containing,13.138896942138672,1.0,0.000675201416015625,0.46266451478004456
3,13325699,5158,9, Chicago,2.419059991836548,1.0,0.00011408329010009766,0.797991156578064
3,13460262,5184,8, containing,5.009676456451416,1.0,0.00021529197692871094,0.6819404363632202
3,14388926,5360,2,:,3.085233688354492,1.0,0.00013053417205810547,0.7734792828559875
3,16846106,5800,10, is,2.0046114921569824,1.0,0.00014275312423706055,0.7565563917160034
3,17384352,5892,9, Chicago,8.254472732543945,1.0,0.0005732476711273193,0.48287105560302734
3,18014999,5998,2,:,3.82405424118042,1.0,0.00020819902420043945,0.6874536871910095
3,19590666,6255,2,:,4.54163932800293,1.0,0.00019103288650512695,0.7038169503211975
3,20978999,6473,2,:,8.122583389282227,1.0,0.0003873109817504883,0.5588923692703247
3,23396216,6836,2,:,3.4351115226745605,1.0,0.00016051530838012695,0.7345036268234253
3,25493366,7136,2,:,3.203718662261963,1.0,0.0001914501190185547,0.7032436728477478
3,28331624,7523,8, containing,2.865683078765869,1.0,0.00013005733489990234,0.7743909358978271
3,28497471,7545,8, containing,3.293421745300293,1.0,0.00013405084609985352,0.7684531807899475
3,28610826,7560,2,:,2.8377273082733154,1.0,0.00013399124145507812,0.7687211632728577
3,29173337,7634,5, of,9.638633728027344,1.0,0.00030875205993652344,0.6028458476066589
3,30283649,7778,3, The,4.127526760101318,1.0,0.00011610984802246094,0.7950005531311035
3,30494141,7805,5, of,5.292129039764404,1.0,0.00024819374084472656,0.6499243378639221
3,30862292,7852,5, of,3.366062641143799,1.0,0.0001315474510192871,0.7720373868942261
3,33093176,8131,8, containing,2.450916290283203,1.0,0.00013190507888793945,0.7711160778999329
3,33093176,8131,10, is,2.910073757171631,1.0,0.00017535686492919922,0.7204217910766602
3,37329116,8636,7, state,8.774477005004883,1.0,0.0003808140754699707,0.5627261996269226
3,39993092,8939,2,:,4.208101272583008,1.0,0.00018489360809326172,0.7101789712905884
3,41856671,9145,2,:,3.383063316345215,1.0,0.0001412034034729004,0.7591121792793274
3,45730262,9559,5, of,21.053272247314453,1.0,0.0009978711605072021,0.39727112650871277
3,45730262,9559,6, the,12.814995765686035,1.0,0.0002143383026123047,0.6825848817825317
3,45979251,9585,8, containing,3.143632411956787,1.0,0.0001208186149597168,0.7868366837501526
3,51750047,10169,1,Fact,3.4665725231170654,1.0,0.00011819601058959961,0.791019082069397
3,52035297,10197,3, The,7.26987361907959,1.0,0.00013756752014160156,0.7632866501808167
3,53669976,10356,5, of,12.603188514709473,1.0,0.0004957914352416992,0.5098594427108765
3,54868046,10471,2,:,3.9133472442626953,1.0,0.00021409988403320312,0.6830132603645325
3,54920436,10476,2,:,2.73793363571167,1.0,0.0001531839370727539,0.7435969710350037
3,58282202,10792,7, state,6.2727952003479,1.0,0.00026297569274902344,0.6374034881591797
3,58682357,10829,10, is,3.281081438064575,1.0,0.00023955106735229492,0.6584550738334656
3,60736727,11017,8, containing,5.430872440338135,1.0,0.0002601742744445801,0.6402804255485535
3,63174416,11236,8, containing,6.0723981857299805,1.0,0.00025206804275512695,0.6464233994483948
3,63174416,11236,10, is,2.6534276008605957,1.0,0.00012046098709106445,0.7874392867088318
3,63816749,11293,2,:,4.849055290222168,1.0,0.0002905130386352539,0.6166206002235413
3,65637149,11453,8, containing,4.110071182250977,1.0,0.00020432472229003906,0.691368579864502
3,67762257,11637,1,Fact,3.6355648040771484,1.0,0.00012111663818359375,0.7863531708717346
3,68638182,11712,5, of,4.050771713256836,1.0,0.00014793872833251953,0.7494527697563171
3,68896187,11734,8, containing,4.233063220977783,1.0,0.00021505355834960938,0.6821554899215698
3,68896187,11734,10, is,5.581626892089844,1.0,0.00032645463943481445,0.5917215347290039
3,73041737,12082,8, containing,2.3466787338256836,1.0,0.00012797117233276367,0.7773573994636536
3,73041737,12082,10, is,2.327880859375,1.0,0.00011593103408813477,0.7955804467201233
3,73319991,12105,5, of,10.609907150268555,1.0,0.0004190802574157715,0.5464119911193848
3,75049622,12247,2,:,5.265462398529053,1.0,0.00027483701705932617,0.6293306946754456
3,75946646,12320,2,:,2.174851179122925,1.0,0.00013655424118041992,0.7649324536323547
3,76886196,12396,2,:,2.240692615509033,1.0,0.00011992454528808594,0.7882804274559021
3,77271092,12427,1,Fact,8.273616790771484,1.0,0.00032025575637817383,0.5955970287322998
3,81211136,12740,2,:,9.696281433105469,1.0,0.000739365816116333,0.44281595945358276
3,82529124,12843,2,:,4.450171947479248,1.0,0.00027930736541748047,0.6262813210487366
3,82914999,12873,5, of,5.60001802444458,1.0,0.0002453327178955078,0.6523867845535278
3,87192611,13201,8, containing,3.4272916316986084,1.0,0.00015544891357421875,0.7406675815582275
3,96056726,13856,8, containing,3.3107619285583496,1.0,0.00012934207916259766,0.7752979397773743
3,97210592,13939,2,:,4.910437107086182,1.0,0.0002967715263366699,0.6119264960289001
3,97601402,13967,5, of,6.170195579528809,1.0,0.00028777122497558594,0.6186420917510986
3,97839062,13984,4, capital,11.155441284179688,1.0,0.000499725341796875,0.5063768029212952
3,98511662,14032,10, is,4.488184452056885,1.0,0.00020682811737060547,0.6889052391052246
3,98680172,14044,2,:,9.616742134094238,1.0,0.0006784498691558838,0.46131131052970886
3,100557467,14177,2,:,3.9786720275878906,1.0,0.00030738115310668945,0.6040776371955872
3,104683211,14465,5, of,4.463266849517822,1.0,0.00018131732940673828,0.7138346433639526
3,107641124,14668,5, of,3.7269973754882812,1.0,0.0001493692398071289,0.7472234964370728
3,110105376,14835,8, containing,2.1115481853485107,1.0,0.00014215707778930664,0.7578378915786743
3,110105376,14835,10, is,4.242135047912598,1.0,0.00021857023239135742,0.6795578598976135
3,114602226,15135,5, of,2.2801170349121094,1.0,0.00012379884719848633,0.7841463088989258
3,116899691,15286,10, is,9.773950576782227,1.0,0.0004735589027404785,0.5204945206642151
3,118356801,15381,10, is,2.504765033721924,1.0,0.00012087821960449219,0.7865951061248779
3,119081024,15428,5, of,3.176500082015991,1.0,0.00013309717178344727,0.7700570225715637
3,119915837,15482,8, containing,9.26407241821289,1.0,0.0003231167793273926,0.5943135023117065
3,123409901,15706,2,:,4.064924240112305,1.0,0.0002085566520690918,0.6872454881668091
3,123598499,15718,5, of,3.350454807281494,1.0,0.00012618303298950195,0.7804014086723328
3,123850187,15734,8, containing,8.38904094696045,1.0,0.00038373470306396484,0.5604327321052551
3,125049201,15810,10, is,4.297709941864014,1.0,0.00021946430206298828,0.67824387550354
3,127033826,15935,5, of,3.4366214275360107,1.0,0.00020229816436767578,0.6936049461364746
3,128584662,16032,2,:,6.300176620483398,1.0,0.000353395938873291,0.573349118232727
3,129677456,16100,10, is,2.9721298217773438,1.0,0.00016802549362182617,0.7276202440261841
4,-1,4,1,Fact,,1.0,0.0004971027374267578,0.5083706378936768
4,-1,4,2,:,,1.0,0.0009427666664123535,0.40499722957611084
4,-1,4,3, The,,1.0,0.000314176082611084,0.6000449061393738
4,-1,4,4, capital,,1.0,0.0007416605949401855,0.4413370192050934
4,-1,4,5, of,,1.0,0.0007767975330352783,0.4330386221408844
4,-1,4,6, the,,1.0,0.0001723766326904297,0.7230311632156372
4,-1,4,7, state,,1.0,0.0005796551704406738,0.4805666208267212
4,-1,4,8, containing,,1.0,0.0010099709033966064,0.39627325534820557
4,-1,4,9, Chicago,,1.0,0.000723034143447876,0.44938743114471436
4,-1,4,10, is,,1.0,0.0006431043148040771,0.46725472807884216
4,4846,93,8, containing,3.230347156524658,1.0,0.00013256072998046875,0.770455002784729
4,30871,243,7, state,2.4077048301696777,1.0,0.000125885009765625,0.7807797193527222
4,181498,597,2,:,3.8547115325927734,1.0,0.00017118453979492188,0.7242339253425598
4,212221,646,2,:,5.818872928619385,1.0,0.00020492076873779297,0.6911642551422119
4,250273,702,2,:,6.566435813903809,1.0,0.0003266334533691406,0.5913950800895691
4,251690,704,8, containing,3.1810128688812256,1.0,0.0001431107521057129,0.7556989789009094
4,251690,704,10, is,3.5383365154266357,1.0,0.00014382600784301758,0.7541201710700989
4,359123,842,2,:,7.096892833709717,1.0,0.0002511739730834961,0.6469259858131409
4,365935,850,5, of,4.0998854637146,1.0,0.00013172626495361328,0.7713795900344849
4,403646,893,2,:,10.280736923217773,1.0,0.0003827214241027832,0.5615818500518799
4,736286,1208,2,:,9.48695182800293,1.0,0.00040590763092041016,0.5521718263626099
4,867898,1312,10, is,3.217648506164551,1.0,0.0001372694969177246,0.7642486095428467
4,994750,1405,10, is,3.097102403640747,1.0,0.00015884637832641602,0.7359408736228943
4,1811651,1898,2,:,4.438467502593994,1.0,0.00023353099822998047,0.6646122336387634
4,2288725,2134,9, Chicago,3.656771183013916,1.0,0.00011473894119262695,0.796733021736145
4,2582123,2267,10, is,2.5799341201782227,1.0,0.00011265277862548828,0.799691379070282
4,2783615,2354,5, of,4.445161819458008,1.0,0.0001677870750427246,0.728123664855957
4,4122751,2866,10, is,5.448918342590332,1.0,0.0001609325408935547,0.7341823577880859
4,4649720,3044,10, is,3.5931756496429443,1.0,0.0001347064971923828,0.7679158449172974
4,5410400,3284,8, containing,2.5765180587768555,1.0,0.00012981891632080078,0.7746505737304688
4,6481795,3595,5, of,3.098935127258301,1.0,0.00011742115020751953,0.7920811772346497
4,6732610,3664,10, is,1.7985498905181885,1.0,0.00011867284774780273,0.7903082966804504
4,7332530,3824,4, capital,18.67442512512207,1.0,0.0005156993865966797,0.5008248686790466
4,8935873,4222,2,:,2.768186092376709,1.0,0.00011730194091796875,0.7923157811164856
4,9363623,4322,8, containing,10.393952369689941,1.0,0.000492095947265625,0.5108463168144226
4,9559373,4367,7, state,3.426051378250122,1.0,0.0001799464225769043,0.7150985598564148
4,9633850,4384,7, state,6.718836784362793,1.0,0.0003401041030883789,0.5820081233978271
4,9633850,4384,8, containing,4.328697204589844,1.0,0.00022166967391967773,0.676701009273529
4,10417325,4559,9, Chicago,2.8691906929016113,1.0,0.00012421607971191406,0.7832787036895752
4,12522505,4999,7, state,14.053550720214844,1.0,0.00046640634536743164,0.5247199535369873
4,12854980,5065,9, Chicago,5.440099239349365,1.0,0.00017184019088745117,0.7237192988395691
4,12987151,5091,8, containing,2.72883939743042,1.0,0.00012892484664916992,0.7759438157081604
4,13564231,5203,10, is,2.5094709396362305,1.0,0.0001334547996520996,0.7697906494140625
4,13726175,5234,5, of,4.242794513702393,1.0,0.00014382600784301758,0.7544078826904297
4,13820648,5252,2,:,3.5438618659973145,1.0,0.00013518333435058594,0.7673767805099487
4,14026451,5291,1,Fact,6.217991828918457,1.0,0.0002072453498840332,0.6884912848472595
4,14026451,5291,2,:,10.576278686523438,1.0,0.0005682706832885742,0.48514920473098755
4,15215881,5511,2,:,6.108468532562256,1.0,0.000295102596282959,0.6134054660797119
4,15654805,5590,2,:,2.497530937194824,1.0,0.0001252293586730957,0.7820340394973755
4,16442240,5729,2,:,5.217816352844238,1.0,0.00019592046737670898,0.6993726491928101
4,17455181,5903,9, Chicago,7.986324310302734,1.0,0.00027745962142944336,0.6279518604278564
4,17467000,5905,8, containing,5.3744707107543945,1.0,0.0002537965774536133,0.6451603174209595
4,18201556,6028,1,Fact,10.605276107788086,1.0,0.00034105777740478516,0.5813277959823608
4,18201556,6028,2,:,20.580307006835938,1.0,0.0010991990566253662,0.3836611807346344
4,18559273,6087,7, state,9.254573822021484,1.0,0.0005165338516235352,0.50030916929245
4,18559273,6087,8, containing,5.404459476470947,1.0,0.00023162364959716797,0.6669365763664246
4,18559273,6087,10, is,2.0416407585144043,1.0,0.00012958049774169922,0.7749097347259521
4,19697221,6271,8, containing,6.0917158126831055,1.0,0.00020879507064819336,0.68703693151474
4,23048650,6784,10, is,6.046177864074707,1.0,0.0001766681671142578,0.7190163135528564
4,23423585,6839,9, Chicago,3.024305820465088,1.0,0.00012814998626708984,0.7771012187004089
4,23423585,6839,10, is,4.70592737197876,1.0,0.00018584728240966797,0.7088820338249207
4,23787748,6892,3, The,5.110766410827637,1.0,0.00011730194091796875,0.7921984791755676
4,24099148,6937,9, Chicago,3.033844232559204,1.0,0.00015819072723388672,0.7375247478485107
4,24974773,7062,10, is,2.4541268348693848,1.0,0.0001436471939086914,0.7546952962875366
4,27836986,7456,5, of,6.085480690002441,1.0,0.00014084577560424805,0.7595351338386536
4,29464321,7671,4, capital,11.09623908996582,1.0,0.00046771764755249023,0.5237869620323181
4,29464321,7671,5, of,23.38473892211914,1.0,0.0010263621807098389,0.39526328444480896
4,29464321,7671,10, is,9.073484420776367,1.0,0.00047081708908081055,0.5223823189735413
4,30455105,7799,9, Chicago,2.3670077323913574,1.0,0.00011342763900756836,0.7987877130508423
4,31011745,7870,5, of,6.902928352355957,1.0,0.0002884864807128906,0.6177776455879211
4,31011745,7870,8, containing,3.230269432067871,1.0,0.00014597177505493164,0.7516580820083618
4,31011745,7870,10, is,7.597500801086426,1.0,0.0003985762596130371,0.5549777150154114
4,32421373,8047,8, containing,7.377528190612793,1.0,0.0003120899200439453,0.6009849309921265
4,33207170,8144,1,Fact,6.470183849334717,1.0,0.00012159347534179688,0.7861108183860779
4,33574910,8189,8, containing,3.7065200805664062,1.0,0.00017493963241577148,0.7212972640991211
4,35024260,8364,10, is,5.425910949707031,1.0,0.00033849477767944336,0.585740327835083
4,35368250,8405,8, containing,3.959806442260742,1.0,0.00011789798736572266,0.7918459177017212
4,36606841,8551,2,:,3.0561070442199707,1.0,0.0001812577247619629,0.7140159010887146
4,37692898,8677,10, is,6.825937747955322,1.0,0.00024062395095825195,0.6579759120941162
4,40118398,8952,1,Fact,5.548642158508301,1.0,0.00015687942504882812,0.7398865818977356
4,40136315,8954,2,:,4.022383689880371,1.0,0.00015795230865478516,0.7379987239837646
4,40919576,9041,9, Chicago,5.748780727386475,1.0,0.0003444552421569824,0.579271674156189
4,43035998,9272,8, containing,3.7776424884796143,1.0,0.00012040138244628906,0.7871983051300049
4,43781398,9352,10, is,3.202285051345825,1.0,0.00017333030700683594,0.7223408222198486
4,44637071,9443,2,:,3.4419775009155273,1.0,0.00014293193817138672,0.7561279535293579
4,47088655,9699,5, of,6.6995954513549805,1.0,0.00023132562637329102,0.6678622961044312
4,47088655,9699,8, containing,5.271954536437988,1.0,0.0002484321594238281,0.6496761441230774
4,47653198,9757,1,Fact,20.541349411010742,1.0,0.0005678534507751465,0.4862852096557617
4,47653198,9757,2,:,8.497971534729004,1.0,0.0003021359443664551,0.6080315709114075
4,51212255,10115,8, containing,3.6641170978546143,1.0,0.00014281272888183594,0.7564136385917664
4,54564676,10441,2,:,6.935643196105957,1.0,0.0003040432929992676,0.6065182685852051
4,55561606,10536,2,:,4.678757667541504,1.0,0.0001850724220275879,0.7099940776824951
4,56578198,10632,7, state,4.5445051193237305,1.0,0.0001552104949951172,0.7409781813621521
4,56705920,10644,2,:,5.2412261962890625,1.0,0.0002244710922241211,0.6740280389785767
4,64473685,11350,4, capital,10.893294334411621,1.0,0.0002797245979309082,0.6257227063179016
4,67320601,11598,4, capital,5.87233829498291,1.0,0.00015467405319213867,0.7414427995681763
4,71455030,11949,2,:,3.117483139038086,1.0,0.00012224912643432617,0.785744845867157
4,74560361,12206,2,:,5.719020843505859,1.0,0.00017505884170532227,0.7211223244667053
4,74694748,12217,8, containing,7.534529685974121,1.0,0.0003172159194946289,0.5991004705429077
4,79613266,12613,2,:,3.8980464935302734,1.0,0.00016301870346069336,0.7317542433738708
4,84013198,12957,5, of,5.810307502746582,1.0,0.0001640915870666504,0.7309368252754211
4,84441505,12990,8, containing,2.7088828086853027,1.0,0.00011986494064331055,0.7884002923965454
4,88438345,13294,10, is,5.388543605804443,1.0,0.00022351741790771484,0.6742515563964844
4,89518885,13375,10, is,3.918701171875,1.0,0.00012552738189697266,0.7814075350761414
4,90969811,13483,8, containing,5.757873058319092,1.0,0.00020599365234375,0.6893178820610046
4,92147095,13570,7, state,7.023094177246094,1.0,0.00021320581436157227,0.6842941045761108
4,94400665,13735,3, The,9.455437660217285,1.0,0.00015461444854736328,0.7417520880699158
4,96806650,13909,1,Fact,8.62550163269043,1.0,0.00022709369659423828,0.6724490523338318
4,97196648,13937,2,:,5.193876266479492,1.0,0.00022268295288085938,0.6755905151367188
4,97336123,13947,2,:,2.9444522857666016,1.0,0.00014418363571166992,0.753399670124054
4,98329271,14018,7, state,9.483640670776367,1.0,0.0002821683883666992,0.6231928467750549
4,99750745,14119,8, containing,11.53220272064209,1.0,0.00034421682357788086,0.5799603462219238
4,99821380,14124,10, is,2.7904300689697266,1.0,0.00014442205429077148,0.7532554864883423
4,102524035,14314,2,:,2.6270461082458496,1.0,0.00011813640594482422,0.7914919257164001
4,103155061,14358,2,:,2.7563304901123047,1.0,0.00012695789337158203,0.7783764004707336
4,110446948,14857,1,Fact,21.756210327148438,1.0,0.00021404027938842773,0.6832273006439209
4,110446948,14857,4, capital,20.828426361083984,1.0,0.0002079010009765625,0.6876615881919861
4,110446948,14857,5, of,10.039482116699219,1.0,0.00013577938079833984,0.7661579847335815
4,110446948,14857,7, state,10.092870712280273,1.0,0.00011944770812988281,0.7888787388801575
4,110446948,14857,9, Chicago,13.736898422241211,1.0,0.00037354230880737305,0.5661144256591797
4,117588775,15330,4, capital,5.108450889587402,1.0,0.00015336275100708008,0.7432904839515686
4,117588775,15330,5, of,5.9562578201293945,1.0,0.00016129016876220703,0.733860433101654
4,121157956,15561,2,:,8.773792266845703,1.0,0.0003402233123779297,0.5816680192947388
4,124922716,15801,8, containing,5.002529621124268,1.0,0.0002605915069580078,0.6397596001625061
4,125841175,15859,9, Chicago,4.2346272468566895,1.0,0.0001767277717590332,0.7188396453857422
4,128056001,15998,8, containing,6.200930595397949,1.0,0.00019687414169311523,0.6983914375305176
4,129452090,16085,4, capital,3.9123597145080566,1.0,0.00011944770812988281,0.7891175150871277
4,130451623,16147,5, of,4.613772392272949,1.0,0.00013118982315063477,0.7728251218795776
5,-1,5,1,Fact,,1.0,0.00021576881408691406,0.6815096735954285
5,-1,5,2,:,,1.0,0.0009027421474456787,0.40869808197021484
5,-1,5,3, The,,1.0,0.00028008222579956055,0.6251628994941711
5,-1,5,4, capital,,1.0,0.0003547072410583496,0.5726420283317566
5,-1,5,5, of,,1.0,0.0007092952728271484,0.45368024706840515
5,-1,5,7, state,,1.0,0.0004851222038269043,0.5137796401977539
5,-1,5,8, containing,,1.0,0.0008922815322875977,0.4131752848625183
5,-1,5,9, Chicago,,1.0,0.0004904866218566895,0.5118281841278076
5,-1,5,10, is,,1.0,0.0008924603462219238,0.4122830033302307
5,16830,177,2,:,6.952724456787109,1.0,0.00021648406982421875,0.6808618307113647
5,208329,639,7, state,4.231072425842285,1.0,0.0001430511474609375,0.7558420300483704
5,687372,1166,10, is,2.439394950866699,1.0,0.00012445449829101562,0.7827817797660828
5,779370,1242,8, containing,5.6929097175598145,1.0,0.00015753507614135742,0.7386294007301331
5,1433965,1687,1,Fact,8.153833389282227,1.0,0.0001571178436279297,0.7392587065696716
5,1433965,1687,2,:,7.592066764831543,1.0,0.00024563074111938477,0.6516508460044861
5,2584395,2267,10, is,5.623712062835693,1.0,0.00030303001403808594,0.6071243286132812
5,4165935,2880,8, containing,5.267963886260986,1.0,0.00015801191329956055,0.7376827597618103
5,5479699,3304,9, Chicago,8.643810272216797,1.0,0.00034743547439575195,0.5768502950668335
5,5532795,3320,10, is,2.687978744506836,1.0,0.00011998414993286133,0.788160502910614
5,5576124,3333,4, capital,13.390371322631836,1.0,0.00037086009979248047,0.5668562650680542
5,5576124,3333,5, of,6.0549397468566895,1.0,0.00012362003326416016,0.7842699289321899
5,5576124,3333,10, is,2.828749179840088,1.0,0.0001716017723083496,0.7240627408027649
5,5622975,3347,10, is,3.555450677871704,1.0,0.0001709461212158203,0.724575936794281
5,6084810,3482,8, containing,3.5234904289245605,1.0,0.00011807680130004883,0.7917280197143555
5,7259949,3804,10, is,3.7240259647369385,1.0,0.00013512372970581055,0.7672415971755981
5,7894345,3967,10, is,3.3904576301574707,1.0,0.0001188516616821289,0.7900708317756653
5,7993995,3992,1,Fact,23.233030319213867,1.0,0.0006780028343200684,0.46198931336402893
5,9024870,4242,2,:,4.993316650390625,1.0,0.00014066696166992188,0.7596758008003235
5,9058890,4250,10, is,4.619933128356934,1.0,0.0002391338348388672,0.6596514582633972
5,10911450,4665,10, is,3.2466344833374023,1.0,0.00014156103134155273,0.7585469484329224
5,14249785,5332,9, Chicago,4.737280368804932,1.0,0.00015670061111450195,0.7400432825088501
5,25173054,7089,9, Chicago,4.5217766761779785,1.0,0.0001615285873413086,0.7332150340080261
5,26118372,7221,5, of,7.906457901000977,1.0,0.00020754337310791016,0.6880767345428467
5,27169500,7365,2,:,5.223889350891113,1.0,0.0001627802848815918,0.732079803943634
5,28091254,7489,1,Fact,9.18868637084961,1.0,0.00024145841598510742,0.657012403011322
5,30587925,7815,8, containing,3.863255500793457,1.0,0.00011861324310302734,0.7905455231666565
5,33747214,8209,8, containing,5.6050615310668945,1.0,0.00017517805099487305,0.7207722067832947
5,33952914,8234,2,:,6.1147661209106445,1.0,0.00013381242752075195,0.7691227197647095
5,40783990,9025,8, containing,4.61583137512207,1.0,0.00017815828323364258,0.7168869972229004
5,41001034,9049,2,:,5.499032974243164,1.0,0.0001862645149230957,0.7081380486488342
5,45625122,9546,8, containing,3.8548362255096436,1.0,0.00015974044799804688,0.7351444363594055
5,46325119,9619,7, state,4.393563747406006,1.0,0.00011920928955078125,0.7897137403488159
5,48280045,9820,8, containing,3.455385208129883,1.0,0.00011706352233886719,0.7930185794830322
5,52690239,10259,2,:,4.080310821533203,1.0,0.00011682510375976562,0.7934862375259399
5,53981239,10384,7, state,4.98304557800293,1.0,0.00013011693954467773,0.7741308212280273
5,55277349,10508,9, Chicago,5.250782489776611,1.0,0.00018197298049926758,0.71292644739151
5,58649859,10824,4, capital,4.419875621795654,1.0,0.00013589859008789062,0.7658863663673401
5,58682355,10827,2,:,6.720763683319092,1.0,0.0001475811004638672,0.7498956918716431
5,66996094,11569,2,:,6.098654747009277,1.0,0.00019115209579467773,0.7034348249435425
5,76873794,12393,7, state,10.986194610595703,1.0,0.0002923011779785156,0.6151650547981262
5,77445229,12439,8, containing,5.711871147155762,1.0,0.00016242265701293945,0.7325673699378967
5,82272372,12821,10, is,4.593084335327148,1.0,0.0002792477607727051,0.6265605688095093
5,83043822,12881,5, of,6.243866443634033,1.0,0.00014328956604003906,0.7554126977920532
5,94331974,13729,7, state,7.0388054847717285,1.0,0.00015282630920410156,0.7439026236534119
5,96806649,13908,7, state,3.506709098815918,1.0,0.00011676549911499023,0.7937197685241699
5,96931920,13917,10, is,5.734034538269043,1.0,0.00026541948318481445,0.6355536580085754
5,102366580,14302,2,:,8.435171127319336,1.0,0.00022912025451660156,0.6703961491584778
5,102853647,14336,10, is,3.37854266166687,1.0,0.00015866756439208984,0.736258327960968
5,105960397,14551,5, of,5.988275527954102,1.0,0.00015372037887573242,0.7428299784660339
5,111683979,14939,10, is,3.1182100772857666,1.0,0.00012630224227905273,0.7802752256393433
5,118110759,15363,8, containing,5.881474018096924,1.0,0.00013118982315063477,0.7725626826286316
5,123472749,15708,5, of,4.233659267425537,1.0,0.00011551380157470703,0.7960429787635803
5,124228197,15756,8, containing,5.897934913635254,1.0,0.00014734268188476562,0.7503381371498108
5,125207394,15818,7, state,3.8608016967773438,1.0,0.0001423954963684082,0.7572689652442932
6,-1,6,1,Fact,,1.0,0.00032645463943481445,0.5920479893684387
6,-1,6,2,:,,1.0,0.0007357001304626465,0.4435516595840454
6,-1,6,3, The,,1.0,0.00033986568450927734,0.5826878547668457
6,-1,6,4, capital,,1.0,0.0004899501800537109,0.5123181343078613
6,-1,6,5, of,,1.0,0.0006203949451446533,0.4703979194164276
6,-1,6,7, state,,1.0,0.0005816519260406494,0.47882601618766785
6,-1,6,8, containing,,1.0,0.0008294582366943359,0.4242502748966217
6,-1,6,9, Chicago,,1.0,0.0005753636360168457,0.4822978079319
6,-1,6,10, is,,1.0,0.0009413361549377441,0.4059385657310486
6,17384,179,10, is,2.4014720916748047,1.0,0.00014656782150268555,0.7510724663734436
6,132348,507,4, capital,7.663576602935791,1.0,0.00011515617370605469,0.7961581349372864
6,207039,636,4, capital,8.390569686889648,1.0,0.00024455785751342773,0.653121292591095
6,576194,1066,2,:,3.3810393810272217,1.0,0.0001252889633178711,0.7819088101387024
6,819833,1273,5, of,6.180116653442383,1.0,0.0001156926155090332,0.7958118915557861
6,1087068,1467,10, is,5.894900321960449,1.0,0.00019609928131103516,0.6989806890487671
6,1662569,1816,7, state,3.4210171699523926,1.0,0.00011926889419555664,0.7894753217697144
6,1857621,1920,4, capital,7.929851531982422,1.0,0.0001767873764038086,0.7186629176139832
6,1857621,1920,5, of,7.46436882019043,1.0,0.00013685226440429688,0.7645223736763
6,1857621,1920,10, is,4.419870376586914,1.0,0.00013554096221923828,0.7665648460388184
6,2586668,2267,2,:,19.678316116333008,1.0,0.0001728534698486328,0.7226864695549011
6,2586668,2267,4, capital,21.371322631835938,1.0,0.00011718273162841797,0.792432963848114
6,2586668,2267,5, of,20.813705444335938,1.0,0.00012576580047607422,0.7809054851531982
6,2586668,2267,7, state,19.34756088256836,1.0,0.00014543533325195312,0.7523861527442932
6,2586668,2267,8, containing,15.311482429504395,1.0,0.00014412403106689453,0.7539763450622559
6,2586668,2267,9, Chicago,19.140657424926758,1.0,0.00022906064987182617,0.6706252098083496
6,2586668,2267,10, is,14.75282096862793,1.0,0.0004172325134277344,0.5468292236328125
6,2939093,2417,10, is,3.7901346683502197,1.0,0.00019758939743041992,0.6976025700569153
6,3552438,2658,7, state,4.71883487701416,1.0,0.0001315474510192871,0.7717743515968323
6,3854469,2769,10, is,2.788029670715332,1.0,0.00011718273162841797,0.7927845120429993
6,6593889,3624,8, containing,6.557819843292236,1.0,0.00024366378784179688,0.6543422937393188
6,8078183,4012,7, state,14.263773918151855,1.0,0.0005248486995697021,0.49718576669692993
6,8721569,4169,10, is,2.8196353912353516,1.0,0.00012254714965820312,0.7853778600692749
6,8817893,4192,2,:,5.741747856140137,1.0,0.00014418363571166992,0.7536880970001221
6,9607529,4376,2,:,5.764809608459473,1.0,0.0001500248908996582,0.7469245791435242
6,9717429,4401,9, Chicago,5.461352825164795,1.0,0.00020998716354370117,0.6864086985588074
6,10231019,4516,1,Fact,11.584635734558105,1.0,0.00019055604934692383,0.7040075063705444
6,10371728,4547,3, The,6.540439128875732,1.0,0.00011456012725830078,0.7970768809318542
6,10902108,4662,4, capital,15.058185577392578,1.0,0.0005576908588409424,0.489654004573822
6,10902108,4662,5, of,14.100217819213867,1.0,0.00038504600524902344,0.5596638917922974
6,10902108,4662,9, Chicago,9.92095947265625,1.0,0.00035834312438964844,0.5708613395690918
6,10902108,4662,10, is,7.4652838706970215,1.0,0.0004877448081970215,0.513294517993927
6,11817084,4854,5, of,7.643853187561035,1.0,0.00014925003051757812,0.7475219964981079
6,11817084,4854,8, containing,5.411931037902832,1.0,0.0002027750015258789,0.6932000517845154
6,12713396,5035,2,:,6.165718078613281,1.0,0.00016039609909057617,0.7346640229225159
6,14837621,5440,7, state,4.485515594482422,1.0,0.00014728307723999023,0.7504854202270508
6,18589746,6090,2,:,5.545151710510254,1.0,0.00015848875045776367,0.7364168167114258
6,22434944,6691,9, Chicago,4.705145359039307,1.0,0.0001456141471862793,0.752095103263855
6,27494813,7408,5, of,6.113818645477295,1.0,0.00016039609909057617,0.7348244190216064
6,27784778,7447,7, state,6.110217571258545,1.0,0.0001563429832458496,0.7403563261032104
6,29926709,7729,2,:,9.707892417907715,1.0,0.00020563602447509766,0.6897292137145996
6,30650528,7822,10, is,3.432316541671753,1.0,0.00013935565948486328,0.7609347105026245
6,31494009,7929,9, Chicago,4.0203471183776855,1.0,0.00017338991165161133,0.7221674919128418
6,34051871,8245,2,:,4.45762825012207,1.0,0.000133514404296875,0.7696571946144104
6,37588778,8663,10, is,3.729210376739502,1.0,0.0001996159553527832,0.69621342420578
6,41537048,9107,7, state,7.218607425689697,1.0,0.00018042325973510742,0.7145580053329468
6,42573371,9220,5, of,3.4858760833740234,1.0,0.0001125335693359375,0.8000291585922241
6,42573371,9220,10, is,4.526188850402832,1.0,0.0003007054328918457,0.6089338660240173
6,46885079,9676,7, state,5.285919189453125,1.0,0.00014257431030273438,0.7568416595458984
6,48733121,9865,9, Chicago,9.64910888671875,1.0,0.00017559528350830078,0.7197201251983643
6,51252743,10117,2,:,3.7854056358337402,1.0,0.0001170039176940918,0.7931355834007263
6,53184134,10306,8, containing,4.28079891204834,1.0,0.00015175342559814453,0.7445111870765686
6,69225254,11759,9, Chicago,4.954115867614746,1.0,0.0002390742301940918,0.6598905324935913
6,73453253,12113,8, containing,4.023454189300537,1.0,0.00011372566223144531,0.7985607385635376
6,73683723,12132,8, containing,12.050365447998047,1.0,0.0003120303153991699,0.6012969613075256
6,74438294,12194,9, Chicago,5.8783087730407715,1.0,0.00023609399795532227,0.6627349853515625
6,77644484,12454,8, containing,5.618625640869141,1.0,0.00013870000839233398,0.7614904046058655
6,81683364,12774,7, state,5.655013084411621,1.0,0.00015467405319213867,0.7415974736213684
6,84857871,13020,2,:,5.84635591506958,1.0,0.00018674135208129883,0.7072053551673889
6,86428371,13140,2,:,5.122207164764404,1.0,0.00011670589447021484,0.7938364744186401
6,93236333,13648,2,:,8.24593448638916,1.0,0.00024884939193725586,0.6494277119636536
6,95019998,13778,2,:,3.663555145263672,1.0,0.0001271367073059082,0.7779954075813293
6,98413428,14022,2,:,7.6082048416137695,1.0,0.00019419193267822266,0.7009309530258179
6,107817263,14677,9, Chicago,3.4813344478607178,1.0,0.00011354684829711914,0.7986742854118347
6,116121173,15232,2,:,4.1594038009643555,1.0,0.000118255615234375,0.7911373376846313
6,117037343,15292,7, state,7.869970321655273,1.0,0.00024890899658203125,0.6491788625717163
6,119838414,15474,4, capital,5.409579277038574,1.0,0.0001888871192932129,0.7051426768302917
6,119838414,15474,5, of,4.760834693908691,1.0,0.00011289119720458984,0.799466073513031
6,122954714,15674,5, of,6.770615100860596,1.0,0.00017625093460083008,0.7191925644874573
6,123064509,15681,9, Chicago,4.4886579513549805,1.0,0.00012636184692382812,0.7801489233970642
6,123331358,15698,9, Chicago,7.752467632293701,1.0,0.0002435445785522461,0.6545858383178711
6,125096646,15810,9, Chicago,5.545121192932129,1.0,0.0002626776695251465,0.6379290819168091
6,132250709,16256,10, is,2.7143921852111816,1.0,0.00013262033462524414,0.7703224420547485
6,133358939,16324,9, Chicago,5.954724311828613,1.0,0.00047701597213745117,0.5190696120262146
7,-1,7,2,:,,1.0,0.0005773007869720459,0.4817224442958832
7,-1,7,3, The,,1.0,0.00028187036514282227,0.624038815498352
7,-1,7,4, capital,,1.0,0.00046002864837646484,0.5279539823532104
7,-1,7,5, of,,1.0,0.0003459453582763672,0.57823646068573
7,-1,7,6, the,,1.0,0.0001354217529296875,0.7668357491493225
7,-1,7,7, state,,1.0,0.00033414363861083984,0.5877552628517151
7,-1,7,8, containing,,1.0,0.0007395744323730469,0.44207659363746643
7,-1,7,9, Chicago,,1.0,0.0005087852478027344,0.5018479824066162
7,-1,7,10, is,,1.0,0.000699460506439209,0.45719966292381287
7,110677,462,1,Fact,24.655515670776367,1.0,0.0004278421401977539,0.5434513688087463
7,218122,652,9, Chicago,2.87227725982666,1.0,0.0001270771026611328,0.7781224846839905
7,244642,691,4, capital,18.203643798828125,1.0,0.00023293495178222656,0.6655452847480774
7,244642,691,5, of,21.865022659301758,1.0,0.000380098819732666,0.5631062984466553
7,244642,691,8, containing,5.734262943267822,1.0,0.00012689828872680664,0.7787570953369141
7,244642,691,10, is,14.131269454956055,1.0,0.00041180849075317383,0.5493128895759583
7,434770,924,10, is,5.36573600769043,1.0,0.0002066493034362793,0.6891118884086609
7,554923,1045,10, is,7.302236080169678,1.0,0.00024944543838500977,0.6489299535751343
7,843043,1290,9, Chicago,4.31465482711792,1.0,0.00013893842697143555,0.7613517045974731
7,1078238,1460,10, is,6.370517730712891,1.0,0.0002442598342895508,0.654098629951477
7,1422133,1678,7, state,9.998819351196289,1.0,0.00013238191604614258,0.7705873847007751
7,2706293,2318,10, is,4.573974132537842,1.0,0.0002663731575012207,0.6352882385253906
7,4828270,3099,4, capital,37.213531494140625,1.0,0.00013369321823120117,0.7692564129829407
7,4828270,3099,9, Chicago,20.755630493164062,1.0,0.00026088953018188477,0.6394990086555481
7,4828270,3099,10, is,7.77605676651001,1.0,0.00016254186630249023,0.7324049472808838
7,5029198,3163,8, containing,3.5010275840759277,1.0,0.0001131296157836914,0.7990140914916992
7,5029198,3163,10, is,4.138901233673096,1.0,0.0001429915428161621,0.7559850215911865
7,8239762,4051,8, containing,5.445855140686035,1.0,0.00012409687042236328,0.7835269570350647
7,8239762,4051,10, is,11.145081520080566,1.0,0.00043898820877075195,0.5373847484588623
7,9801370,4419,7, state,8.210495948791504,1.0,0.0001266002655029297,0.7791370749473572
7,10591495,4594,9, Chicago,18.713010787963867,1.0,0.0014199912548065186,0.3558289706707001
7,10591495,4594,10, is,2.810609817504883,1.0,0.00025838613510131836,0.6415754556655884
7,13569437,5201,2,:,8.2390718460083,1.0,0.00014132261276245117,0.758829653263092
7,16528367,5741,1,Fact,23.10138702392578,1.0,0.000400543212890625,0.5533806681632996
7,20662798,6420,9, Chicago,5.530477523803711,1.0,0.0001653432846069336,0.7296188473701477
7,21869183,6605,9, Chicago,5.7041521072387695,1.0,0.0001830458641052246,0.7118319869041443
7,22879222,6756,1,Fact,16.794574737548828,1.0,0.00027930736541748047,0.6260020136833191
7,23753270,6884,5, of,9.92026424407959,1.0,0.00021880865097045898,0.6793392896652222
7,23753270,6884,7, state,7.593416213989258,1.0,0.0001633763313293457,0.7314279079437256
7,23753270,6884,8, containing,5.055560111999512,1.0,0.00014132261276245117,0.7589709758758545
7,23753270,6884,10, is,5.427634239196777,1.0,0.00023353099822998047,0.6650793552398682
7,26430077,7262,10, is,3.3184354305267334,1.0,0.00012415647506713867,0.7834028601646423
7,31501945,7929,9, Chicago,7.627812385559082,1.0,0.0002219676971435547,0.6762574911117554
7,31501945,7929,10, is,3.1063060760498047,1.0,0.00012922286987304688,0.7756857872009277
7,31956007,7986,2,:,8.089722633361816,1.0,0.00015145540237426758,0.744814395904541
7,36061270,8484,4, capital,6.869751453399658,1.0,0.0001239180564880371,0.7836508750915527
7,47848645,9774,8, containing,8.104570388793945,1.0,0.00021898746490478516,0.6789013743400574
7,47848645,9774,10, is,5.586518287658691,1.0,0.0002009272575378418,0.694410502910614
7,52741577,10262,10, is,5.850994110107422,1.0,0.00016891956329345703,0.7264415621757507
7,55709282,10547,8, containing,6.862661361694336,1.0,0.00015670061111450195,0.7401999831199646
7,55709282,10547,10, is,4.165634632110596,1.0,0.00014770030975341797,0.7496004700660706
7,61988537,11126,9, Chicago,3.8552730083465576,1.0,0.00013905763626098633,0.7610737681388855
7,69767570,11804,10, is,4.6028642654418945,1.0,0.00013953447341918945,0.7607953548431396
7,71550695,11954,10, is,2.7950689792633057,1.0,0.0001201629638671875,0.7878002524375916
7,85602062,13076,9, Chicago,2.8843019008636475,1.0,0.0001316666603088379,0.7715112566947937
7,89934158,13403,8, containing,8.65476131439209,1.0,0.00022077560424804688,0.677143394947052
7,109779145,14809,10, is,5.097801208496094,1.0,0.00014412403106689453,0.753832221031189
7,120940120,15544,8, containing,4.328124523162842,1.0,0.00011664628982543945,0.794069766998291
7,121329245,15569,7, state,6.736455917358398,1.0,0.00015223026275634766,0.744207501411438
8,-1,8,2,:,,1.0,0.0005289912223815918,0.4961334466934204
8,-1,8,4, capital,,1.0,0.0002846717834472656,0.6203593015670776
8,-1,8,5, of,,1.0,0.00043582916259765625,0.5400089025497437
8,-1,8,7, state,,1.0,0.0002567172050476074,0.6428614258766174
8,-1,8,8, containing,,1.0,0.0006264448165893555,0.4691517651081085
8,-1,8,9, Chicago,,1.0,0.0008616447448730469,0.4166717529296875
8,-1,8,10, is,,1.0,0.000972062349319458,0.40215885639190674
8,579417,1067,7, state,9.384960174560547,1.0,0.00013071298599243164,0.7733487486839294
8,2673819,2303,10, is,5.175860404968262,1.0,0.0002593994140625,0.6407997012138367
8,4831377,3099,9, Chicago,21.3197078704834,1.0,0.0002218484878540039,0.6764793395996094
8,4831377,3099,10, is,6.180962562561035,1.0,0.00011324882507324219,0.7989009618759155
8,5646471,3351,5, of,8.139745712280273,1.0,0.00011926889419555664,0.7892367839813232
8,5646471,3351,10, is,6.759474754333496,1.0,0.00027370452880859375,0.6298786401748657
8,7807167,3942,9, Chicago,23.41895294189453,1.0,0.0009000301361083984,0.40959811210632324
8,10050877,4474,2,:,6.730979919433594,1.0,0.00012487173080444336,0.7821589112281799
8,10577691,4590,10, is,3.96767258644104,1.0,0.0001685023307800293,0.7269473075866699
8,12642897,5019,5, of,6.907204627990723,1.0,0.0001487135887145996,0.7484156489372253
8,12642897,5019,10, is,5.359469413757324,1.0,0.00024569034576416016,0.6514052152633667
8,13294737,5147,10, is,3.2589731216430664,1.0,0.00012344121932983398,0.7845168709754944
8,18914316,6141,9, Chicago,8.392162322998047,1.0,0.00019156932830810547,0.7030522227287292
8,20940147,6462,10, is,5.5331645011901855,1.0,0.00016182661056518555,0.7330535054206848
8,25500502,7132,10, is,3.399616241455078,1.0,0.00013148784637451172,0.7719058394432068
8,29518077,7674,2,:,12.034004211425781,1.0,0.00021284818649291992,0.6847200393676758
8,29957661,7731,10, is,2.908639907836914,1.0,0.0001266002655029297,0.7793902158737183
8,31724586,7956,10, is,4.838810920715332,1.0,0.00014024972915649414,0.7602368593215942
8,33028119,8118,7, state,6.668729782104492,1.0,0.00016134977340698242,0.7335378527641296
8,35410311,8406,1,Fact,14.844167709350586,1.0,0.00013113021850585938,0.7729562520980835
8,37277286,8625,7, state,5.046411037445068,1.0,0.00012874603271484375,0.7765877842903137
8,38847696,8805,2,:,10.523275375366211,1.0,0.00013953447341918945,0.7606558203697205
8,43687869,9338,10, is,11.57168197631836,1.0,0.0004519820213317871,0.5306990742683411
8,46459971,9630,10, is,3.459376335144043,1.0,0.00012946128845214844,0.7751685976982117
8,56206494,10593,9, Chicago,5.771317005157471,1.0,0.00012695789337158203,0.7782494425773621
8,60461497,10987,7, state,7.623099327087402,1.0,0.00011521577835083008,0.7962733507156372
8,60461497,10987,8, containing,5.924874305725098,1.0,0.00014090538024902344,0.7593942880630493
8,62211426,11145,10, is,5.662191867828369,1.0,0.00023049116134643555,0.6690170168876648
8,62512962,11172,8, containing,5.695191383361816,1.0,0.00013113021850585938,0.7730873823165894
8,62512962,11172,10, is,11.322404861450195,1.0,0.00046879053115844727,0.5228511095046997
8,65065519,11398,9, Chicago,6.063670635223389,1.0,0.00017005205154418945,0.7250874042510986
8,74462697,12194,9, Chicago,8.66747760772705,1.0,0.00015926361083984375,0.7357820272445679
8,81555597,12762,8, containing,4.83573055267334,1.0,0.00013643503189086914,0.7653419375419617
8,81555597,12762,9, Chicago,4.612305641174316,1.0,0.00014573335647583008,0.7518038153648376
8,81555597,12762,10, is,2.8924150466918945,1.0,0.00012934207916259766,0.7755565643310547
8,85955707,13102,9, Chicago,22.18136215209961,1.0,0.00103759765625,0.3921651244163513
8,91794466,13540,10, is,4.298758506774902,1.0,0.00018596649169921875,0.7085102200508118
8,107142832,14629,8, containing,6.420658111572266,1.0,0.00013178586959838867,0.7712478637695312
8,113213619,15038,10, is,5.998610496520996,1.0,0.00011426210403442383,0.7974201440811157
8,121812627,15599,10, is,2.191221237182617,1.0,0.0001170039176940918,0.7929015159606934
8,132397119,16263,8, containing,10.807008743286133,1.0,0.000261843204498291,0.6384531855583191
9,-1,9,2,:,,1.0,0.00032001733779907227,0.596237063407898
9,-1,9,3, The,,1.0,0.0001353621482849121,0.7671064734458923
9,-1,9,4, capital,,1.0,0.00025087594985961914,0.6474279165267944
9,-1,9,5, of,,1.0,0.00038129091262817383,0.5623453855514526
9,-1,9,7, state,,1.0,0.00028896331787109375,0.6174891591072083
9,-1,9,8, containing,,1.0,0.0005671977996826172,0.48685240745544434
9,-1,9,9, Chicago,,1.0,0.0008397996425628662,0.4209161102771759
9,-1,9,10, is,,1.0,0.0008132755756378174,0.4258847236633301
9,10868,137,9, Chicago,6.497450351715088,1.0,0.00013977289199829102,0.7603766322135925
9,35235,255,8, containing,7.9664225578308105,1.0,0.0001423954963684082,0.7571265697479248
9,192500,610,10, is,4.778812885284424,1.0,0.00018227100372314453,0.7127444744110107
9,998981,1403,2,:,5.6213483810424805,1.0,0.00011628866195678711,0.7945356965065002
9,1951290,1965,10, is,4.462251663208008,1.0,0.00016838312149047852,0.7271156907081604
9,2968256,2426,10, is,5.3970537185668945,1.0,0.00021201372146606445,0.6851444840431213
9,3843368,2762,1,Fact,33.433963775634766,1.0,0.0004284381866455078,0.5425952672958374
9,4003025,2819,9, Chicago,10.451925277709961,1.0,0.00021785497665405273,0.6802121996879578
9,4701701,3056,1,Fact,47.023170471191406,1.0,0.00042825937271118164,0.5430235266685486
9,5335001,3256,5, of,7.628578186035156,1.0,0.0001138448715209961,0.7984470129013062
9,5335001,3256,10, is,5.160869598388672,1.0,0.0001481175422668457,0.74900883436203
9,5956416,3441,10, is,7.233206748962402,1.0,0.0002446770668029785,0.6528767347335815
9,6776711,3671,10, is,2.6927061080932617,1.0,0.00011420249938964844,0.7978770732879639
9,7591346,3886,10, is,5.531088829040527,1.0,0.00018596649169921875,0.708696186542511
9,8505740,4114,8, containing,9.884330749511719,1.0,0.00015878677368164062,0.7360996603965759
9,10688366,4613,9, Chicago,6.1710124015808105,1.0,0.0002154707908630371,0.6817251443862915
9,14474880,5370,10, is,3.6036548614501953,1.0,0.00012868642807006836,0.7767164707183838
9,14810393,5432,10, is,5.122555732727051,1.0,0.00015366077423095703,0.7429836392402649
9,20836730,6445,10, is,2.813405752182007,1.0,0.00011837482452392578,0.7909008860588074
9,31932026,7981,2,:,9.684377670288086,1.0,0.00011837482452392578,0.7907825112342834
9,34823675,8335,9, Chicago,6.929018974304199,1.0,0.00014251470565795898,0.7569841742515564
9,38548580,8770,1,Fact,42.04533767700195,1.0,0.0002002716064453125,0.6956139802932739
9,53338946,10318,8, containing,10.603885650634766,1.0,0.0001925826072692871,0.7022840976715088
9,55287860,10505,8, containing,7.070647716522217,1.0,0.00014644861221313477,0.7513656616210938
9,61344416,11066,10, is,5.892622947692871,1.0,0.0001488327980041504,0.7481181025505066
9,79134480,12570,10, is,3.0076427459716797,1.0,0.0001239776611328125,0.7837748527526855
9,85092525,13035,8, containing,8.340343475341797,1.0,0.00013136863708496094,0.772168755531311
9,86454665,13139,10, is,5.397297382354736,1.0,0.0001304149627685547,0.7737402319908142
9,91037261,13483,1,Fact,26.625062942504883,1.0,0.00022470951080322266,0.6738035678863525
9,103370621,14368,10, is,3.4696168899536133,1.0,0.00012636184692382812,0.7800225615501404
9,104264010,14430,9, Chicago,4.665895462036133,1.0,0.0001348257064819336,0.7675116062164307
9,125286525,15819,1,Fact,50.327842712402344,1.0,0.00025218725204467773,0.6461713314056396
9,129500361,16083,8, containing,5.735475540161133,1.0,0.00011628866195678711,0.7947683334350586
10,-1,10,2,:,,1.0,0.0003337264060974121,0.5887569785118103
10,-1,10,4, capital,,1.0,0.00016075372695922852,0.7343431115150452
10,-1,10,5, of,,1.0,0.00025713443756103516,0.6423478126525879
10,-1,10,7, state,,1.0,0.00022035837173461914,0.6775842905044556
10,-1,10,8, containing,,1.0,0.0004947781562805176,0.510354220867157
10,-1,10,9, Chicago,,1.0,0.0006148815155029297,0.4734829068183899
10,-1,10,10, is,,1.0,0.0009779632091522217,0.3992408215999603
10,241849,684,9, Chicago,8.806883811950684,1.0,0.00014907121658325195,0.7479692697525024
10,724195,1192,10, is,5.07352876663208,1.0,0.00012671947479248047,0.7790104746818542
10,3363110,2582,8, containing,9.694164276123047,1.0,0.00014913082122802734,0.7476711273193359
10,7405465,3837,10, is,19.89744758605957,1.0,0.00020492076873779297,0.6909593343734741
10,7886395,3960,10, is,4.474794387817383,1.0,0.0001131296157836914,0.7992403507232666
10,9446020,4335,9, Chicago,5.187684535980225,1.0,0.00012624263763427734,0.780527651309967
10,23225509,6804,1,Fact,40.47477340698242,1.0,0.0001506209373474121,0.7461727857589722
10,23622490,6862,9, Chicago,5.0966620445251465,1.0,0.00011259317398071289,0.7999166250228882
10,25329392,7106,1,Fact,28.407346725463867,1.0,0.0001385211944580078,0.7617675065994263
10,39245359,8848,9, Chicago,7.983600616455078,1.0,0.0001450181007385254,0.7526764869689941
10,48644305,9852,9, Chicago,6.926901817321777,1.0,0.00019800662994384766,0.6972070336341858
10,59891029,10933,1,Fact,48.730525970458984,1.0,0.0002142786979675293,0.6827991604804993
10,67506379,11608,7, state,8.57543659210205,1.0,0.00011819601058959961,0.791255533695221
10,74951635,12232,1,Fact,39.398345947265625,1.0,0.0001678466796875,0.7277880907058716
10,77358130,12427,9, Chicago,6.099104404449463,1.0,0.0001723170280456543,0.7228587865829468
10,84415510,12982,7, state,10.278221130371094,1.0,0.00011688470840454102,0.7932524681091309
10,86441515,13137,10, is,3.625800132751465,1.0,0.0001277327537536621,0.7777407169342041
10,88637944,13303,10, is,8.106647491455078,1.0,0.0003362298011779785,0.5867513418197632
10,100614194,14174,1,Fact,55.09354782104492,1.0,0.00033777952194213867,0.5860781073570251
10,108287675,14705,9, Chicago,6.948559761047363,1.0,0.00018775463104248047,0.7057074904441833
10,110224117,14836,5, of,8.947663307189941,1.0,0.00011426210403442383,0.7977628707885742
10,110224117,14836,10, is,4.245616912841797,1.0,0.0001570582389831543,0.7394157648086548
10,129983615,16112,9, Chicago,4.349088668823242,1.0,0.00014024972915649414,0.7600966095924377
10,131909392,16231,9, Chicago,7.360085487365723,1.0,0.00013440847396850586,0.7681849002838135
11,-1,11,2,:,,1.0,0.0002683401107788086,0.6342198252677917
11,-1,11,4, capital,,1.0,0.0001633167266845703,0.7315912246704102
11,-1,11,5, of,,1.0,0.00022602081298828125,0.6731281876564026
11,-1,11,7, state,,1.0,0.00018680095672607422,0.7070186138153076
11,-1,11,8, containing,,1.0,0.00043827295303344727,0.538261890411377
11,-1,11,9, Chicago,,1.0,0.0008488893508911133,0.4192301332950592
11,-1,11,10, is,,1.0,0.0018850266933441162,0.33725011348724365
11,832683,1278,9, Chicago,15.104532241821289,1.0,0.00024181604385375977,0.6567709445953369
11,3640939,2686,9, Chicago,8.630242347717285,1.0,0.00011968612670898438,0.7886397242546082
11,5987518,3448,8, containing,15.302181243896484,1.0,0.0001690983772277832,0.7262726426124573
11,5987518,3448,10, is,15.861473083496094,1.0,0.00044471025466918945,0.5351842045783997
11,6324334,3544,9, Chicago,38.6309814453125,1.0,0.00021654367446899414,0.6804287433624268
11,19528113,6237,9, Chicago,14.802557945251465,1.0,0.0001876354217529297,0.706082820892334
11,27450333,7397,2,:,12.877720832824707,1.0,0.0001361370086669922,0.7656144499778748
11,55952319,10566,10, is,7.606447219848633,1.0,0.000209808349609375,0.6866185069084167
11,62703189,11186,1,Fact,84.13044738769531,1.0,0.0001448988914489746,0.7528213858604431
11,69602289,11786,10, is,6.953756332397461,1.0,0.00035965442657470703,0.570143461227417
11,77544819,12441,10, is,5.59150505065918,1.0,0.0001246929168701172,0.7825328707695007
11,86704684,13156,9, Chicago,5.486858367919922,1.0,0.00012296438217163086,0.785132646560669
11,114329869,15109,2,:,14.16515827178955,1.0,0.00011879205703735352,0.7901896238327026
12,-1,12,2,:,,1.0,0.00030410289764404297,0.6062142252922058
12,-1,12,4, capital,,1.0,0.0001831650733947754,0.7116489410400391
12,-1,12,5, of,,1.0,0.0003796219825744629,0.5634859204292297
12,-1,12,7, state,,1.0,0.00025576353073120117,0.6443974375724792
12,-1,12,8, containing,,1.0,0.00047969818115234375,0.5181136131286621
12,-1,12,9, Chicago,,1.0,0.0008022487163543701,0.4283023476600647
12,-1,12,10, is,,1.0,0.0010800361633300781,0.3869282603263855
12,2195547,2082,9, Chicago,6.746991157531738,1.0,0.00015348196029663086,0.7431371212005615
12,35427140,8404,9, Chicago,8.188429832458496,1.0,0.00014477968215942383,0.7531110644340515
12,36924108,8580,10, is,6.860744476318359,1.0,0.0001754164695739746,0.7200710773468018
12,54637818,10440,10, is,5.377340316772461,1.0,0.00011402368545532227,0.7982192635536194
12,56652677,10631,10, is,12.477590560913086,1.0,0.0006184577941894531,0.4716358780860901
12,78206258,12493,1,Fact,66.01607513427734,1.0,0.00024431943893432617,0.6538543701171875
12,79562792,12601,10, is,6.198352813720703,1.0,0.00022238492965698242,0.6760355234146118
12,83508413,12910,9, Chicago,12.860590934753418,1.0,0.0001526474952697754,0.7440552711486816
12,121547423,15578,10, is,5.6726908683776855,1.0,0.00019985437393188477,0.6960138082504272
13,-1,13,2,:,,1.0,0.00018548965454101562,0.7094387412071228
13,-1,13,4, capital,,1.0,0.000291287899017334,0.6157483458518982
13,-1,13,5, of,,1.0,0.0002652406692504883,0.6360841989517212
13,-1,13,7, state,,1.0,0.0001583695411682129,0.736575186252594
13,-1,13,8, containing,,1.0,0.0003708004951477051,0.5672270655632019
13,-1,13,9, Chicago,,1.0,0.0011006295680999756,0.38256198167800903
13,-1,13,10, is,,1.0,0.0014868378639221191,0.34859898686408997
13,2900422,2394,9, Chicago,10.267505645751953,1.0,0.00012224912643432617,0.7858670949935913
13,7282822,3802,9, Chicago,8.178568840026855,1.0,0.00014865398406982422,0.7485643029212952
13,25010114,7058,10, is,10.111957550048828,1.0,0.0003343820571899414,0.5874211192131042
13,34907176,8341,10, is,11.741294860839844,1.0,0.0004799962043762207,0.5171540975570679
13,37380967,8632,9, Chicago,12.427407264709473,1.0,0.00020116567611694336,0.6942095756530762
13,44674864,9438,10, is,5.686093330383301,1.0,0.00018668174743652344,0.7075786590576172
13,50476114,10033,10, is,6.2819623947143555,1.0,0.0002192854881286621,0.6784631609916687
13,50526364,10038,10, is,7.178836822509766,1.0,0.00019603967666625977,0.6991767287254333
13,53742514,10353,10, is,6.275259971618652,1.0,0.00023639202117919922,0.6622626781463623
13,114996181,15151,10, is,5.856694221496582,1.0,0.00011444091796875,0.7973058819770813
14,-1,14,2,:,,1.0,0.00020396709442138672,0.691776692867279
14,-1,14,4, capital,,1.0,0.00020384788513183594,0.6919805407524109
14,-1,14,5, of,,1.0,0.0002409219741821289,0.6574943661689758
14,-1,14,7, state,,1.0,0.0001322627067565918,0.7707196474075317
14,-1,14,8, containing,,1.0,0.00035953521728515625,0.5705029964447021
14,-1,14,9, Chicago,,1.0,0.0012777149677276611,0.3718835711479187
14,-1,14,10, is,,1.0,0.0027000904083251953,0.31571924686431885
14,3409951,2596,8, containing,33.19698715209961,1.0,0.000345766544342041,0.578582227230072
14,3563100,2654,10, is,7.6068878173828125,1.0,0.0002830624580383301,0.6220622062683105
14,6935935,3709,5, of,22.030925750732422,1.0,0.0001456737518310547,0.7519494891166687
14,7370865,3824,10, is,12.80217456817627,1.0,0.0003070831298828125,0.60438472032547
14,11393136,4758,10, is,7.239879608154297,1.0,0.0001488327980041504,0.7482669353485107
14,19753740,6270,9, Chicago,12.303558349609375,1.0,0.0001265406608581543,0.7792636156082153
14,53680326,10346,10, is,11.620342254638672,1.0,0.00033211708068847656,0.589422345161438
14,93017965,13624,7, state,15.64811897277832,1.0,0.0001971721649169922,0.6981945633888245
14,133473276,16323,9, Chicago,23.361602783203125,1.0,0.0023407042026519775,0.3207238018512726
15,-1,15,2,:,,1.0,0.00013828277587890625,0.7621827125549316
15,-1,15,4, capital,,1.0,0.00013780593872070312,0.763149082660675
15,-1,15,5, of,,1.0,0.00035697221755981445,0.5715757608413696
15,-1,15,8, containing,,1.0,0.0002435445785522461,0.6550729274749756
15,-1,15,9, Chicago,,1.0,0.0005043148994445801,0.5033629536628723
15,-1,15,10, is,,1.0,0.0032378435134887695,0.3071443736553192
15,39887,266,7, state,21.238773345947266,1.0,0.00013637542724609375,0.7654783129692078
15,376262,851,1,Fact,168.0082550048828,1.0,0.0001277923583984375,0.777485191822052
15,1533860,1735,10, is,16.97146224975586,1.0,0.0006195008754730225,0.47101742029190063
15,2254610,2107,9, Chicago,21.455547332763672,1.0,0.0004569888114929199,0.5302470922470093
15,3214364,2519,10, is,10.298310279846191,1.0,0.00027257204055786133,0.6320632696151733
15,10172289,4494,4, capital,68.67831420898438,1.0,0.0007530152797698975,0.4383597671985626
15,10172289,4494,5, of,29.19379425048828,1.0,0.0001677870750427246,0.7279558777809143
15,13894340,5255,10, is,7.3664398193359375,1.0,0.0001595616340637207,0.7353039979934692
15,46623980,9640,7, state,27.183032989501953,1.0,0.00022262334823608398,0.6758131384849548
15,65763230,11452,9, Chicago,18.215688705444336,1.0,0.0005880594253540039,0.47708049416542053
15,71730237,11961,10, is,9.987425804138184,1.0,0.00026291608810424805,0.6376664042472839
16,-1,16,2,:,,1.0,0.00016427040100097656,0.7307727336883545
16,-1,16,5, of,,1.0,0.00018036365509033203,0.7149186134338379
16,-1,16,7, state,,1.0,0.0001380443572998047,0.7628735303878784
16,-1,16,9, Chicago,,1.0,0.0004477500915527344,0.5338463187217712
16,-1,16,10, is,,1.0,0.003084629774093628,0.31022900342941284
16,6046486,3460,4, capital,40.836143493652344,1.0,0.00011909008026123047,0.7899519801139832
16,9311753,4298,10, is,17.293743133544922,1.0,0.0005954504013061523,0.47589969635009766
16,12693224,5021,10, is,16.80331802368164,1.0,0.0007990598678588867,0.4299016296863556
16,15127733,5483,10, is,12.492467880249023,1.0,0.00028842687606811523,0.6180660724639893
16,21180269,6491,10, is,17.035236358642578,1.0,0.0008544027805328369,0.4183812439441681
16,25837249,7171,4, capital,43.29798126220703,1.0,0.00014317035675048828,0.7555558681488037
16,39618334,8884,7, state,28.598373413085938,1.0,0.00011783838272094727,0.7919637560844421
16,45501013,9522,10, is,23.06441307067871,1.0,0.000743865966796875,0.43985265493392944
16,48466918,9828,10, is,9.662574768066406,1.0,0.00036281347274780273,0.5694212913513184
16,52219073,10202,10, is,7.768195152282715,1.0,0.00023108720779418945,0.6685557961463928
16,80587843,12678,9, Chicago,29.657588958740234,1.0,0.00034499168395996094,0.578927218914032
16,91320838,13497,10, is,7.979750633239746,1.0,0.00028252601623535156,0.6229106783866882
16,116136403,15223,10, is,24.86946678161621,1.0,0.00028330087661743164,0.6217791438102722
16,120442943,15503,9, Chicago,15.869176864624023,1.0,0.0008350908756256104,0.42258721590042114
17,-1,17,5, of,,1.0,0.00013744831085205078,0.7638367414474487
17,-1,17,7, state,,1.0,0.00013005733489990234,0.7742608785629272
17,-1,17,9, Chicago,,1.0,0.0004620552062988281,0.5265730023384094
17,-1,17,10, is,,1.0,0.001978278160095215,0.3314392864704132
17,103267,436,10, is,7.815164566040039,1.0,0.00030028820037841797,0.6095346808433533
17,296047,751,10, is,10.5360107421875,1.0,0.00041049718856811523,0.5501344799995422
17,5423553,3275,9, Chicago,13.755789756774902,1.0,0.0001169443130493164,0.7933694124221802
17,17049862,5821,10, is,20.321449279785156,1.0,0.0011965632438659668,0.3780653178691864
17,20234323,6343,10, is,8.680843353271484,1.0,0.00023442506790161133,0.6636766195297241
17,23150592,6786,10, is,6.613092422485352,1.0,0.00021660327911376953,0.6806453466415405
17,25672177,7147,9, Chicago,12.917656898498535,1.0,0.0002925992012023926,0.6145803928375244
17,25894788,7178,10, is,25.09224510192871,1.0,0.000873178243637085,0.41581010818481445
17,30306987,7767,9, Chicago,38.152931213378906,1.0,0.00012052059173583984,0.7873188257217407
17,30306987,7767,10, is,20.736825942993164,1.0,0.0002726912498474121,0.6317906975746155
17,46373247,9612,10, is,7.524380683898926,1.0,0.0002478957176208496,0.6504204273223877
17,57947977,10747,10, is,11.33594799041748,1.0,0.00043720006942749023,0.5391365885734558
17,88026528,13250,7, state,73.12593841552734,1.0,0.00023728609085083008,0.6610803604125977
17,90767583,13455,9, Chicago,8.343183517456055,1.0,0.0001698136329650879,0.7252572178840637
17,91483083,13508,9, Chicago,22.530288696289062,1.0,0.00019484758377075195,0.7001532912254333
17,102724593,14315,10, is,6.932218551635742,1.0,0.00026428699493408203,0.6366130113601685
17,114450867,15111,9, Chicago,12.377716064453125,1.0,0.00011461973190307617,0.796962320804596
17,116838523,15268,4, capital,53.791847229003906,1.0,0.00012123584747314453,0.786232054233551
18,-1,18,8, containing,,1.0,0.00015050172805786133,0.7464739680290222
18,-1,18,9, Chicago,,1.0,0.0005818009376525879,0.4782443642616272
18,-1,18,10, is,,1.0,0.0016236305236816406,0.3424932062625885
18,283862,734,9, Chicago,22.224254608154297,1.0,0.00025582313537597656,0.6438858509063721
18,283862,734,10, is,22.877727508544922,1.0,0.0010456740856170654,0.3911275267601013
18,546516,1026,10, is,18.724267959594727,1.0,0.0004974603652954102,0.50787353515625
18,6320771,3536,10, is,13.21310806274414,1.0,0.0009177029132843018,0.40779533982276917
18,6835734,3678,10, is,7.5964202880859375,1.0,0.0001569986343383789,0.7395727634429932
18,14815827,5424,9, Chicago,20.136207580566406,1.0,0.0002300739288330078,0.6694775819778442
18,15204836,5495,10, is,16.036598205566406,1.0,0.001328200101852417,0.3653874695301056
18,18730241,6101,10, is,19.777183532714844,1.0,0.0012723207473754883,0.3744329512119293
18,28716812,7559,10, is,8.319513320922852,1.0,0.0004718303680419922,0.5219115018844604
18,40306712,8959,10, is,41.02754211425781,1.0,0.0027901530265808105,0.31301915645599365
18,44514311,9416,10, is,11.567639350891113,1.0,0.0006456971168518066,0.4666116237640381
18,97377971,13936,10, is,6.272987365722656,1.0,0.00013363361358642578,0.7695236802101135
18,128969811,16041,10, is,7.87452507019043,1.0,0.0002275705337524414,0.6722219586372375
19,-1,19,9, Chicago,,1.0,0.0007296204566955566,0.44648000597953796
19,-1,19,10, is,,1.0,0.0014912784099578857,0.34711214900016785
19,1633,37,10, is,9.1245756149292,1.0,0.0007427036762237549,0.4405953586101532
19,93076,411,10, is,11.145578384399414,1.0,0.0002703070640563965,0.6328758597373962
19,1073825,1445,10, is,30.630834579467773,1.0,0.0011133253574371338,0.38146135210990906
19,3024550,2439,10, is,18.45199203491211,1.0,0.000991731882095337,0.3982628583908081
19,3686950,2695,10, is,19.079431533813477,1.0,0.0013093352317810059,0.3680194616317749
19,11894983,4857,10, is,25.858762741088867,1.0,0.0007171928882598877,0.45154333114624023
19,42647210,9215,10, is,7.609638214111328,1.0,0.00046378374099731445,0.5256479382514954
19,47614141,9738,9, Chicago,11.168453216552734,1.0,0.000213623046875,0.6834409236907959
19,53462950,10320,10, is,7.3082427978515625,1.0,0.0001736283302307129,0.7219941020011902
19,69154660,11740,10, is,7.053969383239746,1.0,0.0005293190479278564,0.4956044554710388
19,96750985,13890,10, is,10.024858474731445,1.0,0.0002104640007019043,0.6859883666038513
20,-1,20,9, Chicago,,1.0,0.0004476308822631836,0.5342939496040344
20,-1,20,10, is,,1.0,0.001961827278137207,0.33536508679389954
20,1410,32,9, Chicago,73.40869140625,1.0,0.002663850784301758,0.3183830976486206
20,1410,32,10, is,22.589061737060547,1.0,0.002115190029144287,0.327377587556839
20,29382,221,9, Chicago,31.694490432739258,1.0,0.0002409219741821289,0.657735288143158
20,4218039,2883,10, is,21.722877502441406,1.0,0.0006560981273651123,0.46466636657714844
20,13820632,5236,10, is,20.355144500732422,1.0,0.0018513798713684082,0.33910149335861206
20,14875764,5433,10, is,8.44822883605957,1.0,0.0001747608184814453,0.7214720249176025
20,17626932,5916,10, is,57.443180084228516,1.0,0.0017680823802947998,0.34086957573890686
20,18286107,6026,10, is,12.45115852355957,1.0,0.0003502964973449707,0.5754562020301819
20,21454504,6529,9, Chicago,23.766376495361328,1.0,0.0007490217685699463,0.43910878896713257
20,21454504,6529,10, is,54.62303161621094,1.0,0.005476474761962891,0.281161367893219
20,28339135,7507,10, is,7.836240768432617,1.0,0.00041490793228149414,0.5476599335670471
20,52792929,10254,10, is,20.347545623779297,1.0,0.00030922889709472656,0.6025370955467224
20,67576104,11604,9, Chicago,15.798036575317383,1.0,0.00022846460342407227,0.6710822582244873
20,114829414,15133,10, is,10.665271759033203,1.0,0.00027364492416381836,0.6301522850990295
20,118387557,15366,10, is,9.591986656188965,1.0,0.00047981739044189453,0.5176339149475098
21,-1,21,9, Chicago,,1.0,0.00031757354736328125,0.5984659194946289
21,-1,21,10, is,,1.0,0.003481924533843994,0.29706907272338867
21,116864,461,10, is,16.97782325744629,1.0,0.00040727853775024414,0.5513598918914795
21,5479683,3288,10, is,6.952445983886719,1.0,0.00016683340072631836,0.7284579277038574
21,8443973,4087,10, is,9.940265655517578,1.0,0.0005594193935394287,0.4890963137149811
21,14175128,5302,10, is,13.577566146850586,1.0,0.00023430585861206055,0.6639109253883362
21,16991513,5807,10, is,14.771430015563965,1.0,0.0004913806915283203,0.5113376975059509
21,17793573,5943,10, is,47.59880447387695,1.0,0.00384560227394104,0.2899148166179657
21,37510769,8639,9, Chicago,26.847166061401367,1.0,0.00017762184143066406,0.7179548144340515
21,37510769,8639,10, is,7.876806735992432,1.0,0.00028198957443237305,0.6237569451332092
21,53649239,10336,10, is,18.494407653808594,1.0,0.000555574893951416,0.49020957946777344
21,90431054,13426,10, is,8.094310760498047,1.0,0.0004261136054992676,0.5443044900894165
21,112462481,14975,10, is,14.554630279541016,1.0,0.0010899007320404053,0.3858482241630554
21,118402944,15366,10, is,11.982781410217285,1.0,0.00023221969604492188,0.666009783744812
22,-1,22,9, Chicago,,1.0,0.0001418590545654297,0.7582636475563049
22,-1,22,10, is,,1.0,0.004907846450805664,0.28606921434402466
22,1462,31,10, is,22.07830047607422,1.0,0.00037860870361328125,0.563864529132843
22,12612730,4999,10, is,28.712265014648438,1.0,0.0014560520648956299,0.3529726266860962
22,25873198,7170,10, is,8.463340759277344,1.0,0.0001575946807861328,0.7383142709732056
22,30050605,7729,10, is,34.235923767089844,1.0,0.0015322566032409668,0.34562087059020996
22,63208123,11220,10, is,15.159073829650879,1.0,0.0002910494804382324,0.6160393953323364
22,84688582,12991,10, is,8.057535171508789,1.0,0.00026226043701171875,0.6381913423538208
22,93058880,13619,10, is,20.137939453125,1.0,0.00021034479141235352,0.6861987113952637
22,94263292,13707,10, is,51.53239440917969,1.0,0.003359377384185791,0.30390653014183044
22,95918152,13827,10, is,15.61352825164795,1.0,0.0003184676170349121,0.5975126624107361
23,-1,23,10, is,,1.0,0.00610843300819397,0.2699110209941864
23,1266412,1567,10, is,8.71544075012207,1.0,0.00015372037887573242,0.7426762580871582
23,2480854,2203,10, is,25.18231201171875,1.0,0.0007546544075012207,0.4376067519187927
23,2826229,2353,10, is,18.61188507080078,1.0,0.00040906667709350586,0.5505435466766357
23,4619256,3015,10, is,14.161406517028809,1.0,0.000415802001953125,0.5472450256347656
23,9144202,4252,10, is,8.057640075683594,1.0,0.00021827220916748047,0.679776132106781
23,9930172,4432,10, is,10.028328895568848,1.0,0.0001265406608581543,0.7795167565345764
23,13585054,5188,10, is,11.00633716583252,1.0,0.00048089027404785156,0.5161941051483154
23,17166846,5835,10, is,7.160429954528809,1.0,0.00015473365783691406,0.7412881255149841
23,19000506,6140,10, is,9.11125373840332,1.0,0.00023537874221801758,0.6634421944618225
23,20113629,6318,10, is,7.306495666503906,1.0,0.00023114681243896484,0.6683247089385986
23,22054737,6617,10, is,12.527709007263184,1.0,0.0013872385025024414,0.3600257635116577
23,27132637,7342,10, is,23.22159194946289,1.0,0.0005407631397247314,0.4924065172672272
23,28990281,7590,10, is,8.26142692565918,1.0,0.00027763843536376953,0.627674400806427
23,36881142,8564,10, is,9.875005722045898,1.0,0.00018417835235595703,0.7105474472045898
23,40423512,8967,10, is,11.905723571777344,1.0,0.00041174888610839844,0.5489010810852051
23,43949976,9351,10, is,18.745800018310547,1.0,0.00017982721328735352,0.7154582142829895
23,46517811,9621,10, is,9.021186828613281,1.0,0.00016868114471435547,0.7266102433204651
23,55014781,10465,10, is,13.710264205932617,1.0,0.0003045201301574707,0.6056058406829834
23,65763222,11444,10, is,32.78245544433594,1.0,0.0010482966899871826,0.3890346884727478
23,66730104,11528,10, is,28.610763549804688,1.0,0.0006896257400512695,0.45858168601989746
23,74645847,12194,10, is,21.72348403930664,1.0,0.0003241300582885742,0.5930204391479492
23,75172167,12237,10, is,11.191404342651367,1.0,0.00024306774139404297,0.6555593609809875
23,92011371,13541,10, is,12.59428596496582,1.0,0.0007354915142059326,0.44428715109825134
23,96028987,13834,10, is,8.171796798706055,1.0,0.00018894672393798828,0.7049537897109985
24,-1,24,10, is,,1.0,0.005773872137069702,0.2756848931312561
24,239753,667,10, is,6.789923667907715,1.0,0.00015747547149658203,0.7389442920684814
24,269720,709,10, is,5.795915603637695,1.0,0.0002906918525695801,0.616330087184906
24,1085576,1448,10, is,17.821853637695312,1.0,0.00037097930908203125,0.5664854049682617
24,2275886,2108,10, is,6.778779029846191,1.0,0.0003286600112915039,0.5907401442527771
24,5201900,3200,10, is,9.11645793914795,1.0,0.0002269148826599121,0.6726759672164917
24,7097003,3742,10, is,18.50099754333496,1.0,0.0006475150585174561,0.4659659266471863
24,12512478,4977,10, is,6.165422439575195,1.0,0.00016814470291137695,0.7274522185325623
24,16207946,5668,10, is,44.537715911865234,1.0,0.0006257593631744385,0.46977752447128296
24,18147275,5999,10, is,39.05238723754883,1.0,0.0009725391864776611,0.4011867940425873
24,20604965,6394,10, is,16.00133514404297,1.0,0.0013318955898284912,0.3640592694282532
24,25386350,7100,10, is,13.229799270629883,1.0,0.00022488832473754883,0.6735788583755493
24,32849540,8080,10, is,8.095785140991211,1.0,0.00016927719116210938,0.7255958914756775
24,34374461,8266,10, is,7.934244155883789,1.0,0.00020313262939453125,0.6927943825721741
24,49526103,9927,10, is,8.193401336669922,1.0,0.0003960728645324707,0.5557704567909241
24,50405795,10015,10, is,17.18769073486328,1.0,0.0006520450115203857,0.4653184115886688
24,64644110,11345,10, is,7.911628723144531,1.0,0.0003205537796020508,0.5952767729759216
24,70015836,11808,10, is,18.992416381835938,1.0,0.0007057785987854004,0.45579928159713745
24,88478228,13277,10, is,115.84871673583984,1.0,0.0036723315715789795,0.2935871481895447
24,92024936,13541,10, is,15.94489860534668,1.0,0.00030052661895751953,0.6092343926429749
24,113078216,15013,10, is,27.515138626098633,1.0,0.0007805228233337402,0.4322618246078491
24,121391546,15556,10, is,7.685094833374023,1.0,0.00025582313537597656,0.644141674041748
24,122625605,15635,10, is,17.746139526367188,1.0,0.00047326087951660156,0.5209677815437317
24,123551315,15694,10, is,15.291193008422852,1.0,0.0012770593166351318,0.37316063046455383
24,130128753,16107,10, is,10.405261993408203,1.0,0.00021338462829589844,0.6836543083190918
24,132576161,16258,10, is,13.45543098449707,1.0,0.0004665851593017578,0.5242535471916199
25,-1,25,10, is,,1.0,0.0014363527297973633,0.35440897941589355
25,167884,553,10, is,63.46533966064453,1.0,0.000476837158203125,0.5195464491844177
25,185719,583,10, is,24.470745086669922,1.0,0.0008032619953155518,0.4275000989437103
25,310840,762,10, is,9.90345287322998,1.0,0.00028389692306518555,0.6214958429336548
25,3196630,2502,10, is,23.435476303100586,1.0,0.0006815493106842041,0.4599519968032837
25,3681515,2687,10, is,12.325332641601562,1.0,0.0005356967449188232,0.4934808313846588
25,5413669,3264,10, is,38.56184387207031,1.0,0.0007273256778717041,0.4486643970012665
25,11070839,4679,10, is,12.739486694335938,1.0,0.00026798248291015625,0.6344878077507019
25,11250370,4717,10, is,40.5831413269043,1.0,0.0007063448429107666,0.45509350299835205
25,12066302,4886,10, is,29.336870193481445,1.0,0.0007009208202362061,0.45650020241737366
25,18675190,6085,10, is,9.556258201599121,1.0,0.000292360782623291,0.6148727536201477
25,25003030,7045,10, is,12.514678001403809,1.0,0.0004596114158630371,0.5284135937690735
25,25364977,7096,10, is,8.332429885864258,1.0,0.00020116567611694336,0.6940084099769592
25,28031302,7461,10, is,6.430005073547363,1.0,0.0001323223114013672,0.7708519697189331
25,30314765,7760,10, is,6.586493492126465,1.0,0.00014954805374145508,0.7470741271972656
25,36299434,8494,10, is,8.564812660217285,1.0,0.0008211731910705566,0.42507144808769226
25,39041840,8810,10, is,7.521100997924805,1.0,0.00015401840209960938,0.7422145009040833
25,50014975,9975,10, is,46.375389099121094,1.0,0.0008336007595062256,0.42342081665992737
25,51800905,10152,10, is,8.779791831970215,1.0,0.0002614259719848633,0.6392381191253662
25,53835850,10350,10, is,13.00436019897461,1.0,0.00028824806213378906,0.618354320526123
25,59257915,10860,10, is,6.487924575805664,1.0,0.00012552738189697266,0.7811565399169922
25,72619300,12025,10, is,24.677684783935547,1.0,0.0007069110870361328,0.4543871581554413
25,78519220,12505,10, is,7.314540863037109,1.0,0.0001264810562133789,0.7797697186470032
25,104480714,14429,10, is,39.15082550048828,1.0,0.0034780800342559814,0.30054715275764465
25,114874877,15131,10, is,8.147780418395996,1.0,0.0002645254135131836,0.6363487243652344
25,130483909,16128,10, is,8.141322135925293,1.0,0.00048476457595825195,0.5142644047737122
25,133309930,16302,10, is,40.254173278808594,1.0,0.0012295842170715332,0.37566253542900085
25,133702102,16326,10, is,11.463021278381348,1.0,0.00028437376022338867,0.6209280490875244
27,573,573,10, is,,1.0,,
27,780,780,10, is,,1.0,,
27,1170,1170,10, is,,1.0,,
27,3151,3151,10, is,,1.0,,
27,14274,14274,10, is,,1.0,,
27,21284,21284,10, is,,1.0,,
27,53097,53097,10, is,,1.0,,
27,83496,83496,10, is,,1.0,,
27,235248,235248,10, is,,1.0,,
