layer,feature,id,ctx_idx,token,activation,frac_external_raw,node_influence,cumulative_influence
-1,0,2,0,<bos>,,1.0,0.040915004909038544,0.08493536710739136
-1,1,18143,1,Fact,,1.0,0.03788040578365326,0.12281577289104462
-1,2,235292,2,:,,1.0,0.0184352844953537,0.25436922907829285
-1,3,714,3, The,,1.0,0.028474584221839905,0.15129035711288452
-1,4,6037,4, capital,,1.0,0.044020362198352814,0.044020362198352814
-1,5,576,5, of,,1.0,0.009930163621902466,0.2642993927001953
-1,6,573,6, the,,1.0,0.007199466228485107,0.2801147401332855
-1,7,2329,7, state,,1.0,0.018826231360435486,0.23593394458293915
-1,8,10751,8, containing,,1.0,0.02484770119190216,0.17613805830478668
-1,9,35608,9, Birmingham,,1.0,0.02095191180706024,0.19708997011184692
-1,10,603,10, is,,1.0,0.02001774311065674,0.21710771322250366
0,-1,0,1,Fact,,1.0,0.0018555223941802979,0.334651380777359
0,-1,0,2,:,,1.0,0.0007333457469940186,0.43713802099227905
0,-1,0,3, The,,1.0,0.0005220770835876465,0.49364304542541504
0,-1,0,4, capital,,1.0,0.001440972089767456,0.3538554608821869
0,-1,0,5, of,,1.0,0.00032460689544677734,0.591590166091919
0,-1,0,7, state,,1.0,0.0004813671112060547,0.5105846524238586
0,-1,0,8, containing,,1.0,0.0012058615684509277,0.36829453706741333
0,-1,0,9, Birmingham,,1.0,0.0007464885711669922,0.43197453022003174
0,-1,0,10, is,,1.0,0.00042951107025146484,0.5324138402938843
0,1274,49,7, state,4.469497203826904,1.0,0.00031054019927978516,0.6043175458908081
0,1430,52,5, of,2.026129722595215,1.0,0.00013130903244018555,0.7693661451339722
0,2210,65,8, containing,4.890505790710449,1.0,0.0002644062042236328,0.63240647315979
0,3002,76,8, containing,3.8544089794158936,1.0,0.0002353191375732422,0.6555648446083069
0,3080,77,9, Birmingham,3.2568135261535645,1.0,0.0001697540283203125,0.7195649743080139
0,4752,96,3, The,4.516541481018066,1.0,0.00020056962966918945,0.686835527420044
0,21944,208,1,Fact,1.1732163429260254,1.0,0.00011599063873291016,0.791704535484314
0,31374,249,8, containing,3.72662353515625,1.0,0.0002092123031616211,0.677804172039032
0,36314,268,2,:,2.5549702644348145,1.0,0.00026875734329223633,0.6289450526237488
0,38225,275,6, the,4.708583831787109,1.0,0.00011181831359863281,0.7985283732414246
0,46055,302,4, capital,3.32346248626709,1.0,0.0003161430358886719,0.6008670926094055
0,46970,305,4, capital,2.3759379386901855,1.0,0.00024110078811645508,0.651289165019989
0,63545,355,1,Fact,1.8563108444213867,1.0,0.00014156103134155273,0.7537351846694946
0,63545,355,4, capital,2.010589361190796,1.0,0.00013118982315063477,0.7701534032821655
0,78209,394,4, capital,6.6453094482421875,1.0,0.0006363391876220703,0.4616779685020447
0,81809,403,8, containing,5.660445690155029,1.0,0.00031948089599609375,0.5967369675636292
0,90099,423,4, capital,2.311923027038574,1.0,0.00021976232528686523,0.6687715649604797
0,96140,437,1,Fact,2.300577402114868,1.0,0.00026214122772216797,0.6337217092514038
0,114959,478,1,Fact,3.156907796859741,1.0,0.00026404857635498047,0.632670521736145
0,118340,485,3, The,3.5978288650512695,1.0,0.00023788213729858398,0.652962863445282
0,176120,592,8, containing,8.270624160766602,1.0,0.00040459632873535156,0.5445685386657715
0,234954,684,1,Fact,1.0105218887329102,1.0,0.00012570619583129883,0.7772049903869629
0,237704,688,9, Birmingham,2.8332700729370117,1.0,0.0001544356346130371,0.7361993193626404
0,365939,854,8, containing,4.336056709289551,1.0,0.0002345442771911621,0.6569736003875732
0,498500,997,1,Fact,6.236116409301758,1.0,0.0007464289665222168,0.43272095918655396
0,526850,1025,8, containing,2.1325135231018066,1.0,0.00011843442916870117,0.7879558205604553
0,575127,1071,4, capital,3.151749610900879,1.0,0.0003592967987060547,0.5664817094802856
0,592415,1087,1,Fact,1.708437442779541,1.0,0.00019186735153198242,0.6964288353919983
0,625520,1117,3, The,5.124606609344482,1.0,0.00026488304138183594,0.6318773627281189
0,649229,1138,4, capital,1.8897980451583862,1.0,0.00019496679306030273,0.6923663020133972
0,743589,1218,4, capital,1.721142292022705,1.0,0.00015628337860107422,0.7330928444862366
0,755834,1228,3, The,1.777170181274414,1.0,0.00012427568435668945,0.7802026271820068
0,833985,1290,8, containing,9.914241790771484,1.0,0.0005821883678436279,0.47199904918670654
0,1050524,1448,10, is,4.079785346984863,1.0,0.0002180337905883789,0.67030268907547
0,1131759,1503,4, capital,1.06581449508667,1.0,0.00011539459228515625,0.7923985719680786
0,1178879,1534,1,Fact,1.4306721687316895,1.0,0.00014913082122802734,0.7427223324775696
0,1180415,1535,3, The,3.932457447052002,1.0,0.00016993284225463867,0.7192253470420837
0,1242675,1575,7, state,6.373180389404297,1.0,0.0004348158836364746,0.5302596092224121
0,1439055,1695,3, The,3.5861077308654785,1.0,0.0002357959747314453,0.6550937294960022
0,1447550,1700,4, capital,3.9576854705810547,1.0,0.0003304481506347656,0.5860209465026855
0,1708475,1847,1,Fact,3.794651508331299,1.0,0.00031834840774536133,0.5986502766609192
0,1708475,1847,4, capital,5.480682373046875,1.0,0.00032532215118408203,0.5909404158592224
0,1708475,1847,8, containing,4.096615791320801,1.0,0.0001971721649169922,0.6896197199821472
0,1708475,1847,9, Birmingham,5.562908172607422,1.0,0.0002791285514831543,0.6229149103164673
0,1813559,1903,1,Fact,5.34158992767334,1.0,0.0006424784660339355,0.459763765335083
0,1925702,1961,4, capital,13.853837966918945,1.0,0.0013843178749084473,0.3580818176269531
0,1935527,1966,8, containing,3.841714382171631,1.0,0.00017088651657104492,0.7170113325119019
0,1998999,1998,10, is,7.165736198425293,1.0,0.00038492679595947266,0.5512745380401611
0,2106377,2051,1,Fact,1.365659236907959,1.0,0.0001399517059326172,0.7557066679000854
0,2239785,2115,1,Fact,5.4611101150512695,1.0,0.0003504157066345215,0.5710849761962891
0,2239785,2115,4, capital,10.859954833984375,1.0,0.0006549358367919922,0.45718348026275635
0,2239785,2115,7, state,4.313248157501221,1.0,0.0001538395881652832,0.7371239066123962
0,2239785,2115,8, containing,2.582052230834961,1.0,0.00011682510375976562,0.7905409336090088
0,2239785,2115,9, Birmingham,2.662485122680664,1.0,0.00013494491577148438,0.7628544569015503
0,2399144,2189,1,Fact,3.522055149078369,1.0,0.0001696944236755371,0.7200740575790405
0,2399144,2189,4, capital,5.466213226318359,1.0,0.00019359588623046875,0.69411700963974
0,2399144,2189,7, state,4.9510178565979,1.0,0.00011354684829711914,0.7956042289733887
0,2399144,2189,9, Birmingham,5.0501909255981445,1.0,0.0001302957534790039,0.771198034286499
0,2432114,2204,4, capital,5.324213981628418,1.0,0.00046247243881225586,0.5181463360786438
0,2536877,2251,4, capital,2.399319648742676,1.0,0.00027942657470703125,0.6223565936088562
0,2588949,2274,1,Fact,0.735985279083252,1.0,0.00011169910430908203,0.7988635897636414
0,2710955,2327,4, capital,3.4263253211975098,1.0,0.000269472599029541,0.6284070611000061
0,2807264,2368,9, Birmingham,2.7200276851654053,1.0,0.0001538991928100586,0.736970067024231
0,2900435,2407,1,Fact,2.128221035003662,1.0,0.00017368793487548828,0.7144273519515991
0,2919735,2415,4, capital,2.4649415016174316,1.0,0.0001838207244873047,0.7035454511642456
0,3151304,2509,8, containing,4.2427520751953125,1.0,0.00024753808975219727,0.646171510219574
0,3347577,2586,1,Fact,1.614184021949768,1.0,0.00013518333435058594,0.762449324131012
0,3347577,2586,9, Birmingham,3.9267330169677734,1.0,0.00017380714416503906,0.7142536640167236
0,3425652,2616,1,Fact,2.3043525218963623,1.0,0.0002358555793762207,0.6548579335212708
0,3507275,2647,1,Fact,1.5792505741119385,1.0,0.00019997358322143555,0.6874361038208008
0,3714174,2724,1,Fact,3.2072646617889404,1.0,0.0002728104591369629,0.6267852187156677
0,4039902,2841,10, is,4.799005508422852,1.0,0.0003737807273864746,0.5577163100242615
0,4059824,2848,5, of,35.20903778076172,1.0,0.0018623769283294678,0.3327958583831787
0,4065525,2850,4, capital,6.157759189605713,1.0,0.0005006194114685059,0.501763105392456
0,4088369,2858,2,:,2.7381038665771484,1.0,0.0003438591957092285,0.5755971074104309
0,4244240,2912,3, The,5.304627418518066,1.0,0.00032961368560791016,0.5866809487342834
0,4302710,2932,8, containing,5.7334794998168945,1.0,0.0003516077995300293,0.5703833103179932
0,4513509,3003,7, state,4.0176849365234375,1.0,0.00019437074661254883,0.6935346722602844
0,4558689,3018,3, The,5.989956378936768,1.0,0.0003314018249511719,0.5856904983520508
0,4628402,3041,8, containing,2.629519462585449,1.0,0.00013530254364013672,0.7620435953140259
0,4701710,3065,4, capital,2.024775981903076,1.0,0.00016957521438598633,0.719904363155365
0,4934510,3140,1,Fact,1.4692068099975586,1.0,0.00011479854583740234,0.7936639189720154
0,4988060,3157,7, state,2.8582239151000977,1.0,0.00014990568161010742,0.7413780093193054
0,5115200,3197,7, state,3.7827138900756836,1.0,0.00019466876983642578,0.6931458711624146
0,5166504,3213,7, state,1.8749444484710693,1.0,0.0001220703125,0.782791256904602
0,5260145,3242,9, Birmingham,3.5345659255981445,1.0,0.00012791156768798828,0.7741618156433105
0,5397254,3284,4, capital,5.291519641876221,1.0,0.0004512667655944824,0.5249776840209961
0,5416985,3290,8, containing,7.553137302398682,1.0,0.00046879053115844727,0.5162914991378784
0,5426864,3293,1,Fact,1.6301031112670898,1.0,0.00019288063049316406,0.6948893666267395
0,5483015,3310,9, Birmingham,2.0374975204467773,1.0,0.00011599063873291016,0.791588544845581
0,5546114,3329,3, The,4.373269081115723,1.0,0.0002516508102416992,0.6414263248443604
0,5552777,3331,4, capital,6.316155433654785,1.0,0.0004991292953491211,0.5022622346878052
0,5643119,3358,6, the,4.725994110107422,1.0,0.00014930963516235352,0.7419759631156921
0,5825990,3412,4, capital,3.7463364601135254,1.0,0.00030881166458129883,0.6049354672431946
0,5908202,3436,3, The,6.861283779144287,1.0,0.0004582405090332031,0.5195280909538269
0,5994452,3461,1,Fact,3.231147527694702,1.0,0.0002288818359375,0.6620553135871887
0,6074354,3484,4, capital,5.465743064880371,1.0,0.0004627704620361328,0.5176838636398315
0,6112755,3495,7, state,2.3617191314697266,1.0,0.0001329183578491211,0.7661982178688049
0,6189920,3517,5, of,2.1581811904907227,1.0,0.0001341104507446289,0.7636609077453613
0,6211049,3523,3, The,4.096311092376709,1.0,0.00027430057525634766,0.6262385249137878
0,6317234,3553,4, capital,3.332332134246826,1.0,0.00026148557662963867,0.6342452764511108
0,6478199,3598,8, containing,16.707168579101562,1.0,0.00099867582321167,0.390789270401001
0,6499814,3604,9, Birmingham,6.259180545806885,1.0,0.00036978721618652344,0.559943675994873
0,6615702,3636,1,Fact,2.7071421146392822,1.0,0.0001983046531677246,0.688829243183136
0,6615702,3636,4, capital,3.3982996940612793,1.0,0.00020253658294677734,0.6854248046875
0,6714279,3663,9, Birmingham,2.2397818565368652,1.0,0.00012034177780151367,0.7849738001823425
0,6917339,3718,5, of,2.5996603965759277,1.0,0.0001869797706604004,0.7002139091491699
0,6958314,3729,4, capital,5.0248260498046875,1.0,0.000443875789642334,0.5258697271347046
0,7153652,3781,1,Fact,1.7907795906066895,1.0,0.00013577938079833984,0.7615014910697937
0,7301930,3820,6, the,27.57501792907715,1.0,0.0006167888641357422,0.46479532122612
0,7918209,3978,4, capital,7.311453342437744,1.0,0.0006043612957000732,0.46846020221710205
0,7930152,3981,9, Birmingham,3.85726261138916,1.0,0.00015628337860107422,0.7332491278648376
0,8078189,4018,3, The,3.181893825531006,1.0,0.00020885467529296875,0.6784312129020691
0,8337485,4082,1,Fact,1.6319499015808105,1.0,0.00019431114196777344,0.6939234137535095
0,8366094,4089,4, capital,2.6785945892333984,1.0,0.0002472400665283203,0.646913468837738
0,8721575,4175,1,Fact,2.6825108528137207,1.0,0.00026673078536987305,0.630284309387207
0,9054639,4254,1,Fact,3.091362953186035,1.0,0.00034618377685546875,0.5745636820793152
0,9139949,4274,8, containing,7.141358852386475,1.0,0.0004895329475402832,0.506717324256897
0,9350649,4323,4, capital,12.545083045959473,1.0,0.0010983049869537354,0.3762337267398834
0,9359300,4325,2,:,3.15156888961792,1.0,0.0002557039260864258,0.6388940811157227
0,9585630,4377,8, containing,2.1888184547424316,1.0,0.0001284480094909668,0.7731360793113708
0,9774830,4420,8, containing,3.4597201347351074,1.0,0.00023871660232543945,0.6524865031242371
0,9841265,4435,7, state,5.6718316078186035,1.0,0.0003273487091064453,0.589637279510498
0,10271777,4531,2,:,1.1701292991638184,1.0,0.0001322031021118164,0.7676548361778259
0,10326239,4543,3, The,2.774142265319824,1.0,0.00013327598571777344,0.765532910823822
0,10822877,4651,4, capital,8.640799522399902,1.0,0.0007281899452209473,0.4378662109375
0,10991015,4687,9, Birmingham,10.722488403320312,1.0,0.0006706416606903076,0.4545387029647827
0,11103827,4711,4, capital,1.9013285636901855,1.0,0.00014656782150268555,0.7462658882141113
0,11108540,4712,1,Fact,0.981182336807251,1.0,0.00013250112533569336,0.7664634585380554
0,11236169,4739,10, is,4.4233598709106445,1.0,0.00031554698944091797,0.6011826395988464
0,11604152,4816,7, state,3.712648868560791,1.0,0.00018924474716186523,0.6987124681472778
0,11637899,4823,1,Fact,8.601868629455566,1.0,0.00045228004455566406,0.5236231088638306
0,11637899,4823,4, capital,5.183389663696289,1.0,0.0002065896987915039,0.6817581653594971
0,11637899,4823,10, is,2.2983694076538086,1.0,0.00019299983978271484,0.6946964859962463
0,11647550,4825,2,:,2.516765594482422,1.0,0.00037163496017456055,0.5588330626487732
0,11691029,4834,8, containing,1.4554479122161865,1.0,0.0001227259635925293,0.7823019623756409
0,11909639,4879,3, The,3.3364648818969727,1.0,0.0001983046531677246,0.6886309385299683
0,12258675,4950,3, The,2.6892101764678955,1.0,0.00019699335098266602,0.6904078722000122
0,12288402,4956,1,Fact,3.0128417015075684,1.0,0.00025177001953125,0.6411746740341187
0,12333060,4965,2,:,3.5360045433044434,1.0,0.0003121495246887207,0.6036962866783142
0,12417635,4982,2,:,7.521145343780518,1.0,0.0007048249244689941,0.44286447763442993
0,12472514,4993,1,Fact,2.5238540172576904,1.0,0.0002040266990661621,0.6829853057861328
0,12880349,5074,3, The,5.253841876983643,1.0,0.00034171342849731445,0.5773093700408936
0,13079054,5113,8, containing,3.334904193878174,1.0,0.0001957416534423828,0.6915848851203918
0,13496609,5194,1,Fact,1.610731840133667,1.0,0.0001417398452758789,0.7533102631568909
0,13496609,5194,8, containing,2.705101728439331,1.0,0.00014704465866088867,0.7458256483078003
0,13605935,5215,1,Fact,2.4678726196289062,1.0,0.00024121999740600586,0.6505656242370605
0,13605935,5215,9, Birmingham,2.523810386657715,1.0,0.00012433528900146484,0.779829740524292
0,14010570,5292,4, capital,3.7775354385375977,1.0,0.00041878223419189453,0.5396396517753601
0,14037050,5297,1,Fact,2.864867925643921,1.0,0.00019073486328125,0.6970021724700928
0,14037050,5297,4, capital,2.9010469913482666,1.0,0.00015801191329956055,0.7312059998512268
0,14037050,5297,7, state,3.787882089614868,1.0,0.00014263391494750977,0.7511773109436035
0,14037050,5297,9, Birmingham,3.348149061203003,1.0,0.00016236305236816406,0.727527916431427
0,14153859,5319,4, capital,3.1558573246002197,1.0,0.00012254714965820312,0.7824245095252991
0,14233779,5334,4, capital,1.874544620513916,1.0,0.00018608570098876953,0.7005868554115295
0,14324627,5351,3, The,5.170761585235596,1.0,0.0002556443214416504,0.6391497254371643
0,14362119,5358,9, Birmingham,2.6286544799804688,1.0,0.00011748075485229492,0.7892528772354126
0,14421134,5369,1,Fact,1.8036623001098633,1.0,0.00020295381546020508,0.6848164796829224
0,14658404,5413,3, The,3.1234891414642334,1.0,0.00018531084060668945,0.7016999125480652
0,15023420,5480,4, capital,3.3140013217926025,1.0,0.0002776980400085449,0.6245834231376648
0,15632435,5590,1,Fact,1.9783587455749512,1.0,0.00022339820861816406,0.6663386821746826
0,15834377,5626,9, Birmingham,13.574167251586914,1.0,0.0012410283088684082,0.36465322971343994
0,15913260,5640,4, capital,6.393066883087158,1.0,0.0005795657634735107,0.4737401306629181
0,16026290,5660,4, capital,16.259593963623047,1.0,0.0015624165534973145,0.3448946177959442
0,16344902,5716,3, The,7.243289947509766,1.0,0.000553429126739502,0.4834250211715698
0,16505384,5744,7, state,4.955761432647705,1.0,0.0002986788749694824,0.612211287021637
0,16603202,5761,3, The,3.6309707164764404,1.0,0.000258028507232666,0.6363282203674316
0,17668539,5943,2,:,1.7398149967193604,1.0,0.00016069412231445312,0.7288204431533813
0,18298224,6048,1,Fact,1.8296408653259277,1.0,0.00019937753677368164,0.6878352761268616
0,18346652,6056,4, capital,5.740799427032471,1.0,0.0005497932434082031,0.484524667263031
0,18455849,6074,8, containing,4.801333904266357,1.0,0.0002664327621459961,0.630550742149353
0,18480159,6078,1,Fact,2.1709160804748535,1.0,0.0002779960632324219,0.6240277886390686
0,18711902,6116,1,Fact,3.45638370513916,1.0,0.00032782554626464844,0.5889825224876404
0,18711902,6116,4, capital,3.325528621673584,1.0,0.0002143383026123047,0.6741984486579895
0,18711902,6116,7, state,2.8853745460510254,1.0,0.00012373924255371094,0.7810700535774231
0,18711902,6116,8, containing,4.784172058105469,1.0,0.00020879507064819336,0.6786400079727173
0,18711902,6116,9, Birmingham,3.9191718101501465,1.0,0.00016993284225463867,0.7190554141998291
0,18816044,6133,1,Fact,3.9597012996673584,1.0,0.0003420710563659668,0.576625645160675
0,18957402,6156,1,Fact,1.8577756881713867,1.0,0.0001850128173828125,0.7022551894187927
0,19334870,6217,4, capital,3.386155128479004,1.0,0.00024312734603881836,0.6483838558197021
0,19334870,6217,7, state,5.289334297180176,1.0,0.00026798248291015625,0.6300175786018372
0,19690949,6274,10, is,3.3002848625183105,1.0,0.00015270709991455078,0.7381953001022339
0,20056610,6332,1,Fact,0.9639953374862671,1.0,0.00013124942779541016,0.769891083240509
0,20234340,6360,9, Birmingham,2.1577491760253906,1.0,0.0001246333122253418,0.7792075276374817
0,20240702,6361,4, capital,2.160310983657837,1.0,0.00030308961868286133,0.6089041233062744
0,20624252,6421,1,Fact,4.402102947235107,1.0,0.00036203861236572266,0.5639591217041016
0,20624252,6421,4, capital,3.224996566772461,1.0,0.00016987323760986328,0.7193952202796936
0,20624252,6421,7, state,2.8020801544189453,1.0,0.0001112818717956543,0.7999785542488098
0,20746460,6440,4, capital,5.422195911407471,1.0,0.0005480945110321045,0.4850727617740631
0,20746460,6440,7, state,5.9845290184021,1.0,0.0004011988639831543,0.546180784702301
0,21037340,6485,7, state,5.394222736358643,1.0,0.0003534555435180664,0.5693272948265076
0,21796502,6601,7, state,8.21324634552002,1.0,0.0004774928092956543,0.5125011801719666
0,21902270,6617,4, capital,1.3923492431640625,1.0,0.00014358758926391602,0.7500321865081787
0,21915509,6619,7, state,4.776836395263672,1.0,0.0002639889717102051,0.6329345107078552
0,22368015,6687,3, The,5.2287726402282715,1.0,0.00029915571212768555,0.6116136312484741
0,22730652,6741,4, capital,8.51573371887207,1.0,0.0006731748580932617,0.4538680613040924
0,23035077,6786,8, containing,5.6627020835876465,1.0,0.0003243088722229004,0.5922388434410095
0,23416745,6842,4, capital,2.3399176597595215,1.0,0.00017637014389038086,0.7111072540283203
0,23553815,6862,8, containing,3.3271656036376953,1.0,0.00018292665481567383,0.704828679561615
0,23691285,6882,4, capital,2.0114455223083496,1.0,0.00021374225616455078,0.674412190914154
0,24015914,6929,8, containing,7.053256988525391,1.0,0.0004233717918395996,0.5379539728164673
0,24217319,6958,3, The,4.7794671058654785,1.0,0.0002308487892150879,0.6597574949264526
0,24650730,7020,3, The,5.535068035125732,1.0,0.00020110607147216797,0.6864339709281921
0,24805445,7042,1,Fact,1.2303194999694824,1.0,0.00014585256576538086,0.7469966411590576
0,25343639,7118,4, capital,16.584789276123047,1.0,0.0013560652732849121,0.36081206798553467
0,25457679,7134,4, capital,1.2163677215576172,1.0,0.0001169443130493164,0.7901904582977295
0,26502839,7279,1,Fact,1.1799421310424805,1.0,0.0001189112663269043,0.787125289440155
0,26663252,7301,8, containing,2.7361316680908203,1.0,0.00017440319061279297,0.713209867477417
0,26978184,7344,1,Fact,8.42626953125,1.0,0.0007503032684326172,0.43047887086868286
0,27213752,7376,1,Fact,2.667067527770996,1.0,0.00035446882247924805,0.5686197876930237
0,27769877,7451,3, The,6.4648332595825195,1.0,0.00027507543563842773,0.6256894469261169
0,27874310,7465,1,Fact,2.747718095779419,1.0,0.00032639503479003906,0.5899636745452881
0,28068777,7491,1,Fact,1.1150059700012207,1.0,0.00012761354446411133,0.7744173407554626
0,28618394,7564,4, capital,4.818515777587891,1.0,0.0003768801689147949,0.555840015411377
0,29142794,7633,4, capital,3.3386552333831787,1.0,0.0003427267074584961,0.5762835741043091
0,29257424,7648,2,:,3.4090490341186523,1.0,0.0003274083137512207,0.5893099308013916
0,29594970,7692,1,Fact,3.748141288757324,1.0,0.00040280818939208984,0.5457795858383179
0,29764469,7714,8, containing,6.123883247375488,1.0,0.0002970099449157715,0.6136994361877441
0,30011877,7746,4, capital,2.413227081298828,1.0,0.00016963481903076172,0.7202436923980713
0,30042875,7750,7, state,1.8120763301849365,1.0,0.0001850724220275879,0.7020701766014099
0,30167027,7766,7, state,5.967782020568848,1.0,0.0003451704978942871,0.5749088525772095
0,30525390,7812,1,Fact,2.418498992919922,1.0,0.00025278329849243164,0.6404187083244324
0,31059020,7880,4, capital,1.9423589706420898,1.0,0.00018328428268432617,0.7042793035507202
0,31756464,7968,7, state,5.521754741668701,1.0,0.0003483891487121582,0.5721319913864136
0,32028005,8002,8, containing,7.100665092468262,1.0,0.0005135536193847656,0.4957047998905182
0,32076044,8008,1,Fact,1.6268310546875,1.0,0.00019282102584838867,0.6952751278877258
0,32076044,8008,3, The,2.082937240600586,1.0,0.0001468062400817871,0.7461193203926086
0,32469710,8057,7, state,3.777068614959717,1.0,0.00023663043975830078,0.6543856263160706
0,32800949,8098,1,Fact,3.759613275527954,1.0,0.000319063663482666,0.5976946353912354
0,33264245,8155,4, capital,2.7918777465820312,1.0,0.0003420114517211914,0.5769676566123962
0,33329529,8163,1,Fact,2.965630531311035,1.0,0.00026488304138183594,0.6316124796867371
0,33329529,8163,4, capital,2.238710880279541,1.0,0.0001557469367980957,0.734184741973877
0,33329529,8163,8, containing,4.632303237915039,1.0,0.00022405385971069336,0.6654438376426697
0,33329529,8163,9, Birmingham,3.6162571907043457,1.0,0.00014734268188476562,0.7446485757827759
0,33870564,8229,7, state,3.2536473274230957,1.0,0.0001620650291442871,0.7278520464897156
0,34590402,8316,4, capital,4.8907341957092285,1.0,0.0005011558532714844,0.5007613301277161
0,34640325,8322,7, state,5.606225967407227,1.0,0.0002682209014892578,0.6294814944267273
0,35680127,8446,8, containing,2.5804319381713867,1.0,0.00014460086822509766,0.7483030557632446
0,36035804,8488,4, capital,2.364503860473633,1.0,0.00022524595260620117,0.6640983819961548
0,36044294,8489,1,Fact,4.876344203948975,1.0,0.0004916787147521973,0.5062277913093567
0,36044294,8489,4, capital,1.706070899963379,1.0,0.00013118982315063477,0.7694973349571228
0,36299459,8519,8, containing,8.84633731842041,1.0,0.00038242340087890625,0.5528070330619812
0,36478610,8540,1,Fact,2.1209640502929688,1.0,0.0002357959747314453,0.6553295254707336
0,37113419,8614,4, capital,2.767078399658203,1.0,0.0002167820930480957,0.6718264818191528
0,37355045,8642,1,Fact,2.7217326164245605,1.0,0.0002904534339904785,0.6181089878082275
0,38049725,8722,3, The,21.2574462890625,1.0,0.0010666847229003906,0.3805403411388397
0,38452064,8768,3, The,5.302452087402344,1.0,0.0003083348274230957,0.6052438020706177
0,38882970,8817,7, state,3.733865261077881,1.0,0.0002384781837463379,0.6527249813079834
0,39369500,8872,7, state,8.09967041015625,1.0,0.0004570484161376953,0.5204424858093262
0,39484940,8885,4, capital,16.146286010742188,1.0,0.0011404752731323242,0.37182551622390747
0,39966269,8939,4, capital,14.478906631469727,1.0,0.0012454688549041748,0.36341220140457153
0,40711775,9022,4, capital,3.141700267791748,1.0,0.0001970529556274414,0.6900139451026917
0,40711775,9022,7, state,3.029301643371582,1.0,0.0001302957534790039,0.77106773853302
0,40711775,9022,8, containing,3.51318359375,1.0,0.00021511316299438477,0.6737693548202515
0,40711775,9022,9, Birmingham,2.930161476135254,1.0,0.0001270771026611328,0.7753095626831055
0,40738850,9025,7, state,4.611112594604492,1.0,0.00027740001678466797,0.6251382827758789
0,40747877,9026,1,Fact,8.946651458740234,1.0,0.0005040764808654785,0.49824628233909607
0,40747877,9026,4, capital,8.392426490783691,1.0,0.0004831552505493164,0.5091394186019897
0,40747877,9026,8, containing,7.2449421882629395,1.0,0.00032001733779907227,0.5954579710960388
0,40747877,9026,9, Birmingham,8.424847602844238,1.0,0.00037926435470581055,0.5550854802131653
0,40910534,9044,4, capital,3.6981568336486816,1.0,0.00026923418045043945,0.6286762952804565
0,41445959,9103,7, state,1.4552881717681885,1.0,0.00011157989501953125,0.7994216084480286
0,41737815,9135,7, state,4.611429214477539,1.0,0.00026106834411621094,0.6352901458740234
0,42269414,9193,8, containing,2.228267192840576,1.0,0.00012362003326416016,0.7811936736106873
0,42601064,9229,7, state,2.7983639240264893,1.0,0.00011593103408813477,0.7919363975524902
0,42601064,9229,8, containing,2.5815839767456055,1.0,0.0001150369644165039,0.7932044267654419
0,43706574,9348,3, The,5.687213897705078,1.0,0.0002608299255371094,0.6355509757995605
0,43996889,9379,5, of,4.33148717880249,1.0,0.0002473592758178711,0.6466662287712097
0,44165900,9397,9, Birmingham,4.297381401062012,1.0,0.00020253658294677734,0.6856273412704468
0,44420024,9424,4, capital,4.473423957824707,1.0,0.0004564523696899414,0.5208989381790161
0,44788379,9463,1,Fact,1.2657279968261719,1.0,0.00014799833297729492,0.7437628507614136
0,44949420,9480,9, Birmingham,2.4476099014282227,1.0,0.00013703107833862305,0.7598654627799988
0,45110750,9497,7, state,5.230938911437988,1.0,0.00029087066650390625,0.6178185343742371
0,45692019,9558,8, containing,3.7775697708129883,1.0,0.0001785755157470703,0.708624541759491
0,45825950,9572,2,:,1.8102591037750244,1.0,0.00016897916793823242,0.7207506895065308
0,46075199,9598,9, Birmingham,2.7199313640594482,1.0,0.0001423358917236328,0.7523163557052612
0,46431065,9635,3, The,5.356620788574219,1.0,0.0002981424331665039,0.6125094294548035
0,46450340,9637,1,Fact,3.5475428104400635,1.0,0.0003014802932739258,0.6101112961769104
0,46952894,9689,1,Fact,5.160281181335449,1.0,0.00044101476669311523,0.5276383757591248
0,47030450,9697,4, capital,5.290339469909668,1.0,0.00033211708068847656,0.5843642354011536
0,47030450,9697,8, containing,3.3807361125946045,1.0,0.0001322627067565918,0.7675226330757141
0,47438669,9739,2,:,3.2420921325683594,1.0,0.00025081634521484375,0.6429333686828613
0,47516625,9747,4, capital,1.879332184791565,1.0,0.0001251697540283203,0.7783334851264954
0,47966114,9793,1,Fact,1.6532132625579834,1.0,0.00013786554336547852,0.7587664723396301
0,48624590,9860,4, capital,3.565408229827881,1.0,0.0002931356430053711,0.6166523098945618
0,48851669,9883,10, is,3.3914742469787598,1.0,0.00016838312149047852,0.7214252352714539
0,49118915,9910,4, capital,1.3930110931396484,1.0,0.00011259317398071289,0.7966214418411255
0,49496274,9948,9, Birmingham,2.7205095291137695,1.0,0.00016802549362182617,0.722097635269165
0,49885065,9987,7, state,5.373556613922119,1.0,0.00036406517028808594,0.5625078678131104
0,50767925,10075,4, capital,2.2132070064544678,1.0,0.00020831823348999023,0.6800991296768188
0,50838485,10082,7, state,4.40755558013916,1.0,0.0002314448356628418,0.6588332056999207
0,51404729,10138,1,Fact,2.770021915435791,1.0,0.0003197193145751953,0.5964174866676331
0,52086320,10205,8, containing,4.015495777130127,1.0,0.00021904706954956055,0.6692100763320923
0,52536374,10249,2,:,3.2364501953125,1.0,0.00035965442657470703,0.565762996673584
0,53235720,10317,1,Fact,6.440731525421143,1.0,0.0005810558795928955,0.47258010506629944
0,53525030,10345,1,Fact,2.615093469619751,1.0,0.0002620816230773926,0.6339837908744812
0,53867009,10378,8, containing,3.556032180786133,1.0,0.00019615888595581055,0.6911934018135071
0,54178844,10408,8, containing,4.836792945861816,1.0,0.00033152103424072266,0.5853590965270996
0,54669195,10455,10, is,3.6245789527893066,1.0,0.0002091526985168457,0.6780133247375488
0,54826155,10470,7, state,4.715034008026123,1.0,0.00023746490478515625,0.6534379124641418
0,56344419,10614,3, The,5.429696559906006,1.0,0.00033533573150634766,0.5806919932365417
0,56652689,10643,3, The,5.874704837799072,1.0,0.00032913684844970703,0.5873396396636963
0,56727225,10650,1,Fact,1.5014760494232178,1.0,0.00014203786849975586,0.7527429461479187
0,56737877,10651,3, The,3.1142706871032715,1.0,0.00016254186630249023,0.7265532612800598
0,57432402,10716,8, containing,2.726698875427246,1.0,0.00014400482177734375,0.7494574785232544
0,57593277,10731,5, of,2.6295318603515625,1.0,0.00015741586685180664,0.7316792607307434
0,57689910,10740,7, state,6.380982875823975,1.0,0.0003617405891418457,0.56468266248703
0,57840389,10754,7, state,10.46286392211914,1.0,0.0006259381771087646,0.4629339277744293
0,57915702,10761,3, The,2.7395715713500977,1.0,0.00013530254364013672,0.762178897857666
0,59803515,10935,2,:,8.722393035888672,1.0,0.0006943345069885254,0.44705379009246826
0,60329619,10983,7, state,4.1464667320251465,1.0,0.0002492070198059082,0.6449309587478638
0,61888374,11124,4, capital,14.911069869995117,1.0,0.001076817512512207,0.37840357422828674
0,62972252,11221,4, capital,3.8670547008514404,1.0,0.0003674626350402832,0.5610489249229431
0,64712375,11375,10, is,34.469879150390625,1.0,0.0022182464599609375,0.3207298815250397
0,64826190,11385,5, of,4.131603240966797,1.0,0.00025331974029541016,0.6401659250259399
0,65935385,11482,8, containing,10.26512336730957,1.0,0.0006157457828521729,0.46541106700897217
0,66868829,11563,8, containing,7.108356475830078,1.0,0.00039756298065185547,0.5469770431518555
0,66926664,11568,7, state,8.443960189819336,1.0,0.0003903508186340332,0.5497273802757263
0,67030830,11577,1,Fact,4.201845169067383,1.0,0.0005289316177368164,0.49102163314819336
0,67634264,11629,4, capital,2.478095054626465,1.0,0.00012159347534179688,0.7832781076431274
0,67820480,11645,9, Birmingham,4.922303676605225,1.0,0.00025475025177001953,0.6394044756889343
0,67960310,11657,4, capital,1.6024951934814453,1.0,0.00017011165618896484,0.7188854813575745
0,68111955,11670,1,Fact,2.728177070617676,1.0,0.0002524256706237793,0.6406711339950562
0,70051365,11835,2,:,3.062260150909424,1.0,0.00021529197692871094,0.6735542416572571
0,70051365,11835,5, of,3.4608354568481445,1.0,0.0001398324966430664,0.7562660574913025
0,70051365,11835,8, containing,3.9584927558898926,1.0,0.00019556283950805664,0.6919760704040527
0,70051365,11835,9, Birmingham,8.506397247314453,1.0,0.00035941600799560547,0.5661224126815796
0,70181627,11846,9, Birmingham,8.232649803161621,1.0,0.0005464255809783936,0.4861660897731781
0,70229025,11850,8, containing,2.846303939819336,1.0,0.00014853477478027344,0.7434664368629456
0,70680104,11888,1,Fact,3.070678234100342,1.0,0.0003184676170349121,0.5983319282531738
0,70882370,11905,3, The,1.721907377243042,1.0,0.00012814998626708984,0.7740339040756226
0,71144555,11927,1,Fact,2.0766685009002686,1.0,0.0001741647720336914,0.7133840322494507
0,71275829,11938,1,Fact,5.356130599975586,1.0,0.0005383193492889404,0.4894229471683502
0,71730252,11976,4, capital,2.6872034072875977,1.0,0.00024402141571044922,0.6478967666625977
0,72078020,12005,4, capital,4.640841960906982,1.0,0.0004178285598754883,0.5404759049415588
0,73005485,12082,8, containing,14.502767562866211,1.0,0.0008232593536376953,0.41874030232429504
0,73271564,12104,9, Birmingham,3.713773727416992,1.0,0.0002402663230895996,0.6517698168754578
0,74267577,12186,1,Fact,2.530164957046509,1.0,0.00025784969329833984,0.63658607006073
0,74438300,12200,1,Fact,6.132960796356201,1.0,0.00040477514266967773,0.5441639423370361
0,74438300,12200,4, capital,3.8798298835754395,1.0,0.00018584728240966797,0.7007727026939392
0,74438300,12200,7, state,4.512021064758301,1.0,0.00016742944717407227,0.7229359149932861
0,74621435,12215,10, is,2.426865577697754,1.0,0.00011807680130004883,0.7885465025901794
0,74780334,12228,1,Fact,1.4334867000579834,1.0,0.00013762712478637695,0.759041965007782
0,75000627,12246,7, state,1.5443949699401855,1.0,0.00012105703353881836,0.7842491269111633
0,75552777,12291,1,Fact,1.336904525756836,1.0,0.00016289949417114258,0.7259024381637573
0,75589659,12294,4, capital,3.90006685256958,1.0,0.0003681778907775879,0.5606814622879028
0,75601955,12295,7, state,2.8724608421325684,1.0,0.0001360774040222168,0.7609579563140869
0,75811140,12312,1,Fact,2.6893680095672607,1.0,0.0002849698066711426,0.6192592978477478
0,75811140,12312,9, Birmingham,2.0193731784820557,1.0,0.00012010335922241211,0.7853345274925232
0,76168652,12341,8, containing,5.1038594245910645,1.0,0.0003071427345275879,0.6055509448051453
0,76353902,12356,7, state,2.8882498741149902,1.0,0.0001533031463623047,0.7374305725097656
0,76539377,12371,4, capital,2.9461183547973633,1.0,0.00027745962142944336,0.6248608827590942
0,76935809,12403,2,:,1.818934440612793,1.0,0.00018453598022460938,0.7028092741966248
0,77308394,12433,1,Fact,1.4156255722045898,1.0,0.00014841556549072266,0.7436148524284363
0,79411502,12601,1,Fact,1.6435132026672363,1.0,0.00020170211791992188,0.68623286485672
0,79461920,12605,1,Fact,2.480203628540039,1.0,0.00025177001953125,0.6409229040145874
0,79524965,12610,1,Fact,1.893078327178955,1.0,0.00015717744827270508,0.7326230406761169
0,79562804,12613,4, capital,12.790654182434082,1.0,0.001018524169921875,0.38677671551704407
0,80410220,12680,7, state,9.226781845092773,1.0,0.0003960728645324707,0.5477705001831055
0,80638649,12698,1,Fact,8.650779724121094,1.0,0.0007716715335845947,0.4266815185546875
0,81020084,12728,7, state,3.2457284927368164,1.0,0.00017899274826049805,0.7082672119140625
0,81262125,12747,10, is,2.547901153564453,1.0,0.00013577938079833984,0.7613657116889954
0,81964805,12802,4, capital,2.1163296699523926,1.0,0.0002086162567138672,0.6788486242294312
0,83405069,12914,1,Fact,4.502346992492676,1.0,0.0004070401191711426,0.5433522462844849
0,83482580,12920,5, of,4.853429794311523,1.0,0.0003001689910888672,0.6113144755363464
0,83818877,12946,7, state,3.248112678527832,1.0,0.00017660856246948242,0.7107544541358948
0,83935445,12955,4, capital,1.5878210067749023,1.0,0.0001474618911743164,0.7445012331008911
0,83974319,12958,2,:,9.176626205444336,1.0,0.000828862190246582,0.4170916676521301
0,84259670,12980,1,Fact,1.1701481342315674,1.0,0.00012481212615966797,0.7789581418037415
0,84545505,13002,1,Fact,1.4663760662078857,1.0,0.00018554925918579102,0.701143741607666
0,84571514,13004,2,:,8.836345672607422,1.0,0.0005645453929901123,0.4806360602378845
0,84571514,13004,10, is,5.640189170837402,1.0,0.0008748471736907959,0.4095318615436554
0,84636554,13009,8, containing,4.918821811676025,1.0,0.00031495094299316406,0.6024434566497803
0,84727652,13016,1,Fact,1.9432682991027832,1.0,0.00011610984802246094,0.7913565039634705
0,85249152,13056,4, capital,1.2042112350463867,1.0,0.00011861324310302734,0.7877188920974731
0,85772252,13096,6, the,19.076797485351562,1.0,0.00036448240280151367,0.5621438026428223
0,86349510,13140,3, The,7.4165239334106445,1.0,0.0003719329833984375,0.5584614276885986
0,86415230,13145,1,Fact,9.013720512390137,1.0,0.0008070468902587891,0.42118802666664124
0,88225685,13282,5, of,4.645511150360107,1.0,0.00021249055862426758,0.6759021282196045
0,88944452,13336,4, capital,2.396517276763916,1.0,0.0002301335334777832,0.6606793999671936
0,89051184,13344,1,Fact,2.360320568084717,1.0,0.000279843807220459,0.6217973828315735
0,89077877,13346,8, containing,2.5134263038635254,1.0,0.00014227628707885742,0.7518894672393799
0,90323519,13439,4, capital,2.5182671546936035,1.0,0.00027114152908325195,0.627056360244751
0,91118249,13498,4, capital,3.50423526763916,1.0,0.0003409385681152344,0.5779913663864136
0,91456049,13523,10, is,4.369342803955078,1.0,0.0002837181091308594,0.6198277473449707
0,91618415,13535,3, The,2.5772178173065186,1.0,0.00015985965728759766,0.7296202778816223
0,91713195,13542,3, The,4.384210109710693,1.0,0.00023412704467773438,0.6574420928955078
0,93236339,13654,4, capital,4.659286975860596,1.0,0.0003829002380371094,0.5520418286323547
0,94235855,13727,7, state,9.575389862060547,1.0,0.0005416572093963623,0.4888846278190613
0,94730729,13763,4, capital,1.7399613857269287,1.0,0.0001322031021118164,0.7677870392799377
0,94758260,13765,8, containing,6.653834819793701,1.0,0.0004481673240661621,0.5254258513450623
0,95171705,13795,2,:,6.639275550842285,1.0,0.000799030065536499,0.42198705673217773
0,95793560,13840,9, Birmingham,2.5444560050964355,1.0,0.00012135505676269531,0.7840067148208618
0,97224539,13943,4, capital,1.8029236793518066,1.0,0.0001322627067565918,0.7673903703689575
0,97685252,13976,3, The,5.179001808166504,1.0,0.00025022029876708984,0.6434341073036194
0,97853054,13988,9, Birmingham,4.526211261749268,1.0,0.00033164024353027344,0.5846958756446838
0,100614204,14184,8, containing,5.074507236480713,1.0,0.0001842975616455078,0.703177809715271
0,101467134,14244,1,Fact,1.8318915367126465,1.0,0.0002289414405822754,0.6618264317512512
0,101609639,14254,8, containing,8.536608695983887,1.0,0.00042819976806640625,0.5328420400619507
0,102266450,14300,5, of,3.7849674224853516,1.0,0.000284731388092041,0.6195440292358398
0,102380894,14308,8, containing,6.989297866821289,1.0,0.00028890371322631836,0.618687093257904
0,102581325,14322,3, The,6.5422210693359375,1.0,0.0004298686981201172,0.5319843292236328
0,102882339,14343,3, The,3.1029911041259766,1.0,0.00016772747039794922,0.72243332862854
0,104076377,14426,9, Birmingham,2.940424680709839,1.0,0.00013506412506103516,0.7627195119857788
0,104524110,14457,3, The,6.2213897705078125,1.0,0.0004069209098815918,0.5437591671943665
0,105422459,14519,9, Birmingham,4.182950496673584,1.0,0.00022083520889282227,0.6678908467292786
0,105669452,14536,3, The,4.696286201477051,1.0,0.00033551454544067383,0.5803566575050354
0,105698529,14538,1,Fact,1.6843469142913818,1.0,0.00016736984252929688,0.7232707142829895
0,106091460,14565,1,Fact,1.706881046295166,1.0,0.0001849532127380371,0.7024401426315308
0,107201402,14641,7, state,5.810667991638184,1.0,0.00031435489654541016,0.6027578115463257
0,107934777,14691,3, The,7.983318328857422,1.0,0.00033402442932128906,0.5830342173576355
0,108434900,14725,1,Fact,2.3490846157073975,1.0,0.00023102760314941406,0.6592956185340881
0,108685395,14742,7, state,6.041275501251221,1.0,0.0003655552864074707,0.5614144802093506
0,109394235,14790,7, state,5.01639461517334,1.0,0.00030350685119628906,0.6082978248596191
0,109527399,14799,4, capital,1.8825273513793945,1.0,0.0001698136329650879,0.719734787940979
0,110402369,14858,8, containing,2.342801570892334,1.0,0.00012242794036865234,0.7825469374656677
0,110625374,14873,4, capital,1.4718434810638428,1.0,0.00015735626220703125,0.7321513891220093
0,110937959,14894,4, capital,1.7542195320129395,1.0,0.00015270709991455078,0.7383480072021484
0,110967752,14896,5, of,2.6221399307250977,1.0,0.0001868605613708496,0.7004007697105408
0,111968129,14963,4, capital,2.9307570457458496,1.0,0.00016373395919799805,0.7252495288848877
0,111983094,14964,6, the,9.099349021911621,1.0,0.00020390748977661133,0.683393120765686
0,113093279,15038,4, capital,2.8903446197509766,1.0,0.00017589330673217773,0.7116356492042542
0,113093279,15038,9, Birmingham,4.082192897796631,1.0,0.00017249584197998047,0.7158105969429016
0,113861594,15089,9, Birmingham,2.7985682487487793,1.0,0.0001526474952697754,0.7385006546974182
0,113921964,15093,3, The,5.976428031921387,1.0,0.00035125017166137695,0.5707345604896545
0,114027650,15100,4, capital,2.18155574798584,1.0,0.00016868114471435547,0.7210882902145386
0,114738525,15147,4, capital,4.271289825439453,1.0,0.00036078691482543945,0.5650434494018555
0,114738525,15147,7, state,4.102435111999512,1.0,0.00021946430206298828,0.6689910292625427
0,115664444,15208,3, The,1.878906488418579,1.0,0.00012695789337158203,0.775817334651947
0,117726839,15343,4, capital,3.192223072052002,1.0,0.0002181529998779297,0.6700846552848816
0,117803574,15348,8, containing,2.30747652053833,1.0,0.00012344121932983398,0.7816873788833618
0,118834235,15415,4, capital,1.2895026206970215,1.0,0.00011801719665527344,0.7886645197868347
0,119451695,15455,1,Fact,1.8563170433044434,1.0,0.00018459558486938477,0.7026247382164001
0,121235805,15570,1,Fact,1.4135446548461914,1.0,0.00012695789337158203,0.7755634784698486
0,121251377,15571,4, capital,2.0278234481811523,1.0,0.0001251697540283203,0.778208315372467
0,122046875,15622,3, The,2.306154727935791,1.0,0.00011593103408813477,0.7918204665184021
0,122469074,15649,8, containing,1.7746567726135254,1.0,0.00011497735977172852,0.7933194041252136
0,123724314,15729,9, Birmingham,2.1969361305236816,1.0,0.0001252889633178711,0.7780831456184387
0,123802979,15734,4, capital,9.982763290405273,1.0,0.0009576380252838135,0.3985747694969177
0,123991877,15746,8, containing,4.171261310577393,1.0,0.00023478269577026367,0.6562695503234863
0,126269885,15890,3, The,7.921454906463623,1.0,0.0005369782447814941,0.4899599254131317
0,126667485,15915,1,Fact,1.8771436214447021,1.0,0.0001658797264099121,0.7236025929450989
0,127097595,15942,3, The,7.934026718139648,1.0,0.0005274713039398193,0.4915491044521332
0,127129484,15944,10, is,2.2153406143188477,1.0,0.00013905763626098633,0.7572420835494995
0,127864035,15990,7, state,3.0056819915771484,1.0,0.0001927018165588379,0.6954678297042847
0,130080384,16128,7, state,3.760746955871582,1.0,0.0002657771110534668,0.6310825347900391
0,130758705,16170,1,Fact,3.796727180480957,1.0,0.0002942681312561035,0.6157716512680054
0,131033765,16187,1,Fact,2.904383659362793,1.0,0.0003286004066467285,0.5883264541625977
0,131244300,16200,2,:,27.617027282714844,1.0,0.0023621022701263428,0.31159916520118713
0,132332045,16267,3, The,3.5732474327087402,1.0,0.0002512931823730469,0.642180860042572
0,133228325,16322,4, capital,1.827538013458252,1.0,0.00014460086822509766,0.7481584548950195
0,133375277,16331,8, containing,2.289301872253418,1.0,0.0001372694969177246,0.7595912218093872
0,133407944,16333,8, containing,4.257960319519043,1.0,0.00024396181106567383,0.6481407284736633
0,133522310,16340,7, state,3.3194189071655273,1.0,0.0002205371856689453,0.6681113839149475
1,-1,1,1,Fact,,1.0,0.0011043250560760498,0.3740350604057312
1,-1,1,2,:,,1.0,0.0005593597888946533,0.4817548096179962
1,-1,1,3, The,,1.0,0.0002974271774291992,0.6134024262428284
1,-1,1,4, capital,,1.0,0.000985950231552124,0.3937581479549408
1,-1,1,5, of,,1.0,0.00047665834426879883,0.5139318108558655
1,-1,1,6, the,,1.0,0.0001900196075439453,0.6979537010192871
1,-1,1,7, state,,1.0,0.0005469024181365967,0.4856196641921997
1,-1,1,8, containing,,1.0,0.0008253753185272217,0.41791704297065735
1,-1,1,9, Birmingham,,1.0,0.0008512437343597412,0.41125115752220154
1,-1,1,10, is,,1.0,0.00036263465881347656,0.5635970830917358
1,463,28,7, state,2.4783201217651367,1.0,0.00013822317123413086,0.7586286067962646
1,17576,185,9, Birmingham,8.044458389282227,1.0,0.0003628730773925781,0.5632344484329224
1,40184,281,1,Fact,1.6816091537475586,1.0,0.00011658668518066406,0.7910075783729553
1,54613,328,8, containing,10.221229553222656,1.0,0.0004534125328063965,0.5227181911468506
1,212224,649,9, Birmingham,2.3997507095336914,1.0,0.00012767314910888672,0.7746726870536804
1,265354,726,4, capital,2.800783634185791,1.0,0.00015461444854736328,0.7355813980102539
1,464164,961,2,:,4.840928077697754,1.0,0.00026601552963256836,0.6308167576789856
1,502501,1000,4, capital,24.303709030151367,1.0,0.001423656940460205,0.3552791178226471
1,533026,1030,1,Fact,2.121124744415283,1.0,0.00017786026000976562,0.7095150947570801
1,785629,1251,3, The,4.374817848205566,1.0,0.0001646280288696289,0.7245932817459106
1,875824,1321,10, is,9.561408042907715,1.0,0.0005435049533843994,0.48780035972595215
1,1000403,1412,2,:,2.3093514442443848,1.0,0.00015741586685180664,0.7319940328598022
1,1298464,1609,1,Fact,3.0479350090026855,1.0,0.0001818537712097168,0.7059206366539001
1,1507714,1734,2,:,7.566125869750977,1.0,0.00046962499618530273,0.51582270860672
1,1736314,1861,1,Fact,2.3663253784179688,1.0,0.00013619661331176758,0.7608218789100647
1,1736314,1861,4, capital,2.4245405197143555,1.0,0.00012731552124023438,0.7751824855804443
1,1736314,1861,10, is,1.6435095071792603,1.0,0.0001227855682373047,0.7821792364120483
1,2164238,2078,6, the,4.999550819396973,1.0,0.00011497735977172852,0.7934343814849854
1,2717944,2329,1,Fact,2.118640661239624,1.0,0.00013631582260131836,0.7605493664741516
1,2890808,2402,1,Fact,4.452589988708496,1.0,0.00030416250228881836,0.6079943180084229
1,2893213,2403,9, Birmingham,2.9041805267333984,1.0,0.00014698505401611328,0.7455316185951233
1,4426798,2973,4, capital,3.635532855987549,1.0,0.0002544522285461426,0.6396589279174805
1,4567751,3020,1,Fact,2.505411148071289,1.0,0.00017410516738891602,0.7137322425842285
1,4631444,3041,3, The,2.8824357986450195,1.0,0.00012451410293579102,0.7794565558433533
1,4750901,3080,1,Fact,10.838167190551758,1.0,0.0007550418376922607,0.42972856760025024
1,4921951,3135,1,Fact,3.8256540298461914,1.0,0.00021225214004516602,0.6763266921043396
1,4921951,3135,4, capital,6.158315658569336,1.0,0.00039142370223999023,0.5485551357269287
1,4921951,3135,7, state,3.8756155967712402,1.0,0.00014448165893554688,0.7485920786857605
1,4975433,3152,8, containing,5.022448539733887,1.0,0.00023436546325683594,0.6572079658508301
1,4978588,3153,1,Fact,3.251070022583008,1.0,0.00020426511764526367,0.6827812790870667
1,5802119,3404,8, containing,6.012022972106934,1.0,0.0003574490547180176,0.5671979188919067
1,5894459,3431,5, of,2.5773186683654785,1.0,0.0001138448715209961,0.7950360178947449
1,6503419,3604,8, containing,6.044355392456055,1.0,0.00025159120559692383,0.641929566860199
1,6521464,3609,1,Fact,1.8011231422424316,1.0,0.00011360645294189453,0.7953770756721497
1,7482644,3866,5, of,2.9143919944763184,1.0,0.00012671947479248047,0.776070773601532
1,8826299,4199,1,Fact,2.9639742374420166,1.0,0.00019693374633789062,0.6902108788490295
1,9139948,4273,8, containing,2.1347105503082275,1.0,0.00012505054473876953,0.7784585356712341
1,11875499,4871,9, Birmingham,5.193979263305664,1.0,0.00023186206817626953,0.6581383943557739
1,11992751,4895,7, state,4.014509677886963,1.0,0.0001735091209411621,0.7146008610725403
1,12110579,4919,8, containing,3.6748006343841553,1.0,0.00022673606872558594,0.6631942987442017
1,13202089,5136,8, containing,2.6214652061462402,1.0,0.00015228986740112305,0.7389577031135559
1,13202089,5136,10, is,3.644188404083252,1.0,0.00017821788787841797,0.7089813351631165
1,13836428,5258,8, containing,2.015392780303955,1.0,0.00012451410293579102,0.7793320417404175
1,14132584,5314,10, is,2.068316698074341,1.0,0.0001308917999267578,0.7702842950820923
1,14281838,5342,1,Fact,7.19988489151001,1.0,0.00042325258255004883,0.5383772253990173
1,14426504,5369,4, capital,2.1173787117004395,1.0,0.00013124942779541016,0.7696285843849182
1,14426504,5369,7, state,4.051417827606201,1.0,0.00019502639770507812,0.6925613284111023
1,14426504,5369,10, is,3.208252429962158,1.0,0.0001819133758544922,0.7055569291114807
1,15947126,5645,8, containing,9.095949172973633,1.0,0.0003764629364013672,0.5562164783477783
1,16933288,5817,8, containing,3.7073283195495605,1.0,0.00017458200454711914,0.7128610014915466
1,17567626,5925,10, is,2.922147274017334,1.0,0.00012749433517456055,0.7749277353286743
1,17901134,5981,4, capital,5.6821818351745605,1.0,0.00033414363861083984,0.5823661684989929
1,18207593,6032,4, capital,3.2381601333618164,1.0,0.00015103816986083984,0.7404741048812866
1,18207593,6032,10, is,2.49094295501709,1.0,0.0001137852668762207,0.7951498031616211
1,19860751,6300,7, state,17.29588508605957,1.0,0.0008178055286407471,0.42038097977638245
1,20662804,6426,4, capital,2.5937466621398926,1.0,0.00015497207641601562,0.7352718710899353
1,21167269,6504,9, Birmingham,3.3067753314971924,1.0,0.00014334917068481445,0.7504624128341675
1,21552893,6563,1,Fact,4.916584491729736,1.0,0.0003618001937866211,0.5643209218978882
1,21598876,6570,1,Fact,1.6070799827575684,1.0,0.00011521577835083008,0.7926291227340698
1,23608754,6869,1,Fact,2.0289175510406494,1.0,0.00015240907669067383,0.7388054132461548
1,25457678,7133,4, capital,4.139374732971191,1.0,0.00023001432418823242,0.6609094142913818
1,27420713,7403,10, is,4.076049327850342,1.0,0.00019878149032592773,0.6884326338768005
1,28053793,7488,8, containing,2.8183653354644775,1.0,0.00013911724090576172,0.756963849067688
1,28868599,7596,2,:,2.167243480682373,1.0,0.00014150142669677734,0.7538766860961914
1,29911243,7732,1,Fact,3.770083427429199,1.0,0.00020843744277954102,0.6790570616722107
1,31319653,7912,9, Birmingham,2.2845633029937744,1.0,0.00012439489364624023,0.7795809507369995
1,32236433,8027,8, containing,7.468101501464844,1.0,0.0003383159637451172,0.5786702632904053
1,32971258,8118,2,:,2.2112669944763184,1.0,0.00015163421630859375,0.7400206327438354
1,33812974,8221,8, containing,13.096689224243164,1.0,0.0005843639373779297,0.4714168608188629
1,35275798,8397,1,Fact,6.387016296386719,1.0,0.0002372264862060547,0.6536751389503479
1,40073626,8950,8, containing,2.128282070159912,1.0,0.00013399124145507812,0.7640631198883057
1,41994028,9162,1,Fact,7.157174110412598,1.0,0.00048679113388061523,0.5072041153907776
1,43445179,9319,1,Fact,2.859816551208496,1.0,0.0001977682113647461,0.6892250776290894
1,44109526,9390,9, Birmingham,2.8517518043518066,1.0,0.00013947486877441406,0.7568247318267822
1,45510568,9538,8, containing,7.365327835083008,1.0,0.00034105777740478516,0.5776504278182983
1,49805188,9978,4, capital,2.4687745571136475,1.0,0.0001838207244873047,0.7033616304397583
1,50506273,10048,9, Birmingham,2.184143543243408,1.0,0.00013554096221923828,0.7619082927703857
1,50939369,10091,1,Fact,2.6131668090820312,1.0,0.00014227628707885742,0.752600908279419
1,54522901,10440,4, capital,2.0986692905426025,1.0,0.0001291036605834961,0.7723639607429504
1,56663333,10643,3, The,4.123605728149414,1.0,0.00017946958541870117,0.708088219165802
1,57453838,10717,4, capital,8.852967262268066,1.0,0.0005746185779571533,0.47893190383911133
1,57786623,10748,10, is,2.971456527709961,1.0,0.0002116560935974121,0.6771738529205322
1,58034149,10771,4, capital,2.2930753231048584,1.0,0.00016492605209350586,0.7242637276649475
1,58660694,10829,4, capital,5.893059730529785,1.0,0.00032955408096313477,0.5870105028152466
1,64133473,11323,4, capital,1.8530194759368896,1.0,0.000133514404296875,0.7651329636573792
1,65912419,11479,1,Fact,4.225752830505371,1.0,0.00029331445693969727,0.6163591742515564
1,72066013,12003,7, state,3.0097482204437256,1.0,0.00017642974853515625,0.7109308838844299
1,73501748,12122,2,:,4.396687984466553,1.0,0.00024235248565673828,0.6498401761054993
1,73829474,12149,5, of,8.468263626098633,1.0,0.00032514333724975586,0.5912655591964722
1,73938878,12158,4, capital,5.893033981323242,1.0,0.00038045644760131836,0.5535681247711182
1,74976133,12243,1,Fact,3.9975013732910156,1.0,0.0002560615539550781,0.637870728969574
1,75012874,12246,7, state,7.4878950119018555,1.0,0.0003464818000793457,0.5742174983024597
1,81364144,12754,8, containing,3.482771396636963,1.0,0.0001571178436279297,0.7327801585197449
1,82285204,12826,9, Birmingham,2.839193344116211,1.0,0.0001398324966430664,0.7561262249946594
1,84506498,12998,1,Fact,2.652115821838379,1.0,0.00016236305236816406,0.7273655533790588
1,84649564,13009,8, containing,7.548224449157715,1.0,0.0004360079765319824,0.5298247933387756
1,85014278,13037,4, capital,7.658194541931152,1.0,0.0004419088363647461,0.5271973609924316
1,85053401,13040,5, of,3.25634765625,1.0,0.00018322467803955078,0.7044625282287598
1,89465374,13374,8, containing,4.059154987335205,1.0,0.00019484758377075195,0.6929512023925781
1,89639353,13387,4, capital,2.19309663772583,1.0,0.00012791156768798828,0.7742897272109985
1,91185758,13502,8, containing,6.218593597412109,1.0,0.0003350973129272461,0.5816975831985474
1,92092804,13569,1,Fact,2.4596214294433594,1.0,0.00017279386520385742,0.7154656052589417
1,94043753,13712,4, capital,2.0600738525390625,1.0,0.00012171268463134766,0.7830348610877991
1,94744493,13763,4, capital,3.730613946914673,1.0,0.00024121999740600586,0.6510480642318726
1,97182709,13939,4, capital,3.48085618019104,1.0,0.00020486116409301758,0.6821680068969727
1,99962728,14137,1,Fact,8.222915649414062,1.0,0.0002237558364868164,0.6661152839660645
1,101068651,14215,5, of,2.426459312438965,1.0,0.00012987852096557617,0.7715882062911987
1,101809313,14267,3, The,9.675806045532227,1.0,0.0003199577331542969,0.5957779288291931
1,104466283,14452,10, is,5.554196834564209,1.0,0.000337064266204834,0.5800211429595947
1,104538568,14457,4, capital,1.9177849292755127,1.0,0.00013524293899536133,0.7623141407966614
1,104784524,14474,8, containing,4.344073295593262,1.0,0.00022393465042114258,0.6656677722930908
1,108803374,14749,9, Birmingham,3.832334280014038,1.0,0.00017130374908447266,0.7164981961250305
1,108862388,14753,4, capital,3.405578136444092,1.0,0.00020426511764526367,0.6825770139694214
1,114405499,15124,1,Fact,1.4803013801574707,1.0,0.00011366605758666992,0.7952634692192078
1,115208608,15177,9, Birmingham,2.5169708728790283,1.0,0.00015532970428466797,0.7348067164421082
1,115406026,15190,4, capital,2.679813861846924,1.0,0.00018101930618286133,0.7068268656730652
1,116060228,15233,2,:,1.559499740600586,1.0,0.00013405084609985352,0.7639291286468506
1,120738028,15537,8, containing,4.759160995483398,1.0,0.00022143125534057617,0.6674492359161377
1,122562994,15654,2,:,6.345754623413086,1.0,0.0004513859748840332,0.5245264172554016
1,124086379,15751,6, the,8.796967506408691,1.0,0.00013005733489990234,0.7714583277702332
1,124496308,15777,1,Fact,1.4704580307006836,1.0,0.00011736154556274414,0.7894876599311829
1,125112469,15816,9, Birmingham,2.44350266456604,1.0,0.0001188516616821289,0.7872441411018372
1,125349859,15831,2,:,1.4966545104980469,1.0,0.0001119375228881836,0.7983047366142273
1,127145429,15944,4, capital,14.544127464294434,1.0,0.0007651448249816895,0.42821645736694336
1,127704169,15979,1,Fact,5.523865222930908,1.0,0.000390470027923584,0.5493370294570923
1,130161043,16132,7, state,3.8635668754577637,1.0,0.00020378828048706055,0.6838006973266602
1,130354729,16144,1,Fact,1.863450288772583,1.0,0.00011920928955078125,0.7865301370620728
2,-1,2,1,Fact,,1.0,0.0014632344245910645,0.35241448879241943
2,-1,2,2,:,,1.0,0.000961005687713623,0.3956969380378723
2,-1,2,3, The,,1.0,0.00024574995040893555,0.6476527452468872
2,-1,2,4, capital,,1.0,0.0011052191257476807,0.37293073534965515
2,-1,2,5, of,,1.0,0.000608980655670166,0.467855840921402
2,-1,2,6, the,,1.0,0.00011706352233886719,0.7899564504623413
2,-1,2,7, state,,1.0,0.0005498528480529785,0.4839748740196228
2,-1,2,8, containing,,1.0,0.0007340610027313232,0.4356708526611328
2,-1,2,9, Birmingham,,1.0,0.0008914172649383545,0.4086570143699646
2,-1,2,10, is,,1.0,0.00048530101776123047,0.5076894164085388
2,14362,166,4, capital,4.609593391418457,1.0,0.00033527612686157227,0.5810272693634033
2,61422,347,9, Birmingham,3.895435333251953,1.0,0.00018423795700073242,0.7029935121536255
2,92232,426,4, capital,5.388667106628418,1.0,0.0002281665802001953,0.662511944770813
2,305368,778,1,Fact,2.317300796508789,1.0,0.00012189149856567383,0.7829131484031677
2,409962,902,1,Fact,3.4320573806762695,1.0,0.00021880865097045898,0.6696479916572571
2,630000,1119,1,Fact,9.700166702270508,1.0,0.0005244314670562744,0.49207353591918945
2,924117,1356,1,Fact,2.7171335220336914,1.0,0.00012165307998657227,0.7831565141677856
2,1539132,1751,3, The,5.529090404510498,1.0,0.00014352798461914062,0.7501757144927979
2,2110482,2051,4, capital,6.008914947509766,1.0,0.00011199712753295898,0.797968864440918
2,2110482,2051,9, Birmingham,4.450436592102051,1.0,0.0001233816146850586,0.7814405560493469
2,2630068,2290,5, of,3.622793197631836,1.0,0.00018161535263061523,0.7061022520065308
2,3681538,2710,1,Fact,2.2303876876831055,1.0,0.00015109777450561523,0.7406252026557922
2,4352722,2947,9, Birmingham,3.471750259399414,1.0,0.00017690658569335938,0.7104012370109558
2,5221293,3228,7, state,13.539462089538574,1.0,0.0005119442939758301,0.496216744184494
2,5361172,3271,1,Fact,2.976267099380493,1.0,0.00013452768325805664,0.7631237506866455
2,6063900,3479,10, is,4.073273181915283,1.0,0.00031071901321411133,0.6040070056915283
2,6105762,3491,8, containing,14.54322624206543,1.0,0.0006916522979736328,0.4491329491138458
2,6449433,3588,7, state,5.705994129180908,1.0,0.00019979476928710938,0.6876358985900879
2,8223537,4052,7, state,6.671359539031982,1.0,0.0003135204315185547,0.6030713319778442
2,9303138,4310,4, capital,10.096338272094727,1.0,0.0005863606929779053,0.470832496881485
2,9796948,4423,7, state,10.03395938873291,1.0,0.00044268369674682617,0.5267554521560669
2,10330782,4542,1,Fact,4.185500144958496,1.0,0.00015598535537719727,0.7337172031402588
2,12253722,4947,8, containing,2.144632339477539,1.0,0.00011247396469116211,0.7968464493751526
2,13186677,5132,1,Fact,16.206024169921875,1.0,0.0009112358093261719,0.40418097376823425
2,14207112,5327,4, capital,2.778311252593994,1.0,0.0001506805419921875,0.7410776019096375
2,14908527,5457,10, is,2.4151840209960938,1.0,0.0001214146614074707,0.7838853597640991
2,17573553,5925,8, containing,5.007365703582764,1.0,0.00024121999740600586,0.6508068442344666
2,19037532,6167,4, capital,4.133391857147217,1.0,0.00024968385696411133,0.6436837911605835
2,19703500,6274,10, is,3.4803900718688965,1.0,0.00013595819473266602,0.761229932308197
2,19816657,6292,5, of,5.942764759063721,1.0,0.00021183490753173828,0.6767505407333374
2,23014717,6781,4, capital,2.445272445678711,1.0,0.0001443028450012207,0.7490253448486328
2,25059657,7076,7, state,4.4251275062561035,1.0,0.0001875162124633789,0.6994653940200806
2,25493367,7137,4, capital,2.6052703857421875,1.0,0.00014227628707885742,0.7520317435264587
2,25751073,7173,4, capital,24.8383731842041,1.0,0.0015229880809783936,0.3479588031768799
2,27457752,7407,4, capital,5.8912458419799805,1.0,0.0004941225051879883,0.5052433013916016
2,30619222,7822,10, is,5.439197063446045,1.0,0.00021272897720336914,0.6752644181251526
2,31796322,7971,9, Birmingham,2.9163150787353516,1.0,0.0001627206802368164,0.7262280583381653
2,32332858,8038,4, capital,2.341824531555176,1.0,0.00013178586959838867,0.768182635307312
2,34823682,8342,1,Fact,3.4557347297668457,1.0,0.00016754865646362305,0.7227684855461121
2,36222813,8508,6, the,8.2515869140625,1.0,0.00017386674880981445,0.7139061093330383
2,36265383,8513,1,Fact,3.9629406929016113,1.0,0.00018197298049926758,0.7051929831504822
2,38171950,8734,4, capital,9.63050365447998,1.0,0.0009911656379699707,0.39277219772338867
2,38601288,8783,2,:,1.7393581867218018,1.0,0.00012350082397460938,0.7813171744346619
2,38891787,8816,3, The,4.192305564880371,1.0,0.00011783838272094727,0.7887823581695557
2,39254227,8857,8, containing,4.030636787414551,1.0,0.00015306472778320312,0.7377367615699768
2,40136317,8956,4, capital,1.8310112953186035,1.0,0.00013148784637451172,0.7688405513763428
2,40892443,9040,2,:,2.1161060333251953,1.0,0.00013178586959838867,0.7683144211769104
2,44750527,9457,9, Birmingham,9.3511962890625,1.0,0.0006641149520874023,0.45586898922920227
2,45358047,9521,2,:,3.157261848449707,1.0,0.0001963973045349121,0.6908009052276611
2,48437400,9839,8, containing,2.5215225219726562,1.0,0.00015556812286376953,0.7344960570335388
2,53029548,10295,5, of,7.588536262512207,1.0,0.00040435791015625,0.5449728965759277
2,53815122,10371,9, Birmingham,2.3291757106781006,1.0,0.00011175870895385742,0.7987518906593323
2,54533343,10440,4, capital,5.575414657592773,1.0,0.00041115283966064453,0.5421282052993774
2,54533343,10440,7, state,4.278624534606934,1.0,0.0001729130744934082,0.7151200175285339
2,55698732,10551,4, capital,3.0188698768615723,1.0,0.0001386404037475586,0.7580750584602356
2,55931173,10573,9, Birmingham,2.5791070461273193,1.0,0.00011676549911499023,0.7906576991081238
2,57079267,10681,1,Fact,1.9876575469970703,1.0,0.00011223554611206055,0.7974082231521606
2,59323275,10889,9, Birmingham,3.5585200786590576,1.0,0.00028252601623535156,0.620110273361206
2,60099163,10960,7, state,12.854108810424805,1.0,0.0004980564117431641,0.5032584071159363
2,60417525,10989,8, containing,6.298433303833008,1.0,0.0002974271774291992,0.6131049990653992
2,61421983,11080,8, containing,8.679146766662598,1.0,0.00018548965454101562,0.7009581923484802
2,61421983,11080,10, is,5.098320007324219,1.0,0.00034803152084350586,0.5724800229072571
2,64167453,11325,1,Fact,6.95767879486084,1.0,0.0004246830940246582,0.5375306010246277
2,66487743,11528,8, containing,18.89789581298828,1.0,0.0007819831371307373,0.4243510663509369
2,68943150,11739,2,:,2.734889507293701,1.0,0.00019210577011108398,0.6960449814796448
2,70110558,11838,4, capital,8.310941696166992,1.0,0.0007095932960510254,0.44145333766937256
2,70110558,11838,5, of,2.6328511238098145,1.0,0.00016433000564575195,0.7247576117515564
2,75135408,12255,1,Fact,1.782702922821045,1.0,0.00011175870895385742,0.7995333671569824
2,79600650,12614,8, containing,6.8528852462768555,1.0,0.0004279017448425293,0.5332699418067932
2,80017572,12647,4, capital,2.0087852478027344,1.0,0.0001239776611328125,0.7806986570358276
2,81351387,12752,2,:,2.287533760070801,1.0,0.0001423954963684082,0.751747190952301
2,81977607,12801,4, capital,8.12318229675293,1.0,0.0004928112030029297,0.5057361125946045
2,82992283,12880,8, containing,18.098880767822266,1.0,0.0007436871528625488,0.4334646463394165
2,84662575,13009,8, containing,7.812815189361572,1.0,0.00042766332626342773,0.5341252088546753
2,85027317,13037,1,Fact,1.1093297004699707,1.0,0.00012028217315673828,0.7852144241333008
2,86533587,13152,8, containing,3.505403995513916,1.0,0.00022208690643310547,0.6667840480804443
2,87298288,13210,8, containing,3.4048290252685547,1.0,0.00016123056411743164,0.728498637676239
2,91672567,13537,2,:,2.2302098274230957,1.0,0.00013512372970581055,0.7625844478607178
2,93906657,13701,2,:,2.5482711791992188,1.0,0.00017321109771728516,0.7147740721702576
2,96890157,13917,10, is,3.7732648849487305,1.0,0.00020390748977661133,0.6831892132759094
2,96987625,13924,2,:,2.2785751819610596,1.0,0.00012695789337158203,0.775436520576477
2,103975407,14417,4, capital,2.4343221187591553,1.0,0.0001175999641418457,0.7891353964805603
2,105117747,14496,2,:,5.361523628234863,1.0,0.0002963542938232422,0.6145895719528198
2,106266328,14575,1,Fact,4.428650856018066,1.0,0.00024765729904174805,0.6459239721298218
2,106310068,14578,1,Fact,1.884711503982544,1.0,0.00011879205703735352,0.7874816656112671
2,109542198,14798,10, is,3.874638080596924,1.0,0.0002084970474243164,0.6794740557670593
2,111878358,14955,5, of,2.9894323348999023,1.0,0.00014197826385498047,0.7528849244117737
2,112102848,14970,10, is,9.189874649047852,1.0,0.00042641162872314453,0.5349780917167664
2,113499708,15063,7, state,12.077674865722656,1.0,0.0008485615253448486,0.4120997190475464
2,114178713,15108,1,Fact,1.9614224433898926,1.0,0.00011479854583740234,0.7937787175178528
2,115573203,15200,10, is,2.5612449645996094,1.0,0.00013327598571777344,0.7653996348381042
2,118326033,15380,4, capital,6.7038350105285645,1.0,0.00039142370223999023,0.5489465594291687
2,118942173,15420,10, is,9.710856437683105,1.0,0.0004254579544067383,0.5362558364868164
2,119328073,15445,8, containing,10.550101280212402,1.0,0.0005033314228057861,0.49975699186325073
2,120536098,15523,7, state,3.4772491455078125,1.0,0.00026226043701171875,0.6334595680236816
2,121859463,15608,1,Fact,4.242397308349609,1.0,0.00025093555450439453,0.6424317955970764
2,122296977,15636,9, Birmingham,4.926567077636719,1.0,0.0002612471580505371,0.6347678303718567
2,123001767,15681,1,Fact,2.618264675140381,1.0,0.00012922286987304688,0.7721057534217834
2,123551337,15716,1,Fact,1.9422569274902344,1.0,0.00011849403381347656,0.7878373861312866
2,125239048,15823,9, Birmingham,3.801762104034424,1.0,0.0001704692840576172,0.717864453792572
2,125983998,15870,1,Fact,3.448749542236328,1.0,0.0002154707908630371,0.6733389496803284
2,129468183,16088,9, Birmingham,4.0181779861450195,1.0,0.00021660327911376953,0.6722596883773804
2,131519868,16215,1,Fact,2.586216926574707,1.0,0.00013720989227294922,0.7597284317016602
2,132364582,16267,3, The,10.495025634765625,1.0,0.0002956986427307129,0.6154773831367493
2,134242302,16382,4, capital,4.775577068328857,1.0,0.0003598928451538086,0.5654033422470093
3,-1,3,1,Fact,,1.0,0.00048047304153442383,0.5110651254653931
3,-1,3,2,:,,1.0,0.001418381929397583,0.3566974997520447
3,-1,3,3, The,,1.0,0.0003191232681274414,0.5973755717277527
3,-1,3,4, capital,,1.0,0.0003173351287841797,0.5989676117897034
3,-1,3,5, of,,1.0,0.0008310079574584961,0.41460487246513367
3,-1,3,6, the,,1.0,0.00025588274002075195,0.638382613658905
3,-1,3,7, state,,1.0,0.00031638145446777344,0.6002345085144043
3,-1,3,8, containing,,1.0,0.0010223090648651123,0.3857581913471222
3,-1,3,9, Birmingham,,1.0,0.0009777843952178955,0.3947359323501587
3,-1,3,10, is,,1.0,0.0006812512874603271,0.44981420040130615
3,64616,355,8, containing,4.638035297393799,1.0,0.0002567172050476074,0.6376146674156189
3,64616,355,10, is,3.014497756958008,1.0,0.0002484917640686035,0.6454280614852905
3,71249,373,1,Fact,11.007408142089844,1.0,0.0004519224166870117,0.5240750312805176
3,94391,430,2,:,5.730823516845703,1.0,0.00037467479705810547,0.557342529296875
3,95699,433,2,:,3.008711576461792,1.0,0.00012427568435668945,0.7800783514976501
3,280122,744,2,:,8.69931411743164,1.0,0.00048035383224487305,0.5115454792976379
3,446036,940,5, of,8.225996017456055,1.0,0.0003476738929748535,0.5735236406326294
3,703887,1182,10, is,6.313840866088867,1.0,0.0004163980484008789,0.5408923029899597
3,878471,1321,2,:,5.088181495666504,1.0,0.00033295154571533203,0.5833671689033508
3,1326002,1624,10, is,3.1859042644500732,1.0,0.00018340349197387695,0.7040960192680359
3,1594001,1781,2,:,6.312417984008789,1.0,0.0004372596740722656,0.5289525985717773
3,1873076,1931,10, is,6.344619274139404,1.0,0.0004303455352783203,0.5315544605255127
3,1955249,1973,2,:,2.0839452743530273,1.0,0.00012558698654174805,0.7773305773735046
3,3790877,2749,2,:,2.0097298622131348,1.0,0.0001214146614074707,0.7835210561752319
3,4056972,2844,2,:,2.513361930847168,1.0,0.00013023614883422852,0.7713282704353333
3,5150441,3205,1,Fact,14.135562896728516,1.0,0.0001748800277709961,0.712337076663971
3,5150441,3205,4, capital,18.16114044189453,1.0,0.0001761913299560547,0.711459755897522
3,5150441,3205,5, of,8.772899627685547,1.0,0.0001119375228881836,0.7980808019638062
3,5150441,3205,7, state,14.337152481079102,1.0,0.00016814470291137695,0.7219296097755432
3,5150441,3205,9, Birmingham,19.110727310180664,1.0,0.00042629241943359375,0.5354043841362
3,5812341,3405,10, is,3.202390670776367,1.0,0.0001455545425415039,0.7471421957015991
3,6098774,3488,5, of,2.918832778930664,1.0,0.00011301040649414062,0.7962830662727356
3,7172574,3783,10, is,2.34135103225708,1.0,0.00018203258514404297,0.7053750157356262
3,7661651,3910,2,:,3.807572364807129,1.0,0.00018984079360961914,0.698523223400116
3,8086227,4017,8, containing,2.938046932220459,1.0,0.00014334917068481445,0.7503190636634827
3,8227592,4052,7, state,9.615549087524414,1.0,0.00037086009979248047,0.5592039227485657
3,8522252,4124,5, of,4.6148295402526855,1.0,0.00017213821411132812,0.7161551713943481
3,9472124,4348,2,:,3.4199471473693848,1.0,0.00015813112258911133,0.7310479879379272
3,10285376,4531,5, of,4.120787143707275,1.0,0.00016492605209350586,0.724428653717041
3,11412249,4773,6, the,6.870420455932617,1.0,0.0001156926155090332,0.7920520901679993
3,11992749,4893,2,:,2.950277805328369,1.0,0.00020301342010498047,0.6846135258674622
3,12577616,5011,8, containing,13.138896942138672,1.0,0.0008289515972137451,0.41626280546188354
3,13460262,5184,5, of,2.759223461151123,1.0,0.00011706352233886719,0.7900735139846802
3,13460262,5184,8, containing,5.009676456451416,1.0,0.00025075674057006836,0.6426825523376465
3,13642472,5219,5, of,2.902388095855713,1.0,0.0001131296157836914,0.7958307862281799
3,14388926,5360,2,:,3.085233688354492,1.0,0.00015431642532348633,0.7363536357879639
3,16875141,5805,8, containing,2.791444778442383,1.0,0.00011730194091796875,0.7897222638130188
3,17384352,5892,9, Birmingham,6.207125663757324,1.0,0.00038063526153564453,0.5531876683235168
3,18014999,5998,2,:,3.82405424118042,1.0,0.00019925832748413086,0.6882338523864746
3,19590666,6255,2,:,4.54163932800293,1.0,0.00020301342010498047,0.6844105124473572
3,20978999,6473,2,:,8.122583389282227,1.0,0.00038439035415649414,0.5516589283943176
3,23396216,6836,2,:,3.4351115226745605,1.0,0.00015795230865478516,0.7313639521598816
3,25493366,7136,2,:,3.203718662261963,1.0,0.00020903348922729492,0.6782223582267761
3,28331624,7523,8, containing,2.865683078765869,1.0,0.00011289119720458984,0.7965088486671448
3,28497471,7545,8, containing,3.293421745300293,1.0,0.00017070770263671875,0.7173527479171753
3,28610826,7560,2,:,2.8377273082733154,1.0,0.00013786554336547852,0.7589043378829956
3,29173337,7634,5, of,9.638633728027344,1.0,0.0003002285957336426,0.6110143065452576
3,30244749,7773,2,:,2.4782049655914307,1.0,0.00012671947479248047,0.7759440541267395
3,30494141,7805,5, of,5.292129039764404,1.0,0.0002570152282714844,0.6373579502105713
3,30627047,7822,10, is,2.953345537185669,1.0,0.00011181831359863281,0.7984165549278259
3,30862292,7852,5, of,3.366062641143799,1.0,0.0001398921012878418,0.7559863924980164
3,33093176,8131,8, containing,2.450916290283203,1.0,0.00014710426330566406,0.7452376484870911
3,33093176,8131,10, is,2.4544520378112793,1.0,0.000164031982421875,0.7250857949256897
3,37329116,8636,7, state,8.774477005004883,1.0,0.0003091096878051758,0.6046266555786133
3,39618347,8897,2,:,2.1752233505249023,1.0,0.00012004375457763672,0.7856944799423218
3,39993092,8939,2,:,4.208101272583008,1.0,0.0001685619354248047,0.7212568521499634
3,41856671,9145,2,:,3.383063316345215,1.0,0.0001512765884399414,0.7401719093322754
3,45730262,9559,5, of,21.053272247314453,1.0,0.0009439587593078613,0.4004688858985901
3,45730262,9559,6, the,12.814995765686035,1.0,0.00022411346435546875,0.665219783782959
3,45979251,9585,8, containing,3.143632411956787,1.0,0.0001341700553894043,0.7637950778007507
3,51750047,10169,1,Fact,3.4665725231170654,1.0,0.0001385807991027832,0.7582136392593384
3,52035297,10197,3, The,7.26987361907959,1.0,0.0001398921012878418,0.7564059495925903
3,52086317,10202,5, of,3.0056920051574707,1.0,0.0001259446144104004,0.7767019867897034
3,53669976,10356,5, of,12.603188514709473,1.0,0.0004981160163879395,0.5027603507041931
3,54064397,10394,9, Birmingham,3.7074966430664062,1.0,0.00015234947204589844,0.7386530041694641
3,54868046,10471,2,:,3.9133472442626953,1.0,0.00022029876708984375,0.6683316826820374
3,54920436,10476,2,:,2.73793363571167,1.0,0.00017410516738891602,0.7135581374168396
3,58282202,10792,7, state,6.2727952003479,1.0,0.0001906752586364746,0.6971928477287292
3,58682357,10829,10, is,2.893676519393921,1.0,0.0001785755157470703,0.708803117275238
3,60736727,11017,8, containing,5.430872440338135,1.0,0.0002779960632324219,0.6237497925758362
3,63174416,11236,8, containing,6.0723981857299805,1.0,0.0003020763397216797,0.6092061996459961
3,63174416,11236,10, is,2.392577648162842,1.0,0.00013554096221923828,0.7617727518081665
3,63816749,11293,2,:,4.849055290222168,1.0,0.0002791881561279297,0.6226357817649841
3,65637149,11453,8, containing,4.110071182250977,1.0,0.00020301342010498047,0.6842074990272522
3,67762257,11637,1,Fact,3.6355648040771484,1.0,0.00011307001113891602,0.7960569858551025
3,68638182,11712,5, of,4.050771713256836,1.0,0.00014400482177734375,0.749313473701477
3,68896187,11734,8, containing,4.233063220977783,1.0,0.0002219080924987793,0.6672278046607971
3,68896187,11734,10, is,6.166410446166992,1.0,0.0004264712333679199,0.5345516800880432
3,73041737,12082,8, containing,2.3466787338256836,1.0,0.00013434886932373047,0.7633925676345825
3,73041737,12082,10, is,3.3459105491638184,1.0,0.00018233060836791992,0.7050110101699829
3,73319991,12105,5, of,10.609907150268555,1.0,0.0004259943962097168,0.5358303785324097
3,75049622,12247,2,:,5.265462398529053,1.0,0.0002709031105041504,0.6273272633552551
3,75946646,12320,2,:,2.174851179122925,1.0,0.00011980533599853516,0.7858142852783203
3,76886196,12396,2,:,2.240692615509033,1.0,0.0001131296157836914,0.7959439158439636
3,77271092,12427,1,Fact,8.273616790771484,1.0,0.00035190582275390625,0.5700317025184631
3,81211136,12740,2,:,9.696281433105469,1.0,0.0006300210952758789,0.46230798959732056
3,82529124,12843,2,:,4.450171947479248,1.0,0.0002779364585876465,0.6243057250976562
3,82914999,12873,5, of,5.60001802444458,1.0,0.00024265050888061523,0.6493553519248962
3,83366324,12908,3, The,3.4878649711608887,1.0,0.00011658668518066406,0.7908909916877747
3,84636551,13006,2,:,1.721787929534912,1.0,0.00012606382369995117,0.7764498591423035
3,87192611,13201,8, containing,3.4272916316986084,1.0,0.00017720460891723633,0.7100472450256348
3,91510152,13524,7, state,2.851736068725586,1.0,0.00011307001113891602,0.7961700558662415
3,96056726,13856,8, containing,3.3107619285583496,1.0,0.00015598535537719727,0.7335612177848816
3,97210592,13939,2,:,4.910437107086182,1.0,0.0002970695495605469,0.6139965057373047
3,97601402,13967,5, of,6.170195579528809,1.0,0.00031882524490356445,0.5980134606361389
3,97601402,13967,8, containing,2.6094865798950195,1.0,0.00014400482177734375,0.7496014833450317
3,97839062,13984,4, capital,11.155441284179688,1.0,0.00038802623748779297,0.5505036115646362
3,98511662,14032,10, is,5.544870853424072,1.0,0.0002707242965698242,0.627597987651825
3,98680172,14044,2,:,9.616742134094238,1.0,0.0006215870380401611,0.46417853236198425
3,100557467,14177,2,:,3.9786720275878906,1.0,0.0002613067626953125,0.6345065832138062
3,104683211,14465,5, of,4.463266849517822,1.0,0.0001800060272216797,0.707729160785675
3,107641124,14668,5, of,3.7269973754882812,1.0,0.0001391768455505371,0.7571030259132385
3,110105376,14835,8, containing,2.1115481853485107,1.0,0.00012809038162231445,0.7739057540893555
3,110105376,14835,10, is,4.247590065002441,1.0,0.0002505183219909668,0.6431838870048523
3,114602226,15135,5, of,2.2801170349121094,1.0,0.00011926889419555664,0.786410927772522
3,116899691,15286,10, is,9.753957748413086,1.0,0.00046497583389282227,0.5167564749717712
3,118356801,15381,10, is,2.7071027755737305,1.0,0.00016796588897705078,0.7222656011581421
3,119081024,15428,5, of,3.176500082015991,1.0,0.0001620650291442871,0.7276899814605713
3,119915837,15482,8, containing,9.26407241821289,1.0,0.0003540515899658203,0.5689738392829895
3,120241274,15503,8, containing,2.603231430053711,1.0,0.00013387203216552734,0.7641969919204712
3,123409901,15706,2,:,4.064924240112305,1.0,0.00018978118896484375,0.6983333826065063
3,123598499,15718,5, of,3.350454807281494,1.0,0.00011932849884033203,0.7860530614852905
3,123850187,15734,8, containing,8.38904094696045,1.0,0.0003699660301208496,0.5595738887786865
3,124906911,15801,10, is,4.023223400115967,1.0,0.00016808509826660156,0.7217614650726318
3,125049201,15810,10, is,3.5679421424865723,1.0,0.0002428889274597168,0.6491127014160156
3,127033826,15935,5, of,3.4366214275360107,1.0,0.00017458200454711914,0.7126864194869995
3,128584662,16032,2,:,6.300176620483398,1.0,0.0003637075424194336,0.5628715753555298
3,128953766,16055,10, is,1.6648521423339844,1.0,0.0001214742660522461,0.7836425304412842
3,129677456,16100,10, is,3.017937660217285,1.0,0.00016742944717407227,0.7231033444404602
4,-1,4,1,Fact,,1.0,0.0005118250846862793,0.4967285692691803
4,-1,4,2,:,,1.0,0.0010930299758911133,0.37732675671577454
4,-1,4,3, The,,1.0,0.0003243684768676758,0.5919145345687866
4,-1,4,4, capital,,1.0,0.0005692541599273682,0.4800715148448944
4,-1,4,5, of,,1.0,0.0009332895278930664,0.40234383940696716
4,-1,4,6, the,,1.0,0.00014150142669677734,0.7540181875228882
4,-1,4,7, state,,1.0,0.0006114840507507324,0.46663564443588257
4,-1,4,8, containing,,1.0,0.0009917616844177246,0.3917810320854187
4,-1,4,9, Birmingham,,1.0,0.0005958974361419678,0.4696575403213501
4,-1,4,10, is,,1.0,0.0006954967975616455,0.44635945558547974
4,4846,93,8, containing,3.230347156524658,1.0,0.00013393163681030273,0.7643309235572815
4,181498,597,2,:,3.8547115325927734,1.0,0.00016415119171142578,0.7249217629432678
4,212221,646,2,:,5.818872928619385,1.0,0.00019562244415283203,0.6917805075645447
4,250273,702,2,:,6.566435813903809,1.0,0.00024700164794921875,0.6471604704856873
4,251690,704,8, containing,3.1810128688812256,1.0,0.00014531612396240234,0.7475784420967102
4,359123,842,2,:,7.096892833709717,1.0,0.00022846460342407227,0.6622837781906128
4,365935,850,5, of,4.0998854637146,1.0,0.00015181303024291992,0.7395656704902649
4,403646,893,2,:,10.280736923217773,1.0,0.0004227161407470703,0.5387999415397644
4,736286,1208,1,Fact,4.7907514572143555,1.0,0.00013834238052368164,0.7584903836250305
4,736286,1208,2,:,9.48695182800293,1.0,0.00047665834426879883,0.5134551525115967
4,867898,1312,10, is,3.4298954010009766,1.0,0.0001659989356994629,0.723436713218689
4,994750,1405,10, is,2.377894639968872,1.0,0.00011920928955078125,0.7866493463516235
4,1118255,1490,10, is,3.7366156578063965,1.0,0.00012874603271484375,0.7726216316223145
4,1811651,1898,2,:,4.438467502593994,1.0,0.00022810697555541992,0.6627400517463684
4,2582123,2267,10, is,3.407679557800293,1.0,0.00018548965454101562,0.701329231262207
4,2783615,2354,5, of,4.445161819458008,1.0,0.00017279386520385742,0.7152928113937378
4,3515221,2646,8, containing,2.904186725616455,1.0,0.00013893842697143555,0.757381021976471
4,4122751,2866,10, is,5.1176252365112305,1.0,0.0001804828643798828,0.7073690295219421
4,4649720,3044,10, is,4.614062309265137,1.0,0.00015813112258911133,0.7308898568153381
4,6481795,3595,5, of,3.098935127258301,1.0,0.00012320280075073242,0.7818105816841125
4,7332530,3824,4, capital,18.67442512512207,1.0,0.0005033314228057861,0.49925366044044495
4,9260051,4298,9, Birmingham,3.8237733840942383,1.0,0.00015860795974731445,0.7304150462150574
4,9363623,4322,8, containing,10.393952369689941,1.0,0.0005782842636108398,0.47489696741104126
4,9559373,4367,7, state,3.426051378250122,1.0,0.00016540288925170898,0.723933756351471
4,9633850,4384,7, state,6.718836784362793,1.0,0.0003352165222167969,0.5813624858856201
4,9633850,4384,8, containing,4.328697204589844,1.0,0.00021785497665405273,0.6711744070053101
4,12522505,4999,7, state,14.053550720214844,1.0,0.00047260522842407227,0.5153530836105347
4,12987151,5091,8, containing,2.72883939743042,1.0,0.00013047456741333008,0.7708070874214172
4,13726175,5234,5, of,4.242794513702393,1.0,0.00015610456466674805,0.7334052324295044
4,13820648,5252,2,:,3.5438618659973145,1.0,0.00013273954391479492,0.7663309574127197
4,14026451,5291,1,Fact,6.217991828918457,1.0,0.00020378828048706055,0.6835969090461731
4,14026451,5291,2,:,10.576278686523438,1.0,0.0005804598331451416,0.4731605648994446
4,15215881,5511,2,:,6.108468532562256,1.0,0.00023758411407470703,0.6532004475593567
4,15654805,5590,2,:,2.497530937194824,1.0,0.0001176595687866211,0.7890177965164185
4,16442240,5729,2,:,5.217816352844238,1.0,0.00023025274276733398,0.6604492664337158
4,17455181,5903,9, Birmingham,5.336979866027832,1.0,0.00021797418594360352,0.6707386374473572
4,17467000,5905,8, containing,5.3744707107543945,1.0,0.0003764033317565918,0.5565928816795349
4,18201556,6028,1,Fact,10.605276107788086,1.0,0.00026470422744750977,0.6321420669555664
4,18201556,6028,2,:,20.580307006835938,1.0,0.0008928775787353516,0.40776559710502625
4,18559273,6087,7, state,9.254573822021484,1.0,0.00048351287841796875,0.5081729292869568
4,18559273,6087,8, containing,5.404459476470947,1.0,0.0002695322036743164,0.6281375885009766
4,19672123,6267,8, containing,3.239879846572876,1.0,0.00011157989501953125,0.7991985082626343
4,19697221,6271,8, containing,6.0917158126831055,1.0,0.00025731325149536133,0.6371009349822998
4,22569116,6713,4, capital,4.315762519836426,1.0,0.00011420249938964844,0.7946940660476685
4,23048650,6784,10, is,5.885642051696777,1.0,0.00019806623458862305,0.6890273094177246
4,23423585,6839,10, is,4.446707248687744,1.0,0.00021326541900634766,0.6748389005661011
4,23787748,6892,3, The,5.110766410827637,1.0,0.0001423358917236328,0.7516047954559326
4,24974773,7062,10, is,2.6805057525634766,1.0,0.00017750263214111328,0.7096925973892212
4,25844450,7184,9, Birmingham,6.225022315979004,1.0,0.00032085180282592773,0.5944973826408386
4,27836986,7456,5, of,6.085480690002441,1.0,0.00017243623733520508,0.7159830331802368
4,29464321,7671,4, capital,11.09623908996582,1.0,0.0004557371139526367,0.5218110680580139
4,29464321,7671,5, of,23.38473892211914,1.0,0.0009594559669494629,0.3976171314716339
4,29464321,7671,10, is,7.483056545257568,1.0,0.0002917051315307617,0.6172364950180054
4,31011745,7870,5, of,6.902928352355957,1.0,0.0002760887145996094,0.6254143714904785
4,31011745,7870,8, containing,3.230269432067871,1.0,0.00014084577560424805,0.7548653483390808
4,31011745,7870,10, is,8.27514934539795,1.0,0.000544816255569458,0.48725685477256775
4,32421373,8047,8, containing,7.377528190612793,1.0,0.0003973841667175293,0.547374427318573
4,33207170,8144,1,Fact,6.470183849334717,1.0,0.0001342296600341797,0.7635267972946167
4,33574910,8189,8, containing,3.7065200805664062,1.0,0.00018364191055297852,0.7037290930747986
4,35024260,8364,10, is,2.996448516845703,1.0,0.00022327899932861328,0.6665619611740112
4,35368250,8405,8, containing,3.959806442260742,1.0,0.00014787912368774414,0.7439107298851013
4,36606841,8551,2,:,3.0561070442199707,1.0,0.00013148784637451172,0.7689720392227173
4,37692898,8677,10, is,6.2602763175964355,1.0,0.00024956464767456055,0.6439333558082581
4,40118398,8952,1,Fact,5.548642158508301,1.0,0.00014150142669677734,0.754159688949585
4,40136315,8954,2,:,4.022383689880371,1.0,0.00016367435455322266,0.7254132032394409
4,40919576,9041,9, Birmingham,5.455743312835693,1.0,0.00034058094024658203,0.5783319473266602
4,43035998,9272,8, containing,3.7776424884796143,1.0,0.00015914440155029297,0.7299386858940125
4,43781398,9352,10, is,2.54084849357605,1.0,0.00012034177780151367,0.785094141960144
4,44637071,9443,2,:,3.4419775009155273,1.0,0.00017374753952026367,0.7140798568725586
4,47088655,9699,5, of,6.6995954513549805,1.0,0.00023478269577026367,0.6565043330192566
4,47088655,9699,8, containing,5.271954536437988,1.0,0.00023502111434936523,0.6557998657226562
4,47653198,9757,1,Fact,20.541349411010742,1.0,0.0005581080913543701,0.4828715920448303
4,47653198,9757,2,:,8.497971534729004,1.0,0.0002822279930114746,0.6206748485565186
4,51212255,10115,8, containing,3.6641170978546143,1.0,0.00015985965728759766,0.7294604182243347
4,53101660,10300,9, Birmingham,2.6195578575134277,1.0,0.00012546777725219727,0.7777071595191956
4,54564676,10441,2,:,6.935643196105957,1.0,0.0003058910369873047,0.6064699292182922
4,55561606,10536,2,:,4.678757667541504,1.0,0.00018709897994995117,0.6998398303985596
4,56578198,10632,7, state,4.5445051193237305,1.0,0.00018084049224853516,0.7070077061653137
4,56705920,10644,2,:,5.2412261962890625,1.0,0.00020956993103027344,0.6775949597358704
4,57122011,10683,9, Birmingham,2.6011648178100586,1.0,0.0001291036605834961,0.7722348570823669
4,57143390,10685,9, Birmingham,2.74365234375,1.0,0.00012069940567016602,0.784853458404541
4,59672345,10919,5, of,4.3654985427856445,1.0,0.00011450052261352539,0.7942368388175964
4,59672345,10919,10, is,3.4524049758911133,1.0,0.00011998414993286133,0.7855744361877441
4,64473685,11350,4, capital,10.893294334411621,1.0,0.000348508358001709,0.5717836022377014
4,67320601,11598,4, capital,5.87233829498291,1.0,0.00017786026000976562,0.7093372344970703
4,73429016,12113,8, containing,3.2599692344665527,1.0,0.00013196468353271484,0.7679190039634705
4,74560361,12206,2,:,5.719020843505859,1.0,0.00020772218704223633,0.6805149912834167
4,74694748,12217,8, containing,7.534529685974121,1.0,0.0002989768981933594,0.6119126081466675
4,79613266,12613,2,:,3.8980464935302734,1.0,0.00015336275100708008,0.7372772693634033
4,84013198,12957,5, of,5.810307502746582,1.0,0.00020051002502441406,0.6870360374450684
4,84441505,12990,8, containing,2.7088828086853027,1.0,0.00014954805374145508,0.7416771054267883
4,86573056,13153,9, Birmingham,3.218230724334717,1.0,0.00014084577560424805,0.7547245025634766
4,88438345,13294,10, is,6.3708882331848145,1.0,0.00034737586975097656,0.5738710165023804
4,89518885,13375,10, is,4.34461784362793,1.0,0.00015997886657714844,0.7291406393051147
4,90969811,13483,8, containing,5.757873058319092,1.0,0.00022983551025390625,0.6611392498016357
4,92147095,13570,7, state,7.023094177246094,1.0,0.00021660327911376953,0.6720430850982666
4,92445998,13592,9, Birmingham,3.908264398574829,1.0,0.0001163482666015625,0.791240394115448
4,94400665,13735,3, The,9.455437660217285,1.0,0.00014102458953857422,0.7545836567878723
4,96806650,13909,1,Fact,8.62550163269043,1.0,0.00018709897994995117,0.7000269293785095
4,97196648,13937,2,:,5.193876266479492,1.0,0.00023919343948364258,0.6520090103149414
4,97336123,13947,2,:,2.9444522857666016,1.0,0.00014954805374145508,0.7415275573730469
4,98329271,14018,7, state,9.483640670776367,1.0,0.00023102760314941406,0.6595266461372375
4,99750745,14119,8, containing,11.53220272064209,1.0,0.0004209280014038086,0.5392208695411682
4,103155061,14358,2,:,2.7563304901123047,1.0,0.00014191865921020508,0.7530268430709839
4,106806415,14610,10, is,2.78872013092041,1.0,0.00013113021850585938,0.7700222134590149
4,110446948,14857,1,Fact,21.756210327148438,1.0,0.00020754337310791016,0.6809301972389221
4,110446948,14857,4, capital,20.828426361083984,1.0,0.0002313852310180664,0.6590645909309387
4,110446948,14857,5, of,10.039482116699219,1.0,0.00013136863708496094,0.7691034078598022
4,110446948,14857,7, state,10.092870712280273,1.0,0.00013631582260131836,0.7606856822967529
4,110446948,14857,9, Birmingham,20.655580520629883,1.0,0.0005231499671936035,0.4931209683418274
4,117588775,15330,4, capital,5.108450889587402,1.0,0.00017249584197998047,0.7156381011009216
4,117588775,15330,5, of,5.9562578201293945,1.0,0.00017875432968139648,0.7084459662437439
4,121157956,15561,2,:,8.773792266845703,1.0,0.00034803152084350586,0.5728280544281006
4,124922716,15801,8, containing,5.002529621124268,1.0,0.00031644105911254883,0.6005509495735168
4,125841175,15859,9, Birmingham,6.430603504180908,1.0,0.0002612471580505371,0.6350290775299072
4,128056001,15998,8, containing,6.200930595397949,1.0,0.0002047419548034668,0.6823727488517761
4,130451623,16147,5, of,4.613772392272949,1.0,0.0001557469367980957,0.734340488910675
5,-1,5,1,Fact,,1.0,0.0002071857452392578,0.6811373829841614
5,-1,5,2,:,,1.0,0.0010074377059936523,0.3877841532230377
5,-1,5,3, The,,1.0,0.00025576353073120117,0.6386383771896362
5,-1,5,4, capital,,1.0,0.00047332048416137695,0.5148804783821106
5,-1,5,5, of,,1.0,0.0007003545761108398,0.4442654848098755
5,-1,5,7, state,,1.0,0.0004361867904663086,0.5293887853622437
5,-1,5,8, containing,,1.0,0.0007340908050537109,0.4349367916584015
5,-1,5,9, Birmingham,,1.0,0.0005885958671569824,0.4702461361885071
5,-1,5,10, is,,1.0,0.0009416639804840088,0.4014105498790741
5,16830,177,2,:,6.952724456787109,1.0,0.0002116560935974121,0.6769621968269348
5,133897,511,2,:,3.214621067047119,1.0,0.00011199712753295898,0.7981927990913391
5,208329,639,7, state,4.231072425842285,1.0,0.00013142824172973633,0.769234836101532
5,779370,1242,8, containing,5.6929097175598145,1.0,0.00018101930618286133,0.7064648866653442
5,1433965,1687,1,Fact,8.153833389282227,1.0,0.00011944770812988281,0.7859337329864502
5,1433965,1687,2,:,7.592066764831543,1.0,0.00019037723541259766,0.6975736618041992
5,2584395,2267,10, is,5.666944980621338,1.0,0.00037938356399536133,0.5539475083351135
5,3113754,2489,8, containing,3.737497568130493,1.0,0.00011533498764038086,0.792513906955719
5,3766134,2738,10, is,2.3505125045776367,1.0,0.00011217594146728516,0.7976326942443848
5,4165935,2880,8, containing,5.267963886260986,1.0,0.00018352270126342773,0.703912615776062
5,4361575,2947,8, containing,4.281468868255615,1.0,0.00015991926193237305,0.7293005585670471
5,4931364,3134,9, Birmingham,3.968445062637329,1.0,0.00015735626220703125,0.7318366169929504
5,5479699,3304,9, Birmingham,6.518188953399658,1.0,0.0002911686897277832,0.6175276637077332
5,5532795,3320,10, is,2.634152889251709,1.0,0.00012105703353881836,0.7843701839447021
5,5576124,3333,4, capital,13.390371322631836,1.0,0.00033789873123168945,0.5793463587760925
5,5576124,3333,5, of,6.0549397468566895,1.0,0.00012433528900146484,0.7799540758132935
5,5576124,3333,10, is,2.5168118476867676,1.0,0.00013881921768188477,0.7577976584434509
5,5622975,3347,10, is,3.074035406112671,1.0,0.0001227259635925293,0.782056450843811
5,6084810,3482,8, containing,3.5234904289245605,1.0,0.00011289119720458984,0.7963959574699402
5,7259949,3804,10, is,3.8382623195648193,1.0,0.00013065338134765625,0.7706766128540039
5,7894345,3967,10, is,3.5213112831115723,1.0,0.00011992454528808594,0.7854544520378113
5,7993995,3992,1,Fact,23.233030319213867,1.0,0.0007228851318359375,0.4393138587474823
5,9024870,4242,2,:,4.993316650390625,1.0,0.0001347661018371582,0.7629892230033875
5,9058890,4250,10, is,4.495826721191406,1.0,0.00019305944442749023,0.6945034861564636
5,25173054,7089,9, Birmingham,4.991209506988525,1.0,0.00018733739852905273,0.6996527314186096
5,26118372,7221,5, of,7.906457901000977,1.0,0.00019103288650512695,0.6968114376068115
5,27169500,7365,2,:,5.223889350891113,1.0,0.00013077259063720703,0.7705459594726562
5,28091254,7489,1,Fact,9.18868637084961,1.0,0.0002700686454772949,0.6278680562973022
5,33747214,8209,8, containing,5.6050615310668945,1.0,0.00018322467803955078,0.7046457529067993
5,33952914,8234,2,:,6.1147661209106445,1.0,0.00011438131332397461,0.7943512201309204
5,40783990,9025,8, containing,4.61583137512207,1.0,0.00018787384033203125,0.6992778778076172
5,41001034,9049,2,:,5.499032974243164,1.0,0.00013375282287597656,0.7647323608398438
5,45625122,9546,8, containing,3.8548362255096436,1.0,0.00013297796249389648,0.7660652995109558
5,46325119,9619,7, state,4.393563747406006,1.0,0.000118255615234375,0.7880740761756897
5,53380272,10326,9, Birmingham,2.417904853820801,1.0,0.00013697147369384766,0.7602763175964355
5,53981239,10384,7, state,4.98304557800293,1.0,0.0001233816146850586,0.781563937664032
5,55277349,10508,9, Birmingham,5.917593479156494,1.0,0.00023472309112548828,0.6567390561103821
5,58649859,10824,4, capital,4.419875621795654,1.0,0.00013893842697143555,0.757658839225769
5,58649859,10824,9, Birmingham,4.448496341705322,1.0,0.00014013051986694336,0.7554267644882202
5,58682355,10827,2,:,6.720763683319092,1.0,0.00014865398406982422,0.7433179020881653
5,66996094,11569,2,:,6.098654747009277,1.0,0.00022405385971069336,0.6649956703186035
5,68357272,11686,10, is,3.1904053688049316,1.0,0.00012952089309692383,0.7717177271842957
5,68943147,11736,7, state,4.397637844085693,1.0,0.00011521577835083008,0.7927443385124207
5,76873794,12393,7, state,10.986194610595703,1.0,0.00032824277877807617,0.5886546969413757
5,77445229,12439,8, containing,5.711871147155762,1.0,0.00017064809799194336,0.7175233960151672
5,80765689,12703,9, Birmingham,3.572518825531006,1.0,0.00014913082122802734,0.7428714632987976
5,80765689,12703,10, is,2.356719493865967,1.0,0.00012153387069702148,0.7833996415138245
5,82272372,12821,9, Birmingham,3.9572315216064453,1.0,0.00016111135482788086,0.7286597490310669
5,82272372,12821,10, is,5.057726860046387,1.0,0.0002364516258239746,0.6546220779418945
5,82670505,12852,10, is,3.0260543823242188,1.0,0.00011163949966430664,0.7990869283676147
5,83043822,12881,5, of,6.243866443634033,1.0,0.00014722347259521484,0.7450905442237854
5,94331974,13729,7, state,7.0388054847717285,1.0,0.0001474618911743164,0.7443537712097168
5,96611944,13894,5, of,4.860321044921875,1.0,0.00011456012725830078,0.7940078377723694
5,96931920,13917,10, is,5.370083808898926,1.0,0.00020182132720947266,0.6860311627388
5,102366580,14302,2,:,8.435171127319336,1.0,0.0002422928810119629,0.6500824689865112
5,102853647,14336,10, is,3.619527578353882,1.0,0.00015872716903686523,0.7302564382553101
5,105960397,14551,5, of,5.988275527954102,1.0,0.00014454126358032227,0.748447597026825
5,111683979,14939,10, is,2.9925787448883057,1.0,0.0001258254051208496,0.7768278121948242
5,115694860,15205,10, is,1.358304500579834,1.0,0.00011742115020751953,0.7893702983856201
5,118110759,15363,8, containing,5.881474018096924,1.0,0.00015926361083984375,0.7297795414924622
5,118556895,15392,9, Birmingham,7.336630821228027,1.0,0.0006230175495147705,0.4635569453239441
5,123472749,15708,5, of,4.233659267425537,1.0,0.00011807680130004883,0.7884284257888794
5,124228197,15756,8, containing,5.897934913635254,1.0,0.00015091896057128906,0.7407761216163635
5,125207394,15818,7, state,3.8608016967773438,1.0,0.00014585256576538086,0.7468507885932922
5,125207394,15818,9, Birmingham,3.287999153137207,1.0,0.0001405477523803711,0.7551464438438416
6,-1,6,1,Fact,,1.0,0.00033169984817504883,0.5850275754928589
6,-1,6,2,:,,1.0,0.0007950663566589355,0.42278212308883667
6,-1,6,3, The,,1.0,0.0003324151039123535,0.5840321183204651
6,-1,6,4, capital,,1.0,0.0004038810729980469,0.5453767776489258
6,-1,6,5, of,,1.0,0.0005159378051757812,0.4951912462711334
6,-1,6,6, the,,1.0,0.00013124942779541016,0.7697598338127136
6,-1,6,7, state,,1.0,0.00042760372161865234,0.5336975455284119
6,-1,6,8, containing,,1.0,0.0006392598152160645,0.4604030251502991
6,-1,6,9, Birmingham,,1.0,0.0007380545139312744,0.4342027008533478
6,-1,6,10, is,,1.0,0.0007814168930053711,0.42513248324394226
6,9584,131,7, state,6.360143661499023,1.0,0.00012767314910888672,0.7745450139045715
6,17384,179,10, is,2.519219398498535,1.0,0.00013238191604614258,0.7669934034347534
6,207039,636,4, capital,8.390569686889648,1.0,0.00016891956329345703,0.7209196090698242
6,601149,1089,9, Birmingham,3.53541898727417,1.0,0.0001399517059326172,0.7555667161941528
6,819833,1273,5, of,6.180116653442383,1.0,0.00014448165893554688,0.7488810420036316
6,1087068,1467,10, is,5.724338531494141,1.0,0.00026810169219970703,0.629749596118927
6,1662569,1816,7, state,3.4210171699523926,1.0,0.00014322996139526367,0.7506056427955627
6,1857621,1920,4, capital,7.929851531982422,1.0,0.00017577409744262695,0.7119871377944946
6,1857621,1920,5, of,7.46436882019043,1.0,0.0001462697982788086,0.7465586066246033
6,1857621,1920,10, is,4.445380210876465,1.0,0.00016242265701293945,0.7272031903266907
6,2586668,2267,2,:,19.678316116333008,1.0,0.0001717209815979004,0.716326892375946
6,2586668,2267,4, capital,21.371322631835938,1.0,0.00013381242752075195,0.7645986080169678
6,2586668,2267,5, of,20.813705444335938,1.0,0.0001303553581237793,0.770937442779541
6,2586668,2267,7, state,19.34756088256836,1.0,0.00015819072723388672,0.730731725692749
6,2586668,2267,8, containing,15.311482429504395,1.0,0.0001493692398071289,0.7422746419906616
6,2586668,2267,9, Birmingham,19.517953872680664,1.0,0.0002403855323791504,0.6515295505523682
6,2586668,2267,10, is,15.488739013671875,1.0,0.00045371055603027344,0.5222647786140442
6,2727273,2328,10, is,3.4809603691101074,1.0,0.0001315474510192871,0.7685776948928833
6,2939093,2417,10, is,4.007303237915039,1.0,0.0001690387725830078,0.7205817103385925
6,3552438,2658,7, state,4.71883487701416,1.0,0.0001214146614074707,0.7837639451026917
6,3938214,2799,9, Birmingham,5.686422824859619,1.0,0.000279843807220459,0.621517539024353
6,5436746,3290,9, Birmingham,6.098592758178711,1.0,0.00020009279251098633,0.6872361302375793
6,6077834,3479,8, containing,5.147219657897949,1.0,0.00013339519500732422,0.7652663588523865
6,6084809,3481,9, Birmingham,4.019326210021973,1.0,0.0002797842025756836,0.6220771670341492
6,6593889,3624,8, containing,6.557819843292236,1.0,0.00017631053924560547,0.7112835645675659
6,8078183,4012,7, state,14.263773918151855,1.0,0.0005065798759460449,0.4977422058582306
6,8721569,4169,10, is,2.8282155990600586,1.0,0.00012069940567016602,0.7847327589988708
6,8817893,4192,2,:,5.741747856140137,1.0,0.00018084049224853516,0.7071885466575623
6,9607529,4376,2,:,5.764809608459473,1.0,0.00014168024063110352,0.7535936236381531
6,9717429,4401,9, Birmingham,6.405623912811279,1.0,0.0003236532211303711,0.5932109355926514
6,9735071,4405,7, state,6.098630428314209,1.0,0.00011646747589111328,0.7911240458488464
6,10231019,4516,1,Fact,11.584635734558105,1.0,0.00021278858184814453,0.6750516891479492
6,10902108,4662,4, capital,15.058185577392578,1.0,0.000613093376159668,0.46602416038513184
6,10902108,4662,5, of,14.100217819213867,1.0,0.0004430413246154785,0.5263127684593201
6,10902108,4662,9, Birmingham,5.559444904327393,1.0,0.00022751092910766602,0.6629675626754761
6,10902108,4662,10, is,6.43999719619751,1.0,0.00034373998641967773,0.5759408473968506
6,11817084,4854,5, of,7.643853187561035,1.0,0.00017446279525756836,0.7130354642868042
6,11817084,4854,8, containing,5.411931037902832,1.0,0.00028121471405029297,0.6212376952171326
6,11817084,4854,10, is,2.0875933170318604,1.0,0.00011557340621948242,0.7921676635742188
6,12713396,5035,2,:,6.165718078613281,1.0,0.00019931793212890625,0.6880345940589905
6,14837621,5440,7, state,4.485515594482422,1.0,0.00017017126083374023,0.7182049751281738
6,18589746,6090,2,:,5.545151710510254,1.0,0.00017070770263671875,0.7171820402145386
6,18883578,6138,8, containing,3.932844400405884,1.0,0.00012892484664916992,0.7724928855895996
6,20202539,6349,2,:,5.2695441246032715,1.0,0.00011605024337768555,0.7914725542068481
6,20278889,6361,9, Birmingham,4.952809810638428,1.0,0.00016289949417114258,0.7260653376579285
6,22434944,6691,9, Birmingham,3.761112689971924,1.0,0.00011211633682250977,0.797856867313385
6,27494813,7408,5, of,6.113818645477295,1.0,0.0001308917999267578,0.770415186882019
6,27784778,7447,7, state,6.110217571258545,1.0,0.00016248226165771484,0.72687828540802
6,29926709,7729,2,:,9.707892417907715,1.0,0.00021767616271972656,0.6713920831680298
6,36555518,8543,10, is,2.5483436584472656,1.0,0.00017708539962768555,0.7102243304252625
6,37588778,8663,10, is,3.977260112762451,1.0,0.00024193525314331055,0.6503244042396545
6,37936398,8703,9, Birmingham,2.903353214263916,1.0,0.00011730194091796875,0.7896049618721008
6,41537048,9107,7, state,7.218607425689697,1.0,0.0001774430274963379,0.7098700404167175
6,42573371,9220,5, of,3.4858760833740234,1.0,0.00011682510375976562,0.7903072834014893
6,42573371,9220,9, Birmingham,3.1832141876220703,1.0,0.00014549493789672852,0.7472876906394958
6,42573371,9220,10, is,4.458104133605957,1.0,0.00024247169494628906,0.6495978236198425
6,43379948,9307,9, Birmingham,3.371838092803955,1.0,0.00018519163131713867,0.7018851041793823
6,46885079,9676,7, state,5.285919189453125,1.0,0.00013244152069091797,0.7671258449554443
6,48733121,9865,9, Birmingham,11.49912166595459,1.0,0.0001952648162841797,0.6921713352203369
6,53184134,10306,8, containing,4.28079891204834,1.0,0.00012552738189697266,0.7775816917419434
6,56185293,10593,9, Birmingham,5.489820957183838,1.0,0.00015079975128173828,0.7409269213676453
6,58282199,10789,10, is,6.218432426452637,1.0,0.00016504526138305664,0.724098801612854
6,73683723,12132,8, containing,12.050365447998047,1.0,0.0003241896629333496,0.592887282371521
6,77644484,12454,8, containing,5.618625640869141,1.0,0.00015175342559814453,0.739413857460022
6,79562798,12607,9, Birmingham,8.122617721557617,1.0,0.00022923946380615234,0.6613684892654419
6,81683364,12774,7, state,5.655013084411621,1.0,0.00014448165893554688,0.748736560344696
6,84857871,13020,2,:,5.84635591506958,1.0,0.00017112493515014648,0.7168404459953308
6,86428371,13140,2,:,5.122207164764404,1.0,0.0001360177993774414,0.7610939741134644
6,93236333,13648,2,:,8.24593448638916,1.0,0.00021761655807495117,0.6716096997261047
6,98413428,14022,2,:,7.6082048416137695,1.0,0.00017958879470825195,0.7079087495803833
6,100033433,14137,10, is,3.2172985076904297,1.0,0.00013840198516845703,0.7583520412445068
6,117037343,15292,7, state,7.869970321655273,1.0,0.0002084970474243164,0.679265558719635
6,119838414,15474,4, capital,5.409579277038574,1.0,0.00013875961303710938,0.757936418056488
6,122954714,15674,4, capital,4.518448352813721,1.0,0.00011116266250610352,0.8000897169113159
6,122954714,15674,5, of,6.770615100860596,1.0,0.00015169382095336914,0.7397173643112183
6,123064509,15681,9, Birmingham,6.63059139251709,1.0,0.00014019012451171875,0.7552866339683533
6,132250709,16256,10, is,3.1906046867370605,1.0,0.00011861324310302734,0.7876002788543701
7,-1,7,1,Fact,,1.0,0.0001550912857055664,0.7349618077278137
7,-1,7,2,:,,1.0,0.0006503760814666748,0.457833856344223
7,-1,7,3, The,,1.0,0.00024944543838500977,0.6444323062896729
7,-1,7,4, capital,,1.0,0.0004096031188964844,0.5425378084182739
7,-1,7,5, of,,1.0,0.000296175479888916,0.6148857474327087
7,-1,7,6, the,,1.0,0.00011169910430908203,0.7989752888679504
7,-1,7,7, state,,1.0,0.0003381967544555664,0.5790084600448608
7,-1,7,8, containing,,1.0,0.0006435811519622803,0.4591212868690491
7,-1,7,9, Birmingham,,1.0,0.000925898551940918,0.4032697379589081
7,-1,7,10, is,,1.0,0.0008680522441864014,0.4103999137878418
7,110677,462,1,Fact,24.655515670776367,1.0,0.0004975199699401855,0.5042538046836853
7,244642,691,4, capital,18.203643798828125,1.0,0.0002161264419555664,0.6726921200752258
7,244642,691,5, of,21.865022659301758,1.0,0.0002747774124145508,0.6259642243385315
7,244642,691,8, containing,5.734262943267822,1.0,0.00014150142669677734,0.7543011903762817
7,244642,691,9, Birmingham,8.689233779907227,1.0,0.0002243518829345703,0.664547324180603
7,244642,691,10, is,16.264394760131836,1.0,0.0005703568458557129,0.47950226068496704
7,434770,924,10, is,4.104161262512207,1.0,0.00018990039825439453,0.6981436014175415
7,554923,1045,10, is,7.199979305267334,1.0,0.0003032088279724121,0.6086010336875916
7,1078238,1460,10, is,5.966518402099609,1.0,0.00032126903533935547,0.5941765308380127
7,1422133,1678,7, state,9.998819351196289,1.0,0.00020200014114379883,0.6858293414115906
7,2706293,2318,10, is,4.691788196563721,1.0,0.00032019615173339844,0.5951379537582397
7,4828270,3099,1,Fact,32.27403259277344,1.0,0.00011473894119262695,0.793549120426178
7,4828270,3099,4, capital,37.213531494140625,1.0,0.00011932849884033203,0.7861723899841309
7,4828270,3099,9, Birmingham,27.518043518066406,1.0,0.000364840030670166,0.5617793202400208
7,4828270,3099,10, is,8.464736938476562,1.0,0.0001925826072692871,0.695660412311554
7,5029198,3163,10, is,4.290884494781494,1.0,0.00017571449279785156,0.711811363697052
7,8239762,4051,10, is,7.594850540161133,1.0,0.00020295381546020508,0.6850194334983826
7,9801370,4419,7, state,8.210495948791504,1.0,0.0001322627067565918,0.7672581076622009
7,13305053,5150,8, containing,3.9987576007843018,1.0,0.000133514404296875,0.7649994492530823
7,13569437,5201,2,:,8.2390718460083,1.0,0.00015717744827270508,0.7324658632278442
7,16528367,5741,1,Fact,23.10138702392578,1.0,0.0004341602325439453,0.530693769454956
7,19885963,6298,9, Birmingham,8.50399398803711,1.0,0.0005040466785430908,0.49875032901763916
7,22879222,6756,1,Fact,16.794574737548828,1.0,0.0002924799919128418,0.6169447898864746
7,23753270,6884,5, of,9.92026424407959,1.0,0.00014930963516235352,0.7421252727508545
7,23753270,6884,7, state,7.593416213989258,1.0,0.00012880563735961914,0.7727504372596741
7,23753270,6884,8, containing,5.055560111999512,1.0,0.00017303228378295898,0.7149471044540405
7,23753270,6884,10, is,6.1306352615356445,1.0,0.00023245811462402344,0.6576745510101318
7,25151770,7084,9, Birmingham,4.708517551422119,1.0,0.00012385845184326172,0.7808225154876709
7,25708027,7162,10, is,2.3753020763397217,1.0,0.000156402587890625,0.7329365611076355
7,26430077,7262,10, is,3.202936887741089,1.0,0.00011134147644042969,0.7996447086334229
7,26853448,7320,9, Birmingham,3.820108413696289,1.0,0.00014227628707885742,0.7524586319923401
7,26919445,7329,8, containing,3.433659791946411,1.0,0.00011456012725830078,0.7938932776451111
7,31501945,7929,4, capital,5.265588760375977,1.0,0.00011342763900756836,0.7957176566123962
7,31501945,7929,9, Birmingham,3.2686729431152344,1.0,0.0001283884048461914,0.773264467716217
7,31956007,7986,2,:,8.089722633361816,1.0,0.00015532970428466797,0.7346513867378235
7,34126183,8253,9, Birmingham,5.0156965255737305,1.0,0.00013959407806396484,0.7566852569580078
7,37329112,8632,10, is,2.8503763675689697,1.0,0.00011926889419555664,0.7862916588783264
7,47848645,9774,8, containing,8.104570388793945,1.0,0.00023877620697021484,0.6522477865219116
7,47848645,9774,10, is,5.905970573425293,1.0,0.00022077560424804688,0.6676700115203857
7,49905037,9982,2,:,6.200045585632324,1.0,0.00011551380157470703,0.7922831773757935
7,52741577,10262,10, is,5.881420135498047,1.0,0.00022459030151367188,0.6643229722976685
7,55709282,10547,8, containing,6.862661361694336,1.0,0.00019633769989013672,0.6909972429275513
7,55709282,10547,10, is,4.854480743408203,1.0,0.00017017126083374023,0.7183751463890076
7,61988537,11126,9, Birmingham,4.218122482299805,1.0,0.00014525651931762695,0.7477236986160278
7,67634257,11622,9, Birmingham,4.339323997497559,1.0,0.00014740228652954102,0.7447959780693054
7,68943145,11734,2,:,6.891578197479248,1.0,0.00012534856796264648,0.7779578566551208
7,69767570,11804,10, is,4.8294453620910645,1.0,0.0001398324966430664,0.7558465003967285
7,81504520,12759,8, containing,3.389911651611328,1.0,0.00011247396469116211,0.7969589233398438
7,89934158,13403,8, containing,8.65476131439209,1.0,0.00020378828048706055,0.6840044856071472
7,109779145,14809,10, is,3.6801059246063232,1.0,0.0001431107521057129,0.7507487535476685
7,118603093,15393,9, Birmingham,4.195922374725342,1.0,0.00014287233352661133,0.751034677028656
7,120940120,15544,8, containing,4.328124523162842,1.0,0.00015789270401000977,0.7315218448638916
7,121329245,15569,7, state,6.736455917358398,1.0,0.00014901161193847656,0.7430204749107361
7,123080197,15681,9, Birmingham,4.517967224121094,1.0,0.0001240372657775879,0.7804507613182068
8,-1,8,1,Fact,,1.0,0.00016266107559204102,0.7263907194137573
8,-1,8,2,:,,1.0,0.0004303455352783203,0.5311241149902344
8,-1,8,3, The,,1.0,0.00014412403106689453,0.7491694688796997
8,-1,8,4, capital,,1.0,0.00024944543838500977,0.6446817517280579
8,-1,8,5, of,,1.0,0.00035643577575683594,0.5675543546676636
8,-1,8,7, state,,1.0,0.0002218484878540039,0.6670058965682983
8,-1,8,8, containing,,1.0,0.0005031824111938477,0.5002601742744446
8,-1,8,9, Birmingham,,1.0,0.0007491707801818848,0.43122804164886475
8,-1,8,10, is,,1.0,0.000950157642364502,0.3995249271392822
8,621,26,2,:,6.553757667541504,1.0,0.00012135505676269531,0.7841280698776245
8,147687,534,10, is,3.935303211212158,1.0,0.00011712312698364258,0.7898393869400024
8,579417,1067,7, state,9.384960174560547,1.0,0.00015461444854736328,0.7357360124588013
8,594586,1081,10, is,4.323469161987305,1.0,0.00016164779663085938,0.7283374071121216
8,2673819,2303,10, is,4.521740913391113,1.0,0.00024825334548950195,0.64567631483078
8,3373494,2588,9, Birmingham,4.975471019744873,1.0,0.00012952089309692383,0.7718472480773926
8,4504492,2992,10, is,3.343714714050293,1.0,0.00011175870895385742,0.7986401319503784
8,4831377,3099,9, Birmingham,24.996681213378906,1.0,0.0002473592758178711,0.6464188694953918
8,4831377,3099,10, is,7.010883331298828,1.0,0.00014251470565795898,0.751462459564209
8,5646471,3351,10, is,6.905426979064941,1.0,0.0003014206886291504,0.6104127168655396
8,7048126,3745,9, Birmingham,5.143752574920654,1.0,0.00015217065811157227,0.7392621040344238
8,10050877,4474,2,:,6.730979919433594,1.0,0.0001125335693359375,0.7967339754104614
8,10577691,4590,10, is,3.791936159133911,1.0,0.00021791458129882812,0.670956552028656
8,11676519,4823,1,Fact,13.649215698242188,1.0,0.00012499094009399414,0.7787084579467773
8,12642897,5019,10, is,6.786293029785156,1.0,0.0001919865608215332,0.6962369680404663
8,13294737,5147,10, is,3.695100784301758,1.0,0.00016576051712036133,0.7237683534622192
8,18914316,6141,9, Birmingham,7.8428826332092285,1.0,0.0001544356346130371,0.7360448837280273
8,20940147,6462,4, capital,6.626789569854736,1.0,0.0001150369644165039,0.7930893898010254
8,20940147,6462,5, of,6.108011722564697,1.0,0.00011420249938964844,0.7948082685470581
8,20940147,6462,9, Birmingham,6.588311672210693,1.0,0.00017011165618896484,0.7185452580451965
8,20940147,6462,10, is,6.610060214996338,1.0,0.0003070235252380371,0.6058579683303833
8,25500502,7132,10, is,3.2003369331359863,1.0,0.00013321638107299805,0.765666127204895
8,29518077,7674,2,:,12.034004211425781,1.0,0.00019502639770507812,0.6927563548088074
8,29957661,7731,10, is,2.8653554916381836,1.0,0.0001150369644165039,0.7929743528366089
8,31724586,7956,10, is,6.842495918273926,1.0,0.00021344423294067383,0.6746256351470947
8,33028119,8118,7, state,6.668729782104492,1.0,0.00012743473052978516,0.7750551700592041
8,35410311,8406,1,Fact,14.844167709350586,1.0,0.00014930963516235352,0.742423951625824
8,37277286,8625,7, state,5.046411037445068,1.0,0.0001367330551147461,0.7604130506515503
8,38847696,8805,2,:,10.523275375366211,1.0,0.0001283884048461914,0.7736495137214661
8,42278601,9186,9, Birmingham,13.04188346862793,1.0,0.0008969008922576904,0.40597784519195557
8,43687869,9338,9, Birmingham,5.069664001464844,1.0,0.0001430511474609375,0.7508918046951294
8,43687869,9338,10, is,12.306852340698242,1.0,0.0004953742027282715,0.5047491788864136
8,46459971,9630,10, is,3.2931971549987793,1.0,0.00013887882232666016,0.7575199007987976
8,60461497,10987,7, state,7.623099327087402,1.0,0.00014144182205200195,0.7544426321983337
8,60461497,10987,8, containing,5.924874305725098,1.0,0.00016897916793823242,0.7204126715660095
8,62512962,11172,5, of,9.833724975585938,1.0,0.00012814998626708984,0.7737776637077332
8,62512962,11172,8, containing,5.695191383361816,1.0,0.0002009868621826172,0.6866349577903748
8,62512962,11172,10, is,10.38107681274414,1.0,0.0004526376724243164,0.5231708288192749
8,81555597,12762,8, containing,4.83573055267334,1.0,0.00015288591384887695,0.7380425930023193
8,81555597,12762,9, Birmingham,6.668500900268555,1.0,0.00024950504302978516,0.6441828608512878
8,81555597,12762,10, is,5.57282829284668,1.0,0.00019341707229614258,0.6943104267120361
8,91794466,13540,10, is,3.9974305629730225,1.0,0.00014698505401611328,0.7456786036491394
8,107142832,14629,8, containing,6.420658111572266,1.0,0.00014954805374145508,0.7418266534805298
8,108199396,14701,8, containing,6.223824501037598,1.0,0.00011235475540161133,0.7970712780952454
8,113213619,15038,10, is,4.93740177154541,1.0,0.00015848875045776367,0.7305735349655151
8,113710731,15071,10, is,3.335235118865967,1.0,0.00011152029037475586,0.799310028553009
8,123960376,15736,2,:,7.6138811111450195,1.0,0.00013446807861328125,0.7632582187652588
8,125999866,15865,9, Birmingham,4.313125133514404,1.0,0.00012534856796264648,0.7778325080871582
8,131763252,16224,8, containing,5.746870517730713,1.0,0.00012314319610595703,0.7819337248802185
8,132397119,16263,8, containing,10.807008743286133,1.0,0.00035876035690307617,0.5668404698371887
9,-1,9,2,:,,1.0,0.00034439563751220703,0.5752532482147217
9,-1,9,3, The,,1.0,0.00019747018814086914,0.6894225478172302
9,-1,9,4, capital,,1.0,0.0002262592315673828,0.6636469960212708
9,-1,9,5, of,,1.0,0.000377655029296875,0.5554631352424622
9,-1,9,7, state,,1.0,0.0002486109733581543,0.6451795697212219
9,-1,9,8, containing,,1.0,0.0005785524845123291,0.4743186831474304
9,-1,9,9, Birmingham,,1.0,0.0007063150405883789,0.44215965270996094
9,-1,9,10, is,,1.0,0.0007247626781463623,0.43859097361564636
9,8505,120,8, containing,5.561038970947266,1.0,0.00011134147644042969,0.7997560501098633
9,35235,255,8, containing,7.9664225578308105,1.0,0.00014168024063110352,0.753451943397522
9,192500,610,10, is,4.0447516441345215,1.0,0.00014513731002807617,0.7480138540267944
9,1951290,1965,10, is,4.8878889083862305,1.0,0.00019443035125732422,0.6933403015136719
9,2614031,2276,9, Birmingham,5.753571033477783,1.0,0.00012570619583129883,0.7770792841911316
9,2968256,2426,10, is,6.25439453125,1.0,0.0003203749656677246,0.5948177576065063
9,3843368,2762,1,Fact,33.433963775634766,1.0,0.0004978775978088379,0.5037562847137451
9,4003025,2819,9, Birmingham,8.796960830688477,1.0,0.00015401840209960938,0.7368161678314209
9,4701701,3056,1,Fact,47.023170471191406,1.0,0.0004622340202331543,0.518608570098877
9,5335001,3256,10, is,5.6558122634887695,1.0,0.00016200542449951172,0.7280140519142151
9,5956416,3441,10, is,6.90300178527832,1.0,0.0003827810287475586,0.5524246096611023
9,6406400,3569,1,Fact,20.84961700439453,1.0,0.0001285076141357422,0.7730076313018799
9,7591346,3886,10, is,7.339495658874512,1.0,0.0002465248107910156,0.6474069952964783
9,8505740,4114,8, containing,9.884330749511719,1.0,0.00021910667419433594,0.6694291830062866
9,9316076,4306,10, is,2.764413356781006,1.0,0.00011235475540161133,0.797183632850647
9,10619126,4598,9, Birmingham,4.537896156311035,1.0,0.00011432170867919922,0.7945798635482788
9,11997641,4888,8, containing,5.852367877960205,1.0,0.0001112222671508789,0.7998672723770142
9,11997641,4888,10, is,7.377528667449951,1.0,0.00013315677642822266,0.7657992839813232
9,14474880,5370,10, is,3.7104358673095703,1.0,0.00012868642807006836,0.7728791236877441
9,20836730,6445,10, is,3.2940447330474854,1.0,0.00012379884719848633,0.7809463143348694
9,28830611,7583,10, is,4.982280731201172,1.0,0.000148773193359375,0.7431692481040955
9,34823675,8335,9, Birmingham,7.212713241577148,1.0,0.00016295909881591797,0.7257395386695862
9,37623465,8664,2,:,7.437247276306152,1.0,0.00011909008026123047,0.7867684364318848
9,38548580,8770,1,Fact,42.04533767700195,1.0,0.00023490190505981445,0.6560347676277161
9,41737806,9126,2,:,8.668070793151855,1.0,0.00012832880020141602,0.7733927965164185
9,53338946,10318,8, containing,10.603885650634766,1.0,0.0001971721649169922,0.6898168921470642
9,61344416,11066,10, is,6.258355140686035,1.0,0.0001633763313293457,0.7255765795707703
9,67401845,11600,10, is,3.2560207843780518,1.0,0.0001703500747680664,0.7180348038673401
9,78807725,12544,10, is,4.313055038452148,1.0,0.00013172626495361328,0.768446147441864
9,79134480,12570,10, is,3.8244919776916504,1.0,0.00013136863708496094,0.7687090635299683
9,85092525,13035,8, containing,8.340343475341797,1.0,0.00014227628707885742,0.7521740198135376
9,86454665,13139,10, is,5.0487380027771,1.0,0.00015437602996826172,0.7365080118179321
9,91037261,13483,1,Fact,26.625062942504883,1.0,0.00022643804550170898,0.6634207367897034
9,96987618,13917,10, is,3.2144956588745117,1.0,0.0001335740089416504,0.7648659348487854
9,99496661,14096,2,:,7.420047283172607,1.0,0.0001239180564880371,0.7805746793746948
9,125286525,15819,1,Fact,50.327842712402344,1.0,0.0002738833427429199,0.6265124082565308
10,-1,10,2,:,,1.0,0.00032192468643188477,0.5938552618026733
10,-1,10,3, The,,1.0,0.00012409687042236328,0.7803267240524292
10,-1,10,4, capital,,1.0,0.00015050172805786133,0.7412281036376953
10,-1,10,5, of,,1.0,0.00027829408645629883,0.6234717965126038
10,-1,10,7, state,,1.0,0.00018864870071411133,0.6990900039672852
10,-1,10,8, containing,,1.0,0.0005765855312347412,0.47778183221817017
10,-1,10,9, Birmingham,,1.0,0.0005011558532714844,0.5012624859809875
10,-1,10,10, is,,1.0,0.0010455846786499023,0.3836958408355713
10,241849,684,9, Birmingham,7.294651985168457,1.0,0.00013303756713867188,0.7659323215484619
10,400054,883,1,Fact,23.188051223754883,1.0,0.00011229515075683594,0.7975205183029175
10,724195,1192,10, is,5.011733531951904,1.0,0.00011360645294189453,0.7954906821250916
10,3363110,2582,8, containing,9.694164276123047,1.0,0.00014168024063110352,0.753168523311615
10,7405465,3837,10, is,19.677963256835938,1.0,0.0001957416534423828,0.6913891434669495
10,7886395,3960,10, is,5.0081939697265625,1.0,0.00011432170867919922,0.7944655418395996
10,23225509,6804,1,Fact,40.47477340698242,1.0,0.00015586614608764648,0.7340289950370789
10,25329392,7106,1,Fact,28.407346725463867,1.0,0.00016248226165771484,0.7270407676696777
10,32736175,8080,10, is,4.00834846496582,1.0,0.00011235475540161133,0.7972959876060486
10,38583709,8773,7, state,11.069661140441895,1.0,0.0001405477523803711,0.7550058960914612
10,39245359,8848,9, Birmingham,7.487490653991699,1.0,0.00017011165618896484,0.7187153697013855
10,42628750,9222,8, containing,5.124835014343262,1.0,0.00011205673217773438,0.7977447509765625
10,59891029,10933,1,Fact,48.730525970458984,1.0,0.0002308487892150879,0.6599883437156677
10,67506379,11608,7, state,8.57543659210205,1.0,0.0001468658447265625,0.7459725141525269
10,72342395,12017,9, Birmingham,7.876469612121582,1.0,0.00017660856246948242,0.7105778455734253
10,74951635,12232,1,Fact,39.398345947265625,1.0,0.00021201372146606445,0.6765387058258057
10,84246679,12969,9, Birmingham,3.9432363510131836,1.0,0.00011897087097167969,0.7868874073028564
10,86441515,13137,10, is,5.0040483474731445,1.0,0.00013387203216552734,0.764464795589447
10,88637944,13303,10, is,7.362695217132568,1.0,0.00020498037338256836,0.6819631457328796
10,100614194,14174,1,Fact,55.09354782104492,1.0,0.00035250186920166016,0.5696797966957092
10,108287675,14705,9, Birmingham,6.375641822814941,1.0,0.00012224912643432617,0.782669186592102
10,109971854,14819,10, is,4.699770927429199,1.0,0.0001373291015625,0.7591792941093445
10,110224117,14836,5, of,8.947663307189941,1.0,0.00011390447616577148,0.7949221730232239
10,110224117,14836,10, is,5.717192649841309,1.0,0.0001818537712097168,0.7057387828826904
10,113861584,15079,9, Birmingham,4.8131303787231445,1.0,0.0001450181007385254,0.7478687167167664
11,-1,11,2,:,,1.0,0.00041347742080688477,0.5413057804107666
11,-1,11,4, capital,,1.0,0.00025600194931030273,0.6381267309188843
11,-1,11,5, of,,1.0,0.0002237558364868164,0.6658915281295776
11,-1,11,7, state,,1.0,0.0002588629722595215,0.636070191860199
11,-1,11,8, containing,,1.0,0.0006940364837646484,0.4477478265762329
11,-1,11,9, Birmingham,,1.0,0.0006112158298492432,0.4672468602657318
11,-1,11,10, is,,1.0,0.001040041446685791,0.3847358822822571
11,832683,1278,9, Birmingham,10.229061126708984,1.0,0.00011873245239257812,0.7873628735542297
11,5987518,3448,8, containing,15.302181243896484,1.0,0.0001780390739440918,0.7091593742370605
11,5987518,3448,10, is,15.25782585144043,1.0,0.0003559589385986328,0.5679103136062622
11,6324334,3544,9, Birmingham,33.29909896850586,1.0,0.00021797418594360352,0.6705206632614136
11,19528113,6237,9, Birmingham,14.02333927154541,1.0,0.000325620174407959,0.5906150937080383
11,27450333,7397,2,:,12.877720832824707,1.0,0.00012630224227905273,0.7763237953186035
11,42278598,9183,1,Fact,52.00939178466797,1.0,0.00013250112533569336,0.7668610215187073
11,55952319,10566,10, is,8.43140983581543,1.0,0.0002319812774658203,0.6579065322875977
11,59901973,10933,1,Fact,45.73568344116211,1.0,0.00011670589447021484,0.790774405002594
11,62703189,11186,1,Fact,84.13044738769531,1.0,0.00018537044525146484,0.7015146017074585
11,69602289,11786,10, is,6.404956817626953,1.0,0.0004073977470397949,0.5429452061653137
11,114329869,15109,2,:,14.16515827178955,1.0,0.00013697147369384766,0.7601393461227417
12,-1,12,2,:,,1.0,0.00031280517578125,0.6033841371536255
12,-1,12,3, The,,1.0,0.00012928247451782227,0.7719765305519104
12,-1,12,4, capital,,1.0,0.00018161535263061523,0.7062838673591614
12,-1,12,5, of,,1.0,0.0002536773681640625,0.6399126052856445
12,-1,12,7, state,,1.0,0.0002028346061706543,0.6852222681045532
12,-1,12,8, containing,,1.0,0.0003018975257873535,0.6095080971717834
12,-1,12,9, Birmingham,,1.0,0.0006734132766723633,0.45319488644599915
12,-1,12,10, is,,1.0,0.0015098154544830322,0.3494686186313629
12,36924108,8580,10, is,6.771431922912598,1.0,0.000301361083984375,0.6107140779495239
12,54637818,10440,10, is,6.595867156982422,1.0,0.00015163421630859375,0.7398689985275269
12,56652677,10631,10, is,15.430215835571289,1.0,0.0008368492126464844,0.41377386450767517
12,70787138,11885,9, Birmingham,6.101766586303711,1.0,0.00011497735977172852,0.7928593158721924
12,78206258,12493,1,Fact,66.01607513427734,1.0,0.0002575516700744629,0.6368436217308044
12,83508413,12910,9, Birmingham,10.284613609313965,1.0,0.00018012523651123047,0.7075491547584534
12,112147763,14963,2,:,15.595623016357422,1.0,0.00013250112533569336,0.7665959596633911
13,-1,13,2,:,,1.0,0.00015413761138916016,0.7366621494293213
13,-1,13,4, capital,,1.0,0.00021255016326904297,0.6756896376609802
13,-1,13,5, of,,1.0,0.00020766258239746094,0.6807226538658142
13,-1,13,7, state,,1.0,0.00013256072998046875,0.7667285203933716
13,-1,13,8, containing,,1.0,0.00023168325424194336,0.6583700776100159
13,-1,13,9, Birmingham,,1.0,0.0008228719234466553,0.4195631742477417
13,-1,13,10, is,,1.0,0.0016786456108093262,0.34168872237205505
13,1131746,1490,10, is,6.884360313415527,1.0,0.0002942085266113281,0.6160658597946167
13,25010114,7058,10, is,12.235305786132812,1.0,0.0004818439483642578,0.5101032853126526
13,25194337,7084,10, is,6.034710884094238,1.0,0.00011897087097167969,0.7870063781738281
13,28671364,7558,10, is,7.2270660400390625,1.0,0.00015729665756225586,0.7323086857795715
13,34907176,8341,10, is,11.352235794067383,1.0,0.0004392266273498535,0.5280776023864746
13,37380967,8632,9, Birmingham,12.849164009094238,1.0,0.00019246339797973633,0.6958528757095337
13,44674864,9438,10, is,6.653413772583008,1.0,0.00014770030975341797,0.7442063093185425
13,50476114,10033,10, is,6.762185096740723,1.0,0.00030171871185302734,0.6098098158836365
13,50526364,10038,10, is,6.425440788269043,1.0,0.00015491247177124023,0.7354267835617065
13,53742514,10353,10, is,5.813009262084961,1.0,0.00015294551849365234,0.7378897070884705
13,79222564,12573,9, Birmingham,6.421130180358887,1.0,0.00012558698654174805,0.7774561643600464
13,114996181,15151,5, of,17.37677001953125,1.0,0.00012093782424926758,0.7846120595932007
13,114996181,15151,10, is,6.753180503845215,1.0,0.00019663572311401367,0.6906045079231262
14,-1,14,2,:,,1.0,0.00016021728515625,0.7289806604385376
14,-1,14,4, capital,,1.0,0.00019156932830810547,0.6966204047203064
14,-1,14,5, of,,1.0,0.00014787912368774414,0.7440586090087891
14,-1,14,7, state,,1.0,0.00014358758926391602,0.7497450709342957
14,-1,14,8, containing,,1.0,0.0003044009208679199,0.607690155506134
14,-1,14,9, Birmingham,,1.0,0.001890718936920166,0.33093348145484924
14,-1,14,10, is,,1.0,0.0015411972999572754,0.3464358150959015
14,3409951,2596,8, containing,33.19698715209961,1.0,0.00013971328735351562,0.7565456628799438
14,3563100,2654,10, is,6.151157379150391,1.0,0.0001590251922607422,0.7300977110862732
14,7370865,3824,10, is,11.65659236907959,1.0,0.00032579898834228516,0.5902894735336304
14,10878765,4649,9, Birmingham,25.8441104888916,1.0,0.00012487173080444336,0.7788333296775818
14,11393136,4758,10, is,8.613080978393555,1.0,0.0001747608184814453,0.7125118374824524
14,19697211,6261,9, Birmingham,6.0954389572143555,1.0,0.00019294023513793945,0.6950823068618774
14,39209925,8840,9, Birmingham,7.596310615539551,1.0,0.00014352798461914062,0.7498885989189148
14,43641138,9327,9, Birmingham,11.001253128051758,1.0,0.00012618303298950195,0.776576042175293
14,53680326,10346,10, is,13.453592300415039,1.0,0.00026035308837890625,0.6358113288879395
14,57464545,10705,4, capital,13.072966575622559,1.0,0.00011682510375976562,0.790424108505249
14,84988188,13022,9, Birmingham,8.12025260925293,1.0,0.00030493736267089844,0.6073857545852661
14,93017965,13624,7, state,15.64811897277832,1.0,0.0001550912857055664,0.7351168990135193
15,-1,15,2,:,,1.0,0.00015592575073242188,0.7338731288909912
15,-1,15,4, capital,,1.0,0.00021153688430786133,0.6773853898048401
15,-1,15,5, of,,1.0,0.00023686885833740234,0.6539120078086853
15,-1,15,7, state,,1.0,0.00014925003051757812,0.7425732016563416
15,-1,15,8, containing,,1.0,0.0002682209014892578,0.629213273525238
15,-1,15,9, Birmingham,,1.0,0.000507056713104248,0.49723562598228455
15,-1,15,10, is,,1.0,0.0019385814666748047,0.3290427625179291
15,39887,266,7, state,21.238773345947266,1.0,0.0001372694969177246,0.7594539523124695
15,376262,851,1,Fact,168.0082550048828,1.0,0.00012689828872680664,0.7756903767585754
15,1533860,1735,10, is,15.716265678405762,1.0,0.0005586743354797363,0.48231348395347595
15,2254610,2107,9, Birmingham,16.367267608642578,1.0,0.00030517578125,0.6070808172225952
15,3214364,2519,10, is,10.73596477508545,1.0,0.00022900104522705078,0.661597490310669
15,10172289,4494,4, capital,68.67831420898438,1.0,0.000559389591217041,0.48119544982910156
15,13894340,5255,10, is,6.7797346115112305,1.0,0.00016814470291137695,0.7215933799743652
15,46623980,9640,7, state,27.183032989501953,1.0,0.00026279687881469727,0.6331973075866699
15,71730237,11961,10, is,9.712464332580566,1.0,0.0002872347831726074,0.6189743280410767
15,114057840,15087,9, Birmingham,8.180407524108887,1.0,0.0001888871192932129,0.698901355266571
16,-1,16,2,:,,1.0,0.00020843744277954102,0.6796824932098389
16,-1,16,5, of,,1.0,0.00011819601058959961,0.7881922721862793
16,-1,16,8, containing,,1.0,0.00016170740127563477,0.7281757593154907
16,-1,16,9, Birmingham,,1.0,0.0005778074264526367,0.4754747748374939
16,-1,16,10, is,,1.0,0.0023180246353149414,0.316250741481781
16,6943384,3709,9, Birmingham,8.173819541931152,1.0,0.00011777877807617188,0.7889001369476318
16,9311753,4298,10, is,16.146442413330078,1.0,0.0006386041641235352,0.4610416293144226
16,12693224,5021,10, is,15.9150972366333,1.0,0.0005426108837127686,0.4883429706096649
16,15127733,5483,10, is,11.202314376831055,1.0,0.00024300813674926758,0.6488698124885559
16,21180269,6491,10, is,16.085926055908203,1.0,0.0005770623683929443,0.47605183720588684
16,25837249,7171,4, capital,43.29798126220703,1.0,0.00011807680130004883,0.7883103489875793
16,45501013,9522,10, is,22.326112747192383,1.0,0.000659555196762085,0.45652854442596436
16,48466918,9828,10, is,8.086017608642578,1.0,0.00021475553512573242,0.6739841103553772
16,52219073,10202,10, is,8.567988395690918,1.0,0.00031679868698120117,0.5996013283729553
16,80587843,12678,9, Birmingham,27.559707641601562,1.0,0.00030606985092163086,0.6061640381813049
16,91320838,13497,10, is,8.26176929473877,1.0,0.00022429227828979492,0.6647716164588928
16,103917719,14399,9, Birmingham,10.557600975036621,1.0,0.00021630525588989258,0.6724759936332703
16,116136403,15223,10, is,26.506181716918945,1.0,0.00031691789627075195,0.5992845296859741
17,-1,17,7, state,,1.0,0.0001544356346130371,0.7358904480934143
17,-1,17,9, Birmingham,,1.0,0.0005766451358795166,0.4772052466869354
17,-1,17,10, is,,1.0,0.0019894540309906006,0.3271041810512543
17,103267,436,10, is,9.991006851196289,1.0,0.0003154873847961426,0.6014981269836426
17,296047,751,10, is,9.925247192382812,1.0,0.000482022762298584,0.5096214413642883
17,5423553,3275,9, Birmingham,8.006195068359375,1.0,0.00012576580047607422,0.7769535779953003
17,8255998,4045,10, is,6.535890579223633,1.0,0.00017505884170532227,0.7121621966362
17,17049862,5821,10, is,18.86178207397461,1.0,0.0008372962474822998,0.4129370152950287
17,20234323,6343,10, is,8.452463150024414,1.0,0.00031948089599609375,0.5970564484596252
17,23150592,6786,10, is,8.409406661987305,1.0,0.00033402442932128906,0.5827001929283142
17,25894788,7178,10, is,26.549585342407227,1.0,0.0010564625263214111,0.38159680366516113
17,30306987,7767,9, Birmingham,44.83668899536133,1.0,0.00016254186630249023,0.7267158031463623
17,30306987,7767,10, is,20.920040130615234,1.0,0.0003749728202819824,0.5569678544998169
17,42943260,9249,10, is,7.379476547241211,1.0,0.00046128034591674805,0.5190698504447937
17,46373247,9612,10, is,6.709018707275391,1.0,0.0002429485321044922,0.6486268043518066
17,57947977,10747,10, is,11.569430351257324,1.0,0.0006438493728637695,0.4584777057170868
17,60077223,10943,9, Birmingham,16.751083374023438,1.0,0.00014263391494750977,0.751319944858551
17,88026528,13250,7, state,73.12593841552734,1.0,0.00023168325424194336,0.6586017608642578
17,91483083,13508,9, Birmingham,15.368412971496582,1.0,0.00015115737915039062,0.7403230667114258
17,116838523,15268,4, capital,53.791847229003906,1.0,0.00014734268188476562,0.7449433207511902
18,-1,18,9, Birmingham,,1.0,0.0003859996795654297,0.5508896112442017
18,-1,18,10, is,,1.0,0.0016434788703918457,0.3433322012424469
18,40167,264,10, is,8.250831604003906,1.0,0.00039321184158325195,0.5481637120246887
18,546516,1026,10, is,17.808183670043945,1.0,0.000516057014465332,0.49467530846595764
18,779357,1229,4, capital,84.93391418457031,1.0,0.00014644861221313477,0.7464123368263245
18,6320771,3536,10, is,14.547319412231445,1.0,0.000757068395614624,0.428973525762558
18,7494237,3852,10, is,6.9632368087768555,1.0,0.00029671192169189453,0.6142932176589966
18,12617757,5004,10, is,7.026447296142578,1.0,0.000324249267578125,0.5925630927085876
18,14815827,5424,9, Birmingham,18.797988891601562,1.0,0.00013184547424316406,0.7680508494377136
18,15204836,5495,10, is,14.483492851257324,1.0,0.0013546645641326904,0.36216673254966736
18,18730241,6101,10, is,18.29816436767578,1.0,0.0010700821876525879,0.37947365641593933
18,28716812,7559,10, is,10.129093170166016,1.0,0.0003153085708618164,0.6018134355545044
18,40306712,8959,10, is,40.035667419433594,1.0,0.001844555139541626,0.33649593591690063
18,44514311,9416,10, is,9.76240062713623,1.0,0.0007163882255554199,0.4400302469730377
18,59858192,10922,10, is,7.271981239318848,1.0,0.0003377199172973633,0.5796840786933899
18,128969811,16041,10, is,6.054990768432617,1.0,0.00012832880020141602,0.7735211253166199
19,-1,19,9, Birmingham,,1.0,0.00017112493515014648,0.7166693210601807
19,-1,19,10, is,,1.0,0.0028387904167175293,0.3066498041152954
19,1633,37,10, is,9.607129096984863,1.0,0.0008948743343353271,0.4068727195262909
19,29141,221,9, Birmingham,17.095613479614258,1.0,0.00019443035125732422,0.6937291026115417
19,29141,221,10, is,14.850561141967773,1.0,0.0005242824554443359,0.4925978183746338
19,93076,411,10, is,11.305561065673828,1.0,0.0002123117446899414,0.6761144399642944
19,1073825,1445,10, is,32.50170135498047,1.0,0.000899970531463623,0.4050809442996979
19,3024550,2439,10, is,16.264507293701172,1.0,0.0007697939872741699,0.42745131254196167
19,3686950,2695,10, is,18.541536331176758,1.0,0.0013741850852966309,0.35945600271224976
19,11894983,4857,10, is,15.865198135375977,1.0,0.0003479123115539551,0.5731759667396545
19,81581131,12753,9, Birmingham,79.42841339111328,1.0,0.0021697580814361572,0.32511472702026367
19,81581131,12753,10, is,69.61270904541016,1.0,0.008615881204605103,0.2729152739048004
19,122891983,15657,10, is,9.657565116882324,1.0,0.0002650618553161621,0.6313475966453552
20,-1,20,9, Birmingham,,1.0,0.00022011995315551758,0.6685518026351929
20,-1,20,10, is,,1.0,0.0018184781074523926,0.338314414024353
20,29382,221,9, Birmingham,24.94425392150879,1.0,0.0001900196075439453,0.6977636814117432
20,5453232,3281,9, Birmingham,20.488632202148438,1.0,0.00012093782424926758,0.7844911217689514
20,5453232,3281,10, is,29.24017333984375,1.0,0.0012179315090179443,0.3658711612224579
20,13820632,5236,10, is,13.810503005981445,1.0,0.0012014210224151611,0.3694959580898285
20,14875764,5433,10, is,12.653742790222168,1.0,0.0003057122230529785,0.6067756414413452
20,17626932,5916,10, is,50.554988861083984,1.0,0.002587258815765381,0.3092370629310608
20,28339135,7507,10, is,13.345344543457031,1.0,0.0007869601249694824,0.42356908321380615
20,51404709,10118,10, is,8.505650520324707,1.0,0.0002981424331665039,0.61280757188797
20,52792929,10254,10, is,19.305679321289062,1.0,0.00032907724380493164,0.5879978537559509
20,67576104,11604,9, Birmingham,18.031888961791992,1.0,0.00022614002227783203,0.6638731360435486
20,85955695,13090,9, Birmingham,45.90385437011719,1.0,0.000478208065032959,0.5120236873626709
20,85955695,13090,10, is,23.71381950378418,1.0,0.0007000565528869629,0.44496554136276245
20,114829414,15133,10, is,13.024057388305664,1.0,0.0003344416618347168,0.5820320248603821
20,134242284,16364,10, is,8.357173919677734,1.0,0.0002823472023010254,0.6203926205635071
21,-1,21,9, Birmingham,,1.0,0.00020831823348999023,0.6798908114433289
21,-1,21,10, is,,1.0,0.0036250948905944824,0.30072924494743347
21,6902448,3693,10, is,6.024934768676758,1.0,0.00013691186904907227,0.7600023746490479
21,11978043,4872,9, Birmingham,16.476152420043945,1.0,0.00012671947479248047,0.7761974930763245
21,11978043,4872,10, is,22.677227020263672,1.0,0.0007338225841522217,0.43640467524528503
21,14175128,5302,10, is,10.390380859375,1.0,0.00021851062774658203,0.6698665022850037
21,16991513,5807,10, is,13.509356498718262,1.0,0.0005327761173248291,0.49049270153045654
21,17793573,5943,10, is,51.84634780883789,1.0,0.004454463720321655,0.2845692038536072
21,53649239,10336,10, is,20.186473846435547,1.0,0.0006796419620513916,0.45049384236335754
21,69696699,11784,10, is,14.993368148803711,1.0,0.00042504072189331055,0.5366808772087097
21,90431054,13426,10, is,8.46434497833252,1.0,0.000456392765045166,0.5213553309440613
21,112462481,14975,10, is,18.29553985595703,1.0,0.0011890828609466553,0.37068504095077515
21,118402944,15366,10, is,17.195945739746094,1.0,0.0002816319465637207,0.6209564805030823
22,-1,22,9, Birmingham,,1.0,0.00020813941955566406,0.6803072690963745
22,-1,22,10, is,,1.0,0.003081768751144409,0.3038110136985779
22,1462,31,10, is,19.864620208740234,1.0,0.00043773651123046875,0.5285153388977051
22,6388502,3551,10, is,5.940204620361328,1.0,0.00019043684005737305,0.6973832845687866
22,12612730,4999,10, is,35.69773864746094,1.0,0.002215087413787842,0.3229449689388275
22,19515605,6224,10, is,11.236574172973633,1.0,0.0004833340644836426,0.5086562633514404
22,23321012,6806,10, is,10.15002155303955,1.0,0.0004112720489501953,0.5417170524597168
22,27191602,7351,10, is,32.7547607421875,1.0,0.0006791353225708008,0.45117297768592834
22,30050605,7729,10, is,23.07997703552246,1.0,0.0005459487438201904,0.4867120385169983
22,63208123,11220,10, is,26.983718872070312,1.0,0.0005767643451690674,0.4766286015510559
22,93058880,13619,10, is,17.416889190673828,1.0,0.0002516508102416992,0.641677975654602
22,114890038,15135,10, is,12.37141227722168,1.0,0.00047534704208374023,0.5144071578979492
23,-1,23,10, is,,1.0,0.003748953342437744,0.297104150056839
23,2480854,2203,10, is,15.400278091430664,1.0,0.0004184246063232422,0.5400580763816833
23,4619256,3015,10, is,17.865612030029297,1.0,0.0006735026836395264,0.4525214731693268
23,9144202,4252,10, is,8.263891220092773,1.0,0.00017058849334716797,0.7176939845085144
23,17166846,5835,10, is,7.8921003341674805,1.0,0.00023698806762695312,0.6541489958763123
23,19000506,6140,10, is,9.26567268371582,1.0,0.00015312433242797852,0.7375836968421936
23,20113629,6318,10, is,6.395269393920898,1.0,0.0002785921096801758,0.6231935024261475
23,22054737,6617,10, is,8.519762992858887,1.0,0.0010012388229370117,0.3897905945777893
23,27132637,7342,10, is,10.040996551513672,1.0,0.0002892017364501953,0.6183981895446777
23,28990281,7590,10, is,9.014305114746094,1.0,0.00033038854598999023,0.5863513350486755
23,46517811,9621,10, is,10.813127517700195,1.0,0.00020706653594970703,0.6813444495201111
23,48152367,9789,10, is,8.653139114379883,1.0,0.00018095970153808594,0.7066458463668823
23,50757826,10051,10, is,45.3546142578125,1.0,0.0012175142765045166,0.3670886754989624
23,58714842,10812,10, is,8.066791534423828,1.0,0.00021576881408691406,0.6729078888893127
23,67065547,11557,10, is,18.432720184326172,1.0,0.00035011768341064453,0.5714350938796997
23,74645847,12194,10, is,29.171443939208984,1.0,0.0003731846809387207,0.5580894947052002
23,75172167,12237,10, is,32.45386505126953,1.0,0.001053452491760254,0.3826502561569214
23,87351129,13193,10, is,34.668724060058594,1.0,0.001482635736465454,0.35095125436782837
23,92011371,13541,10, is,17.5518798828125,1.0,0.0011003613471984863,0.3751354217529297
23,96028987,13834,10, is,13.910419464111328,1.0,0.0002155900001525879,0.6731234788894653
23,114783952,15127,10, is,12.200584411621094,1.0,0.00021266937255859375,0.6754770874977112
23,133538629,16318,10, is,12.596712112426758,1.0,0.00012475252151489258,0.7790828943252563
23,133604007,16322,10, is,7.534339904785156,1.0,0.00012493133544921875,0.7785834670066833
24,-1,24,9, Birmingham,,1.0,0.00011450052261352539,0.7941223382949829
24,-1,24,10, is,,1.0,0.004386097192764282,0.29335519671440125
24,826230,1260,10, is,7.035900115966797,1.0,0.00012755393981933594,0.7748002409934998
24,2241878,2092,10, is,12.449068069458008,1.0,0.00037938356399536133,0.5543268918991089
24,2275886,2108,10, is,10.902682304382324,1.0,0.00035500526428222656,0.5682653188705444
24,5201900,3200,10, is,8.148327827453613,1.0,0.0003224015235900879,0.5935333371162415
24,7097003,3742,10, is,15.465570449829102,1.0,0.0003986954689025879,0.5465794801712036
24,7567970,3865,10, is,6.3331756591796875,1.0,0.00031679868698120117,0.5999181270599365
24,12512478,4977,10, is,5.864139556884766,1.0,0.0001373887062072754,0.7593166828155518
24,16207946,5668,10, is,35.91378402709961,1.0,0.00045734643936157227,0.5199854373931885
24,18147275,5999,10, is,34.07419967651367,1.0,0.0006934702396392822,0.4484412968158722
24,20604965,6394,10, is,20.01459503173828,1.0,0.0016956627368927002,0.3400100767612457
24,25386350,7100,10, is,8.458477020263672,1.0,0.00014632940292358398,0.7467049360275269
24,33370340,8144,10, is,29.702133178710938,1.0,0.0007773637771606445,0.4259098470211029
24,49526103,9927,10, is,7.893899917602539,1.0,0.00042504072189331055,0.537105917930603
24,72017976,11976,10, is,7.6329803466796875,1.0,0.0005754530429840088,0.4783572852611542
24,88478228,13277,10, is,113.76473236083984,1.0,0.004399895668029785,0.28896909952163696
24,92024936,13541,10, is,13.356598854064941,1.0,0.00032913684844970703,0.587668776512146
24,113078216,15013,10, is,29.431379318237305,1.0,0.0009607374668121338,0.39665767550468445
24,121391546,15556,10, is,6.915180206298828,1.0,0.00013571977615356445,0.7616372108459473
24,122625605,15635,10, is,11.392000198364258,1.0,0.00038820505142211914,0.5501155853271484
25,-1,25,10, is,,1.0,0.0023335516452789307,0.31393271684646606
25,167884,553,10, is,52.005699157714844,1.0,0.0008289813995361328,0.4154338538646698
25,185719,583,10, is,16.399394989013672,1.0,0.0006014406681060791,0.46906164288520813
25,310840,762,10, is,10.386176109313965,1.0,0.0003198385238647461,0.5960977673530579
25,2985320,2417,10, is,10.950963973999023,1.0,0.00014543533325195312,0.7474331259727478
25,3196630,2502,10, is,17.218656539916992,1.0,0.0004773139953613281,0.5129784941673279
25,3681515,2687,10, is,8.734758377075195,1.0,0.00037932395935058594,0.5547062158584595
25,3885052,2761,10, is,11.94645881652832,1.0,0.0005162060260772705,0.4941592514514923
25,5413669,3264,10, is,22.030534744262695,1.0,0.00012445449829101562,0.7797054052352905
25,11070839,4679,10, is,20.686193466186523,1.0,0.0007006525993347168,0.44356513023376465
25,11250370,4717,10, is,36.44712448120117,1.0,0.0006749927997589111,0.45184797048568726
25,12066302,4886,10, is,22.980905532836914,1.0,0.0006661713123321533,0.45520487427711487
25,14501779,5359,10, is,6.84006404876709,1.0,0.00015223026275634766,0.7391099333763123
25,21024344,6458,10, is,8.452653884887695,1.0,0.00020712614059448242,0.6815515756607056
25,35976377,8456,10, is,8.734977722167969,1.0,0.0006984174251556396,0.4456639587879181
25,38373154,8734,10, is,24.119314193725586,1.0,0.0022608935832977295,0.31851163506507874
25,50014975,9975,10, is,48.361236572265625,1.0,0.0007134974002838135,0.44074374437332153
25,51800905,10152,10, is,9.423592567443848,1.0,0.00031507015228271484,0.6021285057067871
25,52076089,10179,10, is,11.58932113647461,1.0,0.00016760826110839844,0.7226009368896484
25,53835850,10350,10, is,11.139078140258789,1.0,0.00023066997528076172,0.6602190136909485
25,72619300,12025,10, is,23.26150131225586,1.0,0.0004646182060241699,0.5172210931777954
25,114723352,15121,10, is,6.702057838439941,1.0,0.00014698505401611328,0.7453846335411072
25,114874877,15131,10, is,10.990506172180176,1.0,0.00036960840225219727,0.5603132843971252
25,130483909,16128,10, is,9.361220359802246,1.0,0.00029593706130981445,0.6151816844940186
25,133309930,16302,10, is,35.83714294433594,1.0,0.0010052025318145752,0.3887893557548523
25,133702102,16326,10, is,10.873974800109863,1.0,0.0003325343132019043,0.5836997032165527
27,476,476,10, is,,1.0,,
27,573,573,10, is,,1.0,,
27,780,780,10, is,,1.0,,
27,3151,3151,10, is,,1.0,,
27,7600,7600,10, is,,1.0,,
27,27192,27192,10, is,,1.0,,
27,27871,27871,10, is,,1.0,,
27,35608,35608,10, is,,1.0,,
27,235248,235248,10, is,,1.0,,
